id,ref_number,v2_precinct_id_before,v2_precinct_id_after,evidence
109930,Inner_West_Ashfield_DCP_2016__chapter_d_precinct_guidelines__D1 O1,,Part 1,text located uniquely in source Part pages (ashfield_chapter_d.pdf v1.1-2026-03-02)
109932,Inner_West_Ashfield_DCP_2016__chapter_d_precinct_guidelines__D1 O3,,Part 1,text located uniquely in source Part pages (ashfield_chapter_d.pdf v1.1-2026-03-02)
109935,Inner_West_Ashfield_DCP_2016__chapter_d_precinct_guidelines__D1 O6,,Part 1,text located uniquely in source Part pages (ashfield_chapter_d.pdf v1.1-2026-03-02)
109936,Inner_West_Ashfield_DCP_2016__chapter_d_precinct_guidelines__D1 O7,,Part 1,text located uniquely in source Part pages (ashfield_chapter_d.pdf v1.1-2026-03-02)
109938,Inner_West_Ashfield_DCP_2016__chapter_d_precinct_guidelines__D1 O9,,Part 1,text located uniquely in source Part pages (ashfield_chapter_d.pdf v1.1-2026-03-02)
109939,Inner_West_Ashfield_DCP_2016__chapter_d_precinct_guidelines__D1 O10,,Part 1,text located uniquely in source Part pages (ashfield_chapter_d.pdf v1.1-2026-03-02)
109940,Inner_West_Ashfield_DCP_2016__chapter_d_precinct_guidelines__D1 O11,,Part 1,text located uniquely in source Part pages (ashfield_chapter_d.pdf v1.1-2026-03-02)
109941,Inner_West_Ashfield_DCP_2016__chapter_d_precinct_guidelines__D1 O12,,Part 1,text located uniquely in source Part pages (ashfield_chapter_d.pdf v1.1-2026-03-02)
109942,Inner_West_Ashfield_DCP_2016__chapter_d_precinct_guidelines__D1 O13,,Part 1,text located uniquely in source Part pages (ashfield_chapter_d.pdf v1.1-2026-03-02)
109943,Inner_West_Ashfield_DCP_2016__chapter_d_precinct_guidelines__D1 C1,,Part 1,text located uniquely in source Part pages (ashfield_chapter_d.pdf v1.1-2026-03-02)
109950,Inner_West_Ashfield_DCP_2016__chapter_d_precinct_guidelines__D1 PC1,,Part 1,text located uniquely in source Part pages (ashfield_chapter_d.pdf v1.1-2026-03-02)
109951,Inner_West_Ashfield_DCP_2016__chapter_d_precinct_guidelines__D1 PC2,,Part 1,text located uniquely in source Part pages (ashfield_chapter_d.pdf v1.1-2026-03-02)
109952,Inner_West_Ashfield_DCP_2016__chapter_d_precinct_guidelines__D1 PC3_1,,Part 1,text located uniquely in source Part pages (ashfield_chapter_d.pdf v1.1-2026-03-02)
109953,Inner_West_Ashfield_DCP_2016__chapter_d_precinct_guidelines__D1 PC3_2,,Part 1,text located uniquely in source Part pages (ashfield_chapter_d.pdf v1.1-2026-03-02)
109954,Inner_West_Ashfield_DCP_2016__chapter_d_precinct_guidelines__D1 DS1_1,,Part 1,text located uniquely in source Part pages (ashfield_chapter_d.pdf v1.1-2026-03-02)
109958,Inner_West_Ashfield_DCP_2016__chapter_d_precinct_guidelines__D1 DS1_5,,Part 1,text located uniquely in source Part pages (ashfield_chapter_d.pdf v1.1-2026-03-02)
109961,Inner_West_Ashfield_DCP_2016__chapter_d_precinct_guidelines__D1 DS1_8,,Part 1,text located uniquely in source Part pages (ashfield_chapter_d.pdf v1.1-2026-03-02)
109962,Inner_West_Ashfield_DCP_2016__chapter_d_precinct_guidelines__D1 DS1_9,,Part 1,text located uniquely in source Part pages (ashfield_chapter_d.pdf v1.1-2026-03-02)
109966,Inner_West_Ashfield_DCP_2016__chapter_d_precinct_guidelines__D1 DS2_4,,Part 1,text located uniquely in source Part pages (ashfield_chapter_d.pdf v1.1-2026-03-02)
109967,Inner_West_Ashfield_DCP_2016__chapter_d_precinct_guidelines__D1 DS2_5,,Part 1,text located uniquely in source Part pages (ashfield_chapter_d.pdf v1.1-2026-03-02)
109968,Inner_West_Ashfield_DCP_2016__chapter_d_precinct_guidelines__D1 DS2_6,,Part 1,text located uniquely in source Part pages (ashfield_chapter_d.pdf v1.1-2026-03-02)
109974,Inner_West_Ashfield_DCP_2016__chapter_d_precinct_guidelines__D1 DS3_1,,Part 1,text located uniquely in source Part pages (ashfield_chapter_d.pdf v1.1-2026-03-02)
109975,Inner_West_Ashfield_DCP_2016__chapter_d_precinct_guidelines__D1 DS3_2,,Part 1,text located uniquely in source Part pages (ashfield_chapter_d.pdf v1.1-2026-03-02)
109976,Inner_West_Ashfield_DCP_2016__chapter_d_precinct_guidelines__D1 DS3_3,,Part 1,text located uniquely in source Part pages (ashfield_chapter_d.pdf v1.1-2026-03-02)
109977,Inner_West_Ashfield_DCP_2016__chapter_d_precinct_guidelines__D1 DS3_4,,Part 1,text located uniquely in source Part pages (ashfield_chapter_d.pdf v1.1-2026-03-02)
109978,Inner_West_Ashfield_DCP_2016__chapter_d_precinct_guidelines__DS3_4,,Part 1,text located uniquely in source Part pages (ashfield_chapter_d.pdf v1.1-2026-03-02)
109980,Inner_West_Ashfield_DCP_2016__chapter_d_precinct_guidelines__DS3_6,,Part 1,text located uniquely in source Part pages (ashfield_chapter_d.pdf v1.1-2026-03-02)
109981,Inner_West_Ashfield_DCP_2016__chapter_d_precinct_guidelines__DS3_7,,Part 1,text located uniquely in source Part pages (ashfield_chapter_d.pdf v1.1-2026-03-02)
109982,Inner_West_Ashfield_DCP_2016__chapter_d_precinct_guidelines__DS3_8,,Part 1,text located uniquely in source Part pages (ashfield_chapter_d.pdf v1.1-2026-03-02)
109984,Inner_West_Ashfield_DCP_2016__chapter_d_precinct_guidelines__DS3_10,,Part 1,text located uniquely in source Part pages (ashfield_chapter_d.pdf v1.1-2026-03-02)
109986,Inner_West_Ashfield_DCP_2016__chapter_d_precinct_guidelines__DS4_1,,Part 1,text located uniquely in source Part pages (ashfield_chapter_d.pdf v1.1-2026-03-02)
109988,Inner_West_Ashfield_DCP_2016__chapter_d_precinct_guidelines__DS4_3,,Part 1,text located uniquely in source Part pages (ashfield_chapter_d.pdf v1.1-2026-03-02)
109990,Inner_West_Ashfield_DCP_2016__chapter_d_precinct_guidelines__DS4_5,,Part 1,text located uniquely in source Part pages (ashfield_chapter_d.pdf v1.1-2026-03-02)
109991,Inner_West_Ashfield_DCP_2016__chapter_d_precinct_guidelines__DS4_6,,Part 1,text located uniquely in source Part pages (ashfield_chapter_d.pdf v1.1-2026-03-02)
109993,Inner_West_Ashfield_DCP_2016__chapter_d_precinct_guidelines__DS4_8,,Part 1,text located uniquely in source Part pages (ashfield_chapter_d.pdf v1.1-2026-03-02)
109996,Inner_West_Ashfield_DCP_2016__chapter_d_precinct_guidelines__PC5_1,,Part 1,text located uniquely in source Part pages (ashfield_chapter_d.pdf v1.1-2026-03-02)
109997,Inner_West_Ashfield_DCP_2016__chapter_d_precinct_guidelines__DS5_1,,Part 1,text located uniquely in source Part pages (ashfield_chapter_d.pdf v1.1-2026-03-02)
109998,Inner_West_Ashfield_DCP_2016__chapter_d_precinct_guidelines__PC5_2,,Part 1,text located uniquely in source Part pages (ashfield_chapter_d.pdf v1.1-2026-03-02)
109999,Inner_West_Ashfield_DCP_2016__chapter_d_precinct_guidelines__DS5_2,,Part 1,text located uniquely in source Part pages (ashfield_chapter_d.pdf v1.1-2026-03-02)
110000,Inner_West_Ashfield_DCP_2016__chapter_d_precinct_guidelines__DS5_3,,Part 1,text located uniquely in source Part pages (ashfield_chapter_d.pdf v1.1-2026-03-02)
110001,Inner_West_Ashfield_DCP_2016__chapter_d_precinct_guidelines__DS5_4,,Part 1,text located uniquely in source Part pages (ashfield_chapter_d.pdf v1.1-2026-03-02)
110002,Inner_West_Ashfield_DCP_2016__chapter_d_precinct_guidelines__DS5_5,,Part 1,text located uniquely in source Part pages (ashfield_chapter_d.pdf v1.1-2026-03-02)
110003,Inner_West_Ashfield_DCP_2016__chapter_d_precinct_guidelines__DS5_6,,Part 1,text located uniquely in source Part pages (ashfield_chapter_d.pdf v1.1-2026-03-02)
110004,Inner_West_Ashfield_DCP_2016__chapter_d_precinct_guidelines__DS5_7,,Part 1,text located uniquely in source Part pages (ashfield_chapter_d.pdf v1.1-2026-03-02)
110006,Inner_West_Ashfield_DCP_2016__chapter_d_precinct_guidelines__DS6_1,,Part 1,text located uniquely in source Part pages (ashfield_chapter_d.pdf v1.1-2026-03-02)
110007,Inner_West_Ashfield_DCP_2016__chapter_d_precinct_guidelines__PC6_2,,Part 1,text located uniquely in source Part pages (ashfield_chapter_d.pdf v1.1-2026-03-02)
110009,Inner_West_Ashfield_DCP_2016__chapter_d_precinct_guidelines__DS6_3,,Part 1,text located uniquely in source Part pages (ashfield_chapter_d.pdf v1.1-2026-03-02)
110012,Inner_West_Ashfield_DCP_2016__chapter_d_precinct_guidelines__DS7_2,,Part 1,text located uniquely in source Part pages (ashfield_chapter_d.pdf v1.1-2026-03-02)
110016,Inner_West_Ashfield_DCP_2016__chapter_d_precinct_guidelines__DS7_6,,Part 1,text located uniquely in source Part pages (ashfield_chapter_d.pdf v1.1-2026-03-02)
110017,Inner_West_Ashfield_DCP_2016__chapter_d_precinct_guidelines__PC7_2,,Part 1,text located uniquely in source Part pages (ashfield_chapter_d.pdf v1.1-2026-03-02)
110019,Inner_West_Ashfield_DCP_2016__chapter_d_precinct_guidelines__DS7_8,,Part 1,text located uniquely in source Part pages (ashfield_chapter_d.pdf v1.1-2026-03-02)
110020,Inner_West_Ashfield_DCP_2016__chapter_d_precinct_guidelines__DS7_9,,Part 1,text located uniquely in source Part pages (ashfield_chapter_d.pdf v1.1-2026-03-02)
110022,Inner_West_Ashfield_DCP_2016__chapter_d_precinct_guidelines__DS7_11,,Part 1,text located uniquely in source Part pages (ashfield_chapter_d.pdf v1.1-2026-03-02)
110023,Inner_West_Ashfield_DCP_2016__chapter_d_precinct_guidelines__C4_9 PC8,,Part 1,text located uniquely in source Part pages (ashfield_chapter_d.pdf v1.1-2026-03-02)
110024,Inner_West_Ashfield_DCP_2016__chapter_d_precinct_guidelines__C4_9 DS8_1,,Part 1,text located uniquely in source Part pages (ashfield_chapter_d.pdf v1.1-2026-03-02)
110029,Inner_West_Ashfield_DCP_2016__chapter_d_precinct_guidelines__C4_9 DS8_6,,Part 1,text located uniquely in source Part pages (ashfield_chapter_d.pdf v1.1-2026-03-02)
110030,Inner_West_Ashfield_DCP_2016__chapter_d_precinct_guidelines__C4_9 DS8_7,,Part 1,text located uniquely in source Part pages (ashfield_chapter_d.pdf v1.1-2026-03-02)
110032,Inner_West_Ashfield_DCP_2016__chapter_d_precinct_guidelines__C4_9 DS8_9,,Part 1,text located uniquely in source Part pages (ashfield_chapter_d.pdf v1.1-2026-03-02)
110033,Inner_West_Ashfield_DCP_2016__chapter_d_precinct_guidelines__C4_9 DS8_10,,Part 1,text located uniquely in source Part pages (ashfield_chapter_d.pdf v1.1-2026-03-02)
110034,Inner_West_Ashfield_DCP_2016__chapter_d_precinct_guidelines__C4_9 DS8_11,,Part 1,text located uniquely in source Part pages (ashfield_chapter_d.pdf v1.1-2026-03-02)
110035,Inner_West_Ashfield_DCP_2016__chapter_d_precinct_guidelines__C4_9 PC9_1,,Part 1,text located uniquely in source Part pages (ashfield_chapter_d.pdf v1.1-2026-03-02)
110036,Inner_West_Ashfield_DCP_2016__chapter_d_precinct_guidelines__C4_9 DS9_1,,Part 1,text located uniquely in source Part pages (ashfield_chapter_d.pdf v1.1-2026-03-02)
110037,Inner_West_Ashfield_DCP_2016__chapter_d_precinct_guidelines__C4_9 PC9_2,,Part 1,text located uniquely in source Part pages (ashfield_chapter_d.pdf v1.1-2026-03-02)
110038,Inner_West_Ashfield_DCP_2016__chapter_d_precinct_guidelines__C4_9 DS9_2,,Part 1,text located uniquely in source Part pages (ashfield_chapter_d.pdf v1.1-2026-03-02)
110041,Inner_West_Ashfield_DCP_2016__chapter_d_precinct_guidelines__C4_9 DS9_4,,Part 1,text located uniquely in source Part pages (ashfield_chapter_d.pdf v1.1-2026-03-02)
110042,Inner_West_Ashfield_DCP_2016__chapter_d_precinct_guidelines__C4_9 DS9_5,,Part 1,text located uniquely in source Part pages (ashfield_chapter_d.pdf v1.1-2026-03-02)
110045,Inner_West_Ashfield_DCP_2016__chapter_d_precinct_guidelines__C4_9 PC10_1,,Part 1,text located uniquely in source Part pages (ashfield_chapter_d.pdf v1.1-2026-03-02)
110046,Inner_West_Ashfield_DCP_2016__chapter_d_precinct_guidelines__C4_9 DS10_1,,Part 1,text located uniquely in source Part pages (ashfield_chapter_d.pdf v1.1-2026-03-02)
110047,Inner_West_Ashfield_DCP_2016__chapter_d_precinct_guidelines__C4_9 PC10_2,,Part 1,text located uniquely in source Part pages (ashfield_chapter_d.pdf v1.1-2026-03-02)
110048,Inner_West_Ashfield_DCP_2016__chapter_d_precinct_guidelines__C4_9 DS10_2,,Part 1,text located uniquely in source Part pages (ashfield_chapter_d.pdf v1.1-2026-03-02)
110049,Inner_West_Ashfield_DCP_2016__chapter_d_precinct_guidelines__C4_9 DS10_3,,Part 1,text located uniquely in source Part pages (ashfield_chapter_d.pdf v1.1-2026-03-02)
110050,Inner_West_Ashfield_DCP_2016__chapter_d_precinct_guidelines__C4_9 PC11,,Part 1,text located uniquely in source Part pages (ashfield_chapter_d.pdf v1.1-2026-03-02)
110051,Inner_West_Ashfield_DCP_2016__chapter_d_precinct_guidelines__C4_9 DS11_1,,Part 1,text located uniquely in source Part pages (ashfield_chapter_d.pdf v1.1-2026-03-02)
110052,Inner_West_Ashfield_DCP_2016__chapter_d_precinct_guidelines__C4_9 DS11_2,,Part 1,text located uniquely in source Part pages (ashfield_chapter_d.pdf v1.1-2026-03-02)
110053,Inner_West_Ashfield_DCP_2016__chapter_d_precinct_guidelines__C4_9 DS11_3,,Part 1,text located uniquely in source Part pages (ashfield_chapter_d.pdf v1.1-2026-03-02)
110054,Inner_West_Ashfield_DCP_2016__chapter_d_precinct_guidelines__C4_9 DS11_4,,Part 1,text located uniquely in source Part pages (ashfield_chapter_d.pdf v1.1-2026-03-02)
110055,Inner_West_Ashfield_DCP_2016__chapter_d_precinct_guidelines__C4_9 DS11_5,,Part 1,text located uniquely in source Part pages (ashfield_chapter_d.pdf v1.1-2026-03-02)
110056,Inner_West_Ashfield_DCP_2016__chapter_d_precinct_guidelines__C4_9 DS11_6,,Part 1,text located uniquely in source Part pages (ashfield_chapter_d.pdf v1.1-2026-03-02)
110057,Inner_West_Ashfield_DCP_2016__chapter_d_precinct_guidelines__C4_9 DS11_7,,Part 1,text located uniquely in source Part pages (ashfield_chapter_d.pdf v1.1-2026-03-02)
110058,Inner_West_Ashfield_DCP_2016__chapter_d_precinct_guidelines__C4_9 DS11_8,,Part 1,text located uniquely in source Part pages (ashfield_chapter_d.pdf v1.1-2026-03-02)
110059,Inner_West_Ashfield_DCP_2016__chapter_d_precinct_guidelines__C4_9 DS11_9,,Part 1,text located uniquely in source Part pages (ashfield_chapter_d.pdf v1.1-2026-03-02)
110060,Inner_West_Ashfield_DCP_2016__chapter_d_precinct_guidelines__C4_9 DS11_10,,Part 1,text located uniquely in source Part pages (ashfield_chapter_d.pdf v1.1-2026-03-02)
110061,Inner_West_Ashfield_DCP_2016__chapter_d_precinct_guidelines__C4_9 DS11_11,,Part 1,text located uniquely in source Part pages (ashfield_chapter_d.pdf v1.1-2026-03-02)
110062,Inner_West_Ashfield_DCP_2016__chapter_d_precinct_guidelines__C4_9 DS11_12,,Part 1,text located uniquely in source Part pages (ashfield_chapter_d.pdf v1.1-2026-03-02)
110063,Inner_West_Ashfield_DCP_2016__chapter_d_precinct_guidelines__C4_9 DS11_13,,Part 1,text located uniquely in source Part pages (ashfield_chapter_d.pdf v1.1-2026-03-02)
110064,Inner_West_Ashfield_DCP_2016__chapter_d_precinct_guidelines__C4_9 DS11_14,,Part 1,text located uniquely in source Part pages (ashfield_chapter_d.pdf v1.1-2026-03-02)
110065,Inner_West_Ashfield_DCP_2016__chapter_d_precinct_guidelines__C4_9 PC12,,Part 1,text located uniquely in source Part pages (ashfield_chapter_d.pdf v1.1-2026-03-02)
110066,Inner_West_Ashfield_DCP_2016__chapter_d_precinct_guidelines__C4_9 DS12_1,,Part 1,text located uniquely in source Part pages (ashfield_chapter_d.pdf v1.1-2026-03-02)
110067,Inner_West_Ashfield_DCP_2016__chapter_d_precinct_guidelines__C4_9 DS12_2,,Part 1,text located uniquely in source Part pages (ashfield_chapter_d.pdf v1.1-2026-03-02)
110068,Inner_West_Ashfield_DCP_2016__chapter_d_precinct_guidelines__C4_9 DS12_3,,Part 1,text located uniquely in source Part pages (ashfield_chapter_d.pdf v1.1-2026-03-02)
110069,Inner_West_Ashfield_DCP_2016__chapter_d_precinct_guidelines__C4_9 DS12_4,,Part 1,text located uniquely in source Part pages (ashfield_chapter_d.pdf v1.1-2026-03-02)
110070,Inner_West_Ashfield_DCP_2016__chapter_d_precinct_guidelines__C4_9 DS12_5,,Part 1,text located uniquely in source Part pages (ashfield_chapter_d.pdf v1.1-2026-03-02)
110071,Inner_West_Ashfield_DCP_2016__chapter_d_precinct_guidelines__C4_9 DS12_6,,Part 1,text located uniquely in source Part pages (ashfield_chapter_d.pdf v1.1-2026-03-02)
110072,Inner_West_Ashfield_DCP_2016__chapter_d_precinct_guidelines__DS12_7,,Part 1,text located uniquely in source Part pages (ashfield_chapter_d.pdf v1.1-2026-03-02)
110073,Inner_West_Ashfield_DCP_2016__chapter_d_precinct_guidelines__DS12_8,,Part 1,text located uniquely in source Part pages (ashfield_chapter_d.pdf v1.1-2026-03-02)
110074,Inner_West_Ashfield_DCP_2016__chapter_d_precinct_guidelines__DS12_9,,Part 1,text located uniquely in source Part pages (ashfield_chapter_d.pdf v1.1-2026-03-02)
110075,Inner_West_Ashfield_DCP_2016__chapter_d_precinct_guidelines__DS12_10,,Part 1,text located uniquely in source Part pages (ashfield_chapter_d.pdf v1.1-2026-03-02)
110076,Inner_West_Ashfield_DCP_2016__chapter_d_precinct_guidelines__DS12_11,,Part 1,text located uniquely in source Part pages (ashfield_chapter_d.pdf v1.1-2026-03-02)
110077,Inner_West_Ashfield_DCP_2016__chapter_d_precinct_guidelines__PC13,,Part 1,text located uniquely in source Part pages (ashfield_chapter_d.pdf v1.1-2026-03-02)
110078,Inner_West_Ashfield_DCP_2016__chapter_d_precinct_guidelines__DS13_1,,Part 1,text located uniquely in source Part pages (ashfield_chapter_d.pdf v1.1-2026-03-02)
110079,Inner_West_Ashfield_DCP_2016__chapter_d_precinct_guidelines__DS13_2,,Part 1,text located uniquely in source Part pages (ashfield_chapter_d.pdf v1.1-2026-03-02)
110080,Inner_West_Ashfield_DCP_2016__chapter_d_precinct_guidelines__DS13_3,,Part 1,text located uniquely in source Part pages (ashfield_chapter_d.pdf v1.1-2026-03-02)
110081,Inner_West_Ashfield_DCP_2016__chapter_d_precinct_guidelines__DS13_4,,Part 1,text located uniquely in source Part pages (ashfield_chapter_d.pdf v1.1-2026-03-02)
110082,Inner_West_Ashfield_DCP_2016__chapter_d_precinct_guidelines__PC14,,Part 1,text located uniquely in source Part pages (ashfield_chapter_d.pdf v1.1-2026-03-02)
110083,Inner_West_Ashfield_DCP_2016__chapter_d_precinct_guidelines__DS14_1,,Part 1,text located uniquely in source Part pages (ashfield_chapter_d.pdf v1.1-2026-03-02)
110084,Inner_West_Ashfield_DCP_2016__chapter_d_precinct_guidelines__DS14_2,,Part 1,text located uniquely in source Part pages (ashfield_chapter_d.pdf v1.1-2026-03-02)
110085,Inner_West_Ashfield_DCP_2016__chapter_d_precinct_guidelines__PC15,,Part 1,text located uniquely in source Part pages (ashfield_chapter_d.pdf v1.1-2026-03-02)
110086,Inner_West_Ashfield_DCP_2016__chapter_d_precinct_guidelines__DS15_1,,Part 1,text located uniquely in source Part pages (ashfield_chapter_d.pdf v1.1-2026-03-02)
110093,Inner_West_Ashfield_DCP_2016__chapter_d_precinct_guidelines__DS1_6,,Part 2,text located uniquely in source Part pages (ashfield_chapter_d.pdf v1.1-2026-03-02)
110095,Inner_West_Ashfield_DCP_2016__chapter_d_precinct_guidelines__DS1_8,,Part 2,text located uniquely in source Part pages (ashfield_chapter_d.pdf v1.1-2026-03-02)
110096,Inner_West_Ashfield_DCP_2016__chapter_d_precinct_guidelines__PC2,,Part 2,text located uniquely in source Part pages (ashfield_chapter_d.pdf v1.1-2026-03-02)
110097,Inner_West_Ashfield_DCP_2016__chapter_d_precinct_guidelines__PC3,,Part 2,text located uniquely in source Part pages (ashfield_chapter_d.pdf v1.1-2026-03-02)
110098,Inner_West_Ashfield_DCP_2016__chapter_d_precinct_guidelines__DS3_1,,Part 2,text located uniquely in source Part pages (ashfield_chapter_d.pdf v1.1-2026-03-02)
110102,Inner_West_Ashfield_DCP_2016__chapter_d_precinct_guidelines__C4_9 DS4_1,,Part 2,text located uniquely in source Part pages (ashfield_chapter_d.pdf v1.1-2026-03-02)
110103,Inner_West_Ashfield_DCP_2016__chapter_d_precinct_guidelines__C4_9 DS4_2,,Part 2,text located uniquely in source Part pages (ashfield_chapter_d.pdf v1.1-2026-03-02)
110104,Inner_West_Ashfield_DCP_2016__chapter_d_precinct_guidelines__C4_9 DS4_3,,Part 2,text located uniquely in source Part pages (ashfield_chapter_d.pdf v1.1-2026-03-02)
110106,Inner_West_Ashfield_DCP_2016__chapter_d_precinct_guidelines__C4_9 DS4_5,,Part 2,text located uniquely in source Part pages (ashfield_chapter_d.pdf v1.1-2026-03-02)
110115,Inner_West_Ashfield_DCP_2016__chapter_d_precinct_guidelines__C4_9 DS6_3,,Part 2,text located uniquely in source Part pages (ashfield_chapter_d.pdf v1.1-2026-03-02)
110117,Inner_West_Ashfield_DCP_2016__chapter_d_precinct_guidelines__C4_9 DS6_5,,Part 2,text located uniquely in source Part pages (ashfield_chapter_d.pdf v1.1-2026-03-02)
110119,Inner_West_Ashfield_DCP_2016__chapter_d_precinct_guidelines__C4_9 DS6_7,,Part 2,text located uniquely in source Part pages (ashfield_chapter_d.pdf v1.1-2026-03-02)
110120,Inner_West_Ashfield_DCP_2016__chapter_d_precinct_guidelines__C4_9 DS6_8,,Part 2,text located uniquely in source Part pages (ashfield_chapter_d.pdf v1.1-2026-03-02)
110125,Inner_West_Ashfield_DCP_2016__chapter_d_precinct_guidelines__C4_9 PC10,,Part 2,text located uniquely in source Part pages (ashfield_chapter_d.pdf v1.1-2026-03-02)
110126,Inner_West_Ashfield_DCP_2016__chapter_d_precinct_guidelines__C4_9 DS10_4,,Part 2,text located uniquely in source Part pages (ashfield_chapter_d.pdf v1.1-2026-03-02)
110128,Inner_West_Ashfield_DCP_2016__chapter_d_precinct_guidelines__C4_9 DS10_6,,Part 2,text located uniquely in source Part pages (ashfield_chapter_d.pdf v1.1-2026-03-02)
110129,Inner_West_Ashfield_DCP_2016__chapter_d_precinct_guidelines__C4_9 DS10_7,,Part 2,text located uniquely in source Part pages (ashfield_chapter_d.pdf v1.1-2026-03-02)
110136,Inner_West_Ashfield_DCP_2016__chapter_d_precinct_guidelines__DS1_15,,Part 3,text located uniquely in source Part pages (ashfield_chapter_d.pdf v1.1-2026-03-02)
110137,Inner_West_Ashfield_DCP_2016__chapter_d_precinct_guidelines__DS1_16,,Part 3,text located uniquely in source Part pages (ashfield_chapter_d.pdf v1.1-2026-03-02)
110139,Inner_West_Ashfield_DCP_2016__chapter_d_precinct_guidelines__PC2_1,,Part 3,text located uniquely in source Part pages (ashfield_chapter_d.pdf v1.1-2026-03-02)
110141,Inner_West_Ashfield_DCP_2016__chapter_d_precinct_guidelines__DS2_2,,Part 3,text located uniquely in source Part pages (ashfield_chapter_d.pdf v1.1-2026-03-02)
110144,Inner_West_Ashfield_DCP_2016__chapter_d_precinct_guidelines__DS2_5,,Part 3,text located uniquely in source Part pages (ashfield_chapter_d.pdf v1.1-2026-03-02)
110146,Inner_West_Ashfield_DCP_2016__chapter_d_precinct_guidelines__DS3_11,,Part 3,text located uniquely in source Part pages (ashfield_chapter_d.pdf v1.1-2026-03-02)
110147,Inner_West_Ashfield_DCP_2016__chapter_d_precinct_guidelines__DS4_10,,Part 3,text located uniquely in source Part pages (ashfield_chapter_d.pdf v1.1-2026-03-02)
110148,Inner_West_Ashfield_DCP_2016__chapter_d_precinct_guidelines__DS4_11,,Part 3,text located uniquely in source Part pages (ashfield_chapter_d.pdf v1.1-2026-03-02)
110152,Inner_West_Ashfield_DCP_2016__chapter_d_precinct_guidelines__DS5_10,,Part 3,text located uniquely in source Part pages (ashfield_chapter_d.pdf v1.1-2026-03-02)
110175,Inner_West_Ashfield_DCP_2016__chapter_d_precinct_guidelines__DS11_1,,Part 3,text located uniquely in source Part pages (ashfield_chapter_d.pdf v1.1-2026-03-02)
110176,Inner_West_Ashfield_DCP_2016__chapter_d_precinct_guidelines__DS11_2,,Part 3,text located uniquely in source Part pages (ashfield_chapter_d.pdf v1.1-2026-03-02)
110179,Inner_West_Ashfield_DCP_2016__chapter_d_precinct_guidelines__DS11_4,,Part 3,text located uniquely in source Part pages (ashfield_chapter_d.pdf v1.1-2026-03-02)
110180,Inner_West_Ashfield_DCP_2016__chapter_d_precinct_guidelines__DS11_5,,Part 3,text located uniquely in source Part pages (ashfield_chapter_d.pdf v1.1-2026-03-02)
110182,Inner_West_Ashfield_DCP_2016__chapter_d_precinct_guidelines__PC11_3,,Part 3,text located uniquely in source Part pages (ashfield_chapter_d.pdf v1.1-2026-03-02)
110184,Inner_West_Ashfield_DCP_2016__chapter_d_precinct_guidelines__PC12_1,,Part 3,text located uniquely in source Part pages (ashfield_chapter_d.pdf v1.1-2026-03-02)
110185,Inner_West_Ashfield_DCP_2016__chapter_d_precinct_guidelines__DS12_1,,Part 3,text located uniquely in source Part pages (ashfield_chapter_d.pdf v1.1-2026-03-02)
110186,Inner_West_Ashfield_DCP_2016__chapter_d_precinct_guidelines__PC12_2,,Part 3,text located uniquely in source Part pages (ashfield_chapter_d.pdf v1.1-2026-03-02)
110187,Inner_West_Ashfield_DCP_2016__chapter_d_precinct_guidelines__DS12_2,,Part 3,text located uniquely in source Part pages (ashfield_chapter_d.pdf v1.1-2026-03-02)
110188,Inner_West_Ashfield_DCP_2016__chapter_d_precinct_guidelines__DS12_3,,Part 3,text located uniquely in source Part pages (ashfield_chapter_d.pdf v1.1-2026-03-02)
110189,Inner_West_Ashfield_DCP_2016__chapter_d_precinct_guidelines__DS13_5,,Part 3,text located uniquely in source Part pages (ashfield_chapter_d.pdf v1.1-2026-03-02)
110190,Inner_West_Ashfield_DCP_2016__chapter_d_precinct_guidelines__DS13_6,,Part 3,text located uniquely in source Part pages (ashfield_chapter_d.pdf v1.1-2026-03-02)
110192,Inner_West_Ashfield_DCP_2016__chapter_d_precinct_guidelines__C4_9 Purpose 2,,Part 4,text located uniquely in source Part pages (ashfield_chapter_d.pdf v1.1-2026-03-02)
110193,Inner_West_Ashfield_DCP_2016__chapter_d_precinct_guidelines__C4_9 Purpose 3,,Part 4,text located uniquely in source Part pages (ashfield_chapter_d.pdf v1.1-2026-03-02)
110194,Inner_West_Ashfield_DCP_2016__chapter_d_precinct_guidelines__C4_9 Purpose 4,,Part 4,text located uniquely in source Part pages (ashfield_chapter_d.pdf v1.1-2026-03-02)
110195,Inner_West_Ashfield_DCP_2016__chapter_d_precinct_guidelines__C4_9 Purpose 5,,Part 4,text located uniquely in source Part pages (ashfield_chapter_d.pdf v1.1-2026-03-02)
110197,Inner_West_Ashfield_DCP_2016__chapter_d_precinct_guidelines__C4_9 Purpose 7,,Part 4,text located uniquely in source Part pages (ashfield_chapter_d.pdf v1.1-2026-03-02)
110198,Inner_West_Ashfield_DCP_2016__chapter_d_precinct_guidelines__C4_9 PC1_1,,Part 4,text located uniquely in source Part pages (ashfield_chapter_d.pdf v1.1-2026-03-02)
110199,Inner_West_Ashfield_DCP_2016__chapter_d_precinct_guidelines__C4_9 DS1_1,,Part 4,text located uniquely in source Part pages (ashfield_chapter_d.pdf v1.1-2026-03-02)
110200,Inner_West_Ashfield_DCP_2016__chapter_d_precinct_guidelines__C4_9 PC1_2,,Part 4,text located uniquely in source Part pages (ashfield_chapter_d.pdf v1.1-2026-03-02)
110202,Inner_West_Ashfield_DCP_2016__chapter_d_precinct_guidelines__C4_9 PC2,,Part 4,text located uniquely in source Part pages (ashfield_chapter_d.pdf v1.1-2026-03-02)
110204,Inner_West_Ashfield_DCP_2016__chapter_d_precinct_guidelines__C4_9 PC3,,Part 4,text located uniquely in source Part pages (ashfield_chapter_d.pdf v1.1-2026-03-02)
110206,Inner_West_Ashfield_DCP_2016__chapter_d_precinct_guidelines__C4_9 DS3_2,,Part 4,text located uniquely in source Part pages (ashfield_chapter_d.pdf v1.1-2026-03-02)
110207,Inner_West_Ashfield_DCP_2016__chapter_d_precinct_guidelines__C4_9 DS4_6,,Part 4,text located uniquely in source Part pages (ashfield_chapter_d.pdf v1.1-2026-03-02)
110208,Inner_West_Ashfield_DCP_2016__chapter_d_precinct_guidelines__C4_9 DS5_5,,Part 4,text located uniquely in source Part pages (ashfield_chapter_d.pdf v1.1-2026-03-02)
110210,Inner_West_Ashfield_DCP_2016__chapter_d_precinct_guidelines__C4_9 DS5_7,,Part 4,text located uniquely in source Part pages (ashfield_chapter_d.pdf v1.1-2026-03-02)
110212,Inner_West_Ashfield_DCP_2016__chapter_d_precinct_guidelines__C4_9 DS1_1 (Heritage),,Part 4,text located uniquely in source Part pages (ashfield_chapter_d.pdf v1.1-2026-03-02)
110213,Inner_West_Ashfield_DCP_2016__chapter_d_precinct_guidelines__C4_9 PC1_2 (Heritage),,Part 4,text located uniquely in source Part pages (ashfield_chapter_d.pdf v1.1-2026-03-02)
110215,Inner_West_Ashfield_DCP_2016__chapter_d_precinct_guidelines__C4_9 PC1_3 (Heritage),,Part 4,text located uniquely in source Part pages (ashfield_chapter_d.pdf v1.1-2026-03-02)
110216,Inner_West_Ashfield_DCP_2016__chapter_d_precinct_guidelines__C4_9 DS1_3 (Heritage),,Part 4,text located uniquely in source Part pages (ashfield_chapter_d.pdf v1.1-2026-03-02)
110217,Inner_West_Ashfield_DCP_2016__chapter_d_precinct_guidelines__C4_9 DS1_4 (Heritage),,Part 4,text located uniquely in source Part pages (ashfield_chapter_d.pdf v1.1-2026-03-02)
110219,Inner_West_Ashfield_DCP_2016__chapter_d_precinct_guidelines__C4_9 DS2 (Heritage),,Part 4,text located uniquely in source Part pages (ashfield_chapter_d.pdf v1.1-2026-03-02)
110221,Inner_West_Ashfield_DCP_2016__chapter_d_precinct_guidelines__C4_9 DS3_1 (Heritage),,Part 4,text located uniquely in source Part pages (ashfield_chapter_d.pdf v1.1-2026-03-02)
110224,Inner_West_Ashfield_DCP_2016__chapter_d_precinct_guidelines__C4_9 DS4_1 (Heritage),,Part 4,text located uniquely in source Part pages (ashfield_chapter_d.pdf v1.1-2026-03-02)
110240,Inner_West_Ashfield_DCP_2016__chapter_d_precinct_guidelines__C4_9 PC7 (Heritage),,Part 4,text located uniquely in source Part pages (ashfield_chapter_d.pdf v1.1-2026-03-02)
110241,Inner_West_Ashfield_DCP_2016__chapter_d_precinct_guidelines__C4_9 DS7_2 (Heritage),,Part 4,text located uniquely in source Part pages (ashfield_chapter_d.pdf v1.1-2026-03-02)
110242,Inner_West_Ashfield_DCP_2016__chapter_d_precinct_guidelines__C4_9 PC8 (Heritage),,Part 4,text located uniquely in source Part pages (ashfield_chapter_d.pdf v1.1-2026-03-02)
110243,Inner_West_Ashfield_DCP_2016__chapter_d_precinct_guidelines__C4_9 DS8_1 (Heritage),,Part 4,text located uniquely in source Part pages (ashfield_chapter_d.pdf v1.1-2026-03-02)
110244,Inner_West_Ashfield_DCP_2016__chapter_d_precinct_guidelines__C4_9 DS8_2 (Heritage),,Part 4,text located uniquely in source Part pages (ashfield_chapter_d.pdf v1.1-2026-03-02)
110245,Inner_West_Ashfield_DCP_2016__chapter_d_precinct_guidelines__C4_9 PC9 (Heritage),,Part 4,text located uniquely in source Part pages (ashfield_chapter_d.pdf v1.1-2026-03-02)
110246,Inner_West_Ashfield_DCP_2016__chapter_d_precinct_guidelines__C4_9 DS10_1 (Heritage),,Part 4,text located uniquely in source Part pages (ashfield_chapter_d.pdf v1.1-2026-03-02)
110247,Inner_West_Ashfield_DCP_2016__chapter_d_precinct_guidelines__C4_9 PC10 (Heritage),,Part 4,text located uniquely in source Part pages (ashfield_chapter_d.pdf v1.1-2026-03-02)
110248,Inner_West_Ashfield_DCP_2016__chapter_d_precinct_guidelines__C4_9 DS10_2 (Heritage),,Part 4,text located uniquely in source Part pages (ashfield_chapter_d.pdf v1.1-2026-03-02)
110249,Inner_West_Ashfield_DCP_2016__chapter_d_precinct_guidelines__C4_9 O1,,Part 5,text located uniquely in source Part pages (ashfield_chapter_d.pdf v1.1-2026-03-02)
110251,Inner_West_Ashfield_DCP_2016__chapter_d_precinct_guidelines__C4_9 O3,,Part 5,text located uniquely in source Part pages (ashfield_chapter_d.pdf v1.1-2026-03-02)
110255,Inner_West_Ashfield_DCP_2016__chapter_d_precinct_guidelines__C1_1 PC1_1,,Part 5,text located uniquely in source Part pages (ashfield_chapter_d.pdf v1.1-2026-03-02)
110262,Inner_West_Ashfield_DCP_2016__chapter_d_precinct_guidelines__C1_1 DS1_4,,Part 5,text located uniquely in source Part pages (ashfield_chapter_d.pdf v1.1-2026-03-02)
110263,Inner_West_Ashfield_DCP_2016__chapter_d_precinct_guidelines__C1_1 DS1_5,,Part 5,text located uniquely in source Part pages (ashfield_chapter_d.pdf v1.1-2026-03-02)
110265,Inner_West_Ashfield_DCP_2016__chapter_d_precinct_guidelines__C1_1 DS3_1,,Part 5,text located uniquely in source Part pages (ashfield_chapter_d.pdf v1.1-2026-03-02)
110267,Inner_West_Ashfield_DCP_2016__chapter_d_precinct_guidelines__C1_1 DS3_3,,Part 5,text located uniquely in source Part pages (ashfield_chapter_d.pdf v1.1-2026-03-02)
110268,Inner_West_Ashfield_DCP_2016__chapter_d_precinct_guidelines__C1_1 DS3_4,,Part 5,text located uniquely in source Part pages (ashfield_chapter_d.pdf v1.1-2026-03-02)
110269,Inner_West_Ashfield_DCP_2016__chapter_d_precinct_guidelines__C1_1 DS3_5,,Part 5,text located uniquely in source Part pages (ashfield_chapter_d.pdf v1.1-2026-03-02)
110272,Inner_West_Ashfield_DCP_2016__chapter_d_precinct_guidelines__C1_1 DS4_2,,Part 5,text located uniquely in source Part pages (ashfield_chapter_d.pdf v1.1-2026-03-02)
110275,Inner_West_Ashfield_DCP_2016__chapter_d_precinct_guidelines__C1_1 PC5_1,,Part 5,text located uniquely in source Part pages (ashfield_chapter_d.pdf v1.1-2026-03-02)
110276,Inner_West_Ashfield_DCP_2016__chapter_d_precinct_guidelines__C1_1 DS5_1,,Part 5,text located uniquely in source Part pages (ashfield_chapter_d.pdf v1.1-2026-03-02)
110277,Inner_West_Ashfield_DCP_2016__chapter_d_precinct_guidelines__C1_1 DS5_2,,Part 5,text located uniquely in source Part pages (ashfield_chapter_d.pdf v1.1-2026-03-02)
110287,Inner_West_Ashfield_DCP_2016__chapter_d_precinct_guidelines__C1_1 DS8_2,,Part 5,text located uniquely in source Part pages (ashfield_chapter_d.pdf v1.1-2026-03-02)
110301,Inner_West_Ashfield_DCP_2016__chapter_d_precinct_guidelines__C4_10 O1,,Part 6,text located uniquely in source Part pages (ashfield_chapter_d.pdf v1.1-2026-03-02)
110302,Inner_West_Ashfield_DCP_2016__chapter_d_precinct_guidelines__C4_10 O2,,Part 6,text located uniquely in source Part pages (ashfield_chapter_d.pdf v1.1-2026-03-02)
110303,Inner_West_Ashfield_DCP_2016__chapter_d_precinct_guidelines__C4_10 O3,,Part 6,text located uniquely in source Part pages (ashfield_chapter_d.pdf v1.1-2026-03-02)
110304,Inner_West_Ashfield_DCP_2016__chapter_d_precinct_guidelines__C4_10 O4,,Part 6,text located uniquely in source Part pages (ashfield_chapter_d.pdf v1.1-2026-03-02)
110305,Inner_West_Ashfield_DCP_2016__chapter_d_precinct_guidelines__C4_10 O5,,Part 6,text located uniquely in source Part pages (ashfield_chapter_d.pdf v1.1-2026-03-02)
110306,Inner_West_Ashfield_DCP_2016__chapter_d_precinct_guidelines__C4_10 O6,,Part 6,text located uniquely in source Part pages (ashfield_chapter_d.pdf v1.1-2026-03-02)
110307,Inner_West_Ashfield_DCP_2016__chapter_d_precinct_guidelines__C4_10 O7,,Part 6,text located uniquely in source Part pages (ashfield_chapter_d.pdf v1.1-2026-03-02)
110308,Inner_West_Ashfield_DCP_2016__chapter_d_precinct_guidelines__C4_10 O8,,Part 6,text located uniquely in source Part pages (ashfield_chapter_d.pdf v1.1-2026-03-02)
110309,Inner_West_Ashfield_DCP_2016__chapter_d_precinct_guidelines__C4_10 O9,,Part 6,text located uniquely in source Part pages (ashfield_chapter_d.pdf v1.1-2026-03-02)
110311,Inner_West_Ashfield_DCP_2016__chapter_d_precinct_guidelines__C4_11 DS1_1,,Part 5,text located uniquely in source Part pages (ashfield_chapter_d.pdf v1.1-2026-03-02)
110318,Inner_West_Ashfield_DCP_2016__chapter_d_precinct_guidelines__C4_11 DS4_1,,Part 5,text located uniquely in source Part pages (ashfield_chapter_d.pdf v1.1-2026-03-02)
110332,Inner_West_Ashfield_DCP_2016__chapter_d_precinct_guidelines__C4_11 O1,,Part 6,text located uniquely in source Part pages (ashfield_chapter_d.pdf v1.1-2026-03-02)
110333,Inner_West_Ashfield_DCP_2016__chapter_d_precinct_guidelines__C4_11 O2,,Part 6,text located uniquely in source Part pages (ashfield_chapter_d.pdf v1.1-2026-03-02)
110334,Inner_West_Ashfield_DCP_2016__chapter_d_precinct_guidelines__C4_11 O3,,Part 6,text located uniquely in source Part pages (ashfield_chapter_d.pdf v1.1-2026-03-02)
110335,Inner_West_Ashfield_DCP_2016__chapter_d_precinct_guidelines__C4_11 O4,,Part 6,text located uniquely in source Part pages (ashfield_chapter_d.pdf v1.1-2026-03-02)
110336,Inner_West_Ashfield_DCP_2016__chapter_d_precinct_guidelines__C4_11 O5,,Part 6,text located uniquely in source Part pages (ashfield_chapter_d.pdf v1.1-2026-03-02)
110337,Inner_West_Ashfield_DCP_2016__chapter_d_precinct_guidelines__C4_11 O6,,Part 6,text located uniquely in source Part pages (ashfield_chapter_d.pdf v1.1-2026-03-02)
110338,Inner_West_Ashfield_DCP_2016__chapter_d_precinct_guidelines__C4_11 O7,,Part 6,text located uniquely in source Part pages (ashfield_chapter_d.pdf v1.1-2026-03-02)
110339,Inner_West_Ashfield_DCP_2016__chapter_d_precinct_guidelines__C4_11 O8,,Part 6,text located uniquely in source Part pages (ashfield_chapter_d.pdf v1.1-2026-03-02)
110340,Inner_West_Ashfield_DCP_2016__chapter_d_precinct_guidelines__C4_11 O9,,Part 6,text located uniquely in source Part pages (ashfield_chapter_d.pdf v1.1-2026-03-02)
110341,Inner_West_Ashfield_DCP_2016__chapter_d_precinct_guidelines__C4_11 O10,,Part 6,text located uniquely in source Part pages (ashfield_chapter_d.pdf v1.1-2026-03-02)
110342,Inner_West_Ashfield_DCP_2016__chapter_d_precinct_guidelines__C4_11 C1,,Part 6,text located uniquely in source Part pages (ashfield_chapter_d.pdf v1.1-2026-03-02)
110343,Inner_West_Ashfield_DCP_2016__chapter_d_precinct_guidelines__C4_11 C2,,Part 6,text located uniquely in source Part pages (ashfield_chapter_d.pdf v1.1-2026-03-02)
110344,Inner_West_Ashfield_DCP_2016__chapter_d_precinct_guidelines__C4_11 C3,,Part 6,text located uniquely in source Part pages (ashfield_chapter_d.pdf v1.1-2026-03-02)
110345,Inner_West_Ashfield_DCP_2016__chapter_d_precinct_guidelines__C4_11 C4,,Part 6,text located uniquely in source Part pages (ashfield_chapter_d.pdf v1.1-2026-03-02)
110346,Inner_West_Ashfield_DCP_2016__chapter_d_precinct_guidelines__C4_11 C5,,Part 6,text located uniquely in source Part pages (ashfield_chapter_d.pdf v1.1-2026-03-02)
110347,Inner_West_Ashfield_DCP_2016__chapter_d_precinct_guidelines__C4_11 C6,,Part 6,text located uniquely in source Part pages (ashfield_chapter_d.pdf v1.1-2026-03-02)
110348,Inner_West_Ashfield_DCP_2016__chapter_d_precinct_guidelines__C4_11 C7,,Part 6,text located uniquely in source Part pages (ashfield_chapter_d.pdf v1.1-2026-03-02)
110349,Inner_West_Ashfield_DCP_2016__chapter_d_precinct_guidelines__C4_11 C8,,Part 6,text located uniquely in source Part pages (ashfield_chapter_d.pdf v1.1-2026-03-02)
110350,Inner_West_Ashfield_DCP_2016__chapter_d_precinct_guidelines__C4_11 C9,,Part 6,text located uniquely in source Part pages (ashfield_chapter_d.pdf v1.1-2026-03-02)
110351,Inner_West_Ashfield_DCP_2016__chapter_d_precinct_guidelines__C4_11 C10,,Part 6,text located uniquely in source Part pages (ashfield_chapter_d.pdf v1.1-2026-03-02)
110352,Inner_West_Ashfield_DCP_2016__chapter_d_precinct_guidelines__C4_11 C11,,Part 6,text located uniquely in source Part pages (ashfield_chapter_d.pdf v1.1-2026-03-02)
110353,Inner_West_Ashfield_DCP_2016__chapter_d_precinct_guidelines__C4_11 C12,,Part 6,text located uniquely in source Part pages (ashfield_chapter_d.pdf v1.1-2026-03-02)
110354,Inner_West_Ashfield_DCP_2016__chapter_d_precinct_guidelines__C4_11 C13,,Part 6,text located uniquely in source Part pages (ashfield_chapter_d.pdf v1.1-2026-03-02)
110355,Inner_West_Ashfield_DCP_2016__chapter_d_precinct_guidelines__C4_11 C14,,Part 6,text located uniquely in source Part pages (ashfield_chapter_d.pdf v1.1-2026-03-02)
110356,Inner_West_Ashfield_DCP_2016__chapter_d_precinct_guidelines__C4_11 C15,,Part 6,text located uniquely in source Part pages (ashfield_chapter_d.pdf v1.1-2026-03-02)
110357,Inner_West_Ashfield_DCP_2016__chapter_d_precinct_guidelines__C4_11 C16,,Part 6,text located uniquely in source Part pages (ashfield_chapter_d.pdf v1.1-2026-03-02)
110358,Inner_West_Ashfield_DCP_2016__chapter_d_precinct_guidelines__C4_11 O11,,Part 6,text located uniquely in source Part pages (ashfield_chapter_d.pdf v1.1-2026-03-02)
110359,Inner_West_Ashfield_DCP_2016__chapter_d_precinct_guidelines__C4_11 O12,,Part 6,text located uniquely in source Part pages (ashfield_chapter_d.pdf v1.1-2026-03-02)
110360,Inner_West_Ashfield_DCP_2016__chapter_d_precinct_guidelines__C4_11 O13,,Part 6,text located uniquely in source Part pages (ashfield_chapter_d.pdf v1.1-2026-03-02)
110361,Inner_West_Ashfield_DCP_2016__chapter_d_precinct_guidelines__C4_11 O14,,Part 6,text located uniquely in source Part pages (ashfield_chapter_d.pdf v1.1-2026-03-02)
110362,Inner_West_Ashfield_DCP_2016__chapter_d_precinct_guidelines__C4_11 O15,,Part 6,text located uniquely in source Part pages (ashfield_chapter_d.pdf v1.1-2026-03-02)
110363,Inner_West_Ashfield_DCP_2016__chapter_d_precinct_guidelines__C4_11 O16,,Part 6,text located uniquely in source Part pages (ashfield_chapter_d.pdf v1.1-2026-03-02)
110364,Inner_West_Ashfield_DCP_2016__chapter_d_precinct_guidelines__C4_11 O17,,Part 6,text located uniquely in source Part pages (ashfield_chapter_d.pdf v1.1-2026-03-02)
110365,Inner_West_Ashfield_DCP_2016__chapter_d_precinct_guidelines__C4_11 O18,,Part 6,text located uniquely in source Part pages (ashfield_chapter_d.pdf v1.1-2026-03-02)
110366,Inner_West_Ashfield_DCP_2016__chapter_d_precinct_guidelines__C4_11 O19,,Part 6,text located uniquely in source Part pages (ashfield_chapter_d.pdf v1.1-2026-03-02)
110367,Inner_West_Ashfield_DCP_2016__chapter_d_precinct_guidelines__C4_11 C17,,Part 6,text located uniquely in source Part pages (ashfield_chapter_d.pdf v1.1-2026-03-02)
110368,Inner_West_Ashfield_DCP_2016__chapter_d_precinct_guidelines__C4_11 O20,,Part 6,text located uniquely in source Part pages (ashfield_chapter_d.pdf v1.1-2026-03-02)
110369,Inner_West_Ashfield_DCP_2016__chapter_d_precinct_guidelines__C4_11 PC1_1,,Part 6,text located uniquely in source Part pages (ashfield_chapter_d.pdf v1.1-2026-03-02)
110370,Inner_West_Ashfield_DCP_2016__chapter_d_precinct_guidelines__C4_11 PC1_2,,Part 6,text located uniquely in source Part pages (ashfield_chapter_d.pdf v1.1-2026-03-02)
110371,Inner_West_Ashfield_DCP_2016__chapter_d_precinct_guidelines__C4_11 PC1_3,,Part 6,text located uniquely in source Part pages (ashfield_chapter_d.pdf v1.1-2026-03-02)
110372,Inner_West_Ashfield_DCP_2016__chapter_d_precinct_guidelines__C4_11 DS1_3,,Part 6,text located uniquely in source Part pages (ashfield_chapter_d.pdf v1.1-2026-03-02)
110373,Inner_West_Ashfield_DCP_2016__chapter_d_precinct_guidelines__C4_11 PC1_4,,Part 6,text located uniquely in source Part pages (ashfield_chapter_d.pdf v1.1-2026-03-02)
110374,Inner_West_Ashfield_DCP_2016__chapter_d_precinct_guidelines__C4_11 DS1_4,,Part 6,text located uniquely in source Part pages (ashfield_chapter_d.pdf v1.1-2026-03-02)
110375,Inner_West_Ashfield_DCP_2016__chapter_d_precinct_guidelines__C4_11 PC1_5,,Part 6,text located uniquely in source Part pages (ashfield_chapter_d.pdf v1.1-2026-03-02)
110376,Inner_West_Ashfield_DCP_2016__chapter_d_precinct_guidelines__C4_11 DS1_5,,Part 6,text located uniquely in source Part pages (ashfield_chapter_d.pdf v1.1-2026-03-02)
110377,Inner_West_Ashfield_DCP_2016__chapter_d_precinct_guidelines__C4_11 PC1_6,,Part 6,text located uniquely in source Part pages (ashfield_chapter_d.pdf v1.1-2026-03-02)
110378,Inner_West_Ashfield_DCP_2016__chapter_d_precinct_guidelines__C4_11 DS1_6,,Part 6,text located uniquely in source Part pages (ashfield_chapter_d.pdf v1.1-2026-03-02)
110379,Inner_West_Ashfield_DCP_2016__chapter_d_precinct_guidelines__C4_11 PC1_7,,Part 6,text located uniquely in source Part pages (ashfield_chapter_d.pdf v1.1-2026-03-02)
110380,Inner_West_Ashfield_DCP_2016__chapter_d_precinct_guidelines__C4_11 DS1_7,,Part 6,text located uniquely in source Part pages (ashfield_chapter_d.pdf v1.1-2026-03-02)
110381,Inner_West_Ashfield_DCP_2016__chapter_d_precinct_guidelines__C4_11 PC1_8,,Part 6,text located uniquely in source Part pages (ashfield_chapter_d.pdf v1.1-2026-03-02)
110382,Inner_West_Ashfield_DCP_2016__chapter_d_precinct_guidelines__C4_11 PC2_1,,Part 6,text located uniquely in source Part pages (ashfield_chapter_d.pdf v1.1-2026-03-02)
110383,Inner_West_Ashfield_DCP_2016__chapter_d_precinct_guidelines__C4_11 DS2_1,,Part 6,text located uniquely in source Part pages (ashfield_chapter_d.pdf v1.1-2026-03-02)
110384,Inner_West_Ashfield_DCP_2016__chapter_d_precinct_guidelines__C4_11 PC2_2,,Part 6,text located uniquely in source Part pages (ashfield_chapter_d.pdf v1.1-2026-03-02)
110385,Inner_West_Ashfield_DCP_2016__chapter_d_precinct_guidelines__C4_11 DS2_2,,Part 6,text located uniquely in source Part pages (ashfield_chapter_d.pdf v1.1-2026-03-02)
110386,Inner_West_Ashfield_DCP_2016__chapter_d_precinct_guidelines__C4_11 PC2_3,,Part 6,text located uniquely in source Part pages (ashfield_chapter_d.pdf v1.1-2026-03-02)
110387,Inner_West_Ashfield_DCP_2016__chapter_d_precinct_guidelines__C4_11 DS2_3,,Part 6,text located uniquely in source Part pages (ashfield_chapter_d.pdf v1.1-2026-03-02)
110388,Inner_West_Ashfield_DCP_2016__chapter_d_precinct_guidelines__C4_11 PC2_4,,Part 6,text located uniquely in source Part pages (ashfield_chapter_d.pdf v1.1-2026-03-02)
110389,Inner_West_Ashfield_DCP_2016__chapter_d_precinct_guidelines__C4_11 DS2_4,,Part 6,text located uniquely in source Part pages (ashfield_chapter_d.pdf v1.1-2026-03-02)
110390,Inner_West_Ashfield_DCP_2016__chapter_d_precinct_guidelines__C4_11 PC3_1,,Part 6,text located uniquely in source Part pages (ashfield_chapter_d.pdf v1.1-2026-03-02)
110391,Inner_West_Ashfield_DCP_2016__chapter_d_precinct_guidelines__C4_11 DS3_2,,Part 6,text located uniquely in source Part pages (ashfield_chapter_d.pdf v1.1-2026-03-02)
110392,Inner_West_Ashfield_DCP_2016__chapter_d_precinct_guidelines__C4_11 DS3_3,,Part 6,text located uniquely in source Part pages (ashfield_chapter_d.pdf v1.1-2026-03-02)
110393,Inner_West_Ashfield_DCP_2016__chapter_d_precinct_guidelines__C4_11 DS3_4,,Part 6,text located uniquely in source Part pages (ashfield_chapter_d.pdf v1.1-2026-03-02)
110395,Inner_West_Ashfield_DCP_2016__chapter_d_precinct_guidelines__C4_11 DS3_6,,Part 6,text located uniquely in source Part pages (ashfield_chapter_d.pdf v1.1-2026-03-02)
110396,Inner_West_Ashfield_DCP_2016__chapter_d_precinct_guidelines__C4_11 DS3_7,,Part 6,text located uniquely in source Part pages (ashfield_chapter_d.pdf v1.1-2026-03-02)
110397,Inner_West_Ashfield_DCP_2016__chapter_d_precinct_guidelines__C4_11 DS3_8,,Part 6,text located uniquely in source Part pages (ashfield_chapter_d.pdf v1.1-2026-03-02)
110398,Inner_West_Ashfield_DCP_2016__chapter_d_precinct_guidelines__C4_11 DS3_9,,Part 6,text located uniquely in source Part pages (ashfield_chapter_d.pdf v1.1-2026-03-02)
110399,Inner_West_Ashfield_DCP_2016__chapter_d_precinct_guidelines__C4_11 DS3_10,,Part 6,text located uniquely in source Part pages (ashfield_chapter_d.pdf v1.1-2026-03-02)
110400,Inner_West_Ashfield_DCP_2016__chapter_d_precinct_guidelines__C4_11 DS3_11,,Part 6,text located uniquely in source Part pages (ashfield_chapter_d.pdf v1.1-2026-03-02)
110401,Inner_West_Ashfield_DCP_2016__chapter_d_precinct_guidelines__C4_11 DS3_12,,Part 6,text located uniquely in source Part pages (ashfield_chapter_d.pdf v1.1-2026-03-02)
110402,Inner_West_Ashfield_DCP_2016__chapter_d_precinct_guidelines__C4_11 DS3_13,,Part 6,text located uniquely in source Part pages (ashfield_chapter_d.pdf v1.1-2026-03-02)
110403,Inner_West_Ashfield_DCP_2016__chapter_d_precinct_guidelines__C4_11 DS3_14,,Part 6,text located uniquely in source Part pages (ashfield_chapter_d.pdf v1.1-2026-03-02)
110404,Inner_West_Ashfield_DCP_2016__chapter_d_precinct_guidelines__C4_11 PC5_1,,Part 6,text located uniquely in source Part pages (ashfield_chapter_d.pdf v1.1-2026-03-02)
110405,Inner_West_Ashfield_DCP_2016__chapter_d_precinct_guidelines__C4_11 PC5_2,,Part 6,text located uniquely in source Part pages (ashfield_chapter_d.pdf v1.1-2026-03-02)
110406,Inner_West_Ashfield_DCP_2016__chapter_d_precinct_guidelines__C4_11 PC5_3,,Part 6,text located uniquely in source Part pages (ashfield_chapter_d.pdf v1.1-2026-03-02)
110407,Inner_West_Ashfield_DCP_2016__chapter_d_precinct_guidelines__C4_11 PC5_4,,Part 6,text located uniquely in source Part pages (ashfield_chapter_d.pdf v1.1-2026-03-02)
110408,Inner_West_Ashfield_DCP_2016__chapter_d_precinct_guidelines__C4_11 DS5_5,,Part 6,text located uniquely in source Part pages (ashfield_chapter_d.pdf v1.1-2026-03-02)
110409,Inner_West_Ashfield_DCP_2016__chapter_d_precinct_guidelines__C4_11 DS5_6,,Part 6,text located uniquely in source Part pages (ashfield_chapter_d.pdf v1.1-2026-03-02)
110410,Inner_West_Ashfield_DCP_2016__chapter_d_precinct_guidelines__C4_11 PC6_1,,Part 6,text located uniquely in source Part pages (ashfield_chapter_d.pdf v1.1-2026-03-02)
110411,Inner_West_Ashfield_DCP_2016__chapter_d_precinct_guidelines__C4_11 DS6_4,,Part 6,text located uniquely in source Part pages (ashfield_chapter_d.pdf v1.1-2026-03-02)
110412,Inner_West_Ashfield_DCP_2016__chapter_d_precinct_guidelines__C4_11 DS6_5,,Part 6,text located uniquely in source Part pages (ashfield_chapter_d.pdf v1.1-2026-03-02)
110413,Inner_West_Ashfield_DCP_2016__chapter_d_precinct_guidelines__C4_11 DS6_6,,Part 6,text located uniquely in source Part pages (ashfield_chapter_d.pdf v1.1-2026-03-02)
110414,Inner_West_Ashfield_DCP_2016__chapter_d_precinct_guidelines__C4_11 DS6_7,,Part 6,text located uniquely in source Part pages (ashfield_chapter_d.pdf v1.1-2026-03-02)
110415,Inner_West_Ashfield_DCP_2016__chapter_d_precinct_guidelines__C4_11 DS6_8,,Part 6,text located uniquely in source Part pages (ashfield_chapter_d.pdf v1.1-2026-03-02)
110416,Inner_West_Ashfield_DCP_2016__chapter_d_precinct_guidelines__C4_11 DS6_9,,Part 6,text located uniquely in source Part pages (ashfield_chapter_d.pdf v1.1-2026-03-02)
110417,Inner_West_Ashfield_DCP_2016__chapter_d_precinct_guidelines__C4_11 DS6_10,,Part 6,text located uniquely in source Part pages (ashfield_chapter_d.pdf v1.1-2026-03-02)
110418,Inner_West_Ashfield_DCP_2016__chapter_d_precinct_guidelines__C4_11 DS7_1,,Part 6,text located uniquely in source Part pages (ashfield_chapter_d.pdf v1.1-2026-03-02)
110419,Inner_West_Ashfield_DCP_2016__chapter_d_precinct_guidelines__C4_11 DS7_2,,Part 6,text located uniquely in source Part pages (ashfield_chapter_d.pdf v1.1-2026-03-02)
110420,Inner_West_Ashfield_DCP_2016__chapter_d_precinct_guidelines__C4_11 DS7_3,,Part 6,text located uniquely in source Part pages (ashfield_chapter_d.pdf v1.1-2026-03-02)
110421,Inner_West_Ashfield_DCP_2016__chapter_d_precinct_guidelines__C4_11 DS7_4,,Part 6,text located uniquely in source Part pages (ashfield_chapter_d.pdf v1.1-2026-03-02)
110422,Inner_West_Ashfield_DCP_2016__chapter_d_precinct_guidelines__C4_11 DS7_5,,Part 6,text located uniquely in source Part pages (ashfield_chapter_d.pdf v1.1-2026-03-02)
110423,Inner_West_Ashfield_DCP_2016__chapter_d_precinct_guidelines__C4_11 DS7_6,,Part 6,text located uniquely in source Part pages (ashfield_chapter_d.pdf v1.1-2026-03-02)
110424,Inner_West_Ashfield_DCP_2016__chapter_d_precinct_guidelines__C4_11 PC8_1,,Part 6,text located uniquely in source Part pages (ashfield_chapter_d.pdf v1.1-2026-03-02)
110425,Inner_West_Ashfield_DCP_2016__chapter_d_precinct_guidelines__C4_11 PC8_2,,Part 6,text located uniquely in source Part pages (ashfield_chapter_d.pdf v1.1-2026-03-02)
110426,Inner_West_Ashfield_DCP_2016__chapter_d_precinct_guidelines__C4_11 PC8_3,,Part 6,text located uniquely in source Part pages (ashfield_chapter_d.pdf v1.1-2026-03-02)
110427,Inner_West_Ashfield_DCP_2016__chapter_d_precinct_guidelines__C4_11 PC8_4,,Part 6,text located uniquely in source Part pages (ashfield_chapter_d.pdf v1.1-2026-03-02)
110428,Inner_West_Ashfield_DCP_2016__chapter_d_precinct_guidelines__C4_11 PC8_5,,Part 6,text located uniquely in source Part pages (ashfield_chapter_d.pdf v1.1-2026-03-02)
110429,Inner_West_Ashfield_DCP_2016__chapter_d_precinct_guidelines__C4_11 DS8_1,,Part 6,text located uniquely in source Part pages (ashfield_chapter_d.pdf v1.1-2026-03-02)
110430,Inner_West_Ashfield_DCP_2016__chapter_d_precinct_guidelines__C4_11 DS8_2,,Part 6,text located uniquely in source Part pages (ashfield_chapter_d.pdf v1.1-2026-03-02)
110431,Inner_West_Ashfield_DCP_2016__chapter_d_precinct_guidelines__C4_11 DS8_3,,Part 6,text located uniquely in source Part pages (ashfield_chapter_d.pdf v1.1-2026-03-02)
110432,Inner_West_Ashfield_DCP_2016__chapter_d_precinct_guidelines__C4_11 DS8_4,,Part 6,text located uniquely in source Part pages (ashfield_chapter_d.pdf v1.1-2026-03-02)
110433,Inner_West_Ashfield_DCP_2016__chapter_d_precinct_guidelines__C4_11 DS8_5,,Part 6,text located uniquely in source Part pages (ashfield_chapter_d.pdf v1.1-2026-03-02)
110434,Inner_West_Ashfield_DCP_2016__chapter_d_precinct_guidelines__C4_11 DS8_6,,Part 6,text located uniquely in source Part pages (ashfield_chapter_d.pdf v1.1-2026-03-02)
110435,Inner_West_Ashfield_DCP_2016__chapter_d_precinct_guidelines__C4_11 DS8_7,,Part 6,text located uniquely in source Part pages (ashfield_chapter_d.pdf v1.1-2026-03-02)
110436,Inner_West_Ashfield_DCP_2016__chapter_d_precinct_guidelines__C4_11 PC9_1,,Part 6,text located uniquely in source Part pages (ashfield_chapter_d.pdf v1.1-2026-03-02)
110437,Inner_West_Ashfield_DCP_2016__chapter_d_precinct_guidelines__C4_11 DS9_1,,Part 6,text located uniquely in source Part pages (ashfield_chapter_d.pdf v1.1-2026-03-02)
110438,Inner_West_Ashfield_DCP_2016__chapter_d_precinct_guidelines__C4_11 PC9_2,,Part 6,text located uniquely in source Part pages (ashfield_chapter_d.pdf v1.1-2026-03-02)
110439,Inner_West_Ashfield_DCP_2016__chapter_d_precinct_guidelines__C4_11 DS9_2,,Part 6,text located uniquely in source Part pages (ashfield_chapter_d.pdf v1.1-2026-03-02)
110440,Inner_West_Ashfield_DCP_2016__chapter_d_precinct_guidelines__C4_11 PC9_3,,Part 6,text located uniquely in source Part pages (ashfield_chapter_d.pdf v1.1-2026-03-02)
110441,Inner_West_Ashfield_DCP_2016__chapter_d_precinct_guidelines__C4_11 DS9_3,,Part 6,text located uniquely in source Part pages (ashfield_chapter_d.pdf v1.1-2026-03-02)
110442,Inner_West_Ashfield_DCP_2016__chapter_d_precinct_guidelines__C4_11 PC9_4,,Part 6,text located uniquely in source Part pages (ashfield_chapter_d.pdf v1.1-2026-03-02)
110443,Inner_West_Ashfield_DCP_2016__chapter_d_precinct_guidelines__C4_11 DS9_4,,Part 6,text located uniquely in source Part pages (ashfield_chapter_d.pdf v1.1-2026-03-02)
110444,Inner_West_Ashfield_DCP_2016__chapter_d_precinct_guidelines__C4_11 PC9_5,,Part 6,text located uniquely in source Part pages (ashfield_chapter_d.pdf v1.1-2026-03-02)
110445,Inner_West_Ashfield_DCP_2016__chapter_d_precinct_guidelines__C4_11 DS9_5,,Part 6,text located uniquely in source Part pages (ashfield_chapter_d.pdf v1.1-2026-03-02)
110446,Inner_West_Ashfield_DCP_2016__chapter_d_precinct_guidelines__C4_11 PC9_6,,Part 6,text located uniquely in source Part pages (ashfield_chapter_d.pdf v1.1-2026-03-02)
110447,Inner_West_Ashfield_DCP_2016__chapter_d_precinct_guidelines__C4_11 DS9_6,,Part 6,text located uniquely in source Part pages (ashfield_chapter_d.pdf v1.1-2026-03-02)
110448,Inner_West_Ashfield_DCP_2016__chapter_d_precinct_guidelines__C4_11 PC9_7,,Part 6,text located uniquely in source Part pages (ashfield_chapter_d.pdf v1.1-2026-03-02)
110449,Inner_West_Ashfield_DCP_2016__chapter_d_precinct_guidelines__C4_11 DS9_7,,Part 6,text located uniquely in source Part pages (ashfield_chapter_d.pdf v1.1-2026-03-02)
110450,Inner_West_Ashfield_DCP_2016__chapter_d_precinct_guidelines__C4_11 DS9_8,,Part 6,text located uniquely in source Part pages (ashfield_chapter_d.pdf v1.1-2026-03-02)
110451,Inner_West_Ashfield_DCP_2016__chapter_d_precinct_guidelines__C4_11 DS9_9,,Part 6,text located uniquely in source Part pages (ashfield_chapter_d.pdf v1.1-2026-03-02)
110452,Inner_West_Ashfield_DCP_2016__chapter_d_precinct_guidelines__C4_11 DS9_10,,Part 6,text located uniquely in source Part pages (ashfield_chapter_d.pdf v1.1-2026-03-02)
110453,Inner_West_Ashfield_DCP_2016__chapter_d_precinct_guidelines__C4_11 DS9_11,,Part 6,text located uniquely in source Part pages (ashfield_chapter_d.pdf v1.1-2026-03-02)
110454,Inner_West_Ashfield_DCP_2016__chapter_d_precinct_guidelines__C4_11 DS9_12,,Part 6,text located uniquely in source Part pages (ashfield_chapter_d.pdf v1.1-2026-03-02)
110455,Inner_West_Ashfield_DCP_2016__chapter_d_precinct_guidelines__C4_11 DS9_13,,Part 6,text located uniquely in source Part pages (ashfield_chapter_d.pdf v1.1-2026-03-02)
110456,Inner_West_Ashfield_DCP_2016__chapter_d_precinct_guidelines__C4_11 DS9_14,,Part 6,text located uniquely in source Part pages (ashfield_chapter_d.pdf v1.1-2026-03-02)
110457,Inner_West_Ashfield_DCP_2016__chapter_d_precinct_guidelines__C4_11 DS9_15,,Part 6,text located uniquely in source Part pages (ashfield_chapter_d.pdf v1.1-2026-03-02)
110458,Inner_West_Ashfield_DCP_2016__chapter_d_precinct_guidelines__C4_11 DS9_16,,Part 6,text located uniquely in source Part pages (ashfield_chapter_d.pdf v1.1-2026-03-02)
110459,Inner_West_Ashfield_DCP_2016__chapter_d_precinct_guidelines__C4_11 DS9_17,,Part 6,text located uniquely in source Part pages (ashfield_chapter_d.pdf v1.1-2026-03-02)
110460,Inner_West_Ashfield_DCP_2016__chapter_d_precinct_guidelines__C4_11 DS9_18,,Part 6,text located uniquely in source Part pages (ashfield_chapter_d.pdf v1.1-2026-03-02)
110461,Inner_West_Ashfield_DCP_2016__chapter_d_precinct_guidelines__C10_1 PC1,,Part 6,text located uniquely in source Part pages (ashfield_chapter_d.pdf v1.1-2026-03-02)
110462,Inner_West_Ashfield_DCP_2016__chapter_d_precinct_guidelines__C10_1 PC2,,Part 6,text located uniquely in source Part pages (ashfield_chapter_d.pdf v1.1-2026-03-02)
110463,Inner_West_Ashfield_DCP_2016__chapter_d_precinct_guidelines__C10_1 PC3,,Part 6,text located uniquely in source Part pages (ashfield_chapter_d.pdf v1.1-2026-03-02)
110464,Inner_West_Ashfield_DCP_2016__chapter_d_precinct_guidelines__C10_1 PC4,,Part 6,text located uniquely in source Part pages (ashfield_chapter_d.pdf v1.1-2026-03-02)
110465,Inner_West_Ashfield_DCP_2016__chapter_d_precinct_guidelines__C10_1 PC5,,Part 6,text located uniquely in source Part pages (ashfield_chapter_d.pdf v1.1-2026-03-02)
110466,Inner_West_Ashfield_DCP_2016__chapter_d_precinct_guidelines__C10_1 PC6,,Part 6,text located uniquely in source Part pages (ashfield_chapter_d.pdf v1.1-2026-03-02)
110467,Inner_West_Ashfield_DCP_2016__chapter_d_precinct_guidelines__C10_1 DS1,,Part 6,text located uniquely in source Part pages (ashfield_chapter_d.pdf v1.1-2026-03-02)
110468,Inner_West_Ashfield_DCP_2016__chapter_d_precinct_guidelines__C10_1 DS2,,Part 6,text located uniquely in source Part pages (ashfield_chapter_d.pdf v1.1-2026-03-02)
110469,Inner_West_Ashfield_DCP_2016__chapter_d_precinct_guidelines__C10_1 DS3,,Part 6,text located uniquely in source Part pages (ashfield_chapter_d.pdf v1.1-2026-03-02)
110470,Inner_West_Ashfield_DCP_2016__chapter_d_precinct_guidelines__C10_1 DS4,,Part 6,text located uniquely in source Part pages (ashfield_chapter_d.pdf v1.1-2026-03-02)
110471,Inner_West_Ashfield_DCP_2016__chapter_d_precinct_guidelines__C10_1 DS5,,Part 6,text located uniquely in source Part pages (ashfield_chapter_d.pdf v1.1-2026-03-02)
110472,Inner_West_Ashfield_DCP_2016__chapter_d_precinct_guidelines__C10_1 DS6,,Part 6,text located uniquely in source Part pages (ashfield_chapter_d.pdf v1.1-2026-03-02)
110473,Inner_West_Ashfield_DCP_2016__chapter_d_precinct_guidelines__C10_1 DS7,,Part 6,text located uniquely in source Part pages (ashfield_chapter_d.pdf v1.1-2026-03-02)
110474,Inner_West_Ashfield_DCP_2016__chapter_d_precinct_guidelines__C10_1 DS8,,Part 6,text located uniquely in source Part pages (ashfield_chapter_d.pdf v1.1-2026-03-02)
110475,Inner_West_Ashfield_DCP_2016__chapter_d_precinct_guidelines__C10_1 DS9,,Part 6,text located uniquely in source Part pages (ashfield_chapter_d.pdf v1.1-2026-03-02)
110476,Inner_West_Ashfield_DCP_2016__chapter_d_precinct_guidelines__C10_1 DS10,,Part 6,text located uniquely in source Part pages (ashfield_chapter_d.pdf v1.1-2026-03-02)
110477,Inner_West_Ashfield_DCP_2016__chapter_d_precinct_guidelines__C10_1 DS11,,Part 6,text located uniquely in source Part pages (ashfield_chapter_d.pdf v1.1-2026-03-02)
110478,Inner_West_Ashfield_DCP_2016__chapter_d_precinct_guidelines__C10_1 DS12,,Part 6,text located uniquely in source Part pages (ashfield_chapter_d.pdf v1.1-2026-03-02)
110479,Inner_West_Ashfield_DCP_2016__chapter_d_precinct_guidelines__C10_1 DS13,,Part 6,text located uniquely in source Part pages (ashfield_chapter_d.pdf v1.1-2026-03-02)
110480,Inner_West_Ashfield_DCP_2016__chapter_d_precinct_guidelines__C10_1 DS14,,Part 6,text located uniquely in source Part pages (ashfield_chapter_d.pdf v1.1-2026-03-02)
110481,Inner_West_Ashfield_DCP_2016__chapter_d_precinct_guidelines__C10_1 DS15,,Part 6,text located uniquely in source Part pages (ashfield_chapter_d.pdf v1.1-2026-03-02)
110482,Inner_West_Ashfield_DCP_2016__chapter_d_precinct_guidelines__C10_1 DS16,,Part 6,text located uniquely in source Part pages (ashfield_chapter_d.pdf v1.1-2026-03-02)
110483,Inner_West_Ashfield_DCP_2016__chapter_d_precinct_guidelines__C11_1 PC1,,Part 6,text located uniquely in source Part pages (ashfield_chapter_d.pdf v1.1-2026-03-02)
110484,Inner_West_Ashfield_DCP_2016__chapter_d_precinct_guidelines__C11_1 PC2,,Part 6,text located uniquely in source Part pages (ashfield_chapter_d.pdf v1.1-2026-03-02)
110485,Inner_West_Ashfield_DCP_2016__chapter_d_precinct_guidelines__C11_1 PC3,,Part 6,text located uniquely in source Part pages (ashfield_chapter_d.pdf v1.1-2026-03-02)
110486,Inner_West_Ashfield_DCP_2016__chapter_d_precinct_guidelines__C11_1 DS1,,Part 6,text located uniquely in source Part pages (ashfield_chapter_d.pdf v1.1-2026-03-02)
110488,Inner_West_Ashfield_DCP_2016__chapter_d_precinct_guidelines__C11_1 DS3,,Part 6,text located uniquely in source Part pages (ashfield_chapter_d.pdf v1.1-2026-03-02)
110489,Inner_West_Ashfield_DCP_2016__chapter_d_precinct_guidelines__C11_1 DS4,,Part 6,text located uniquely in source Part pages (ashfield_chapter_d.pdf v1.1-2026-03-02)
110490,Inner_West_Ashfield_DCP_2016__chapter_d_precinct_guidelines__C11_1 DS5,,Part 6,text located uniquely in source Part pages (ashfield_chapter_d.pdf v1.1-2026-03-02)
110492,Inner_West_Ashfield_DCP_2016__chapter_d_precinct_guidelines__C11_1 DS7,,Part 6,text located uniquely in source Part pages (ashfield_chapter_d.pdf v1.1-2026-03-02)
110493,Inner_West_Ashfield_DCP_2016__chapter_d_precinct_guidelines__C12_1 PC1,,Part 6,text located uniquely in source Part pages (ashfield_chapter_d.pdf v1.1-2026-03-02)
110494,Inner_West_Ashfield_DCP_2016__chapter_d_precinct_guidelines__C12_1 DS1,,Part 6,text located uniquely in source Part pages (ashfield_chapter_d.pdf v1.1-2026-03-02)
110495,Inner_West_Ashfield_DCP_2016__chapter_d_precinct_guidelines__C12_2 PC1,,Part 6,text located uniquely in source Part pages (ashfield_chapter_d.pdf v1.1-2026-03-02)
110496,Inner_West_Ashfield_DCP_2016__chapter_d_precinct_guidelines__C12_2 DS1,,Part 6,text located uniquely in source Part pages (ashfield_chapter_d.pdf v1.1-2026-03-02)
110497,Inner_West_Ashfield_DCP_2016__chapter_d_precinct_guidelines__C12_3 PC1,,Part 6,text located uniquely in source Part pages (ashfield_chapter_d.pdf v1.1-2026-03-02)
110498,Inner_West_Ashfield_DCP_2016__chapter_d_precinct_guidelines__C12_3 DS1,,Part 6,text located uniquely in source Part pages (ashfield_chapter_d.pdf v1.1-2026-03-02)
110499,Inner_West_Ashfield_DCP_2016__chapter_d_precinct_guidelines__C12_3 DS2,,Part 6,text located uniquely in source Part pages (ashfield_chapter_d.pdf v1.1-2026-03-02)
110503,Inner_West_Ashfield_DCP_2016__chapter_d_precinct_guidelines__C12_3 DS1_1,,Part 7,text located uniquely in source Part pages (ashfield_chapter_d.pdf v1.1-2026-03-02)
110504,Inner_West_Ashfield_DCP_2016__chapter_d_precinct_guidelines__C12_3 DS1_2,,Part 7,text located uniquely in source Part pages (ashfield_chapter_d.pdf v1.1-2026-03-02)
110506,Inner_West_Ashfield_DCP_2016__chapter_d_precinct_guidelines__C12_3 DS1_4,,Part 7,text located uniquely in source Part pages (ashfield_chapter_d.pdf v1.1-2026-03-02)
110510,Inner_West_Ashfield_DCP_2016__chapter_d_precinct_guidelines__C12_3 DS3_1,,Part 7,text located uniquely in source Part pages (ashfield_chapter_d.pdf v1.1-2026-03-02)
110511,Inner_West_Ashfield_DCP_2016__chapter_d_precinct_guidelines__C12_3 PC4,,Part 7,text located uniquely in source Part pages (ashfield_chapter_d.pdf v1.1-2026-03-02)
110512,Inner_West_Ashfield_DCP_2016__chapter_d_precinct_guidelines__C12_3 DS4_1,,Part 7,text located uniquely in source Part pages (ashfield_chapter_d.pdf v1.1-2026-03-02)
110514,Inner_West_Ashfield_DCP_2016__chapter_d_precinct_guidelines__C12_3 DS4_3,,Part 7,text located uniquely in source Part pages (ashfield_chapter_d.pdf v1.1-2026-03-02)
110515,Inner_West_Ashfield_DCP_2016__chapter_d_precinct_guidelines__C12_3 DS4_4,,Part 7,text located uniquely in source Part pages (ashfield_chapter_d.pdf v1.1-2026-03-02)
110516,Inner_West_Ashfield_DCP_2016__chapter_d_precinct_guidelines__C12_3 DS4_5,,Part 7,text located uniquely in source Part pages (ashfield_chapter_d.pdf v1.1-2026-03-02)
110518,Inner_West_Ashfield_DCP_2016__chapter_d_precinct_guidelines__C12_3 DS5_1,,Part 7,text located uniquely in source Part pages (ashfield_chapter_d.pdf v1.1-2026-03-02)
110523,Inner_West_Ashfield_DCP_2016__chapter_d_precinct_guidelines__C12_3 PC6,,Part 7,text located uniquely in source Part pages (ashfield_chapter_d.pdf v1.1-2026-03-02)
110525,Inner_West_Ashfield_DCP_2016__chapter_d_precinct_guidelines__C12_3 DS7_2,,Part 7,text located uniquely in source Part pages (ashfield_chapter_d.pdf v1.1-2026-03-02)
110527,Inner_West_Ashfield_DCP_2016__chapter_d_precinct_guidelines__C12_3 DS7_4,,Part 7,text located uniquely in source Part pages (ashfield_chapter_d.pdf v1.1-2026-03-02)
110545,Inner_West_Ashfield_DCP_2016__chapter_d_precinct_guidelines__C12_3 Purpose,,Part 8,text located uniquely in source Part pages (ashfield_chapter_d.pdf v1.1-2026-03-02)
110546,Inner_West_Ashfield_DCP_2016__chapter_d_precinct_guidelines__C12_3 DS1_5,,Part 8,text located uniquely in source Part pages (ashfield_chapter_d.pdf v1.1-2026-03-02)
110547,Inner_West_Ashfield_DCP_2016__chapter_d_precinct_guidelines__C12_3 DS1_6,,Part 8,text located uniquely in source Part pages (ashfield_chapter_d.pdf v1.1-2026-03-02)
110549,Inner_West_Ashfield_DCP_2016__chapter_d_precinct_guidelines__C12_3 DS2_3,,Part 8,text located uniquely in source Part pages (ashfield_chapter_d.pdf v1.1-2026-03-02)
110551,Inner_West_Ashfield_DCP_2016__chapter_d_precinct_guidelines__C12_3 DS2_5,,Part 8,text located uniquely in source Part pages (ashfield_chapter_d.pdf v1.1-2026-03-02)
110552,Inner_West_Ashfield_DCP_2016__chapter_d_precinct_guidelines__C12_3 DS2_6,,Part 8,text located uniquely in source Part pages (ashfield_chapter_d.pdf v1.1-2026-03-02)
110553,Inner_West_Ashfield_DCP_2016__chapter_d_precinct_guidelines__C12_3 DS2_7,,Part 8,text located uniquely in source Part pages (ashfield_chapter_d.pdf v1.1-2026-03-02)
110554,Inner_West_Ashfield_DCP_2016__chapter_d_precinct_guidelines__C12_3 DS2_8,,Part 8,text located uniquely in source Part pages (ashfield_chapter_d.pdf v1.1-2026-03-02)
110555,Inner_West_Ashfield_DCP_2016__chapter_d_precinct_guidelines__C12_3 DS3_2,,Part 8,text located uniquely in source Part pages (ashfield_chapter_d.pdf v1.1-2026-03-02)
110556,Inner_West_Ashfield_DCP_2016__chapter_d_precinct_guidelines__C12_3 DS3_3,,Part 8,text located uniquely in source Part pages (ashfield_chapter_d.pdf v1.1-2026-03-02)
110557,Inner_West_Ashfield_DCP_2016__chapter_d_precinct_guidelines__C12_3 DS3_4,,Part 8,text located uniquely in source Part pages (ashfield_chapter_d.pdf v1.1-2026-03-02)
110558,Inner_West_Ashfield_DCP_2016__chapter_d_precinct_guidelines__C12_3 PC5,,Part 8,text located uniquely in source Part pages (ashfield_chapter_d.pdf v1.1-2026-03-02)
110559,Inner_West_Ashfield_DCP_2016__chapter_d_precinct_guidelines__C12_3 DS5_4,,Part 8,text located uniquely in source Part pages (ashfield_chapter_d.pdf v1.1-2026-03-02)
110560,Inner_West_Ashfield_DCP_2016__chapter_d_precinct_guidelines__C12_3 DS5_5,,Part 8,text located uniquely in source Part pages (ashfield_chapter_d.pdf v1.1-2026-03-02)
110561,Inner_West_Ashfield_DCP_2016__chapter_d_precinct_guidelines__C12_3 DS6_2,,Part 8,text located uniquely in source Part pages (ashfield_chapter_d.pdf v1.1-2026-03-02)
110562,Inner_West_Ashfield_DCP_2016__chapter_d_precinct_guidelines__C12_3 PC8_1,,Part 8,text located uniquely in source Part pages (ashfield_chapter_d.pdf v1.1-2026-03-02)
110563,Inner_West_Ashfield_DCP_2016__chapter_d_precinct_guidelines__C12_3 PC8_2,,Part 8,text located uniquely in source Part pages (ashfield_chapter_d.pdf v1.1-2026-03-02)
110564,Inner_West_Ashfield_DCP_2016__chapter_d_precinct_guidelines__C12_3 DS8_9,,Part 8,text located uniquely in source Part pages (ashfield_chapter_d.pdf v1.1-2026-03-02)
110565,Inner_West_Ashfield_DCP_2016__chapter_d_precinct_guidelines__C12_3 PC9,,Part 8,text located uniquely in source Part pages (ashfield_chapter_d.pdf v1.1-2026-03-02)
110567,Inner_West_Ashfield_DCP_2016__chapter_d_precinct_guidelines__C12_3 DS10_1,,Part 8,text located uniquely in source Part pages (ashfield_chapter_d.pdf v1.1-2026-03-02)
110575,Inner_West_Ashfield_DCP_2016__chapter_d_precinct_guidelines__C12_3 DS11_4,,Part 8,text located uniquely in source Part pages (ashfield_chapter_d.pdf v1.1-2026-03-02)
110576,Inner_West_Ashfield_DCP_2016__chapter_d_precinct_guidelines__C12_3 DS11_5,,Part 8,text located uniquely in source Part pages (ashfield_chapter_d.pdf v1.1-2026-03-02)
110577,Inner_West_Ashfield_DCP_2016__chapter_d_precinct_guidelines__C12_3 DS11_6,,Part 8,text located uniquely in source Part pages (ashfield_chapter_d.pdf v1.1-2026-03-02)
110578,Inner_West_Ashfield_DCP_2016__chapter_d_precinct_guidelines__C12_3 DS11_7,,Part 8,text located uniquely in source Part pages (ashfield_chapter_d.pdf v1.1-2026-03-02)
110579,Inner_West_Ashfield_DCP_2016__chapter_d_precinct_guidelines__C12_3 PC12_1,,Part 8,text located uniquely in source Part pages (ashfield_chapter_d.pdf v1.1-2026-03-02)
110580,Inner_West_Ashfield_DCP_2016__chapter_d_precinct_guidelines__C12_3 DS12_1,,Part 8,text located uniquely in source Part pages (ashfield_chapter_d.pdf v1.1-2026-03-02)
110581,Inner_West_Ashfield_DCP_2016__chapter_d_precinct_guidelines__C12_3 PC12_2,,Part 8,text located uniquely in source Part pages (ashfield_chapter_d.pdf v1.1-2026-03-02)
110582,Inner_West_Ashfield_DCP_2016__chapter_d_precinct_guidelines__C12_3 DS12_2,,Part 8,text located uniquely in source Part pages (ashfield_chapter_d.pdf v1.1-2026-03-02)
110583,Inner_West_Ashfield_DCP_2016__chapter_d_precinct_guidelines__C12_3 DS12_3,,Part 8,text located uniquely in source Part pages (ashfield_chapter_d.pdf v1.1-2026-03-02)
110584,Inner_West_Ashfield_DCP_2016__chapter_d_precinct_guidelines__C12_3 DS12_4,,Part 8,text located uniquely in source Part pages (ashfield_chapter_d.pdf v1.1-2026-03-02)
110585,Inner_West_Ashfield_DCP_2016__chapter_d_precinct_guidelines__C12_3 DS12_5,,Part 8,text located uniquely in source Part pages (ashfield_chapter_d.pdf v1.1-2026-03-02)
110586,Inner_West_Ashfield_DCP_2016__chapter_d_precinct_guidelines__C12_3 DS12_6,,Part 8,text located uniquely in source Part pages (ashfield_chapter_d.pdf v1.1-2026-03-02)
110587,Inner_West_Ashfield_DCP_2016__chapter_d_precinct_guidelines__C12_3 DS12_7,,Part 8,text located uniquely in source Part pages (ashfield_chapter_d.pdf v1.1-2026-03-02)
110588,Inner_West_Ashfield_DCP_2016__chapter_d_precinct_guidelines__C12_3 DS12_8,,Part 8,text located uniquely in source Part pages (ashfield_chapter_d.pdf v1.1-2026-03-02)
110589,Inner_West_Ashfield_DCP_2016__chapter_d_precinct_guidelines__C12_3 DS12_9,,Part 8,text located uniquely in source Part pages (ashfield_chapter_d.pdf v1.1-2026-03-02)
110590,Inner_West_Ashfield_DCP_2016__chapter_d_precinct_guidelines__C12_3 DS13_1,,Part 8,text located uniquely in source Part pages (ashfield_chapter_d.pdf v1.1-2026-03-02)
110593,Inner_West_Ashfield_DCP_2016__chapter_d_precinct_guidelines__C12_3 PC16,,Part 8,text located uniquely in source Part pages (ashfield_chapter_d.pdf v1.1-2026-03-02)
110594,Inner_West_Ashfield_DCP_2016__chapter_d_precinct_guidelines__C12_3 DS16_1,,Part 8,text located uniquely in source Part pages (ashfield_chapter_d.pdf v1.1-2026-03-02)
110595,Inner_West_Ashfield_DCP_2016__chapter_d_precinct_guidelines__C12_3 DS16_2,,Part 8,text located uniquely in source Part pages (ashfield_chapter_d.pdf v1.1-2026-03-02)
110596,Inner_West_Ashfield_DCP_2016__chapter_d_precinct_guidelines__C12_3 DS16_3,,Part 8,text located uniquely in source Part pages (ashfield_chapter_d.pdf v1.1-2026-03-02)
110597,Inner_West_Ashfield_DCP_2016__chapter_d_precinct_guidelines__C12_3 DS16_4,,Part 8,text located uniquely in source Part pages (ashfield_chapter_d.pdf v1.1-2026-03-02)
110598,Inner_West_Ashfield_DCP_2016__chapter_d_precinct_guidelines__C12_3 PC17_1,,Part 8,text located uniquely in source Part pages (ashfield_chapter_d.pdf v1.1-2026-03-02)
110599,Inner_West_Ashfield_DCP_2016__chapter_d_precinct_guidelines__C12_3 PC17_2,,Part 8,text located uniquely in source Part pages (ashfield_chapter_d.pdf v1.1-2026-03-02)
110600,Inner_West_Ashfield_DCP_2016__chapter_d_precinct_guidelines__C12_3 DS17_1,,Part 8,text located uniquely in source Part pages (ashfield_chapter_d.pdf v1.1-2026-03-02)
110601,Inner_West_Ashfield_DCP_2016__chapter_d_precinct_guidelines__C12_3 DS17_2,,Part 8,text located uniquely in source Part pages (ashfield_chapter_d.pdf v1.1-2026-03-02)
110602,Inner_West_Ashfield_DCP_2016__chapter_d_precinct_guidelines__C12_3 DS17_3,,Part 8,text located uniquely in source Part pages (ashfield_chapter_d.pdf v1.1-2026-03-02)
110603,Inner_West_Ashfield_DCP_2016__chapter_d_precinct_guidelines__C12_3 DS18_1,,Part 8,text located uniquely in source Part pages (ashfield_chapter_d.pdf v1.1-2026-03-02)
110604,Inner_West_Ashfield_DCP_2016__chapter_d_precinct_guidelines__C12_3 DS18_2,,Part 8,text located uniquely in source Part pages (ashfield_chapter_d.pdf v1.1-2026-03-02)
110605,Inner_West_Ashfield_DCP_2016__chapter_d_precinct_guidelines__C12_3 PC19,,Part 8,text located uniquely in source Part pages (ashfield_chapter_d.pdf v1.1-2026-03-02)
110606,Inner_West_Ashfield_DCP_2016__chapter_d_precinct_guidelines__C12_3 DS19_1,,Part 8,text located uniquely in source Part pages (ashfield_chapter_d.pdf v1.1-2026-03-02)
110607,Inner_West_Ashfield_DCP_2016__chapter_d_precinct_guidelines__C12_3 DS19_2,,Part 8,text located uniquely in source Part pages (ashfield_chapter_d.pdf v1.1-2026-03-02)
110608,Inner_West_Ashfield_DCP_2016__chapter_d_precinct_guidelines__C12_3 PC20,,Part 8,text located uniquely in source Part pages (ashfield_chapter_d.pdf v1.1-2026-03-02)
110609,Inner_West_Ashfield_DCP_2016__chapter_d_precinct_guidelines__C12_3 DS20_1,,Part 8,text located uniquely in source Part pages (ashfield_chapter_d.pdf v1.1-2026-03-02)
110610,Inner_West_Ashfield_DCP_2016__chapter_d_precinct_guidelines__C12_3 PC21,,Part 8,text located uniquely in source Part pages (ashfield_chapter_d.pdf v1.1-2026-03-02)
110611,Inner_West_Ashfield_DCP_2016__chapter_d_precinct_guidelines__C12_3 DS21_1,,Part 8,text located uniquely in source Part pages (ashfield_chapter_d.pdf v1.1-2026-03-02)
110612,Inner_West_Ashfield_DCP_2016__chapter_d_precinct_guidelines__C12_3 DS21_2,,Part 8,text located uniquely in source Part pages (ashfield_chapter_d.pdf v1.1-2026-03-02)
110613,Inner_West_Ashfield_DCP_2016__chapter_d_precinct_guidelines__D12_3 O1,,Part 10,text located uniquely in source Part pages (ashfield_chapter_d.pdf v1.1-2026-03-02)
110614,Inner_West_Ashfield_DCP_2016__chapter_d_precinct_guidelines__D12_3 O2,,Part 10,text located uniquely in source Part pages (ashfield_chapter_d.pdf v1.1-2026-03-02)
110615,Inner_West_Ashfield_DCP_2016__chapter_d_precinct_guidelines__D12_3 PC1,,Part 10,text located uniquely in source Part pages (ashfield_chapter_d.pdf v1.1-2026-03-02)
110616,Inner_West_Ashfield_DCP_2016__chapter_d_precinct_guidelines__D12_3 DS1_1,,Part 10,text located uniquely in source Part pages (ashfield_chapter_d.pdf v1.1-2026-03-02)
110617,Inner_West_Ashfield_DCP_2016__chapter_d_precinct_guidelines__D12_3 DS1_2,,Part 10,text located uniquely in source Part pages (ashfield_chapter_d.pdf v1.1-2026-03-02)
110618,Inner_West_Ashfield_DCP_2016__chapter_d_precinct_guidelines__D12_3 DS1_3,,Part 10,text located uniquely in source Part pages (ashfield_chapter_d.pdf v1.1-2026-03-02)
110619,Inner_West_Ashfield_DCP_2016__chapter_d_precinct_guidelines__D12_3 DS1_4,,Part 10,text located uniquely in source Part pages (ashfield_chapter_d.pdf v1.1-2026-03-02)
110620,Inner_West_Ashfield_DCP_2016__chapter_d_precinct_guidelines__D12_3 PC2,,Part 10,text located uniquely in source Part pages (ashfield_chapter_d.pdf v1.1-2026-03-02)
110621,Inner_West_Ashfield_DCP_2016__chapter_d_precinct_guidelines__D12_3 DS2_1,,Part 10,text located uniquely in source Part pages (ashfield_chapter_d.pdf v1.1-2026-03-02)
110622,Inner_West_Ashfield_DCP_2016__chapter_d_precinct_guidelines__D12_3 DS2_2,,Part 10,text located uniquely in source Part pages (ashfield_chapter_d.pdf v1.1-2026-03-02)
110623,Inner_West_Ashfield_DCP_2016__chapter_d_precinct_guidelines__D12_3 PC3,,Part 10,text located uniquely in source Part pages (ashfield_chapter_d.pdf v1.1-2026-03-02)
110639,Inner_West_Ashfield_DCP_2016__chapter_d_precinct_guidelines__D11 O1,,Part 11,text located uniquely in source Part pages (ashfield_chapter_d.pdf v1.1-2026-03-02)
110640,Inner_West_Ashfield_DCP_2016__chapter_d_precinct_guidelines__D11 O2,,Part 11,text located uniquely in source Part pages (ashfield_chapter_d.pdf v1.1-2026-03-02)
110641,Inner_West_Ashfield_DCP_2016__chapter_d_precinct_guidelines__D11 PC1,,Part 11,text located uniquely in source Part pages (ashfield_chapter_d.pdf v1.1-2026-03-02)
110642,Inner_West_Ashfield_DCP_2016__chapter_d_precinct_guidelines__D11 DS1_1,,Part 11,text located uniquely in source Part pages (ashfield_chapter_d.pdf v1.1-2026-03-02)
110643,Inner_West_Ashfield_DCP_2016__chapter_d_precinct_guidelines__D11 PC2,,Part 11,text located uniquely in source Part pages (ashfield_chapter_d.pdf v1.1-2026-03-02)
110644,Inner_West_Ashfield_DCP_2016__chapter_d_precinct_guidelines__D11 PC3,,Part 11,text located uniquely in source Part pages (ashfield_chapter_d.pdf v1.1-2026-03-02)
110645,Inner_West_Ashfield_DCP_2016__chapter_d_precinct_guidelines__D11 DS3_1,,Part 11,text located uniquely in source Part pages (ashfield_chapter_d.pdf v1.1-2026-03-02)
110646,Inner_West_Ashfield_DCP_2016__chapter_d_precinct_guidelines__D11 PC4_1,,Part 11,text located uniquely in source Part pages (ashfield_chapter_d.pdf v1.1-2026-03-02)
110647,Inner_West_Ashfield_DCP_2016__chapter_d_precinct_guidelines__D11 PC4_2,,Part 11,text located uniquely in source Part pages (ashfield_chapter_d.pdf v1.1-2026-03-02)
110648,Inner_West_Ashfield_DCP_2016__chapter_d_precinct_guidelines__D11 PC4_3,,Part 11,text located uniquely in source Part pages (ashfield_chapter_d.pdf v1.1-2026-03-02)
110649,Inner_West_Ashfield_DCP_2016__chapter_d_precinct_guidelines__D11 PC4_4,,Part 11,text located uniquely in source Part pages (ashfield_chapter_d.pdf v1.1-2026-03-02)
110651,Inner_West_Ashfield_DCP_2016__chapter_d_precinct_guidelines__D11 PC5_1,,Part 11,text located uniquely in source Part pages (ashfield_chapter_d.pdf v1.1-2026-03-02)
110652,Inner_West_Ashfield_DCP_2016__chapter_d_precinct_guidelines__D11 PC5_2,,Part 11,text located uniquely in source Part pages (ashfield_chapter_d.pdf v1.1-2026-03-02)
110653,Inner_West_Ashfield_DCP_2016__chapter_d_precinct_guidelines__D11 DS5_1,,Part 11,text located uniquely in source Part pages (ashfield_chapter_d.pdf v1.1-2026-03-02)
110654,Inner_West_Ashfield_DCP_2016__chapter_d_precinct_guidelines__D11 PC6,,Part 11,text located uniquely in source Part pages (ashfield_chapter_d.pdf v1.1-2026-03-02)
110655,Inner_West_Ashfield_DCP_2016__chapter_d_precinct_guidelines__D11 DS6_1,,Part 11,text located uniquely in source Part pages (ashfield_chapter_d.pdf v1.1-2026-03-02)
110658,Inner_West_Ashfield_DCP_2016__chapter_d_precinct_guidelines__D12_3 Purpose,,Part 12,text located uniquely in source Part pages (ashfield_chapter_d.pdf v1.1-2026-03-02)
110659,Inner_West_Ashfield_DCP_2016__chapter_d_precinct_guidelines__D12_3 DS2_3,,Part 12,text located uniquely in source Part pages (ashfield_chapter_d.pdf v1.1-2026-03-02)
110660,Inner_West_Ashfield_DCP_2016__chapter_d_precinct_guidelines__D12_3 DS2_4,,Part 12,text located uniquely in source Part pages (ashfield_chapter_d.pdf v1.1-2026-03-02)
110661,Inner_West_Ashfield_DCP_2016__chapter_d_precinct_guidelines__D12_3 DS2_5,,Part 12,text located uniquely in source Part pages (ashfield_chapter_d.pdf v1.1-2026-03-02)
110662,Inner_West_Ashfield_DCP_2016__chapter_d_precinct_guidelines__D12_3 DS2_6,,Part 12,text located uniquely in source Part pages (ashfield_chapter_d.pdf v1.1-2026-03-02)
110663,Inner_West_Ashfield_DCP_2016__chapter_d_precinct_guidelines__D12_3 DS2_7,,Part 12,text located uniquely in source Part pages (ashfield_chapter_d.pdf v1.1-2026-03-02)
110664,Inner_West_Ashfield_DCP_2016__chapter_d_precinct_guidelines__D12_3 PC6,,Part 12,text located uniquely in source Part pages (ashfield_chapter_d.pdf v1.1-2026-03-02)
110665,Inner_West_Ashfield_DCP_2016__chapter_d_precinct_guidelines__D12_3 DS3_2,,Part 12,text located uniquely in source Part pages (ashfield_chapter_d.pdf v1.1-2026-03-02)
110666,Inner_West_Ashfield_DCP_2016__chapter_d_precinct_guidelines__D12_3 PC7,,Part 12,text located uniquely in source Part pages (ashfield_chapter_d.pdf v1.1-2026-03-02)
110667,Inner_West_Ashfield_DCP_2016__chapter_d_precinct_guidelines__D12_3 PC8,,Part 12,text located uniquely in source Part pages (ashfield_chapter_d.pdf v1.1-2026-03-02)
110668,Inner_West_Ashfield_DCP_2016__chapter_d_precinct_guidelines__D12_3 PC9,,Part 12,text located uniquely in source Part pages (ashfield_chapter_d.pdf v1.1-2026-03-02)
110669,Inner_West_Ashfield_DCP_2016__chapter_d_precinct_guidelines__D12_3 DS6_1,,Part 12,text located uniquely in source Part pages (ashfield_chapter_d.pdf v1.1-2026-03-02)
110670,Inner_West_Ashfield_DCP_2016__chapter_d_precinct_guidelines__D13_1 Application,,Part 13,text located uniquely in source Part pages (ashfield_chapter_d.pdf v1.1-2026-03-02)
110672,Inner_West_Ashfield_DCP_2016__chapter_d_precinct_guidelines__D13_1 Purpose,,Part 13,text located uniquely in source Part pages (ashfield_chapter_d.pdf v1.1-2026-03-02)
110673,Inner_West_Ashfield_DCP_2016__chapter_d_precinct_guidelines__D13_1 PC01,,Part 13,text located uniquely in source Part pages (ashfield_chapter_d.pdf v1.1-2026-03-02)
110674,Inner_West_Ashfield_DCP_2016__chapter_d_precinct_guidelines__D13_1 DS1_1,,Part 13,text located uniquely in source Part pages (ashfield_chapter_d.pdf v1.1-2026-03-02)
110675,Inner_West_Ashfield_DCP_2016__chapter_d_precinct_guidelines__D13_1 DS1_2,,Part 13,text located uniquely in source Part pages (ashfield_chapter_d.pdf v1.1-2026-03-02)
110676,Inner_West_Ashfield_DCP_2016__chapter_d_precinct_guidelines__D13_1 DS1_3,,Part 13,text located uniquely in source Part pages (ashfield_chapter_d.pdf v1.1-2026-03-02)
110677,Inner_West_Ashfield_DCP_2016__chapter_d_precinct_guidelines__D13_1 DS1_4,,Part 13,text located uniquely in source Part pages (ashfield_chapter_d.pdf v1.1-2026-03-02)
110678,Inner_West_Ashfield_DCP_2016__chapter_d_precinct_guidelines__D13_1 PC02,,Part 13,text located uniquely in source Part pages (ashfield_chapter_d.pdf v1.1-2026-03-02)
110679,Inner_West_Ashfield_DCP_2016__chapter_d_precinct_guidelines__D13_1 PC03,,Part 13,text located uniquely in source Part pages (ashfield_chapter_d.pdf v1.1-2026-03-02)
110680,Inner_West_Ashfield_DCP_2016__chapter_d_precinct_guidelines__D13_1 DS3_1,,Part 13,text located uniquely in source Part pages (ashfield_chapter_d.pdf v1.1-2026-03-02)
110681,Inner_West_Ashfield_DCP_2016__chapter_d_precinct_guidelines__D13_1 PC04,,Part 13,text located uniquely in source Part pages (ashfield_chapter_d.pdf v1.1-2026-03-02)
110682,Inner_West_Ashfield_DCP_2016__chapter_d_precinct_guidelines__D13_1 DS4_1,,Part 13,text located uniquely in source Part pages (ashfield_chapter_d.pdf v1.1-2026-03-02)
110683,Inner_West_Ashfield_DCP_2016__chapter_d_precinct_guidelines__D13_1 DS4_2,,Part 13,text located uniquely in source Part pages (ashfield_chapter_d.pdf v1.1-2026-03-02)
110684,Inner_West_Ashfield_DCP_2016__chapter_d_precinct_guidelines__D13_1 PC05,,Part 13,text located uniquely in source Part pages (ashfield_chapter_d.pdf v1.1-2026-03-02)
110685,Inner_West_Ashfield_DCP_2016__chapter_d_precinct_guidelines__D13_1 DS5_1,,Part 13,text located uniquely in source Part pages (ashfield_chapter_d.pdf v1.1-2026-03-02)
110686,Inner_West_Ashfield_DCP_2016__chapter_d_precinct_guidelines__D13_1 DS5_2,,Part 13,text located uniquely in source Part pages (ashfield_chapter_d.pdf v1.1-2026-03-02)
110687,Inner_West_Ashfield_DCP_2016__chapter_d_precinct_guidelines__D13_1 PC06,,Part 13,text located uniquely in source Part pages (ashfield_chapter_d.pdf v1.1-2026-03-02)
110688,Inner_West_Ashfield_DCP_2016__chapter_d_precinct_guidelines__D13_1 DS6_1,,Part 13,text located uniquely in source Part pages (ashfield_chapter_d.pdf v1.1-2026-03-02)
110689,Inner_West_Ashfield_DCP_2016__chapter_d_precinct_guidelines__D13_1 DS6_2,,Part 13,text located uniquely in source Part pages (ashfield_chapter_d.pdf v1.1-2026-03-02)
110690,Inner_West_Ashfield_DCP_2016__chapter_d_precinct_guidelines__D13_1 DS6_3,,Part 13,text located uniquely in source Part pages (ashfield_chapter_d.pdf v1.1-2026-03-02)
110691,Inner_West_Ashfield_DCP_2016__chapter_d_precinct_guidelines__D13_1 PC07,,Part 13,text located uniquely in source Part pages (ashfield_chapter_d.pdf v1.1-2026-03-02)
110692,Inner_West_Ashfield_DCP_2016__chapter_d_precinct_guidelines__D13_1 DS7_1,,Part 13,text located uniquely in source Part pages (ashfield_chapter_d.pdf v1.1-2026-03-02)
110693,Inner_West_Ashfield_DCP_2016__chapter_d_precinct_guidelines__D13_1 DS7_2,,Part 13,text located uniquely in source Part pages (ashfield_chapter_d.pdf v1.1-2026-03-02)
110694,Inner_West_Ashfield_DCP_2016__chapter_d_precinct_guidelines__D13_1 PC08,,Part 13,text located uniquely in source Part pages (ashfield_chapter_d.pdf v1.1-2026-03-02)
110695,Inner_West_Ashfield_DCP_2016__chapter_d_precinct_guidelines__D13_1 DS8_1,,Part 13,text located uniquely in source Part pages (ashfield_chapter_d.pdf v1.1-2026-03-02)
110696,Inner_West_Ashfield_DCP_2016__chapter_d_precinct_guidelines__D13_1 PC09,,Part 13,text located uniquely in source Part pages (ashfield_chapter_d.pdf v1.1-2026-03-02)
110697,Inner_West_Ashfield_DCP_2016__chapter_d_precinct_guidelines__D13_1 DS9_1,,Part 13,text located uniquely in source Part pages (ashfield_chapter_d.pdf v1.1-2026-03-02)
110698,Inner_West_Ashfield_DCP_2016__chapter_d_precinct_guidelines__D13_1 DS9_2,,Part 13,text located uniquely in source Part pages (ashfield_chapter_d.pdf v1.1-2026-03-02)
110699,Inner_West_Ashfield_DCP_2016__chapter_d_precinct_guidelines__D13_1 PC10,,Part 13,text located uniquely in source Part pages (ashfield_chapter_d.pdf v1.1-2026-03-02)
110700,Inner_West_Ashfield_DCP_2016__chapter_d_precinct_guidelines__D13_1 DS10_1,,Part 13,text located uniquely in source Part pages (ashfield_chapter_d.pdf v1.1-2026-03-02)
110701,Inner_West_Ashfield_DCP_2016__chapter_d_precinct_guidelines__D13_1 DS10_2,,Part 13,text located uniquely in source Part pages (ashfield_chapter_d.pdf v1.1-2026-03-02)
110702,Inner_West_Ashfield_DCP_2016__chapter_e2_haberfield__2_1 O1,,Haberfield,chapter_e2_haberfield document scope = Haberfield Neighbourhood
110703,Inner_West_Ashfield_DCP_2016__chapter_e2_haberfield__2_1 O2,,Haberfield,chapter_e2_haberfield document scope = Haberfield Neighbourhood
110704,Inner_West_Ashfield_DCP_2016__chapter_e2_haberfield__2_1 O3,,Haberfield,chapter_e2_haberfield document scope = Haberfield Neighbourhood
110705,Inner_West_Ashfield_DCP_2016__chapter_e2_haberfield__2_1 C1,,Haberfield,chapter_e2_haberfield document scope = Haberfield Neighbourhood
110706,Inner_West_Ashfield_DCP_2016__chapter_e2_haberfield__2_1 C2,,Haberfield,chapter_e2_haberfield document scope = Haberfield Neighbourhood
110707,Inner_West_Ashfield_DCP_2016__chapter_e2_haberfield__2_1 C3,,Haberfield,chapter_e2_haberfield document scope = Haberfield Neighbourhood
110708,Inner_West_Ashfield_DCP_2016__chapter_e2_haberfield__2_2_2 O4,,Haberfield,chapter_e2_haberfield document scope = Haberfield Neighbourhood
110709,Inner_West_Ashfield_DCP_2016__chapter_e2_haberfield__2_2_2 O5,,Haberfield,chapter_e2_haberfield document scope = Haberfield Neighbourhood
110710,Inner_West_Ashfield_DCP_2016__chapter_e2_haberfield__2_2_2 O6,,Haberfield,chapter_e2_haberfield document scope = Haberfield Neighbourhood
110711,Inner_West_Ashfield_DCP_2016__chapter_e2_haberfield__2_2_2 O7,,Haberfield,chapter_e2_haberfield document scope = Haberfield Neighbourhood
110712,Inner_West_Ashfield_DCP_2016__chapter_e2_haberfield__2_2_3 C4,,Haberfield,chapter_e2_haberfield document scope = Haberfield Neighbourhood
110713,Inner_West_Ashfield_DCP_2016__chapter_e2_haberfield__2_2_3 C5,,Haberfield,chapter_e2_haberfield document scope = Haberfield Neighbourhood
110714,Inner_West_Ashfield_DCP_2016__chapter_e2_haberfield__2_2_4 C6,,Haberfield,chapter_e2_haberfield document scope = Haberfield Neighbourhood
110715,Inner_West_Ashfield_DCP_2016__chapter_e2_haberfield__2_2_4 C7,,Haberfield,chapter_e2_haberfield document scope = Haberfield Neighbourhood
110716,Inner_West_Ashfield_DCP_2016__chapter_e2_haberfield__2_2_4 C8,,Haberfield,chapter_e2_haberfield document scope = Haberfield Neighbourhood
110717,Inner_West_Ashfield_DCP_2016__chapter_e2_haberfield__2_2_4 C9,,Haberfield,chapter_e2_haberfield document scope = Haberfield Neighbourhood
110718,Inner_West_Ashfield_DCP_2016__chapter_e2_haberfield__2_2_4 C10,,Haberfield,chapter_e2_haberfield document scope = Haberfield Neighbourhood
110719,Inner_West_Ashfield_DCP_2016__chapter_e2_haberfield__2_2_4 C11,,Haberfield,chapter_e2_haberfield document scope = Haberfield Neighbourhood
110720,Inner_West_Ashfield_DCP_2016__chapter_e2_haberfield__2_2_4 C12,,Haberfield,chapter_e2_haberfield document scope = Haberfield Neighbourhood
110721,Inner_West_Ashfield_DCP_2016__chapter_e2_haberfield__2_2_4 C13,,Haberfield,chapter_e2_haberfield document scope = Haberfield Neighbourhood
110722,Inner_West_Ashfield_DCP_2016__chapter_e2_haberfield__2_2_4 C14,,Haberfield,chapter_e2_haberfield document scope = Haberfield Neighbourhood
110723,Inner_West_Ashfield_DCP_2016__chapter_e2_haberfield__2_2_4 C15,,Haberfield,chapter_e2_haberfield document scope = Haberfield Neighbourhood
110724,Inner_West_Ashfield_DCP_2016__chapter_e2_haberfield__2_2_4 C16,,Haberfield,chapter_e2_haberfield document scope = Haberfield Neighbourhood
110725,Inner_West_Ashfield_DCP_2016__chapter_e2_haberfield__2_2_5 C17,,Haberfield,chapter_e2_haberfield document scope = Haberfield Neighbourhood
110726,Inner_West_Ashfield_DCP_2016__chapter_e2_haberfield__2_2_5 C18,,Haberfield,chapter_e2_haberfield document scope = Haberfield Neighbourhood
110727,Inner_West_Ashfield_DCP_2016__chapter_e2_haberfield__2_2_5 C19,,Haberfield,chapter_e2_haberfield document scope = Haberfield Neighbourhood
110728,Inner_West_Ashfield_DCP_2016__chapter_e2_haberfield__2_2_5 C20,,Haberfield,chapter_e2_haberfield document scope = Haberfield Neighbourhood
110729,Inner_West_Ashfield_DCP_2016__chapter_e2_haberfield__2_2_5 C21,,Haberfield,chapter_e2_haberfield document scope = Haberfield Neighbourhood
110730,Inner_West_Ashfield_DCP_2016__chapter_e2_haberfield__2_2_6 C22,,Haberfield,chapter_e2_haberfield document scope = Haberfield Neighbourhood
110731,Inner_West_Ashfield_DCP_2016__chapter_e2_haberfield__2_2_6 C23,,Haberfield,chapter_e2_haberfield document scope = Haberfield Neighbourhood
110732,Inner_West_Ashfield_DCP_2016__chapter_e2_haberfield__2_2_6 C24,,Haberfield,chapter_e2_haberfield document scope = Haberfield Neighbourhood
110733,Inner_West_Ashfield_DCP_2016__chapter_e2_haberfield__2_2_6 C25,,Haberfield,chapter_e2_haberfield document scope = Haberfield Neighbourhood
110734,Inner_West_Ashfield_DCP_2016__chapter_e2_haberfield__2_2_6 C26,,Haberfield,chapter_e2_haberfield document scope = Haberfield Neighbourhood
110735,Inner_West_Ashfield_DCP_2016__chapter_e2_haberfield__2_2_7 C27,,Haberfield,chapter_e2_haberfield document scope = Haberfield Neighbourhood
110736,Inner_West_Ashfield_DCP_2016__chapter_e2_haberfield__2_2_7 C28,,Haberfield,chapter_e2_haberfield document scope = Haberfield Neighbourhood
110737,Inner_West_Ashfield_DCP_2016__chapter_e2_haberfield__2_2_7 C29,,Haberfield,chapter_e2_haberfield document scope = Haberfield Neighbourhood
110738,Inner_West_Ashfield_DCP_2016__chapter_e2_haberfield__2_2_7 C30,,Haberfield,chapter_e2_haberfield document scope = Haberfield Neighbourhood
110739,Inner_West_Ashfield_DCP_2016__chapter_e2_haberfield__2_2_7 C31,,Haberfield,chapter_e2_haberfield document scope = Haberfield Neighbourhood
110740,Inner_West_Ashfield_DCP_2016__chapter_e2_haberfield__2_2_8 C32,,Haberfield,chapter_e2_haberfield document scope = Haberfield Neighbourhood
110741,Inner_West_Ashfield_DCP_2016__chapter_e2_haberfield__2_2_8 C33,,Haberfield,chapter_e2_haberfield document scope = Haberfield Neighbourhood
110742,Inner_West_Ashfield_DCP_2016__chapter_e2_haberfield__2_2_8 C34,,Haberfield,chapter_e2_haberfield document scope = Haberfield Neighbourhood
110743,Inner_West_Ashfield_DCP_2016__chapter_e2_haberfield__2_2_9 C35,,Haberfield,chapter_e2_haberfield document scope = Haberfield Neighbourhood
110744,Inner_West_Ashfield_DCP_2016__chapter_e2_haberfield__2_2_9 C36,,Haberfield,chapter_e2_haberfield document scope = Haberfield Neighbourhood
110745,Inner_West_Ashfield_DCP_2016__chapter_e2_haberfield__2_2_9 C37,,Haberfield,chapter_e2_haberfield document scope = Haberfield Neighbourhood
110746,Inner_West_Ashfield_DCP_2016__chapter_e2_haberfield__2_2_10 C38,,Haberfield,chapter_e2_haberfield document scope = Haberfield Neighbourhood
110747,Inner_West_Ashfield_DCP_2016__chapter_e2_haberfield__2_2_10 C39,,Haberfield,chapter_e2_haberfield document scope = Haberfield Neighbourhood
110748,Inner_West_Ashfield_DCP_2016__chapter_e2_haberfield__2_2_10 C40,,Haberfield,chapter_e2_haberfield document scope = Haberfield Neighbourhood
110749,Inner_West_Ashfield_DCP_2016__chapter_e2_haberfield__2_2_10 C41,,Haberfield,chapter_e2_haberfield document scope = Haberfield Neighbourhood
110750,Inner_West_Ashfield_DCP_2016__chapter_e2_haberfield__2_2_10 C42,,Haberfield,chapter_e2_haberfield document scope = Haberfield Neighbourhood
110751,Inner_West_Ashfield_DCP_2016__chapter_e2_haberfield__2_2_10 C43,,Haberfield,chapter_e2_haberfield document scope = Haberfield Neighbourhood
110752,Inner_West_Ashfield_DCP_2016__chapter_e2_haberfield__2_2_11 C44,,Haberfield,chapter_e2_haberfield document scope = Haberfield Neighbourhood
110753,Inner_West_Ashfield_DCP_2016__chapter_e2_haberfield__2_2_11 C45,,Haberfield,chapter_e2_haberfield document scope = Haberfield Neighbourhood
110754,Inner_West_Ashfield_DCP_2016__chapter_e2_haberfield__2_2_11 C46,,Haberfield,chapter_e2_haberfield document scope = Haberfield Neighbourhood
110755,Inner_West_Ashfield_DCP_2016__chapter_e2_haberfield__2_2_12 C47,,Haberfield,chapter_e2_haberfield document scope = Haberfield Neighbourhood
110756,Inner_West_Ashfield_DCP_2016__chapter_e2_haberfield__2_2_12 C48,,Haberfield,chapter_e2_haberfield document scope = Haberfield Neighbourhood
110757,Inner_West_Ashfield_DCP_2016__chapter_e2_haberfield__2_2_12 C49,,Haberfield,chapter_e2_haberfield document scope = Haberfield Neighbourhood
110758,Inner_West_Ashfield_DCP_2016__chapter_e2_haberfield__2_2_12 C50,,Haberfield,chapter_e2_haberfield document scope = Haberfield Neighbourhood
110759,Inner_West_Ashfield_DCP_2016__chapter_e2_haberfield__C51,,Haberfield,chapter_e2_haberfield document scope = Haberfield Neighbourhood
110760,Inner_West_Ashfield_DCP_2016__chapter_e2_haberfield__2_2_13 C52,,Haberfield,chapter_e2_haberfield document scope = Haberfield Neighbourhood
110761,Inner_West_Ashfield_DCP_2016__chapter_e2_haberfield__2_2_13 C53,,Haberfield,chapter_e2_haberfield document scope = Haberfield Neighbourhood
110762,Inner_West_Ashfield_DCP_2016__chapter_e2_haberfield__2_2_13 C54,,Haberfield,chapter_e2_haberfield document scope = Haberfield Neighbourhood
110763,Inner_West_Ashfield_DCP_2016__chapter_e2_haberfield__2_2_13 C55,,Haberfield,chapter_e2_haberfield document scope = Haberfield Neighbourhood
110764,Inner_West_Ashfield_DCP_2016__chapter_e2_haberfield__2_2_13 C56,,Haberfield,chapter_e2_haberfield document scope = Haberfield Neighbourhood
110765,Inner_West_Ashfield_DCP_2016__chapter_e2_haberfield__2_2_13 C57,,Haberfield,chapter_e2_haberfield document scope = Haberfield Neighbourhood
110766,Inner_West_Ashfield_DCP_2016__chapter_e2_haberfield__2_2_13 C58,,Haberfield,chapter_e2_haberfield document scope = Haberfield Neighbourhood
110767,Inner_West_Ashfield_DCP_2016__chapter_e2_haberfield__2_2_13 C59,,Haberfield,chapter_e2_haberfield document scope = Haberfield Neighbourhood
110768,Inner_West_Ashfield_DCP_2016__chapter_e2_haberfield__2_2_14 C60,,Haberfield,chapter_e2_haberfield document scope = Haberfield Neighbourhood
110769,Inner_West_Ashfield_DCP_2016__chapter_e2_haberfield__2_2_14 C61,,Haberfield,chapter_e2_haberfield document scope = Haberfield Neighbourhood
110770,Inner_West_Ashfield_DCP_2016__chapter_e2_haberfield__2_2_14 C62,,Haberfield,chapter_e2_haberfield document scope = Haberfield Neighbourhood
110771,Inner_West_Ashfield_DCP_2016__chapter_e2_haberfield__2_2_14 C63,,Haberfield,chapter_e2_haberfield document scope = Haberfield Neighbourhood
110772,Inner_West_Ashfield_DCP_2016__chapter_e2_haberfield__2_2_14 C64,,Haberfield,chapter_e2_haberfield document scope = Haberfield Neighbourhood
110773,Inner_West_Ashfield_DCP_2016__chapter_e2_haberfield__2_2_14 C65,,Haberfield,chapter_e2_haberfield document scope = Haberfield Neighbourhood
110774,Inner_West_Ashfield_DCP_2016__chapter_e2_haberfield__2_2_14 C66,,Haberfield,chapter_e2_haberfield document scope = Haberfield Neighbourhood
110775,Inner_West_Ashfield_DCP_2016__chapter_e2_haberfield__2_2_14 C67,,Haberfield,chapter_e2_haberfield document scope = Haberfield Neighbourhood
110776,Inner_West_Ashfield_DCP_2016__chapter_e2_haberfield__2_2_14 C68,,Haberfield,chapter_e2_haberfield document scope = Haberfield Neighbourhood
110777,Inner_West_Ashfield_DCP_2016__chapter_e2_haberfield__2_2_15 C69,,Haberfield,chapter_e2_haberfield document scope = Haberfield Neighbourhood
110778,Inner_West_Ashfield_DCP_2016__chapter_e2_haberfield__2_2_15 C70,,Haberfield,chapter_e2_haberfield document scope = Haberfield Neighbourhood
110779,Inner_West_Ashfield_DCP_2016__chapter_e2_haberfield__2_2_15 C71,,Haberfield,chapter_e2_haberfield document scope = Haberfield Neighbourhood
110780,Inner_West_Ashfield_DCP_2016__chapter_e2_haberfield__2_2_15 C72,,Haberfield,chapter_e2_haberfield document scope = Haberfield Neighbourhood
110781,Inner_West_Ashfield_DCP_2016__chapter_e2_haberfield__2_2_15 C73,,Haberfield,chapter_e2_haberfield document scope = Haberfield Neighbourhood
110782,Inner_West_Ashfield_DCP_2016__chapter_e2_haberfield__2_2_16 C74,,Haberfield,chapter_e2_haberfield document scope = Haberfield Neighbourhood
110783,Inner_West_Ashfield_DCP_2016__chapter_e2_haberfield__2_2_16 C75,,Haberfield,chapter_e2_haberfield document scope = Haberfield Neighbourhood
110784,Inner_West_Ashfield_DCP_2016__chapter_e2_haberfield__2_2_16 C76,,Haberfield,chapter_e2_haberfield document scope = Haberfield Neighbourhood
110785,Inner_West_Ashfield_DCP_2016__chapter_e2_haberfield__2_2_16 C77,,Haberfield,chapter_e2_haberfield document scope = Haberfield Neighbourhood
110786,Inner_West_Ashfield_DCP_2016__chapter_e2_haberfield__2_2_16 C78,,Haberfield,chapter_e2_haberfield document scope = Haberfield Neighbourhood
110787,Inner_West_Ashfield_DCP_2016__chapter_e2_haberfield__2_2_16 C79,,Haberfield,chapter_e2_haberfield document scope = Haberfield Neighbourhood
110788,Inner_West_Ashfield_DCP_2016__chapter_e2_haberfield__2_2_16 C80,,Haberfield,chapter_e2_haberfield document scope = Haberfield Neighbourhood
110789,Inner_West_Ashfield_DCP_2016__chapter_e2_haberfield__2_2_16 C81,,Haberfield,chapter_e2_haberfield document scope = Haberfield Neighbourhood
110790,Inner_West_Ashfield_DCP_2016__chapter_e2_haberfield__2_2_17 C82,,Haberfield,chapter_e2_haberfield document scope = Haberfield Neighbourhood
110791,Inner_West_Ashfield_DCP_2016__chapter_e2_haberfield__2_2_17 C83,,Haberfield,chapter_e2_haberfield document scope = Haberfield Neighbourhood
110792,Inner_West_Ashfield_DCP_2016__chapter_e2_haberfield__2_2_17 C84,,Haberfield,chapter_e2_haberfield document scope = Haberfield Neighbourhood
110793,Inner_West_Ashfield_DCP_2016__chapter_e2_haberfield__2_2_17 C85,,Haberfield,chapter_e2_haberfield document scope = Haberfield Neighbourhood
110794,Inner_West_Ashfield_DCP_2016__chapter_e2_haberfield__2_2_17 C86,,Haberfield,chapter_e2_haberfield document scope = Haberfield Neighbourhood
110795,Inner_West_Ashfield_DCP_2016__chapter_e2_haberfield__2_2_17 C87,,Haberfield,chapter_e2_haberfield document scope = Haberfield Neighbourhood
110796,Inner_West_Ashfield_DCP_2016__chapter_e2_haberfield__2_2_17 C88,,Haberfield,chapter_e2_haberfield document scope = Haberfield Neighbourhood
110797,Inner_West_Ashfield_DCP_2016__chapter_e2_haberfield__2_2_18 C89,,Haberfield,chapter_e2_haberfield document scope = Haberfield Neighbourhood
110798,Inner_West_Ashfield_DCP_2016__chapter_e2_haberfield__2_2_18 C90,,Haberfield,chapter_e2_haberfield document scope = Haberfield Neighbourhood
110799,Inner_West_Ashfield_DCP_2016__chapter_e2_haberfield__2_2_19 C91,,Haberfield,chapter_e2_haberfield document scope = Haberfield Neighbourhood
110800,Inner_West_Ashfield_DCP_2016__chapter_e2_haberfield__2_2_19 C92,,Haberfield,chapter_e2_haberfield document scope = Haberfield Neighbourhood
110801,Inner_West_Ashfield_DCP_2016__chapter_e2_haberfield__2_2_19 C93,,Haberfield,chapter_e2_haberfield document scope = Haberfield Neighbourhood
110802,Inner_West_Ashfield_DCP_2016__chapter_e2_haberfield__2_2_19 C94,,Haberfield,chapter_e2_haberfield document scope = Haberfield Neighbourhood
110803,Inner_West_Ashfield_DCP_2016__chapter_e2_haberfield__2_2_19 C95,,Haberfield,chapter_e2_haberfield document scope = Haberfield Neighbourhood
110804,Inner_West_Ashfield_DCP_2016__chapter_e2_haberfield__2_2_19 C96,,Haberfield,chapter_e2_haberfield document scope = Haberfield Neighbourhood
110805,Inner_West_Ashfield_DCP_2016__chapter_e2_haberfield__2_2_20 C97,,Haberfield,chapter_e2_haberfield document scope = Haberfield Neighbourhood
110806,Inner_West_Ashfield_DCP_2016__chapter_e2_haberfield__2_2_21 C98,,Haberfield,chapter_e2_haberfield document scope = Haberfield Neighbourhood
110807,Inner_West_Ashfield_DCP_2016__chapter_e2_haberfield__2_2_21 C99,,Haberfield,chapter_e2_haberfield document scope = Haberfield Neighbourhood
110808,Inner_West_Ashfield_DCP_2016__chapter_e2_haberfield__2_2_21 C100,,Haberfield,chapter_e2_haberfield document scope = Haberfield Neighbourhood
110809,Inner_West_Ashfield_DCP_2016__chapter_e2_haberfield__2_2_21 C101,,Haberfield,chapter_e2_haberfield document scope = Haberfield Neighbourhood
110810,Inner_West_Ashfield_DCP_2016__chapter_e2_haberfield__2_2_21 C102,,Haberfield,chapter_e2_haberfield document scope = Haberfield Neighbourhood
110811,Inner_West_Ashfield_DCP_2016__chapter_e2_haberfield__2_2_21 C103,,Haberfield,chapter_e2_haberfield document scope = Haberfield Neighbourhood
110812,Inner_West_Ashfield_DCP_2016__chapter_e2_haberfield__2_2_21 C104,,Haberfield,chapter_e2_haberfield document scope = Haberfield Neighbourhood
110813,Inner_West_Ashfield_DCP_2016__chapter_e2_haberfield__2_3 O8,,Haberfield,chapter_e2_haberfield document scope = Haberfield Neighbourhood
110814,Inner_West_Ashfield_DCP_2016__chapter_e2_haberfield__2_3 O9,,Haberfield,chapter_e2_haberfield document scope = Haberfield Neighbourhood
110815,Inner_West_Ashfield_DCP_2016__chapter_e2_haberfield__2_3 O10,,Haberfield,chapter_e2_haberfield document scope = Haberfield Neighbourhood
110816,Inner_West_Ashfield_DCP_2016__chapter_e2_haberfield__2_3 O11,,Haberfield,chapter_e2_haberfield document scope = Haberfield Neighbourhood
110817,Inner_West_Ashfield_DCP_2016__chapter_e2_haberfield__2_3 C105,,Haberfield,chapter_e2_haberfield document scope = Haberfield Neighbourhood
110818,Inner_West_Ashfield_DCP_2016__chapter_e2_haberfield__2_3 C106,,Haberfield,chapter_e2_haberfield document scope = Haberfield Neighbourhood
110819,Inner_West_Ashfield_DCP_2016__chapter_e2_haberfield__2_3 C107,,Haberfield,chapter_e2_haberfield document scope = Haberfield Neighbourhood
110820,Inner_West_Ashfield_DCP_2016__chapter_e2_haberfield__2_3 C108,,Haberfield,chapter_e2_haberfield document scope = Haberfield Neighbourhood
110821,Inner_West_Ashfield_DCP_2016__chapter_e2_haberfield__2_3 C109,,Haberfield,chapter_e2_haberfield document scope = Haberfield Neighbourhood
