id,document_id,pid_before,pid_after,layer_before,evidence
113966,Marrickville_DCP_2011__part9_p01_lewisham_north,,1_,generic,precinct id from per-precinct document_id (part9_p01)
113974,Marrickville_DCP_2011__part9_p01_lewisham_north,,1_,generic,precinct id from per-precinct document_id (part9_p01)
113975,Marrickville_DCP_2011__part9_p01_lewisham_north,,1_,generic,precinct id from per-precinct document_id (part9_p01)
113976,Marrickville_DCP_2011__part9_p01_lewisham_north,,1_,generic,precinct id from per-precinct document_id (part9_p01)
113982,Marrickville_DCP_2011__part9_p01_lewisham_north,,1_,generic,precinct id from per-precinct document_id (part9_p01)
113983,Marrickville_DCP_2011__part9_p01_lewisham_north,,1_,generic,precinct id from per-precinct document_id (part9_p01)
113960,Marrickville_DCP_2011__part9_p01_lewisham_north,,1_,generic,precinct id from per-precinct document_id (part9_p01)
113961,Marrickville_DCP_2011__part9_p01_lewisham_north,,1_,generic,precinct id from per-precinct document_id (part9_p01)
113962,Marrickville_DCP_2011__part9_p01_lewisham_north,,1_,generic,precinct id from per-precinct document_id (part9_p01)
113963,Marrickville_DCP_2011__part9_p01_lewisham_north,,1_,generic,precinct id from per-precinct document_id (part9_p01)
113964,Marrickville_DCP_2011__part9_p01_lewisham_north,,1_,generic,precinct id from per-precinct document_id (part9_p01)
113965,Marrickville_DCP_2011__part9_p01_lewisham_north,,1_,generic,precinct id from per-precinct document_id (part9_p01)
113967,Marrickville_DCP_2011__part9_p01_lewisham_north,,1_,generic,precinct id from per-precinct document_id (part9_p01)
113968,Marrickville_DCP_2011__part9_p01_lewisham_north,,1_,generic,precinct id from per-precinct document_id (part9_p01)
113969,Marrickville_DCP_2011__part9_p01_lewisham_north,,1_,generic,precinct id from per-precinct document_id (part9_p01)
113970,Marrickville_DCP_2011__part9_p01_lewisham_north,,1_,generic,precinct id from per-precinct document_id (part9_p01)
113971,Marrickville_DCP_2011__part9_p01_lewisham_north,,1_,generic,precinct id from per-precinct document_id (part9_p01)
113972,Marrickville_DCP_2011__part9_p01_lewisham_north,,1_,generic,precinct id from per-precinct document_id (part9_p01)
113973,Marrickville_DCP_2011__part9_p01_lewisham_north,,1_,generic,precinct id from per-precinct document_id (part9_p01)
113977,Marrickville_DCP_2011__part9_p01_lewisham_north,,1_,generic,precinct id from per-precinct document_id (part9_p01)
113978,Marrickville_DCP_2011__part9_p01_lewisham_north,,1_,generic,precinct id from per-precinct document_id (part9_p01)
113979,Marrickville_DCP_2011__part9_p01_lewisham_north,,1_,generic,precinct id from per-precinct document_id (part9_p01)
113980,Marrickville_DCP_2011__part9_p01_lewisham_north,,1_,generic,precinct id from per-precinct document_id (part9_p01)
113981,Marrickville_DCP_2011__part9_p01_lewisham_north,,1_,generic,precinct id from per-precinct document_id (part9_p01)
113984,Marrickville_DCP_2011__part9_p01_lewisham_north,,1_,generic,precinct id from per-precinct document_id (part9_p01)
114003,Marrickville_DCP_2011__part9_p02_petersham_north,,2_,generic,precinct id from per-precinct document_id (part9_p02)
114004,Marrickville_DCP_2011__part9_p02_petersham_north,,2_,generic,precinct id from per-precinct document_id (part9_p02)
114005,Marrickville_DCP_2011__part9_p02_petersham_north,,2_,generic,precinct id from per-precinct document_id (part9_p02)
113986,Marrickville_DCP_2011__part9_p02_petersham_north,,2_,generic,precinct id from per-precinct document_id (part9_p02)
113990,Marrickville_DCP_2011__part9_p02_petersham_north,,2_,generic,precinct id from per-precinct document_id (part9_p02)
113985,Marrickville_DCP_2011__part9_p02_petersham_north,,2_,generic,precinct id from per-precinct document_id (part9_p02)
113987,Marrickville_DCP_2011__part9_p02_petersham_north,,2_,generic,precinct id from per-precinct document_id (part9_p02)
113988,Marrickville_DCP_2011__part9_p02_petersham_north,,2_,generic,precinct id from per-precinct document_id (part9_p02)
113989,Marrickville_DCP_2011__part9_p02_petersham_north,,2_,generic,precinct id from per-precinct document_id (part9_p02)
113991,Marrickville_DCP_2011__part9_p02_petersham_north,,2_,generic,precinct id from per-precinct document_id (part9_p02)
113992,Marrickville_DCP_2011__part9_p02_petersham_north,,2_,generic,precinct id from per-precinct document_id (part9_p02)
113993,Marrickville_DCP_2011__part9_p02_petersham_north,,2_,generic,precinct id from per-precinct document_id (part9_p02)
113994,Marrickville_DCP_2011__part9_p02_petersham_north,,2_,generic,precinct id from per-precinct document_id (part9_p02)
113995,Marrickville_DCP_2011__part9_p02_petersham_north,,2_,generic,precinct id from per-precinct document_id (part9_p02)
113996,Marrickville_DCP_2011__part9_p02_petersham_north,,2_,generic,precinct id from per-precinct document_id (part9_p02)
113997,Marrickville_DCP_2011__part9_p02_petersham_north,,2_,generic,precinct id from per-precinct document_id (part9_p02)
113998,Marrickville_DCP_2011__part9_p02_petersham_north,,2_,generic,precinct id from per-precinct document_id (part9_p02)
113999,Marrickville_DCP_2011__part9_p02_petersham_north,,2_,generic,precinct id from per-precinct document_id (part9_p02)
114000,Marrickville_DCP_2011__part9_p02_petersham_north,,2_,generic,precinct id from per-precinct document_id (part9_p02)
114001,Marrickville_DCP_2011__part9_p02_petersham_north,,2_,generic,precinct id from per-precinct document_id (part9_p02)
114002,Marrickville_DCP_2011__part9_p02_petersham_north,,2_,generic,precinct id from per-precinct document_id (part9_p02)
114006,Marrickville_DCP_2011__part9_p02_petersham_north,,2_,generic,precinct id from per-precinct document_id (part9_p02)
114015,Marrickville_DCP_2011__part9_p03_stanmore_north,,3_,generic,precinct id from per-precinct document_id (part9_p03)
114016,Marrickville_DCP_2011__part9_p03_stanmore_north,,3_,generic,precinct id from per-precinct document_id (part9_p03)
114007,Marrickville_DCP_2011__part9_p03_stanmore_north,,3_,generic,precinct id from per-precinct document_id (part9_p03)
114008,Marrickville_DCP_2011__part9_p03_stanmore_north,,3_,generic,precinct id from per-precinct document_id (part9_p03)
114009,Marrickville_DCP_2011__part9_p03_stanmore_north,,3_,generic,precinct id from per-precinct document_id (part9_p03)
114010,Marrickville_DCP_2011__part9_p03_stanmore_north,,3_,generic,precinct id from per-precinct document_id (part9_p03)
114011,Marrickville_DCP_2011__part9_p03_stanmore_north,,3_,generic,precinct id from per-precinct document_id (part9_p03)
114012,Marrickville_DCP_2011__part9_p03_stanmore_north,,3_,generic,precinct id from per-precinct document_id (part9_p03)
114013,Marrickville_DCP_2011__part9_p03_stanmore_north,,3_,generic,precinct id from per-precinct document_id (part9_p03)
114014,Marrickville_DCP_2011__part9_p03_stanmore_north,,3_,generic,precinct id from per-precinct document_id (part9_p03)
114017,Marrickville_DCP_2011__part9_p03_stanmore_north,,3_,generic,precinct id from per-precinct document_id (part9_p03)
114018,Marrickville_DCP_2011__part9_p03_stanmore_north,,3_,generic,precinct id from per-precinct document_id (part9_p03)
114019,Marrickville_DCP_2011__part9_p03_stanmore_north,,3_,generic,precinct id from per-precinct document_id (part9_p03)
114029,Marrickville_DCP_2011__part9_p04_newtown_north,,4_,generic,precinct id from per-precinct document_id (part9_p04)
114020,Marrickville_DCP_2011__part9_p04_newtown_north,,4_,generic,precinct id from per-precinct document_id (part9_p04)
114021,Marrickville_DCP_2011__part9_p04_newtown_north,,4_,generic,precinct id from per-precinct document_id (part9_p04)
114022,Marrickville_DCP_2011__part9_p04_newtown_north,,4_,generic,precinct id from per-precinct document_id (part9_p04)
114023,Marrickville_DCP_2011__part9_p04_newtown_north,,4_,generic,precinct id from per-precinct document_id (part9_p04)
114024,Marrickville_DCP_2011__part9_p04_newtown_north,,4_,generic,precinct id from per-precinct document_id (part9_p04)
114025,Marrickville_DCP_2011__part9_p04_newtown_north,,4_,generic,precinct id from per-precinct document_id (part9_p04)
114026,Marrickville_DCP_2011__part9_p04_newtown_north,,4_,generic,precinct id from per-precinct document_id (part9_p04)
114027,Marrickville_DCP_2011__part9_p04_newtown_north,,4_,generic,precinct id from per-precinct document_id (part9_p04)
114028,Marrickville_DCP_2011__part9_p04_newtown_north,,4_,generic,precinct id from per-precinct document_id (part9_p04)
114030,Marrickville_DCP_2011__part9_p04_newtown_north,,4_,generic,precinct id from per-precinct document_id (part9_p04)
114031,Marrickville_DCP_2011__part9_p04_newtown_north,,4_,generic,precinct id from per-precinct document_id (part9_p04)
114055,Marrickville_DCP_2011__part9_p05_lewisham_south,,5_,generic,precinct id from per-precinct document_id (part9_p05)
114066,Marrickville_DCP_2011__part9_p05_lewisham_south,,5_,generic,precinct id from per-precinct document_id (part9_p05)
114041,Marrickville_DCP_2011__part9_p05_lewisham_south,,5_,generic,precinct id from per-precinct document_id (part9_p05)
114058,Marrickville_DCP_2011__part9_p05_lewisham_south,,5_,generic,precinct id from per-precinct document_id (part9_p05)
114062,Marrickville_DCP_2011__part9_p05_lewisham_south,,5_,generic,precinct id from per-precinct document_id (part9_p05)
114063,Marrickville_DCP_2011__part9_p05_lewisham_south,,5_,generic,precinct id from per-precinct document_id (part9_p05)
114064,Marrickville_DCP_2011__part9_p05_lewisham_south,,5_,generic,precinct id from per-precinct document_id (part9_p05)
114068,Marrickville_DCP_2011__part9_p05_lewisham_south,,5_,generic,precinct id from per-precinct document_id (part9_p05)
114038,Marrickville_DCP_2011__part9_p05_lewisham_south,,5_,generic,precinct id from per-precinct document_id (part9_p05)
114052,Marrickville_DCP_2011__part9_p05_lewisham_south,,5_,generic,precinct id from per-precinct document_id (part9_p05)
114057,Marrickville_DCP_2011__part9_p05_lewisham_south,,5_,generic,precinct id from per-precinct document_id (part9_p05)
114059,Marrickville_DCP_2011__part9_p05_lewisham_south,,5_,generic,precinct id from per-precinct document_id (part9_p05)
114032,Marrickville_DCP_2011__part9_p05_lewisham_south,,5_,generic,precinct id from per-precinct document_id (part9_p05)
114033,Marrickville_DCP_2011__part9_p05_lewisham_south,,5_,generic,precinct id from per-precinct document_id (part9_p05)
114034,Marrickville_DCP_2011__part9_p05_lewisham_south,,5_,generic,precinct id from per-precinct document_id (part9_p05)
114035,Marrickville_DCP_2011__part9_p05_lewisham_south,,5_,generic,precinct id from per-precinct document_id (part9_p05)
114036,Marrickville_DCP_2011__part9_p05_lewisham_south,,5_,generic,precinct id from per-precinct document_id (part9_p05)
114037,Marrickville_DCP_2011__part9_p05_lewisham_south,,5_,generic,precinct id from per-precinct document_id (part9_p05)
114039,Marrickville_DCP_2011__part9_p05_lewisham_south,,5_,generic,precinct id from per-precinct document_id (part9_p05)
114040,Marrickville_DCP_2011__part9_p05_lewisham_south,,5_,generic,precinct id from per-precinct document_id (part9_p05)
114042,Marrickville_DCP_2011__part9_p05_lewisham_south,,5_,generic,precinct id from per-precinct document_id (part9_p05)
114043,Marrickville_DCP_2011__part9_p05_lewisham_south,,5_,generic,precinct id from per-precinct document_id (part9_p05)
114044,Marrickville_DCP_2011__part9_p05_lewisham_south,,5_,generic,precinct id from per-precinct document_id (part9_p05)
114045,Marrickville_DCP_2011__part9_p05_lewisham_south,,5_,generic,precinct id from per-precinct document_id (part9_p05)
114046,Marrickville_DCP_2011__part9_p05_lewisham_south,,5_,generic,precinct id from per-precinct document_id (part9_p05)
114047,Marrickville_DCP_2011__part9_p05_lewisham_south,,5_,generic,precinct id from per-precinct document_id (part9_p05)
114048,Marrickville_DCP_2011__part9_p05_lewisham_south,,5_,generic,precinct id from per-precinct document_id (part9_p05)
114049,Marrickville_DCP_2011__part9_p05_lewisham_south,,5_,generic,precinct id from per-precinct document_id (part9_p05)
114050,Marrickville_DCP_2011__part9_p05_lewisham_south,,5_,generic,precinct id from per-precinct document_id (part9_p05)
114051,Marrickville_DCP_2011__part9_p05_lewisham_south,,5_,generic,precinct id from per-precinct document_id (part9_p05)
114053,Marrickville_DCP_2011__part9_p05_lewisham_south,,5_,generic,precinct id from per-precinct document_id (part9_p05)
114054,Marrickville_DCP_2011__part9_p05_lewisham_south,,5_,generic,precinct id from per-precinct document_id (part9_p05)
114056,Marrickville_DCP_2011__part9_p05_lewisham_south,,5_,generic,precinct id from per-precinct document_id (part9_p05)
114060,Marrickville_DCP_2011__part9_p05_lewisham_south,,5_,generic,precinct id from per-precinct document_id (part9_p05)
114061,Marrickville_DCP_2011__part9_p05_lewisham_south,,5_,generic,precinct id from per-precinct document_id (part9_p05)
114065,Marrickville_DCP_2011__part9_p05_lewisham_south,,5_,generic,precinct id from per-precinct document_id (part9_p05)
114067,Marrickville_DCP_2011__part9_p05_lewisham_south,,5_,generic,precinct id from per-precinct document_id (part9_p05)
114069,Marrickville_DCP_2011__part9_p05_lewisham_south,,5_,generic,precinct id from per-precinct document_id (part9_p05)
114070,Marrickville_DCP_2011__part9_p05_lewisham_south,,5_,generic,precinct id from per-precinct document_id (part9_p05)
114071,Marrickville_DCP_2011__part9_p05_lewisham_south,,5_,generic,precinct id from per-precinct document_id (part9_p05)
114072,Marrickville_DCP_2011__part9_p05_lewisham_south,,5_,generic,precinct id from per-precinct document_id (part9_p05)
114073,Marrickville_DCP_2011__part9_p05_lewisham_south,,5_,generic,precinct id from per-precinct document_id (part9_p05)
114149,Marrickville_DCP_2011__part9_p06_petersham_south,,6_,generic,precinct id from per-precinct document_id (part9_p06)
114156,Marrickville_DCP_2011__part9_p06_petersham_south,,6_,generic,precinct id from per-precinct document_id (part9_p06)
114163,Marrickville_DCP_2011__part9_p06_petersham_south,,6_,generic,precinct id from per-precinct document_id (part9_p06)
114172,Marrickville_DCP_2011__part9_p06_petersham_south,,6_,,precinct id from per-precinct document_id (part9_p06)
114177,Marrickville_DCP_2011__part9_p06_petersham_south,,6_,generic,precinct id from per-precinct document_id (part9_p06)
114183,Marrickville_DCP_2011__part9_p06_petersham_south,,6_,,precinct id from per-precinct document_id (part9_p06)
114186,Marrickville_DCP_2011__part9_p06_petersham_south,,6_,,precinct id from per-precinct document_id (part9_p06)
114189,Marrickville_DCP_2011__part9_p06_petersham_south,,6_,generic,precinct id from per-precinct document_id (part9_p06)
114102,Marrickville_DCP_2011__part9_p06_petersham_south,,6_,generic,precinct id from per-precinct document_id (part9_p06)
114126,Marrickville_DCP_2011__part9_p06_petersham_south,,6_,generic,precinct id from per-precinct document_id (part9_p06)
114136,Marrickville_DCP_2011__part9_p06_petersham_south,,6_,generic,precinct id from per-precinct document_id (part9_p06)
114142,Marrickville_DCP_2011__part9_p06_petersham_south,,6_,generic,precinct id from per-precinct document_id (part9_p06)
114146,Marrickville_DCP_2011__part9_p06_petersham_south,,6_,generic,precinct id from per-precinct document_id (part9_p06)
114152,Marrickville_DCP_2011__part9_p06_petersham_south,,6_,generic,precinct id from per-precinct document_id (part9_p06)
114158,Marrickville_DCP_2011__part9_p06_petersham_south,,6_,generic,precinct id from per-precinct document_id (part9_p06)
114160,Marrickville_DCP_2011__part9_p06_petersham_south,,6_,generic,precinct id from per-precinct document_id (part9_p06)
114182,Marrickville_DCP_2011__part9_p06_petersham_south,,6_,generic,precinct id from per-precinct document_id (part9_p06)
114074,Marrickville_DCP_2011__part9_p06_petersham_south,,6_,generic,precinct id from per-precinct document_id (part9_p06)
114080,Marrickville_DCP_2011__part9_p06_petersham_south,,6_,generic,precinct id from per-precinct document_id (part9_p06)
114097,Marrickville_DCP_2011__part9_p06_petersham_south,,6_,generic,precinct id from per-precinct document_id (part9_p06)
114107,Marrickville_DCP_2011__part9_p06_petersham_south,,6_,generic,precinct id from per-precinct document_id (part9_p06)
114116,Marrickville_DCP_2011__part9_p06_petersham_south,,6_,generic,precinct id from per-precinct document_id (part9_p06)
114134,Marrickville_DCP_2011__part9_p06_petersham_south,,6_,generic,precinct id from per-precinct document_id (part9_p06)
114145,Marrickville_DCP_2011__part9_p06_petersham_south,,6_,generic,precinct id from per-precinct document_id (part9_p06)
114155,Marrickville_DCP_2011__part9_p06_petersham_south,,6_,generic,precinct id from per-precinct document_id (part9_p06)
114180,Marrickville_DCP_2011__part9_p06_petersham_south,,6_,generic,precinct id from per-precinct document_id (part9_p06)
114181,Marrickville_DCP_2011__part9_p06_petersham_south,,6_,generic,precinct id from per-precinct document_id (part9_p06)
114193,Marrickville_DCP_2011__part9_p06_petersham_south,,6_,generic,precinct id from per-precinct document_id (part9_p06)
114075,Marrickville_DCP_2011__part9_p06_petersham_south,,6_,generic,precinct id from per-precinct document_id (part9_p06)
114076,Marrickville_DCP_2011__part9_p06_petersham_south,,6_,generic,precinct id from per-precinct document_id (part9_p06)
114077,Marrickville_DCP_2011__part9_p06_petersham_south,,6_,generic,precinct id from per-precinct document_id (part9_p06)
114078,Marrickville_DCP_2011__part9_p06_petersham_south,,6_,generic,precinct id from per-precinct document_id (part9_p06)
114079,Marrickville_DCP_2011__part9_p06_petersham_south,,6_,generic,precinct id from per-precinct document_id (part9_p06)
114081,Marrickville_DCP_2011__part9_p06_petersham_south,,6_,generic,precinct id from per-precinct document_id (part9_p06)
114082,Marrickville_DCP_2011__part9_p06_petersham_south,,6_,generic,precinct id from per-precinct document_id (part9_p06)
114083,Marrickville_DCP_2011__part9_p06_petersham_south,,6_,generic,precinct id from per-precinct document_id (part9_p06)
114084,Marrickville_DCP_2011__part9_p06_petersham_south,,6_,generic,precinct id from per-precinct document_id (part9_p06)
114085,Marrickville_DCP_2011__part9_p06_petersham_south,,6_,generic,precinct id from per-precinct document_id (part9_p06)
114086,Marrickville_DCP_2011__part9_p06_petersham_south,,6_,generic,precinct id from per-precinct document_id (part9_p06)
114087,Marrickville_DCP_2011__part9_p06_petersham_south,,6_,generic,precinct id from per-precinct document_id (part9_p06)
114088,Marrickville_DCP_2011__part9_p06_petersham_south,,6_,generic,precinct id from per-precinct document_id (part9_p06)
114089,Marrickville_DCP_2011__part9_p06_petersham_south,,6_,generic,precinct id from per-precinct document_id (part9_p06)
114090,Marrickville_DCP_2011__part9_p06_petersham_south,,6_,generic,precinct id from per-precinct document_id (part9_p06)
114091,Marrickville_DCP_2011__part9_p06_petersham_south,,6_,generic,precinct id from per-precinct document_id (part9_p06)
114092,Marrickville_DCP_2011__part9_p06_petersham_south,,6_,generic,precinct id from per-precinct document_id (part9_p06)
114093,Marrickville_DCP_2011__part9_p06_petersham_south,,6_,generic,precinct id from per-precinct document_id (part9_p06)
114094,Marrickville_DCP_2011__part9_p06_petersham_south,,6_,generic,precinct id from per-precinct document_id (part9_p06)
114095,Marrickville_DCP_2011__part9_p06_petersham_south,,6_,generic,precinct id from per-precinct document_id (part9_p06)
114096,Marrickville_DCP_2011__part9_p06_petersham_south,,6_,generic,precinct id from per-precinct document_id (part9_p06)
114098,Marrickville_DCP_2011__part9_p06_petersham_south,,6_,generic,precinct id from per-precinct document_id (part9_p06)
114099,Marrickville_DCP_2011__part9_p06_petersham_south,,6_,generic,precinct id from per-precinct document_id (part9_p06)
114100,Marrickville_DCP_2011__part9_p06_petersham_south,,6_,generic,precinct id from per-precinct document_id (part9_p06)
114101,Marrickville_DCP_2011__part9_p06_petersham_south,,6_,generic,precinct id from per-precinct document_id (part9_p06)
114103,Marrickville_DCP_2011__part9_p06_petersham_south,,6_,generic,precinct id from per-precinct document_id (part9_p06)
114104,Marrickville_DCP_2011__part9_p06_petersham_south,,6_,generic,precinct id from per-precinct document_id (part9_p06)
114105,Marrickville_DCP_2011__part9_p06_petersham_south,,6_,generic,precinct id from per-precinct document_id (part9_p06)
114106,Marrickville_DCP_2011__part9_p06_petersham_south,,6_,generic,precinct id from per-precinct document_id (part9_p06)
114108,Marrickville_DCP_2011__part9_p06_petersham_south,,6_,generic,precinct id from per-precinct document_id (part9_p06)
114109,Marrickville_DCP_2011__part9_p06_petersham_south,,6_,generic,precinct id from per-precinct document_id (part9_p06)
114110,Marrickville_DCP_2011__part9_p06_petersham_south,,6_,generic,precinct id from per-precinct document_id (part9_p06)
114111,Marrickville_DCP_2011__part9_p06_petersham_south,,6_,generic,precinct id from per-precinct document_id (part9_p06)
114112,Marrickville_DCP_2011__part9_p06_petersham_south,,6_,generic,precinct id from per-precinct document_id (part9_p06)
114113,Marrickville_DCP_2011__part9_p06_petersham_south,,6_,generic,precinct id from per-precinct document_id (part9_p06)
114114,Marrickville_DCP_2011__part9_p06_petersham_south,,6_,generic,precinct id from per-precinct document_id (part9_p06)
114115,Marrickville_DCP_2011__part9_p06_petersham_south,,6_,generic,precinct id from per-precinct document_id (part9_p06)
114117,Marrickville_DCP_2011__part9_p06_petersham_south,,6_,generic,precinct id from per-precinct document_id (part9_p06)
114118,Marrickville_DCP_2011__part9_p06_petersham_south,,6_,generic,precinct id from per-precinct document_id (part9_p06)
114119,Marrickville_DCP_2011__part9_p06_petersham_south,,6_,generic,precinct id from per-precinct document_id (part9_p06)
114120,Marrickville_DCP_2011__part9_p06_petersham_south,,6_,generic,precinct id from per-precinct document_id (part9_p06)
114121,Marrickville_DCP_2011__part9_p06_petersham_south,,6_,generic,precinct id from per-precinct document_id (part9_p06)
114122,Marrickville_DCP_2011__part9_p06_petersham_south,,6_,generic,precinct id from per-precinct document_id (part9_p06)
114123,Marrickville_DCP_2011__part9_p06_petersham_south,,6_,generic,precinct id from per-precinct document_id (part9_p06)
114124,Marrickville_DCP_2011__part9_p06_petersham_south,,6_,generic,precinct id from per-precinct document_id (part9_p06)
114125,Marrickville_DCP_2011__part9_p06_petersham_south,,6_,generic,precinct id from per-precinct document_id (part9_p06)
114127,Marrickville_DCP_2011__part9_p06_petersham_south,,6_,generic,precinct id from per-precinct document_id (part9_p06)
114128,Marrickville_DCP_2011__part9_p06_petersham_south,,6_,generic,precinct id from per-precinct document_id (part9_p06)
114129,Marrickville_DCP_2011__part9_p06_petersham_south,,6_,generic,precinct id from per-precinct document_id (part9_p06)
114130,Marrickville_DCP_2011__part9_p06_petersham_south,,6_,generic,precinct id from per-precinct document_id (part9_p06)
114131,Marrickville_DCP_2011__part9_p06_petersham_south,,6_,generic,precinct id from per-precinct document_id (part9_p06)
114132,Marrickville_DCP_2011__part9_p06_petersham_south,,6_,generic,precinct id from per-precinct document_id (part9_p06)
114133,Marrickville_DCP_2011__part9_p06_petersham_south,,6_,generic,precinct id from per-precinct document_id (part9_p06)
114135,Marrickville_DCP_2011__part9_p06_petersham_south,,6_,generic,precinct id from per-precinct document_id (part9_p06)
114137,Marrickville_DCP_2011__part9_p06_petersham_south,,6_,generic,precinct id from per-precinct document_id (part9_p06)
114138,Marrickville_DCP_2011__part9_p06_petersham_south,,6_,generic,precinct id from per-precinct document_id (part9_p06)
114139,Marrickville_DCP_2011__part9_p06_petersham_south,,6_,generic,precinct id from per-precinct document_id (part9_p06)
114140,Marrickville_DCP_2011__part9_p06_petersham_south,,6_,generic,precinct id from per-precinct document_id (part9_p06)
114141,Marrickville_DCP_2011__part9_p06_petersham_south,,6_,generic,precinct id from per-precinct document_id (part9_p06)
114143,Marrickville_DCP_2011__part9_p06_petersham_south,,6_,generic,precinct id from per-precinct document_id (part9_p06)
114144,Marrickville_DCP_2011__part9_p06_petersham_south,,6_,generic,precinct id from per-precinct document_id (part9_p06)
114147,Marrickville_DCP_2011__part9_p06_petersham_south,,6_,generic,precinct id from per-precinct document_id (part9_p06)
114148,Marrickville_DCP_2011__part9_p06_petersham_south,,6_,generic,precinct id from per-precinct document_id (part9_p06)
114150,Marrickville_DCP_2011__part9_p06_petersham_south,,6_,generic,precinct id from per-precinct document_id (part9_p06)
114151,Marrickville_DCP_2011__part9_p06_petersham_south,,6_,generic,precinct id from per-precinct document_id (part9_p06)
114153,Marrickville_DCP_2011__part9_p06_petersham_south,,6_,generic,precinct id from per-precinct document_id (part9_p06)
114154,Marrickville_DCP_2011__part9_p06_petersham_south,,6_,generic,precinct id from per-precinct document_id (part9_p06)
114157,Marrickville_DCP_2011__part9_p06_petersham_south,,6_,generic,precinct id from per-precinct document_id (part9_p06)
114159,Marrickville_DCP_2011__part9_p06_petersham_south,,6_,generic,precinct id from per-precinct document_id (part9_p06)
114161,Marrickville_DCP_2011__part9_p06_petersham_south,,6_,generic,precinct id from per-precinct document_id (part9_p06)
114162,Marrickville_DCP_2011__part9_p06_petersham_south,,6_,generic,precinct id from per-precinct document_id (part9_p06)
114164,Marrickville_DCP_2011__part9_p06_petersham_south,,6_,generic,precinct id from per-precinct document_id (part9_p06)
114165,Marrickville_DCP_2011__part9_p06_petersham_south,,6_,generic,precinct id from per-precinct document_id (part9_p06)
114166,Marrickville_DCP_2011__part9_p06_petersham_south,,6_,generic,precinct id from per-precinct document_id (part9_p06)
114167,Marrickville_DCP_2011__part9_p06_petersham_south,,6_,generic,precinct id from per-precinct document_id (part9_p06)
114168,Marrickville_DCP_2011__part9_p06_petersham_south,,6_,generic,precinct id from per-precinct document_id (part9_p06)
114169,Marrickville_DCP_2011__part9_p06_petersham_south,,6_,generic,precinct id from per-precinct document_id (part9_p06)
114170,Marrickville_DCP_2011__part9_p06_petersham_south,,6_,generic,precinct id from per-precinct document_id (part9_p06)
114171,Marrickville_DCP_2011__part9_p06_petersham_south,,6_,generic,precinct id from per-precinct document_id (part9_p06)
114173,Marrickville_DCP_2011__part9_p06_petersham_south,,6_,generic,precinct id from per-precinct document_id (part9_p06)
114174,Marrickville_DCP_2011__part9_p06_petersham_south,,6_,generic,precinct id from per-precinct document_id (part9_p06)
114175,Marrickville_DCP_2011__part9_p06_petersham_south,,6_,generic,precinct id from per-precinct document_id (part9_p06)
114176,Marrickville_DCP_2011__part9_p06_petersham_south,,6_,generic,precinct id from per-precinct document_id (part9_p06)
114178,Marrickville_DCP_2011__part9_p06_petersham_south,,6_,generic,precinct id from per-precinct document_id (part9_p06)
114179,Marrickville_DCP_2011__part9_p06_petersham_south,,6_,generic,precinct id from per-precinct document_id (part9_p06)
114184,Marrickville_DCP_2011__part9_p06_petersham_south,,6_,generic,precinct id from per-precinct document_id (part9_p06)
114185,Marrickville_DCP_2011__part9_p06_petersham_south,,6_,generic,precinct id from per-precinct document_id (part9_p06)
114187,Marrickville_DCP_2011__part9_p06_petersham_south,,6_,generic,precinct id from per-precinct document_id (part9_p06)
114188,Marrickville_DCP_2011__part9_p06_petersham_south,,6_,generic,precinct id from per-precinct document_id (part9_p06)
114190,Marrickville_DCP_2011__part9_p06_petersham_south,,6_,generic,precinct id from per-precinct document_id (part9_p06)
114191,Marrickville_DCP_2011__part9_p06_petersham_south,,6_,generic,precinct id from per-precinct document_id (part9_p06)
114192,Marrickville_DCP_2011__part9_p06_petersham_south,,6_,generic,precinct id from per-precinct document_id (part9_p06)
114194,Marrickville_DCP_2011__part9_p06_petersham_south,,6_,generic,precinct id from per-precinct document_id (part9_p06)
114195,Marrickville_DCP_2011__part9_p06_petersham_south,,6_,generic,precinct id from per-precinct document_id (part9_p06)
114202,Marrickville_DCP_2011__part9_p07_stanmore_south,,7_,generic,precinct id from per-precinct document_id (part9_p07)
114196,Marrickville_DCP_2011__part9_p07_stanmore_south,,7_,generic,precinct id from per-precinct document_id (part9_p07)
114197,Marrickville_DCP_2011__part9_p07_stanmore_south,,7_,generic,precinct id from per-precinct document_id (part9_p07)
114198,Marrickville_DCP_2011__part9_p07_stanmore_south,,7_,generic,precinct id from per-precinct document_id (part9_p07)
114199,Marrickville_DCP_2011__part9_p07_stanmore_south,,7_,generic,precinct id from per-precinct document_id (part9_p07)
114200,Marrickville_DCP_2011__part9_p07_stanmore_south,,7_,generic,precinct id from per-precinct document_id (part9_p07)
114201,Marrickville_DCP_2011__part9_p07_stanmore_south,,7_,generic,precinct id from per-precinct document_id (part9_p07)
114203,Marrickville_DCP_2011__part9_p07_stanmore_south,,7_,generic,precinct id from per-precinct document_id (part9_p07)
114204,Marrickville_DCP_2011__part9_p07_stanmore_south,,7_,generic,precinct id from per-precinct document_id (part9_p07)
114205,Marrickville_DCP_2011__part9_p07_stanmore_south,,7_,generic,precinct id from per-precinct document_id (part9_p07)
114206,Marrickville_DCP_2011__part9_p07_stanmore_south,,7_,generic,precinct id from per-precinct document_id (part9_p07)
114207,Marrickville_DCP_2011__part9_p07_stanmore_south,,7_,generic,precinct id from per-precinct document_id (part9_p07)
114211,Marrickville_DCP_2011__part9_p08_enmore_north,,8_,generic,precinct id from per-precinct document_id (part9_p08)
114224,Marrickville_DCP_2011__part9_p08_enmore_north,,8_,generic,precinct id from per-precinct document_id (part9_p08)
114208,Marrickville_DCP_2011__part9_p08_enmore_north,,8_,generic,precinct id from per-precinct document_id (part9_p08)
114212,Marrickville_DCP_2011__part9_p08_enmore_north,,8_,generic,precinct id from per-precinct document_id (part9_p08)
114221,Marrickville_DCP_2011__part9_p08_enmore_north,,8_,generic,precinct id from per-precinct document_id (part9_p08)
114209,Marrickville_DCP_2011__part9_p08_enmore_north,,8_,generic,precinct id from per-precinct document_id (part9_p08)
114210,Marrickville_DCP_2011__part9_p08_enmore_north,,8_,generic,precinct id from per-precinct document_id (part9_p08)
114213,Marrickville_DCP_2011__part9_p08_enmore_north,,8_,generic,precinct id from per-precinct document_id (part9_p08)
114214,Marrickville_DCP_2011__part9_p08_enmore_north,,8_,generic,precinct id from per-precinct document_id (part9_p08)
114215,Marrickville_DCP_2011__part9_p08_enmore_north,,8_,generic,precinct id from per-precinct document_id (part9_p08)
114216,Marrickville_DCP_2011__part9_p08_enmore_north,,8_,generic,precinct id from per-precinct document_id (part9_p08)
114217,Marrickville_DCP_2011__part9_p08_enmore_north,,8_,generic,precinct id from per-precinct document_id (part9_p08)
114218,Marrickville_DCP_2011__part9_p08_enmore_north,,8_,generic,precinct id from per-precinct document_id (part9_p08)
114219,Marrickville_DCP_2011__part9_p08_enmore_north,,8_,generic,precinct id from per-precinct document_id (part9_p08)
114220,Marrickville_DCP_2011__part9_p08_enmore_north,,8_,generic,precinct id from per-precinct document_id (part9_p08)
114222,Marrickville_DCP_2011__part9_p08_enmore_north,,8_,generic,precinct id from per-precinct document_id (part9_p08)
114223,Marrickville_DCP_2011__part9_p08_enmore_north,,8_,generic,precinct id from per-precinct document_id (part9_p08)
114226,Marrickville_DCP_2011__part9_p09_newington,,9_,generic,precinct id from per-precinct document_id (part9_p09)
114227,Marrickville_DCP_2011__part9_p09_newington,,9_,generic,precinct id from per-precinct document_id (part9_p09)
114232,Marrickville_DCP_2011__part9_p09_newington,,9_,generic,precinct id from per-precinct document_id (part9_p09)
114239,Marrickville_DCP_2011__part9_p09_newington,,9_,generic,precinct id from per-precinct document_id (part9_p09)
114225,Marrickville_DCP_2011__part9_p09_newington,,9_,generic,precinct id from per-precinct document_id (part9_p09)
114230,Marrickville_DCP_2011__part9_p09_newington,,9_,generic,precinct id from per-precinct document_id (part9_p09)
114228,Marrickville_DCP_2011__part9_p09_newington,,9_,generic,precinct id from per-precinct document_id (part9_p09)
114229,Marrickville_DCP_2011__part9_p09_newington,,9_,generic,precinct id from per-precinct document_id (part9_p09)
114231,Marrickville_DCP_2011__part9_p09_newington,,9_,generic,precinct id from per-precinct document_id (part9_p09)
114233,Marrickville_DCP_2011__part9_p09_newington,,9_,generic,precinct id from per-precinct document_id (part9_p09)
114234,Marrickville_DCP_2011__part9_p09_newington,,9_,generic,precinct id from per-precinct document_id (part9_p09)
114235,Marrickville_DCP_2011__part9_p09_newington,,9_,generic,precinct id from per-precinct document_id (part9_p09)
114236,Marrickville_DCP_2011__part9_p09_newington,,9_,generic,precinct id from per-precinct document_id (part9_p09)
114237,Marrickville_DCP_2011__part9_p09_newington,,9_,generic,precinct id from per-precinct document_id (part9_p09)
114238,Marrickville_DCP_2011__part9_p09_newington,,9_,generic,precinct id from per-precinct document_id (part9_p09)
114240,Marrickville_DCP_2011__part9_p09_newington,,9_,generic,precinct id from per-precinct document_id (part9_p09)
114247,Marrickville_DCP_2011__part9_p10_dulwich_hill_north,,10_,generic,precinct id from per-precinct document_id (part9_p10)
114251,Marrickville_DCP_2011__part9_p10_dulwich_hill_north,,10_,generic,precinct id from per-precinct document_id (part9_p10)
114256,Marrickville_DCP_2011__part9_p10_dulwich_hill_north,,10_,generic,precinct id from per-precinct document_id (part9_p10)
114241,Marrickville_DCP_2011__part9_p10_dulwich_hill_north,,10_,generic,precinct id from per-precinct document_id (part9_p10)
114242,Marrickville_DCP_2011__part9_p10_dulwich_hill_north,,10_,generic,precinct id from per-precinct document_id (part9_p10)
114243,Marrickville_DCP_2011__part9_p10_dulwich_hill_north,,10_,generic,precinct id from per-precinct document_id (part9_p10)
114244,Marrickville_DCP_2011__part9_p10_dulwich_hill_north,,10_,generic,precinct id from per-precinct document_id (part9_p10)
114245,Marrickville_DCP_2011__part9_p10_dulwich_hill_north,,10_,generic,precinct id from per-precinct document_id (part9_p10)
114246,Marrickville_DCP_2011__part9_p10_dulwich_hill_north,,10_,generic,precinct id from per-precinct document_id (part9_p10)
114248,Marrickville_DCP_2011__part9_p10_dulwich_hill_north,,10_,generic,precinct id from per-precinct document_id (part9_p10)
114249,Marrickville_DCP_2011__part9_p10_dulwich_hill_north,,10_,generic,precinct id from per-precinct document_id (part9_p10)
114250,Marrickville_DCP_2011__part9_p10_dulwich_hill_north,,10_,generic,precinct id from per-precinct document_id (part9_p10)
114252,Marrickville_DCP_2011__part9_p10_dulwich_hill_north,,10_,generic,precinct id from per-precinct document_id (part9_p10)
114253,Marrickville_DCP_2011__part9_p10_dulwich_hill_north,,10_,generic,precinct id from per-precinct document_id (part9_p10)
114254,Marrickville_DCP_2011__part9_p10_dulwich_hill_north,,10_,generic,precinct id from per-precinct document_id (part9_p10)
114255,Marrickville_DCP_2011__part9_p10_dulwich_hill_north,,10_,generic,precinct id from per-precinct document_id (part9_p10)
114257,Marrickville_DCP_2011__part9_p10_dulwich_hill_north,,10_,generic,precinct id from per-precinct document_id (part9_p10)
114258,Marrickville_DCP_2011__part9_p10_dulwich_hill_north,,10_,generic,precinct id from per-precinct document_id (part9_p10)
114259,Marrickville_DCP_2011__part9_p10_dulwich_hill_north,,10_,generic,precinct id from per-precinct document_id (part9_p10)
114260,Marrickville_DCP_2011__part9_p10_dulwich_hill_north,,10_,generic,precinct id from per-precinct document_id (part9_p10)
114262,Marrickville_DCP_2011__part9_p11_hoskins_park,,11_,,precinct id from per-precinct document_id (part9_p11)
114267,Marrickville_DCP_2011__part9_p11_hoskins_park,,11_,,precinct id from per-precinct document_id (part9_p11)
114269,Marrickville_DCP_2011__part9_p11_hoskins_park,,11_,generic,precinct id from per-precinct document_id (part9_p11)
114282,Marrickville_DCP_2011__part9_p11_hoskins_park,,11_,generic,precinct id from per-precinct document_id (part9_p11)
114286,Marrickville_DCP_2011__part9_p11_hoskins_park,,11_,generic,precinct id from per-precinct document_id (part9_p11)
114266,Marrickville_DCP_2011__part9_p11_hoskins_park,,11_,generic,precinct id from per-precinct document_id (part9_p11)
114290,Marrickville_DCP_2011__part9_p11_hoskins_park,,11_,generic,precinct id from per-precinct document_id (part9_p11)
114261,Marrickville_DCP_2011__part9_p11_hoskins_park,,11_,generic,precinct id from per-precinct document_id (part9_p11)
114263,Marrickville_DCP_2011__part9_p11_hoskins_park,,11_,generic,precinct id from per-precinct document_id (part9_p11)
114264,Marrickville_DCP_2011__part9_p11_hoskins_park,,11_,generic,precinct id from per-precinct document_id (part9_p11)
114265,Marrickville_DCP_2011__part9_p11_hoskins_park,,11_,generic,precinct id from per-precinct document_id (part9_p11)
114268,Marrickville_DCP_2011__part9_p11_hoskins_park,,11_,generic,precinct id from per-precinct document_id (part9_p11)
114270,Marrickville_DCP_2011__part9_p11_hoskins_park,,11_,generic,precinct id from per-precinct document_id (part9_p11)
114271,Marrickville_DCP_2011__part9_p11_hoskins_park,,11_,generic,precinct id from per-precinct document_id (part9_p11)
114272,Marrickville_DCP_2011__part9_p11_hoskins_park,,11_,generic,precinct id from per-precinct document_id (part9_p11)
114273,Marrickville_DCP_2011__part9_p11_hoskins_park,,11_,generic,precinct id from per-precinct document_id (part9_p11)
114274,Marrickville_DCP_2011__part9_p11_hoskins_park,,11_,generic,precinct id from per-precinct document_id (part9_p11)
114275,Marrickville_DCP_2011__part9_p11_hoskins_park,,11_,generic,precinct id from per-precinct document_id (part9_p11)
114276,Marrickville_DCP_2011__part9_p11_hoskins_park,,11_,generic,precinct id from per-precinct document_id (part9_p11)
114277,Marrickville_DCP_2011__part9_p11_hoskins_park,,11_,generic,precinct id from per-precinct document_id (part9_p11)
114278,Marrickville_DCP_2011__part9_p11_hoskins_park,,11_,generic,precinct id from per-precinct document_id (part9_p11)
114279,Marrickville_DCP_2011__part9_p11_hoskins_park,,11_,generic,precinct id from per-precinct document_id (part9_p11)
114280,Marrickville_DCP_2011__part9_p11_hoskins_park,,11_,generic,precinct id from per-precinct document_id (part9_p11)
114281,Marrickville_DCP_2011__part9_p11_hoskins_park,,11_,generic,precinct id from per-precinct document_id (part9_p11)
114283,Marrickville_DCP_2011__part9_p11_hoskins_park,,11_,generic,precinct id from per-precinct document_id (part9_p11)
114284,Marrickville_DCP_2011__part9_p11_hoskins_park,,11_,generic,precinct id from per-precinct document_id (part9_p11)
114285,Marrickville_DCP_2011__part9_p11_hoskins_park,,11_,generic,precinct id from per-precinct document_id (part9_p11)
114287,Marrickville_DCP_2011__part9_p11_hoskins_park,,11_,generic,precinct id from per-precinct document_id (part9_p11)
114288,Marrickville_DCP_2011__part9_p11_hoskins_park,,11_,generic,precinct id from per-precinct document_id (part9_p11)
114289,Marrickville_DCP_2011__part9_p11_hoskins_park,,11_,generic,precinct id from per-precinct document_id (part9_p11)
114291,Marrickville_DCP_2011__part9_p11_hoskins_park,,11_,generic,precinct id from per-precinct document_id (part9_p11)
114292,Marrickville_DCP_2011__part9_p11_hoskins_park,,11_,generic,precinct id from per-precinct document_id (part9_p11)
114293,Marrickville_DCP_2011__part9_p11_hoskins_park,,11_,generic,precinct id from per-precinct document_id (part9_p11)
114294,Marrickville_DCP_2011__part9_p11_hoskins_park,,11_,generic,precinct id from per-precinct document_id (part9_p11)
114295,Marrickville_DCP_2011__part9_p11_hoskins_park,,11_,generic,precinct id from per-precinct document_id (part9_p11)
114296,Marrickville_DCP_2011__part9_p11_hoskins_park,,11_,generic,precinct id from per-precinct document_id (part9_p11)
114302,Marrickville_DCP_2011__part9_p12_marrickville_park,,12_,generic,precinct id from per-precinct document_id (part9_p12)
114304,Marrickville_DCP_2011__part9_p12_marrickville_park,,12_,generic,precinct id from per-precinct document_id (part9_p12)
114297,Marrickville_DCP_2011__part9_p12_marrickville_park,,12_,generic,precinct id from per-precinct document_id (part9_p12)
114298,Marrickville_DCP_2011__part9_p12_marrickville_park,,12_,generic,precinct id from per-precinct document_id (part9_p12)
114299,Marrickville_DCP_2011__part9_p12_marrickville_park,,12_,generic,precinct id from per-precinct document_id (part9_p12)
114300,Marrickville_DCP_2011__part9_p12_marrickville_park,,12_,generic,precinct id from per-precinct document_id (part9_p12)
114301,Marrickville_DCP_2011__part9_p12_marrickville_park,,12_,generic,precinct id from per-precinct document_id (part9_p12)
114303,Marrickville_DCP_2011__part9_p12_marrickville_park,,12_,generic,precinct id from per-precinct document_id (part9_p12)
114305,Marrickville_DCP_2011__part9_p12_marrickville_park,,12_,generic,precinct id from per-precinct document_id (part9_p12)
114306,Marrickville_DCP_2011__part9_p12_marrickville_park,,12_,generic,precinct id from per-precinct document_id (part9_p12)
114307,Marrickville_DCP_2011__part9_p12_marrickville_park,,12_,generic,precinct id from per-precinct document_id (part9_p12)
114308,Marrickville_DCP_2011__part9_p12_marrickville_park,,12_,generic,precinct id from per-precinct document_id (part9_p12)
114309,Marrickville_DCP_2011__part9_p12_marrickville_park,,12_,generic,precinct id from per-precinct document_id (part9_p12)
114310,Marrickville_DCP_2011__part9_p12_marrickville_park,,12_,generic,precinct id from per-precinct document_id (part9_p12)
114311,Marrickville_DCP_2011__part9_p12_marrickville_park,,12_,generic,precinct id from per-precinct document_id (part9_p12)
114320,Marrickville_DCP_2011__part9_p13_henson_park,,13_,generic,precinct id from per-precinct document_id (part9_p13)
114313,Marrickville_DCP_2011__part9_p13_henson_park,,13_,generic,precinct id from per-precinct document_id (part9_p13)
114312,Marrickville_DCP_2011__part9_p13_henson_park,,13_,generic,precinct id from per-precinct document_id (part9_p13)
114315,Marrickville_DCP_2011__part9_p13_henson_park,,13_,generic,precinct id from per-precinct document_id (part9_p13)
114319,Marrickville_DCP_2011__part9_p13_henson_park,,13_,generic,precinct id from per-precinct document_id (part9_p13)
114327,Marrickville_DCP_2011__part9_p13_henson_park,,13_,,precinct id from per-precinct document_id (part9_p13)
114314,Marrickville_DCP_2011__part9_p13_henson_park,,13_,generic,precinct id from per-precinct document_id (part9_p13)
114316,Marrickville_DCP_2011__part9_p13_henson_park,,13_,generic,precinct id from per-precinct document_id (part9_p13)
114317,Marrickville_DCP_2011__part9_p13_henson_park,,13_,generic,precinct id from per-precinct document_id (part9_p13)
114318,Marrickville_DCP_2011__part9_p13_henson_park,,13_,generic,precinct id from per-precinct document_id (part9_p13)
114321,Marrickville_DCP_2011__part9_p13_henson_park,,13_,generic,precinct id from per-precinct document_id (part9_p13)
114322,Marrickville_DCP_2011__part9_p13_henson_park,,13_,generic,precinct id from per-precinct document_id (part9_p13)
114323,Marrickville_DCP_2011__part9_p13_henson_park,,13_,generic,precinct id from per-precinct document_id (part9_p13)
114324,Marrickville_DCP_2011__part9_p13_henson_park,,13_,generic,precinct id from per-precinct document_id (part9_p13)
114325,Marrickville_DCP_2011__part9_p13_henson_park,,13_,generic,precinct id from per-precinct document_id (part9_p13)
114326,Marrickville_DCP_2011__part9_p13_henson_park,,13_,generic,precinct id from per-precinct document_id (part9_p13)
114329,Marrickville_DCP_2011__part9_p14_camdenville,,14_,generic,precinct id from per-precinct document_id (part9_p14)
114338,Marrickville_DCP_2011__part9_p14_camdenville,,14_,generic,precinct id from per-precinct document_id (part9_p14)
114328,Marrickville_DCP_2011__part9_p14_camdenville,,14_,generic,precinct id from per-precinct document_id (part9_p14)
114330,Marrickville_DCP_2011__part9_p14_camdenville,,14_,generic,precinct id from per-precinct document_id (part9_p14)
114347,Marrickville_DCP_2011__part9_p14_camdenville,,14_,generic,precinct id from per-precinct document_id (part9_p14)
114344,Marrickville_DCP_2011__part9_p14_camdenville,,14_,generic,precinct id from per-precinct document_id (part9_p14)
114331,Marrickville_DCP_2011__part9_p14_camdenville,,14_,generic,precinct id from per-precinct document_id (part9_p14)
114332,Marrickville_DCP_2011__part9_p14_camdenville,,14_,generic,precinct id from per-precinct document_id (part9_p14)
114333,Marrickville_DCP_2011__part9_p14_camdenville,,14_,generic,precinct id from per-precinct document_id (part9_p14)
114334,Marrickville_DCP_2011__part9_p14_camdenville,,14_,generic,precinct id from per-precinct document_id (part9_p14)
114335,Marrickville_DCP_2011__part9_p14_camdenville,,14_,generic,precinct id from per-precinct document_id (part9_p14)
114336,Marrickville_DCP_2011__part9_p14_camdenville,,14_,generic,precinct id from per-precinct document_id (part9_p14)
114337,Marrickville_DCP_2011__part9_p14_camdenville,,14_,generic,precinct id from per-precinct document_id (part9_p14)
114339,Marrickville_DCP_2011__part9_p14_camdenville,,14_,generic,precinct id from per-precinct document_id (part9_p14)
114340,Marrickville_DCP_2011__part9_p14_camdenville,,14_,generic,precinct id from per-precinct document_id (part9_p14)
114341,Marrickville_DCP_2011__part9_p14_camdenville,,14_,generic,precinct id from per-precinct document_id (part9_p14)
114342,Marrickville_DCP_2011__part9_p14_camdenville,,14_,generic,precinct id from per-precinct document_id (part9_p14)
114343,Marrickville_DCP_2011__part9_p14_camdenville,,14_,generic,precinct id from per-precinct document_id (part9_p14)
114345,Marrickville_DCP_2011__part9_p14_camdenville,,14_,generic,precinct id from per-precinct document_id (part9_p14)
114346,Marrickville_DCP_2011__part9_p14_camdenville,,14_,generic,precinct id from per-precinct document_id (part9_p14)
114348,Marrickville_DCP_2011__part9_p14_camdenville,,14_,generic,precinct id from per-precinct document_id (part9_p14)
114349,Marrickville_DCP_2011__part9_p14_camdenville,,14_,generic,precinct id from per-precinct document_id (part9_p14)
114351,Marrickville_DCP_2011__part9_p15_enmore_park,,15_,generic,precinct id from per-precinct document_id (part9_p15)
114357,Marrickville_DCP_2011__part9_p15_enmore_park,,15_,generic,precinct id from per-precinct document_id (part9_p15)
114358,Marrickville_DCP_2011__part9_p15_enmore_park,,15_,generic,precinct id from per-precinct document_id (part9_p15)
114352,Marrickville_DCP_2011__part9_p15_enmore_park,,15_,generic,precinct id from per-precinct document_id (part9_p15)
114350,Marrickville_DCP_2011__part9_p15_enmore_park,,15_,generic,precinct id from per-precinct document_id (part9_p15)
114353,Marrickville_DCP_2011__part9_p15_enmore_park,,15_,generic,precinct id from per-precinct document_id (part9_p15)
114354,Marrickville_DCP_2011__part9_p15_enmore_park,,15_,generic,precinct id from per-precinct document_id (part9_p15)
114355,Marrickville_DCP_2011__part9_p15_enmore_park,,15_,generic,precinct id from per-precinct document_id (part9_p15)
114356,Marrickville_DCP_2011__part9_p15_enmore_park,,15_,generic,precinct id from per-precinct document_id (part9_p15)
114359,Marrickville_DCP_2011__part9_p15_enmore_park,,15_,generic,precinct id from per-precinct document_id (part9_p15)
114360,Marrickville_DCP_2011__part9_p15_enmore_park,,15_,generic,precinct id from per-precinct document_id (part9_p15)
114361,Marrickville_DCP_2011__part9_p15_enmore_park,,15_,generic,precinct id from per-precinct document_id (part9_p15)
114366,Marrickville_DCP_2011__part9_p16_abergeldie,,16_,generic,precinct id from per-precinct document_id (part9_p16)
114369,Marrickville_DCP_2011__part9_p16_abergeldie,,16_,generic,precinct id from per-precinct document_id (part9_p16)
114377,Marrickville_DCP_2011__part9_p16_abergeldie,,16_,generic,precinct id from per-precinct document_id (part9_p16)
114363,Marrickville_DCP_2011__part9_p16_abergeldie,,16_,generic,precinct id from per-precinct document_id (part9_p16)
114367,Marrickville_DCP_2011__part9_p16_abergeldie,,16_,generic,precinct id from per-precinct document_id (part9_p16)
114362,Marrickville_DCP_2011__part9_p16_abergeldie,,16_,generic,precinct id from per-precinct document_id (part9_p16)
114364,Marrickville_DCP_2011__part9_p16_abergeldie,,16_,generic,precinct id from per-precinct document_id (part9_p16)
114365,Marrickville_DCP_2011__part9_p16_abergeldie,,16_,generic,precinct id from per-precinct document_id (part9_p16)
114368,Marrickville_DCP_2011__part9_p16_abergeldie,,16_,generic,precinct id from per-precinct document_id (part9_p16)
114370,Marrickville_DCP_2011__part9_p16_abergeldie,,16_,generic,precinct id from per-precinct document_id (part9_p16)
114371,Marrickville_DCP_2011__part9_p16_abergeldie,,16_,generic,precinct id from per-precinct document_id (part9_p16)
114372,Marrickville_DCP_2011__part9_p16_abergeldie,,16_,generic,precinct id from per-precinct document_id (part9_p16)
114373,Marrickville_DCP_2011__part9_p16_abergeldie,,16_,generic,precinct id from per-precinct document_id (part9_p16)
114374,Marrickville_DCP_2011__part9_p16_abergeldie,,16_,generic,precinct id from per-precinct document_id (part9_p16)
114375,Marrickville_DCP_2011__part9_p16_abergeldie,,16_,generic,precinct id from per-precinct document_id (part9_p16)
114376,Marrickville_DCP_2011__part9_p16_abergeldie,,16_,generic,precinct id from per-precinct document_id (part9_p16)
114378,Marrickville_DCP_2011__part9_p16_abergeldie,,16_,generic,precinct id from per-precinct document_id (part9_p16)
114379,Marrickville_DCP_2011__part9_p16_abergeldie,,16_,generic,precinct id from per-precinct document_id (part9_p16)
114380,Marrickville_DCP_2011__part9_p16_abergeldie,,16_,generic,precinct id from per-precinct document_id (part9_p16)
114390,Marrickville_DCP_2011__part9_p17_new_canterbury_rd,,17_,generic,precinct id from per-precinct document_id (part9_p17)
114395,Marrickville_DCP_2011__part9_p17_new_canterbury_rd,,17_,generic,precinct id from per-precinct document_id (part9_p17)
114389,Marrickville_DCP_2011__part9_p17_new_canterbury_rd,,17_,generic,precinct id from per-precinct document_id (part9_p17)
114381,Marrickville_DCP_2011__part9_p17_new_canterbury_rd,,17_,generic,precinct id from per-precinct document_id (part9_p17)
114382,Marrickville_DCP_2011__part9_p17_new_canterbury_rd,,17_,generic,precinct id from per-precinct document_id (part9_p17)
114383,Marrickville_DCP_2011__part9_p17_new_canterbury_rd,,17_,generic,precinct id from per-precinct document_id (part9_p17)
114384,Marrickville_DCP_2011__part9_p17_new_canterbury_rd,,17_,generic,precinct id from per-precinct document_id (part9_p17)
114385,Marrickville_DCP_2011__part9_p17_new_canterbury_rd,,17_,generic,precinct id from per-precinct document_id (part9_p17)
114386,Marrickville_DCP_2011__part9_p17_new_canterbury_rd,,17_,generic,precinct id from per-precinct document_id (part9_p17)
114387,Marrickville_DCP_2011__part9_p17_new_canterbury_rd,,17_,generic,precinct id from per-precinct document_id (part9_p17)
114388,Marrickville_DCP_2011__part9_p17_new_canterbury_rd,,17_,generic,precinct id from per-precinct document_id (part9_p17)
114391,Marrickville_DCP_2011__part9_p17_new_canterbury_rd,,17_,generic,precinct id from per-precinct document_id (part9_p17)
114392,Marrickville_DCP_2011__part9_p17_new_canterbury_rd,,17_,generic,precinct id from per-precinct document_id (part9_p17)
114393,Marrickville_DCP_2011__part9_p17_new_canterbury_rd,,17_,generic,precinct id from per-precinct document_id (part9_p17)
114394,Marrickville_DCP_2011__part9_p17_new_canterbury_rd,,17_,generic,precinct id from per-precinct document_id (part9_p17)
114396,Marrickville_DCP_2011__part9_p17_new_canterbury_rd,,17_,generic,precinct id from per-precinct document_id (part9_p17)
114397,Marrickville_DCP_2011__part9_p17_new_canterbury_rd,,17_,generic,precinct id from per-precinct document_id (part9_p17)
114398,Marrickville_DCP_2011__part9_p17_new_canterbury_rd,,17_,generic,precinct id from per-precinct document_id (part9_p17)
114399,Marrickville_DCP_2011__part9_p17_new_canterbury_rd,,17_,generic,precinct id from per-precinct document_id (part9_p17)
114400,Marrickville_DCP_2011__part9_p17_new_canterbury_rd,,17_,generic,precinct id from per-precinct document_id (part9_p17)
114401,Marrickville_DCP_2011__part9_p17_new_canterbury_rd,,17_,generic,precinct id from per-precinct document_id (part9_p17)
114402,Marrickville_DCP_2011__part9_p17_new_canterbury_rd,,17_,generic,precinct id from per-precinct document_id (part9_p17)
114407,Marrickville_DCP_2011__part9_p18_dulwich_hill_stn_north,,18_,generic,precinct id from per-precinct document_id (part9_p18)
114422,Marrickville_DCP_2011__part9_p18_dulwich_hill_stn_north,,18_,generic,precinct id from per-precinct document_id (part9_p18)
114403,Marrickville_DCP_2011__part9_p18_dulwich_hill_stn_north,,18_,generic,precinct id from per-precinct document_id (part9_p18)
114404,Marrickville_DCP_2011__part9_p18_dulwich_hill_stn_north,,18_,generic,precinct id from per-precinct document_id (part9_p18)
114405,Marrickville_DCP_2011__part9_p18_dulwich_hill_stn_north,,18_,generic,precinct id from per-precinct document_id (part9_p18)
114406,Marrickville_DCP_2011__part9_p18_dulwich_hill_stn_north,,18_,generic,precinct id from per-precinct document_id (part9_p18)
114408,Marrickville_DCP_2011__part9_p18_dulwich_hill_stn_north,,18_,generic,precinct id from per-precinct document_id (part9_p18)
114409,Marrickville_DCP_2011__part9_p18_dulwich_hill_stn_north,,18_,generic,precinct id from per-precinct document_id (part9_p18)
114410,Marrickville_DCP_2011__part9_p18_dulwich_hill_stn_north,,18_,generic,precinct id from per-precinct document_id (part9_p18)
114411,Marrickville_DCP_2011__part9_p18_dulwich_hill_stn_north,,18_,generic,precinct id from per-precinct document_id (part9_p18)
114412,Marrickville_DCP_2011__part9_p18_dulwich_hill_stn_north,,18_,generic,precinct id from per-precinct document_id (part9_p18)
114413,Marrickville_DCP_2011__part9_p18_dulwich_hill_stn_north,,18_,generic,precinct id from per-precinct document_id (part9_p18)
114414,Marrickville_DCP_2011__part9_p18_dulwich_hill_stn_north,,18_,generic,precinct id from per-precinct document_id (part9_p18)
114415,Marrickville_DCP_2011__part9_p18_dulwich_hill_stn_north,,18_,generic,precinct id from per-precinct document_id (part9_p18)
114416,Marrickville_DCP_2011__part9_p18_dulwich_hill_stn_north,,18_,generic,precinct id from per-precinct document_id (part9_p18)
114417,Marrickville_DCP_2011__part9_p18_dulwich_hill_stn_north,,18_,generic,precinct id from per-precinct document_id (part9_p18)
114418,Marrickville_DCP_2011__part9_p18_dulwich_hill_stn_north,,18_,generic,precinct id from per-precinct document_id (part9_p18)
114419,Marrickville_DCP_2011__part9_p18_dulwich_hill_stn_north,,18_,generic,precinct id from per-precinct document_id (part9_p18)
114420,Marrickville_DCP_2011__part9_p18_dulwich_hill_stn_north,,18_,generic,precinct id from per-precinct document_id (part9_p18)
114421,Marrickville_DCP_2011__part9_p18_dulwich_hill_stn_north,,18_,generic,precinct id from per-precinct document_id (part9_p18)
114423,Marrickville_DCP_2011__part9_p18_dulwich_hill_stn_north,,18_,generic,precinct id from per-precinct document_id (part9_p18)
114424,Marrickville_DCP_2011__part9_p18_dulwich_hill_stn_north,,18_,generic,precinct id from per-precinct document_id (part9_p18)
114426,Marrickville_DCP_2011__part9_p19_marrickville_rd_central,,19_,generic,precinct id from per-precinct document_id (part9_p19)
114425,Marrickville_DCP_2011__part9_p19_marrickville_rd_central,,19_,generic,precinct id from per-precinct document_id (part9_p19)
114427,Marrickville_DCP_2011__part9_p19_marrickville_rd_central,,19_,generic,precinct id from per-precinct document_id (part9_p19)
114428,Marrickville_DCP_2011__part9_p19_marrickville_rd_central,,19_,generic,precinct id from per-precinct document_id (part9_p19)
114429,Marrickville_DCP_2011__part9_p19_marrickville_rd_central,,19_,generic,precinct id from per-precinct document_id (part9_p19)
114430,Marrickville_DCP_2011__part9_p19_marrickville_rd_central,,19_,generic,precinct id from per-precinct document_id (part9_p19)
114431,Marrickville_DCP_2011__part9_p19_marrickville_rd_central,,19_,generic,precinct id from per-precinct document_id (part9_p19)
114432,Marrickville_DCP_2011__part9_p19_marrickville_rd_central,,19_,generic,precinct id from per-precinct document_id (part9_p19)
114433,Marrickville_DCP_2011__part9_p19_marrickville_rd_central,,19_,generic,precinct id from per-precinct document_id (part9_p19)
114434,Marrickville_DCP_2011__part9_p19_marrickville_rd_central,,19_,generic,precinct id from per-precinct document_id (part9_p19)
114435,Marrickville_DCP_2011__part9_p19_marrickville_rd_central,,19_,generic,precinct id from per-precinct document_id (part9_p19)
114436,Marrickville_DCP_2011__part9_p20_marrickville_tc_north,,20_,generic,precinct id from per-precinct document_id (part9_p20)
114437,Marrickville_DCP_2011__part9_p20_marrickville_tc_north,,20_,generic,precinct id from per-precinct document_id (part9_p20)
114438,Marrickville_DCP_2011__part9_p20_marrickville_tc_north,,20_,generic,precinct id from per-precinct document_id (part9_p20)
114439,Marrickville_DCP_2011__part9_p20_marrickville_tc_north,,20_,generic,precinct id from per-precinct document_id (part9_p20)
114440,Marrickville_DCP_2011__part9_p20_marrickville_tc_north,,20_,generic,precinct id from per-precinct document_id (part9_p20)
114441,Marrickville_DCP_2011__part9_p20_marrickville_tc_north,,20_,generic,precinct id from per-precinct document_id (part9_p20)
114442,Marrickville_DCP_2011__part9_p20_marrickville_tc_north,,20_,generic,precinct id from per-precinct document_id (part9_p20)
114443,Marrickville_DCP_2011__part9_p20_marrickville_tc_north,,20_,generic,precinct id from per-precinct document_id (part9_p20)
114447,Marrickville_DCP_2011__part9_p21_ness_park,,21_,generic,precinct id from per-precinct document_id (part9_p21)
114450,Marrickville_DCP_2011__part9_p21_ness_park,,21_,generic,precinct id from per-precinct document_id (part9_p21)
114444,Marrickville_DCP_2011__part9_p21_ness_park,,21_,generic,precinct id from per-precinct document_id (part9_p21)
114445,Marrickville_DCP_2011__part9_p21_ness_park,,21_,generic,precinct id from per-precinct document_id (part9_p21)
114446,Marrickville_DCP_2011__part9_p21_ness_park,,21_,generic,precinct id from per-precinct document_id (part9_p21)
114448,Marrickville_DCP_2011__part9_p21_ness_park,,21_,generic,precinct id from per-precinct document_id (part9_p21)
114449,Marrickville_DCP_2011__part9_p21_ness_park,,21_,generic,precinct id from per-precinct document_id (part9_p21)
114451,Marrickville_DCP_2011__part9_p21_ness_park,,21_,generic,precinct id from per-precinct document_id (part9_p21)
114452,Marrickville_DCP_2011__part9_p21_ness_park,,21_,generic,precinct id from per-precinct document_id (part9_p21)
114453,Marrickville_DCP_2011__part9_p21_ness_park,,21_,generic,precinct id from per-precinct document_id (part9_p21)
114454,Marrickville_DCP_2011__part9_p21_ness_park,,21_,generic,precinct id from per-precinct document_id (part9_p21)
114455,Marrickville_DCP_2011__part9_p21_ness_park,,21_,generic,precinct id from per-precinct document_id (part9_p21)
114456,Marrickville_DCP_2011__part9_p22_dulwich_hill_stn_south,,22_,generic,precinct id from per-precinct document_id (part9_p22)
114461,Marrickville_DCP_2011__part9_p22_dulwich_hill_stn_south,,22_,generic,precinct id from per-precinct document_id (part9_p22)
114468,Marrickville_DCP_2011__part9_p22_dulwich_hill_stn_south,,22_,generic,precinct id from per-precinct document_id (part9_p22)
114480,Marrickville_DCP_2011__part9_p22_dulwich_hill_stn_south,,22_,generic,precinct id from per-precinct document_id (part9_p22)
114485,Marrickville_DCP_2011__part9_p22_dulwich_hill_stn_south,,22_,generic,precinct id from per-precinct document_id (part9_p22)
114493,Marrickville_DCP_2011__part9_p22_dulwich_hill_stn_south,,22_,generic,precinct id from per-precinct document_id (part9_p22)
114457,Marrickville_DCP_2011__part9_p22_dulwich_hill_stn_south,,22_,generic,precinct id from per-precinct document_id (part9_p22)
114458,Marrickville_DCP_2011__part9_p22_dulwich_hill_stn_south,,22_,generic,precinct id from per-precinct document_id (part9_p22)
114459,Marrickville_DCP_2011__part9_p22_dulwich_hill_stn_south,,22_,generic,precinct id from per-precinct document_id (part9_p22)
114460,Marrickville_DCP_2011__part9_p22_dulwich_hill_stn_south,,22_,generic,precinct id from per-precinct document_id (part9_p22)
114462,Marrickville_DCP_2011__part9_p22_dulwich_hill_stn_south,,22_,generic,precinct id from per-precinct document_id (part9_p22)
114463,Marrickville_DCP_2011__part9_p22_dulwich_hill_stn_south,,22_,generic,precinct id from per-precinct document_id (part9_p22)
114464,Marrickville_DCP_2011__part9_p22_dulwich_hill_stn_south,,22_,generic,precinct id from per-precinct document_id (part9_p22)
114465,Marrickville_DCP_2011__part9_p22_dulwich_hill_stn_south,,22_,generic,precinct id from per-precinct document_id (part9_p22)
114466,Marrickville_DCP_2011__part9_p22_dulwich_hill_stn_south,,22_,generic,precinct id from per-precinct document_id (part9_p22)
114467,Marrickville_DCP_2011__part9_p22_dulwich_hill_stn_south,,22_,generic,precinct id from per-precinct document_id (part9_p22)
114469,Marrickville_DCP_2011__part9_p22_dulwich_hill_stn_south,,22_,generic,precinct id from per-precinct document_id (part9_p22)
114470,Marrickville_DCP_2011__part9_p22_dulwich_hill_stn_south,,22_,generic,precinct id from per-precinct document_id (part9_p22)
114471,Marrickville_DCP_2011__part9_p22_dulwich_hill_stn_south,,22_,generic,precinct id from per-precinct document_id (part9_p22)
114472,Marrickville_DCP_2011__part9_p22_dulwich_hill_stn_south,,22_,generic,precinct id from per-precinct document_id (part9_p22)
114473,Marrickville_DCP_2011__part9_p22_dulwich_hill_stn_south,,22_,generic,precinct id from per-precinct document_id (part9_p22)
114474,Marrickville_DCP_2011__part9_p22_dulwich_hill_stn_south,,22_,generic,precinct id from per-precinct document_id (part9_p22)
114475,Marrickville_DCP_2011__part9_p22_dulwich_hill_stn_south,,22_,generic,precinct id from per-precinct document_id (part9_p22)
114476,Marrickville_DCP_2011__part9_p22_dulwich_hill_stn_south,,22_,generic,precinct id from per-precinct document_id (part9_p22)
114477,Marrickville_DCP_2011__part9_p22_dulwich_hill_stn_south,,22_,generic,precinct id from per-precinct document_id (part9_p22)
114478,Marrickville_DCP_2011__part9_p22_dulwich_hill_stn_south,,22_,generic,precinct id from per-precinct document_id (part9_p22)
114479,Marrickville_DCP_2011__part9_p22_dulwich_hill_stn_south,,22_,generic,precinct id from per-precinct document_id (part9_p22)
114481,Marrickville_DCP_2011__part9_p22_dulwich_hill_stn_south,,22_,generic,precinct id from per-precinct document_id (part9_p22)
114482,Marrickville_DCP_2011__part9_p22_dulwich_hill_stn_south,,22_,generic,precinct id from per-precinct document_id (part9_p22)
114483,Marrickville_DCP_2011__part9_p22_dulwich_hill_stn_south,,22_,generic,precinct id from per-precinct document_id (part9_p22)
114484,Marrickville_DCP_2011__part9_p22_dulwich_hill_stn_south,,22_,generic,precinct id from per-precinct document_id (part9_p22)
114486,Marrickville_DCP_2011__part9_p22_dulwich_hill_stn_south,,22_,generic,precinct id from per-precinct document_id (part9_p22)
114487,Marrickville_DCP_2011__part9_p22_dulwich_hill_stn_south,,22_,generic,precinct id from per-precinct document_id (part9_p22)
114488,Marrickville_DCP_2011__part9_p22_dulwich_hill_stn_south,,22_,generic,precinct id from per-precinct document_id (part9_p22)
114489,Marrickville_DCP_2011__part9_p22_dulwich_hill_stn_south,,22_,generic,precinct id from per-precinct document_id (part9_p22)
114490,Marrickville_DCP_2011__part9_p22_dulwich_hill_stn_south,,22_,generic,precinct id from per-precinct document_id (part9_p22)
114491,Marrickville_DCP_2011__part9_p22_dulwich_hill_stn_south,,22_,generic,precinct id from per-precinct document_id (part9_p22)
114492,Marrickville_DCP_2011__part9_p22_dulwich_hill_stn_south,,22_,generic,precinct id from per-precinct document_id (part9_p22)
114494,Marrickville_DCP_2011__part9_p22_dulwich_hill_stn_south,,22_,generic,precinct id from per-precinct document_id (part9_p22)
114495,Marrickville_DCP_2011__part9_p22_dulwich_hill_stn_south,,22_,generic,precinct id from per-precinct document_id (part9_p22)
114498,Marrickville_DCP_2011__part9_p23_marrickville_stn_west,,23_,generic,precinct id from per-precinct document_id (part9_p23)
114496,Marrickville_DCP_2011__part9_p23_marrickville_stn_west,,23_,generic,precinct id from per-precinct document_id (part9_p23)
114509,Marrickville_DCP_2011__part9_p23_marrickville_stn_west,,23_,generic,precinct id from per-precinct document_id (part9_p23)
114513,Marrickville_DCP_2011__part9_p23_marrickville_stn_west,,23_,generic,precinct id from per-precinct document_id (part9_p23)
114497,Marrickville_DCP_2011__part9_p23_marrickville_stn_west,,23_,generic,precinct id from per-precinct document_id (part9_p23)
114499,Marrickville_DCP_2011__part9_p23_marrickville_stn_west,,23_,generic,precinct id from per-precinct document_id (part9_p23)
114500,Marrickville_DCP_2011__part9_p23_marrickville_stn_west,,23_,generic,precinct id from per-precinct document_id (part9_p23)
114501,Marrickville_DCP_2011__part9_p23_marrickville_stn_west,,23_,generic,precinct id from per-precinct document_id (part9_p23)
114502,Marrickville_DCP_2011__part9_p23_marrickville_stn_west,,23_,generic,precinct id from per-precinct document_id (part9_p23)
114503,Marrickville_DCP_2011__part9_p23_marrickville_stn_west,,23_,generic,precinct id from per-precinct document_id (part9_p23)
114504,Marrickville_DCP_2011__part9_p23_marrickville_stn_west,,23_,generic,precinct id from per-precinct document_id (part9_p23)
114505,Marrickville_DCP_2011__part9_p23_marrickville_stn_west,,23_,generic,precinct id from per-precinct document_id (part9_p23)
114506,Marrickville_DCP_2011__part9_p23_marrickville_stn_west,,23_,generic,precinct id from per-precinct document_id (part9_p23)
114507,Marrickville_DCP_2011__part9_p23_marrickville_stn_west,,23_,generic,precinct id from per-precinct document_id (part9_p23)
114508,Marrickville_DCP_2011__part9_p23_marrickville_stn_west,,23_,generic,precinct id from per-precinct document_id (part9_p23)
114510,Marrickville_DCP_2011__part9_p23_marrickville_stn_west,,23_,generic,precinct id from per-precinct document_id (part9_p23)
114511,Marrickville_DCP_2011__part9_p23_marrickville_stn_west,,23_,generic,precinct id from per-precinct document_id (part9_p23)
114512,Marrickville_DCP_2011__part9_p23_marrickville_stn_west,,23_,generic,precinct id from per-precinct document_id (part9_p23)
114514,Marrickville_DCP_2011__part9_p23_marrickville_stn_west,,23_,generic,precinct id from per-precinct document_id (part9_p23)
114515,Marrickville_DCP_2011__part9_p23_marrickville_stn_west,,23_,generic,precinct id from per-precinct document_id (part9_p23)
114517,Marrickville_DCP_2011__part9_p24_marrickville_tc_south,,24_,generic,precinct id from per-precinct document_id (part9_p24)
114518,Marrickville_DCP_2011__part9_p24_marrickville_tc_south,,24_,generic,precinct id from per-precinct document_id (part9_p24)
114516,Marrickville_DCP_2011__part9_p24_marrickville_tc_south,,24_,generic,precinct id from per-precinct document_id (part9_p24)
114519,Marrickville_DCP_2011__part9_p24_marrickville_tc_south,,24_,generic,precinct id from per-precinct document_id (part9_p24)
114520,Marrickville_DCP_2011__part9_p24_marrickville_tc_south,,24_,generic,precinct id from per-precinct document_id (part9_p24)
114521,Marrickville_DCP_2011__part9_p24_marrickville_tc_south,,24_,generic,precinct id from per-precinct document_id (part9_p24)
114522,Marrickville_DCP_2011__part9_p24_marrickville_tc_south,,24_,generic,precinct id from per-precinct document_id (part9_p24)
114523,Marrickville_DCP_2011__part9_p24_marrickville_tc_south,,24_,generic,precinct id from per-precinct document_id (part9_p24)
114527,Marrickville_DCP_2011__part9_p25_st_peters_triangle,,25_,generic,precinct id from per-precinct document_id (part9_p25)
114545,Marrickville_DCP_2011__part9_p25_st_peters_triangle,,25_,,precinct id from per-precinct document_id (part9_p25)
114553,Marrickville_DCP_2011__part9_p25_st_peters_triangle,,25_,,precinct id from per-precinct document_id (part9_p25)
114551,Marrickville_DCP_2011__part9_p25_st_peters_triangle,,25_,generic,precinct id from per-precinct document_id (part9_p25)
114573,Marrickville_DCP_2011__part9_p25_st_peters_triangle,,25_,generic,precinct id from per-precinct document_id (part9_p25)
114538,Marrickville_DCP_2011__part9_p25_st_peters_triangle,,25_,generic,precinct id from per-precinct document_id (part9_p25)
114540,Marrickville_DCP_2011__part9_p25_st_peters_triangle,,25_,generic,precinct id from per-precinct document_id (part9_p25)
114541,Marrickville_DCP_2011__part9_p25_st_peters_triangle,,25_,generic,precinct id from per-precinct document_id (part9_p25)
114554,Marrickville_DCP_2011__part9_p25_st_peters_triangle,,25_,generic,precinct id from per-precinct document_id (part9_p25)
114525,Marrickville_DCP_2011__part9_p25_st_peters_triangle,,25_,generic,precinct id from per-precinct document_id (part9_p25)
114531,Marrickville_DCP_2011__part9_p25_st_peters_triangle,,25_,generic,precinct id from per-precinct document_id (part9_p25)
114532,Marrickville_DCP_2011__part9_p25_st_peters_triangle,,25_,generic,precinct id from per-precinct document_id (part9_p25)
114547,Marrickville_DCP_2011__part9_p25_st_peters_triangle,,25_,,precinct id from per-precinct document_id (part9_p25)
114556,Marrickville_DCP_2011__part9_p25_st_peters_triangle,,25_,,precinct id from per-precinct document_id (part9_p25)
114558,Marrickville_DCP_2011__part9_p25_st_peters_triangle,,25_,generic,precinct id from per-precinct document_id (part9_p25)
114565,Marrickville_DCP_2011__part9_p25_st_peters_triangle,,25_,generic,precinct id from per-precinct document_id (part9_p25)
114524,Marrickville_DCP_2011__part9_p25_st_peters_triangle,,25_,generic,precinct id from per-precinct document_id (part9_p25)
114526,Marrickville_DCP_2011__part9_p25_st_peters_triangle,,25_,generic,precinct id from per-precinct document_id (part9_p25)
114528,Marrickville_DCP_2011__part9_p25_st_peters_triangle,,25_,generic,precinct id from per-precinct document_id (part9_p25)
114529,Marrickville_DCP_2011__part9_p25_st_peters_triangle,,25_,generic,precinct id from per-precinct document_id (part9_p25)
114530,Marrickville_DCP_2011__part9_p25_st_peters_triangle,,25_,generic,precinct id from per-precinct document_id (part9_p25)
114533,Marrickville_DCP_2011__part9_p25_st_peters_triangle,,25_,generic,precinct id from per-precinct document_id (part9_p25)
114534,Marrickville_DCP_2011__part9_p25_st_peters_triangle,,25_,generic,precinct id from per-precinct document_id (part9_p25)
114535,Marrickville_DCP_2011__part9_p25_st_peters_triangle,,25_,generic,precinct id from per-precinct document_id (part9_p25)
114536,Marrickville_DCP_2011__part9_p25_st_peters_triangle,,25_,generic,precinct id from per-precinct document_id (part9_p25)
114537,Marrickville_DCP_2011__part9_p25_st_peters_triangle,,25_,generic,precinct id from per-precinct document_id (part9_p25)
114539,Marrickville_DCP_2011__part9_p25_st_peters_triangle,,25_,generic,precinct id from per-precinct document_id (part9_p25)
114542,Marrickville_DCP_2011__part9_p25_st_peters_triangle,,25_,generic,precinct id from per-precinct document_id (part9_p25)
114543,Marrickville_DCP_2011__part9_p25_st_peters_triangle,,25_,generic,precinct id from per-precinct document_id (part9_p25)
114544,Marrickville_DCP_2011__part9_p25_st_peters_triangle,,25_,generic,precinct id from per-precinct document_id (part9_p25)
114546,Marrickville_DCP_2011__part9_p25_st_peters_triangle,,25_,generic,precinct id from per-precinct document_id (part9_p25)
114548,Marrickville_DCP_2011__part9_p25_st_peters_triangle,,25_,generic,precinct id from per-precinct document_id (part9_p25)
114549,Marrickville_DCP_2011__part9_p25_st_peters_triangle,,25_,generic,precinct id from per-precinct document_id (part9_p25)
114550,Marrickville_DCP_2011__part9_p25_st_peters_triangle,,25_,generic,precinct id from per-precinct document_id (part9_p25)
114552,Marrickville_DCP_2011__part9_p25_st_peters_triangle,,25_,generic,precinct id from per-precinct document_id (part9_p25)
114555,Marrickville_DCP_2011__part9_p25_st_peters_triangle,,25_,generic,precinct id from per-precinct document_id (part9_p25)
114557,Marrickville_DCP_2011__part9_p25_st_peters_triangle,,25_,generic,precinct id from per-precinct document_id (part9_p25)
114559,Marrickville_DCP_2011__part9_p25_st_peters_triangle,,25_,generic,precinct id from per-precinct document_id (part9_p25)
114560,Marrickville_DCP_2011__part9_p25_st_peters_triangle,,25_,generic,precinct id from per-precinct document_id (part9_p25)
114561,Marrickville_DCP_2011__part9_p25_st_peters_triangle,,25_,generic,precinct id from per-precinct document_id (part9_p25)
114562,Marrickville_DCP_2011__part9_p25_st_peters_triangle,,25_,generic,precinct id from per-precinct document_id (part9_p25)
114563,Marrickville_DCP_2011__part9_p25_st_peters_triangle,,25_,generic,precinct id from per-precinct document_id (part9_p25)
114564,Marrickville_DCP_2011__part9_p25_st_peters_triangle,,25_,generic,precinct id from per-precinct document_id (part9_p25)
114566,Marrickville_DCP_2011__part9_p25_st_peters_triangle,,25_,generic,precinct id from per-precinct document_id (part9_p25)
114567,Marrickville_DCP_2011__part9_p25_st_peters_triangle,,25_,generic,precinct id from per-precinct document_id (part9_p25)
114568,Marrickville_DCP_2011__part9_p25_st_peters_triangle,,25_,generic,precinct id from per-precinct document_id (part9_p25)
114569,Marrickville_DCP_2011__part9_p25_st_peters_triangle,,25_,generic,precinct id from per-precinct document_id (part9_p25)
114570,Marrickville_DCP_2011__part9_p25_st_peters_triangle,,25_,generic,precinct id from per-precinct document_id (part9_p25)
114571,Marrickville_DCP_2011__part9_p25_st_peters_triangle,,25_,generic,precinct id from per-precinct document_id (part9_p25)
114572,Marrickville_DCP_2011__part9_p25_st_peters_triangle,,25_,generic,precinct id from per-precinct document_id (part9_p25)
114581,Marrickville_DCP_2011__part9_p26_barwon_park,,26_,generic,precinct id from per-precinct document_id (part9_p26)
114598,Marrickville_DCP_2011__part9_p26_barwon_park,,26_,,precinct id from per-precinct document_id (part9_p26)
114582,Marrickville_DCP_2011__part9_p26_barwon_park,,26_,generic,precinct id from per-precinct document_id (part9_p26)
114593,Marrickville_DCP_2011__part9_p26_barwon_park,,26_,generic,precinct id from per-precinct document_id (part9_p26)
114596,Marrickville_DCP_2011__part9_p26_barwon_park,,26_,generic,precinct id from per-precinct document_id (part9_p26)
114601,Marrickville_DCP_2011__part9_p26_barwon_park,,26_,generic,precinct id from per-precinct document_id (part9_p26)
114580,Marrickville_DCP_2011__part9_p26_barwon_park,,26_,generic,precinct id from per-precinct document_id (part9_p26)
114586,Marrickville_DCP_2011__part9_p26_barwon_park,,26_,generic,precinct id from per-precinct document_id (part9_p26)
114592,Marrickville_DCP_2011__part9_p26_barwon_park,,26_,generic,precinct id from per-precinct document_id (part9_p26)
114574,Marrickville_DCP_2011__part9_p26_barwon_park,,26_,generic,precinct id from per-precinct document_id (part9_p26)
114575,Marrickville_DCP_2011__part9_p26_barwon_park,,26_,generic,precinct id from per-precinct document_id (part9_p26)
114576,Marrickville_DCP_2011__part9_p26_barwon_park,,26_,generic,precinct id from per-precinct document_id (part9_p26)
114577,Marrickville_DCP_2011__part9_p26_barwon_park,,26_,generic,precinct id from per-precinct document_id (part9_p26)
114578,Marrickville_DCP_2011__part9_p26_barwon_park,,26_,generic,precinct id from per-precinct document_id (part9_p26)
114579,Marrickville_DCP_2011__part9_p26_barwon_park,,26_,generic,precinct id from per-precinct document_id (part9_p26)
114583,Marrickville_DCP_2011__part9_p26_barwon_park,,26_,generic,precinct id from per-precinct document_id (part9_p26)
114584,Marrickville_DCP_2011__part9_p26_barwon_park,,26_,generic,precinct id from per-precinct document_id (part9_p26)
114585,Marrickville_DCP_2011__part9_p26_barwon_park,,26_,generic,precinct id from per-precinct document_id (part9_p26)
114587,Marrickville_DCP_2011__part9_p26_barwon_park,,26_,generic,precinct id from per-precinct document_id (part9_p26)
114588,Marrickville_DCP_2011__part9_p26_barwon_park,,26_,generic,precinct id from per-precinct document_id (part9_p26)
114589,Marrickville_DCP_2011__part9_p26_barwon_park,,26_,generic,precinct id from per-precinct document_id (part9_p26)
114590,Marrickville_DCP_2011__part9_p26_barwon_park,,26_,generic,precinct id from per-precinct document_id (part9_p26)
114591,Marrickville_DCP_2011__part9_p26_barwon_park,,26_,generic,precinct id from per-precinct document_id (part9_p26)
114594,Marrickville_DCP_2011__part9_p26_barwon_park,,26_,generic,precinct id from per-precinct document_id (part9_p26)
114595,Marrickville_DCP_2011__part9_p26_barwon_park,,26_,generic,precinct id from per-precinct document_id (part9_p26)
114597,Marrickville_DCP_2011__part9_p26_barwon_park,,26_,generic,precinct id from per-precinct document_id (part9_p26)
114599,Marrickville_DCP_2011__part9_p26_barwon_park,,26_,generic,precinct id from per-precinct document_id (part9_p26)
114600,Marrickville_DCP_2011__part9_p26_barwon_park,,26_,generic,precinct id from per-precinct document_id (part9_p26)
114602,Marrickville_DCP_2011__part9_p26_barwon_park,,26_,generic,precinct id from per-precinct document_id (part9_p26)
114603,Marrickville_DCP_2011__part9_p27_barwon_park_south,,27_,generic,precinct id from per-precinct document_id (part9_p27)
114604,Marrickville_DCP_2011__part9_p27_barwon_park_south,,27_,generic,precinct id from per-precinct document_id (part9_p27)
114605,Marrickville_DCP_2011__part9_p27_barwon_park_south,,27_,generic,precinct id from per-precinct document_id (part9_p27)
114606,Marrickville_DCP_2011__part9_p27_barwon_park_south,,27_,generic,precinct id from per-precinct document_id (part9_p27)
114607,Marrickville_DCP_2011__part9_p27_barwon_park_south,,27_,generic,precinct id from per-precinct document_id (part9_p27)
114615,Marrickville_DCP_2011__part9_p28_cooks_river_west,,28_,generic,precinct id from per-precinct document_id (part9_p28)
114608,Marrickville_DCP_2011__part9_p28_cooks_river_west,,28_,generic,precinct id from per-precinct document_id (part9_p28)
114609,Marrickville_DCP_2011__part9_p28_cooks_river_west,,28_,generic,precinct id from per-precinct document_id (part9_p28)
114612,Marrickville_DCP_2011__part9_p28_cooks_river_west,,28_,generic,precinct id from per-precinct document_id (part9_p28)
114611,Marrickville_DCP_2011__part9_p28_cooks_river_west,,28_,generic,precinct id from per-precinct document_id (part9_p28)
114610,Marrickville_DCP_2011__part9_p28_cooks_river_west,,28_,generic,precinct id from per-precinct document_id (part9_p28)
114613,Marrickville_DCP_2011__part9_p28_cooks_river_west,,28_,generic,precinct id from per-precinct document_id (part9_p28)
114614,Marrickville_DCP_2011__part9_p28_cooks_river_west,,28_,generic,precinct id from per-precinct document_id (part9_p28)
114616,Marrickville_DCP_2011__part9_p28_cooks_river_west,,28_,generic,precinct id from per-precinct document_id (part9_p28)
114617,Marrickville_DCP_2011__part9_p28_cooks_river_west,,28_,generic,precinct id from per-precinct document_id (part9_p28)
114618,Marrickville_DCP_2011__part9_p28_cooks_river_west,,28_,generic,precinct id from per-precinct document_id (part9_p28)
114619,Marrickville_DCP_2011__part9_p28_cooks_river_west,,28_,generic,precinct id from per-precinct document_id (part9_p28)
114620,Marrickville_DCP_2011__part9_p28_cooks_river_west,,28_,generic,precinct id from per-precinct document_id (part9_p28)
114621,Marrickville_DCP_2011__part9_p28_cooks_river_west,,28_,generic,precinct id from per-precinct document_id (part9_p28)
114622,Marrickville_DCP_2011__part9_p28_cooks_river_west,,28_,generic,precinct id from per-precinct document_id (part9_p28)
114623,Marrickville_DCP_2011__part9_p28_cooks_river_west,,28_,generic,precinct id from per-precinct document_id (part9_p28)
114624,Marrickville_DCP_2011__part9_p28_cooks_river_west,,28_,generic,precinct id from per-precinct document_id (part9_p28)
114625,Marrickville_DCP_2011__part9_p28_cooks_river_west,,28_,generic,precinct id from per-precinct document_id (part9_p28)
114626,Marrickville_DCP_2011__part9_p28_cooks_river_west,,28_,generic,precinct id from per-precinct document_id (part9_p28)
114627,Marrickville_DCP_2011__part9_p28_cooks_river_west,,28_,generic,precinct id from per-precinct document_id (part9_p28)
114628,Marrickville_DCP_2011__part9_p29_sw_marrickville,,29_,generic,precinct id from per-precinct document_id (part9_p29)
114629,Marrickville_DCP_2011__part9_p29_sw_marrickville,,29_,generic,precinct id from per-precinct document_id (part9_p29)
114630,Marrickville_DCP_2011__part9_p29_sw_marrickville,,29_,generic,precinct id from per-precinct document_id (part9_p29)
114631,Marrickville_DCP_2011__part9_p29_sw_marrickville,,29_,generic,precinct id from per-precinct document_id (part9_p29)
114632,Marrickville_DCP_2011__part9_p29_sw_marrickville,,29_,generic,precinct id from per-precinct document_id (part9_p29)
114633,Marrickville_DCP_2011__part9_p29_sw_marrickville,,29_,generic,precinct id from per-precinct document_id (part9_p29)
114634,Marrickville_DCP_2011__part9_p29_sw_marrickville,,29_,generic,precinct id from per-precinct document_id (part9_p29)
114635,Marrickville_DCP_2011__part9_p29_sw_marrickville,,29_,generic,precinct id from per-precinct document_id (part9_p29)
114636,Marrickville_DCP_2011__part9_p29_sw_marrickville,,29_,generic,precinct id from per-precinct document_id (part9_p29)
114637,Marrickville_DCP_2011__part9_p29_sw_marrickville,,29_,generic,precinct id from per-precinct document_id (part9_p29)
114638,Marrickville_DCP_2011__part9_p29_sw_marrickville,,29_,generic,precinct id from per-precinct document_id (part9_p29)
114639,Marrickville_DCP_2011__part9_p29_sw_marrickville,,29_,generic,precinct id from per-precinct document_id (part9_p29)
114640,Marrickville_DCP_2011__part9_p29_sw_marrickville,,29_,generic,precinct id from per-precinct document_id (part9_p29)
114643,Marrickville_DCP_2011__part9_p30_the_warren,,30_,,precinct id from per-precinct document_id (part9_p30)
114657,Marrickville_DCP_2011__part9_p30_the_warren,,30_,,precinct id from per-precinct document_id (part9_p30)
114665,Marrickville_DCP_2011__part9_p30_the_warren,,30_,generic,precinct id from per-precinct document_id (part9_p30)
114646,Marrickville_DCP_2011__part9_p30_the_warren,,30_,generic,precinct id from per-precinct document_id (part9_p30)
114655,Marrickville_DCP_2011__part9_p30_the_warren,,30_,generic,precinct id from per-precinct document_id (part9_p30)
114641,Marrickville_DCP_2011__part9_p30_the_warren,,30_,generic,precinct id from per-precinct document_id (part9_p30)
114642,Marrickville_DCP_2011__part9_p30_the_warren,,30_,generic,precinct id from per-precinct document_id (part9_p30)
114644,Marrickville_DCP_2011__part9_p30_the_warren,,30_,generic,precinct id from per-precinct document_id (part9_p30)
114645,Marrickville_DCP_2011__part9_p30_the_warren,,30_,generic,precinct id from per-precinct document_id (part9_p30)
114647,Marrickville_DCP_2011__part9_p30_the_warren,,30_,generic,precinct id from per-precinct document_id (part9_p30)
114648,Marrickville_DCP_2011__part9_p30_the_warren,,30_,generic,precinct id from per-precinct document_id (part9_p30)
114649,Marrickville_DCP_2011__part9_p30_the_warren,,30_,generic,precinct id from per-precinct document_id (part9_p30)
114650,Marrickville_DCP_2011__part9_p30_the_warren,,30_,generic,precinct id from per-precinct document_id (part9_p30)
114651,Marrickville_DCP_2011__part9_p30_the_warren,,30_,generic,precinct id from per-precinct document_id (part9_p30)
114652,Marrickville_DCP_2011__part9_p30_the_warren,,30_,generic,precinct id from per-precinct document_id (part9_p30)
114653,Marrickville_DCP_2011__part9_p30_the_warren,,30_,generic,precinct id from per-precinct document_id (part9_p30)
114654,Marrickville_DCP_2011__part9_p30_the_warren,,30_,generic,precinct id from per-precinct document_id (part9_p30)
114656,Marrickville_DCP_2011__part9_p30_the_warren,,30_,generic,precinct id from per-precinct document_id (part9_p30)
114658,Marrickville_DCP_2011__part9_p30_the_warren,,30_,generic,precinct id from per-precinct document_id (part9_p30)
114659,Marrickville_DCP_2011__part9_p30_the_warren,,30_,generic,precinct id from per-precinct document_id (part9_p30)
114660,Marrickville_DCP_2011__part9_p30_the_warren,,30_,generic,precinct id from per-precinct document_id (part9_p30)
114661,Marrickville_DCP_2011__part9_p30_the_warren,,30_,generic,precinct id from per-precinct document_id (part9_p30)
114662,Marrickville_DCP_2011__part9_p30_the_warren,,30_,generic,precinct id from per-precinct document_id (part9_p30)
114663,Marrickville_DCP_2011__part9_p30_the_warren,,30_,generic,precinct id from per-precinct document_id (part9_p30)
114664,Marrickville_DCP_2011__part9_p30_the_warren,,30_,generic,precinct id from per-precinct document_id (part9_p30)
114670,Marrickville_DCP_2011__part9_p31_unwins_bridge,,31_,generic,precinct id from per-precinct document_id (part9_p31)
114671,Marrickville_DCP_2011__part9_p31_unwins_bridge,,31_,generic,precinct id from per-precinct document_id (part9_p31)
114674,Marrickville_DCP_2011__part9_p31_unwins_bridge,,31_,generic,precinct id from per-precinct document_id (part9_p31)
114666,Marrickville_DCP_2011__part9_p31_unwins_bridge,,31_,generic,precinct id from per-precinct document_id (part9_p31)
114667,Marrickville_DCP_2011__part9_p31_unwins_bridge,,31_,generic,precinct id from per-precinct document_id (part9_p31)
114668,Marrickville_DCP_2011__part9_p31_unwins_bridge,,31_,generic,precinct id from per-precinct document_id (part9_p31)
114669,Marrickville_DCP_2011__part9_p31_unwins_bridge,,31_,generic,precinct id from per-precinct document_id (part9_p31)
114672,Marrickville_DCP_2011__part9_p31_unwins_bridge,,31_,generic,precinct id from per-precinct document_id (part9_p31)
114673,Marrickville_DCP_2011__part9_p31_unwins_bridge,,31_,generic,precinct id from per-precinct document_id (part9_p31)
114675,Marrickville_DCP_2011__part9_p31_unwins_bridge,,31_,generic,precinct id from per-precinct document_id (part9_p31)
114676,Marrickville_DCP_2011__part9_p31_unwins_bridge,,31_,generic,precinct id from per-precinct document_id (part9_p31)
114677,Marrickville_DCP_2011__part9_p31_unwins_bridge,,31_,generic,precinct id from per-precinct document_id (part9_p31)
114678,Marrickville_DCP_2011__part9_p31_unwins_bridge,,31_,generic,precinct id from per-precinct document_id (part9_p31)
114688,Marrickville_DCP_2011__part9_p32_cooks_river_east,,32_,generic,precinct id from per-precinct document_id (part9_p32)
114685,Marrickville_DCP_2011__part9_p32_cooks_river_east,,32_,generic,precinct id from per-precinct document_id (part9_p32)
114686,Marrickville_DCP_2011__part9_p32_cooks_river_east,,32_,generic,precinct id from per-precinct document_id (part9_p32)
114679,Marrickville_DCP_2011__part9_p32_cooks_river_east,,32_,generic,precinct id from per-precinct document_id (part9_p32)
114680,Marrickville_DCP_2011__part9_p32_cooks_river_east,,32_,generic,precinct id from per-precinct document_id (part9_p32)
114681,Marrickville_DCP_2011__part9_p32_cooks_river_east,,32_,generic,precinct id from per-precinct document_id (part9_p32)
114682,Marrickville_DCP_2011__part9_p32_cooks_river_east,,32_,generic,precinct id from per-precinct document_id (part9_p32)
114683,Marrickville_DCP_2011__part9_p32_cooks_river_east,,32_,generic,precinct id from per-precinct document_id (part9_p32)
114684,Marrickville_DCP_2011__part9_p32_cooks_river_east,,32_,generic,precinct id from per-precinct document_id (part9_p32)
114687,Marrickville_DCP_2011__part9_p32_cooks_river_east,,32_,generic,precinct id from per-precinct document_id (part9_p32)
114689,Marrickville_DCP_2011__part9_p32_cooks_river_east,,32_,generic,precinct id from per-precinct document_id (part9_p32)
114690,Marrickville_DCP_2011__part9_p32_cooks_river_east,,32_,generic,precinct id from per-precinct document_id (part9_p32)
114691,Marrickville_DCP_2011__part9_p32_cooks_river_east,,32_,generic,precinct id from per-precinct document_id (part9_p32)
114693,Marrickville_DCP_2011__part9_p33_princes_highway,,33_,generic,precinct id from per-precinct document_id (part9_p33)
114692,Marrickville_DCP_2011__part9_p33_princes_highway,,33_,generic,precinct id from per-precinct document_id (part9_p33)
114694,Marrickville_DCP_2011__part9_p33_princes_highway,,33_,generic,precinct id from per-precinct document_id (part9_p33)
114695,Marrickville_DCP_2011__part9_p33_princes_highway,,33_,generic,precinct id from per-precinct document_id (part9_p33)
114696,Marrickville_DCP_2011__part9_p33_princes_highway,,33_,generic,precinct id from per-precinct document_id (part9_p33)
114697,Marrickville_DCP_2011__part9_p33_princes_highway,,33_,generic,precinct id from per-precinct document_id (part9_p33)
114698,Marrickville_DCP_2011__part9_p33_princes_highway,,33_,generic,precinct id from per-precinct document_id (part9_p33)
114713,Marrickville_DCP_2011__part9_p34_tempe_reserve,,34_,,precinct id from per-precinct document_id (part9_p34)
114714,Marrickville_DCP_2011__part9_p34_tempe_reserve,,34_,,precinct id from per-precinct document_id (part9_p34)
114702,Marrickville_DCP_2011__part9_p34_tempe_reserve,,34_,generic,precinct id from per-precinct document_id (part9_p34)
114699,Marrickville_DCP_2011__part9_p34_tempe_reserve,,34_,generic,precinct id from per-precinct document_id (part9_p34)
114700,Marrickville_DCP_2011__part9_p34_tempe_reserve,,34_,generic,precinct id from per-precinct document_id (part9_p34)
114701,Marrickville_DCP_2011__part9_p34_tempe_reserve,,34_,generic,precinct id from per-precinct document_id (part9_p34)
114703,Marrickville_DCP_2011__part9_p34_tempe_reserve,,34_,generic,precinct id from per-precinct document_id (part9_p34)
114704,Marrickville_DCP_2011__part9_p34_tempe_reserve,,34_,generic,precinct id from per-precinct document_id (part9_p34)
114705,Marrickville_DCP_2011__part9_p34_tempe_reserve,,34_,generic,precinct id from per-precinct document_id (part9_p34)
114706,Marrickville_DCP_2011__part9_p34_tempe_reserve,,34_,generic,precinct id from per-precinct document_id (part9_p34)
114707,Marrickville_DCP_2011__part9_p34_tempe_reserve,,34_,generic,precinct id from per-precinct document_id (part9_p34)
114708,Marrickville_DCP_2011__part9_p34_tempe_reserve,,34_,generic,precinct id from per-precinct document_id (part9_p34)
114709,Marrickville_DCP_2011__part9_p34_tempe_reserve,,34_,generic,precinct id from per-precinct document_id (part9_p34)
114710,Marrickville_DCP_2011__part9_p34_tempe_reserve,,34_,generic,precinct id from per-precinct document_id (part9_p34)
114711,Marrickville_DCP_2011__part9_p34_tempe_reserve,,34_,generic,precinct id from per-precinct document_id (part9_p34)
114712,Marrickville_DCP_2011__part9_p34_tempe_reserve,,34_,generic,precinct id from per-precinct document_id (part9_p34)
114718,Marrickville_DCP_2011__part9_p35_parramatta_rd,,35_,generic,precinct id from per-precinct document_id (part9_p35)
114715,Marrickville_DCP_2011__part9_p35_parramatta_rd,,35_,generic,precinct id from per-precinct document_id (part9_p35)
114716,Marrickville_DCP_2011__part9_p35_parramatta_rd,,35_,generic,precinct id from per-precinct document_id (part9_p35)
114720,Marrickville_DCP_2011__part9_p35_parramatta_rd,,35_,generic,precinct id from per-precinct document_id (part9_p35)
114723,Marrickville_DCP_2011__part9_p35_parramatta_rd,,35_,generic,precinct id from per-precinct document_id (part9_p35)
114730,Marrickville_DCP_2011__part9_p35_parramatta_rd,,35_,generic,precinct id from per-precinct document_id (part9_p35)
114731,Marrickville_DCP_2011__part9_p35_parramatta_rd,,35_,generic,precinct id from per-precinct document_id (part9_p35)
114726,Marrickville_DCP_2011__part9_p35_parramatta_rd,,35_,generic,precinct id from per-precinct document_id (part9_p35)
114717,Marrickville_DCP_2011__part9_p35_parramatta_rd,,35_,generic,precinct id from per-precinct document_id (part9_p35)
114719,Marrickville_DCP_2011__part9_p35_parramatta_rd,,35_,generic,precinct id from per-precinct document_id (part9_p35)
114721,Marrickville_DCP_2011__part9_p35_parramatta_rd,,35_,generic,precinct id from per-precinct document_id (part9_p35)
114722,Marrickville_DCP_2011__part9_p35_parramatta_rd,,35_,generic,precinct id from per-precinct document_id (part9_p35)
114724,Marrickville_DCP_2011__part9_p35_parramatta_rd,,35_,generic,precinct id from per-precinct document_id (part9_p35)
114725,Marrickville_DCP_2011__part9_p35_parramatta_rd,,35_,generic,precinct id from per-precinct document_id (part9_p35)
114727,Marrickville_DCP_2011__part9_p35_parramatta_rd,,35_,generic,precinct id from per-precinct document_id (part9_p35)
114728,Marrickville_DCP_2011__part9_p35_parramatta_rd,,35_,generic,precinct id from per-precinct document_id (part9_p35)
114729,Marrickville_DCP_2011__part9_p35_parramatta_rd,,35_,generic,precinct id from per-precinct document_id (part9_p35)
114732,Marrickville_DCP_2011__part9_p35_parramatta_rd,,35_,generic,precinct id from per-precinct document_id (part9_p35)
114733,Marrickville_DCP_2011__part9_p35_parramatta_rd,,35_,generic,precinct id from per-precinct document_id (part9_p35)
114734,Marrickville_DCP_2011__part9_p35_parramatta_rd,,35_,generic,precinct id from per-precinct document_id (part9_p35)
114735,Marrickville_DCP_2011__part9_p35_parramatta_rd,,35_,generic,precinct id from per-precinct document_id (part9_p35)
114736,Marrickville_DCP_2011__part9_p35_parramatta_rd,,35_,generic,precinct id from per-precinct document_id (part9_p35)
114743,Marrickville_DCP_2011__part9_p36_petersham_commercial,,36_,generic,precinct id from per-precinct document_id (part9_p36)
114749,Marrickville_DCP_2011__part9_p36_petersham_commercial,,36_,generic,precinct id from per-precinct document_id (part9_p36)
114763,Marrickville_DCP_2011__part9_p36_petersham_commercial,,36_,generic,precinct id from per-precinct document_id (part9_p36)
114768,Marrickville_DCP_2011__part9_p36_petersham_commercial,,36_,generic,precinct id from per-precinct document_id (part9_p36)
114737,Marrickville_DCP_2011__part9_p36_petersham_commercial,,36_,generic,precinct id from per-precinct document_id (part9_p36)
114742,Marrickville_DCP_2011__part9_p36_petersham_commercial,,36_,generic,precinct id from per-precinct document_id (part9_p36)
114744,Marrickville_DCP_2011__part9_p36_petersham_commercial,,36_,generic,precinct id from per-precinct document_id (part9_p36)
114752,Marrickville_DCP_2011__part9_p36_petersham_commercial,,36_,generic,precinct id from per-precinct document_id (part9_p36)
114738,Marrickville_DCP_2011__part9_p36_petersham_commercial,,36_,generic,precinct id from per-precinct document_id (part9_p36)
114739,Marrickville_DCP_2011__part9_p36_petersham_commercial,,36_,generic,precinct id from per-precinct document_id (part9_p36)
114740,Marrickville_DCP_2011__part9_p36_petersham_commercial,,36_,generic,precinct id from per-precinct document_id (part9_p36)
114741,Marrickville_DCP_2011__part9_p36_petersham_commercial,,36_,generic,precinct id from per-precinct document_id (part9_p36)
114745,Marrickville_DCP_2011__part9_p36_petersham_commercial,,36_,generic,precinct id from per-precinct document_id (part9_p36)
114746,Marrickville_DCP_2011__part9_p36_petersham_commercial,,36_,generic,precinct id from per-precinct document_id (part9_p36)
114747,Marrickville_DCP_2011__part9_p36_petersham_commercial,,36_,generic,precinct id from per-precinct document_id (part9_p36)
114748,Marrickville_DCP_2011__part9_p36_petersham_commercial,,36_,generic,precinct id from per-precinct document_id (part9_p36)
114750,Marrickville_DCP_2011__part9_p36_petersham_commercial,,36_,generic,precinct id from per-precinct document_id (part9_p36)
114751,Marrickville_DCP_2011__part9_p36_petersham_commercial,,36_,generic,precinct id from per-precinct document_id (part9_p36)
114753,Marrickville_DCP_2011__part9_p36_petersham_commercial,,36_,generic,precinct id from per-precinct document_id (part9_p36)
114754,Marrickville_DCP_2011__part9_p36_petersham_commercial,,36_,generic,precinct id from per-precinct document_id (part9_p36)
114755,Marrickville_DCP_2011__part9_p36_petersham_commercial,,36_,generic,precinct id from per-precinct document_id (part9_p36)
114756,Marrickville_DCP_2011__part9_p36_petersham_commercial,,36_,generic,precinct id from per-precinct document_id (part9_p36)
114757,Marrickville_DCP_2011__part9_p36_petersham_commercial,,36_,generic,precinct id from per-precinct document_id (part9_p36)
114758,Marrickville_DCP_2011__part9_p36_petersham_commercial,,36_,generic,precinct id from per-precinct document_id (part9_p36)
114759,Marrickville_DCP_2011__part9_p36_petersham_commercial,,36_,generic,precinct id from per-precinct document_id (part9_p36)
114760,Marrickville_DCP_2011__part9_p36_petersham_commercial,,36_,generic,precinct id from per-precinct document_id (part9_p36)
114761,Marrickville_DCP_2011__part9_p36_petersham_commercial,,36_,generic,precinct id from per-precinct document_id (part9_p36)
114762,Marrickville_DCP_2011__part9_p36_petersham_commercial,,36_,generic,precinct id from per-precinct document_id (part9_p36)
114764,Marrickville_DCP_2011__part9_p36_petersham_commercial,,36_,generic,precinct id from per-precinct document_id (part9_p36)
114765,Marrickville_DCP_2011__part9_p36_petersham_commercial,,36_,generic,precinct id from per-precinct document_id (part9_p36)
114766,Marrickville_DCP_2011__part9_p36_petersham_commercial,,36_,generic,precinct id from per-precinct document_id (part9_p36)
114767,Marrickville_DCP_2011__part9_p36_petersham_commercial,,36_,generic,precinct id from per-precinct document_id (part9_p36)
114770,Marrickville_DCP_2011__part9_p37_king_st_enmore,,37_,generic,precinct id from per-precinct document_id (part9_p37)
114772,Marrickville_DCP_2011__part9_p37_king_st_enmore,,37_,generic,precinct id from per-precinct document_id (part9_p37)
114773,Marrickville_DCP_2011__part9_p37_king_st_enmore,,37_,generic,precinct id from per-precinct document_id (part9_p37)
114774,Marrickville_DCP_2011__part9_p37_king_st_enmore,,37_,generic,precinct id from per-precinct document_id (part9_p37)
114778,Marrickville_DCP_2011__part9_p37_king_st_enmore,,37_,generic,precinct id from per-precinct document_id (part9_p37)
114780,Marrickville_DCP_2011__part9_p37_king_st_enmore,,37_,generic,precinct id from per-precinct document_id (part9_p37)
114784,Marrickville_DCP_2011__part9_p37_king_st_enmore,,37_,generic,precinct id from per-precinct document_id (part9_p37)
114769,Marrickville_DCP_2011__part9_p37_king_st_enmore,,37_,generic,precinct id from per-precinct document_id (part9_p37)
114771,Marrickville_DCP_2011__part9_p37_king_st_enmore,,37_,generic,precinct id from per-precinct document_id (part9_p37)
114775,Marrickville_DCP_2011__part9_p37_king_st_enmore,,37_,generic,precinct id from per-precinct document_id (part9_p37)
114776,Marrickville_DCP_2011__part9_p37_king_st_enmore,,37_,generic,precinct id from per-precinct document_id (part9_p37)
114777,Marrickville_DCP_2011__part9_p37_king_st_enmore,,37_,generic,precinct id from per-precinct document_id (part9_p37)
114779,Marrickville_DCP_2011__part9_p37_king_st_enmore,,37_,generic,precinct id from per-precinct document_id (part9_p37)
114781,Marrickville_DCP_2011__part9_p37_king_st_enmore,,37_,generic,precinct id from per-precinct document_id (part9_p37)
114782,Marrickville_DCP_2011__part9_p37_king_st_enmore,,37_,generic,precinct id from per-precinct document_id (part9_p37)
114783,Marrickville_DCP_2011__part9_p37_king_st_enmore,,37_,generic,precinct id from per-precinct document_id (part9_p37)
114785,Marrickville_DCP_2011__part9_p37_king_st_enmore,,37_,generic,precinct id from per-precinct document_id (part9_p37)
114786,Marrickville_DCP_2011__part9_p37_king_st_enmore,,37_,generic,precinct id from per-precinct document_id (part9_p37)
114787,Marrickville_DCP_2011__part9_p37_king_st_enmore,,37_,generic,precinct id from per-precinct document_id (part9_p37)
114788,Marrickville_DCP_2011__part9_p38_dulwich_hill_commercial,,38_,,precinct id from per-precinct document_id (part9_p38)
114792,Marrickville_DCP_2011__part9_p38_dulwich_hill_commercial,,38_,,precinct id from per-precinct document_id (part9_p38)
114790,Marrickville_DCP_2011__part9_p38_dulwich_hill_commercial,,38_,generic,precinct id from per-precinct document_id (part9_p38)
114810,Marrickville_DCP_2011__part9_p38_dulwich_hill_commercial,,38_,generic,precinct id from per-precinct document_id (part9_p38)
114801,Marrickville_DCP_2011__part9_p38_dulwich_hill_commercial,,38_,generic,precinct id from per-precinct document_id (part9_p38)
114803,Marrickville_DCP_2011__part9_p38_dulwich_hill_commercial,,38_,generic,precinct id from per-precinct document_id (part9_p38)
114809,Marrickville_DCP_2011__part9_p38_dulwich_hill_commercial,,38_,generic,precinct id from per-precinct document_id (part9_p38)
114812,Marrickville_DCP_2011__part9_p38_dulwich_hill_commercial,,38_,generic,precinct id from per-precinct document_id (part9_p38)
114795,Marrickville_DCP_2011__part9_p38_dulwich_hill_commercial,,38_,generic,precinct id from per-precinct document_id (part9_p38)
114802,Marrickville_DCP_2011__part9_p38_dulwich_hill_commercial,,38_,generic,precinct id from per-precinct document_id (part9_p38)
114789,Marrickville_DCP_2011__part9_p38_dulwich_hill_commercial,,38_,generic,precinct id from per-precinct document_id (part9_p38)
114791,Marrickville_DCP_2011__part9_p38_dulwich_hill_commercial,,38_,generic,precinct id from per-precinct document_id (part9_p38)
114793,Marrickville_DCP_2011__part9_p38_dulwich_hill_commercial,,38_,generic,precinct id from per-precinct document_id (part9_p38)
114794,Marrickville_DCP_2011__part9_p38_dulwich_hill_commercial,,38_,generic,precinct id from per-precinct document_id (part9_p38)
114796,Marrickville_DCP_2011__part9_p38_dulwich_hill_commercial,,38_,generic,precinct id from per-precinct document_id (part9_p38)
114797,Marrickville_DCP_2011__part9_p38_dulwich_hill_commercial,,38_,generic,precinct id from per-precinct document_id (part9_p38)
114798,Marrickville_DCP_2011__part9_p38_dulwich_hill_commercial,,38_,generic,precinct id from per-precinct document_id (part9_p38)
114799,Marrickville_DCP_2011__part9_p38_dulwich_hill_commercial,,38_,generic,precinct id from per-precinct document_id (part9_p38)
114800,Marrickville_DCP_2011__part9_p38_dulwich_hill_commercial,,38_,generic,precinct id from per-precinct document_id (part9_p38)
114804,Marrickville_DCP_2011__part9_p38_dulwich_hill_commercial,,38_,generic,precinct id from per-precinct document_id (part9_p38)
114805,Marrickville_DCP_2011__part9_p38_dulwich_hill_commercial,,38_,generic,precinct id from per-precinct document_id (part9_p38)
114806,Marrickville_DCP_2011__part9_p38_dulwich_hill_commercial,,38_,generic,precinct id from per-precinct document_id (part9_p38)
114807,Marrickville_DCP_2011__part9_p38_dulwich_hill_commercial,,38_,generic,precinct id from per-precinct document_id (part9_p38)
114808,Marrickville_DCP_2011__part9_p38_dulwich_hill_commercial,,38_,generic,precinct id from per-precinct document_id (part9_p38)
114811,Marrickville_DCP_2011__part9_p38_dulwich_hill_commercial,,38_,generic,precinct id from per-precinct document_id (part9_p38)
114813,Marrickville_DCP_2011__part9_p38_dulwich_hill_commercial,,38_,generic,precinct id from per-precinct document_id (part9_p38)
114814,Marrickville_DCP_2011__part9_p38_dulwich_hill_commercial,,38_,generic,precinct id from per-precinct document_id (part9_p38)
114815,Marrickville_DCP_2011__part9_p38_dulwich_hill_commercial,,38_,generic,precinct id from per-precinct document_id (part9_p38)
114816,Marrickville_DCP_2011__part9_p38_dulwich_hill_commercial,,38_,generic,precinct id from per-precinct document_id (part9_p38)
114817,Marrickville_DCP_2011__part9_p38_dulwich_hill_commercial,,38_,generic,precinct id from per-precinct document_id (part9_p38)
114818,Marrickville_DCP_2011__part9_p38_dulwich_hill_commercial,,38_,generic,precinct id from per-precinct document_id (part9_p38)
114819,Marrickville_DCP_2011__part9_p38_dulwich_hill_commercial,,38_,generic,precinct id from per-precinct document_id (part9_p38)
114820,Marrickville_DCP_2011__part9_p38_dulwich_hill_commercial,,38_,generic,precinct id from per-precinct document_id (part9_p38)
114823,Marrickville_DCP_2011__part9_p39_marrickville_metro,,39_,generic,precinct id from per-precinct document_id (part9_p39)
114827,Marrickville_DCP_2011__part9_p39_marrickville_metro,,39_,generic,precinct id from per-precinct document_id (part9_p39)
114825,Marrickville_DCP_2011__part9_p39_marrickville_metro,,39_,generic,precinct id from per-precinct document_id (part9_p39)
114826,Marrickville_DCP_2011__part9_p39_marrickville_metro,,39_,generic,precinct id from per-precinct document_id (part9_p39)
114821,Marrickville_DCP_2011__part9_p39_marrickville_metro,,39_,generic,precinct id from per-precinct document_id (part9_p39)
114822,Marrickville_DCP_2011__part9_p39_marrickville_metro,,39_,generic,precinct id from per-precinct document_id (part9_p39)
114824,Marrickville_DCP_2011__part9_p39_marrickville_metro,,39_,generic,precinct id from per-precinct document_id (part9_p39)
114828,Marrickville_DCP_2011__part9_p39_marrickville_metro,,39_,generic,precinct id from per-precinct document_id (part9_p39)
114851,Marrickville_DCP_2011__part9_p40_marrickville_tc_commercial,,40_,generic,precinct id from per-precinct document_id (part9_p40)
114877,Marrickville_DCP_2011__part9_p40_marrickville_tc_commercial,,40_,generic,precinct id from per-precinct document_id (part9_p40)
114883,Marrickville_DCP_2011__part9_p40_marrickville_tc_commercial,,40_,generic,precinct id from per-precinct document_id (part9_p40)
114922,Marrickville_DCP_2011__part9_p40_marrickville_tc_commercial,,40_,generic,precinct id from per-precinct document_id (part9_p40)
114927,Marrickville_DCP_2011__part9_p40_marrickville_tc_commercial,,40_,generic,precinct id from per-precinct document_id (part9_p40)
114951,Marrickville_DCP_2011__part9_p40_marrickville_tc_commercial,,40_,generic,precinct id from per-precinct document_id (part9_p40)
114956,Marrickville_DCP_2011__part9_p40_marrickville_tc_commercial,,40_,,precinct id from per-precinct document_id (part9_p40)
114971,Marrickville_DCP_2011__part9_p40_marrickville_tc_commercial,,40_,,precinct id from per-precinct document_id (part9_p40)
114976,Marrickville_DCP_2011__part9_p40_marrickville_tc_commercial,,40_,,precinct id from per-precinct document_id (part9_p40)
114992,Marrickville_DCP_2011__part9_p40_marrickville_tc_commercial,,40_,,precinct id from per-precinct document_id (part9_p40)
114993,Marrickville_DCP_2011__part9_p40_marrickville_tc_commercial,,40_,,precinct id from per-precinct document_id (part9_p40)
114829,Marrickville_DCP_2011__part9_p40_marrickville_tc_commercial,,40_,generic,precinct id from per-precinct document_id (part9_p40)
114830,Marrickville_DCP_2011__part9_p40_marrickville_tc_commercial,,40_,generic,precinct id from per-precinct document_id (part9_p40)
114832,Marrickville_DCP_2011__part9_p40_marrickville_tc_commercial,,40_,generic,precinct id from per-precinct document_id (part9_p40)
114835,Marrickville_DCP_2011__part9_p40_marrickville_tc_commercial,,40_,generic,precinct id from per-precinct document_id (part9_p40)
114837,Marrickville_DCP_2011__part9_p40_marrickville_tc_commercial,,40_,generic,precinct id from per-precinct document_id (part9_p40)
114838,Marrickville_DCP_2011__part9_p40_marrickville_tc_commercial,,40_,generic,precinct id from per-precinct document_id (part9_p40)
114839,Marrickville_DCP_2011__part9_p40_marrickville_tc_commercial,,40_,generic,precinct id from per-precinct document_id (part9_p40)
114841,Marrickville_DCP_2011__part9_p40_marrickville_tc_commercial,,40_,generic,precinct id from per-precinct document_id (part9_p40)
114843,Marrickville_DCP_2011__part9_p40_marrickville_tc_commercial,,40_,generic,precinct id from per-precinct document_id (part9_p40)
114847,Marrickville_DCP_2011__part9_p40_marrickville_tc_commercial,,40_,generic,precinct id from per-precinct document_id (part9_p40)
114848,Marrickville_DCP_2011__part9_p40_marrickville_tc_commercial,,40_,generic,precinct id from per-precinct document_id (part9_p40)
114850,Marrickville_DCP_2011__part9_p40_marrickville_tc_commercial,,40_,generic,precinct id from per-precinct document_id (part9_p40)
114853,Marrickville_DCP_2011__part9_p40_marrickville_tc_commercial,,40_,generic,precinct id from per-precinct document_id (part9_p40)
114860,Marrickville_DCP_2011__part9_p40_marrickville_tc_commercial,,40_,generic,precinct id from per-precinct document_id (part9_p40)
114870,Marrickville_DCP_2011__part9_p40_marrickville_tc_commercial,,40_,generic,precinct id from per-precinct document_id (part9_p40)
114874,Marrickville_DCP_2011__part9_p40_marrickville_tc_commercial,,40_,generic,precinct id from per-precinct document_id (part9_p40)
114878,Marrickville_DCP_2011__part9_p40_marrickville_tc_commercial,,40_,generic,precinct id from per-precinct document_id (part9_p40)
114879,Marrickville_DCP_2011__part9_p40_marrickville_tc_commercial,,40_,generic,precinct id from per-precinct document_id (part9_p40)
114880,Marrickville_DCP_2011__part9_p40_marrickville_tc_commercial,,40_,generic,precinct id from per-precinct document_id (part9_p40)
114881,Marrickville_DCP_2011__part9_p40_marrickville_tc_commercial,,40_,generic,precinct id from per-precinct document_id (part9_p40)
114890,Marrickville_DCP_2011__part9_p40_marrickville_tc_commercial,,40_,generic,precinct id from per-precinct document_id (part9_p40)
114900,Marrickville_DCP_2011__part9_p40_marrickville_tc_commercial,,40_,generic,precinct id from per-precinct document_id (part9_p40)
114901,Marrickville_DCP_2011__part9_p40_marrickville_tc_commercial,,40_,generic,precinct id from per-precinct document_id (part9_p40)
114902,Marrickville_DCP_2011__part9_p40_marrickville_tc_commercial,,40_,generic,precinct id from per-precinct document_id (part9_p40)
114909,Marrickville_DCP_2011__part9_p40_marrickville_tc_commercial,,40_,generic,precinct id from per-precinct document_id (part9_p40)
114911,Marrickville_DCP_2011__part9_p40_marrickville_tc_commercial,,40_,generic,precinct id from per-precinct document_id (part9_p40)
114914,Marrickville_DCP_2011__part9_p40_marrickville_tc_commercial,,40_,generic,precinct id from per-precinct document_id (part9_p40)
114917,Marrickville_DCP_2011__part9_p40_marrickville_tc_commercial,,40_,generic,precinct id from per-precinct document_id (part9_p40)
114919,Marrickville_DCP_2011__part9_p40_marrickville_tc_commercial,,40_,generic,precinct id from per-precinct document_id (part9_p40)
114935,Marrickville_DCP_2011__part9_p40_marrickville_tc_commercial,,40_,generic,precinct id from per-precinct document_id (part9_p40)
114937,Marrickville_DCP_2011__part9_p40_marrickville_tc_commercial,,40_,generic,precinct id from per-precinct document_id (part9_p40)
114952,Marrickville_DCP_2011__part9_p40_marrickville_tc_commercial,,40_,generic,precinct id from per-precinct document_id (part9_p40)
114958,Marrickville_DCP_2011__part9_p40_marrickville_tc_commercial,,40_,generic,precinct id from per-precinct document_id (part9_p40)
114967,Marrickville_DCP_2011__part9_p40_marrickville_tc_commercial,,40_,generic,precinct id from per-precinct document_id (part9_p40)
114969,Marrickville_DCP_2011__part9_p40_marrickville_tc_commercial,,40_,generic,precinct id from per-precinct document_id (part9_p40)
114973,Marrickville_DCP_2011__part9_p40_marrickville_tc_commercial,,40_,generic,precinct id from per-precinct document_id (part9_p40)
114984,Marrickville_DCP_2011__part9_p40_marrickville_tc_commercial,,40_,generic,precinct id from per-precinct document_id (part9_p40)
114985,Marrickville_DCP_2011__part9_p40_marrickville_tc_commercial,,40_,generic,precinct id from per-precinct document_id (part9_p40)
114997,Marrickville_DCP_2011__part9_p40_marrickville_tc_commercial,,40_,generic,precinct id from per-precinct document_id (part9_p40)
114998,Marrickville_DCP_2011__part9_p40_marrickville_tc_commercial,,40_,generic,precinct id from per-precinct document_id (part9_p40)
114831,Marrickville_DCP_2011__part9_p40_marrickville_tc_commercial,,40_,generic,precinct id from per-precinct document_id (part9_p40)
114833,Marrickville_DCP_2011__part9_p40_marrickville_tc_commercial,,40_,generic,precinct id from per-precinct document_id (part9_p40)
114834,Marrickville_DCP_2011__part9_p40_marrickville_tc_commercial,,40_,generic,precinct id from per-precinct document_id (part9_p40)
114836,Marrickville_DCP_2011__part9_p40_marrickville_tc_commercial,,40_,generic,precinct id from per-precinct document_id (part9_p40)
114840,Marrickville_DCP_2011__part9_p40_marrickville_tc_commercial,,40_,generic,precinct id from per-precinct document_id (part9_p40)
114842,Marrickville_DCP_2011__part9_p40_marrickville_tc_commercial,,40_,generic,precinct id from per-precinct document_id (part9_p40)
114844,Marrickville_DCP_2011__part9_p40_marrickville_tc_commercial,,40_,generic,precinct id from per-precinct document_id (part9_p40)
114845,Marrickville_DCP_2011__part9_p40_marrickville_tc_commercial,,40_,generic,precinct id from per-precinct document_id (part9_p40)
114846,Marrickville_DCP_2011__part9_p40_marrickville_tc_commercial,,40_,generic,precinct id from per-precinct document_id (part9_p40)
114849,Marrickville_DCP_2011__part9_p40_marrickville_tc_commercial,,40_,generic,precinct id from per-precinct document_id (part9_p40)
114852,Marrickville_DCP_2011__part9_p40_marrickville_tc_commercial,,40_,generic,precinct id from per-precinct document_id (part9_p40)
114854,Marrickville_DCP_2011__part9_p40_marrickville_tc_commercial,,40_,generic,precinct id from per-precinct document_id (part9_p40)
114857,Marrickville_DCP_2011__part9_p40_marrickville_tc_commercial,,40_,generic,precinct id from per-precinct document_id (part9_p40)
114858,Marrickville_DCP_2011__part9_p40_marrickville_tc_commercial,,40_,generic,precinct id from per-precinct document_id (part9_p40)
114861,Marrickville_DCP_2011__part9_p40_marrickville_tc_commercial,,40_,generic,precinct id from per-precinct document_id (part9_p40)
114862,Marrickville_DCP_2011__part9_p40_marrickville_tc_commercial,,40_,generic,precinct id from per-precinct document_id (part9_p40)
114863,Marrickville_DCP_2011__part9_p40_marrickville_tc_commercial,,40_,generic,precinct id from per-precinct document_id (part9_p40)
114864,Marrickville_DCP_2011__part9_p40_marrickville_tc_commercial,,40_,generic,precinct id from per-precinct document_id (part9_p40)
114865,Marrickville_DCP_2011__part9_p40_marrickville_tc_commercial,,40_,generic,precinct id from per-precinct document_id (part9_p40)
114867,Marrickville_DCP_2011__part9_p40_marrickville_tc_commercial,,40_,generic,precinct id from per-precinct document_id (part9_p40)
114868,Marrickville_DCP_2011__part9_p40_marrickville_tc_commercial,,40_,generic,precinct id from per-precinct document_id (part9_p40)
114869,Marrickville_DCP_2011__part9_p40_marrickville_tc_commercial,,40_,generic,precinct id from per-precinct document_id (part9_p40)
114872,Marrickville_DCP_2011__part9_p40_marrickville_tc_commercial,,40_,generic,precinct id from per-precinct document_id (part9_p40)
114873,Marrickville_DCP_2011__part9_p40_marrickville_tc_commercial,,40_,generic,precinct id from per-precinct document_id (part9_p40)
114875,Marrickville_DCP_2011__part9_p40_marrickville_tc_commercial,,40_,generic,precinct id from per-precinct document_id (part9_p40)
114876,Marrickville_DCP_2011__part9_p40_marrickville_tc_commercial,,40_,generic,precinct id from per-precinct document_id (part9_p40)
114882,Marrickville_DCP_2011__part9_p40_marrickville_tc_commercial,,40_,generic,precinct id from per-precinct document_id (part9_p40)
114885,Marrickville_DCP_2011__part9_p40_marrickville_tc_commercial,,40_,generic,precinct id from per-precinct document_id (part9_p40)
114886,Marrickville_DCP_2011__part9_p40_marrickville_tc_commercial,,40_,generic,precinct id from per-precinct document_id (part9_p40)
114887,Marrickville_DCP_2011__part9_p40_marrickville_tc_commercial,,40_,generic,precinct id from per-precinct document_id (part9_p40)
114888,Marrickville_DCP_2011__part9_p40_marrickville_tc_commercial,,40_,generic,precinct id from per-precinct document_id (part9_p40)
114889,Marrickville_DCP_2011__part9_p40_marrickville_tc_commercial,,40_,generic,precinct id from per-precinct document_id (part9_p40)
114891,Marrickville_DCP_2011__part9_p40_marrickville_tc_commercial,,40_,generic,precinct id from per-precinct document_id (part9_p40)
114892,Marrickville_DCP_2011__part9_p40_marrickville_tc_commercial,,40_,generic,precinct id from per-precinct document_id (part9_p40)
114893,Marrickville_DCP_2011__part9_p40_marrickville_tc_commercial,,40_,generic,precinct id from per-precinct document_id (part9_p40)
114895,Marrickville_DCP_2011__part9_p40_marrickville_tc_commercial,,40_,generic,precinct id from per-precinct document_id (part9_p40)
114896,Marrickville_DCP_2011__part9_p40_marrickville_tc_commercial,,40_,generic,precinct id from per-precinct document_id (part9_p40)
114897,Marrickville_DCP_2011__part9_p40_marrickville_tc_commercial,,40_,generic,precinct id from per-precinct document_id (part9_p40)
114898,Marrickville_DCP_2011__part9_p40_marrickville_tc_commercial,,40_,generic,precinct id from per-precinct document_id (part9_p40)
114899,Marrickville_DCP_2011__part9_p40_marrickville_tc_commercial,,40_,generic,precinct id from per-precinct document_id (part9_p40)
114903,Marrickville_DCP_2011__part9_p40_marrickville_tc_commercial,,40_,generic,precinct id from per-precinct document_id (part9_p40)
114905,Marrickville_DCP_2011__part9_p40_marrickville_tc_commercial,,40_,generic,precinct id from per-precinct document_id (part9_p40)
114906,Marrickville_DCP_2011__part9_p40_marrickville_tc_commercial,,40_,generic,precinct id from per-precinct document_id (part9_p40)
114908,Marrickville_DCP_2011__part9_p40_marrickville_tc_commercial,,40_,generic,precinct id from per-precinct document_id (part9_p40)
114910,Marrickville_DCP_2011__part9_p40_marrickville_tc_commercial,,40_,generic,precinct id from per-precinct document_id (part9_p40)
114912,Marrickville_DCP_2011__part9_p40_marrickville_tc_commercial,,40_,generic,precinct id from per-precinct document_id (part9_p40)
114913,Marrickville_DCP_2011__part9_p40_marrickville_tc_commercial,,40_,generic,precinct id from per-precinct document_id (part9_p40)
114915,Marrickville_DCP_2011__part9_p40_marrickville_tc_commercial,,40_,generic,precinct id from per-precinct document_id (part9_p40)
114916,Marrickville_DCP_2011__part9_p40_marrickville_tc_commercial,,40_,generic,precinct id from per-precinct document_id (part9_p40)
114921,Marrickville_DCP_2011__part9_p40_marrickville_tc_commercial,,40_,generic,precinct id from per-precinct document_id (part9_p40)
114923,Marrickville_DCP_2011__part9_p40_marrickville_tc_commercial,,40_,generic,precinct id from per-precinct document_id (part9_p40)
114924,Marrickville_DCP_2011__part9_p40_marrickville_tc_commercial,,40_,generic,precinct id from per-precinct document_id (part9_p40)
114925,Marrickville_DCP_2011__part9_p40_marrickville_tc_commercial,,40_,generic,precinct id from per-precinct document_id (part9_p40)
114926,Marrickville_DCP_2011__part9_p40_marrickville_tc_commercial,,40_,generic,precinct id from per-precinct document_id (part9_p40)
114928,Marrickville_DCP_2011__part9_p40_marrickville_tc_commercial,,40_,generic,precinct id from per-precinct document_id (part9_p40)
114930,Marrickville_DCP_2011__part9_p40_marrickville_tc_commercial,,40_,generic,precinct id from per-precinct document_id (part9_p40)
114931,Marrickville_DCP_2011__part9_p40_marrickville_tc_commercial,,40_,generic,precinct id from per-precinct document_id (part9_p40)
114932,Marrickville_DCP_2011__part9_p40_marrickville_tc_commercial,,40_,generic,precinct id from per-precinct document_id (part9_p40)
114933,Marrickville_DCP_2011__part9_p40_marrickville_tc_commercial,,40_,generic,precinct id from per-precinct document_id (part9_p40)
114934,Marrickville_DCP_2011__part9_p40_marrickville_tc_commercial,,40_,generic,precinct id from per-precinct document_id (part9_p40)
114936,Marrickville_DCP_2011__part9_p40_marrickville_tc_commercial,,40_,generic,precinct id from per-precinct document_id (part9_p40)
114938,Marrickville_DCP_2011__part9_p40_marrickville_tc_commercial,,40_,generic,precinct id from per-precinct document_id (part9_p40)
114939,Marrickville_DCP_2011__part9_p40_marrickville_tc_commercial,,40_,generic,precinct id from per-precinct document_id (part9_p40)
114940,Marrickville_DCP_2011__part9_p40_marrickville_tc_commercial,,40_,generic,precinct id from per-precinct document_id (part9_p40)
114941,Marrickville_DCP_2011__part9_p40_marrickville_tc_commercial,,40_,generic,precinct id from per-precinct document_id (part9_p40)
114942,Marrickville_DCP_2011__part9_p40_marrickville_tc_commercial,,40_,generic,precinct id from per-precinct document_id (part9_p40)
114944,Marrickville_DCP_2011__part9_p40_marrickville_tc_commercial,,40_,generic,precinct id from per-precinct document_id (part9_p40)
114945,Marrickville_DCP_2011__part9_p40_marrickville_tc_commercial,,40_,generic,precinct id from per-precinct document_id (part9_p40)
114946,Marrickville_DCP_2011__part9_p40_marrickville_tc_commercial,,40_,generic,precinct id from per-precinct document_id (part9_p40)
114947,Marrickville_DCP_2011__part9_p40_marrickville_tc_commercial,,40_,generic,precinct id from per-precinct document_id (part9_p40)
114948,Marrickville_DCP_2011__part9_p40_marrickville_tc_commercial,,40_,generic,precinct id from per-precinct document_id (part9_p40)
114949,Marrickville_DCP_2011__part9_p40_marrickville_tc_commercial,,40_,generic,precinct id from per-precinct document_id (part9_p40)
114950,Marrickville_DCP_2011__part9_p40_marrickville_tc_commercial,,40_,generic,precinct id from per-precinct document_id (part9_p40)
114953,Marrickville_DCP_2011__part9_p40_marrickville_tc_commercial,,40_,generic,precinct id from per-precinct document_id (part9_p40)
114954,Marrickville_DCP_2011__part9_p40_marrickville_tc_commercial,,40_,generic,precinct id from per-precinct document_id (part9_p40)
114955,Marrickville_DCP_2011__part9_p40_marrickville_tc_commercial,,40_,generic,precinct id from per-precinct document_id (part9_p40)
114957,Marrickville_DCP_2011__part9_p40_marrickville_tc_commercial,,40_,generic,precinct id from per-precinct document_id (part9_p40)
114959,Marrickville_DCP_2011__part9_p40_marrickville_tc_commercial,,40_,generic,precinct id from per-precinct document_id (part9_p40)
114960,Marrickville_DCP_2011__part9_p40_marrickville_tc_commercial,,40_,generic,precinct id from per-precinct document_id (part9_p40)
114961,Marrickville_DCP_2011__part9_p40_marrickville_tc_commercial,,40_,generic,precinct id from per-precinct document_id (part9_p40)
114962,Marrickville_DCP_2011__part9_p40_marrickville_tc_commercial,,40_,generic,precinct id from per-precinct document_id (part9_p40)
114963,Marrickville_DCP_2011__part9_p40_marrickville_tc_commercial,,40_,generic,precinct id from per-precinct document_id (part9_p40)
114964,Marrickville_DCP_2011__part9_p40_marrickville_tc_commercial,,40_,generic,precinct id from per-precinct document_id (part9_p40)
114965,Marrickville_DCP_2011__part9_p40_marrickville_tc_commercial,,40_,generic,precinct id from per-precinct document_id (part9_p40)
114966,Marrickville_DCP_2011__part9_p40_marrickville_tc_commercial,,40_,generic,precinct id from per-precinct document_id (part9_p40)
114968,Marrickville_DCP_2011__part9_p40_marrickville_tc_commercial,,40_,generic,precinct id from per-precinct document_id (part9_p40)
114970,Marrickville_DCP_2011__part9_p40_marrickville_tc_commercial,,40_,generic,precinct id from per-precinct document_id (part9_p40)
114972,Marrickville_DCP_2011__part9_p40_marrickville_tc_commercial,,40_,generic,precinct id from per-precinct document_id (part9_p40)
114975,Marrickville_DCP_2011__part9_p40_marrickville_tc_commercial,,40_,generic,precinct id from per-precinct document_id (part9_p40)
114977,Marrickville_DCP_2011__part9_p40_marrickville_tc_commercial,,40_,generic,precinct id from per-precinct document_id (part9_p40)
114978,Marrickville_DCP_2011__part9_p40_marrickville_tc_commercial,,40_,generic,precinct id from per-precinct document_id (part9_p40)
114979,Marrickville_DCP_2011__part9_p40_marrickville_tc_commercial,,40_,generic,precinct id from per-precinct document_id (part9_p40)
114980,Marrickville_DCP_2011__part9_p40_marrickville_tc_commercial,,40_,generic,precinct id from per-precinct document_id (part9_p40)
114981,Marrickville_DCP_2011__part9_p40_marrickville_tc_commercial,,40_,generic,precinct id from per-precinct document_id (part9_p40)
114982,Marrickville_DCP_2011__part9_p40_marrickville_tc_commercial,,40_,generic,precinct id from per-precinct document_id (part9_p40)
114983,Marrickville_DCP_2011__part9_p40_marrickville_tc_commercial,,40_,generic,precinct id from per-precinct document_id (part9_p40)
114986,Marrickville_DCP_2011__part9_p40_marrickville_tc_commercial,,40_,generic,precinct id from per-precinct document_id (part9_p40)
114987,Marrickville_DCP_2011__part9_p40_marrickville_tc_commercial,,40_,generic,precinct id from per-precinct document_id (part9_p40)
114988,Marrickville_DCP_2011__part9_p40_marrickville_tc_commercial,,40_,generic,precinct id from per-precinct document_id (part9_p40)
114989,Marrickville_DCP_2011__part9_p40_marrickville_tc_commercial,,40_,generic,precinct id from per-precinct document_id (part9_p40)
114990,Marrickville_DCP_2011__part9_p40_marrickville_tc_commercial,,40_,generic,precinct id from per-precinct document_id (part9_p40)
114991,Marrickville_DCP_2011__part9_p40_marrickville_tc_commercial,,40_,generic,precinct id from per-precinct document_id (part9_p40)
114994,Marrickville_DCP_2011__part9_p40_marrickville_tc_commercial,,40_,generic,precinct id from per-precinct document_id (part9_p40)
114995,Marrickville_DCP_2011__part9_p40_marrickville_tc_commercial,,40_,generic,precinct id from per-precinct document_id (part9_p40)
114996,Marrickville_DCP_2011__part9_p40_marrickville_tc_commercial,,40_,generic,precinct id from per-precinct document_id (part9_p40)
114999,Marrickville_DCP_2011__part9_p40_marrickville_tc_commercial,,40_,generic,precinct id from per-precinct document_id (part9_p40)
115000,Marrickville_DCP_2011__part9_p40_marrickville_tc_commercial,,40_,generic,precinct id from per-precinct document_id (part9_p40)
114855,Marrickville_DCP_2011__part9_p40_marrickville_tc_commercial,,40_,,precinct id from per-precinct document_id (part9_p40)
114856,Marrickville_DCP_2011__part9_p40_marrickville_tc_commercial,,40_,generic,precinct id from per-precinct document_id (part9_p40)
114859,Marrickville_DCP_2011__part9_p40_marrickville_tc_commercial,,40_,generic,precinct id from per-precinct document_id (part9_p40)
114866,Marrickville_DCP_2011__part9_p40_marrickville_tc_commercial,,40_,generic,precinct id from per-precinct document_id (part9_p40)
114871,Marrickville_DCP_2011__part9_p40_marrickville_tc_commercial,,40_,generic,precinct id from per-precinct document_id (part9_p40)
114884,Marrickville_DCP_2011__part9_p40_marrickville_tc_commercial,,40_,generic,precinct id from per-precinct document_id (part9_p40)
114894,Marrickville_DCP_2011__part9_p40_marrickville_tc_commercial,,40_,generic,precinct id from per-precinct document_id (part9_p40)
114904,Marrickville_DCP_2011__part9_p40_marrickville_tc_commercial,,40_,generic,precinct id from per-precinct document_id (part9_p40)
114907,Marrickville_DCP_2011__part9_p40_marrickville_tc_commercial,,40_,generic,precinct id from per-precinct document_id (part9_p40)
114918,Marrickville_DCP_2011__part9_p40_marrickville_tc_commercial,,40_,generic,precinct id from per-precinct document_id (part9_p40)
114920,Marrickville_DCP_2011__part9_p40_marrickville_tc_commercial,,40_,generic,precinct id from per-precinct document_id (part9_p40)
114929,Marrickville_DCP_2011__part9_p40_marrickville_tc_commercial,,40_,generic,precinct id from per-precinct document_id (part9_p40)
114943,Marrickville_DCP_2011__part9_p40_marrickville_tc_commercial,,40_,generic,precinct id from per-precinct document_id (part9_p40)
114974,Marrickville_DCP_2011__part9_p40_marrickville_tc_commercial,,40_,generic,precinct id from per-precinct document_id (part9_p40)
115001,Marrickville_DCP_2011__part9_p41_bridge_road,,41_,generic,precinct id from per-precinct document_id (part9_p41)
115002,Marrickville_DCP_2011__part9_p41_bridge_road,,41_,generic,precinct id from per-precinct document_id (part9_p41)
115011,Marrickville_DCP_2011__part9_p41_bridge_road,,41_,generic,precinct id from per-precinct document_id (part9_p41)
115003,Marrickville_DCP_2011__part9_p41_bridge_road,,41_,generic,precinct id from per-precinct document_id (part9_p41)
115004,Marrickville_DCP_2011__part9_p41_bridge_road,,41_,generic,precinct id from per-precinct document_id (part9_p41)
115005,Marrickville_DCP_2011__part9_p41_bridge_road,,41_,generic,precinct id from per-precinct document_id (part9_p41)
115006,Marrickville_DCP_2011__part9_p41_bridge_road,,41_,generic,precinct id from per-precinct document_id (part9_p41)
115007,Marrickville_DCP_2011__part9_p41_bridge_road,,41_,generic,precinct id from per-precinct document_id (part9_p41)
115008,Marrickville_DCP_2011__part9_p41_bridge_road,,41_,generic,precinct id from per-precinct document_id (part9_p41)
115010,Marrickville_DCP_2011__part9_p41_bridge_road,,41_,generic,precinct id from per-precinct document_id (part9_p41)
115012,Marrickville_DCP_2011__part9_p41_bridge_road,,41_,generic,precinct id from per-precinct document_id (part9_p41)
115009,Marrickville_DCP_2011__part9_p41_bridge_road,,41_,generic,precinct id from per-precinct document_id (part9_p41)
115015,Marrickville_DCP_2011__part9_p42_camperdown_north,,42_,generic,precinct id from per-precinct document_id (part9_p42)
115021,Marrickville_DCP_2011__part9_p42_camperdown_north,,42_,generic,precinct id from per-precinct document_id (part9_p42)
115013,Marrickville_DCP_2011__part9_p42_camperdown_north,,42_,generic,precinct id from per-precinct document_id (part9_p42)
115016,Marrickville_DCP_2011__part9_p42_camperdown_north,,42_,generic,precinct id from per-precinct document_id (part9_p42)
115017,Marrickville_DCP_2011__part9_p42_camperdown_north,,42_,generic,precinct id from per-precinct document_id (part9_p42)
115018,Marrickville_DCP_2011__part9_p42_camperdown_north,,42_,generic,precinct id from per-precinct document_id (part9_p42)
115022,Marrickville_DCP_2011__part9_p42_camperdown_north,,42_,generic,precinct id from per-precinct document_id (part9_p42)
115014,Marrickville_DCP_2011__part9_p42_camperdown_north,,42_,generic,precinct id from per-precinct document_id (part9_p42)
115019,Marrickville_DCP_2011__part9_p42_camperdown_north,,42_,generic,precinct id from per-precinct document_id (part9_p42)
115020,Marrickville_DCP_2011__part9_p42_camperdown_north,,42_,generic,precinct id from per-precinct document_id (part9_p42)
115025,Marrickville_DCP_2011__part9_p43_sydney_steel,,43_,generic,precinct id from per-precinct document_id (part9_p43)
115024,Marrickville_DCP_2011__part9_p43_sydney_steel,,43_,generic,precinct id from per-precinct document_id (part9_p43)
115026,Marrickville_DCP_2011__part9_p43_sydney_steel,,43_,generic,precinct id from per-precinct document_id (part9_p43)
115027,Marrickville_DCP_2011__part9_p43_sydney_steel,,43_,generic,precinct id from per-precinct document_id (part9_p43)
115028,Marrickville_DCP_2011__part9_p43_sydney_steel,,43_,generic,precinct id from per-precinct document_id (part9_p43)
115029,Marrickville_DCP_2011__part9_p43_sydney_steel,,43_,generic,precinct id from per-precinct document_id (part9_p43)
115023,Marrickville_DCP_2011__part9_p43_sydney_steel,,43_,generic,precinct id from per-precinct document_id (part9_p43)
115030,Marrickville_DCP_2011__part9_p43_sydney_steel,,43_,generic,precinct id from per-precinct document_id (part9_p43)
115031,Marrickville_DCP_2011__part9_p44_carrington_road,,44_,generic,precinct id from per-precinct document_id (part9_p44)
115033,Marrickville_DCP_2011__part9_p44_carrington_road,,44_,generic,precinct id from per-precinct document_id (part9_p44)
115034,Marrickville_DCP_2011__part9_p44_carrington_road,,44_,generic,precinct id from per-precinct document_id (part9_p44)
115037,Marrickville_DCP_2011__part9_p44_carrington_road,,44_,generic,precinct id from per-precinct document_id (part9_p44)
115040,Marrickville_DCP_2011__part9_p44_carrington_road,,44_,generic,precinct id from per-precinct document_id (part9_p44)
115041,Marrickville_DCP_2011__part9_p44_carrington_road,,44_,generic,precinct id from per-precinct document_id (part9_p44)
115032,Marrickville_DCP_2011__part9_p44_carrington_road,,44_,generic,precinct id from per-precinct document_id (part9_p44)
115035,Marrickville_DCP_2011__part9_p44_carrington_road,,44_,generic,precinct id from per-precinct document_id (part9_p44)
115036,Marrickville_DCP_2011__part9_p44_carrington_road,,44_,generic,precinct id from per-precinct document_id (part9_p44)
115038,Marrickville_DCP_2011__part9_p44_carrington_road,,44_,generic,precinct id from per-precinct document_id (part9_p44)
115039,Marrickville_DCP_2011__part9_p44_carrington_road,,44_,generic,precinct id from per-precinct document_id (part9_p44)
115042,Marrickville_DCP_2011__part9_p44_carrington_road,,44_,generic,precinct id from per-precinct document_id (part9_p44)
115050,Marrickville_DCP_2011__part9_p45_mcgill_st,,45_,generic,precinct id from per-precinct document_id (part9_p45)
115061,Marrickville_DCP_2011__part9_p45_mcgill_st,,45_,,precinct id from per-precinct document_id (part9_p45)
115065,Marrickville_DCP_2011__part9_p45_mcgill_st,,45_,,precinct id from per-precinct document_id (part9_p45)
115067,Marrickville_DCP_2011__part9_p45_mcgill_st,,45_,,precinct id from per-precinct document_id (part9_p45)
115068,Marrickville_DCP_2011__part9_p45_mcgill_st,,45_,,precinct id from per-precinct document_id (part9_p45)
115069,Marrickville_DCP_2011__part9_p45_mcgill_st,,45_,,precinct id from per-precinct document_id (part9_p45)
115076,Marrickville_DCP_2011__part9_p45_mcgill_st,,45_,generic,precinct id from per-precinct document_id (part9_p45)
115044,Marrickville_DCP_2011__part9_p45_mcgill_st,,45_,generic,precinct id from per-precinct document_id (part9_p45)
115046,Marrickville_DCP_2011__part9_p45_mcgill_st,,45_,generic,precinct id from per-precinct document_id (part9_p45)
115052,Marrickville_DCP_2011__part9_p45_mcgill_st,,45_,generic,precinct id from per-precinct document_id (part9_p45)
115053,Marrickville_DCP_2011__part9_p45_mcgill_st,,45_,generic,precinct id from per-precinct document_id (part9_p45)
115054,Marrickville_DCP_2011__part9_p45_mcgill_st,,45_,generic,precinct id from per-precinct document_id (part9_p45)
115058,Marrickville_DCP_2011__part9_p45_mcgill_st,,45_,generic,precinct id from per-precinct document_id (part9_p45)
115060,Marrickville_DCP_2011__part9_p45_mcgill_st,,45_,generic,precinct id from per-precinct document_id (part9_p45)
115080,Marrickville_DCP_2011__part9_p45_mcgill_st,,45_,generic,precinct id from per-precinct document_id (part9_p45)
115082,Marrickville_DCP_2011__part9_p45_mcgill_st,,45_,generic,precinct id from per-precinct document_id (part9_p45)
115083,Marrickville_DCP_2011__part9_p45_mcgill_st,,45_,generic,precinct id from per-precinct document_id (part9_p45)
115085,Marrickville_DCP_2011__part9_p45_mcgill_st,,45_,generic,precinct id from per-precinct document_id (part9_p45)
115043,Marrickville_DCP_2011__part9_p45_mcgill_st,,45_,generic,precinct id from per-precinct document_id (part9_p45)
115045,Marrickville_DCP_2011__part9_p45_mcgill_st,,45_,generic,precinct id from per-precinct document_id (part9_p45)
115047,Marrickville_DCP_2011__part9_p45_mcgill_st,,45_,generic,precinct id from per-precinct document_id (part9_p45)
115048,Marrickville_DCP_2011__part9_p45_mcgill_st,,45_,generic,precinct id from per-precinct document_id (part9_p45)
115049,Marrickville_DCP_2011__part9_p45_mcgill_st,,45_,generic,precinct id from per-precinct document_id (part9_p45)
115051,Marrickville_DCP_2011__part9_p45_mcgill_st,,45_,generic,precinct id from per-precinct document_id (part9_p45)
115055,Marrickville_DCP_2011__part9_p45_mcgill_st,,45_,generic,precinct id from per-precinct document_id (part9_p45)
115056,Marrickville_DCP_2011__part9_p45_mcgill_st,,45_,generic,precinct id from per-precinct document_id (part9_p45)
115057,Marrickville_DCP_2011__part9_p45_mcgill_st,,45_,generic,precinct id from per-precinct document_id (part9_p45)
115059,Marrickville_DCP_2011__part9_p45_mcgill_st,,45_,generic,precinct id from per-precinct document_id (part9_p45)
115066,Marrickville_DCP_2011__part9_p45_mcgill_st,,45_,generic,precinct id from per-precinct document_id (part9_p45)
115070,Marrickville_DCP_2011__part9_p45_mcgill_st,,45_,generic,precinct id from per-precinct document_id (part9_p45)
115071,Marrickville_DCP_2011__part9_p45_mcgill_st,,45_,generic,precinct id from per-precinct document_id (part9_p45)
115072,Marrickville_DCP_2011__part9_p45_mcgill_st,,45_,generic,precinct id from per-precinct document_id (part9_p45)
115073,Marrickville_DCP_2011__part9_p45_mcgill_st,,45_,generic,precinct id from per-precinct document_id (part9_p45)
115074,Marrickville_DCP_2011__part9_p45_mcgill_st,,45_,generic,precinct id from per-precinct document_id (part9_p45)
115075,Marrickville_DCP_2011__part9_p45_mcgill_st,,45_,generic,precinct id from per-precinct document_id (part9_p45)
115077,Marrickville_DCP_2011__part9_p45_mcgill_st,,45_,generic,precinct id from per-precinct document_id (part9_p45)
115078,Marrickville_DCP_2011__part9_p45_mcgill_st,,45_,generic,precinct id from per-precinct document_id (part9_p45)
115079,Marrickville_DCP_2011__part9_p45_mcgill_st,,45_,generic,precinct id from per-precinct document_id (part9_p45)
115084,Marrickville_DCP_2011__part9_p45_mcgill_st,,45_,generic,precinct id from per-precinct document_id (part9_p45)
115086,Marrickville_DCP_2011__part9_p45_mcgill_st,,45_,generic,precinct id from per-precinct document_id (part9_p45)
115087,Marrickville_DCP_2011__part9_p45_mcgill_st,,45_,generic,precinct id from per-precinct document_id (part9_p45)
115088,Marrickville_DCP_2011__part9_p45_mcgill_st,,45_,generic,precinct id from per-precinct document_id (part9_p45)
115089,Marrickville_DCP_2011__part9_p45_mcgill_st,,45_,generic,precinct id from per-precinct document_id (part9_p45)
115063,Marrickville_DCP_2011__part9_p45_mcgill_st,,45_,,precinct id from per-precinct document_id (part9_p45)
115064,Marrickville_DCP_2011__part9_p45_mcgill_st,,45_,,precinct id from per-precinct document_id (part9_p45)
115062,Marrickville_DCP_2011__part9_p45_mcgill_st,,45_,generic,precinct id from per-precinct document_id (part9_p45)
115081,Marrickville_DCP_2011__part9_p45_mcgill_st,,45_,generic,precinct id from per-precinct document_id (part9_p45)
115096,Marrickville_DCP_2011__part9_p46_tempe_lands,,46_,generic,precinct id from per-precinct document_id (part9_p46)
115091,Marrickville_DCP_2011__part9_p46_tempe_lands,,46_,generic,precinct id from per-precinct document_id (part9_p46)
115094,Marrickville_DCP_2011__part9_p46_tempe_lands,,46_,generic,precinct id from per-precinct document_id (part9_p46)
115095,Marrickville_DCP_2011__part9_p46_tempe_lands,,46_,generic,precinct id from per-precinct document_id (part9_p46)
115098,Marrickville_DCP_2011__part9_p46_tempe_lands,,46_,generic,precinct id from per-precinct document_id (part9_p46)
115092,Marrickville_DCP_2011__part9_p46_tempe_lands,,46_,generic,precinct id from per-precinct document_id (part9_p46)
115093,Marrickville_DCP_2011__part9_p46_tempe_lands,,46_,generic,precinct id from per-precinct document_id (part9_p46)
115090,Marrickville_DCP_2011__part9_p46_tempe_lands,,46_,generic,precinct id from per-precinct document_id (part9_p46)
115097,Marrickville_DCP_2011__part9_p46_tempe_lands,,46_,generic,precinct id from per-precinct document_id (part9_p46)
115155,Marrickville_DCP_2011__part9_p47_victoria_road,,47_,generic,precinct id from per-precinct document_id (part9_p47)
115168,Marrickville_DCP_2011__part9_p47_victoria_road,,47_,generic,precinct id from per-precinct document_id (part9_p47)
115182,Marrickville_DCP_2011__part9_p47_victoria_road,,47_,generic,precinct id from per-precinct document_id (part9_p47)
115217,Marrickville_DCP_2011__part9_p47_victoria_road,,47_,generic,precinct id from per-precinct document_id (part9_p47)
115249,Marrickville_DCP_2011__part9_p47_victoria_road,,47_,generic,precinct id from per-precinct document_id (part9_p47)
115271,Marrickville_DCP_2011__part9_p47_victoria_road,,47_,,precinct id from per-precinct document_id (part9_p47)
115101,Marrickville_DCP_2011__part9_p47_victoria_road,,47_,generic,precinct id from per-precinct document_id (part9_p47)
115107,Marrickville_DCP_2011__part9_p47_victoria_road,,47_,generic,precinct id from per-precinct document_id (part9_p47)
115110,Marrickville_DCP_2011__part9_p47_victoria_road,,47_,generic,precinct id from per-precinct document_id (part9_p47)
115112,Marrickville_DCP_2011__part9_p47_victoria_road,,47_,generic,precinct id from per-precinct document_id (part9_p47)
115115,Marrickville_DCP_2011__part9_p47_victoria_road,,47_,generic,precinct id from per-precinct document_id (part9_p47)
115122,Marrickville_DCP_2011__part9_p47_victoria_road,,47_,generic,precinct id from per-precinct document_id (part9_p47)
115127,Marrickville_DCP_2011__part9_p47_victoria_road,,47_,generic,precinct id from per-precinct document_id (part9_p47)
115129,Marrickville_DCP_2011__part9_p47_victoria_road,,47_,generic,precinct id from per-precinct document_id (part9_p47)
115169,Marrickville_DCP_2011__part9_p47_victoria_road,,47_,generic,precinct id from per-precinct document_id (part9_p47)
115170,Marrickville_DCP_2011__part9_p47_victoria_road,,47_,generic,precinct id from per-precinct document_id (part9_p47)
115174,Marrickville_DCP_2011__part9_p47_victoria_road,,47_,generic,precinct id from per-precinct document_id (part9_p47)
115177,Marrickville_DCP_2011__part9_p47_victoria_road,,47_,generic,precinct id from per-precinct document_id (part9_p47)
115179,Marrickville_DCP_2011__part9_p47_victoria_road,,47_,generic,precinct id from per-precinct document_id (part9_p47)
115180,Marrickville_DCP_2011__part9_p47_victoria_road,,47_,generic,precinct id from per-precinct document_id (part9_p47)
115210,Marrickville_DCP_2011__part9_p47_victoria_road,,47_,generic,precinct id from per-precinct document_id (part9_p47)
115225,Marrickville_DCP_2011__part9_p47_victoria_road,,47_,generic,precinct id from per-precinct document_id (part9_p47)
115239,Marrickville_DCP_2011__part9_p47_victoria_road,,47_,generic,precinct id from per-precinct document_id (part9_p47)
115100,Marrickville_DCP_2011__part9_p47_victoria_road,,47_,generic,precinct id from per-precinct document_id (part9_p47)
115103,Marrickville_DCP_2011__part9_p47_victoria_road,,47_,generic,precinct id from per-precinct document_id (part9_p47)
115104,Marrickville_DCP_2011__part9_p47_victoria_road,,47_,generic,precinct id from per-precinct document_id (part9_p47)
115105,Marrickville_DCP_2011__part9_p47_victoria_road,,47_,generic,precinct id from per-precinct document_id (part9_p47)
115106,Marrickville_DCP_2011__part9_p47_victoria_road,,47_,generic,precinct id from per-precinct document_id (part9_p47)
115108,Marrickville_DCP_2011__part9_p47_victoria_road,,47_,generic,precinct id from per-precinct document_id (part9_p47)
115109,Marrickville_DCP_2011__part9_p47_victoria_road,,47_,generic,precinct id from per-precinct document_id (part9_p47)
115111,Marrickville_DCP_2011__part9_p47_victoria_road,,47_,generic,precinct id from per-precinct document_id (part9_p47)
115113,Marrickville_DCP_2011__part9_p47_victoria_road,,47_,generic,precinct id from per-precinct document_id (part9_p47)
115114,Marrickville_DCP_2011__part9_p47_victoria_road,,47_,generic,precinct id from per-precinct document_id (part9_p47)
115116,Marrickville_DCP_2011__part9_p47_victoria_road,,47_,generic,precinct id from per-precinct document_id (part9_p47)
115117,Marrickville_DCP_2011__part9_p47_victoria_road,,47_,generic,precinct id from per-precinct document_id (part9_p47)
115118,Marrickville_DCP_2011__part9_p47_victoria_road,,47_,generic,precinct id from per-precinct document_id (part9_p47)
115119,Marrickville_DCP_2011__part9_p47_victoria_road,,47_,generic,precinct id from per-precinct document_id (part9_p47)
115123,Marrickville_DCP_2011__part9_p47_victoria_road,,47_,generic,precinct id from per-precinct document_id (part9_p47)
115124,Marrickville_DCP_2011__part9_p47_victoria_road,,47_,generic,precinct id from per-precinct document_id (part9_p47)
115126,Marrickville_DCP_2011__part9_p47_victoria_road,,47_,generic,precinct id from per-precinct document_id (part9_p47)
115128,Marrickville_DCP_2011__part9_p47_victoria_road,,47_,generic,precinct id from per-precinct document_id (part9_p47)
115130,Marrickville_DCP_2011__part9_p47_victoria_road,,47_,generic,precinct id from per-precinct document_id (part9_p47)
115131,Marrickville_DCP_2011__part9_p47_victoria_road,,47_,generic,precinct id from per-precinct document_id (part9_p47)
115132,Marrickville_DCP_2011__part9_p47_victoria_road,,47_,generic,precinct id from per-precinct document_id (part9_p47)
115133,Marrickville_DCP_2011__part9_p47_victoria_road,,47_,generic,precinct id from per-precinct document_id (part9_p47)
115134,Marrickville_DCP_2011__part9_p47_victoria_road,,47_,generic,precinct id from per-precinct document_id (part9_p47)
115135,Marrickville_DCP_2011__part9_p47_victoria_road,,47_,generic,precinct id from per-precinct document_id (part9_p47)
115140,Marrickville_DCP_2011__part9_p47_victoria_road,,47_,generic,precinct id from per-precinct document_id (part9_p47)
115141,Marrickville_DCP_2011__part9_p47_victoria_road,,47_,generic,precinct id from per-precinct document_id (part9_p47)
115142,Marrickville_DCP_2011__part9_p47_victoria_road,,47_,generic,precinct id from per-precinct document_id (part9_p47)
115143,Marrickville_DCP_2011__part9_p47_victoria_road,,47_,generic,precinct id from per-precinct document_id (part9_p47)
115144,Marrickville_DCP_2011__part9_p47_victoria_road,,47_,generic,precinct id from per-precinct document_id (part9_p47)
115145,Marrickville_DCP_2011__part9_p47_victoria_road,,47_,generic,precinct id from per-precinct document_id (part9_p47)
115147,Marrickville_DCP_2011__part9_p47_victoria_road,,47_,generic,precinct id from per-precinct document_id (part9_p47)
115148,Marrickville_DCP_2011__part9_p47_victoria_road,,47_,generic,precinct id from per-precinct document_id (part9_p47)
115149,Marrickville_DCP_2011__part9_p47_victoria_road,,47_,generic,precinct id from per-precinct document_id (part9_p47)
115150,Marrickville_DCP_2011__part9_p47_victoria_road,,47_,generic,precinct id from per-precinct document_id (part9_p47)
115151,Marrickville_DCP_2011__part9_p47_victoria_road,,47_,generic,precinct id from per-precinct document_id (part9_p47)
115152,Marrickville_DCP_2011__part9_p47_victoria_road,,47_,generic,precinct id from per-precinct document_id (part9_p47)
115153,Marrickville_DCP_2011__part9_p47_victoria_road,,47_,generic,precinct id from per-precinct document_id (part9_p47)
115154,Marrickville_DCP_2011__part9_p47_victoria_road,,47_,generic,precinct id from per-precinct document_id (part9_p47)
115158,Marrickville_DCP_2011__part9_p47_victoria_road,,47_,generic,precinct id from per-precinct document_id (part9_p47)
115159,Marrickville_DCP_2011__part9_p47_victoria_road,,47_,generic,precinct id from per-precinct document_id (part9_p47)
115161,Marrickville_DCP_2011__part9_p47_victoria_road,,47_,generic,precinct id from per-precinct document_id (part9_p47)
115162,Marrickville_DCP_2011__part9_p47_victoria_road,,47_,generic,precinct id from per-precinct document_id (part9_p47)
115163,Marrickville_DCP_2011__part9_p47_victoria_road,,47_,generic,precinct id from per-precinct document_id (part9_p47)
115165,Marrickville_DCP_2011__part9_p47_victoria_road,,47_,generic,precinct id from per-precinct document_id (part9_p47)
115166,Marrickville_DCP_2011__part9_p47_victoria_road,,47_,generic,precinct id from per-precinct document_id (part9_p47)
115167,Marrickville_DCP_2011__part9_p47_victoria_road,,47_,generic,precinct id from per-precinct document_id (part9_p47)
115171,Marrickville_DCP_2011__part9_p47_victoria_road,,47_,generic,precinct id from per-precinct document_id (part9_p47)
115175,Marrickville_DCP_2011__part9_p47_victoria_road,,47_,generic,precinct id from per-precinct document_id (part9_p47)
115178,Marrickville_DCP_2011__part9_p47_victoria_road,,47_,generic,precinct id from per-precinct document_id (part9_p47)
115181,Marrickville_DCP_2011__part9_p47_victoria_road,,47_,generic,precinct id from per-precinct document_id (part9_p47)
115183,Marrickville_DCP_2011__part9_p47_victoria_road,,47_,generic,precinct id from per-precinct document_id (part9_p47)
115184,Marrickville_DCP_2011__part9_p47_victoria_road,,47_,generic,precinct id from per-precinct document_id (part9_p47)
115187,Marrickville_DCP_2011__part9_p47_victoria_road,,47_,generic,precinct id from per-precinct document_id (part9_p47)
115188,Marrickville_DCP_2011__part9_p47_victoria_road,,47_,generic,precinct id from per-precinct document_id (part9_p47)
115189,Marrickville_DCP_2011__part9_p47_victoria_road,,47_,generic,precinct id from per-precinct document_id (part9_p47)
115192,Marrickville_DCP_2011__part9_p47_victoria_road,,47_,generic,precinct id from per-precinct document_id (part9_p47)
115193,Marrickville_DCP_2011__part9_p47_victoria_road,,47_,generic,precinct id from per-precinct document_id (part9_p47)
115194,Marrickville_DCP_2011__part9_p47_victoria_road,,47_,generic,precinct id from per-precinct document_id (part9_p47)
115196,Marrickville_DCP_2011__part9_p47_victoria_road,,47_,generic,precinct id from per-precinct document_id (part9_p47)
115198,Marrickville_DCP_2011__part9_p47_victoria_road,,47_,generic,precinct id from per-precinct document_id (part9_p47)
115199,Marrickville_DCP_2011__part9_p47_victoria_road,,47_,generic,precinct id from per-precinct document_id (part9_p47)
115200,Marrickville_DCP_2011__part9_p47_victoria_road,,47_,generic,precinct id from per-precinct document_id (part9_p47)
115201,Marrickville_DCP_2011__part9_p47_victoria_road,,47_,generic,precinct id from per-precinct document_id (part9_p47)
115203,Marrickville_DCP_2011__part9_p47_victoria_road,,47_,generic,precinct id from per-precinct document_id (part9_p47)
115204,Marrickville_DCP_2011__part9_p47_victoria_road,,47_,generic,precinct id from per-precinct document_id (part9_p47)
115205,Marrickville_DCP_2011__part9_p47_victoria_road,,47_,generic,precinct id from per-precinct document_id (part9_p47)
115206,Marrickville_DCP_2011__part9_p47_victoria_road,,47_,generic,precinct id from per-precinct document_id (part9_p47)
115207,Marrickville_DCP_2011__part9_p47_victoria_road,,47_,generic,precinct id from per-precinct document_id (part9_p47)
115208,Marrickville_DCP_2011__part9_p47_victoria_road,,47_,generic,precinct id from per-precinct document_id (part9_p47)
115216,Marrickville_DCP_2011__part9_p47_victoria_road,,47_,generic,precinct id from per-precinct document_id (part9_p47)
115219,Marrickville_DCP_2011__part9_p47_victoria_road,,47_,generic,precinct id from per-precinct document_id (part9_p47)
115220,Marrickville_DCP_2011__part9_p47_victoria_road,,47_,generic,precinct id from per-precinct document_id (part9_p47)
115221,Marrickville_DCP_2011__part9_p47_victoria_road,,47_,generic,precinct id from per-precinct document_id (part9_p47)
115222,Marrickville_DCP_2011__part9_p47_victoria_road,,47_,generic,precinct id from per-precinct document_id (part9_p47)
115223,Marrickville_DCP_2011__part9_p47_victoria_road,,47_,generic,precinct id from per-precinct document_id (part9_p47)
115224,Marrickville_DCP_2011__part9_p47_victoria_road,,47_,generic,precinct id from per-precinct document_id (part9_p47)
115229,Marrickville_DCP_2011__part9_p47_victoria_road,,47_,generic,precinct id from per-precinct document_id (part9_p47)
115230,Marrickville_DCP_2011__part9_p47_victoria_road,,47_,generic,precinct id from per-precinct document_id (part9_p47)
115231,Marrickville_DCP_2011__part9_p47_victoria_road,,47_,generic,precinct id from per-precinct document_id (part9_p47)
115232,Marrickville_DCP_2011__part9_p47_victoria_road,,47_,generic,precinct id from per-precinct document_id (part9_p47)
115233,Marrickville_DCP_2011__part9_p47_victoria_road,,47_,generic,precinct id from per-precinct document_id (part9_p47)
115235,Marrickville_DCP_2011__part9_p47_victoria_road,,47_,generic,precinct id from per-precinct document_id (part9_p47)
115238,Marrickville_DCP_2011__part9_p47_victoria_road,,47_,generic,precinct id from per-precinct document_id (part9_p47)
115242,Marrickville_DCP_2011__part9_p47_victoria_road,,47_,generic,precinct id from per-precinct document_id (part9_p47)
115243,Marrickville_DCP_2011__part9_p47_victoria_road,,47_,generic,precinct id from per-precinct document_id (part9_p47)
115244,Marrickville_DCP_2011__part9_p47_victoria_road,,47_,generic,precinct id from per-precinct document_id (part9_p47)
115245,Marrickville_DCP_2011__part9_p47_victoria_road,,47_,generic,precinct id from per-precinct document_id (part9_p47)
115246,Marrickville_DCP_2011__part9_p47_victoria_road,,47_,generic,precinct id from per-precinct document_id (part9_p47)
115247,Marrickville_DCP_2011__part9_p47_victoria_road,,47_,generic,precinct id from per-precinct document_id (part9_p47)
115248,Marrickville_DCP_2011__part9_p47_victoria_road,,47_,generic,precinct id from per-precinct document_id (part9_p47)
115250,Marrickville_DCP_2011__part9_p47_victoria_road,,47_,generic,precinct id from per-precinct document_id (part9_p47)
115251,Marrickville_DCP_2011__part9_p47_victoria_road,,47_,generic,precinct id from per-precinct document_id (part9_p47)
115252,Marrickville_DCP_2011__part9_p47_victoria_road,,47_,generic,precinct id from per-precinct document_id (part9_p47)
115253,Marrickville_DCP_2011__part9_p47_victoria_road,,47_,generic,precinct id from per-precinct document_id (part9_p47)
115254,Marrickville_DCP_2011__part9_p47_victoria_road,,47_,generic,precinct id from per-precinct document_id (part9_p47)
115255,Marrickville_DCP_2011__part9_p47_victoria_road,,47_,generic,precinct id from per-precinct document_id (part9_p47)
115258,Marrickville_DCP_2011__part9_p47_victoria_road,,47_,generic,precinct id from per-precinct document_id (part9_p47)
115259,Marrickville_DCP_2011__part9_p47_victoria_road,,47_,generic,precinct id from per-precinct document_id (part9_p47)
115260,Marrickville_DCP_2011__part9_p47_victoria_road,,47_,generic,precinct id from per-precinct document_id (part9_p47)
115261,Marrickville_DCP_2011__part9_p47_victoria_road,,47_,generic,precinct id from per-precinct document_id (part9_p47)
115262,Marrickville_DCP_2011__part9_p47_victoria_road,,47_,generic,precinct id from per-precinct document_id (part9_p47)
115263,Marrickville_DCP_2011__part9_p47_victoria_road,,47_,generic,precinct id from per-precinct document_id (part9_p47)
115264,Marrickville_DCP_2011__part9_p47_victoria_road,,47_,generic,precinct id from per-precinct document_id (part9_p47)
115265,Marrickville_DCP_2011__part9_p47_victoria_road,,47_,generic,precinct id from per-precinct document_id (part9_p47)
115266,Marrickville_DCP_2011__part9_p47_victoria_road,,47_,generic,precinct id from per-precinct document_id (part9_p47)
115267,Marrickville_DCP_2011__part9_p47_victoria_road,,47_,generic,precinct id from per-precinct document_id (part9_p47)
115268,Marrickville_DCP_2011__part9_p47_victoria_road,,47_,generic,precinct id from per-precinct document_id (part9_p47)
115269,Marrickville_DCP_2011__part9_p47_victoria_road,,47_,generic,precinct id from per-precinct document_id (part9_p47)
115270,Marrickville_DCP_2011__part9_p47_victoria_road,,47_,generic,precinct id from per-precinct document_id (part9_p47)
115272,Marrickville_DCP_2011__part9_p47_victoria_road,,47_,generic,precinct id from per-precinct document_id (part9_p47)
115273,Marrickville_DCP_2011__part9_p47_victoria_road,,47_,generic,precinct id from per-precinct document_id (part9_p47)
115274,Marrickville_DCP_2011__part9_p47_victoria_road,,47_,generic,precinct id from per-precinct document_id (part9_p47)
115275,Marrickville_DCP_2011__part9_p47_victoria_road,,47_,generic,precinct id from per-precinct document_id (part9_p47)
115276,Marrickville_DCP_2011__part9_p47_victoria_road,,47_,generic,precinct id from per-precinct document_id (part9_p47)
115278,Marrickville_DCP_2011__part9_p47_victoria_road,,47_,generic,precinct id from per-precinct document_id (part9_p47)
115280,Marrickville_DCP_2011__part9_p47_victoria_road,,47_,generic,precinct id from per-precinct document_id (part9_p47)
115281,Marrickville_DCP_2011__part9_p47_victoria_road,,47_,generic,precinct id from per-precinct document_id (part9_p47)
115282,Marrickville_DCP_2011__part9_p47_victoria_road,,47_,generic,precinct id from per-precinct document_id (part9_p47)
115283,Marrickville_DCP_2011__part9_p47_victoria_road,,47_,generic,precinct id from per-precinct document_id (part9_p47)
115284,Marrickville_DCP_2011__part9_p47_victoria_road,,47_,generic,precinct id from per-precinct document_id (part9_p47)
115285,Marrickville_DCP_2011__part9_p47_victoria_road,,47_,generic,precinct id from per-precinct document_id (part9_p47)
115099,Marrickville_DCP_2011__part9_p47_victoria_road,,47_,generic,precinct id from per-precinct document_id (part9_p47)
115102,Marrickville_DCP_2011__part9_p47_victoria_road,,47_,generic,precinct id from per-precinct document_id (part9_p47)
115120,Marrickville_DCP_2011__part9_p47_victoria_road,,47_,generic,precinct id from per-precinct document_id (part9_p47)
115121,Marrickville_DCP_2011__part9_p47_victoria_road,,47_,generic,precinct id from per-precinct document_id (part9_p47)
115125,Marrickville_DCP_2011__part9_p47_victoria_road,,47_,generic,precinct id from per-precinct document_id (part9_p47)
115136,Marrickville_DCP_2011__part9_p47_victoria_road,,47_,,precinct id from per-precinct document_id (part9_p47)
115137,Marrickville_DCP_2011__part9_p47_victoria_road,,47_,generic,precinct id from per-precinct document_id (part9_p47)
115139,Marrickville_DCP_2011__part9_p47_victoria_road,,47_,,precinct id from per-precinct document_id (part9_p47)
115138,Marrickville_DCP_2011__part9_p47_victoria_road,,47_,generic,precinct id from per-precinct document_id (part9_p47)
115146,Marrickville_DCP_2011__part9_p47_victoria_road,,47_,generic,precinct id from per-precinct document_id (part9_p47)
115156,Marrickville_DCP_2011__part9_p47_victoria_road,,47_,generic,precinct id from per-precinct document_id (part9_p47)
115157,Marrickville_DCP_2011__part9_p47_victoria_road,,47_,generic,precinct id from per-precinct document_id (part9_p47)
115160,Marrickville_DCP_2011__part9_p47_victoria_road,,47_,generic,precinct id from per-precinct document_id (part9_p47)
115164,Marrickville_DCP_2011__part9_p47_victoria_road,,47_,generic,precinct id from per-precinct document_id (part9_p47)
115172,Marrickville_DCP_2011__part9_p47_victoria_road,,47_,generic,precinct id from per-precinct document_id (part9_p47)
115173,Marrickville_DCP_2011__part9_p47_victoria_road,,47_,generic,precinct id from per-precinct document_id (part9_p47)
115176,Marrickville_DCP_2011__part9_p47_victoria_road,,47_,generic,precinct id from per-precinct document_id (part9_p47)
115185,Marrickville_DCP_2011__part9_p47_victoria_road,,47_,generic,precinct id from per-precinct document_id (part9_p47)
115186,Marrickville_DCP_2011__part9_p47_victoria_road,,47_,generic,precinct id from per-precinct document_id (part9_p47)
115190,Marrickville_DCP_2011__part9_p47_victoria_road,,47_,generic,precinct id from per-precinct document_id (part9_p47)
115191,Marrickville_DCP_2011__part9_p47_victoria_road,,47_,generic,precinct id from per-precinct document_id (part9_p47)
115195,Marrickville_DCP_2011__part9_p47_victoria_road,,47_,generic,precinct id from per-precinct document_id (part9_p47)
115197,Marrickville_DCP_2011__part9_p47_victoria_road,,47_,generic,precinct id from per-precinct document_id (part9_p47)
115202,Marrickville_DCP_2011__part9_p47_victoria_road,,47_,generic,precinct id from per-precinct document_id (part9_p47)
115209,Marrickville_DCP_2011__part9_p47_victoria_road,,47_,generic,precinct id from per-precinct document_id (part9_p47)
115211,Marrickville_DCP_2011__part9_p47_victoria_road,,47_,generic,precinct id from per-precinct document_id (part9_p47)
115212,Marrickville_DCP_2011__part9_p47_victoria_road,,47_,generic,precinct id from per-precinct document_id (part9_p47)
115213,Marrickville_DCP_2011__part9_p47_victoria_road,,47_,generic,precinct id from per-precinct document_id (part9_p47)
115214,Marrickville_DCP_2011__part9_p47_victoria_road,,47_,generic,precinct id from per-precinct document_id (part9_p47)
115215,Marrickville_DCP_2011__part9_p47_victoria_road,,47_,generic,precinct id from per-precinct document_id (part9_p47)
115218,Marrickville_DCP_2011__part9_p47_victoria_road,,47_,generic,precinct id from per-precinct document_id (part9_p47)
115226,Marrickville_DCP_2011__part9_p47_victoria_road,,47_,generic,precinct id from per-precinct document_id (part9_p47)
115227,Marrickville_DCP_2011__part9_p47_victoria_road,,47_,generic,precinct id from per-precinct document_id (part9_p47)
115228,Marrickville_DCP_2011__part9_p47_victoria_road,,47_,generic,precinct id from per-precinct document_id (part9_p47)
115234,Marrickville_DCP_2011__part9_p47_victoria_road,,47_,generic,precinct id from per-precinct document_id (part9_p47)
115236,Marrickville_DCP_2011__part9_p47_victoria_road,,47_,generic,precinct id from per-precinct document_id (part9_p47)
115237,Marrickville_DCP_2011__part9_p47_victoria_road,,47_,generic,precinct id from per-precinct document_id (part9_p47)
115240,Marrickville_DCP_2011__part9_p47_victoria_road,,47_,generic,precinct id from per-precinct document_id (part9_p47)
115241,Marrickville_DCP_2011__part9_p47_victoria_road,,47_,generic,precinct id from per-precinct document_id (part9_p47)
115256,Marrickville_DCP_2011__part9_p47_victoria_road,,47_,generic,precinct id from per-precinct document_id (part9_p47)
115257,Marrickville_DCP_2011__part9_p47_victoria_road,,47_,generic,precinct id from per-precinct document_id (part9_p47)
115277,Marrickville_DCP_2011__part9_p47_victoria_road,,47_,generic,precinct id from per-precinct document_id (part9_p47)
115279,Marrickville_DCP_2011__part9_p47_victoria_road,,47_,generic,precinct id from per-precinct document_id (part9_p47)
115288,Marrickville_DCP_2011__part9_p48_mary_robert_edith,,48_,,precinct id from per-precinct document_id (part9_p48)
115292,Marrickville_DCP_2011__part9_p48_mary_robert_edith,,48_,generic,precinct id from per-precinct document_id (part9_p48)
115318,Marrickville_DCP_2011__part9_p48_mary_robert_edith,,48_,generic,precinct id from per-precinct document_id (part9_p48)
115381,Marrickville_DCP_2011__part9_p48_mary_robert_edith,,48_,,precinct id from per-precinct document_id (part9_p48)
115389,Marrickville_DCP_2011__part9_p48_mary_robert_edith,,48_,generic,precinct id from per-precinct document_id (part9_p48)
115323,Marrickville_DCP_2011__part9_p48_mary_robert_edith,,48_,generic,precinct id from per-precinct document_id (part9_p48)
115355,Marrickville_DCP_2011__part9_p48_mary_robert_edith,,48_,generic,precinct id from per-precinct document_id (part9_p48)
115376,Marrickville_DCP_2011__part9_p48_mary_robert_edith,,48_,generic,precinct id from per-precinct document_id (part9_p48)
115293,Marrickville_DCP_2011__part9_p48_mary_robert_edith,,48_,generic,precinct id from per-precinct document_id (part9_p48)
115294,Marrickville_DCP_2011__part9_p48_mary_robert_edith,,48_,generic,precinct id from per-precinct document_id (part9_p48)
115295,Marrickville_DCP_2011__part9_p48_mary_robert_edith,,48_,generic,precinct id from per-precinct document_id (part9_p48)
115297,Marrickville_DCP_2011__part9_p48_mary_robert_edith,,48_,generic,precinct id from per-precinct document_id (part9_p48)
115298,Marrickville_DCP_2011__part9_p48_mary_robert_edith,,48_,generic,precinct id from per-precinct document_id (part9_p48)
115299,Marrickville_DCP_2011__part9_p48_mary_robert_edith,,48_,generic,precinct id from per-precinct document_id (part9_p48)
115300,Marrickville_DCP_2011__part9_p48_mary_robert_edith,,48_,generic,precinct id from per-precinct document_id (part9_p48)
115301,Marrickville_DCP_2011__part9_p48_mary_robert_edith,,48_,generic,precinct id from per-precinct document_id (part9_p48)
115302,Marrickville_DCP_2011__part9_p48_mary_robert_edith,,48_,generic,precinct id from per-precinct document_id (part9_p48)
115305,Marrickville_DCP_2011__part9_p48_mary_robert_edith,,48_,generic,precinct id from per-precinct document_id (part9_p48)
115306,Marrickville_DCP_2011__part9_p48_mary_robert_edith,,48_,generic,precinct id from per-precinct document_id (part9_p48)
115307,Marrickville_DCP_2011__part9_p48_mary_robert_edith,,48_,generic,precinct id from per-precinct document_id (part9_p48)
115308,Marrickville_DCP_2011__part9_p48_mary_robert_edith,,48_,generic,precinct id from per-precinct document_id (part9_p48)
115309,Marrickville_DCP_2011__part9_p48_mary_robert_edith,,48_,generic,precinct id from per-precinct document_id (part9_p48)
115310,Marrickville_DCP_2011__part9_p48_mary_robert_edith,,48_,generic,precinct id from per-precinct document_id (part9_p48)
115311,Marrickville_DCP_2011__part9_p48_mary_robert_edith,,48_,generic,precinct id from per-precinct document_id (part9_p48)
115314,Marrickville_DCP_2011__part9_p48_mary_robert_edith,,48_,generic,precinct id from per-precinct document_id (part9_p48)
115316,Marrickville_DCP_2011__part9_p48_mary_robert_edith,,48_,generic,precinct id from per-precinct document_id (part9_p48)
115319,Marrickville_DCP_2011__part9_p48_mary_robert_edith,,48_,generic,precinct id from per-precinct document_id (part9_p48)
115322,Marrickville_DCP_2011__part9_p48_mary_robert_edith,,48_,generic,precinct id from per-precinct document_id (part9_p48)
115324,Marrickville_DCP_2011__part9_p48_mary_robert_edith,,48_,generic,precinct id from per-precinct document_id (part9_p48)
115327,Marrickville_DCP_2011__part9_p48_mary_robert_edith,,48_,generic,precinct id from per-precinct document_id (part9_p48)
115329,Marrickville_DCP_2011__part9_p48_mary_robert_edith,,48_,generic,precinct id from per-precinct document_id (part9_p48)
115330,Marrickville_DCP_2011__part9_p48_mary_robert_edith,,48_,generic,precinct id from per-precinct document_id (part9_p48)
115334,Marrickville_DCP_2011__part9_p48_mary_robert_edith,,48_,generic,precinct id from per-precinct document_id (part9_p48)
115337,Marrickville_DCP_2011__part9_p48_mary_robert_edith,,48_,generic,precinct id from per-precinct document_id (part9_p48)
115338,Marrickville_DCP_2011__part9_p48_mary_robert_edith,,48_,generic,precinct id from per-precinct document_id (part9_p48)
115339,Marrickville_DCP_2011__part9_p48_mary_robert_edith,,48_,generic,precinct id from per-precinct document_id (part9_p48)
115340,Marrickville_DCP_2011__part9_p48_mary_robert_edith,,48_,generic,precinct id from per-precinct document_id (part9_p48)
115341,Marrickville_DCP_2011__part9_p48_mary_robert_edith,,48_,generic,precinct id from per-precinct document_id (part9_p48)
115342,Marrickville_DCP_2011__part9_p48_mary_robert_edith,,48_,generic,precinct id from per-precinct document_id (part9_p48)
115343,Marrickville_DCP_2011__part9_p48_mary_robert_edith,,48_,generic,precinct id from per-precinct document_id (part9_p48)
115344,Marrickville_DCP_2011__part9_p48_mary_robert_edith,,48_,generic,precinct id from per-precinct document_id (part9_p48)
115346,Marrickville_DCP_2011__part9_p48_mary_robert_edith,,48_,generic,precinct id from per-precinct document_id (part9_p48)
115347,Marrickville_DCP_2011__part9_p48_mary_robert_edith,,48_,generic,precinct id from per-precinct document_id (part9_p48)
115348,Marrickville_DCP_2011__part9_p48_mary_robert_edith,,48_,generic,precinct id from per-precinct document_id (part9_p48)
115349,Marrickville_DCP_2011__part9_p48_mary_robert_edith,,48_,generic,precinct id from per-precinct document_id (part9_p48)
115350,Marrickville_DCP_2011__part9_p48_mary_robert_edith,,48_,generic,precinct id from per-precinct document_id (part9_p48)
115352,Marrickville_DCP_2011__part9_p48_mary_robert_edith,,48_,generic,precinct id from per-precinct document_id (part9_p48)
115353,Marrickville_DCP_2011__part9_p48_mary_robert_edith,,48_,generic,precinct id from per-precinct document_id (part9_p48)
115356,Marrickville_DCP_2011__part9_p48_mary_robert_edith,,48_,generic,precinct id from per-precinct document_id (part9_p48)
115357,Marrickville_DCP_2011__part9_p48_mary_robert_edith,,48_,generic,precinct id from per-precinct document_id (part9_p48)
115361,Marrickville_DCP_2011__part9_p48_mary_robert_edith,,48_,generic,precinct id from per-precinct document_id (part9_p48)
115363,Marrickville_DCP_2011__part9_p48_mary_robert_edith,,48_,generic,precinct id from per-precinct document_id (part9_p48)
115364,Marrickville_DCP_2011__part9_p48_mary_robert_edith,,48_,generic,precinct id from per-precinct document_id (part9_p48)
115367,Marrickville_DCP_2011__part9_p48_mary_robert_edith,,48_,generic,precinct id from per-precinct document_id (part9_p48)
115370,Marrickville_DCP_2011__part9_p48_mary_robert_edith,,48_,generic,precinct id from per-precinct document_id (part9_p48)
115372,Marrickville_DCP_2011__part9_p48_mary_robert_edith,,48_,generic,precinct id from per-precinct document_id (part9_p48)
115373,Marrickville_DCP_2011__part9_p48_mary_robert_edith,,48_,generic,precinct id from per-precinct document_id (part9_p48)
115374,Marrickville_DCP_2011__part9_p48_mary_robert_edith,,48_,generic,precinct id from per-precinct document_id (part9_p48)
115378,Marrickville_DCP_2011__part9_p48_mary_robert_edith,,48_,generic,precinct id from per-precinct document_id (part9_p48)
115379,Marrickville_DCP_2011__part9_p48_mary_robert_edith,,48_,generic,precinct id from per-precinct document_id (part9_p48)
115380,Marrickville_DCP_2011__part9_p48_mary_robert_edith,,48_,generic,precinct id from per-precinct document_id (part9_p48)
115382,Marrickville_DCP_2011__part9_p48_mary_robert_edith,,48_,generic,precinct id from per-precinct document_id (part9_p48)
115383,Marrickville_DCP_2011__part9_p48_mary_robert_edith,,48_,generic,precinct id from per-precinct document_id (part9_p48)
115386,Marrickville_DCP_2011__part9_p48_mary_robert_edith,,48_,generic,precinct id from per-precinct document_id (part9_p48)
115387,Marrickville_DCP_2011__part9_p48_mary_robert_edith,,48_,generic,precinct id from per-precinct document_id (part9_p48)
115388,Marrickville_DCP_2011__part9_p48_mary_robert_edith,,48_,generic,precinct id from per-precinct document_id (part9_p48)
115390,Marrickville_DCP_2011__part9_p48_mary_robert_edith,,48_,generic,precinct id from per-precinct document_id (part9_p48)
115391,Marrickville_DCP_2011__part9_p48_mary_robert_edith,,48_,generic,precinct id from per-precinct document_id (part9_p48)
115392,Marrickville_DCP_2011__part9_p48_mary_robert_edith,,48_,generic,precinct id from per-precinct document_id (part9_p48)
115393,Marrickville_DCP_2011__part9_p48_mary_robert_edith,,48_,generic,precinct id from per-precinct document_id (part9_p48)
115394,Marrickville_DCP_2011__part9_p48_mary_robert_edith,,48_,generic,precinct id from per-precinct document_id (part9_p48)
115399,Marrickville_DCP_2011__part9_p48_mary_robert_edith,,48_,generic,precinct id from per-precinct document_id (part9_p48)
115402,Marrickville_DCP_2011__part9_p48_mary_robert_edith,,48_,generic,precinct id from per-precinct document_id (part9_p48)
115404,Marrickville_DCP_2011__part9_p48_mary_robert_edith,,48_,generic,precinct id from per-precinct document_id (part9_p48)
115407,Marrickville_DCP_2011__part9_p48_mary_robert_edith,,48_,generic,precinct id from per-precinct document_id (part9_p48)
115408,Marrickville_DCP_2011__part9_p48_mary_robert_edith,,48_,generic,precinct id from per-precinct document_id (part9_p48)
115410,Marrickville_DCP_2011__part9_p48_mary_robert_edith,,48_,generic,precinct id from per-precinct document_id (part9_p48)
115411,Marrickville_DCP_2011__part9_p48_mary_robert_edith,,48_,generic,precinct id from per-precinct document_id (part9_p48)
115412,Marrickville_DCP_2011__part9_p48_mary_robert_edith,,48_,generic,precinct id from per-precinct document_id (part9_p48)
115413,Marrickville_DCP_2011__part9_p48_mary_robert_edith,,48_,generic,precinct id from per-precinct document_id (part9_p48)
115414,Marrickville_DCP_2011__part9_p48_mary_robert_edith,,48_,generic,precinct id from per-precinct document_id (part9_p48)
115415,Marrickville_DCP_2011__part9_p48_mary_robert_edith,,48_,generic,precinct id from per-precinct document_id (part9_p48)
115286,Marrickville_DCP_2011__part9_p48_mary_robert_edith,,48_,generic,precinct id from per-precinct document_id (part9_p48)
115287,Marrickville_DCP_2011__part9_p48_mary_robert_edith,,48_,generic,precinct id from per-precinct document_id (part9_p48)
115289,Marrickville_DCP_2011__part9_p48_mary_robert_edith,,48_,generic,precinct id from per-precinct document_id (part9_p48)
115290,Marrickville_DCP_2011__part9_p48_mary_robert_edith,,48_,generic,precinct id from per-precinct document_id (part9_p48)
115291,Marrickville_DCP_2011__part9_p48_mary_robert_edith,,48_,generic,precinct id from per-precinct document_id (part9_p48)
115296,Marrickville_DCP_2011__part9_p48_mary_robert_edith,,48_,generic,precinct id from per-precinct document_id (part9_p48)
115303,Marrickville_DCP_2011__part9_p48_mary_robert_edith,,48_,generic,precinct id from per-precinct document_id (part9_p48)
115304,Marrickville_DCP_2011__part9_p48_mary_robert_edith,,48_,generic,precinct id from per-precinct document_id (part9_p48)
115312,Marrickville_DCP_2011__part9_p48_mary_robert_edith,,48_,generic,precinct id from per-precinct document_id (part9_p48)
115313,Marrickville_DCP_2011__part9_p48_mary_robert_edith,,48_,generic,precinct id from per-precinct document_id (part9_p48)
115315,Marrickville_DCP_2011__part9_p48_mary_robert_edith,,48_,generic,precinct id from per-precinct document_id (part9_p48)
115317,Marrickville_DCP_2011__part9_p48_mary_robert_edith,,48_,generic,precinct id from per-precinct document_id (part9_p48)
115320,Marrickville_DCP_2011__part9_p48_mary_robert_edith,,48_,generic,precinct id from per-precinct document_id (part9_p48)
115321,Marrickville_DCP_2011__part9_p48_mary_robert_edith,,48_,generic,precinct id from per-precinct document_id (part9_p48)
115325,Marrickville_DCP_2011__part9_p48_mary_robert_edith,,48_,generic,precinct id from per-precinct document_id (part9_p48)
115326,Marrickville_DCP_2011__part9_p48_mary_robert_edith,,48_,generic,precinct id from per-precinct document_id (part9_p48)
115328,Marrickville_DCP_2011__part9_p48_mary_robert_edith,,48_,generic,precinct id from per-precinct document_id (part9_p48)
115331,Marrickville_DCP_2011__part9_p48_mary_robert_edith,,48_,generic,precinct id from per-precinct document_id (part9_p48)
115332,Marrickville_DCP_2011__part9_p48_mary_robert_edith,,48_,generic,precinct id from per-precinct document_id (part9_p48)
115333,Marrickville_DCP_2011__part9_p48_mary_robert_edith,,48_,generic,precinct id from per-precinct document_id (part9_p48)
115335,Marrickville_DCP_2011__part9_p48_mary_robert_edith,,48_,generic,precinct id from per-precinct document_id (part9_p48)
115336,Marrickville_DCP_2011__part9_p48_mary_robert_edith,,48_,generic,precinct id from per-precinct document_id (part9_p48)
115345,Marrickville_DCP_2011__part9_p48_mary_robert_edith,,48_,generic,precinct id from per-precinct document_id (part9_p48)
115351,Marrickville_DCP_2011__part9_p48_mary_robert_edith,,48_,generic,precinct id from per-precinct document_id (part9_p48)
115354,Marrickville_DCP_2011__part9_p48_mary_robert_edith,,48_,generic,precinct id from per-precinct document_id (part9_p48)
115358,Marrickville_DCP_2011__part9_p48_mary_robert_edith,,48_,generic,precinct id from per-precinct document_id (part9_p48)
115359,Marrickville_DCP_2011__part9_p48_mary_robert_edith,,48_,generic,precinct id from per-precinct document_id (part9_p48)
115360,Marrickville_DCP_2011__part9_p48_mary_robert_edith,,48_,generic,precinct id from per-precinct document_id (part9_p48)
115362,Marrickville_DCP_2011__part9_p48_mary_robert_edith,,48_,generic,precinct id from per-precinct document_id (part9_p48)
115365,Marrickville_DCP_2011__part9_p48_mary_robert_edith,,48_,generic,precinct id from per-precinct document_id (part9_p48)
115366,Marrickville_DCP_2011__part9_p48_mary_robert_edith,,48_,generic,precinct id from per-precinct document_id (part9_p48)
115368,Marrickville_DCP_2011__part9_p48_mary_robert_edith,,48_,generic,precinct id from per-precinct document_id (part9_p48)
115369,Marrickville_DCP_2011__part9_p48_mary_robert_edith,,48_,generic,precinct id from per-precinct document_id (part9_p48)
115371,Marrickville_DCP_2011__part9_p48_mary_robert_edith,,48_,generic,precinct id from per-precinct document_id (part9_p48)
115375,Marrickville_DCP_2011__part9_p48_mary_robert_edith,,48_,generic,precinct id from per-precinct document_id (part9_p48)
115377,Marrickville_DCP_2011__part9_p48_mary_robert_edith,,48_,generic,precinct id from per-precinct document_id (part9_p48)
115384,Marrickville_DCP_2011__part9_p48_mary_robert_edith,,48_,generic,precinct id from per-precinct document_id (part9_p48)
115385,Marrickville_DCP_2011__part9_p48_mary_robert_edith,,48_,generic,precinct id from per-precinct document_id (part9_p48)
115396,Marrickville_DCP_2011__part9_p48_mary_robert_edith,,48_,,precinct id from per-precinct document_id (part9_p48)
115395,Marrickville_DCP_2011__part9_p48_mary_robert_edith,,48_,generic,precinct id from per-precinct document_id (part9_p48)
115397,Marrickville_DCP_2011__part9_p48_mary_robert_edith,,48_,generic,precinct id from per-precinct document_id (part9_p48)
115398,Marrickville_DCP_2011__part9_p48_mary_robert_edith,,48_,generic,precinct id from per-precinct document_id (part9_p48)
115400,Marrickville_DCP_2011__part9_p48_mary_robert_edith,,48_,generic,precinct id from per-precinct document_id (part9_p48)
115401,Marrickville_DCP_2011__part9_p48_mary_robert_edith,,48_,generic,precinct id from per-precinct document_id (part9_p48)
115403,Marrickville_DCP_2011__part9_p48_mary_robert_edith,,48_,generic,precinct id from per-precinct document_id (part9_p48)
115405,Marrickville_DCP_2011__part9_p48_mary_robert_edith,,48_,generic,precinct id from per-precinct document_id (part9_p48)
115406,Marrickville_DCP_2011__part9_p48_mary_robert_edith,,48_,generic,precinct id from per-precinct document_id (part9_p48)
115409,Marrickville_DCP_2011__part9_p48_mary_robert_edith,,48_,generic,precinct id from per-precinct document_id (part9_p48)
