id,pdf_page,page_range,printed_page_label,page_check,page_source_path
81497,22,null,,,
81549,33,null,,,
111341,33,[33],33,on_page,source-pdfs/dcps/ashfield/v1.2-2026-06-22/chapter-e1-heritage.pdf
111399,176,[176],178,on_page,source-pdfs/dcps/ashfield/v1.2-2026-06-22/chapter-e1-heritage.pdf
111218,14,[14],14,on_page,source-pdfs/dcps/ashfield/v1.2-2026-06-22/chapter-e1-heritage.pdf
111262,23,[23],23,on_page,source-pdfs/dcps/ashfield/v1.2-2026-06-22/chapter-e1-heritage.pdf
111291,28,[28],28,on_page,source-pdfs/dcps/ashfield/v1.2-2026-06-22/chapter-e1-heritage.pdf
111460,292,[292],294,on_page,source-pdfs/dcps/ashfield/v1.2-2026-06-22/chapter-e1-heritage.pdf
111431,206,[206],208,on_page,source-pdfs/dcps/ashfield/v1.2-2026-06-22/chapter-e1-heritage.pdf
111467,292,[292],294,on_page,source-pdfs/dcps/ashfield/v1.2-2026-06-22/chapter-e1-heritage.pdf
94904,55,[55],57,on_page,source-pdfs/dcps/ashfield/v1.2-2026-06-22/chapter-e1-heritage.pdf
94905,55,[55],57,on_page,source-pdfs/dcps/ashfield/v1.2-2026-06-22/chapter-e1-heritage.pdf
94906,68,[68],70,on_page,source-pdfs/dcps/ashfield/v1.2-2026-06-22/chapter-e1-heritage.pdf
94907,75,[75],77,on_page,source-pdfs/dcps/ashfield/v1.2-2026-06-22/chapter-e1-heritage.pdf
94914,114,[114],116,on_page,source-pdfs/dcps/ashfield/v1.2-2026-06-22/chapter-e1-heritage.pdf
94916,140,[140],142,on_page,source-pdfs/dcps/ashfield/v1.2-2026-06-22/chapter-e1-heritage.pdf
94917,145,[145],147,on_page,source-pdfs/dcps/ashfield/v1.2-2026-06-22/chapter-e1-heritage.pdf
94923,175,[175],177,on_page,source-pdfs/dcps/ashfield/v1.2-2026-06-22/chapter-e1-heritage.pdf
94925,197,[197],199,on_page,source-pdfs/dcps/ashfield/v1.2-2026-06-22/chapter-e1-heritage.pdf
94929,218,[218],220,on_page,source-pdfs/dcps/ashfield/v1.2-2026-06-22/chapter-e1-heritage.pdf
94930,225,[225],227,on_page,source-pdfs/dcps/ashfield/v1.2-2026-06-22/chapter-e1-heritage.pdf
94931,225,[225],227,on_page,source-pdfs/dcps/ashfield/v1.2-2026-06-22/chapter-e1-heritage.pdf
94933,240,[240],242,on_page,source-pdfs/dcps/ashfield/v1.2-2026-06-22/chapter-e1-heritage.pdf
94943,317,[317],319,on_page,source-pdfs/dcps/ashfield/v1.2-2026-06-22/chapter-e1-heritage.pdf
94946,342,[342],344,on_page,source-pdfs/dcps/ashfield/v1.2-2026-06-22/chapter-e1-heritage.pdf
94949,369,[369],371,on_page,source-pdfs/dcps/ashfield/v1.2-2026-06-22/chapter-e1-heritage.pdf
94950,378,[378],380,on_page,source-pdfs/dcps/ashfield/v1.2-2026-06-22/chapter-e1-heritage.pdf
94947,349,[349],351,on_page,source-pdfs/dcps/ashfield/v1.2-2026-06-22/chapter-e1-heritage.pdf
111203,11,[11],11,on_page,source-pdfs/dcps/ashfield/v1.2-2026-06-22/chapter-e1-heritage.pdf
111205,12,[12],12,on_page,source-pdfs/dcps/ashfield/v1.2-2026-06-22/chapter-e1-heritage.pdf
111206,12,[12],12,on_page,source-pdfs/dcps/ashfield/v1.2-2026-06-22/chapter-e1-heritage.pdf
111210,12,[12],12,on_page,source-pdfs/dcps/ashfield/v1.2-2026-06-22/chapter-e1-heritage.pdf
81434,9,null,,,
111211,14,[14],14,on_page,source-pdfs/dcps/ashfield/v1.2-2026-06-22/chapter-e1-heritage.pdf
81510,26,null,,,
81514,26,null,,,
111221,14,[14],14,on_page,source-pdfs/dcps/ashfield/v1.2-2026-06-22/chapter-e1-heritage.pdf
111222,14,[14],14,on_page,source-pdfs/dcps/ashfield/v1.2-2026-06-22/chapter-e1-heritage.pdf
111229,15,[15],15,on_page,source-pdfs/dcps/ashfield/v1.2-2026-06-22/chapter-e1-heritage.pdf
111234,18,[18],18,on_page,source-pdfs/dcps/ashfield/v1.2-2026-06-22/chapter-e1-heritage.pdf
111236,19,[19],19,on_page,source-pdfs/dcps/ashfield/v1.2-2026-06-22/chapter-e1-heritage.pdf
111237,19,[19],19,on_page,source-pdfs/dcps/ashfield/v1.2-2026-06-22/chapter-e1-heritage.pdf
81538,32,null,,,
81539,32,null,,,
81547,33,null,,,
111238,19,[19],19,on_page,source-pdfs/dcps/ashfield/v1.2-2026-06-22/chapter-e1-heritage.pdf
111241,20,[20],20,on_page,source-pdfs/dcps/ashfield/v1.2-2026-06-22/chapter-e1-heritage.pdf
111242,20,[20],20,on_page,source-pdfs/dcps/ashfield/v1.2-2026-06-22/chapter-e1-heritage.pdf
111246,22,[22],22,on_page,source-pdfs/dcps/ashfield/v1.2-2026-06-22/chapter-e1-heritage.pdf
81566,40,null,,,
111251,22,[22],22,on_page,source-pdfs/dcps/ashfield/v1.2-2026-06-22/chapter-e1-heritage.pdf
111252,22,[22],22,on_page,source-pdfs/dcps/ashfield/v1.2-2026-06-22/chapter-e1-heritage.pdf
111254,22,[22],22,on_page,source-pdfs/dcps/ashfield/v1.2-2026-06-22/chapter-e1-heritage.pdf
111255,22,[22],22,on_page,source-pdfs/dcps/ashfield/v1.2-2026-06-22/chapter-e1-heritage.pdf
111256,23,[23],23,on_page,source-pdfs/dcps/ashfield/v1.2-2026-06-22/chapter-e1-heritage.pdf
111257,23,[23],23,on_page,source-pdfs/dcps/ashfield/v1.2-2026-06-22/chapter-e1-heritage.pdf
111258,23,[23],23,on_page,source-pdfs/dcps/ashfield/v1.2-2026-06-22/chapter-e1-heritage.pdf
111259,23,[23],23,on_page,source-pdfs/dcps/ashfield/v1.2-2026-06-22/chapter-e1-heritage.pdf
111261,23,[23],23,on_page,source-pdfs/dcps/ashfield/v1.2-2026-06-22/chapter-e1-heritage.pdf
111266,26,[26],26,on_page,source-pdfs/dcps/ashfield/v1.2-2026-06-22/chapter-e1-heritage.pdf
111288,27,[27],27,on_page,source-pdfs/dcps/ashfield/v1.2-2026-06-22/chapter-e1-heritage.pdf
111290,28,[28],28,on_page,source-pdfs/dcps/ashfield/v1.2-2026-06-22/chapter-e1-heritage.pdf
111292,28,[28],28,on_page,source-pdfs/dcps/ashfield/v1.2-2026-06-22/chapter-e1-heritage.pdf
111293,28,[28],28,on_page,source-pdfs/dcps/ashfield/v1.2-2026-06-22/chapter-e1-heritage.pdf
111294,28,[28],28,on_page,source-pdfs/dcps/ashfield/v1.2-2026-06-22/chapter-e1-heritage.pdf
111297,28,[28],28,on_page,source-pdfs/dcps/ashfield/v1.2-2026-06-22/chapter-e1-heritage.pdf
111298,28,[28],28,on_page,source-pdfs/dcps/ashfield/v1.2-2026-06-22/chapter-e1-heritage.pdf
111301,28,[28],28,on_page,source-pdfs/dcps/ashfield/v1.2-2026-06-22/chapter-e1-heritage.pdf
111302,28,[28],28,on_page,source-pdfs/dcps/ashfield/v1.2-2026-06-22/chapter-e1-heritage.pdf
111305,29,[29],29,on_page,source-pdfs/dcps/ashfield/v1.2-2026-06-22/chapter-e1-heritage.pdf
111306,29,[29],29,on_page,source-pdfs/dcps/ashfield/v1.2-2026-06-22/chapter-e1-heritage.pdf
111310,29,[29],29,on_page,source-pdfs/dcps/ashfield/v1.2-2026-06-22/chapter-e1-heritage.pdf
111311,29,[29],29,on_page,source-pdfs/dcps/ashfield/v1.2-2026-06-22/chapter-e1-heritage.pdf
111312,29,[29],29,on_page,source-pdfs/dcps/ashfield/v1.2-2026-06-22/chapter-e1-heritage.pdf
111320,29,[29],29,on_page,source-pdfs/dcps/ashfield/v1.2-2026-06-22/chapter-e1-heritage.pdf
111322,30,[30],30,on_page,source-pdfs/dcps/ashfield/v1.2-2026-06-22/chapter-e1-heritage.pdf
111323,30,[30],30,on_page,source-pdfs/dcps/ashfield/v1.2-2026-06-22/chapter-e1-heritage.pdf
111324,30,[30],30,on_page,source-pdfs/dcps/ashfield/v1.2-2026-06-22/chapter-e1-heritage.pdf
111334,32,[32],32,on_page,source-pdfs/dcps/ashfield/v1.2-2026-06-22/chapter-e1-heritage.pdf
111337,32,[32],32,on_page,source-pdfs/dcps/ashfield/v1.2-2026-06-22/chapter-e1-heritage.pdf
111343,33,[33],33,on_page,source-pdfs/dcps/ashfield/v1.2-2026-06-22/chapter-e1-heritage.pdf
111346,36,[36],36,on_page,source-pdfs/dcps/ashfield/v1.2-2026-06-22/chapter-e1-heritage.pdf
111349,36,[36],36,on_page,source-pdfs/dcps/ashfield/v1.2-2026-06-22/chapter-e1-heritage.pdf
111352,36,[36],36,on_page,source-pdfs/dcps/ashfield/v1.2-2026-06-22/chapter-e1-heritage.pdf
111354,36,[36],36,on_page,source-pdfs/dcps/ashfield/v1.2-2026-06-22/chapter-e1-heritage.pdf
111357,38,[38],38,on_page,source-pdfs/dcps/ashfield/v1.2-2026-06-22/chapter-e1-heritage.pdf
111358,38,[38],38,on_page,source-pdfs/dcps/ashfield/v1.2-2026-06-22/chapter-e1-heritage.pdf
111364,40,[40],40,on_page,source-pdfs/dcps/ashfield/v1.2-2026-06-22/chapter-e1-heritage.pdf
111367,69,[69],71,on_page,source-pdfs/dcps/ashfield/v1.2-2026-06-22/chapter-e1-heritage.pdf
111378,151,[151],153,on_page,source-pdfs/dcps/ashfield/v1.2-2026-06-22/chapter-e1-heritage.pdf
111415,182,[182],184,on_page,source-pdfs/dcps/ashfield/v1.2-2026-06-22/chapter-e1-heritage.pdf
111418,182,[182],184,on_page,source-pdfs/dcps/ashfield/v1.2-2026-06-22/chapter-e1-heritage.pdf
111429,192,[192],194,on_page,source-pdfs/dcps/ashfield/v1.2-2026-06-22/chapter-e1-heritage.pdf
111436,218,[218],220,on_page,source-pdfs/dcps/ashfield/v1.2-2026-06-22/chapter-e1-heritage.pdf
111437,219,[219],221,on_page,source-pdfs/dcps/ashfield/v1.2-2026-06-22/chapter-e1-heritage.pdf
111441,226,[226],228,on_page,source-pdfs/dcps/ashfield/v1.2-2026-06-22/chapter-e1-heritage.pdf
111442,226,[226],228,on_page,source-pdfs/dcps/ashfield/v1.2-2026-06-22/chapter-e1-heritage.pdf
111443,227,[227],229,on_page,source-pdfs/dcps/ashfield/v1.2-2026-06-22/chapter-e1-heritage.pdf
111461,292,[292],294,on_page,source-pdfs/dcps/ashfield/v1.2-2026-06-22/chapter-e1-heritage.pdf
111462,292,[292],294,on_page,source-pdfs/dcps/ashfield/v1.2-2026-06-22/chapter-e1-heritage.pdf
111463,292,[292],294,on_page,source-pdfs/dcps/ashfield/v1.2-2026-06-22/chapter-e1-heritage.pdf
111469,292,[292],294,on_page,source-pdfs/dcps/ashfield/v1.2-2026-06-22/chapter-e1-heritage.pdf
111474,297,[297],299,on_page,source-pdfs/dcps/ashfield/v1.2-2026-06-22/chapter-e1-heritage.pdf
94903,55,[55],57,on_page,source-pdfs/dcps/ashfield/v1.2-2026-06-22/chapter-e1-heritage.pdf
111479,298,[298],300,on_page,source-pdfs/dcps/ashfield/v1.2-2026-06-22/chapter-e1-heritage.pdf
111483,298,[298],300,on_page,source-pdfs/dcps/ashfield/v1.2-2026-06-22/chapter-e1-heritage.pdf
111487,350,[350],352,on_page,source-pdfs/dcps/ashfield/v1.2-2026-06-22/chapter-e1-heritage.pdf
111490,358,[358],360,on_page,source-pdfs/dcps/ashfield/v1.2-2026-06-22/chapter-e1-heritage.pdf
111492,359,[359],361,on_page,source-pdfs/dcps/ashfield/v1.2-2026-06-22/chapter-e1-heritage.pdf
81431,9,null,,,
94936,269,[269],271,on_page,source-pdfs/dcps/ashfield/v1.2-2026-06-22/chapter-e1-heritage.pdf
81437,10,null,,,
94939,291,[291],293,on_page,source-pdfs/dcps/ashfield/v1.2-2026-06-22/chapter-e1-heritage.pdf
94941,304,[304],306,on_page,source-pdfs/dcps/ashfield/v1.2-2026-06-22/chapter-e1-heritage.pdf
111199,11,[11],11,on_page,source-pdfs/dcps/ashfield/v1.2-2026-06-22/chapter-e1-heritage.pdf
81452,12,null,,,
111201,11,[11],11,on_page,source-pdfs/dcps/ashfield/v1.2-2026-06-22/chapter-e1-heritage.pdf
111227,15,[15],15,on_page,source-pdfs/dcps/ashfield/v1.2-2026-06-22/chapter-e1-heritage.pdf
111228,15,[15],15,on_page,source-pdfs/dcps/ashfield/v1.2-2026-06-22/chapter-e1-heritage.pdf
111336,32,[32],32,on_page,source-pdfs/dcps/ashfield/v1.2-2026-06-22/chapter-e1-heritage.pdf
111350,36,[36],36,on_page,source-pdfs/dcps/ashfield/v1.2-2026-06-22/chapter-e1-heritage.pdf
111402,176,[176],178,on_page,source-pdfs/dcps/ashfield/v1.2-2026-06-22/chapter-e1-heritage.pdf
111353,36,[36],36,on_page,source-pdfs/dcps/ashfield/v1.2-2026-06-22/chapter-e1-heritage.pdf
94924,191,[191],193,on_page,source-pdfs/dcps/ashfield/v1.2-2026-06-22/chapter-e1-heritage.pdf
111253,22,[22],22,on_page,source-pdfs/dcps/ashfield/v1.2-2026-06-22/chapter-e1-heritage.pdf
111274,26,[26],26,on_page,source-pdfs/dcps/ashfield/v1.2-2026-06-22/chapter-e1-heritage.pdf
111277,27,[27],27,on_page,source-pdfs/dcps/ashfield/v1.2-2026-06-22/chapter-e1-heritage.pdf
111296,28,[28],28,on_page,source-pdfs/dcps/ashfield/v1.2-2026-06-22/chapter-e1-heritage.pdf
111299,28,[28],28,on_page,source-pdfs/dcps/ashfield/v1.2-2026-06-22/chapter-e1-heritage.pdf
111342,33,[33],33,on_page,source-pdfs/dcps/ashfield/v1.2-2026-06-22/chapter-e1-heritage.pdf
111360,40,[40],40,on_page,source-pdfs/dcps/ashfield/v1.2-2026-06-22/chapter-e1-heritage.pdf
111315,29,[29],29,on_page,source-pdfs/dcps/ashfield/v1.2-2026-06-22/chapter-e1-heritage.pdf
111235,19,[19],19,on_page,source-pdfs/dcps/ashfield/v1.2-2026-06-22/chapter-e1-heritage.pdf
111197,11,[11],11,on_page,source-pdfs/dcps/ashfield/v1.2-2026-06-22/chapter-e1-heritage.pdf
81462,15,null,,,
111198,11,[11],11,on_page,source-pdfs/dcps/ashfield/v1.2-2026-06-22/chapter-e1-heritage.pdf
111202,11,[11],11,on_page,source-pdfs/dcps/ashfield/v1.2-2026-06-22/chapter-e1-heritage.pdf
111204,12,[12],12,on_page,source-pdfs/dcps/ashfield/v1.2-2026-06-22/chapter-e1-heritage.pdf
111207,12,[12],12,on_page,source-pdfs/dcps/ashfield/v1.2-2026-06-22/chapter-e1-heritage.pdf
81495,21,null,,,
111213,14,[14],14,on_page,source-pdfs/dcps/ashfield/v1.2-2026-06-22/chapter-e1-heritage.pdf
111214,14,[14],14,on_page,source-pdfs/dcps/ashfield/v1.2-2026-06-22/chapter-e1-heritage.pdf
111215,14,[14],14,on_page,source-pdfs/dcps/ashfield/v1.2-2026-06-22/chapter-e1-heritage.pdf
111216,14,[14],14,on_page,source-pdfs/dcps/ashfield/v1.2-2026-06-22/chapter-e1-heritage.pdf
111243,20,[20],20,on_page,source-pdfs/dcps/ashfield/v1.2-2026-06-22/chapter-e1-heritage.pdf
111264,26,[26],26,on_page,source-pdfs/dcps/ashfield/v1.2-2026-06-22/chapter-e1-heritage.pdf
111280,27,[27],27,on_page,source-pdfs/dcps/ashfield/v1.2-2026-06-22/chapter-e1-heritage.pdf
111283,27,[27],27,on_page,source-pdfs/dcps/ashfield/v1.2-2026-06-22/chapter-e1-heritage.pdf
111295,28,[28],28,on_page,source-pdfs/dcps/ashfield/v1.2-2026-06-22/chapter-e1-heritage.pdf
111321,30,[30],30,on_page,source-pdfs/dcps/ashfield/v1.2-2026-06-22/chapter-e1-heritage.pdf
111332,32,[32],32,on_page,source-pdfs/dcps/ashfield/v1.2-2026-06-22/chapter-e1-heritage.pdf
111338,32,[32],32,on_page,source-pdfs/dcps/ashfield/v1.2-2026-06-22/chapter-e1-heritage.pdf
81498,22,null,,,
111340,33,[33],33,on_page,source-pdfs/dcps/ashfield/v1.2-2026-06-22/chapter-e1-heritage.pdf
111361,40,[40],40,on_page,source-pdfs/dcps/ashfield/v1.2-2026-06-22/chapter-e1-heritage.pdf
111362,40,[40],40,on_page,source-pdfs/dcps/ashfield/v1.2-2026-06-22/chapter-e1-heritage.pdf
111372,146,[146],148,on_page,source-pdfs/dcps/ashfield/v1.2-2026-06-22/chapter-e1-heritage.pdf
111373,147,[147],149,on_page,source-pdfs/dcps/ashfield/v1.2-2026-06-22/chapter-e1-heritage.pdf
81513,26,null,,,
111416,182,[182],184,on_page,source-pdfs/dcps/ashfield/v1.2-2026-06-22/chapter-e1-heritage.pdf
111420,183,[183],185,on_page,source-pdfs/dcps/ashfield/v1.2-2026-06-22/chapter-e1-heritage.pdf
111422,184,[184],186,on_page,source-pdfs/dcps/ashfield/v1.2-2026-06-22/chapter-e1-heritage.pdf
111432,206,[206],208,on_page,source-pdfs/dcps/ashfield/v1.2-2026-06-22/chapter-e1-heritage.pdf
111433,211,[211],213,on_page,source-pdfs/dcps/ashfield/v1.2-2026-06-22/chapter-e1-heritage.pdf
111468,292,[292],294,on_page,source-pdfs/dcps/ashfield/v1.2-2026-06-22/chapter-e1-heritage.pdf
111473,297,[297],299,on_page,source-pdfs/dcps/ashfield/v1.2-2026-06-22/chapter-e1-heritage.pdf
111476,298,[298],300,on_page,source-pdfs/dcps/ashfield/v1.2-2026-06-22/chapter-e1-heritage.pdf
111263,26,[26],26,on_page,source-pdfs/dcps/ashfield/v1.2-2026-06-22/chapter-e1-heritage.pdf
111325,30,[30],30,on_page,source-pdfs/dcps/ashfield/v1.2-2026-06-22/chapter-e1-heritage.pdf
111329,32,[32],32,on_page,source-pdfs/dcps/ashfield/v1.2-2026-06-22/chapter-e1-heritage.pdf
111330,32,[32],32,on_page,source-pdfs/dcps/ashfield/v1.2-2026-06-22/chapter-e1-heritage.pdf
111339,33,[33],33,on_page,source-pdfs/dcps/ashfield/v1.2-2026-06-22/chapter-e1-heritage.pdf
111344,33,[33],33,on_page,source-pdfs/dcps/ashfield/v1.2-2026-06-22/chapter-e1-heritage.pdf
111355,38,[38],38,on_page,source-pdfs/dcps/ashfield/v1.2-2026-06-22/chapter-e1-heritage.pdf
111356,38,[38],38,on_page,source-pdfs/dcps/ashfield/v1.2-2026-06-22/chapter-e1-heritage.pdf
111375,150,[150],152,on_page,source-pdfs/dcps/ashfield/v1.2-2026-06-22/chapter-e1-heritage.pdf
111465,292,[292],294,on_page,source-pdfs/dcps/ashfield/v1.2-2026-06-22/chapter-e1-heritage.pdf
111472,297,[297],299,on_page,source-pdfs/dcps/ashfield/v1.2-2026-06-22/chapter-e1-heritage.pdf
94908,81,[81],83,on_page,source-pdfs/dcps/ashfield/v1.2-2026-06-22/chapter-e1-heritage.pdf
111309,29,[29],29,on_page,source-pdfs/dcps/ashfield/v1.2-2026-06-22/chapter-e1-heritage.pdf
81390,6,null,,,
81391,6,null,,,
81392,6,null,,,
81397,6,null,,,
81398,6,null,,,
81399,6,null,,,
81402,7,null,,,
81403,7,null,,,
81404,7,null,,,
81411,7,null,,,
81413,7,null,,,
81416,8,null,,,
81417,8,null,,,
81418,8,null,,,
81419,8,null,,,
81422,8,null,,,
81423,8,null,,,
81426,9,null,,,
81427,9,null,,,
81429,9,null,,,
81430,9,null,,,
81436,9,null,,,
81439,10,null,,,
81440,10,null,,,
81441,10,null,,,
81442,11,null,,,
81443,11,null,,,
81444,11,null,,,
81445,11,null,,,
81446,11,null,,,
81448,11,null,,,
81454,12,null,,,
81457,14,null,,,
81459,14,null,,,
81460,14,null,,,
81461,14,null,,,
81465,15,null,,,
81485,19,null,,,
81494,21,null,,,
81499,22,null,,,
81500,22,null,,,
81502,22,null,,,
81504,22,null,,,
81507,23,null,,,
81508,25,null,,,
81511,26,null,,,
81512,26,null,,,
81516,26,null,,,
81519,27,null,,,
81521,27,null,,,
81522,27,null,,,
81523,27,null,,,
81524,27,null,,,
81525,27,null,,,
81527,28,null,,,
81529,28,null,,,
81530,29,null,,,
81531,29,null,,,
81532,29,null,,,
81533,29,null,,,
81540,32,null,,,
81541,32,null,,,
81542,32,null,,,
81543,32,null,,,
81545,33,null,,,
81548,33,null,,,
81552,36,null,,,
81554,36,null,,,
81557,38,null,,,
81558,38,null,,,
81563,40,null,,,
81564,40,null,,,
81565,40,null,,,
81572,41,null,,,
81573,41,null,,,
81575,45,null,,,
81685,87,null,,,
81686,88,null,,,
81688,88,null,,,
81690,89,null,,,
81691,89,null,,,
81692,89,null,,,
81693,89,null,,,
81694,89,null,,,
81695,89,null,,,
81727,104,null,,,
81870,152,null,,,
82207,269,null,,,
82235,279,null,,,
82320,311,null,,,
82427,361,null,,,
94915,130,[130],132,on_page,source-pdfs/dcps/ashfield/v1.2-2026-06-22/chapter-e1-heritage.pdf
111224,14,[14],14,on_page,source-pdfs/dcps/ashfield/v1.2-2026-06-22/chapter-e1-heritage.pdf
111233,15,[15],15,on_page,source-pdfs/dcps/ashfield/v1.2-2026-06-22/chapter-e1-heritage.pdf
111318,29,[29],29,on_page,source-pdfs/dcps/ashfield/v1.2-2026-06-22/chapter-e1-heritage.pdf
111333,32,[32],32,on_page,source-pdfs/dcps/ashfield/v1.2-2026-06-22/chapter-e1-heritage.pdf
111345,36,[36],36,on_page,source-pdfs/dcps/ashfield/v1.2-2026-06-22/chapter-e1-heritage.pdf
111382,169,[169],171,on_page,source-pdfs/dcps/ashfield/v1.2-2026-06-22/chapter-e1-heritage.pdf
111423,191,[191],193,on_page,source-pdfs/dcps/ashfield/v1.2-2026-06-22/chapter-e1-heritage.pdf
111491,359,[359],361,on_page,source-pdfs/dcps/ashfield/v1.2-2026-06-22/chapter-e1-heritage.pdf
111317,29,[29],29,on_page,source-pdfs/dcps/ashfield/v1.2-2026-06-22/chapter-e1-heritage.pdf
111335,32,[32],32,on_page,source-pdfs/dcps/ashfield/v1.2-2026-06-22/chapter-e1-heritage.pdf
111363,40,[40],40,on_page,source-pdfs/dcps/ashfield/v1.2-2026-06-22/chapter-e1-heritage.pdf
94911,99,[99],101,on_page,source-pdfs/dcps/ashfield/v1.2-2026-06-22/chapter-e1-heritage.pdf
81496,22,null,,,
111287,27,[27],27,on_page,source-pdfs/dcps/ashfield/v1.2-2026-06-22/chapter-e1-heritage.pdf
81451,12,null,,,
81520,27,null,,,
81551,36,null,,,
94760,17,[17],17,on_page,source-pdfs/dcps/ashfield/v1.2-2026-06-22/chapter-e1-heritage.pdf
81405,7,null,,,
81449,11,null,,,
81450,12,null,,,
111248,22,[22],22,on_page,source-pdfs/dcps/ashfield/v1.2-2026-06-22/chapter-e1-heritage.pdf
111285,27,[27],27,on_page,source-pdfs/dcps/ashfield/v1.2-2026-06-22/chapter-e1-heritage.pdf
111493,359,[359],361,on_page,source-pdfs/dcps/ashfield/v1.2-2026-06-22/chapter-e1-heritage.pdf
81458,14,null,,,
94919,3,[],,unresolved,source-pdfs/dcps/ashfield/v1.2-2026-06-22/chapter-e1-heritage.pdf
81562,40,null,,,
81567,40,null,,,
81553,36,null,,,
81550,33,null,,,
81696,90,null,,,
94912,3,[],,unresolved,source-pdfs/dcps/ashfield/v1.2-2026-06-22/chapter-e1-heritage.pdf
81438,10,null,,,
81400,6,null,,,
81559,38,null,,,
111319,29,[29],29,on_page,source-pdfs/dcps/ashfield/v1.2-2026-06-22/chapter-e1-heritage.pdf
94913,114,[114],116,on_page,source-pdfs/dcps/ashfield/v1.2-2026-06-22/chapter-e1-heritage.pdf
111195,11,[11],11,on_page,source-pdfs/dcps/ashfield/v1.2-2026-06-22/chapter-e1-heritage.pdf
111217,14,[14],14,on_page,source-pdfs/dcps/ashfield/v1.2-2026-06-22/chapter-e1-heritage.pdf
111245,21,[21],21,on_page,source-pdfs/dcps/ashfield/v1.2-2026-06-22/chapter-e1-heritage.pdf
111247,22,[22],22,on_page,source-pdfs/dcps/ashfield/v1.2-2026-06-22/chapter-e1-heritage.pdf
111401,176,[176],178,on_page,source-pdfs/dcps/ashfield/v1.2-2026-06-22/chapter-e1-heritage.pdf
111424,191,[191],193,on_page,source-pdfs/dcps/ashfield/v1.2-2026-06-22/chapter-e1-heritage.pdf
111440,225,[225],227,on_page,source-pdfs/dcps/ashfield/v1.2-2026-06-22/chapter-e1-heritage.pdf
111475,297,[297],299,on_page,source-pdfs/dcps/ashfield/v1.2-2026-06-22/chapter-e1-heritage.pdf
111477,298,[298],300,on_page,source-pdfs/dcps/ashfield/v1.2-2026-06-22/chapter-e1-heritage.pdf
111276,27,[27],27,on_page,source-pdfs/dcps/ashfield/v1.2-2026-06-22/chapter-e1-heritage.pdf
111351,36,[36],36,on_page,source-pdfs/dcps/ashfield/v1.2-2026-06-22/chapter-e1-heritage.pdf
111430,205,[205],207,on_page,source-pdfs/dcps/ashfield/v1.2-2026-06-22/chapter-e1-heritage.pdf
94920,164,[164],166,on_page,source-pdfs/dcps/ashfield/v1.2-2026-06-22/chapter-e1-heritage.pdf
94922,175,[175],177,on_page,source-pdfs/dcps/ashfield/v1.2-2026-06-22/chapter-e1-heritage.pdf
94926,3,[],,unresolved,source-pdfs/dcps/ashfield/v1.2-2026-06-22/chapter-e1-heritage.pdf
94928,3,[],,unresolved,source-pdfs/dcps/ashfield/v1.2-2026-06-22/chapter-e1-heritage.pdf
94938,3,[],,unresolved,source-pdfs/dcps/ashfield/v1.2-2026-06-22/chapter-e1-heritage.pdf
94942,3,[],,unresolved,source-pdfs/dcps/ashfield/v1.2-2026-06-22/chapter-e1-heritage.pdf
94944,3,[],,unresolved,source-pdfs/dcps/ashfield/v1.2-2026-06-22/chapter-e1-heritage.pdf
94945,329,[329],331,on_page,source-pdfs/dcps/ashfield/v1.2-2026-06-22/chapter-e1-heritage.pdf
94951,3,[],,unresolved,source-pdfs/dcps/ashfield/v1.2-2026-06-22/chapter-e1-heritage.pdf
111208,12,[12],12,on_page,source-pdfs/dcps/ashfield/v1.2-2026-06-22/chapter-e1-heritage.pdf
111209,12,[12],12,on_page,source-pdfs/dcps/ashfield/v1.2-2026-06-22/chapter-e1-heritage.pdf
111212,14,[14],14,on_page,source-pdfs/dcps/ashfield/v1.2-2026-06-22/chapter-e1-heritage.pdf
111219,14,[14],14,on_page,source-pdfs/dcps/ashfield/v1.2-2026-06-22/chapter-e1-heritage.pdf
111220,14,[14],14,on_page,source-pdfs/dcps/ashfield/v1.2-2026-06-22/chapter-e1-heritage.pdf
111223,14,[14],14,on_page,source-pdfs/dcps/ashfield/v1.2-2026-06-22/chapter-e1-heritage.pdf
111225,14,[14],14,on_page,source-pdfs/dcps/ashfield/v1.2-2026-06-22/chapter-e1-heritage.pdf
111230,15,[15],15,on_page,source-pdfs/dcps/ashfield/v1.2-2026-06-22/chapter-e1-heritage.pdf
111231,15,[15],15,on_page,source-pdfs/dcps/ashfield/v1.2-2026-06-22/chapter-e1-heritage.pdf
111232,15,[15],15,on_page,source-pdfs/dcps/ashfield/v1.2-2026-06-22/chapter-e1-heritage.pdf
111239,19,[19],19,on_page,source-pdfs/dcps/ashfield/v1.2-2026-06-22/chapter-e1-heritage.pdf
111240,19,[19],19,on_page,source-pdfs/dcps/ashfield/v1.2-2026-06-22/chapter-e1-heritage.pdf
111244,21,[21],21,on_page,source-pdfs/dcps/ashfield/v1.2-2026-06-22/chapter-e1-heritage.pdf
111250,22,[22],22,on_page,source-pdfs/dcps/ashfield/v1.2-2026-06-22/chapter-e1-heritage.pdf
111260,23,[23],23,on_page,source-pdfs/dcps/ashfield/v1.2-2026-06-22/chapter-e1-heritage.pdf
111267,26,[26],26,on_page,source-pdfs/dcps/ashfield/v1.2-2026-06-22/chapter-e1-heritage.pdf
111268,26,[26],26,on_page,source-pdfs/dcps/ashfield/v1.2-2026-06-22/chapter-e1-heritage.pdf
111269,26,[26],26,on_page,source-pdfs/dcps/ashfield/v1.2-2026-06-22/chapter-e1-heritage.pdf
111270,26,[26],26,on_page,source-pdfs/dcps/ashfield/v1.2-2026-06-22/chapter-e1-heritage.pdf
111271,26,[26],26,on_page,source-pdfs/dcps/ashfield/v1.2-2026-06-22/chapter-e1-heritage.pdf
111272,26,[26],26,on_page,source-pdfs/dcps/ashfield/v1.2-2026-06-22/chapter-e1-heritage.pdf
111273,26,[26],26,on_page,source-pdfs/dcps/ashfield/v1.2-2026-06-22/chapter-e1-heritage.pdf
111275,26,[26],26,on_page,source-pdfs/dcps/ashfield/v1.2-2026-06-22/chapter-e1-heritage.pdf
111278,27,[27],27,on_page,source-pdfs/dcps/ashfield/v1.2-2026-06-22/chapter-e1-heritage.pdf
111281,27,[27],27,on_page,source-pdfs/dcps/ashfield/v1.2-2026-06-22/chapter-e1-heritage.pdf
111282,27,[27],27,on_page,source-pdfs/dcps/ashfield/v1.2-2026-06-22/chapter-e1-heritage.pdf
111286,27,[27],27,on_page,source-pdfs/dcps/ashfield/v1.2-2026-06-22/chapter-e1-heritage.pdf
111300,28,[28],28,on_page,source-pdfs/dcps/ashfield/v1.2-2026-06-22/chapter-e1-heritage.pdf
111313,29,[29],29,on_page,source-pdfs/dcps/ashfield/v1.2-2026-06-22/chapter-e1-heritage.pdf
111314,29,[29],29,on_page,source-pdfs/dcps/ashfield/v1.2-2026-06-22/chapter-e1-heritage.pdf
111331,32,[32],32,on_page,source-pdfs/dcps/ashfield/v1.2-2026-06-22/chapter-e1-heritage.pdf
111347,36,[36],36,on_page,source-pdfs/dcps/ashfield/v1.2-2026-06-22/chapter-e1-heritage.pdf
111359,40,[40],40,on_page,source-pdfs/dcps/ashfield/v1.2-2026-06-22/chapter-e1-heritage.pdf
111365,41,[41],41,on_page,source-pdfs/dcps/ashfield/v1.2-2026-06-22/chapter-e1-heritage.pdf
111366,69,[69],71,on_page,source-pdfs/dcps/ashfield/v1.2-2026-06-22/chapter-e1-heritage.pdf
111368,61,[61],,unresolved,source-pdfs/dcps/ashfield/v1.2-2026-06-22/chapter-e1-heritage.pdf
111374,145,[145],,unresolved,source-pdfs/dcps/ashfield/v1.2-2026-06-22/chapter-e1-heritage.pdf
111377,151,[151],153,on_page,source-pdfs/dcps/ashfield/v1.2-2026-06-22/chapter-e1-heritage.pdf
111379,145,[145],,unresolved,source-pdfs/dcps/ashfield/v1.2-2026-06-22/chapter-e1-heritage.pdf
111380,155,[155],157,on_page,source-pdfs/dcps/ashfield/v1.2-2026-06-22/chapter-e1-heritage.pdf
111381,156,[156],158,on_page,source-pdfs/dcps/ashfield/v1.2-2026-06-22/chapter-e1-heritage.pdf
111383,169,[169],171,on_page,source-pdfs/dcps/ashfield/v1.2-2026-06-22/chapter-e1-heritage.pdf
111384,169,[169],171,on_page,source-pdfs/dcps/ashfield/v1.2-2026-06-22/chapter-e1-heritage.pdf
111385,169,[169],171,on_page,source-pdfs/dcps/ashfield/v1.2-2026-06-22/chapter-e1-heritage.pdf
111386,169,[169],171,on_page,source-pdfs/dcps/ashfield/v1.2-2026-06-22/chapter-e1-heritage.pdf
111388,169,[169],171,on_page,source-pdfs/dcps/ashfield/v1.2-2026-06-22/chapter-e1-heritage.pdf
111390,169,[169],171,on_page,source-pdfs/dcps/ashfield/v1.2-2026-06-22/chapter-e1-heritage.pdf
111392,169,[169],171,on_page,source-pdfs/dcps/ashfield/v1.2-2026-06-22/chapter-e1-heritage.pdf
111394,169,[169],,unresolved,source-pdfs/dcps/ashfield/v1.2-2026-06-22/chapter-e1-heritage.pdf
111395,169,[169],,unresolved,source-pdfs/dcps/ashfield/v1.2-2026-06-22/chapter-e1-heritage.pdf
111397,169,[169],,unresolved,source-pdfs/dcps/ashfield/v1.2-2026-06-22/chapter-e1-heritage.pdf
111398,176,[176],178,on_page,source-pdfs/dcps/ashfield/v1.2-2026-06-22/chapter-e1-heritage.pdf
111403,169,[169],171,on_page,source-pdfs/dcps/ashfield/v1.2-2026-06-22/chapter-e1-heritage.pdf
111405,169,[169],171,on_page,source-pdfs/dcps/ashfield/v1.2-2026-06-22/chapter-e1-heritage.pdf
111407,169,[169],171,on_page,source-pdfs/dcps/ashfield/v1.2-2026-06-22/chapter-e1-heritage.pdf
111408,169,[169],171,on_page,source-pdfs/dcps/ashfield/v1.2-2026-06-22/chapter-e1-heritage.pdf
111409,169,[169],,unresolved,source-pdfs/dcps/ashfield/v1.2-2026-06-22/chapter-e1-heritage.pdf
111411,169,[169],,unresolved,source-pdfs/dcps/ashfield/v1.2-2026-06-22/chapter-e1-heritage.pdf
111414,182,[182],184,on_page,source-pdfs/dcps/ashfield/v1.2-2026-06-22/chapter-e1-heritage.pdf
111413,169,[169],171,on_page,source-pdfs/dcps/ashfield/v1.2-2026-06-22/chapter-e1-heritage.pdf
111417,182,[182],184,on_page,source-pdfs/dcps/ashfield/v1.2-2026-06-22/chapter-e1-heritage.pdf
111425,191,[191],193,on_page,source-pdfs/dcps/ashfield/v1.2-2026-06-22/chapter-e1-heritage.pdf
111426,191,[191],193,on_page,source-pdfs/dcps/ashfield/v1.2-2026-06-22/chapter-e1-heritage.pdf
111427,192,[192],194,on_page,source-pdfs/dcps/ashfield/v1.2-2026-06-22/chapter-e1-heritage.pdf
111428,181,[181],,unresolved,source-pdfs/dcps/ashfield/v1.2-2026-06-22/chapter-e1-heritage.pdf
111434,212,[212],214,on_page,source-pdfs/dcps/ashfield/v1.2-2026-06-22/chapter-e1-heritage.pdf
111435,212,[212],214,on_page,source-pdfs/dcps/ashfield/v1.2-2026-06-22/chapter-e1-heritage.pdf
111438,219,[219],221,on_page,source-pdfs/dcps/ashfield/v1.2-2026-06-22/chapter-e1-heritage.pdf
111444,229,[229],,unresolved,source-pdfs/dcps/ashfield/v1.2-2026-06-22/chapter-e1-heritage.pdf
111446,253,[253],,unresolved,source-pdfs/dcps/ashfield/v1.2-2026-06-22/chapter-e1-heritage.pdf
111456,291,[291],293,on_page,source-pdfs/dcps/ashfield/v1.2-2026-06-22/chapter-e1-heritage.pdf
111457,291,[291],293,on_page,source-pdfs/dcps/ashfield/v1.2-2026-06-22/chapter-e1-heritage.pdf
111458,291,[291],293,on_page,source-pdfs/dcps/ashfield/v1.2-2026-06-22/chapter-e1-heritage.pdf
111459,291,[291],293,on_page,source-pdfs/dcps/ashfield/v1.2-2026-06-22/chapter-e1-heritage.pdf
111464,292,[292],294,on_page,source-pdfs/dcps/ashfield/v1.2-2026-06-22/chapter-e1-heritage.pdf
111478,298,[298],300,on_page,source-pdfs/dcps/ashfield/v1.2-2026-06-22/chapter-e1-heritage.pdf
111480,298,[298],300,on_page,source-pdfs/dcps/ashfield/v1.2-2026-06-22/chapter-e1-heritage.pdf
111481,289,[289],,unresolved,source-pdfs/dcps/ashfield/v1.2-2026-06-22/chapter-e1-heritage.pdf
111484,298,[298],300,on_page,source-pdfs/dcps/ashfield/v1.2-2026-06-22/chapter-e1-heritage.pdf
111486,349,[349],351,on_page,source-pdfs/dcps/ashfield/v1.2-2026-06-22/chapter-e1-heritage.pdf
111488,350,[350],352,on_page,source-pdfs/dcps/ashfield/v1.2-2026-06-22/chapter-e1-heritage.pdf
111489,351,[351],353,on_page,source-pdfs/dcps/ashfield/v1.2-2026-06-22/chapter-e1-heritage.pdf
111226,15,[15],15,on_page,source-pdfs/dcps/ashfield/v1.2-2026-06-22/chapter-e1-heritage.pdf
111393,169,[169],171,on_page,source-pdfs/dcps/ashfield/v1.2-2026-06-22/chapter-e1-heritage.pdf
111391,169,[169],171,on_page,source-pdfs/dcps/ashfield/v1.2-2026-06-22/chapter-e1-heritage.pdf
111404,169,[169],,unresolved,source-pdfs/dcps/ashfield/v1.2-2026-06-22/chapter-e1-heritage.pdf
94921,3,[],,unresolved,source-pdfs/dcps/ashfield/v1.2-2026-06-22/chapter-e1-heritage.pdf
111249,22,[22],22,on_page,source-pdfs/dcps/ashfield/v1.2-2026-06-22/chapter-e1-heritage.pdf
111369,61,[61],,unresolved,source-pdfs/dcps/ashfield/v1.2-2026-06-22/chapter-e1-heritage.pdf
111389,169,[169],171,on_page,source-pdfs/dcps/ashfield/v1.2-2026-06-22/chapter-e1-heritage.pdf
94940,3,[],,unresolved,source-pdfs/dcps/ashfield/v1.2-2026-06-22/chapter-e1-heritage.pdf
94937,3,[],,unresolved,source-pdfs/dcps/ashfield/v1.2-2026-06-22/chapter-e1-heritage.pdf
94948,349,[349],351,on_page,source-pdfs/dcps/ashfield/v1.2-2026-06-22/chapter-e1-heritage.pdf
111196,11,[11],11,on_page,source-pdfs/dcps/ashfield/v1.2-2026-06-22/chapter-e1-heritage.pdf
111200,11,[11],11,on_page,source-pdfs/dcps/ashfield/v1.2-2026-06-22/chapter-e1-heritage.pdf
111370,145,[145],147,on_page,source-pdfs/dcps/ashfield/v1.2-2026-06-22/chapter-e1-heritage.pdf
111371,145,[145],147,on_page,source-pdfs/dcps/ashfield/v1.2-2026-06-22/chapter-e1-heritage.pdf
111396,169,[169],,unresolved,source-pdfs/dcps/ashfield/v1.2-2026-06-22/chapter-e1-heritage.pdf
111466,292,[292],294,on_page,source-pdfs/dcps/ashfield/v1.2-2026-06-22/chapter-e1-heritage.pdf
111470,297,[297],299,on_page,source-pdfs/dcps/ashfield/v1.2-2026-06-22/chapter-e1-heritage.pdf
111471,297,[297],299,on_page,source-pdfs/dcps/ashfield/v1.2-2026-06-22/chapter-e1-heritage.pdf
111406,169,[169],,unresolved,source-pdfs/dcps/ashfield/v1.2-2026-06-22/chapter-e1-heritage.pdf
94927,3,[],,unresolved,source-pdfs/dcps/ashfield/v1.2-2026-06-22/chapter-e1-heritage.pdf
81487,20,null,,,
94910,94,[94],96,on_page,source-pdfs/dcps/ashfield/v1.2-2026-06-22/chapter-e1-heritage.pdf
94918,150,[150],152,on_page,source-pdfs/dcps/ashfield/v1.2-2026-06-22/chapter-e1-heritage.pdf
94932,240,[240],242,on_page,source-pdfs/dcps/ashfield/v1.2-2026-06-22/chapter-e1-heritage.pdf
94935,253,[253],255,on_page,source-pdfs/dcps/ashfield/v1.2-2026-06-22/chapter-e1-heritage.pdf
111326,32,[32],32,on_page,source-pdfs/dcps/ashfield/v1.2-2026-06-22/chapter-e1-heritage.pdf
111327,32,[32],32,on_page,source-pdfs/dcps/ashfield/v1.2-2026-06-22/chapter-e1-heritage.pdf
111289,28,[28],28,on_page,source-pdfs/dcps/ashfield/v1.2-2026-06-22/chapter-e1-heritage.pdf
111376,151,[151],153,on_page,source-pdfs/dcps/ashfield/v1.2-2026-06-22/chapter-e1-heritage.pdf
111439,220,[220],222,on_page,source-pdfs/dcps/ashfield/v1.2-2026-06-22/chapter-e1-heritage.pdf
111303,28,[28],28,on_page,source-pdfs/dcps/ashfield/v1.2-2026-06-22/chapter-e1-heritage.pdf
111421,183,[183],185,on_page,source-pdfs/dcps/ashfield/v1.2-2026-06-22/chapter-e1-heritage.pdf
111485,289,[289],,unresolved,source-pdfs/dcps/ashfield/v1.2-2026-06-22/chapter-e1-heritage.pdf
94934,253,[253],255,on_page,source-pdfs/dcps/ashfield/v1.2-2026-06-22/chapter-e1-heritage.pdf
81428,9,null,,,
81425,9,null,,,
81503,22,null,,,
81684,87,null,,,
81412,7,null,,,
81410,7,null,,,
81406,7,null,,,
81407,7,null,,,
81408,7,null,,,
81393,6,null,,,
81409,7,null,,,
81395,6,null,,,
81396,6,null,,,
81415,8,null,,,
81424,8,null,,,
81401,7,null,,,
81388,6,null,,,
81546,33,null,,,
81544,33,null,,,
87208,76,null,,,
87187,52,null,,,
87156,17,null,,,
87153,13,null,,,
87159,21,null,,,
87161,24,null,,,
111071,58,[58],58,on_page,source-pdfs/dcps/ashfield/v1.1-2026-03-02/chapter-f-dev-category.pdf
111054,54,[54],54,on_page,source-pdfs/dcps/ashfield/v1.1-2026-03-02/chapter-f-dev-category.pdf
111075,59,[59],59,on_page,source-pdfs/dcps/ashfield/v1.1-2026-03-02/chapter-f-dev-category.pdf
111106,63,[63],63,on_page,source-pdfs/dcps/ashfield/v1.1-2026-03-02/chapter-f-dev-category.pdf
111122,65,[65],65,on_page,source-pdfs/dcps/ashfield/v1.1-2026-03-02/chapter-f-dev-category.pdf
111001,30,[30],30,on_page,source-pdfs/dcps/ashfield/v1.1-2026-03-02/chapter-f-dev-category.pdf
110822,4,[4],4,on_page,source-pdfs/dcps/ashfield/v1.1-2026-03-02/chapter-f-dev-category.pdf
110823,4,[4],4,on_page,source-pdfs/dcps/ashfield/v1.1-2026-03-02/chapter-f-dev-category.pdf
110824,4,[4],4,on_page,source-pdfs/dcps/ashfield/v1.1-2026-03-02/chapter-f-dev-category.pdf
110825,4,[4],4,on_page,source-pdfs/dcps/ashfield/v1.1-2026-03-02/chapter-f-dev-category.pdf
110826,5,[5],5,on_page,source-pdfs/dcps/ashfield/v1.1-2026-03-02/chapter-f-dev-category.pdf
110827,5,[5],5,on_page,source-pdfs/dcps/ashfield/v1.1-2026-03-02/chapter-f-dev-category.pdf
110828,5,[5],5,on_page,source-pdfs/dcps/ashfield/v1.1-2026-03-02/chapter-f-dev-category.pdf
110829,5,[5],5,on_page,source-pdfs/dcps/ashfield/v1.1-2026-03-02/chapter-f-dev-category.pdf
110830,5,[5],5,on_page,source-pdfs/dcps/ashfield/v1.1-2026-03-02/chapter-f-dev-category.pdf
110832,5,[5],5,on_page,source-pdfs/dcps/ashfield/v1.1-2026-03-02/chapter-f-dev-category.pdf
110834,5,[5],5,on_page,source-pdfs/dcps/ashfield/v1.1-2026-03-02/chapter-f-dev-category.pdf
110836,6,[6],6,on_page,source-pdfs/dcps/ashfield/v1.1-2026-03-02/chapter-f-dev-category.pdf
110837,6,[6],6,on_page,source-pdfs/dcps/ashfield/v1.1-2026-03-02/chapter-f-dev-category.pdf
110839,6,[6],6,on_page,source-pdfs/dcps/ashfield/v1.1-2026-03-02/chapter-f-dev-category.pdf
110842,8,[8],8,on_page,source-pdfs/dcps/ashfield/v1.1-2026-03-02/chapter-f-dev-category.pdf
110843,8,[8],8,on_page,source-pdfs/dcps/ashfield/v1.1-2026-03-02/chapter-f-dev-category.pdf
110844,8,[8],8,on_page,source-pdfs/dcps/ashfield/v1.1-2026-03-02/chapter-f-dev-category.pdf
110848,8,[8],8,on_page,source-pdfs/dcps/ashfield/v1.1-2026-03-02/chapter-f-dev-category.pdf
110851,8,[8],8,on_page,source-pdfs/dcps/ashfield/v1.1-2026-03-02/chapter-f-dev-category.pdf
110852,8,[8],8,on_page,source-pdfs/dcps/ashfield/v1.1-2026-03-02/chapter-f-dev-category.pdf
110853,8,[8],8,on_page,source-pdfs/dcps/ashfield/v1.1-2026-03-02/chapter-f-dev-category.pdf
110856,8,[8],8,on_page,source-pdfs/dcps/ashfield/v1.1-2026-03-02/chapter-f-dev-category.pdf
110860,9,[9],9,on_page,source-pdfs/dcps/ashfield/v1.1-2026-03-02/chapter-f-dev-category.pdf
110861,9,[9],9,on_page,source-pdfs/dcps/ashfield/v1.1-2026-03-02/chapter-f-dev-category.pdf
110862,9,[9],9,on_page,source-pdfs/dcps/ashfield/v1.1-2026-03-02/chapter-f-dev-category.pdf
110866,9,[9],9,on_page,source-pdfs/dcps/ashfield/v1.1-2026-03-02/chapter-f-dev-category.pdf
110868,10,[10],10,on_page,source-pdfs/dcps/ashfield/v1.1-2026-03-02/chapter-f-dev-category.pdf
110869,10,[10],10,on_page,source-pdfs/dcps/ashfield/v1.1-2026-03-02/chapter-f-dev-category.pdf
110871,10,[10],10,on_page,source-pdfs/dcps/ashfield/v1.1-2026-03-02/chapter-f-dev-category.pdf
110874,11,[11],11,on_page,source-pdfs/dcps/ashfield/v1.1-2026-03-02/chapter-f-dev-category.pdf
110875,11,[11],11,on_page,source-pdfs/dcps/ashfield/v1.1-2026-03-02/chapter-f-dev-category.pdf
110880,11,[11],11,on_page,source-pdfs/dcps/ashfield/v1.1-2026-03-02/chapter-f-dev-category.pdf
110881,11,[11],11,on_page,source-pdfs/dcps/ashfield/v1.1-2026-03-02/chapter-f-dev-category.pdf
110882,11,[11],11,on_page,source-pdfs/dcps/ashfield/v1.1-2026-03-02/chapter-f-dev-category.pdf
110883,11,[11],11,on_page,source-pdfs/dcps/ashfield/v1.1-2026-03-02/chapter-f-dev-category.pdf
110886,11,[11],11,on_page,source-pdfs/dcps/ashfield/v1.1-2026-03-02/chapter-f-dev-category.pdf
110888,12,[12],12,on_page,source-pdfs/dcps/ashfield/v1.1-2026-03-02/chapter-f-dev-category.pdf
110889,12,[12],12,on_page,source-pdfs/dcps/ashfield/v1.1-2026-03-02/chapter-f-dev-category.pdf
110898,12,[12],12,on_page,source-pdfs/dcps/ashfield/v1.1-2026-03-02/chapter-f-dev-category.pdf
110899,12,[12],12,on_page,source-pdfs/dcps/ashfield/v1.1-2026-03-02/chapter-f-dev-category.pdf
110919,17,[17],17,on_page,source-pdfs/dcps/ashfield/v1.1-2026-03-02/chapter-f-dev-category.pdf
110921,17,[17],17,on_page,source-pdfs/dcps/ashfield/v1.1-2026-03-02/chapter-f-dev-category.pdf
110926,17,[17],17,on_page,source-pdfs/dcps/ashfield/v1.1-2026-03-02/chapter-f-dev-category.pdf
110930,17,[17],17,on_page,source-pdfs/dcps/ashfield/v1.1-2026-03-02/chapter-f-dev-category.pdf
110931,17,[17],17,on_page,source-pdfs/dcps/ashfield/v1.1-2026-03-02/chapter-f-dev-category.pdf
110932,17,[17],17,on_page,source-pdfs/dcps/ashfield/v1.1-2026-03-02/chapter-f-dev-category.pdf
110933,17,[17],17,on_page,source-pdfs/dcps/ashfield/v1.1-2026-03-02/chapter-f-dev-category.pdf
110935,17,[17],17,on_page,source-pdfs/dcps/ashfield/v1.1-2026-03-02/chapter-f-dev-category.pdf
110936,20,[20],20,on_page,source-pdfs/dcps/ashfield/v1.1-2026-03-02/chapter-f-dev-category.pdf
110937,20,[20],20,on_page,source-pdfs/dcps/ashfield/v1.1-2026-03-02/chapter-f-dev-category.pdf
110938,20,[20],20,on_page,source-pdfs/dcps/ashfield/v1.1-2026-03-02/chapter-f-dev-category.pdf
110939,20,[20],20,on_page,source-pdfs/dcps/ashfield/v1.1-2026-03-02/chapter-f-dev-category.pdf
110942,20,[20],20,on_page,source-pdfs/dcps/ashfield/v1.1-2026-03-02/chapter-f-dev-category.pdf
110943,20,[20],20,on_page,source-pdfs/dcps/ashfield/v1.1-2026-03-02/chapter-f-dev-category.pdf
110944,20,[20],20,on_page,source-pdfs/dcps/ashfield/v1.1-2026-03-02/chapter-f-dev-category.pdf
110945,20,[20],20,on_page,source-pdfs/dcps/ashfield/v1.1-2026-03-02/chapter-f-dev-category.pdf
110947,24,[24],24,on_page,source-pdfs/dcps/ashfield/v1.1-2026-03-02/chapter-f-dev-category.pdf
110948,24,[24],24,on_page,source-pdfs/dcps/ashfield/v1.1-2026-03-02/chapter-f-dev-category.pdf
110949,24,[24],24,on_page,source-pdfs/dcps/ashfield/v1.1-2026-03-02/chapter-f-dev-category.pdf
110950,24,[24],24,on_page,source-pdfs/dcps/ashfield/v1.1-2026-03-02/chapter-f-dev-category.pdf
110960,26,[26],26,on_page,source-pdfs/dcps/ashfield/v1.1-2026-03-02/chapter-f-dev-category.pdf
110962,26,[26],26,on_page,source-pdfs/dcps/ashfield/v1.1-2026-03-02/chapter-f-dev-category.pdf
110963,26,[26],26,on_page,source-pdfs/dcps/ashfield/v1.1-2026-03-02/chapter-f-dev-category.pdf
110968,26,[26],26,on_page,source-pdfs/dcps/ashfield/v1.1-2026-03-02/chapter-f-dev-category.pdf
110969,27,[27],27,on_page,source-pdfs/dcps/ashfield/v1.1-2026-03-02/chapter-f-dev-category.pdf
110970,27,[27],27,on_page,source-pdfs/dcps/ashfield/v1.1-2026-03-02/chapter-f-dev-category.pdf
110971,27,[27],27,on_page,source-pdfs/dcps/ashfield/v1.1-2026-03-02/chapter-f-dev-category.pdf
110972,27,[27],27,on_page,source-pdfs/dcps/ashfield/v1.1-2026-03-02/chapter-f-dev-category.pdf
110974,27,[27],27,on_page,source-pdfs/dcps/ashfield/v1.1-2026-03-02/chapter-f-dev-category.pdf
110975,27,[27],27,on_page,source-pdfs/dcps/ashfield/v1.1-2026-03-02/chapter-f-dev-category.pdf
110976,27,[27],27,on_page,source-pdfs/dcps/ashfield/v1.1-2026-03-02/chapter-f-dev-category.pdf
110978,28,[28],28,on_page,source-pdfs/dcps/ashfield/v1.1-2026-03-02/chapter-f-dev-category.pdf
110981,28,[28],28,on_page,source-pdfs/dcps/ashfield/v1.1-2026-03-02/chapter-f-dev-category.pdf
110983,28,[28],28,on_page,source-pdfs/dcps/ashfield/v1.1-2026-03-02/chapter-f-dev-category.pdf
110984,29,[29],29,on_page,source-pdfs/dcps/ashfield/v1.1-2026-03-02/chapter-f-dev-category.pdf
110988,29,[29],29,on_page,source-pdfs/dcps/ashfield/v1.1-2026-03-02/chapter-f-dev-category.pdf
110989,29,[29],29,on_page,source-pdfs/dcps/ashfield/v1.1-2026-03-02/chapter-f-dev-category.pdf
110990,29,[29],29,on_page,source-pdfs/dcps/ashfield/v1.1-2026-03-02/chapter-f-dev-category.pdf
110993,30,[30],30,on_page,source-pdfs/dcps/ashfield/v1.1-2026-03-02/chapter-f-dev-category.pdf
110994,30,[30],30,on_page,source-pdfs/dcps/ashfield/v1.1-2026-03-02/chapter-f-dev-category.pdf
110995,30,[30],30,on_page,source-pdfs/dcps/ashfield/v1.1-2026-03-02/chapter-f-dev-category.pdf
110996,30,[30],30,on_page,source-pdfs/dcps/ashfield/v1.1-2026-03-02/chapter-f-dev-category.pdf
110997,30,[30],30,on_page,source-pdfs/dcps/ashfield/v1.1-2026-03-02/chapter-f-dev-category.pdf
110998,30,[30],30,on_page,source-pdfs/dcps/ashfield/v1.1-2026-03-02/chapter-f-dev-category.pdf
111004,31,[31],31,on_page,source-pdfs/dcps/ashfield/v1.1-2026-03-02/chapter-f-dev-category.pdf
111005,31,[31],31,on_page,source-pdfs/dcps/ashfield/v1.1-2026-03-02/chapter-f-dev-category.pdf
111006,31,[31],31,on_page,source-pdfs/dcps/ashfield/v1.1-2026-03-02/chapter-f-dev-category.pdf
111007,31,[31],31,on_page,source-pdfs/dcps/ashfield/v1.1-2026-03-02/chapter-f-dev-category.pdf
111008,31,[31],31,on_page,source-pdfs/dcps/ashfield/v1.1-2026-03-02/chapter-f-dev-category.pdf
111010,32,[32],32,on_page,source-pdfs/dcps/ashfield/v1.1-2026-03-02/chapter-f-dev-category.pdf
111011,32,[32],32,on_page,source-pdfs/dcps/ashfield/v1.1-2026-03-02/chapter-f-dev-category.pdf
111012,32,[32],32,on_page,source-pdfs/dcps/ashfield/v1.1-2026-03-02/chapter-f-dev-category.pdf
111013,32,[32],32,on_page,source-pdfs/dcps/ashfield/v1.1-2026-03-02/chapter-f-dev-category.pdf
111016,32,[32],32,on_page,source-pdfs/dcps/ashfield/v1.1-2026-03-02/chapter-f-dev-category.pdf
111017,32,[32],32,on_page,source-pdfs/dcps/ashfield/v1.1-2026-03-02/chapter-f-dev-category.pdf
111018,32,[32],32,on_page,source-pdfs/dcps/ashfield/v1.1-2026-03-02/chapter-f-dev-category.pdf
111020,33,[33],33,on_page,source-pdfs/dcps/ashfield/v1.1-2026-03-02/chapter-f-dev-category.pdf
111021,33,[33],33,on_page,source-pdfs/dcps/ashfield/v1.1-2026-03-02/chapter-f-dev-category.pdf
111022,33,[33],33,on_page,source-pdfs/dcps/ashfield/v1.1-2026-03-02/chapter-f-dev-category.pdf
111023,33,[33],33,on_page,source-pdfs/dcps/ashfield/v1.1-2026-03-02/chapter-f-dev-category.pdf
111024,33,[33],33,on_page,source-pdfs/dcps/ashfield/v1.1-2026-03-02/chapter-f-dev-category.pdf
111026,33,[33],33,on_page,source-pdfs/dcps/ashfield/v1.1-2026-03-02/chapter-f-dev-category.pdf
111027,33,[33],33,on_page,source-pdfs/dcps/ashfield/v1.1-2026-03-02/chapter-f-dev-category.pdf
111029,34,[34],34,on_page,source-pdfs/dcps/ashfield/v1.1-2026-03-02/chapter-f-dev-category.pdf
111030,51,[51],51,on_page,source-pdfs/dcps/ashfield/v1.1-2026-03-02/chapter-f-dev-category.pdf
111031,51,[51],51,on_page,source-pdfs/dcps/ashfield/v1.1-2026-03-02/chapter-f-dev-category.pdf
111032,51,[51],51,on_page,source-pdfs/dcps/ashfield/v1.1-2026-03-02/chapter-f-dev-category.pdf
111033,51,[51],51,on_page,source-pdfs/dcps/ashfield/v1.1-2026-03-02/chapter-f-dev-category.pdf
111034,52,[52],52,on_page,source-pdfs/dcps/ashfield/v1.1-2026-03-02/chapter-f-dev-category.pdf
111036,52,[52],52,on_page,source-pdfs/dcps/ashfield/v1.1-2026-03-02/chapter-f-dev-category.pdf
111040,53,[53],53,on_page,source-pdfs/dcps/ashfield/v1.1-2026-03-02/chapter-f-dev-category.pdf
111041,54,[54],54,on_page,source-pdfs/dcps/ashfield/v1.1-2026-03-02/chapter-f-dev-category.pdf
111042,54,[54],54,on_page,source-pdfs/dcps/ashfield/v1.1-2026-03-02/chapter-f-dev-category.pdf
111043,54,[54],54,on_page,source-pdfs/dcps/ashfield/v1.1-2026-03-02/chapter-f-dev-category.pdf
111048,52,[52],52,on_page,source-pdfs/dcps/ashfield/v1.1-2026-03-02/chapter-f-dev-category.pdf
111051,53,[53],53,on_page,source-pdfs/dcps/ashfield/v1.1-2026-03-02/chapter-f-dev-category.pdf
111052,54,[54],54,on_page,source-pdfs/dcps/ashfield/v1.1-2026-03-02/chapter-f-dev-category.pdf
111056,54,[54],54,on_page,source-pdfs/dcps/ashfield/v1.1-2026-03-02/chapter-f-dev-category.pdf
111057,54,[54],54,on_page,source-pdfs/dcps/ashfield/v1.1-2026-03-02/chapter-f-dev-category.pdf
111059,54,[54],54,on_page,source-pdfs/dcps/ashfield/v1.1-2026-03-02/chapter-f-dev-category.pdf
111064,55,[55],55,on_page,source-pdfs/dcps/ashfield/v1.1-2026-03-02/chapter-f-dev-category.pdf
111072,58,[58],58,on_page,source-pdfs/dcps/ashfield/v1.1-2026-03-02/chapter-f-dev-category.pdf
111074,59,[59],59,on_page,source-pdfs/dcps/ashfield/v1.1-2026-03-02/chapter-f-dev-category.pdf
111077,59,[59],59,on_page,source-pdfs/dcps/ashfield/v1.1-2026-03-02/chapter-f-dev-category.pdf
111078,58,[58],58,on_page,source-pdfs/dcps/ashfield/v1.1-2026-03-02/chapter-f-dev-category.pdf
111081,58,[58],58,on_page,source-pdfs/dcps/ashfield/v1.1-2026-03-02/chapter-f-dev-category.pdf
111082,59,[59],59,on_page,source-pdfs/dcps/ashfield/v1.1-2026-03-02/chapter-f-dev-category.pdf
111083,59,[59],59,on_page,source-pdfs/dcps/ashfield/v1.1-2026-03-02/chapter-f-dev-category.pdf
111097,62,[62],62,on_page,source-pdfs/dcps/ashfield/v1.1-2026-03-02/chapter-f-dev-category.pdf
111100,62,[62],62,on_page,source-pdfs/dcps/ashfield/v1.1-2026-03-02/chapter-f-dev-category.pdf
111102,62,[62],62,on_page,source-pdfs/dcps/ashfield/v1.1-2026-03-02/chapter-f-dev-category.pdf
111104,63,[63],63,on_page,source-pdfs/dcps/ashfield/v1.1-2026-03-02/chapter-f-dev-category.pdf
111105,62,[62],62,on_page,source-pdfs/dcps/ashfield/v1.1-2026-03-02/chapter-f-dev-category.pdf
111108,63,[63],63,on_page,source-pdfs/dcps/ashfield/v1.1-2026-03-02/chapter-f-dev-category.pdf
111117,63,[63],63,on_page,source-pdfs/dcps/ashfield/v1.1-2026-03-02/chapter-f-dev-category.pdf
111119,64,[64],64,on_page,source-pdfs/dcps/ashfield/v1.1-2026-03-02/chapter-f-dev-category.pdf
111120,64,[64],64,on_page,source-pdfs/dcps/ashfield/v1.1-2026-03-02/chapter-f-dev-category.pdf
111123,65,[65],65,on_page,source-pdfs/dcps/ashfield/v1.1-2026-03-02/chapter-f-dev-category.pdf
111125,65,[65],65,on_page,source-pdfs/dcps/ashfield/v1.1-2026-03-02/chapter-f-dev-category.pdf
111127,65,[65],65,on_page,source-pdfs/dcps/ashfield/v1.1-2026-03-02/chapter-f-dev-category.pdf
111129,65,[65],65,on_page,source-pdfs/dcps/ashfield/v1.1-2026-03-02/chapter-f-dev-category.pdf
111130,65,[65],65,on_page,source-pdfs/dcps/ashfield/v1.1-2026-03-02/chapter-f-dev-category.pdf
111134,66,[66],66,on_page,source-pdfs/dcps/ashfield/v1.1-2026-03-02/chapter-f-dev-category.pdf
111135,66,[66],66,on_page,source-pdfs/dcps/ashfield/v1.1-2026-03-02/chapter-f-dev-category.pdf
111035,52,[52],52,on_page,source-pdfs/dcps/ashfield/v1.1-2026-03-02/chapter-f-dev-category.pdf
111142,71,[71],71,on_page,source-pdfs/dcps/ashfield/v1.1-2026-03-02/chapter-f-dev-category.pdf
111146,71,[71],71,on_page,source-pdfs/dcps/ashfield/v1.1-2026-03-02/chapter-f-dev-category.pdf
111148,71,[71],71,on_page,source-pdfs/dcps/ashfield/v1.1-2026-03-02/chapter-f-dev-category.pdf
111149,71,[71],71,on_page,source-pdfs/dcps/ashfield/v1.1-2026-03-02/chapter-f-dev-category.pdf
111151,71,[71],71,on_page,source-pdfs/dcps/ashfield/v1.1-2026-03-02/chapter-f-dev-category.pdf
111153,72,[72],72,on_page,source-pdfs/dcps/ashfield/v1.1-2026-03-02/chapter-f-dev-category.pdf
111155,72,[72],72,on_page,source-pdfs/dcps/ashfield/v1.1-2026-03-02/chapter-f-dev-category.pdf
111159,72,[72],72,on_page,source-pdfs/dcps/ashfield/v1.1-2026-03-02/chapter-f-dev-category.pdf
111160,72,[72],72,on_page,source-pdfs/dcps/ashfield/v1.1-2026-03-02/chapter-f-dev-category.pdf
111162,80,[80],80,on_page,source-pdfs/dcps/ashfield/v1.1-2026-03-02/chapter-f-dev-category.pdf
111166,80,[80],80,on_page,source-pdfs/dcps/ashfield/v1.1-2026-03-02/chapter-f-dev-category.pdf
111177,84,[84],,on_page,source-pdfs/dcps/ashfield/v1.1-2026-03-02/chapter-f-dev-category.pdf
111178,84,[84],,on_page,source-pdfs/dcps/ashfield/v1.1-2026-03-02/chapter-f-dev-category.pdf
111179,84,[84],,on_page,source-pdfs/dcps/ashfield/v1.1-2026-03-02/chapter-f-dev-category.pdf
111180,84,[84],,on_page,source-pdfs/dcps/ashfield/v1.1-2026-03-02/chapter-f-dev-category.pdf
111182,84,[84],,on_page,source-pdfs/dcps/ashfield/v1.1-2026-03-02/chapter-f-dev-category.pdf
111186,84,[84],,on_page,source-pdfs/dcps/ashfield/v1.1-2026-03-02/chapter-f-dev-category.pdf
111187,84,[84],,on_page,source-pdfs/dcps/ashfield/v1.1-2026-03-02/chapter-f-dev-category.pdf
111058,54,[54],54,on_page,source-pdfs/dcps/ashfield/v1.1-2026-03-02/chapter-f-dev-category.pdf
111060,54,[54],54,on_page,source-pdfs/dcps/ashfield/v1.1-2026-03-02/chapter-f-dev-category.pdf
111061,54,[54],54,on_page,source-pdfs/dcps/ashfield/v1.1-2026-03-02/chapter-f-dev-category.pdf
111066,57,[57],57,on_page,source-pdfs/dcps/ashfield/v1.1-2026-03-02/chapter-f-dev-category.pdf
111070,52,[52],52,on_page,source-pdfs/dcps/ashfield/v1.1-2026-03-02/chapter-f-dev-category.pdf
111073,59,[59],59,on_page,source-pdfs/dcps/ashfield/v1.1-2026-03-02/chapter-f-dev-category.pdf
111080,58,[58],58,on_page,source-pdfs/dcps/ashfield/v1.1-2026-03-02/chapter-f-dev-category.pdf
111128,65,[65],65,on_page,source-pdfs/dcps/ashfield/v1.1-2026-03-02/chapter-f-dev-category.pdf
111136,70,[70],70,on_page,source-pdfs/dcps/ashfield/v1.1-2026-03-02/chapter-f-dev-category.pdf
111156,72,[72],72,on_page,source-pdfs/dcps/ashfield/v1.1-2026-03-02/chapter-f-dev-category.pdf
111167,83,[83],83,on_page,source-pdfs/dcps/ashfield/v1.1-2026-03-02/chapter-f-dev-category.pdf
111168,83,[83],83,on_page,source-pdfs/dcps/ashfield/v1.1-2026-03-02/chapter-f-dev-category.pdf
111171,84,[84],,on_page,source-pdfs/dcps/ashfield/v1.1-2026-03-02/chapter-f-dev-category.pdf
111175,84,[84],,on_page,source-pdfs/dcps/ashfield/v1.1-2026-03-02/chapter-f-dev-category.pdf
111183,84,[84],,on_page,source-pdfs/dcps/ashfield/v1.1-2026-03-02/chapter-f-dev-category.pdf
111116,63,[63],63,on_page,source-pdfs/dcps/ashfield/v1.1-2026-03-02/chapter-f-dev-category.pdf
111150,71,[71],71,on_page,source-pdfs/dcps/ashfield/v1.1-2026-03-02/chapter-f-dev-category.pdf
110867,9,[9],9,on_page,source-pdfs/dcps/ashfield/v1.1-2026-03-02/chapter-f-dev-category.pdf
110872,10,[10],10,on_page,source-pdfs/dcps/ashfield/v1.1-2026-03-02/chapter-f-dev-category.pdf
111113,63,[63],63,on_page,source-pdfs/dcps/ashfield/v1.1-2026-03-02/chapter-f-dev-category.pdf
111115,63,[63],63,on_page,source-pdfs/dcps/ashfield/v1.1-2026-03-02/chapter-f-dev-category.pdf
111110,63,[63],63,on_page,source-pdfs/dcps/ashfield/v1.1-2026-03-02/chapter-f-dev-category.pdf
111053,54,[54],54,on_page,source-pdfs/dcps/ashfield/v1.1-2026-03-02/chapter-f-dev-category.pdf
111038,52,[52],52,on_page,source-pdfs/dcps/ashfield/v1.1-2026-03-02/chapter-f-dev-category.pdf
110833,5,[5],5,on_page,source-pdfs/dcps/ashfield/v1.1-2026-03-02/chapter-f-dev-category.pdf
110855,8,[8],8,on_page,source-pdfs/dcps/ashfield/v1.1-2026-03-02/chapter-f-dev-category.pdf
110870,10,[10],10,on_page,source-pdfs/dcps/ashfield/v1.1-2026-03-02/chapter-f-dev-category.pdf
110876,11,[11],11,on_page,source-pdfs/dcps/ashfield/v1.1-2026-03-02/chapter-f-dev-category.pdf
110878,11,[11],11,on_page,source-pdfs/dcps/ashfield/v1.1-2026-03-02/chapter-f-dev-category.pdf
110884,11,[11],11,on_page,source-pdfs/dcps/ashfield/v1.1-2026-03-02/chapter-f-dev-category.pdf
110896,12,[12],12,on_page,source-pdfs/dcps/ashfield/v1.1-2026-03-02/chapter-f-dev-category.pdf
110927,17,[17],17,on_page,source-pdfs/dcps/ashfield/v1.1-2026-03-02/chapter-f-dev-category.pdf
110940,20,[20],20,on_page,source-pdfs/dcps/ashfield/v1.1-2026-03-02/chapter-f-dev-category.pdf
110966,26,[26],26,on_page,source-pdfs/dcps/ashfield/v1.1-2026-03-02/chapter-f-dev-category.pdf
110980,28,[28],28,on_page,source-pdfs/dcps/ashfield/v1.1-2026-03-02/chapter-f-dev-category.pdf
110986,29,[29],29,on_page,source-pdfs/dcps/ashfield/v1.1-2026-03-02/chapter-f-dev-category.pdf
87204,72,null,,,
111000,30,[30],30,on_page,source-pdfs/dcps/ashfield/v1.1-2026-03-02/chapter-f-dev-category.pdf
111019,33,[33],33,on_page,source-pdfs/dcps/ashfield/v1.1-2026-03-02/chapter-f-dev-category.pdf
111085,59,[59],59,on_page,source-pdfs/dcps/ashfield/v1.1-2026-03-02/chapter-f-dev-category.pdf
111109,63,[63],63,on_page,source-pdfs/dcps/ashfield/v1.1-2026-03-02/chapter-f-dev-category.pdf
111118,64,[64],64,on_page,source-pdfs/dcps/ashfield/v1.1-2026-03-02/chapter-f-dev-category.pdf
111121,65,[65],65,on_page,source-pdfs/dcps/ashfield/v1.1-2026-03-02/chapter-f-dev-category.pdf
111174,84,[84],,on_page,source-pdfs/dcps/ashfield/v1.1-2026-03-02/chapter-f-dev-category.pdf
111114,63,[63],63,on_page,source-pdfs/dcps/ashfield/v1.1-2026-03-02/chapter-f-dev-category.pdf
111184,84,[84],,on_page,source-pdfs/dcps/ashfield/v1.1-2026-03-02/chapter-f-dev-category.pdf
110835,5,[5],5,on_page,source-pdfs/dcps/ashfield/v1.1-2026-03-02/chapter-f-dev-category.pdf
110845,8,[8],8,on_page,source-pdfs/dcps/ashfield/v1.1-2026-03-02/chapter-f-dev-category.pdf
110857,9,[9],9,on_page,source-pdfs/dcps/ashfield/v1.1-2026-03-02/chapter-f-dev-category.pdf
110897,12,[12],12,on_page,source-pdfs/dcps/ashfield/v1.1-2026-03-02/chapter-f-dev-category.pdf
110916,14,[14],14,on_page,source-pdfs/dcps/ashfield/v1.1-2026-03-02/chapter-f-dev-category.pdf
110922,17,[17],17,on_page,source-pdfs/dcps/ashfield/v1.1-2026-03-02/chapter-f-dev-category.pdf
110923,17,[17],17,on_page,source-pdfs/dcps/ashfield/v1.1-2026-03-02/chapter-f-dev-category.pdf
110979,28,[28],28,on_page,source-pdfs/dcps/ashfield/v1.1-2026-03-02/chapter-f-dev-category.pdf
111068,58,[58],58,on_page,source-pdfs/dcps/ashfield/v1.1-2026-03-02/chapter-f-dev-category.pdf
111086,59,[59],59,on_page,source-pdfs/dcps/ashfield/v1.1-2026-03-02/chapter-f-dev-category.pdf
111111,63,[63],63,on_page,source-pdfs/dcps/ashfield/v1.1-2026-03-02/chapter-f-dev-category.pdf
111112,63,[63],63,on_page,source-pdfs/dcps/ashfield/v1.1-2026-03-02/chapter-f-dev-category.pdf
111124,65,[65],65,on_page,source-pdfs/dcps/ashfield/v1.1-2026-03-02/chapter-f-dev-category.pdf
111133,65,[65],65,on_page,source-pdfs/dcps/ashfield/v1.1-2026-03-02/chapter-f-dev-category.pdf
111158,72,[72],72,on_page,source-pdfs/dcps/ashfield/v1.1-2026-03-02/chapter-f-dev-category.pdf
111165,80,[80],80,on_page,source-pdfs/dcps/ashfield/v1.1-2026-03-02/chapter-f-dev-category.pdf
111002,30,[30],30,on_page,source-pdfs/dcps/ashfield/v1.1-2026-03-02/chapter-f-dev-category.pdf
111084,24,[24],24,on_page,source-pdfs/dcps/ashfield/v1.1-2026-03-02/chapter-f-dev-category.pdf
111015,32,[32],32,on_page,source-pdfs/dcps/ashfield/v1.1-2026-03-02/chapter-f-dev-category.pdf
111067,57,[57],57,on_page,source-pdfs/dcps/ashfield/v1.1-2026-03-02/chapter-f-dev-category.pdf
111025,33,[33],33,on_page,source-pdfs/dcps/ashfield/v1.1-2026-03-02/chapter-f-dev-category.pdf
87148,8,null,,,
87149,9,null,,,
87150,10,null,,,
87152,12,null,,,
87167,30,null,,,
87184,48,null,,,
87154,14,null,,,
87155,16,null,,,
87157,19,null,,,
87162,25,null,,,
87163,26,null,,,
87169,32,null,,,
87170,33,null,,,
87171,34,null,,,
87183,47,null,,,
87186,51,null,,,
87190,55,null,,,
87193,59,null,,,
87198,65,null,,,
87209,77,null,,,
87210,79,null,,,
87212,81,null,,,
110831,5,[5],5,on_page,source-pdfs/dcps/ashfield/v1.1-2026-03-02/chapter-f-dev-category.pdf
110982,28,[28],28,on_page,source-pdfs/dcps/ashfield/v1.1-2026-03-02/chapter-f-dev-category.pdf
110838,6,[6],6,on_page,source-pdfs/dcps/ashfield/v1.1-2026-03-02/chapter-f-dev-category.pdf
110895,12,[12],12,on_page,source-pdfs/dcps/ashfield/v1.1-2026-03-02/chapter-f-dev-category.pdf
110909,13,[13],13,on_page,source-pdfs/dcps/ashfield/v1.1-2026-03-02/chapter-f-dev-category.pdf
110918,14,[14],14,on_page,source-pdfs/dcps/ashfield/v1.1-2026-03-02/chapter-f-dev-category.pdf
110955,25,[25],25,on_page,source-pdfs/dcps/ashfield/v1.1-2026-03-02/chapter-f-dev-category.pdf
110958,25,[25],25,on_page,source-pdfs/dcps/ashfield/v1.1-2026-03-02/chapter-f-dev-category.pdf
111009,31,[31],31,on_page,source-pdfs/dcps/ashfield/v1.1-2026-03-02/chapter-f-dev-category.pdf
111050,52,[52],52,on_page,source-pdfs/dcps/ashfield/v1.1-2026-03-02/chapter-f-dev-category.pdf
111103,62,[62],62,on_page,source-pdfs/dcps/ashfield/v1.1-2026-03-02/chapter-f-dev-category.pdf
111143,71,[71],71,on_page,source-pdfs/dcps/ashfield/v1.1-2026-03-02/chapter-f-dev-category.pdf
111145,71,[71],71,on_page,source-pdfs/dcps/ashfield/v1.1-2026-03-02/chapter-f-dev-category.pdf
111154,72,[72],72,on_page,source-pdfs/dcps/ashfield/v1.1-2026-03-02/chapter-f-dev-category.pdf
111181,84,[84],,on_page,source-pdfs/dcps/ashfield/v1.1-2026-03-02/chapter-f-dev-category.pdf
111046,52,[52],52,on_page,source-pdfs/dcps/ashfield/v1.1-2026-03-02/chapter-f-dev-category.pdf
111055,54,[54],54,on_page,source-pdfs/dcps/ashfield/v1.1-2026-03-02/chapter-f-dev-category.pdf
111079,58,[58],58,on_page,source-pdfs/dcps/ashfield/v1.1-2026-03-02/chapter-f-dev-category.pdf
111144,71,[71],71,on_page,source-pdfs/dcps/ashfield/v1.1-2026-03-02/chapter-f-dev-category.pdf
111152,72,[72],72,on_page,source-pdfs/dcps/ashfield/v1.1-2026-03-02/chapter-f-dev-category.pdf
111176,84,[84],,on_page,source-pdfs/dcps/ashfield/v1.1-2026-03-02/chapter-f-dev-category.pdf
111126,65,[65],65,on_page,source-pdfs/dcps/ashfield/v1.1-2026-03-02/chapter-f-dev-category.pdf
111098,62,[62],62,on_page,source-pdfs/dcps/ashfield/v1.1-2026-03-02/chapter-f-dev-category.pdf
87207,75,null,,,
110877,11,[11],11,on_page,source-pdfs/dcps/ashfield/v1.1-2026-03-02/chapter-f-dev-category.pdf
110893,12,[12],12,on_page,source-pdfs/dcps/ashfield/v1.1-2026-03-02/chapter-f-dev-category.pdf
110954,25,[25],25,on_page,source-pdfs/dcps/ashfield/v1.1-2026-03-02/chapter-f-dev-category.pdf
110991,29,[29],29,on_page,source-pdfs/dcps/ashfield/v1.1-2026-03-02/chapter-f-dev-category.pdf
111141,70,[70],70,on_page,source-pdfs/dcps/ashfield/v1.1-2026-03-02/chapter-f-dev-category.pdf
111161,72,[72],72,on_page,source-pdfs/dcps/ashfield/v1.1-2026-03-02/chapter-f-dev-category.pdf
87158,20,null,,,
87146,6,null,,,
87151,11,null,,,
87185,49,null,,,
87200,67,null,,,
110967,26,[26],26,on_page,source-pdfs/dcps/ashfield/v1.1-2026-03-02/chapter-f-dev-category.pdf
110840,6,[6],6,on_page,source-pdfs/dcps/ashfield/v1.1-2026-03-02/chapter-f-dev-category.pdf
110894,12,[12],12,on_page,source-pdfs/dcps/ashfield/v1.1-2026-03-02/chapter-f-dev-category.pdf
110929,17,[17],17,on_page,source-pdfs/dcps/ashfield/v1.1-2026-03-02/chapter-f-dev-category.pdf
110946,21,[21],21,on_page,source-pdfs/dcps/ashfield/v1.1-2026-03-02/chapter-f-dev-category.pdf
110951,24,[24],24,on_page,source-pdfs/dcps/ashfield/v1.1-2026-03-02/chapter-f-dev-category.pdf
110959,25,[25],25,on_page,source-pdfs/dcps/ashfield/v1.1-2026-03-02/chapter-f-dev-category.pdf
110977,27,[27],27,on_page,source-pdfs/dcps/ashfield/v1.1-2026-03-02/chapter-f-dev-category.pdf
110987,29,[29],29,on_page,source-pdfs/dcps/ashfield/v1.1-2026-03-02/chapter-f-dev-category.pdf
110992,29,[29],29,on_page,source-pdfs/dcps/ashfield/v1.1-2026-03-02/chapter-f-dev-category.pdf
110999,30,[30],30,on_page,source-pdfs/dcps/ashfield/v1.1-2026-03-02/chapter-f-dev-category.pdf
111028,33,[33],33,on_page,source-pdfs/dcps/ashfield/v1.1-2026-03-02/chapter-f-dev-category.pdf
111044,55,[55],55,on_page,source-pdfs/dcps/ashfield/v1.1-2026-03-02/chapter-f-dev-category.pdf
111047,52,[52],52,on_page,source-pdfs/dcps/ashfield/v1.1-2026-03-02/chapter-f-dev-category.pdf
111087,61,[61],61,on_page,source-pdfs/dcps/ashfield/v1.1-2026-03-02/chapter-f-dev-category.pdf
111132,65,[65],65,on_page,source-pdfs/dcps/ashfield/v1.1-2026-03-02/chapter-f-dev-category.pdf
111163,80,[80],80,on_page,source-pdfs/dcps/ashfield/v1.1-2026-03-02/chapter-f-dev-category.pdf
110841,8,[8],8,on_page,source-pdfs/dcps/ashfield/v1.1-2026-03-02/chapter-f-dev-category.pdf
110846,1,[1],,too_short,source-pdfs/dcps/ashfield/v1.1-2026-03-02/chapter-f-dev-category.pdf
87160,23,null,,,
111003,31,[31],31,on_page,source-pdfs/dcps/ashfield/v1.1-2026-03-02/chapter-f-dev-category.pdf
111131,65,[65],65,on_page,source-pdfs/dcps/ashfield/v1.1-2026-03-02/chapter-f-dev-category.pdf
110941,20,[20],20,on_page,source-pdfs/dcps/ashfield/v1.1-2026-03-02/chapter-f-dev-category.pdf
110961,26,[26],26,on_page,source-pdfs/dcps/ashfield/v1.1-2026-03-02/chapter-f-dev-category.pdf
110863,1,[1],,too_short,source-pdfs/dcps/ashfield/v1.1-2026-03-02/chapter-f-dev-category.pdf
110957,25,[25],25,on_page,source-pdfs/dcps/ashfield/v1.1-2026-03-02/chapter-f-dev-category.pdf
110985,29,[29],29,on_page,source-pdfs/dcps/ashfield/v1.1-2026-03-02/chapter-f-dev-category.pdf
110858,1,[1],,too_short,source-pdfs/dcps/ashfield/v1.1-2026-03-02/chapter-f-dev-category.pdf
110902,13,[13],13,on_page,source-pdfs/dcps/ashfield/v1.1-2026-03-02/chapter-f-dev-category.pdf
110905,13,[13],13,on_page,source-pdfs/dcps/ashfield/v1.1-2026-03-02/chapter-f-dev-category.pdf
110907,13,[13],13,on_page,source-pdfs/dcps/ashfield/v1.1-2026-03-02/chapter-f-dev-category.pdf
110908,13,[13],13,on_page,source-pdfs/dcps/ashfield/v1.1-2026-03-02/chapter-f-dev-category.pdf
110914,13,[13],13,on_page,source-pdfs/dcps/ashfield/v1.1-2026-03-02/chapter-f-dev-category.pdf
110924,17,[17],17,on_page,source-pdfs/dcps/ashfield/v1.1-2026-03-02/chapter-f-dev-category.pdf
110925,17,[17],17,on_page,source-pdfs/dcps/ashfield/v1.1-2026-03-02/chapter-f-dev-category.pdf
110928,17,[17],17,on_page,source-pdfs/dcps/ashfield/v1.1-2026-03-02/chapter-f-dev-category.pdf
110934,17,[17],17,on_page,source-pdfs/dcps/ashfield/v1.1-2026-03-02/chapter-f-dev-category.pdf
110952,25,[25],25,on_page,source-pdfs/dcps/ashfield/v1.1-2026-03-02/chapter-f-dev-category.pdf
110953,25,[25],25,on_page,source-pdfs/dcps/ashfield/v1.1-2026-03-02/chapter-f-dev-category.pdf
110956,25,[25],25,on_page,source-pdfs/dcps/ashfield/v1.1-2026-03-02/chapter-f-dev-category.pdf
110964,26,[26],26,on_page,source-pdfs/dcps/ashfield/v1.1-2026-03-02/chapter-f-dev-category.pdf
110965,26,[26],26,on_page,source-pdfs/dcps/ashfield/v1.1-2026-03-02/chapter-f-dev-category.pdf
111014,32,[32],32,on_page,source-pdfs/dcps/ashfield/v1.1-2026-03-02/chapter-f-dev-category.pdf
111039,52,[52],52,on_page,source-pdfs/dcps/ashfield/v1.1-2026-03-02/chapter-f-dev-category.pdf
111049,52,[52],52,on_page,source-pdfs/dcps/ashfield/v1.1-2026-03-02/chapter-f-dev-category.pdf
111062,65,[65],65,on_page,source-pdfs/dcps/ashfield/v1.1-2026-03-02/chapter-f-dev-category.pdf
111063,55,[55],55,on_page,source-pdfs/dcps/ashfield/v1.1-2026-03-02/chapter-f-dev-category.pdf
111069,49,[49],,unresolved,source-pdfs/dcps/ashfield/v1.1-2026-03-02/chapter-f-dev-category.pdf
111076,59,[59],59,on_page,source-pdfs/dcps/ashfield/v1.1-2026-03-02/chapter-f-dev-category.pdf
111088,61,[61],61,on_page,source-pdfs/dcps/ashfield/v1.1-2026-03-02/chapter-f-dev-category.pdf
111094,61,[61],61,on_page,source-pdfs/dcps/ashfield/v1.1-2026-03-02/chapter-f-dev-category.pdf
111095,61,[61],61,on_page,source-pdfs/dcps/ashfield/v1.1-2026-03-02/chapter-f-dev-category.pdf
111137,61,[61],61,on_page,source-pdfs/dcps/ashfield/v1.1-2026-03-02/chapter-f-dev-category.pdf
111139,61,[61],61,on_page,source-pdfs/dcps/ashfield/v1.1-2026-03-02/chapter-f-dev-category.pdf
111140,61,[61],61,on_page,source-pdfs/dcps/ashfield/v1.1-2026-03-02/chapter-f-dev-category.pdf
111147,71,[71],71,on_page,source-pdfs/dcps/ashfield/v1.1-2026-03-02/chapter-f-dev-category.pdf
111188,85,[85],,on_page,source-pdfs/dcps/ashfield/v1.1-2026-03-02/chapter-f-dev-category.pdf
111189,85,[85],,on_page,source-pdfs/dcps/ashfield/v1.1-2026-03-02/chapter-f-dev-category.pdf
111190,85,[85],,on_page,source-pdfs/dcps/ashfield/v1.1-2026-03-02/chapter-f-dev-category.pdf
111192,85,[85],,on_page,source-pdfs/dcps/ashfield/v1.1-2026-03-02/chapter-f-dev-category.pdf
111193,85,[85],,on_page,source-pdfs/dcps/ashfield/v1.1-2026-03-02/chapter-f-dev-category.pdf
111194,85,[85],,on_page,source-pdfs/dcps/ashfield/v1.1-2026-03-02/chapter-f-dev-category.pdf
111065,55,[55],55,on_page,source-pdfs/dcps/ashfield/v1.1-2026-03-02/chapter-f-dev-category.pdf
111096,61,[61],61,on_page,source-pdfs/dcps/ashfield/v1.1-2026-03-02/chapter-f-dev-category.pdf
111164,80,[80],80,on_page,source-pdfs/dcps/ashfield/v1.1-2026-03-02/chapter-f-dev-category.pdf
110873,11,[11],11,on_page,source-pdfs/dcps/ashfield/v1.1-2026-03-02/chapter-f-dev-category.pdf
110892,1,[1],,too_short,source-pdfs/dcps/ashfield/v1.1-2026-03-02/chapter-f-dev-category.pdf
111092,61,[61],61,on_page,source-pdfs/dcps/ashfield/v1.1-2026-03-02/chapter-f-dev-category.pdf
111093,61,[61],61,on_page,source-pdfs/dcps/ashfield/v1.1-2026-03-02/chapter-f-dev-category.pdf
111101,62,[62],62,on_page,source-pdfs/dcps/ashfield/v1.1-2026-03-02/chapter-f-dev-category.pdf
111138,61,[61],61,on_page,source-pdfs/dcps/ashfield/v1.1-2026-03-02/chapter-f-dev-category.pdf
111157,72,[72],72,on_page,source-pdfs/dcps/ashfield/v1.1-2026-03-02/chapter-f-dev-category.pdf
110903,13,[13],13,on_page,source-pdfs/dcps/ashfield/v1.1-2026-03-02/chapter-f-dev-category.pdf
110904,13,[13],13,on_page,source-pdfs/dcps/ashfield/v1.1-2026-03-02/chapter-f-dev-category.pdf
110906,13,[13],13,on_page,source-pdfs/dcps/ashfield/v1.1-2026-03-02/chapter-f-dev-category.pdf
110912,13,[13],13,on_page,source-pdfs/dcps/ashfield/v1.1-2026-03-02/chapter-f-dev-category.pdf
110913,13,[13],13,on_page,source-pdfs/dcps/ashfield/v1.1-2026-03-02/chapter-f-dev-category.pdf
111045,49,[49],,unresolved,source-pdfs/dcps/ashfield/v1.1-2026-03-02/chapter-f-dev-category.pdf
111089,61,[61],61,on_page,source-pdfs/dcps/ashfield/v1.1-2026-03-02/chapter-f-dev-category.pdf
111090,61,[61],61,on_page,source-pdfs/dcps/ashfield/v1.1-2026-03-02/chapter-f-dev-category.pdf
111191,85,[85],,on_page,source-pdfs/dcps/ashfield/v1.1-2026-03-02/chapter-f-dev-category.pdf
111091,61,[61],61,on_page,source-pdfs/dcps/ashfield/v1.1-2026-03-02/chapter-f-dev-category.pdf
110917,14,[14],14,on_page,source-pdfs/dcps/ashfield/v1.1-2026-03-02/chapter-f-dev-category.pdf
110854,8,[8],8,on_page,source-pdfs/dcps/ashfield/v1.1-2026-03-02/chapter-f-dev-category.pdf
111099,62,[62],62,on_page,source-pdfs/dcps/ashfield/v1.1-2026-03-02/chapter-f-dev-category.pdf
110864,9,[9],9,on_page,source-pdfs/dcps/ashfield/v1.1-2026-03-02/chapter-f-dev-category.pdf
110847,8,[8],8,on_page,source-pdfs/dcps/ashfield/v1.1-2026-03-02/chapter-f-dev-category.pdf
110885,11,[11],11,on_page,source-pdfs/dcps/ashfield/v1.1-2026-03-02/chapter-f-dev-category.pdf
87172,36,null,,,
87173,37,null,,,
87179,43,null,,,
87174,38,null,,,
87175,39,null,,,
87176,40,null,,,
87177,41,null,,,
87191,57,null,,,
87182,46,null,,,
87195,62,null,,,
87214,84,null,,,
87203,71,null,,,
87166,29,null,,,
87178,42,null,,,
87180,44,null,,,
87181,45,null,,,
87189,54,null,,,
87196,63,null,,,
87205,73,null,,,
87201,68,null,,,
87211,80,null,,,
87147,7,null,,,
87192,58,null,,,
109668,9,[9],9,on_page,source-pdfs/dcps/ashfield/v1.1-2026-03-02/chapter-b-public-domain.pdf
109655,7,[7],7,on_page,source-pdfs/dcps/ashfield/v1.1-2026-03-02/chapter-b-public-domain.pdf
109622,5,[5],5,on_page,source-pdfs/dcps/ashfield/v1.1-2026-03-02/chapter-b-public-domain.pdf
109629,5,[5],5,on_page,source-pdfs/dcps/ashfield/v1.1-2026-03-02/chapter-b-public-domain.pdf
109636,6,[6],6,on_page,source-pdfs/dcps/ashfield/v1.1-2026-03-02/chapter-b-public-domain.pdf
109640,6,[6],6,on_page,source-pdfs/dcps/ashfield/v1.1-2026-03-02/chapter-b-public-domain.pdf
109641,6,[6],6,on_page,source-pdfs/dcps/ashfield/v1.1-2026-03-02/chapter-b-public-domain.pdf
109642,6,[6],6,on_page,source-pdfs/dcps/ashfield/v1.1-2026-03-02/chapter-b-public-domain.pdf
109646,6,[6],6,on_page,source-pdfs/dcps/ashfield/v1.1-2026-03-02/chapter-b-public-domain.pdf
109649,7,[7],7,on_page,source-pdfs/dcps/ashfield/v1.1-2026-03-02/chapter-b-public-domain.pdf
109651,7,[7],7,on_page,source-pdfs/dcps/ashfield/v1.1-2026-03-02/chapter-b-public-domain.pdf
109653,7,[7],7,on_page,source-pdfs/dcps/ashfield/v1.1-2026-03-02/chapter-b-public-domain.pdf
109654,7,[7],7,on_page,source-pdfs/dcps/ashfield/v1.1-2026-03-02/chapter-b-public-domain.pdf
109665,8,[8],8,on_page,source-pdfs/dcps/ashfield/v1.1-2026-03-02/chapter-b-public-domain.pdf
109677,9,[9],9,on_page,source-pdfs/dcps/ashfield/v1.1-2026-03-02/chapter-b-public-domain.pdf
109678,9,[9],9,on_page,source-pdfs/dcps/ashfield/v1.1-2026-03-02/chapter-b-public-domain.pdf
109679,9,[9],9,on_page,source-pdfs/dcps/ashfield/v1.1-2026-03-02/chapter-b-public-domain.pdf
109619,5,[5],5,on_page,source-pdfs/dcps/ashfield/v1.1-2026-03-02/chapter-b-public-domain.pdf
109625,5,[5],5,on_page,source-pdfs/dcps/ashfield/v1.1-2026-03-02/chapter-b-public-domain.pdf
109662,8,[8],8,on_page,source-pdfs/dcps/ashfield/v1.1-2026-03-02/chapter-b-public-domain.pdf
109650,7,[7],7,on_page,source-pdfs/dcps/ashfield/v1.1-2026-03-02/chapter-b-public-domain.pdf
109652,7,[7],7,on_page,source-pdfs/dcps/ashfield/v1.1-2026-03-02/chapter-b-public-domain.pdf
109628,5,[5],5,on_page,source-pdfs/dcps/ashfield/v1.1-2026-03-02/chapter-b-public-domain.pdf
109671,9,[9],9,on_page,source-pdfs/dcps/ashfield/v1.1-2026-03-02/chapter-b-public-domain.pdf
109661,8,[8],8,on_page,source-pdfs/dcps/ashfield/v1.1-2026-03-02/chapter-b-public-domain.pdf
109635,6,[6],6,on_page,source-pdfs/dcps/ashfield/v1.1-2026-03-02/chapter-b-public-domain.pdf
109666,8,[8],8,on_page,source-pdfs/dcps/ashfield/v1.1-2026-03-02/chapter-b-public-domain.pdf
109683,10,[10],10,on_page,source-pdfs/dcps/ashfield/v1.1-2026-03-02/chapter-b-public-domain.pdf
109633,6,[6],6,on_page,source-pdfs/dcps/ashfield/v1.1-2026-03-02/chapter-b-public-domain.pdf
109630,6,[6],6,on_page,source-pdfs/dcps/ashfield/v1.1-2026-03-02/chapter-b-public-domain.pdf
109648,7,[7],7,on_page,source-pdfs/dcps/ashfield/v1.1-2026-03-02/chapter-b-public-domain.pdf
109623,5,[5],5,on_page,source-pdfs/dcps/ashfield/v1.1-2026-03-02/chapter-b-public-domain.pdf
109624,5,[5],5,on_page,source-pdfs/dcps/ashfield/v1.1-2026-03-02/chapter-b-public-domain.pdf
109631,6,[6],6,on_page,source-pdfs/dcps/ashfield/v1.1-2026-03-02/chapter-b-public-domain.pdf
109638,6,[6],6,on_page,source-pdfs/dcps/ashfield/v1.1-2026-03-02/chapter-b-public-domain.pdf
109647,7,[7],7,on_page,source-pdfs/dcps/ashfield/v1.1-2026-03-02/chapter-b-public-domain.pdf
109660,8,[8],8,on_page,source-pdfs/dcps/ashfield/v1.1-2026-03-02/chapter-b-public-domain.pdf
109681,9,[9],9,on_page,source-pdfs/dcps/ashfield/v1.1-2026-03-02/chapter-b-public-domain.pdf
109620,5,[5],5,on_page,source-pdfs/dcps/ashfield/v1.1-2026-03-02/chapter-b-public-domain.pdf
109658,8,[8],8,on_page,source-pdfs/dcps/ashfield/v1.1-2026-03-02/chapter-b-public-domain.pdf
109672,9,[9],9,on_page,source-pdfs/dcps/ashfield/v1.1-2026-03-02/chapter-b-public-domain.pdf
109680,9,[9],9,on_page,source-pdfs/dcps/ashfield/v1.1-2026-03-02/chapter-b-public-domain.pdf
81157,4,null,,,
109637,6,[6],6,on_page,source-pdfs/dcps/ashfield/v1.1-2026-03-02/chapter-b-public-domain.pdf
109632,6,[6],6,on_page,source-pdfs/dcps/ashfield/v1.1-2026-03-02/chapter-b-public-domain.pdf
109627,5,[5],5,on_page,source-pdfs/dcps/ashfield/v1.1-2026-03-02/chapter-b-public-domain.pdf
109639,6,[6],6,on_page,source-pdfs/dcps/ashfield/v1.1-2026-03-02/chapter-b-public-domain.pdf
109664,8,[8],8,on_page,source-pdfs/dcps/ashfield/v1.1-2026-03-02/chapter-b-public-domain.pdf
109667,9,[9],9,on_page,source-pdfs/dcps/ashfield/v1.1-2026-03-02/chapter-b-public-domain.pdf
109669,9,[9],9,on_page,source-pdfs/dcps/ashfield/v1.1-2026-03-02/chapter-b-public-domain.pdf
109670,9,[9],9,on_page,source-pdfs/dcps/ashfield/v1.1-2026-03-02/chapter-b-public-domain.pdf
109673,9,[9],9,on_page,source-pdfs/dcps/ashfield/v1.1-2026-03-02/chapter-b-public-domain.pdf
109674,9,[9],9,on_page,source-pdfs/dcps/ashfield/v1.1-2026-03-02/chapter-b-public-domain.pdf
109675,9,[9],9,on_page,source-pdfs/dcps/ashfield/v1.1-2026-03-02/chapter-b-public-domain.pdf
109676,9,[9],9,on_page,source-pdfs/dcps/ashfield/v1.1-2026-03-02/chapter-b-public-domain.pdf
109682,9,[9],9,on_page,source-pdfs/dcps/ashfield/v1.1-2026-03-02/chapter-b-public-domain.pdf
109618,4,[4],4,on_page,source-pdfs/dcps/ashfield/v1.1-2026-03-02/chapter-b-public-domain.pdf
109621,5,[5],5,on_page,source-pdfs/dcps/ashfield/v1.1-2026-03-02/chapter-b-public-domain.pdf
109626,5,[5],5,on_page,source-pdfs/dcps/ashfield/v1.1-2026-03-02/chapter-b-public-domain.pdf
109634,6,[6],6,on_page,source-pdfs/dcps/ashfield/v1.1-2026-03-02/chapter-b-public-domain.pdf
109644,6,[6],6,on_page,source-pdfs/dcps/ashfield/v1.1-2026-03-02/chapter-b-public-domain.pdf
109656,7,[7],7,on_page,source-pdfs/dcps/ashfield/v1.1-2026-03-02/chapter-b-public-domain.pdf
109657,7,[7],7,on_page,source-pdfs/dcps/ashfield/v1.1-2026-03-02/chapter-b-public-domain.pdf
109659,8,[8],8,on_page,source-pdfs/dcps/ashfield/v1.1-2026-03-02/chapter-b-public-domain.pdf
109645,6,[6],6,on_page,source-pdfs/dcps/ashfield/v1.1-2026-03-02/chapter-b-public-domain.pdf
81289,63,null,,,
81297,66,null,,,
81337,81,null,,,
81279,60,null,,,
81325,79,null,,,
109793,42,[42],39,on_page,source-pdfs/dcps/ashfield/v1.1-2026-03-02/chapter-c-sustainability.pdf
109928,89,[89],86,on_page,source-pdfs/dcps/ashfield/v1.1-2026-03-02/chapter-c-sustainability.pdf
109752,26,[26],23,on_page,source-pdfs/dcps/ashfield/v1.1-2026-03-02/chapter-c-sustainability.pdf
109757,30,[30],27,on_page,source-pdfs/dcps/ashfield/v1.1-2026-03-02/chapter-c-sustainability.pdf
109758,30,[30],27,on_page,source-pdfs/dcps/ashfield/v1.1-2026-03-02/chapter-c-sustainability.pdf
109760,32,[32],29,on_page,source-pdfs/dcps/ashfield/v1.1-2026-03-02/chapter-c-sustainability.pdf
109763,35,[35],32,on_page,source-pdfs/dcps/ashfield/v1.1-2026-03-02/chapter-c-sustainability.pdf
109765,35,[35],32,on_page,source-pdfs/dcps/ashfield/v1.1-2026-03-02/chapter-c-sustainability.pdf
109767,36,[36],33,on_page,source-pdfs/dcps/ashfield/v1.1-2026-03-02/chapter-c-sustainability.pdf
109769,36,[36],33,on_page,source-pdfs/dcps/ashfield/v1.1-2026-03-02/chapter-c-sustainability.pdf
109784,40,[40],37,on_page,source-pdfs/dcps/ashfield/v1.1-2026-03-02/chapter-c-sustainability.pdf
109785,40,[40],37,on_page,source-pdfs/dcps/ashfield/v1.1-2026-03-02/chapter-c-sustainability.pdf
109788,40,[40],37,on_page,source-pdfs/dcps/ashfield/v1.1-2026-03-02/chapter-c-sustainability.pdf
109789,40,[40],37,on_page,source-pdfs/dcps/ashfield/v1.1-2026-03-02/chapter-c-sustainability.pdf
109791,42,[42],39,on_page,source-pdfs/dcps/ashfield/v1.1-2026-03-02/chapter-c-sustainability.pdf
109795,42,[42],39,on_page,source-pdfs/dcps/ashfield/v1.1-2026-03-02/chapter-c-sustainability.pdf
109796,42,[42],39,on_page,source-pdfs/dcps/ashfield/v1.1-2026-03-02/chapter-c-sustainability.pdf
109797,42,[42],39,on_page,source-pdfs/dcps/ashfield/v1.1-2026-03-02/chapter-c-sustainability.pdf
109800,43,[43],40,on_page,source-pdfs/dcps/ashfield/v1.1-2026-03-02/chapter-c-sustainability.pdf
109801,43,[43],40,on_page,source-pdfs/dcps/ashfield/v1.1-2026-03-02/chapter-c-sustainability.pdf
109802,44,[44],41,on_page,source-pdfs/dcps/ashfield/v1.1-2026-03-02/chapter-c-sustainability.pdf
109803,44,[44],41,on_page,source-pdfs/dcps/ashfield/v1.1-2026-03-02/chapter-c-sustainability.pdf
109804,44,[44],41,on_page,source-pdfs/dcps/ashfield/v1.1-2026-03-02/chapter-c-sustainability.pdf
109806,45,[45],42,on_page,source-pdfs/dcps/ashfield/v1.1-2026-03-02/chapter-c-sustainability.pdf
109807,45,[45],42,on_page,source-pdfs/dcps/ashfield/v1.1-2026-03-02/chapter-c-sustainability.pdf
109808,47,[47],44,on_page,source-pdfs/dcps/ashfield/v1.1-2026-03-02/chapter-c-sustainability.pdf
109809,47,[47],44,on_page,source-pdfs/dcps/ashfield/v1.1-2026-03-02/chapter-c-sustainability.pdf
109810,47,[47],44,on_page,source-pdfs/dcps/ashfield/v1.1-2026-03-02/chapter-c-sustainability.pdf
109812,47,[47],44,on_page,source-pdfs/dcps/ashfield/v1.1-2026-03-02/chapter-c-sustainability.pdf
109819,48,[48],45,on_page,source-pdfs/dcps/ashfield/v1.1-2026-03-02/chapter-c-sustainability.pdf
109828,50,[50],47,on_page,source-pdfs/dcps/ashfield/v1.1-2026-03-02/chapter-c-sustainability.pdf
109830,50,[50],47,on_page,source-pdfs/dcps/ashfield/v1.1-2026-03-02/chapter-c-sustainability.pdf
109831,50,[50],47,on_page,source-pdfs/dcps/ashfield/v1.1-2026-03-02/chapter-c-sustainability.pdf
109834,51,[51],48,on_page,source-pdfs/dcps/ashfield/v1.1-2026-03-02/chapter-c-sustainability.pdf
109836,51,[51],48,on_page,source-pdfs/dcps/ashfield/v1.1-2026-03-02/chapter-c-sustainability.pdf
109837,51,[51],48,on_page,source-pdfs/dcps/ashfield/v1.1-2026-03-02/chapter-c-sustainability.pdf
109838,51,[51],48,on_page,source-pdfs/dcps/ashfield/v1.1-2026-03-02/chapter-c-sustainability.pdf
109839,51,[51],48,on_page,source-pdfs/dcps/ashfield/v1.1-2026-03-02/chapter-c-sustainability.pdf
109840,51,[51],48,on_page,source-pdfs/dcps/ashfield/v1.1-2026-03-02/chapter-c-sustainability.pdf
109842,51,[51],48,on_page,source-pdfs/dcps/ashfield/v1.1-2026-03-02/chapter-c-sustainability.pdf
109843,52,[52],49,on_page,source-pdfs/dcps/ashfield/v1.1-2026-03-02/chapter-c-sustainability.pdf
109846,52,[52],49,on_page,source-pdfs/dcps/ashfield/v1.1-2026-03-02/chapter-c-sustainability.pdf
109849,53,[53],50,on_page,source-pdfs/dcps/ashfield/v1.1-2026-03-02/chapter-c-sustainability.pdf
109850,53,[53],50,on_page,source-pdfs/dcps/ashfield/v1.1-2026-03-02/chapter-c-sustainability.pdf
109851,53,[53],50,on_page,source-pdfs/dcps/ashfield/v1.1-2026-03-02/chapter-c-sustainability.pdf
109852,53,[53],50,on_page,source-pdfs/dcps/ashfield/v1.1-2026-03-02/chapter-c-sustainability.pdf
109854,53,[53],50,on_page,source-pdfs/dcps/ashfield/v1.1-2026-03-02/chapter-c-sustainability.pdf
109857,54,[54],51,on_page,source-pdfs/dcps/ashfield/v1.1-2026-03-02/chapter-c-sustainability.pdf
109859,54,[54],51,on_page,source-pdfs/dcps/ashfield/v1.1-2026-03-02/chapter-c-sustainability.pdf
109863,54,[54],51,on_page,source-pdfs/dcps/ashfield/v1.1-2026-03-02/chapter-c-sustainability.pdf
109866,54,[54],51,on_page,source-pdfs/dcps/ashfield/v1.1-2026-03-02/chapter-c-sustainability.pdf
109867,55,[55],52,on_page,source-pdfs/dcps/ashfield/v1.1-2026-03-02/chapter-c-sustainability.pdf
109870,55,[55],52,on_page,source-pdfs/dcps/ashfield/v1.1-2026-03-02/chapter-c-sustainability.pdf
109871,55,[55],52,on_page,source-pdfs/dcps/ashfield/v1.1-2026-03-02/chapter-c-sustainability.pdf
109872,55,[55],52,on_page,source-pdfs/dcps/ashfield/v1.1-2026-03-02/chapter-c-sustainability.pdf
109876,56,[56],53,on_page,source-pdfs/dcps/ashfield/v1.1-2026-03-02/chapter-c-sustainability.pdf
109877,56,[56],53,on_page,source-pdfs/dcps/ashfield/v1.1-2026-03-02/chapter-c-sustainability.pdf
109879,56,[56],53,on_page,source-pdfs/dcps/ashfield/v1.1-2026-03-02/chapter-c-sustainability.pdf
109880,56,[56],53,on_page,source-pdfs/dcps/ashfield/v1.1-2026-03-02/chapter-c-sustainability.pdf
109881,56,[56],53,on_page,source-pdfs/dcps/ashfield/v1.1-2026-03-02/chapter-c-sustainability.pdf
109882,56,[56],53,on_page,source-pdfs/dcps/ashfield/v1.1-2026-03-02/chapter-c-sustainability.pdf
109885,63,[63],60,on_page,source-pdfs/dcps/ashfield/v1.1-2026-03-02/chapter-c-sustainability.pdf
109886,63,[63],60,on_page,source-pdfs/dcps/ashfield/v1.1-2026-03-02/chapter-c-sustainability.pdf
109887,63,[63],60,on_page,source-pdfs/dcps/ashfield/v1.1-2026-03-02/chapter-c-sustainability.pdf
109888,63,[63],60,on_page,source-pdfs/dcps/ashfield/v1.1-2026-03-02/chapter-c-sustainability.pdf
109889,63,[63],60,on_page,source-pdfs/dcps/ashfield/v1.1-2026-03-02/chapter-c-sustainability.pdf
109890,63,[63],60,on_page,source-pdfs/dcps/ashfield/v1.1-2026-03-02/chapter-c-sustainability.pdf
109891,63,[63],60,on_page,source-pdfs/dcps/ashfield/v1.1-2026-03-02/chapter-c-sustainability.pdf
109893,63,[63],60,on_page,source-pdfs/dcps/ashfield/v1.1-2026-03-02/chapter-c-sustainability.pdf
109894,63,[63],60,on_page,source-pdfs/dcps/ashfield/v1.1-2026-03-02/chapter-c-sustainability.pdf
109895,63,[63],60,on_page,source-pdfs/dcps/ashfield/v1.1-2026-03-02/chapter-c-sustainability.pdf
109900,64,[64],61,on_page,source-pdfs/dcps/ashfield/v1.1-2026-03-02/chapter-c-sustainability.pdf
109901,65,[65],62,on_page,source-pdfs/dcps/ashfield/v1.1-2026-03-02/chapter-c-sustainability.pdf
109902,65,[65],62,on_page,source-pdfs/dcps/ashfield/v1.1-2026-03-02/chapter-c-sustainability.pdf
109905,65,[65],62,on_page,source-pdfs/dcps/ashfield/v1.1-2026-03-02/chapter-c-sustainability.pdf
109907,65,[65],62,on_page,source-pdfs/dcps/ashfield/v1.1-2026-03-02/chapter-c-sustainability.pdf
109908,65,[65],62,on_page,source-pdfs/dcps/ashfield/v1.1-2026-03-02/chapter-c-sustainability.pdf
109909,65,[65],62,on_page,source-pdfs/dcps/ashfield/v1.1-2026-03-02/chapter-c-sustainability.pdf
109910,65,[65],62,on_page,source-pdfs/dcps/ashfield/v1.1-2026-03-02/chapter-c-sustainability.pdf
109911,65,[65],62,on_page,source-pdfs/dcps/ashfield/v1.1-2026-03-02/chapter-c-sustainability.pdf
109914,65,[65],62,on_page,source-pdfs/dcps/ashfield/v1.1-2026-03-02/chapter-c-sustainability.pdf
109915,65,[65],62,on_page,source-pdfs/dcps/ashfield/v1.1-2026-03-02/chapter-c-sustainability.pdf
109917,86,[86],83,on_page,source-pdfs/dcps/ashfield/v1.1-2026-03-02/chapter-c-sustainability.pdf
109918,88,[88],85,on_page,source-pdfs/dcps/ashfield/v1.1-2026-03-02/chapter-c-sustainability.pdf
109921,88,[88],85,on_page,source-pdfs/dcps/ashfield/v1.1-2026-03-02/chapter-c-sustainability.pdf
109922,88,[88],85,on_page,source-pdfs/dcps/ashfield/v1.1-2026-03-02/chapter-c-sustainability.pdf
109923,89,[89],86,on_page,source-pdfs/dcps/ashfield/v1.1-2026-03-02/chapter-c-sustainability.pdf
109925,88,[88],85,on_page,source-pdfs/dcps/ashfield/v1.1-2026-03-02/chapter-c-sustainability.pdf
109926,88,[88],85,on_page,source-pdfs/dcps/ashfield/v1.1-2026-03-02/chapter-c-sustainability.pdf
109929,89,[89],86,on_page,source-pdfs/dcps/ashfield/v1.1-2026-03-02/chapter-c-sustainability.pdf
109878,56,[56],53,on_page,source-pdfs/dcps/ashfield/v1.1-2026-03-02/chapter-c-sustainability.pdf
109744,22,[22],19,on_page,source-pdfs/dcps/ashfield/v1.1-2026-03-02/chapter-c-sustainability.pdf
109750,26,[26],23,on_page,source-pdfs/dcps/ashfield/v1.1-2026-03-02/chapter-c-sustainability.pdf
109768,36,[36],33,on_page,source-pdfs/dcps/ashfield/v1.1-2026-03-02/chapter-c-sustainability.pdf
109861,54,[54],51,on_page,source-pdfs/dcps/ashfield/v1.1-2026-03-02/chapter-c-sustainability.pdf
109862,54,[54],51,on_page,source-pdfs/dcps/ashfield/v1.1-2026-03-02/chapter-c-sustainability.pdf
109868,55,[55],52,on_page,source-pdfs/dcps/ashfield/v1.1-2026-03-02/chapter-c-sustainability.pdf
109869,55,[55],52,on_page,source-pdfs/dcps/ashfield/v1.1-2026-03-02/chapter-c-sustainability.pdf
109735,20,[20],17,on_page,source-pdfs/dcps/ashfield/v1.1-2026-03-02/chapter-c-sustainability.pdf
109912,65,[65],62,on_page,source-pdfs/dcps/ashfield/v1.1-2026-03-02/chapter-c-sustainability.pdf
109709,11,[11],8,on_page,source-pdfs/dcps/ashfield/v1.1-2026-03-02/chapter-c-sustainability.pdf
109710,12,[12],9,on_page,source-pdfs/dcps/ashfield/v1.1-2026-03-02/chapter-c-sustainability.pdf
109715,16,[16],13,on_page,source-pdfs/dcps/ashfield/v1.1-2026-03-02/chapter-c-sustainability.pdf
109721,18,[18],15,on_page,source-pdfs/dcps/ashfield/v1.1-2026-03-02/chapter-c-sustainability.pdf
109770,35,[35],32,on_page,source-pdfs/dcps/ashfield/v1.1-2026-03-02/chapter-c-sustainability.pdf
109787,40,[40],37,on_page,source-pdfs/dcps/ashfield/v1.1-2026-03-02/chapter-c-sustainability.pdf
109794,42,[42],39,on_page,source-pdfs/dcps/ashfield/v1.1-2026-03-02/chapter-c-sustainability.pdf
109813,47,[47],44,on_page,source-pdfs/dcps/ashfield/v1.1-2026-03-02/chapter-c-sustainability.pdf
109816,48,[48],45,on_page,source-pdfs/dcps/ashfield/v1.1-2026-03-02/chapter-c-sustainability.pdf
109833,50,[50],47,on_page,source-pdfs/dcps/ashfield/v1.1-2026-03-02/chapter-c-sustainability.pdf
109841,51,[51],48,on_page,source-pdfs/dcps/ashfield/v1.1-2026-03-02/chapter-c-sustainability.pdf
109845,52,[52],49,on_page,source-pdfs/dcps/ashfield/v1.1-2026-03-02/chapter-c-sustainability.pdf
109883,63,[63],60,on_page,source-pdfs/dcps/ashfield/v1.1-2026-03-02/chapter-c-sustainability.pdf
109903,65,[65],62,on_page,source-pdfs/dcps/ashfield/v1.1-2026-03-02/chapter-c-sustainability.pdf
109685,5,[5],2,on_page,source-pdfs/dcps/ashfield/v1.1-2026-03-02/chapter-c-sustainability.pdf
109687,6,[6],3,on_page,source-pdfs/dcps/ashfield/v1.1-2026-03-02/chapter-c-sustainability.pdf
109688,6,[6],3,on_page,source-pdfs/dcps/ashfield/v1.1-2026-03-02/chapter-c-sustainability.pdf
109689,6,[6],3,on_page,source-pdfs/dcps/ashfield/v1.1-2026-03-02/chapter-c-sustainability.pdf
109706,8,[8],5,on_page,source-pdfs/dcps/ashfield/v1.1-2026-03-02/chapter-c-sustainability.pdf
109714,12,[12],9,on_page,source-pdfs/dcps/ashfield/v1.1-2026-03-02/chapter-c-sustainability.pdf
109716,16,[16],13,on_page,source-pdfs/dcps/ashfield/v1.1-2026-03-02/chapter-c-sustainability.pdf
109718,17,[17],14,on_page,source-pdfs/dcps/ashfield/v1.1-2026-03-02/chapter-c-sustainability.pdf
109719,17,[17],14,on_page,source-pdfs/dcps/ashfield/v1.1-2026-03-02/chapter-c-sustainability.pdf
109722,18,[18],15,on_page,source-pdfs/dcps/ashfield/v1.1-2026-03-02/chapter-c-sustainability.pdf
109723,18,[18],15,on_page,source-pdfs/dcps/ashfield/v1.1-2026-03-02/chapter-c-sustainability.pdf
109725,18,[18],15,on_page,source-pdfs/dcps/ashfield/v1.1-2026-03-02/chapter-c-sustainability.pdf
109727,18,[18],15,on_page,source-pdfs/dcps/ashfield/v1.1-2026-03-02/chapter-c-sustainability.pdf
109728,18,[18],15,on_page,source-pdfs/dcps/ashfield/v1.1-2026-03-02/chapter-c-sustainability.pdf
109730,19,[19],16,on_page,source-pdfs/dcps/ashfield/v1.1-2026-03-02/chapter-c-sustainability.pdf
109732,19,[19],16,on_page,source-pdfs/dcps/ashfield/v1.1-2026-03-02/chapter-c-sustainability.pdf
109733,19,[19],16,on_page,source-pdfs/dcps/ashfield/v1.1-2026-03-02/chapter-c-sustainability.pdf
109734,20,[20],17,on_page,source-pdfs/dcps/ashfield/v1.1-2026-03-02/chapter-c-sustainability.pdf
109740,21,[21],18,on_page,source-pdfs/dcps/ashfield/v1.1-2026-03-02/chapter-c-sustainability.pdf
109753,26,[26],23,on_page,source-pdfs/dcps/ashfield/v1.1-2026-03-02/chapter-c-sustainability.pdf
109764,35,[35],32,on_page,source-pdfs/dcps/ashfield/v1.1-2026-03-02/chapter-c-sustainability.pdf
109798,42,[42],39,on_page,source-pdfs/dcps/ashfield/v1.1-2026-03-02/chapter-c-sustainability.pdf
109817,48,[48],45,on_page,source-pdfs/dcps/ashfield/v1.1-2026-03-02/chapter-c-sustainability.pdf
109818,48,[48],45,on_page,source-pdfs/dcps/ashfield/v1.1-2026-03-02/chapter-c-sustainability.pdf
109826,50,[50],47,on_page,source-pdfs/dcps/ashfield/v1.1-2026-03-02/chapter-c-sustainability.pdf
109844,52,[52],49,on_page,source-pdfs/dcps/ashfield/v1.1-2026-03-02/chapter-c-sustainability.pdf
109916,79,[79],76,on_page,source-pdfs/dcps/ashfield/v1.1-2026-03-02/chapter-c-sustainability.pdf
109927,89,[89],86,on_page,source-pdfs/dcps/ashfield/v1.1-2026-03-02/chapter-c-sustainability.pdf
109848,53,[53],50,on_page,source-pdfs/dcps/ashfield/v1.1-2026-03-02/chapter-c-sustainability.pdf
109853,53,[53],50,on_page,source-pdfs/dcps/ashfield/v1.1-2026-03-02/chapter-c-sustainability.pdf
109856,54,[54],51,on_page,source-pdfs/dcps/ashfield/v1.1-2026-03-02/chapter-c-sustainability.pdf
109892,63,[63],60,on_page,source-pdfs/dcps/ashfield/v1.1-2026-03-02/chapter-c-sustainability.pdf
109897,64,[64],61,on_page,source-pdfs/dcps/ashfield/v1.1-2026-03-02/chapter-c-sustainability.pdf
81342,81,null,,,
81229,19,null,,,
81230,19,null,,,
81236,25,null,,,
81250,44,null,,,
81296,65,null,,,
81331,80,null,,,
81348,82,null,,,
81358,83,null,,,
81377,84,null,,,
81169,4,null,,,
81172,4,null,,,
81174,4,null,,,
81175,4,null,,,
81177,4,null,,,
81184,8,null,,,
81185,8,null,,,
81186,8,null,,,
81188,9,null,,,
81198,14,null,,,
81199,14,null,,,
81200,14,null,,,
81201,14,null,,,
81202,14,null,,,
81203,14,null,,,
81204,14,null,,,
81205,14,null,,,
81218,16,null,,,
81221,17,null,,,
81226,18,null,,,
81227,18,null,,,
81235,25,null,,,
81237,25,null,,,
81238,25,null,,,
81239,25,null,,,
81241,29,null,,,
81242,29,null,,,
81245,40,null,,,
81246,40,null,,,
81251,44,null,,,
81252,44,null,,,
81264,47,null,,,
81265,47,null,,,
81266,47,null,,,
81268,53,null,,,
81271,57,null,,,
81272,57,null,,,
81274,57,null,,,
81275,57,null,,,
81276,59,null,,,
81277,59,null,,,
81278,59,null,,,
81280,60,null,,,
81283,60,null,,,
81285,60,null,,,
81288,63,null,,,
81292,63,null,,,
81293,64,null,,,
81294,65,null,,,
81299,66,null,,,
81301,69,null,,,
81302,69,null,,,
81312,78,null,,,
81313,78,null,,,
81314,78,null,,,
81316,78,null,,,
81318,79,null,,,
81319,79,null,,,
81321,79,null,,,
81324,79,null,,,
81326,79,null,,,
81327,79,null,,,
81328,79,null,,,
81329,80,null,,,
81336,81,null,,,
81338,81,null,,,
81339,81,null,,,
81340,81,null,,,
81344,81,null,,,
81346,81,null,,,
81347,82,null,,,
81349,82,null,,,
81351,82,null,,,
81352,82,null,,,
81353,82,null,,,
81354,82,null,,,
81356,83,null,,,
81357,83,null,,,
81359,83,null,,,
81360,83,null,,,
81361,83,null,,,
81362,83,null,,,
81365,84,null,,,
81366,84,null,,,
81368,84,null,,,
81369,84,null,,,
81370,84,null,,,
81371,84,null,,,
81372,84,null,,,
81373,84,null,,,
81375,84,null,,,
81380,86,null,,,
109726,18,[18],15,on_page,source-pdfs/dcps/ashfield/v1.1-2026-03-02/chapter-c-sustainability.pdf
109790,41,[41],38,on_page,source-pdfs/dcps/ashfield/v1.1-2026-03-02/chapter-c-sustainability.pdf
109815,47,[47],44,on_page,source-pdfs/dcps/ashfield/v1.1-2026-03-02/chapter-c-sustainability.pdf
109847,52,[52],49,on_page,source-pdfs/dcps/ashfield/v1.1-2026-03-02/chapter-c-sustainability.pdf
109884,63,[63],60,on_page,source-pdfs/dcps/ashfield/v1.1-2026-03-02/chapter-c-sustainability.pdf
109729,19,[19],16,on_page,source-pdfs/dcps/ashfield/v1.1-2026-03-02/chapter-c-sustainability.pdf
109743,22,[22],19,on_page,source-pdfs/dcps/ashfield/v1.1-2026-03-02/chapter-c-sustainability.pdf
81166,4,null,,,
109724,18,[18],15,on_page,source-pdfs/dcps/ashfield/v1.1-2026-03-02/chapter-c-sustainability.pdf
109731,19,[19],16,on_page,source-pdfs/dcps/ashfield/v1.1-2026-03-02/chapter-c-sustainability.pdf
109745,13,[13],,unresolved,source-pdfs/dcps/ashfield/v1.1-2026-03-02/chapter-c-sustainability.pdf
109761,51,[51],48,on_page,source-pdfs/dcps/ashfield/v1.1-2026-03-02/chapter-c-sustainability.pdf
109776,37,[37],34,on_page,source-pdfs/dcps/ashfield/v1.1-2026-03-02/chapter-c-sustainability.pdf
109799,43,[43],40,on_page,source-pdfs/dcps/ashfield/v1.1-2026-03-02/chapter-c-sustainability.pdf
81262,47,null,,,
81168,4,null,,,
81376,84,null,,,
81363,83,null,,,
81170,4,null,,,
81173,4,null,,,
81187,9,null,,,
81206,14,null,,,
81320,79,null,,,
81355,83,null,,,
81171,4,null,,,
81333,81,null,,,
81176,4,null,,,
81298,66,null,,,
81273,57,null,,,
109738,20,[20],17,on_page,source-pdfs/dcps/ashfield/v1.1-2026-03-02/chapter-c-sustainability.pdf
109739,21,[21],18,on_page,source-pdfs/dcps/ashfield/v1.1-2026-03-02/chapter-c-sustainability.pdf
109742,22,[22],19,on_page,source-pdfs/dcps/ashfield/v1.1-2026-03-02/chapter-c-sustainability.pdf
109746,22,[22],19,on_page,source-pdfs/dcps/ashfield/v1.1-2026-03-02/chapter-c-sustainability.pdf
109748,26,[26],23,on_page,source-pdfs/dcps/ashfield/v1.1-2026-03-02/chapter-c-sustainability.pdf
109749,26,[26],23,on_page,source-pdfs/dcps/ashfield/v1.1-2026-03-02/chapter-c-sustainability.pdf
109754,28,[28],25,on_page,source-pdfs/dcps/ashfield/v1.1-2026-03-02/chapter-c-sustainability.pdf
109759,31,[31],28,on_page,source-pdfs/dcps/ashfield/v1.1-2026-03-02/chapter-c-sustainability.pdf
109775,37,[37],34,on_page,source-pdfs/dcps/ashfield/v1.1-2026-03-02/chapter-c-sustainability.pdf
109786,40,[40],37,on_page,source-pdfs/dcps/ashfield/v1.1-2026-03-02/chapter-c-sustainability.pdf
109820,48,[48],45,on_page,source-pdfs/dcps/ashfield/v1.1-2026-03-02/chapter-c-sustainability.pdf
109822,49,[49],46,on_page,source-pdfs/dcps/ashfield/v1.1-2026-03-02/chapter-c-sustainability.pdf
109832,50,[50],47,on_page,source-pdfs/dcps/ashfield/v1.1-2026-03-02/chapter-c-sustainability.pdf
109860,54,[54],51,on_page,source-pdfs/dcps/ashfield/v1.1-2026-03-02/chapter-c-sustainability.pdf
109865,54,[54],51,on_page,source-pdfs/dcps/ashfield/v1.1-2026-03-02/chapter-c-sustainability.pdf
109898,64,[64],61,on_page,source-pdfs/dcps/ashfield/v1.1-2026-03-02/chapter-c-sustainability.pdf
109904,65,[65],62,on_page,source-pdfs/dcps/ashfield/v1.1-2026-03-02/chapter-c-sustainability.pdf
109741,22,[22],19,on_page,source-pdfs/dcps/ashfield/v1.1-2026-03-02/chapter-c-sustainability.pdf
109858,54,[54],51,on_page,source-pdfs/dcps/ashfield/v1.1-2026-03-02/chapter-c-sustainability.pdf
109906,65,[65],62,on_page,source-pdfs/dcps/ashfield/v1.1-2026-03-02/chapter-c-sustainability.pdf
109913,65,[65],62,on_page,source-pdfs/dcps/ashfield/v1.1-2026-03-02/chapter-c-sustainability.pdf
109920,88,[88],85,on_page,source-pdfs/dcps/ashfield/v1.1-2026-03-02/chapter-c-sustainability.pdf
109751,26,[26],23,on_page,source-pdfs/dcps/ashfield/v1.1-2026-03-02/chapter-c-sustainability.pdf
109755,25,[25],,unresolved,source-pdfs/dcps/ashfield/v1.1-2026-03-02/chapter-c-sustainability.pdf
109756,28,[28],25,on_page,source-pdfs/dcps/ashfield/v1.1-2026-03-02/chapter-c-sustainability.pdf
109771,25,[25],,unresolved,source-pdfs/dcps/ashfield/v1.1-2026-03-02/chapter-c-sustainability.pdf
109777,37,[37],34,on_page,source-pdfs/dcps/ashfield/v1.1-2026-03-02/chapter-c-sustainability.pdf
109778,37,[37],34,on_page,source-pdfs/dcps/ashfield/v1.1-2026-03-02/chapter-c-sustainability.pdf
109779,37,[37],34,on_page,source-pdfs/dcps/ashfield/v1.1-2026-03-02/chapter-c-sustainability.pdf
109780,37,[37],34,on_page,source-pdfs/dcps/ashfield/v1.1-2026-03-02/chapter-c-sustainability.pdf
109782,37,[37],34,on_page,source-pdfs/dcps/ashfield/v1.1-2026-03-02/chapter-c-sustainability.pdf
109783,40,[40],37,on_page,source-pdfs/dcps/ashfield/v1.1-2026-03-02/chapter-c-sustainability.pdf
109792,42,[42],39,on_page,source-pdfs/dcps/ashfield/v1.1-2026-03-02/chapter-c-sustainability.pdf
109805,44,[44],41,on_page,source-pdfs/dcps/ashfield/v1.1-2026-03-02/chapter-c-sustainability.pdf
109811,47,[47],44,on_page,source-pdfs/dcps/ashfield/v1.1-2026-03-02/chapter-c-sustainability.pdf
109814,47,[47],44,on_page,source-pdfs/dcps/ashfield/v1.1-2026-03-02/chapter-c-sustainability.pdf
109821,49,[49],46,on_page,source-pdfs/dcps/ashfield/v1.1-2026-03-02/chapter-c-sustainability.pdf
109827,49,[49],46,on_page,source-pdfs/dcps/ashfield/v1.1-2026-03-02/chapter-c-sustainability.pdf
109829,49,[49],46,on_page,source-pdfs/dcps/ashfield/v1.1-2026-03-02/chapter-c-sustainability.pdf
109855,54,[54],51,on_page,source-pdfs/dcps/ashfield/v1.1-2026-03-02/chapter-c-sustainability.pdf
109873,49,[49],,unresolved,source-pdfs/dcps/ashfield/v1.1-2026-03-02/chapter-c-sustainability.pdf
109874,55,[55],52,on_page,source-pdfs/dcps/ashfield/v1.1-2026-03-02/chapter-c-sustainability.pdf
109875,56,[56],53,on_page,source-pdfs/dcps/ashfield/v1.1-2026-03-02/chapter-c-sustainability.pdf
109896,63,[63],60,on_page,source-pdfs/dcps/ashfield/v1.1-2026-03-02/chapter-c-sustainability.pdf
109924,89,[89],86,on_page,source-pdfs/dcps/ashfield/v1.1-2026-03-02/chapter-c-sustainability.pdf
109766,36,[36],33,on_page,source-pdfs/dcps/ashfield/v1.1-2026-03-02/chapter-c-sustainability.pdf
109712,12,[12],9,on_page,source-pdfs/dcps/ashfield/v1.1-2026-03-02/chapter-c-sustainability.pdf
109824,49,[49],46,on_page,source-pdfs/dcps/ashfield/v1.1-2026-03-02/chapter-c-sustainability.pdf
109711,12,[12],9,on_page,source-pdfs/dcps/ashfield/v1.1-2026-03-02/chapter-c-sustainability.pdf
109713,12,[12],9,on_page,source-pdfs/dcps/ashfield/v1.1-2026-03-02/chapter-c-sustainability.pdf
109717,16,[16],13,on_page,source-pdfs/dcps/ashfield/v1.1-2026-03-02/chapter-c-sustainability.pdf
109720,18,[18],15,on_page,source-pdfs/dcps/ashfield/v1.1-2026-03-02/chapter-c-sustainability.pdf
109736,13,[13],,unresolved,source-pdfs/dcps/ashfield/v1.1-2026-03-02/chapter-c-sustainability.pdf
109737,20,[20],17,on_page,source-pdfs/dcps/ashfield/v1.1-2026-03-02/chapter-c-sustainability.pdf
109781,37,[37],34,on_page,source-pdfs/dcps/ashfield/v1.1-2026-03-02/chapter-c-sustainability.pdf
109823,49,[49],46,on_page,source-pdfs/dcps/ashfield/v1.1-2026-03-02/chapter-c-sustainability.pdf
109825,49,[49],46,on_page,source-pdfs/dcps/ashfield/v1.1-2026-03-02/chapter-c-sustainability.pdf
109686,6,[6],3,on_page,source-pdfs/dcps/ashfield/v1.1-2026-03-02/chapter-c-sustainability.pdf
109747,25,[25],22,on_page,source-pdfs/dcps/ashfield/v1.1-2026-03-02/chapter-c-sustainability.pdf
109835,51,[51],48,on_page,source-pdfs/dcps/ashfield/v1.1-2026-03-02/chapter-c-sustainability.pdf
109864,54,[54],51,on_page,source-pdfs/dcps/ashfield/v1.1-2026-03-02/chapter-c-sustainability.pdf
109899,64,[64],61,on_page,source-pdfs/dcps/ashfield/v1.1-2026-03-02/chapter-c-sustainability.pdf
109762,34,[34],31,on_page,source-pdfs/dcps/ashfield/v1.1-2026-03-02/chapter-c-sustainability.pdf
109919,88,[88],85,on_page,source-pdfs/dcps/ashfield/v1.1-2026-03-02/chapter-c-sustainability.pdf
81322,79,null,,,
81323,79,null,,,
81334,81,null,,,
81378,84,null,,,
81282,60,null,,,
81281,60,null,,,
81300,69,null,,,
81367,84,null,,,
110742,10,[10],10,on_page,source-pdfs/dcps/ashfield/v1.1-2026-03-02/chapter-e2-haberfield.pdf
110775,14,[14],14,on_page,source-pdfs/dcps/ashfield/v1.1-2026-03-02/chapter-e2-haberfield.pdf
110772,14,[14],14,on_page,source-pdfs/dcps/ashfield/v1.1-2026-03-02/chapter-e2-haberfield.pdf
110791,17,[17],17,on_page,source-pdfs/dcps/ashfield/v1.1-2026-03-02/chapter-e2-haberfield.pdf
110704,3,[3],3,on_page,source-pdfs/dcps/ashfield/v1.1-2026-03-02/chapter-e2-haberfield.pdf
110705,3,[3],3,on_page,source-pdfs/dcps/ashfield/v1.1-2026-03-02/chapter-e2-haberfield.pdf
110707,3,[3],3,on_page,source-pdfs/dcps/ashfield/v1.1-2026-03-02/chapter-e2-haberfield.pdf
110708,5,[5],5,on_page,source-pdfs/dcps/ashfield/v1.1-2026-03-02/chapter-e2-haberfield.pdf
110709,5,[5],5,on_page,source-pdfs/dcps/ashfield/v1.1-2026-03-02/chapter-e2-haberfield.pdf
110713,6,[6],6,on_page,source-pdfs/dcps/ashfield/v1.1-2026-03-02/chapter-e2-haberfield.pdf
110715,7,[7],7,on_page,source-pdfs/dcps/ashfield/v1.1-2026-03-02/chapter-e2-haberfield.pdf
110718,7,[7],7,on_page,source-pdfs/dcps/ashfield/v1.1-2026-03-02/chapter-e2-haberfield.pdf
110719,7,[7],7,on_page,source-pdfs/dcps/ashfield/v1.1-2026-03-02/chapter-e2-haberfield.pdf
110723,7,[7],7,on_page,source-pdfs/dcps/ashfield/v1.1-2026-03-02/chapter-e2-haberfield.pdf
110724,7,[7],7,on_page,source-pdfs/dcps/ashfield/v1.1-2026-03-02/chapter-e2-haberfield.pdf
110725,8,[8],8,on_page,source-pdfs/dcps/ashfield/v1.1-2026-03-02/chapter-e2-haberfield.pdf
110726,8,[8],8,on_page,source-pdfs/dcps/ashfield/v1.1-2026-03-02/chapter-e2-haberfield.pdf
110728,8,[8],8,on_page,source-pdfs/dcps/ashfield/v1.1-2026-03-02/chapter-e2-haberfield.pdf
110736,10,[10],10,on_page,source-pdfs/dcps/ashfield/v1.1-2026-03-02/chapter-e2-haberfield.pdf
110739,10,[10],10,on_page,source-pdfs/dcps/ashfield/v1.1-2026-03-02/chapter-e2-haberfield.pdf
110740,10,[10],10,on_page,source-pdfs/dcps/ashfield/v1.1-2026-03-02/chapter-e2-haberfield.pdf
110745,10,[10],10,on_page,source-pdfs/dcps/ashfield/v1.1-2026-03-02/chapter-e2-haberfield.pdf
110746,11,[11],11,on_page,source-pdfs/dcps/ashfield/v1.1-2026-03-02/chapter-e2-haberfield.pdf
110749,11,[11],11,on_page,source-pdfs/dcps/ashfield/v1.1-2026-03-02/chapter-e2-haberfield.pdf
110751,11,[11],11,on_page,source-pdfs/dcps/ashfield/v1.1-2026-03-02/chapter-e2-haberfield.pdf
110752,12,[12],12,on_page,source-pdfs/dcps/ashfield/v1.1-2026-03-02/chapter-e2-haberfield.pdf
110753,12,[12],12,on_page,source-pdfs/dcps/ashfield/v1.1-2026-03-02/chapter-e2-haberfield.pdf
110754,12,[12],12,on_page,source-pdfs/dcps/ashfield/v1.1-2026-03-02/chapter-e2-haberfield.pdf
110755,12,[12],12,on_page,source-pdfs/dcps/ashfield/v1.1-2026-03-02/chapter-e2-haberfield.pdf
110756,12,[12],12,on_page,source-pdfs/dcps/ashfield/v1.1-2026-03-02/chapter-e2-haberfield.pdf
110757,12,[12],12,on_page,source-pdfs/dcps/ashfield/v1.1-2026-03-02/chapter-e2-haberfield.pdf
110758,12,[12],12,on_page,source-pdfs/dcps/ashfield/v1.1-2026-03-02/chapter-e2-haberfield.pdf
110769,14,[14],14,on_page,source-pdfs/dcps/ashfield/v1.1-2026-03-02/chapter-e2-haberfield.pdf
110774,14,[14],14,on_page,source-pdfs/dcps/ashfield/v1.1-2026-03-02/chapter-e2-haberfield.pdf
110777,15,[15],15,on_page,source-pdfs/dcps/ashfield/v1.1-2026-03-02/chapter-e2-haberfield.pdf
110778,15,[15],15,on_page,source-pdfs/dcps/ashfield/v1.1-2026-03-02/chapter-e2-haberfield.pdf
110779,15,[15],15,on_page,source-pdfs/dcps/ashfield/v1.1-2026-03-02/chapter-e2-haberfield.pdf
110780,15,[15],15,on_page,source-pdfs/dcps/ashfield/v1.1-2026-03-02/chapter-e2-haberfield.pdf
110782,15,[15],15,on_page,source-pdfs/dcps/ashfield/v1.1-2026-03-02/chapter-e2-haberfield.pdf
110783,15,[15],15,on_page,source-pdfs/dcps/ashfield/v1.1-2026-03-02/chapter-e2-haberfield.pdf
110784,15,[15],15,on_page,source-pdfs/dcps/ashfield/v1.1-2026-03-02/chapter-e2-haberfield.pdf
110785,15,[15],15,on_page,source-pdfs/dcps/ashfield/v1.1-2026-03-02/chapter-e2-haberfield.pdf
110786,16,[16],16,on_page,source-pdfs/dcps/ashfield/v1.1-2026-03-02/chapter-e2-haberfield.pdf
110787,16,[16],16,on_page,source-pdfs/dcps/ashfield/v1.1-2026-03-02/chapter-e2-haberfield.pdf
110788,16,[16],16,on_page,source-pdfs/dcps/ashfield/v1.1-2026-03-02/chapter-e2-haberfield.pdf
110789,16,[16],16,on_page,source-pdfs/dcps/ashfield/v1.1-2026-03-02/chapter-e2-haberfield.pdf
110790,16,[16],16,on_page,source-pdfs/dcps/ashfield/v1.1-2026-03-02/chapter-e2-haberfield.pdf
110801,18,[18],18,on_page,source-pdfs/dcps/ashfield/v1.1-2026-03-02/chapter-e2-haberfield.pdf
110802,18,[18],18,on_page,source-pdfs/dcps/ashfield/v1.1-2026-03-02/chapter-e2-haberfield.pdf
110803,19,[19],19,on_page,source-pdfs/dcps/ashfield/v1.1-2026-03-02/chapter-e2-haberfield.pdf
110804,19,[19],19,on_page,source-pdfs/dcps/ashfield/v1.1-2026-03-02/chapter-e2-haberfield.pdf
110805,20,[20],20,on_page,source-pdfs/dcps/ashfield/v1.1-2026-03-02/chapter-e2-haberfield.pdf
110806,20,[20],20,on_page,source-pdfs/dcps/ashfield/v1.1-2026-03-02/chapter-e2-haberfield.pdf
110807,20,[20],20,on_page,source-pdfs/dcps/ashfield/v1.1-2026-03-02/chapter-e2-haberfield.pdf
110809,20,[20],20,on_page,source-pdfs/dcps/ashfield/v1.1-2026-03-02/chapter-e2-haberfield.pdf
110810,20,[20],20,on_page,source-pdfs/dcps/ashfield/v1.1-2026-03-02/chapter-e2-haberfield.pdf
110811,20,[20],20,on_page,source-pdfs/dcps/ashfield/v1.1-2026-03-02/chapter-e2-haberfield.pdf
110815,21,[21],21,on_page,source-pdfs/dcps/ashfield/v1.1-2026-03-02/chapter-e2-haberfield.pdf
110818,21,[21],21,on_page,source-pdfs/dcps/ashfield/v1.1-2026-03-02/chapter-e2-haberfield.pdf
110820,21,[21],21,on_page,source-pdfs/dcps/ashfield/v1.1-2026-03-02/chapter-e2-haberfield.pdf
110716,7,[7],7,on_page,source-pdfs/dcps/ashfield/v1.1-2026-03-02/chapter-e2-haberfield.pdf
110729,8,[8],8,on_page,source-pdfs/dcps/ashfield/v1.1-2026-03-02/chapter-e2-haberfield.pdf
110733,9,[9],9,on_page,source-pdfs/dcps/ashfield/v1.1-2026-03-02/chapter-e2-haberfield.pdf
110771,14,[14],14,on_page,source-pdfs/dcps/ashfield/v1.1-2026-03-02/chapter-e2-haberfield.pdf
110712,6,[6],6,on_page,source-pdfs/dcps/ashfield/v1.1-2026-03-02/chapter-e2-haberfield.pdf
110714,7,[7],7,on_page,source-pdfs/dcps/ashfield/v1.1-2026-03-02/chapter-e2-haberfield.pdf
110738,10,[10],10,on_page,source-pdfs/dcps/ashfield/v1.1-2026-03-02/chapter-e2-haberfield.pdf
110741,10,[10],10,on_page,source-pdfs/dcps/ashfield/v1.1-2026-03-02/chapter-e2-haberfield.pdf
110717,7,[7],7,on_page,source-pdfs/dcps/ashfield/v1.1-2026-03-02/chapter-e2-haberfield.pdf
110773,14,[14],14,on_page,source-pdfs/dcps/ashfield/v1.1-2026-03-02/chapter-e2-haberfield.pdf
110795,17,[17],17,on_page,source-pdfs/dcps/ashfield/v1.1-2026-03-02/chapter-e2-haberfield.pdf
110796,17,[17],17,on_page,source-pdfs/dcps/ashfield/v1.1-2026-03-02/chapter-e2-haberfield.pdf
110797,17,[17],17,on_page,source-pdfs/dcps/ashfield/v1.1-2026-03-02/chapter-e2-haberfield.pdf
110817,21,[21],21,on_page,source-pdfs/dcps/ashfield/v1.1-2026-03-02/chapter-e2-haberfield.pdf
110819,21,[21],21,on_page,source-pdfs/dcps/ashfield/v1.1-2026-03-02/chapter-e2-haberfield.pdf
110748,11,[11],11,on_page,source-pdfs/dcps/ashfield/v1.1-2026-03-02/chapter-e2-haberfield.pdf
110750,11,[11],11,on_page,source-pdfs/dcps/ashfield/v1.1-2026-03-02/chapter-e2-haberfield.pdf
110792,17,[17],17,on_page,source-pdfs/dcps/ashfield/v1.1-2026-03-02/chapter-e2-haberfield.pdf
110794,17,[17],17,on_page,source-pdfs/dcps/ashfield/v1.1-2026-03-02/chapter-e2-haberfield.pdf
110798,17,[17],17,on_page,source-pdfs/dcps/ashfield/v1.1-2026-03-02/chapter-e2-haberfield.pdf
110732,9,[9],9,on_page,source-pdfs/dcps/ashfield/v1.1-2026-03-02/chapter-e2-haberfield.pdf
110737,10,[10],10,on_page,source-pdfs/dcps/ashfield/v1.1-2026-03-02/chapter-e2-haberfield.pdf
110730,9,[9],9,on_page,source-pdfs/dcps/ashfield/v1.1-2026-03-02/chapter-e2-haberfield.pdf
110731,9,[9],9,on_page,source-pdfs/dcps/ashfield/v1.1-2026-03-02/chapter-e2-haberfield.pdf
110743,10,[10],10,on_page,source-pdfs/dcps/ashfield/v1.1-2026-03-02/chapter-e2-haberfield.pdf
110744,10,[10],10,on_page,source-pdfs/dcps/ashfield/v1.1-2026-03-02/chapter-e2-haberfield.pdf
110761,13,[13],13,on_page,source-pdfs/dcps/ashfield/v1.1-2026-03-02/chapter-e2-haberfield.pdf
110706,3,[3],3,on_page,source-pdfs/dcps/ashfield/v1.1-2026-03-02/chapter-e2-haberfield.pdf
110720,7,[7],7,on_page,source-pdfs/dcps/ashfield/v1.1-2026-03-02/chapter-e2-haberfield.pdf
110759,13,[13],13,on_page,source-pdfs/dcps/ashfield/v1.1-2026-03-02/chapter-e2-haberfield.pdf
110765,13,[13],13,on_page,source-pdfs/dcps/ashfield/v1.1-2026-03-02/chapter-e2-haberfield.pdf
110747,11,[11],11,on_page,source-pdfs/dcps/ashfield/v1.1-2026-03-02/chapter-e2-haberfield.pdf
110760,13,[13],13,on_page,source-pdfs/dcps/ashfield/v1.1-2026-03-02/chapter-e2-haberfield.pdf
110762,13,[13],13,on_page,source-pdfs/dcps/ashfield/v1.1-2026-03-02/chapter-e2-haberfield.pdf
110763,13,[13],13,on_page,source-pdfs/dcps/ashfield/v1.1-2026-03-02/chapter-e2-haberfield.pdf
110764,13,[13],13,on_page,source-pdfs/dcps/ashfield/v1.1-2026-03-02/chapter-e2-haberfield.pdf
110768,14,[14],14,on_page,source-pdfs/dcps/ashfield/v1.1-2026-03-02/chapter-e2-haberfield.pdf
110770,14,[14],14,on_page,source-pdfs/dcps/ashfield/v1.1-2026-03-02/chapter-e2-haberfield.pdf
110776,14,[14],14,on_page,source-pdfs/dcps/ashfield/v1.1-2026-03-02/chapter-e2-haberfield.pdf
110793,17,[17],17,on_page,source-pdfs/dcps/ashfield/v1.1-2026-03-02/chapter-e2-haberfield.pdf
110800,18,[18],18,on_page,source-pdfs/dcps/ashfield/v1.1-2026-03-02/chapter-e2-haberfield.pdf
110808,20,[20],20,on_page,source-pdfs/dcps/ashfield/v1.1-2026-03-02/chapter-e2-haberfield.pdf
110812,21,[21],21,on_page,source-pdfs/dcps/ashfield/v1.1-2026-03-02/chapter-e2-haberfield.pdf
110721,7,[7],7,on_page,source-pdfs/dcps/ashfield/v1.1-2026-03-02/chapter-e2-haberfield.pdf
110781,15,[15],15,on_page,source-pdfs/dcps/ashfield/v1.1-2026-03-02/chapter-e2-haberfield.pdf
110766,13,[13],13,on_page,source-pdfs/dcps/ashfield/v1.1-2026-03-02/chapter-e2-haberfield.pdf
110711,5,[5],5,on_page,source-pdfs/dcps/ashfield/v1.1-2026-03-02/chapter-e2-haberfield.pdf
110816,21,[21],21,on_page,source-pdfs/dcps/ashfield/v1.1-2026-03-02/chapter-e2-haberfield.pdf
110710,5,[5],5,on_page,source-pdfs/dcps/ashfield/v1.1-2026-03-02/chapter-e2-haberfield.pdf
110722,7,[7],7,on_page,source-pdfs/dcps/ashfield/v1.1-2026-03-02/chapter-e2-haberfield.pdf
110727,8,[8],8,on_page,source-pdfs/dcps/ashfield/v1.1-2026-03-02/chapter-e2-haberfield.pdf
110821,22,[22],22,on_page,source-pdfs/dcps/ashfield/v1.1-2026-03-02/chapter-e2-haberfield.pdf
110702,3,[3],3,on_page,source-pdfs/dcps/ashfield/v1.1-2026-03-02/chapter-e2-haberfield.pdf
110734,9,[9],9,on_page,source-pdfs/dcps/ashfield/v1.1-2026-03-02/chapter-e2-haberfield.pdf
110767,13,[13],13,on_page,source-pdfs/dcps/ashfield/v1.1-2026-03-02/chapter-e2-haberfield.pdf
110703,3,[3],3,on_page,source-pdfs/dcps/ashfield/v1.1-2026-03-02/chapter-e2-haberfield.pdf
110799,18,[18],18,on_page,source-pdfs/dcps/ashfield/v1.1-2026-03-02/chapter-e2-haberfield.pdf
110735,10,[10],10,on_page,source-pdfs/dcps/ashfield/v1.1-2026-03-02/chapter-e2-haberfield.pdf
109309,20,[20],16,on_page,source-pdfs/dcps/ashfield/v1.1-2026-03-02/chapter-a-miscellaneous.pdf
109377,40,[40],36,on_page,source-pdfs/dcps/ashfield/v1.1-2026-03-02/chapter-a-miscellaneous.pdf
109484,60,[60],56,on_page,source-pdfs/dcps/ashfield/v1.1-2026-03-02/chapter-a-miscellaneous.pdf
109538,100,[100],96,on_page,source-pdfs/dcps/ashfield/v1.1-2026-03-02/chapter-a-miscellaneous.pdf
109603,119,[119],115,on_page,source-pdfs/dcps/ashfield/v1.1-2026-03-02/chapter-a-miscellaneous.pdf
109424,47,[47],43,on_page,source-pdfs/dcps/ashfield/v1.1-2026-03-02/chapter-a-miscellaneous.pdf
109435,48,[48],44,on_page,source-pdfs/dcps/ashfield/v1.1-2026-03-02/chapter-a-miscellaneous.pdf
109613,125,[125],121,on_page,source-pdfs/dcps/ashfield/v1.1-2026-03-02/chapter-a-miscellaneous.pdf
109263,10,[10],6,on_page,source-pdfs/dcps/ashfield/v1.1-2026-03-02/chapter-a-miscellaneous.pdf
109264,10,[10],6,on_page,source-pdfs/dcps/ashfield/v1.1-2026-03-02/chapter-a-miscellaneous.pdf
109268,11,[11],7,on_page,source-pdfs/dcps/ashfield/v1.1-2026-03-02/chapter-a-miscellaneous.pdf
109270,11,[11],7,on_page,source-pdfs/dcps/ashfield/v1.1-2026-03-02/chapter-a-miscellaneous.pdf
109272,11,[11],7,on_page,source-pdfs/dcps/ashfield/v1.1-2026-03-02/chapter-a-miscellaneous.pdf
109281,14,[14],10,on_page,source-pdfs/dcps/ashfield/v1.1-2026-03-02/chapter-a-miscellaneous.pdf
109283,15,[15],11,on_page,source-pdfs/dcps/ashfield/v1.1-2026-03-02/chapter-a-miscellaneous.pdf
109285,16,[16],12,on_page,source-pdfs/dcps/ashfield/v1.1-2026-03-02/chapter-a-miscellaneous.pdf
109287,16,[16],12,on_page,source-pdfs/dcps/ashfield/v1.1-2026-03-02/chapter-a-miscellaneous.pdf
109289,17,[17],13,on_page,source-pdfs/dcps/ashfield/v1.1-2026-03-02/chapter-a-miscellaneous.pdf
109293,17,[17],13,on_page,source-pdfs/dcps/ashfield/v1.1-2026-03-02/chapter-a-miscellaneous.pdf
80944,22,null,,,
81069,83,null,,,
81071,83,null,,,
81073,83,null,,,
81091,91,null,,,
109298,18,[18],14,on_page,source-pdfs/dcps/ashfield/v1.1-2026-03-02/chapter-a-miscellaneous.pdf
109300,18,[18],14,on_page,source-pdfs/dcps/ashfield/v1.1-2026-03-02/chapter-a-miscellaneous.pdf
109301,18,[18],14,on_page,source-pdfs/dcps/ashfield/v1.1-2026-03-02/chapter-a-miscellaneous.pdf
109304,19,[19],15,on_page,source-pdfs/dcps/ashfield/v1.1-2026-03-02/chapter-a-miscellaneous.pdf
109305,19,[19],15,on_page,source-pdfs/dcps/ashfield/v1.1-2026-03-02/chapter-a-miscellaneous.pdf
109307,19,[19],15,on_page,source-pdfs/dcps/ashfield/v1.1-2026-03-02/chapter-a-miscellaneous.pdf
109308,20,[20],16,on_page,source-pdfs/dcps/ashfield/v1.1-2026-03-02/chapter-a-miscellaneous.pdf
109316,28,[28],24,on_page,source-pdfs/dcps/ashfield/v1.1-2026-03-02/chapter-a-miscellaneous.pdf
109317,28,[28],24,on_page,source-pdfs/dcps/ashfield/v1.1-2026-03-02/chapter-a-miscellaneous.pdf
109319,28,[28],24,on_page,source-pdfs/dcps/ashfield/v1.1-2026-03-02/chapter-a-miscellaneous.pdf
109323,29,[29],25,on_page,source-pdfs/dcps/ashfield/v1.1-2026-03-02/chapter-a-miscellaneous.pdf
109327,29,[29],25,on_page,source-pdfs/dcps/ashfield/v1.1-2026-03-02/chapter-a-miscellaneous.pdf
109329,29,[29],25,on_page,source-pdfs/dcps/ashfield/v1.1-2026-03-02/chapter-a-miscellaneous.pdf
109332,29,[29],25,on_page,source-pdfs/dcps/ashfield/v1.1-2026-03-02/chapter-a-miscellaneous.pdf
109333,29,[29],25,on_page,source-pdfs/dcps/ashfield/v1.1-2026-03-02/chapter-a-miscellaneous.pdf
109334,28,[28],24,on_page,source-pdfs/dcps/ashfield/v1.1-2026-03-02/chapter-a-miscellaneous.pdf
109335,29,[29],25,on_page,source-pdfs/dcps/ashfield/v1.1-2026-03-02/chapter-a-miscellaneous.pdf
109336,29,[29],25,on_page,source-pdfs/dcps/ashfield/v1.1-2026-03-02/chapter-a-miscellaneous.pdf
109337,29,[29],25,on_page,source-pdfs/dcps/ashfield/v1.1-2026-03-02/chapter-a-miscellaneous.pdf
109339,29,[29],25,on_page,source-pdfs/dcps/ashfield/v1.1-2026-03-02/chapter-a-miscellaneous.pdf
109341,32,[32],28,on_page,source-pdfs/dcps/ashfield/v1.1-2026-03-02/chapter-a-miscellaneous.pdf
109344,33,[33],29,on_page,source-pdfs/dcps/ashfield/v1.1-2026-03-02/chapter-a-miscellaneous.pdf
109349,33,[33],29,on_page,source-pdfs/dcps/ashfield/v1.1-2026-03-02/chapter-a-miscellaneous.pdf
109351,33,[33],29,on_page,source-pdfs/dcps/ashfield/v1.1-2026-03-02/chapter-a-miscellaneous.pdf
109355,35,[35],31,on_page,source-pdfs/dcps/ashfield/v1.1-2026-03-02/chapter-a-miscellaneous.pdf
109361,36,[36],32,on_page,source-pdfs/dcps/ashfield/v1.1-2026-03-02/chapter-a-miscellaneous.pdf
109367,38,[38],34,on_page,source-pdfs/dcps/ashfield/v1.1-2026-03-02/chapter-a-miscellaneous.pdf
109368,39,[39],35,on_page,source-pdfs/dcps/ashfield/v1.1-2026-03-02/chapter-a-miscellaneous.pdf
109369,39,[39],35,on_page,source-pdfs/dcps/ashfield/v1.1-2026-03-02/chapter-a-miscellaneous.pdf
109370,39,[39],35,on_page,source-pdfs/dcps/ashfield/v1.1-2026-03-02/chapter-a-miscellaneous.pdf
109372,39,[39],35,on_page,source-pdfs/dcps/ashfield/v1.1-2026-03-02/chapter-a-miscellaneous.pdf
109373,40,[40],36,on_page,source-pdfs/dcps/ashfield/v1.1-2026-03-02/chapter-a-miscellaneous.pdf
109374,40,[40],36,on_page,source-pdfs/dcps/ashfield/v1.1-2026-03-02/chapter-a-miscellaneous.pdf
109376,40,[40],36,on_page,source-pdfs/dcps/ashfield/v1.1-2026-03-02/chapter-a-miscellaneous.pdf
109379,41,[41],37,on_page,source-pdfs/dcps/ashfield/v1.1-2026-03-02/chapter-a-miscellaneous.pdf
109381,41,[41],37,on_page,source-pdfs/dcps/ashfield/v1.1-2026-03-02/chapter-a-miscellaneous.pdf
109384,41,[41],37,on_page,source-pdfs/dcps/ashfield/v1.1-2026-03-02/chapter-a-miscellaneous.pdf
109388,41,[41],37,on_page,source-pdfs/dcps/ashfield/v1.1-2026-03-02/chapter-a-miscellaneous.pdf
109389,41,[41],37,on_page,source-pdfs/dcps/ashfield/v1.1-2026-03-02/chapter-a-miscellaneous.pdf
109395,42,[42],38,on_page,source-pdfs/dcps/ashfield/v1.1-2026-03-02/chapter-a-miscellaneous.pdf
109396,42,[42],38,on_page,source-pdfs/dcps/ashfield/v1.1-2026-03-02/chapter-a-miscellaneous.pdf
109400,42,[42],38,on_page,source-pdfs/dcps/ashfield/v1.1-2026-03-02/chapter-a-miscellaneous.pdf
109403,42,[42],38,on_page,source-pdfs/dcps/ashfield/v1.1-2026-03-02/chapter-a-miscellaneous.pdf
109404,43,[43],39,on_page,source-pdfs/dcps/ashfield/v1.1-2026-03-02/chapter-a-miscellaneous.pdf
109407,43,[43],39,on_page,source-pdfs/dcps/ashfield/v1.1-2026-03-02/chapter-a-miscellaneous.pdf
109409,46,[46],42,on_page,source-pdfs/dcps/ashfield/v1.1-2026-03-02/chapter-a-miscellaneous.pdf
109410,46,[46],42,on_page,source-pdfs/dcps/ashfield/v1.1-2026-03-02/chapter-a-miscellaneous.pdf
109412,46,[46],42,on_page,source-pdfs/dcps/ashfield/v1.1-2026-03-02/chapter-a-miscellaneous.pdf
109413,46,[46],42,on_page,source-pdfs/dcps/ashfield/v1.1-2026-03-02/chapter-a-miscellaneous.pdf
109415,46,[46],42,on_page,source-pdfs/dcps/ashfield/v1.1-2026-03-02/chapter-a-miscellaneous.pdf
109421,47,[47],43,on_page,source-pdfs/dcps/ashfield/v1.1-2026-03-02/chapter-a-miscellaneous.pdf
109425,47,[47],43,on_page,source-pdfs/dcps/ashfield/v1.1-2026-03-02/chapter-a-miscellaneous.pdf
109427,47,[47],43,on_page,source-pdfs/dcps/ashfield/v1.1-2026-03-02/chapter-a-miscellaneous.pdf
109429,48,[48],44,on_page,source-pdfs/dcps/ashfield/v1.1-2026-03-02/chapter-a-miscellaneous.pdf
109432,48,[48],44,on_page,source-pdfs/dcps/ashfield/v1.1-2026-03-02/chapter-a-miscellaneous.pdf
109433,48,[48],44,on_page,source-pdfs/dcps/ashfield/v1.1-2026-03-02/chapter-a-miscellaneous.pdf
109434,48,[48],44,on_page,source-pdfs/dcps/ashfield/v1.1-2026-03-02/chapter-a-miscellaneous.pdf
109436,48,[48],44,on_page,source-pdfs/dcps/ashfield/v1.1-2026-03-02/chapter-a-miscellaneous.pdf
109439,54,[54],50,on_page,source-pdfs/dcps/ashfield/v1.1-2026-03-02/chapter-a-miscellaneous.pdf
109440,54,[54],50,on_page,source-pdfs/dcps/ashfield/v1.1-2026-03-02/chapter-a-miscellaneous.pdf
109441,54,[54],50,on_page,source-pdfs/dcps/ashfield/v1.1-2026-03-02/chapter-a-miscellaneous.pdf
109442,54,[54],50,on_page,source-pdfs/dcps/ashfield/v1.1-2026-03-02/chapter-a-miscellaneous.pdf
109443,54,[54],50,on_page,source-pdfs/dcps/ashfield/v1.1-2026-03-02/chapter-a-miscellaneous.pdf
109446,54,[54],50,on_page,source-pdfs/dcps/ashfield/v1.1-2026-03-02/chapter-a-miscellaneous.pdf
109447,54,[54],50,on_page,source-pdfs/dcps/ashfield/v1.1-2026-03-02/chapter-a-miscellaneous.pdf
109452,54,[54],50,on_page,source-pdfs/dcps/ashfield/v1.1-2026-03-02/chapter-a-miscellaneous.pdf
109453,54,[54],50,on_page,source-pdfs/dcps/ashfield/v1.1-2026-03-02/chapter-a-miscellaneous.pdf
109454,55,[55],51,on_page,source-pdfs/dcps/ashfield/v1.1-2026-03-02/chapter-a-miscellaneous.pdf
109459,55,[55],51,on_page,source-pdfs/dcps/ashfield/v1.1-2026-03-02/chapter-a-miscellaneous.pdf
109465,56,[56],52,on_page,source-pdfs/dcps/ashfield/v1.1-2026-03-02/chapter-a-miscellaneous.pdf
109468,56,[56],52,on_page,source-pdfs/dcps/ashfield/v1.1-2026-03-02/chapter-a-miscellaneous.pdf
109469,56,[56],52,on_page,source-pdfs/dcps/ashfield/v1.1-2026-03-02/chapter-a-miscellaneous.pdf
109473,57,[57],53,on_page,source-pdfs/dcps/ashfield/v1.1-2026-03-02/chapter-a-miscellaneous.pdf
109475,58,[58],54,on_page,source-pdfs/dcps/ashfield/v1.1-2026-03-02/chapter-a-miscellaneous.pdf
109478,58,[58],54,on_page,source-pdfs/dcps/ashfield/v1.1-2026-03-02/chapter-a-miscellaneous.pdf
109483,60,[60],56,on_page,source-pdfs/dcps/ashfield/v1.1-2026-03-02/chapter-a-miscellaneous.pdf
109489,69,[69],65,on_page,source-pdfs/dcps/ashfield/v1.1-2026-03-02/chapter-a-miscellaneous.pdf
109493,71,[71],67,on_page,source-pdfs/dcps/ashfield/v1.1-2026-03-02/chapter-a-miscellaneous.pdf
109497,74,[74],70,on_page,source-pdfs/dcps/ashfield/v1.1-2026-03-02/chapter-a-miscellaneous.pdf
109499,74,[74],70,on_page,source-pdfs/dcps/ashfield/v1.1-2026-03-02/chapter-a-miscellaneous.pdf
109500,74,[74],70,on_page,source-pdfs/dcps/ashfield/v1.1-2026-03-02/chapter-a-miscellaneous.pdf
109501,74,[74],70,on_page,source-pdfs/dcps/ashfield/v1.1-2026-03-02/chapter-a-miscellaneous.pdf
109503,86,[86],82,on_page,source-pdfs/dcps/ashfield/v1.1-2026-03-02/chapter-a-miscellaneous.pdf
109507,86,[86],82,on_page,source-pdfs/dcps/ashfield/v1.1-2026-03-02/chapter-a-miscellaneous.pdf
109508,86,[86],82,on_page,source-pdfs/dcps/ashfield/v1.1-2026-03-02/chapter-a-miscellaneous.pdf
109511,87,[87],83,on_page,source-pdfs/dcps/ashfield/v1.1-2026-03-02/chapter-a-miscellaneous.pdf
109512,87,[87],83,on_page,source-pdfs/dcps/ashfield/v1.1-2026-03-02/chapter-a-miscellaneous.pdf
109514,92,[92],88,on_page,source-pdfs/dcps/ashfield/v1.1-2026-03-02/chapter-a-miscellaneous.pdf
109516,92,[92],88,on_page,source-pdfs/dcps/ashfield/v1.1-2026-03-02/chapter-a-miscellaneous.pdf
109517,92,[92],88,on_page,source-pdfs/dcps/ashfield/v1.1-2026-03-02/chapter-a-miscellaneous.pdf
109519,92,[92],88,on_page,source-pdfs/dcps/ashfield/v1.1-2026-03-02/chapter-a-miscellaneous.pdf
109521,92,[92],88,on_page,source-pdfs/dcps/ashfield/v1.1-2026-03-02/chapter-a-miscellaneous.pdf
109524,92,[92],88,on_page,source-pdfs/dcps/ashfield/v1.1-2026-03-02/chapter-a-miscellaneous.pdf
109525,92,[92],88,on_page,source-pdfs/dcps/ashfield/v1.1-2026-03-02/chapter-a-miscellaneous.pdf
109526,93,[93],89,on_page,source-pdfs/dcps/ashfield/v1.1-2026-03-02/chapter-a-miscellaneous.pdf
109527,93,[93],89,on_page,source-pdfs/dcps/ashfield/v1.1-2026-03-02/chapter-a-miscellaneous.pdf
109529,93,[93],89,on_page,source-pdfs/dcps/ashfield/v1.1-2026-03-02/chapter-a-miscellaneous.pdf
109530,93,[93],89,on_page,source-pdfs/dcps/ashfield/v1.1-2026-03-02/chapter-a-miscellaneous.pdf
109533,96,[96],92,on_page,source-pdfs/dcps/ashfield/v1.1-2026-03-02/chapter-a-miscellaneous.pdf
109535,100,[100],96,on_page,source-pdfs/dcps/ashfield/v1.1-2026-03-02/chapter-a-miscellaneous.pdf
109539,100,[100],96,on_page,source-pdfs/dcps/ashfield/v1.1-2026-03-02/chapter-a-miscellaneous.pdf
109541,101,[101],97,on_page,source-pdfs/dcps/ashfield/v1.1-2026-03-02/chapter-a-miscellaneous.pdf
109543,101,[101],97,on_page,source-pdfs/dcps/ashfield/v1.1-2026-03-02/chapter-a-miscellaneous.pdf
109544,101,[101],97,on_page,source-pdfs/dcps/ashfield/v1.1-2026-03-02/chapter-a-miscellaneous.pdf
109546,101,[101],97,on_page,source-pdfs/dcps/ashfield/v1.1-2026-03-02/chapter-a-miscellaneous.pdf
109547,102,[102],98,on_page,source-pdfs/dcps/ashfield/v1.1-2026-03-02/chapter-a-miscellaneous.pdf
109548,102,[102],98,on_page,source-pdfs/dcps/ashfield/v1.1-2026-03-02/chapter-a-miscellaneous.pdf
109549,102,[102],98,on_page,source-pdfs/dcps/ashfield/v1.1-2026-03-02/chapter-a-miscellaneous.pdf
109550,102,[102],98,on_page,source-pdfs/dcps/ashfield/v1.1-2026-03-02/chapter-a-miscellaneous.pdf
109551,102,[102],98,on_page,source-pdfs/dcps/ashfield/v1.1-2026-03-02/chapter-a-miscellaneous.pdf
109555,103,[103],99,on_page,source-pdfs/dcps/ashfield/v1.1-2026-03-02/chapter-a-miscellaneous.pdf
109557,107,[107],103,on_page,source-pdfs/dcps/ashfield/v1.1-2026-03-02/chapter-a-miscellaneous.pdf
109558,107,[107],103,on_page,source-pdfs/dcps/ashfield/v1.1-2026-03-02/chapter-a-miscellaneous.pdf
109559,107,[107],103,on_page,source-pdfs/dcps/ashfield/v1.1-2026-03-02/chapter-a-miscellaneous.pdf
109560,107,[107],103,on_page,source-pdfs/dcps/ashfield/v1.1-2026-03-02/chapter-a-miscellaneous.pdf
109578,113,[113],109,on_page,source-pdfs/dcps/ashfield/v1.1-2026-03-02/chapter-a-miscellaneous.pdf
109581,113,[113],109,on_page,source-pdfs/dcps/ashfield/v1.1-2026-03-02/chapter-a-miscellaneous.pdf
109584,115,[115],111,on_page,source-pdfs/dcps/ashfield/v1.1-2026-03-02/chapter-a-miscellaneous.pdf
109588,116,[116],112,on_page,source-pdfs/dcps/ashfield/v1.1-2026-03-02/chapter-a-miscellaneous.pdf
109591,118,[118],114,on_page,source-pdfs/dcps/ashfield/v1.1-2026-03-02/chapter-a-miscellaneous.pdf
109592,118,[118],114,on_page,source-pdfs/dcps/ashfield/v1.1-2026-03-02/chapter-a-miscellaneous.pdf
109601,119,[119],115,on_page,source-pdfs/dcps/ashfield/v1.1-2026-03-02/chapter-a-miscellaneous.pdf
109607,122,[122],118,on_page,source-pdfs/dcps/ashfield/v1.1-2026-03-02/chapter-a-miscellaneous.pdf
109609,123,[123],119,on_page,source-pdfs/dcps/ashfield/v1.1-2026-03-02/chapter-a-miscellaneous.pdf
109611,125,[125],121,on_page,source-pdfs/dcps/ashfield/v1.1-2026-03-02/chapter-a-miscellaneous.pdf
109612,125,[125],121,on_page,source-pdfs/dcps/ashfield/v1.1-2026-03-02/chapter-a-miscellaneous.pdf
109614,126,[126],,on_page,source-pdfs/dcps/ashfield/v1.1-2026-03-02/chapter-a-miscellaneous.pdf
109267,10,[10],6,on_page,source-pdfs/dcps/ashfield/v1.1-2026-03-02/chapter-a-miscellaneous.pdf
109324,29,[29],25,on_page,source-pdfs/dcps/ashfield/v1.1-2026-03-02/chapter-a-miscellaneous.pdf
109430,48,[48],44,on_page,source-pdfs/dcps/ashfield/v1.1-2026-03-02/chapter-a-miscellaneous.pdf
109545,101,[101],97,on_page,source-pdfs/dcps/ashfield/v1.1-2026-03-02/chapter-a-miscellaneous.pdf
109590,116,[116],112,on_page,source-pdfs/dcps/ashfield/v1.1-2026-03-02/chapter-a-miscellaneous.pdf
109594,119,[119],115,on_page,source-pdfs/dcps/ashfield/v1.1-2026-03-02/chapter-a-miscellaneous.pdf
109595,119,[119],115,on_page,source-pdfs/dcps/ashfield/v1.1-2026-03-02/chapter-a-miscellaneous.pdf
109598,119,[119],115,on_page,source-pdfs/dcps/ashfield/v1.1-2026-03-02/chapter-a-miscellaneous.pdf
109610,123,[123],119,on_page,source-pdfs/dcps/ashfield/v1.1-2026-03-02/chapter-a-miscellaneous.pdf
109431,48,[48],44,on_page,source-pdfs/dcps/ashfield/v1.1-2026-03-02/chapter-a-miscellaneous.pdf
109266,10,[10],6,on_page,source-pdfs/dcps/ashfield/v1.1-2026-03-02/chapter-a-miscellaneous.pdf
109280,14,[14],10,on_page,source-pdfs/dcps/ashfield/v1.1-2026-03-02/chapter-a-miscellaneous.pdf
109290,17,[17],13,on_page,source-pdfs/dcps/ashfield/v1.1-2026-03-02/chapter-a-miscellaneous.pdf
109338,28,[28],24,on_page,source-pdfs/dcps/ashfield/v1.1-2026-03-02/chapter-a-miscellaneous.pdf
109353,35,[35],31,on_page,source-pdfs/dcps/ashfield/v1.1-2026-03-02/chapter-a-miscellaneous.pdf
109359,36,[36],32,on_page,source-pdfs/dcps/ashfield/v1.1-2026-03-02/chapter-a-miscellaneous.pdf
109360,36,[36],32,on_page,source-pdfs/dcps/ashfield/v1.1-2026-03-02/chapter-a-miscellaneous.pdf
109385,41,[41],37,on_page,source-pdfs/dcps/ashfield/v1.1-2026-03-02/chapter-a-miscellaneous.pdf
109386,41,[41],37,on_page,source-pdfs/dcps/ashfield/v1.1-2026-03-02/chapter-a-miscellaneous.pdf
109416,46,[46],42,on_page,source-pdfs/dcps/ashfield/v1.1-2026-03-02/chapter-a-miscellaneous.pdf
109420,47,[47],43,on_page,source-pdfs/dcps/ashfield/v1.1-2026-03-02/chapter-a-miscellaneous.pdf
109463,56,[56],52,on_page,source-pdfs/dcps/ashfield/v1.1-2026-03-02/chapter-a-miscellaneous.pdf
109482,60,[60],56,on_page,source-pdfs/dcps/ashfield/v1.1-2026-03-02/chapter-a-miscellaneous.pdf
109490,69,[69],65,on_page,source-pdfs/dcps/ashfield/v1.1-2026-03-02/chapter-a-miscellaneous.pdf
109576,112,[112],108,on_page,source-pdfs/dcps/ashfield/v1.1-2026-03-02/chapter-a-miscellaneous.pdf
109585,116,[116],112,on_page,source-pdfs/dcps/ashfield/v1.1-2026-03-02/chapter-a-miscellaneous.pdf
109593,119,[119],115,on_page,source-pdfs/dcps/ashfield/v1.1-2026-03-02/chapter-a-miscellaneous.pdf
109606,120,[120],116,on_page,source-pdfs/dcps/ashfield/v1.1-2026-03-02/chapter-a-miscellaneous.pdf
109260,9,[9],5,on_page,source-pdfs/dcps/ashfield/v1.1-2026-03-02/chapter-a-miscellaneous.pdf
109262,10,[10],6,on_page,source-pdfs/dcps/ashfield/v1.1-2026-03-02/chapter-a-miscellaneous.pdf
109265,10,[10],6,on_page,source-pdfs/dcps/ashfield/v1.1-2026-03-02/chapter-a-miscellaneous.pdf
109274,12,[12],8,on_page,source-pdfs/dcps/ashfield/v1.1-2026-03-02/chapter-a-miscellaneous.pdf
109282,15,[15],11,on_page,source-pdfs/dcps/ashfield/v1.1-2026-03-02/chapter-a-miscellaneous.pdf
109358,36,[36],32,on_page,source-pdfs/dcps/ashfield/v1.1-2026-03-02/chapter-a-miscellaneous.pdf
109378,40,[40],36,on_page,source-pdfs/dcps/ashfield/v1.1-2026-03-02/chapter-a-miscellaneous.pdf
109414,46,[46],42,on_page,source-pdfs/dcps/ashfield/v1.1-2026-03-02/chapter-a-miscellaneous.pdf
109417,46,[46],42,on_page,source-pdfs/dcps/ashfield/v1.1-2026-03-02/chapter-a-miscellaneous.pdf
109428,48,[48],44,on_page,source-pdfs/dcps/ashfield/v1.1-2026-03-02/chapter-a-miscellaneous.pdf
109450,54,[54],50,on_page,source-pdfs/dcps/ashfield/v1.1-2026-03-02/chapter-a-miscellaneous.pdf
109455,55,[55],51,on_page,source-pdfs/dcps/ashfield/v1.1-2026-03-02/chapter-a-miscellaneous.pdf
109457,55,[55],51,on_page,source-pdfs/dcps/ashfield/v1.1-2026-03-02/chapter-a-miscellaneous.pdf
109464,56,[56],52,on_page,source-pdfs/dcps/ashfield/v1.1-2026-03-02/chapter-a-miscellaneous.pdf
109491,70,[70],66,on_page,source-pdfs/dcps/ashfield/v1.1-2026-03-02/chapter-a-miscellaneous.pdf
109553,102,[102],98,on_page,source-pdfs/dcps/ashfield/v1.1-2026-03-02/chapter-a-miscellaneous.pdf
109554,103,[103],99,on_page,source-pdfs/dcps/ashfield/v1.1-2026-03-02/chapter-a-miscellaneous.pdf
109561,107,[107],103,on_page,source-pdfs/dcps/ashfield/v1.1-2026-03-02/chapter-a-miscellaneous.pdf
109574,112,[112],108,on_page,source-pdfs/dcps/ashfield/v1.1-2026-03-02/chapter-a-miscellaneous.pdf
109575,112,[112],108,on_page,source-pdfs/dcps/ashfield/v1.1-2026-03-02/chapter-a-miscellaneous.pdf
109580,113,[113],109,on_page,source-pdfs/dcps/ashfield/v1.1-2026-03-02/chapter-a-miscellaneous.pdf
109599,119,[119],115,on_page,source-pdfs/dcps/ashfield/v1.1-2026-03-02/chapter-a-miscellaneous.pdf
109602,119,[119],115,on_page,source-pdfs/dcps/ashfield/v1.1-2026-03-02/chapter-a-miscellaneous.pdf
109617,126,[126],,on_page,source-pdfs/dcps/ashfield/v1.1-2026-03-02/chapter-a-miscellaneous.pdf
109294,17,[17],13,on_page,source-pdfs/dcps/ashfield/v1.1-2026-03-02/chapter-a-miscellaneous.pdf
109406,43,[43],39,on_page,source-pdfs/dcps/ashfield/v1.1-2026-03-02/chapter-a-miscellaneous.pdf
109472,57,[57],53,on_page,source-pdfs/dcps/ashfield/v1.1-2026-03-02/chapter-a-miscellaneous.pdf
109397,42,[42],38,on_page,source-pdfs/dcps/ashfield/v1.1-2026-03-02/chapter-a-miscellaneous.pdf
109343,33,[33],29,on_page,source-pdfs/dcps/ashfield/v1.1-2026-03-02/chapter-a-miscellaneous.pdf
109393,42,[42],38,on_page,source-pdfs/dcps/ashfield/v1.1-2026-03-02/chapter-a-miscellaneous.pdf
109382,41,[41],37,on_page,source-pdfs/dcps/ashfield/v1.1-2026-03-02/chapter-a-miscellaneous.pdf
109422,47,[47],43,on_page,source-pdfs/dcps/ashfield/v1.1-2026-03-02/chapter-a-miscellaneous.pdf
109467,56,[56],52,on_page,source-pdfs/dcps/ashfield/v1.1-2026-03-02/chapter-a-miscellaneous.pdf
109314,26,[26],22,on_page,source-pdfs/dcps/ashfield/v1.1-2026-03-02/chapter-a-miscellaneous.pdf
109340,30,[30],26,on_page,source-pdfs/dcps/ashfield/v1.1-2026-03-02/chapter-a-miscellaneous.pdf
80942,14,null,,,
81062,79,null,,,
81077,88,null,,,
81078,88,null,,,
81061,77,null,,,
80901,5,null,,,
80902,5,null,,,
80903,5,null,,,
80931,14,null,,,
80932,14,null,,,
80933,14,null,,,
80934,14,null,,,
80946,22,null,,,
80947,22,null,,,
80949,22,null,,,
80950,22,null,,,
80951,22,null,,,
80952,25,null,,,
80954,25,null,,,
80964,28,null,,,
80972,28,null,,,
80981,35,null,,,
80989,35,null,,,
80991,36,null,,,
80999,40,null,,,
81001,40,null,,,
81003,46,null,,,
81005,52,null,,,
81014,54,null,,,
81029,56,null,,,
81051,68,null,,,
81058,75,null,,,
81060,77,null,,,
81065,81,null,,,
81067,82,null,,,
81068,83,null,,,
81070,83,null,,,
81074,83,null,,,
81076,87,null,,,
81079,88,null,,,
81081,88,null,,,
81082,88,null,,,
81083,88,null,,,
81092,91,null,,,
81094,95,null,,,
81101,95,null,,,
81104,106,null,,,
81105,106,null,,,
81128,112,null,,,
81146,122,null,,,
81154,125,null,,,
109256,5,[5],1,on_page,source-pdfs/dcps/ashfield/v1.1-2026-03-02/chapter-a-miscellaneous.pdf
109257,6,[6],2,on_page,source-pdfs/dcps/ashfield/v1.1-2026-03-02/chapter-a-miscellaneous.pdf
109288,13,[13],,unresolved,source-pdfs/dcps/ashfield/v1.1-2026-03-02/chapter-a-miscellaneous.pdf
109292,17,[17],13,on_page,source-pdfs/dcps/ashfield/v1.1-2026-03-02/chapter-a-miscellaneous.pdf
109310,20,[20],16,on_page,source-pdfs/dcps/ashfield/v1.1-2026-03-02/chapter-a-miscellaneous.pdf
109346,33,[33],29,on_page,source-pdfs/dcps/ashfield/v1.1-2026-03-02/chapter-a-miscellaneous.pdf
109357,36,[36],32,on_page,source-pdfs/dcps/ashfield/v1.1-2026-03-02/chapter-a-miscellaneous.pdf
109383,41,[41],37,on_page,source-pdfs/dcps/ashfield/v1.1-2026-03-02/chapter-a-miscellaneous.pdf
109390,37,[37],,unresolved,source-pdfs/dcps/ashfield/v1.1-2026-03-02/chapter-a-miscellaneous.pdf
109392,42,[42],38,on_page,source-pdfs/dcps/ashfield/v1.1-2026-03-02/chapter-a-miscellaneous.pdf
109394,42,[42],38,on_page,source-pdfs/dcps/ashfield/v1.1-2026-03-02/chapter-a-miscellaneous.pdf
109398,42,[42],38,on_page,source-pdfs/dcps/ashfield/v1.1-2026-03-02/chapter-a-miscellaneous.pdf
109437,54,[54],50,on_page,source-pdfs/dcps/ashfield/v1.1-2026-03-02/chapter-a-miscellaneous.pdf
109449,54,[54],50,on_page,source-pdfs/dcps/ashfield/v1.1-2026-03-02/chapter-a-miscellaneous.pdf
109458,55,[55],51,on_page,source-pdfs/dcps/ashfield/v1.1-2026-03-02/chapter-a-miscellaneous.pdf
109460,55,[55],51,on_page,source-pdfs/dcps/ashfield/v1.1-2026-03-02/chapter-a-miscellaneous.pdf
109461,56,[56],52,on_page,source-pdfs/dcps/ashfield/v1.1-2026-03-02/chapter-a-miscellaneous.pdf
109470,57,[57],53,on_page,source-pdfs/dcps/ashfield/v1.1-2026-03-02/chapter-a-miscellaneous.pdf
109471,57,[57],53,on_page,source-pdfs/dcps/ashfield/v1.1-2026-03-02/chapter-a-miscellaneous.pdf
109476,58,[58],54,on_page,source-pdfs/dcps/ashfield/v1.1-2026-03-02/chapter-a-miscellaneous.pdf
109479,58,[58],54,on_page,source-pdfs/dcps/ashfield/v1.1-2026-03-02/chapter-a-miscellaneous.pdf
109481,60,[60],56,on_page,source-pdfs/dcps/ashfield/v1.1-2026-03-02/chapter-a-miscellaneous.pdf
109504,85,[85],81,on_page,source-pdfs/dcps/ashfield/v1.1-2026-03-02/chapter-a-miscellaneous.pdf
109509,86,[86],82,on_page,source-pdfs/dcps/ashfield/v1.1-2026-03-02/chapter-a-miscellaneous.pdf
109510,86,[86],82,on_page,source-pdfs/dcps/ashfield/v1.1-2026-03-02/chapter-a-miscellaneous.pdf
109515,92,[92],88,on_page,source-pdfs/dcps/ashfield/v1.1-2026-03-02/chapter-a-miscellaneous.pdf
109542,101,[101],97,on_page,source-pdfs/dcps/ashfield/v1.1-2026-03-02/chapter-a-miscellaneous.pdf
109552,102,[102],98,on_page,source-pdfs/dcps/ashfield/v1.1-2026-03-02/chapter-a-miscellaneous.pdf
109615,126,[126],,on_page,source-pdfs/dcps/ashfield/v1.1-2026-03-02/chapter-a-miscellaneous.pdf
109616,126,[126],,on_page,source-pdfs/dcps/ashfield/v1.1-2026-03-02/chapter-a-miscellaneous.pdf
81156,125,null,,,
109540,100,[100],96,on_page,source-pdfs/dcps/ashfield/v1.1-2026-03-02/chapter-a-miscellaneous.pdf
109423,47,[47],43,on_page,source-pdfs/dcps/ashfield/v1.1-2026-03-02/chapter-a-miscellaneous.pdf
109587,116,[116],112,on_page,source-pdfs/dcps/ashfield/v1.1-2026-03-02/chapter-a-miscellaneous.pdf
109296,17,[17],13,on_page,source-pdfs/dcps/ashfield/v1.1-2026-03-02/chapter-a-miscellaneous.pdf
109401,42,[42],38,on_page,source-pdfs/dcps/ashfield/v1.1-2026-03-02/chapter-a-miscellaneous.pdf
109261,1,[1],,unresolved,source-pdfs/dcps/ashfield/v1.1-2026-03-02/chapter-a-miscellaneous.pdf
109278,14,[14],10,on_page,source-pdfs/dcps/ashfield/v1.1-2026-03-02/chapter-a-miscellaneous.pdf
109297,18,[18],14,on_page,source-pdfs/dcps/ashfield/v1.1-2026-03-02/chapter-a-miscellaneous.pdf
109303,19,[19],15,on_page,source-pdfs/dcps/ashfield/v1.1-2026-03-02/chapter-a-miscellaneous.pdf
109322,29,[29],25,on_page,source-pdfs/dcps/ashfield/v1.1-2026-03-02/chapter-a-miscellaneous.pdf
109325,29,[29],25,on_page,source-pdfs/dcps/ashfield/v1.1-2026-03-02/chapter-a-miscellaneous.pdf
109330,29,[29],25,on_page,source-pdfs/dcps/ashfield/v1.1-2026-03-02/chapter-a-miscellaneous.pdf
109364,37,[37],33,on_page,source-pdfs/dcps/ashfield/v1.1-2026-03-02/chapter-a-miscellaneous.pdf
109380,41,[41],37,on_page,source-pdfs/dcps/ashfield/v1.1-2026-03-02/chapter-a-miscellaneous.pdf
109536,100,[100],96,on_page,source-pdfs/dcps/ashfield/v1.1-2026-03-02/chapter-a-miscellaneous.pdf
109556,107,[107],103,on_page,source-pdfs/dcps/ashfield/v1.1-2026-03-02/chapter-a-miscellaneous.pdf
80930,14,null,,,
80980,32,null,,,
81056,71,null,,,
81064,79,null,,,
81145,118,null,,,
80945,22,null,,,
109488,68,[68],64,on_page,source-pdfs/dcps/ashfield/v1.1-2026-03-02/chapter-a-miscellaneous.pdf
109582,113,[113],109,on_page,source-pdfs/dcps/ashfield/v1.1-2026-03-02/chapter-a-miscellaneous.pdf
109275,12,[12],8,on_page,source-pdfs/dcps/ashfield/v1.1-2026-03-02/chapter-a-miscellaneous.pdf
109306,19,[19],15,on_page,source-pdfs/dcps/ashfield/v1.1-2026-03-02/chapter-a-miscellaneous.pdf
109448,54,[54],50,on_page,source-pdfs/dcps/ashfield/v1.1-2026-03-02/chapter-a-miscellaneous.pdf
109456,55,[55],51,on_page,source-pdfs/dcps/ashfield/v1.1-2026-03-02/chapter-a-miscellaneous.pdf
109562,107,[107],103,on_page,source-pdfs/dcps/ashfield/v1.1-2026-03-02/chapter-a-miscellaneous.pdf
109577,113,[113],109,on_page,source-pdfs/dcps/ashfield/v1.1-2026-03-02/chapter-a-miscellaneous.pdf
109579,113,[113],109,on_page,source-pdfs/dcps/ashfield/v1.1-2026-03-02/chapter-a-miscellaneous.pdf
109583,113,[113],109,on_page,source-pdfs/dcps/ashfield/v1.1-2026-03-02/chapter-a-miscellaneous.pdf
109597,119,[119],115,on_page,source-pdfs/dcps/ashfield/v1.1-2026-03-02/chapter-a-miscellaneous.pdf
109604,119,[119],115,on_page,source-pdfs/dcps/ashfield/v1.1-2026-03-02/chapter-a-miscellaneous.pdf
109605,120,[120],116,on_page,source-pdfs/dcps/ashfield/v1.1-2026-03-02/chapter-a-miscellaneous.pdf
109608,123,[123],119,on_page,source-pdfs/dcps/ashfield/v1.1-2026-03-02/chapter-a-miscellaneous.pdf
109315,25,[25],,unresolved,source-pdfs/dcps/ashfield/v1.1-2026-03-02/chapter-a-miscellaneous.pdf
109345,33,[33],29,on_page,source-pdfs/dcps/ashfield/v1.1-2026-03-02/chapter-a-miscellaneous.pdf
109371,39,[39],35,on_page,source-pdfs/dcps/ashfield/v1.1-2026-03-02/chapter-a-miscellaneous.pdf
109375,40,[40],36,on_page,source-pdfs/dcps/ashfield/v1.1-2026-03-02/chapter-a-miscellaneous.pdf
109387,41,[41],37,on_page,source-pdfs/dcps/ashfield/v1.1-2026-03-02/chapter-a-miscellaneous.pdf
109405,43,[43],39,on_page,source-pdfs/dcps/ashfield/v1.1-2026-03-02/chapter-a-miscellaneous.pdf
109411,46,[46],42,on_page,source-pdfs/dcps/ashfield/v1.1-2026-03-02/chapter-a-miscellaneous.pdf
109451,54,[54],50,on_page,source-pdfs/dcps/ashfield/v1.1-2026-03-02/chapter-a-miscellaneous.pdf
109474,58,[58],54,on_page,source-pdfs/dcps/ashfield/v1.1-2026-03-02/chapter-a-miscellaneous.pdf
109477,58,[58],54,on_page,source-pdfs/dcps/ashfield/v1.1-2026-03-02/chapter-a-miscellaneous.pdf
109496,73,[73],69,on_page,source-pdfs/dcps/ashfield/v1.1-2026-03-02/chapter-a-miscellaneous.pdf
109506,86,[86],82,on_page,source-pdfs/dcps/ashfield/v1.1-2026-03-02/chapter-a-miscellaneous.pdf
109528,93,[93],89,on_page,source-pdfs/dcps/ashfield/v1.1-2026-03-02/chapter-a-miscellaneous.pdf
109589,116,[116],112,on_page,source-pdfs/dcps/ashfield/v1.1-2026-03-02/chapter-a-miscellaneous.pdf
109596,119,[119],115,on_page,source-pdfs/dcps/ashfield/v1.1-2026-03-02/chapter-a-miscellaneous.pdf
109600,119,[119],115,on_page,source-pdfs/dcps/ashfield/v1.1-2026-03-02/chapter-a-miscellaneous.pdf
109391,42,[42],38,on_page,source-pdfs/dcps/ashfield/v1.1-2026-03-02/chapter-a-miscellaneous.pdf
109480,58,[58],54,on_page,source-pdfs/dcps/ashfield/v1.1-2026-03-02/chapter-a-miscellaneous.pdf
109495,73,[73],69,on_page,source-pdfs/dcps/ashfield/v1.1-2026-03-02/chapter-a-miscellaneous.pdf
109492,70,[70],66,on_page,source-pdfs/dcps/ashfield/v1.1-2026-03-02/chapter-a-miscellaneous.pdf
109498,74,[74],70,on_page,source-pdfs/dcps/ashfield/v1.1-2026-03-02/chapter-a-miscellaneous.pdf
109259,7,[7],3,on_page,source-pdfs/dcps/ashfield/v1.1-2026-03-02/chapter-a-miscellaneous.pdf
109273,1,[1],,unresolved,source-pdfs/dcps/ashfield/v1.1-2026-03-02/chapter-a-miscellaneous.pdf
109284,16,[16],12,on_page,source-pdfs/dcps/ashfield/v1.1-2026-03-02/chapter-a-miscellaneous.pdf
109291,17,[17],13,on_page,source-pdfs/dcps/ashfield/v1.1-2026-03-02/chapter-a-miscellaneous.pdf
109299,18,[18],14,on_page,source-pdfs/dcps/ashfield/v1.1-2026-03-02/chapter-a-miscellaneous.pdf
109302,18,[18],14,on_page,source-pdfs/dcps/ashfield/v1.1-2026-03-02/chapter-a-miscellaneous.pdf
109363,37,[37],33,on_page,source-pdfs/dcps/ashfield/v1.1-2026-03-02/chapter-a-miscellaneous.pdf
109365,37,[37],33,on_page,source-pdfs/dcps/ashfield/v1.1-2026-03-02/chapter-a-miscellaneous.pdf
109366,37,[37],33,on_page,source-pdfs/dcps/ashfield/v1.1-2026-03-02/chapter-a-miscellaneous.pdf
109399,42,[42],38,on_page,source-pdfs/dcps/ashfield/v1.1-2026-03-02/chapter-a-miscellaneous.pdf
109402,42,[42],38,on_page,source-pdfs/dcps/ashfield/v1.1-2026-03-02/chapter-a-miscellaneous.pdf
109418,46,[46],42,on_page,source-pdfs/dcps/ashfield/v1.1-2026-03-02/chapter-a-miscellaneous.pdf
109419,46,[46],42,on_page,source-pdfs/dcps/ashfield/v1.1-2026-03-02/chapter-a-miscellaneous.pdf
109444,54,[54],50,on_page,source-pdfs/dcps/ashfield/v1.1-2026-03-02/chapter-a-miscellaneous.pdf
109485,61,[61],57,on_page,source-pdfs/dcps/ashfield/v1.1-2026-03-02/chapter-a-miscellaneous.pdf
109486,61,[61],57,on_page,source-pdfs/dcps/ashfield/v1.1-2026-03-02/chapter-a-miscellaneous.pdf
109494,73,[73],69,on_page,source-pdfs/dcps/ashfield/v1.1-2026-03-02/chapter-a-miscellaneous.pdf
109502,85,[85],81,on_page,source-pdfs/dcps/ashfield/v1.1-2026-03-02/chapter-a-miscellaneous.pdf
109523,92,[92],88,on_page,source-pdfs/dcps/ashfield/v1.1-2026-03-02/chapter-a-miscellaneous.pdf
109531,93,[93],89,on_page,source-pdfs/dcps/ashfield/v1.1-2026-03-02/chapter-a-miscellaneous.pdf
109586,116,[116],112,on_page,source-pdfs/dcps/ashfield/v1.1-2026-03-02/chapter-a-miscellaneous.pdf
109286,16,[16],12,on_page,source-pdfs/dcps/ashfield/v1.1-2026-03-02/chapter-a-miscellaneous.pdf
109295,13,[13],,unresolved,source-pdfs/dcps/ashfield/v1.1-2026-03-02/chapter-a-miscellaneous.pdf
109269,1,[1],,unresolved,source-pdfs/dcps/ashfield/v1.1-2026-03-02/chapter-a-miscellaneous.pdf
109271,1,[1],,unresolved,source-pdfs/dcps/ashfield/v1.1-2026-03-02/chapter-a-miscellaneous.pdf
109462,56,[56],52,on_page,source-pdfs/dcps/ashfield/v1.1-2026-03-02/chapter-a-miscellaneous.pdf
109487,61,[61],57,on_page,source-pdfs/dcps/ashfield/v1.1-2026-03-02/chapter-a-miscellaneous.pdf
109505,85,[85],81,on_page,source-pdfs/dcps/ashfield/v1.1-2026-03-02/chapter-a-miscellaneous.pdf
109532,93,[93],89,on_page,source-pdfs/dcps/ashfield/v1.1-2026-03-02/chapter-a-miscellaneous.pdf
109466,56,[56],52,on_page,source-pdfs/dcps/ashfield/v1.1-2026-03-02/chapter-a-miscellaneous.pdf
109258,6,[6],2,on_page,source-pdfs/dcps/ashfield/v1.1-2026-03-02/chapter-a-miscellaneous.pdf
109326,25,[25],,unresolved,source-pdfs/dcps/ashfield/v1.1-2026-03-02/chapter-a-miscellaneous.pdf
81027,55,null,,,
80948,22,null,,,
81066,81,null,,,
80943,22,null,,,
80961,25,null,,,
80962,28,null,,,
81059,76,null,,,
81080,88,null,,,
87451,182,null,,,
123580,190,[190],190,on_page,source-pdfs/dcps/ashfield/v1.1-2026-03-02/chapter-d-precinct-guidelines.pdf
123582,190,[190],190,on_page,source-pdfs/dcps/ashfield/v1.1-2026-03-02/chapter-d-precinct-guidelines.pdf
123344,118,[118],118,on_page,source-pdfs/dcps/ashfield/v1.1-2026-03-02/chapter-d-precinct-guidelines.pdf
123552,184,[184],184,on_page,source-pdfs/dcps/ashfield/v1.1-2026-03-02/chapter-d-precinct-guidelines.pdf
123607,199,[199],210,on_page,source-pdfs/dcps/ashfield/v1.1-2026-03-02/chapter-d-precinct-guidelines.pdf
123438,152,[152],152,on_page,source-pdfs/dcps/ashfield/v1.1-2026-03-02/chapter-d-precinct-guidelines.pdf
123516,175,[175],175,on_page,source-pdfs/dcps/ashfield/v1.1-2026-03-02/chapter-d-precinct-guidelines.pdf
122975,5,[5],5,on_page,source-pdfs/dcps/ashfield/v1.1-2026-03-02/chapter-d-precinct-guidelines.pdf
122976,5,[5],5,on_page,source-pdfs/dcps/ashfield/v1.1-2026-03-02/chapter-d-precinct-guidelines.pdf
122984,6,[6],6,on_page,source-pdfs/dcps/ashfield/v1.1-2026-03-02/chapter-d-precinct-guidelines.pdf
122987,12,[12],12,on_page,source-pdfs/dcps/ashfield/v1.1-2026-03-02/chapter-d-precinct-guidelines.pdf
122989,12,[12],12,on_page,source-pdfs/dcps/ashfield/v1.1-2026-03-02/chapter-d-precinct-guidelines.pdf
122994,13,[13],13,on_page,source-pdfs/dcps/ashfield/v1.1-2026-03-02/chapter-d-precinct-guidelines.pdf
122996,14,[14],14,on_page,source-pdfs/dcps/ashfield/v1.1-2026-03-02/chapter-d-precinct-guidelines.pdf
122998,17,[17],17,on_page,source-pdfs/dcps/ashfield/v1.1-2026-03-02/chapter-d-precinct-guidelines.pdf
123000,17,[17],17,on_page,source-pdfs/dcps/ashfield/v1.1-2026-03-02/chapter-d-precinct-guidelines.pdf
123001,162,[162],162,on_page,source-pdfs/dcps/ashfield/v1.1-2026-03-02/chapter-d-precinct-guidelines.pdf
123004,18,[18],18,on_page,source-pdfs/dcps/ashfield/v1.1-2026-03-02/chapter-d-precinct-guidelines.pdf
123006,18,[18],18,on_page,source-pdfs/dcps/ashfield/v1.1-2026-03-02/chapter-d-precinct-guidelines.pdf
123007,20,[20],20,on_page,source-pdfs/dcps/ashfield/v1.1-2026-03-02/chapter-d-precinct-guidelines.pdf
123012,20,[20],20,on_page,source-pdfs/dcps/ashfield/v1.1-2026-03-02/chapter-d-precinct-guidelines.pdf
123013,20,[20],20,on_page,source-pdfs/dcps/ashfield/v1.1-2026-03-02/chapter-d-precinct-guidelines.pdf
123015,20,[20],20,on_page,source-pdfs/dcps/ashfield/v1.1-2026-03-02/chapter-d-precinct-guidelines.pdf
123019,21,[21],21,on_page,source-pdfs/dcps/ashfield/v1.1-2026-03-02/chapter-d-precinct-guidelines.pdf
123020,21,[21],21,on_page,source-pdfs/dcps/ashfield/v1.1-2026-03-02/chapter-d-precinct-guidelines.pdf
123026,22,[22],22,on_page,source-pdfs/dcps/ashfield/v1.1-2026-03-02/chapter-d-precinct-guidelines.pdf
123032,25,[25],25,on_page,source-pdfs/dcps/ashfield/v1.1-2026-03-02/chapter-d-precinct-guidelines.pdf
123036,25,[25],25,on_page,source-pdfs/dcps/ashfield/v1.1-2026-03-02/chapter-d-precinct-guidelines.pdf
123038,25,[25],25,on_page,source-pdfs/dcps/ashfield/v1.1-2026-03-02/chapter-d-precinct-guidelines.pdf
123041,26,[26],26,on_page,source-pdfs/dcps/ashfield/v1.1-2026-03-02/chapter-d-precinct-guidelines.pdf
123043,26,[26],26,on_page,source-pdfs/dcps/ashfield/v1.1-2026-03-02/chapter-d-precinct-guidelines.pdf
123044,81,[81],81,on_page,source-pdfs/dcps/ashfield/v1.1-2026-03-02/chapter-d-precinct-guidelines.pdf
123045,26,[26],26,on_page,source-pdfs/dcps/ashfield/v1.1-2026-03-02/chapter-d-precinct-guidelines.pdf
123049,27,[27],27,on_page,source-pdfs/dcps/ashfield/v1.1-2026-03-02/chapter-d-precinct-guidelines.pdf
123050,27,[27],27,on_page,source-pdfs/dcps/ashfield/v1.1-2026-03-02/chapter-d-precinct-guidelines.pdf
123053,30,[30],30,on_page,source-pdfs/dcps/ashfield/v1.1-2026-03-02/chapter-d-precinct-guidelines.pdf
123059,32,[32],32,on_page,source-pdfs/dcps/ashfield/v1.1-2026-03-02/chapter-d-precinct-guidelines.pdf
123061,32,[32],32,on_page,source-pdfs/dcps/ashfield/v1.1-2026-03-02/chapter-d-precinct-guidelines.pdf
123066,35,[35],35,on_page,source-pdfs/dcps/ashfield/v1.1-2026-03-02/chapter-d-precinct-guidelines.pdf
123067,37,[37],37,on_page,source-pdfs/dcps/ashfield/v1.1-2026-03-02/chapter-d-precinct-guidelines.pdf
123070,36,[36],36,on_page,source-pdfs/dcps/ashfield/v1.1-2026-03-02/chapter-d-precinct-guidelines.pdf
123071,36,[36],36,on_page,source-pdfs/dcps/ashfield/v1.1-2026-03-02/chapter-d-precinct-guidelines.pdf
123072,37,[37],37,on_page,source-pdfs/dcps/ashfield/v1.1-2026-03-02/chapter-d-precinct-guidelines.pdf
123073,37,[37],37,on_page,source-pdfs/dcps/ashfield/v1.1-2026-03-02/chapter-d-precinct-guidelines.pdf
123075,37,[37],37,on_page,source-pdfs/dcps/ashfield/v1.1-2026-03-02/chapter-d-precinct-guidelines.pdf
123077,38,[38],38,on_page,source-pdfs/dcps/ashfield/v1.1-2026-03-02/chapter-d-precinct-guidelines.pdf
123078,38,[38],38,on_page,source-pdfs/dcps/ashfield/v1.1-2026-03-02/chapter-d-precinct-guidelines.pdf
123081,38,[38],38,on_page,source-pdfs/dcps/ashfield/v1.1-2026-03-02/chapter-d-precinct-guidelines.pdf
123082,39,[39],39,on_page,source-pdfs/dcps/ashfield/v1.1-2026-03-02/chapter-d-precinct-guidelines.pdf
123083,39,[39],39,on_page,source-pdfs/dcps/ashfield/v1.1-2026-03-02/chapter-d-precinct-guidelines.pdf
123084,39,[39],39,on_page,source-pdfs/dcps/ashfield/v1.1-2026-03-02/chapter-d-precinct-guidelines.pdf
123090,44,[44],44,on_page,source-pdfs/dcps/ashfield/v1.1-2026-03-02/chapter-d-precinct-guidelines.pdf
123091,44,[44],44,on_page,source-pdfs/dcps/ashfield/v1.1-2026-03-02/chapter-d-precinct-guidelines.pdf
123093,44,[44],44,on_page,source-pdfs/dcps/ashfield/v1.1-2026-03-02/chapter-d-precinct-guidelines.pdf
123105,49,[49],49,on_page,source-pdfs/dcps/ashfield/v1.1-2026-03-02/chapter-d-precinct-guidelines.pdf
123108,49,[49],49,on_page,source-pdfs/dcps/ashfield/v1.1-2026-03-02/chapter-d-precinct-guidelines.pdf
123111,50,[50],50,on_page,source-pdfs/dcps/ashfield/v1.1-2026-03-02/chapter-d-precinct-guidelines.pdf
123117,51,[51],51,on_page,source-pdfs/dcps/ashfield/v1.1-2026-03-02/chapter-d-precinct-guidelines.pdf
123118,73,[73],73,on_page,source-pdfs/dcps/ashfield/v1.1-2026-03-02/chapter-d-precinct-guidelines.pdf
123119,51,[51],51,on_page,source-pdfs/dcps/ashfield/v1.1-2026-03-02/chapter-d-precinct-guidelines.pdf
123124,54,[54],54,on_page,source-pdfs/dcps/ashfield/v1.1-2026-03-02/chapter-d-precinct-guidelines.pdf
123136,78,[78],78,on_page,source-pdfs/dcps/ashfield/v1.1-2026-03-02/chapter-d-precinct-guidelines.pdf
123137,55,[55],55,on_page,source-pdfs/dcps/ashfield/v1.1-2026-03-02/chapter-d-precinct-guidelines.pdf
123141,56,[56],56,on_page,source-pdfs/dcps/ashfield/v1.1-2026-03-02/chapter-d-precinct-guidelines.pdf
123142,56,[56],56,on_page,source-pdfs/dcps/ashfield/v1.1-2026-03-02/chapter-d-precinct-guidelines.pdf
123143,56,[56],56,on_page,source-pdfs/dcps/ashfield/v1.1-2026-03-02/chapter-d-precinct-guidelines.pdf
123144,56,[56],56,on_page,source-pdfs/dcps/ashfield/v1.1-2026-03-02/chapter-d-precinct-guidelines.pdf
123153,61,[61],61,on_page,source-pdfs/dcps/ashfield/v1.1-2026-03-02/chapter-d-precinct-guidelines.pdf
123160,62,[62],62,on_page,source-pdfs/dcps/ashfield/v1.1-2026-03-02/chapter-d-precinct-guidelines.pdf
123161,62,[62],62,on_page,source-pdfs/dcps/ashfield/v1.1-2026-03-02/chapter-d-precinct-guidelines.pdf
123164,66,[66],66,on_page,source-pdfs/dcps/ashfield/v1.1-2026-03-02/chapter-d-precinct-guidelines.pdf
123166,44,[44],44,on_page,source-pdfs/dcps/ashfield/v1.1-2026-03-02/chapter-d-precinct-guidelines.pdf
123167,66,[66],66,on_page,source-pdfs/dcps/ashfield/v1.1-2026-03-02/chapter-d-precinct-guidelines.pdf
123171,70,[70],70,on_page,source-pdfs/dcps/ashfield/v1.1-2026-03-02/chapter-d-precinct-guidelines.pdf
123172,70,[70],70,on_page,source-pdfs/dcps/ashfield/v1.1-2026-03-02/chapter-d-precinct-guidelines.pdf
123279,99,[99],99,on_page,source-pdfs/dcps/ashfield/v1.1-2026-03-02/chapter-d-precinct-guidelines.pdf
123462,162,[162],162,on_page,source-pdfs/dcps/ashfield/v1.1-2026-03-02/chapter-d-precinct-guidelines.pdf
123173,70,[70],70,on_page,source-pdfs/dcps/ashfield/v1.1-2026-03-02/chapter-d-precinct-guidelines.pdf
123174,70,[70],70,on_page,source-pdfs/dcps/ashfield/v1.1-2026-03-02/chapter-d-precinct-guidelines.pdf
123508,175,[175],175,on_page,source-pdfs/dcps/ashfield/v1.1-2026-03-02/chapter-d-precinct-guidelines.pdf
123175,70,[70],70,on_page,source-pdfs/dcps/ashfield/v1.1-2026-03-02/chapter-d-precinct-guidelines.pdf
123177,72,[72],72,on_page,source-pdfs/dcps/ashfield/v1.1-2026-03-02/chapter-d-precinct-guidelines.pdf
123183,73,[73],73,on_page,source-pdfs/dcps/ashfield/v1.1-2026-03-02/chapter-d-precinct-guidelines.pdf
123184,73,[73],73,on_page,source-pdfs/dcps/ashfield/v1.1-2026-03-02/chapter-d-precinct-guidelines.pdf
123188,76,[76],76,on_page,source-pdfs/dcps/ashfield/v1.1-2026-03-02/chapter-d-precinct-guidelines.pdf
123191,76,[76],76,on_page,source-pdfs/dcps/ashfield/v1.1-2026-03-02/chapter-d-precinct-guidelines.pdf
123192,76,[76],76,on_page,source-pdfs/dcps/ashfield/v1.1-2026-03-02/chapter-d-precinct-guidelines.pdf
123527,176,[176],176,on_page,source-pdfs/dcps/ashfield/v1.1-2026-03-02/chapter-d-precinct-guidelines.pdf
123193,76,[76],76,on_page,source-pdfs/dcps/ashfield/v1.1-2026-03-02/chapter-d-precinct-guidelines.pdf
123203,78,[78],78,on_page,source-pdfs/dcps/ashfield/v1.1-2026-03-02/chapter-d-precinct-guidelines.pdf
123205,81,[81],81,on_page,source-pdfs/dcps/ashfield/v1.1-2026-03-02/chapter-d-precinct-guidelines.pdf
123207,81,[81],81,on_page,source-pdfs/dcps/ashfield/v1.1-2026-03-02/chapter-d-precinct-guidelines.pdf
123210,81,[81],81,on_page,source-pdfs/dcps/ashfield/v1.1-2026-03-02/chapter-d-precinct-guidelines.pdf
123214,81,[81],81,on_page,source-pdfs/dcps/ashfield/v1.1-2026-03-02/chapter-d-precinct-guidelines.pdf
123216,81,[81],81,on_page,source-pdfs/dcps/ashfield/v1.1-2026-03-02/chapter-d-precinct-guidelines.pdf
123218,82,[82],82,on_page,source-pdfs/dcps/ashfield/v1.1-2026-03-02/chapter-d-precinct-guidelines.pdf
123219,82,[82],82,on_page,source-pdfs/dcps/ashfield/v1.1-2026-03-02/chapter-d-precinct-guidelines.pdf
123221,82,[82],82,on_page,source-pdfs/dcps/ashfield/v1.1-2026-03-02/chapter-d-precinct-guidelines.pdf
123228,87,[87],87,on_page,source-pdfs/dcps/ashfield/v1.1-2026-03-02/chapter-d-precinct-guidelines.pdf
123230,87,[87],87,on_page,source-pdfs/dcps/ashfield/v1.1-2026-03-02/chapter-d-precinct-guidelines.pdf
123234,94,[94],94,on_page,source-pdfs/dcps/ashfield/v1.1-2026-03-02/chapter-d-precinct-guidelines.pdf
123237,94,[94],94,on_page,source-pdfs/dcps/ashfield/v1.1-2026-03-02/chapter-d-precinct-guidelines.pdf
123239,175,[175],175,on_page,source-pdfs/dcps/ashfield/v1.1-2026-03-02/chapter-d-precinct-guidelines.pdf
123241,94,[94],94,on_page,source-pdfs/dcps/ashfield/v1.1-2026-03-02/chapter-d-precinct-guidelines.pdf
123255,92,[92],92,on_page,source-pdfs/dcps/ashfield/v1.1-2026-03-02/chapter-d-precinct-guidelines.pdf
123259,92,[92],92,on_page,source-pdfs/dcps/ashfield/v1.1-2026-03-02/chapter-d-precinct-guidelines.pdf
123261,93,[93],93,on_page,source-pdfs/dcps/ashfield/v1.1-2026-03-02/chapter-d-precinct-guidelines.pdf
123264,105,[105],105,on_page,source-pdfs/dcps/ashfield/v1.1-2026-03-02/chapter-d-precinct-guidelines.pdf
123265,93,[93],93,on_page,source-pdfs/dcps/ashfield/v1.1-2026-03-02/chapter-d-precinct-guidelines.pdf
123268,94,[94],94,on_page,source-pdfs/dcps/ashfield/v1.1-2026-03-02/chapter-d-precinct-guidelines.pdf
123275,98,[98],98,on_page,source-pdfs/dcps/ashfield/v1.1-2026-03-02/chapter-d-precinct-guidelines.pdf
123282,99,[99],99,on_page,source-pdfs/dcps/ashfield/v1.1-2026-03-02/chapter-d-precinct-guidelines.pdf
123293,94,[94],94,on_page,source-pdfs/dcps/ashfield/v1.1-2026-03-02/chapter-d-precinct-guidelines.pdf
123295,102,[102],102,on_page,source-pdfs/dcps/ashfield/v1.1-2026-03-02/chapter-d-precinct-guidelines.pdf
123296,102,[102],102,on_page,source-pdfs/dcps/ashfield/v1.1-2026-03-02/chapter-d-precinct-guidelines.pdf
123297,102,[102],102,on_page,source-pdfs/dcps/ashfield/v1.1-2026-03-02/chapter-d-precinct-guidelines.pdf
123299,102,[102],102,on_page,source-pdfs/dcps/ashfield/v1.1-2026-03-02/chapter-d-precinct-guidelines.pdf
123301,102,[102],102,on_page,source-pdfs/dcps/ashfield/v1.1-2026-03-02/chapter-d-precinct-guidelines.pdf
123302,102,[102],102,on_page,source-pdfs/dcps/ashfield/v1.1-2026-03-02/chapter-d-precinct-guidelines.pdf
123303,102,[102],102,on_page,source-pdfs/dcps/ashfield/v1.1-2026-03-02/chapter-d-precinct-guidelines.pdf
123305,103,[103],103,on_page,source-pdfs/dcps/ashfield/v1.1-2026-03-02/chapter-d-precinct-guidelines.pdf
123242,94,[94],94,on_page,source-pdfs/dcps/ashfield/v1.1-2026-03-02/chapter-d-precinct-guidelines.pdf
123312,105,[105],105,on_page,source-pdfs/dcps/ashfield/v1.1-2026-03-02/chapter-d-precinct-guidelines.pdf
123315,105,[105],105,on_page,source-pdfs/dcps/ashfield/v1.1-2026-03-02/chapter-d-precinct-guidelines.pdf
123316,105,[105],105,on_page,source-pdfs/dcps/ashfield/v1.1-2026-03-02/chapter-d-precinct-guidelines.pdf
123318,106,[106],106,on_page,source-pdfs/dcps/ashfield/v1.1-2026-03-02/chapter-d-precinct-guidelines.pdf
123334,116,[116],116,on_page,source-pdfs/dcps/ashfield/v1.1-2026-03-02/chapter-d-precinct-guidelines.pdf
123336,116,[116],116,on_page,source-pdfs/dcps/ashfield/v1.1-2026-03-02/chapter-d-precinct-guidelines.pdf
123337,116,[116],116,on_page,source-pdfs/dcps/ashfield/v1.1-2026-03-02/chapter-d-precinct-guidelines.pdf
123340,116,[116],116,on_page,source-pdfs/dcps/ashfield/v1.1-2026-03-02/chapter-d-precinct-guidelines.pdf
123345,118,[118],118,on_page,source-pdfs/dcps/ashfield/v1.1-2026-03-02/chapter-d-precinct-guidelines.pdf
123346,118,[118],118,on_page,source-pdfs/dcps/ashfield/v1.1-2026-03-02/chapter-d-precinct-guidelines.pdf
123349,119,[119],119,on_page,source-pdfs/dcps/ashfield/v1.1-2026-03-02/chapter-d-precinct-guidelines.pdf
123350,119,[119],119,on_page,source-pdfs/dcps/ashfield/v1.1-2026-03-02/chapter-d-precinct-guidelines.pdf
123351,119,[119],119,on_page,source-pdfs/dcps/ashfield/v1.1-2026-03-02/chapter-d-precinct-guidelines.pdf
123353,120,[120],120,on_page,source-pdfs/dcps/ashfield/v1.1-2026-03-02/chapter-d-precinct-guidelines.pdf
123355,120,[120],120,on_page,source-pdfs/dcps/ashfield/v1.1-2026-03-02/chapter-d-precinct-guidelines.pdf
123356,120,[120],120,on_page,source-pdfs/dcps/ashfield/v1.1-2026-03-02/chapter-d-precinct-guidelines.pdf
123358,120,[120],120,on_page,source-pdfs/dcps/ashfield/v1.1-2026-03-02/chapter-d-precinct-guidelines.pdf
123360,120,[120],120,on_page,source-pdfs/dcps/ashfield/v1.1-2026-03-02/chapter-d-precinct-guidelines.pdf
123363,121,[121],121,on_page,source-pdfs/dcps/ashfield/v1.1-2026-03-02/chapter-d-precinct-guidelines.pdf
123364,121,[121],121,on_page,source-pdfs/dcps/ashfield/v1.1-2026-03-02/chapter-d-precinct-guidelines.pdf
123365,130,[130],130,on_page,source-pdfs/dcps/ashfield/v1.1-2026-03-02/chapter-d-precinct-guidelines.pdf
123366,130,[130],130,on_page,source-pdfs/dcps/ashfield/v1.1-2026-03-02/chapter-d-precinct-guidelines.pdf
123373,137,[137],137,on_page,source-pdfs/dcps/ashfield/v1.1-2026-03-02/chapter-d-precinct-guidelines.pdf
123376,138,[138],138,on_page,source-pdfs/dcps/ashfield/v1.1-2026-03-02/chapter-d-precinct-guidelines.pdf
123379,138,[138],138,on_page,source-pdfs/dcps/ashfield/v1.1-2026-03-02/chapter-d-precinct-guidelines.pdf
123384,139,[139],139,on_page,source-pdfs/dcps/ashfield/v1.1-2026-03-02/chapter-d-precinct-guidelines.pdf
123388,139,[139],139,on_page,source-pdfs/dcps/ashfield/v1.1-2026-03-02/chapter-d-precinct-guidelines.pdf
123389,139,[139],139,on_page,source-pdfs/dcps/ashfield/v1.1-2026-03-02/chapter-d-precinct-guidelines.pdf
123390,140,[140],140,on_page,source-pdfs/dcps/ashfield/v1.1-2026-03-02/chapter-d-precinct-guidelines.pdf
123393,142,[142],142,on_page,source-pdfs/dcps/ashfield/v1.1-2026-03-02/chapter-d-precinct-guidelines.pdf
123400,142,[142],142,on_page,source-pdfs/dcps/ashfield/v1.1-2026-03-02/chapter-d-precinct-guidelines.pdf
123401,142,[142],142,on_page,source-pdfs/dcps/ashfield/v1.1-2026-03-02/chapter-d-precinct-guidelines.pdf
123403,142,[142],142,on_page,source-pdfs/dcps/ashfield/v1.1-2026-03-02/chapter-d-precinct-guidelines.pdf
123407,143,[143],143,on_page,source-pdfs/dcps/ashfield/v1.1-2026-03-02/chapter-d-precinct-guidelines.pdf
123421,149,[149],149,on_page,source-pdfs/dcps/ashfield/v1.1-2026-03-02/chapter-d-precinct-guidelines.pdf
123431,150,[150],150,on_page,source-pdfs/dcps/ashfield/v1.1-2026-03-02/chapter-d-precinct-guidelines.pdf
123448,159,[159],159,on_page,source-pdfs/dcps/ashfield/v1.1-2026-03-02/chapter-d-precinct-guidelines.pdf
123284,99,[99],99,on_page,source-pdfs/dcps/ashfield/v1.1-2026-03-02/chapter-d-precinct-guidelines.pdf
123470,165,[165],165,on_page,source-pdfs/dcps/ashfield/v1.1-2026-03-02/chapter-d-precinct-guidelines.pdf
123473,166,[166],166,on_page,source-pdfs/dcps/ashfield/v1.1-2026-03-02/chapter-d-precinct-guidelines.pdf
123474,103,[103],103,on_page,source-pdfs/dcps/ashfield/v1.1-2026-03-02/chapter-d-precinct-guidelines.pdf
123475,103,[103],103,on_page,source-pdfs/dcps/ashfield/v1.1-2026-03-02/chapter-d-precinct-guidelines.pdf
123476,78,[78],78,on_page,source-pdfs/dcps/ashfield/v1.1-2026-03-02/chapter-d-precinct-guidelines.pdf
123489,173,[173],173,on_page,source-pdfs/dcps/ashfield/v1.1-2026-03-02/chapter-d-precinct-guidelines.pdf
123495,173,[173],173,on_page,source-pdfs/dcps/ashfield/v1.1-2026-03-02/chapter-d-precinct-guidelines.pdf
123500,174,[174],174,on_page,source-pdfs/dcps/ashfield/v1.1-2026-03-02/chapter-d-precinct-guidelines.pdf
123501,174,[174],174,on_page,source-pdfs/dcps/ashfield/v1.1-2026-03-02/chapter-d-precinct-guidelines.pdf
123503,174,[174],174,on_page,source-pdfs/dcps/ashfield/v1.1-2026-03-02/chapter-d-precinct-guidelines.pdf
123504,174,[174],174,on_page,source-pdfs/dcps/ashfield/v1.1-2026-03-02/chapter-d-precinct-guidelines.pdf
123505,174,[174],174,on_page,source-pdfs/dcps/ashfield/v1.1-2026-03-02/chapter-d-precinct-guidelines.pdf
123507,175,[175],175,on_page,source-pdfs/dcps/ashfield/v1.1-2026-03-02/chapter-d-precinct-guidelines.pdf
123513,94,[94],94,on_page,source-pdfs/dcps/ashfield/v1.1-2026-03-02/chapter-d-precinct-guidelines.pdf
123521,176,[176],176,on_page,source-pdfs/dcps/ashfield/v1.1-2026-03-02/chapter-d-precinct-guidelines.pdf
123540,177,[177],177,on_page,source-pdfs/dcps/ashfield/v1.1-2026-03-02/chapter-d-precinct-guidelines.pdf
123544,177,[177],177,on_page,source-pdfs/dcps/ashfield/v1.1-2026-03-02/chapter-d-precinct-guidelines.pdf
123549,177,[177],177,on_page,source-pdfs/dcps/ashfield/v1.1-2026-03-02/chapter-d-precinct-guidelines.pdf
123567,186,[186],186,on_page,source-pdfs/dcps/ashfield/v1.1-2026-03-02/chapter-d-precinct-guidelines.pdf
123568,186,[186],186,on_page,source-pdfs/dcps/ashfield/v1.1-2026-03-02/chapter-d-precinct-guidelines.pdf
123570,78,[78],78,on_page,source-pdfs/dcps/ashfield/v1.1-2026-03-02/chapter-d-precinct-guidelines.pdf
123577,190,[190],190,on_page,source-pdfs/dcps/ashfield/v1.1-2026-03-02/chapter-d-precinct-guidelines.pdf
123579,190,[190],190,on_page,source-pdfs/dcps/ashfield/v1.1-2026-03-02/chapter-d-precinct-guidelines.pdf
123592,194,[194],194,on_page,source-pdfs/dcps/ashfield/v1.1-2026-03-02/chapter-d-precinct-guidelines.pdf
123596,194,[194],194,on_page,source-pdfs/dcps/ashfield/v1.1-2026-03-02/chapter-d-precinct-guidelines.pdf
123601,195,[195],195,on_page,source-pdfs/dcps/ashfield/v1.1-2026-03-02/chapter-d-precinct-guidelines.pdf
123243,94,[94],94,on_page,source-pdfs/dcps/ashfield/v1.1-2026-03-02/chapter-d-precinct-guidelines.pdf
123057,31,[31],31,on_page,source-pdfs/dcps/ashfield/v1.1-2026-03-02/chapter-d-precinct-guidelines.pdf
123238,106,[106],106,on_page,source-pdfs/dcps/ashfield/v1.1-2026-03-02/chapter-d-precinct-guidelines.pdf
123426,149,[149],149,on_page,source-pdfs/dcps/ashfield/v1.1-2026-03-02/chapter-d-precinct-guidelines.pdf
123562,165,[165],165,on_page,source-pdfs/dcps/ashfield/v1.1-2026-03-02/chapter-d-precinct-guidelines.pdf
123536,177,[177],177,on_page,source-pdfs/dcps/ashfield/v1.1-2026-03-02/chapter-d-precinct-guidelines.pdf
123541,177,[177],177,on_page,source-pdfs/dcps/ashfield/v1.1-2026-03-02/chapter-d-precinct-guidelines.pdf
123547,177,[177],177,on_page,source-pdfs/dcps/ashfield/v1.1-2026-03-02/chapter-d-precinct-guidelines.pdf
123556,185,[185],185,on_page,source-pdfs/dcps/ashfield/v1.1-2026-03-02/chapter-d-precinct-guidelines.pdf
123557,185,[185],185,on_page,source-pdfs/dcps/ashfield/v1.1-2026-03-02/chapter-d-precinct-guidelines.pdf
123573,189,[189],189,on_page,source-pdfs/dcps/ashfield/v1.1-2026-03-02/chapter-d-precinct-guidelines.pdf
123605,198,[198],209,on_page,source-pdfs/dcps/ashfield/v1.1-2026-03-02/chapter-d-precinct-guidelines.pdf
123482,172,[172],172,on_page,source-pdfs/dcps/ashfield/v1.1-2026-03-02/chapter-d-precinct-guidelines.pdf
122992,13,[13],13,on_page,source-pdfs/dcps/ashfield/v1.1-2026-03-02/chapter-d-precinct-guidelines.pdf
123074,37,[37],37,on_page,source-pdfs/dcps/ashfield/v1.1-2026-03-02/chapter-d-precinct-guidelines.pdf
123116,51,[51],51,on_page,source-pdfs/dcps/ashfield/v1.1-2026-03-02/chapter-d-precinct-guidelines.pdf
123163,66,[66],66,on_page,source-pdfs/dcps/ashfield/v1.1-2026-03-02/chapter-d-precinct-guidelines.pdf
123378,138,[138],138,on_page,source-pdfs/dcps/ashfield/v1.1-2026-03-02/chapter-d-precinct-guidelines.pdf
123391,140,[140],140,on_page,source-pdfs/dcps/ashfield/v1.1-2026-03-02/chapter-d-precinct-guidelines.pdf
123525,176,[176],176,on_page,source-pdfs/dcps/ashfield/v1.1-2026-03-02/chapter-d-precinct-guidelines.pdf
123598,195,[195],195,on_page,source-pdfs/dcps/ashfield/v1.1-2026-03-02/chapter-d-precinct-guidelines.pdf
123023,21,[21],21,on_page,source-pdfs/dcps/ashfield/v1.1-2026-03-02/chapter-d-precinct-guidelines.pdf
123309,103,[103],103,on_page,source-pdfs/dcps/ashfield/v1.1-2026-03-02/chapter-d-precinct-guidelines.pdf
123322,95,[95],95,on_page,source-pdfs/dcps/ashfield/v1.1-2026-03-02/chapter-d-precinct-guidelines.pdf
123368,137,[137],137,on_page,source-pdfs/dcps/ashfield/v1.1-2026-03-02/chapter-d-precinct-guidelines.pdf
123408,143,[143],143,on_page,source-pdfs/dcps/ashfield/v1.1-2026-03-02/chapter-d-precinct-guidelines.pdf
123435,150,[150],150,on_page,source-pdfs/dcps/ashfield/v1.1-2026-03-02/chapter-d-precinct-guidelines.pdf
123477,166,[166],166,on_page,source-pdfs/dcps/ashfield/v1.1-2026-03-02/chapter-d-precinct-guidelines.pdf
123519,176,[176],176,on_page,source-pdfs/dcps/ashfield/v1.1-2026-03-02/chapter-d-precinct-guidelines.pdf
87297,59,null,,,
122978,5,[5],5,on_page,source-pdfs/dcps/ashfield/v1.1-2026-03-02/chapter-d-precinct-guidelines.pdf
123317,105,[105],105,on_page,source-pdfs/dcps/ashfield/v1.1-2026-03-02/chapter-d-precinct-guidelines.pdf
123269,95,[95],95,on_page,source-pdfs/dcps/ashfield/v1.1-2026-03-02/chapter-d-precinct-guidelines.pdf
123585,191,[191],191,on_page,source-pdfs/dcps/ashfield/v1.1-2026-03-02/chapter-d-precinct-guidelines.pdf
123586,191,[191],191,on_page,source-pdfs/dcps/ashfield/v1.1-2026-03-02/chapter-d-precinct-guidelines.pdf
122973,4,[4],4,on_page,source-pdfs/dcps/ashfield/v1.1-2026-03-02/chapter-d-precinct-guidelines.pdf
122972,3,[3],,unresolved,source-pdfs/dcps/ashfield/v1.1-2026-03-02/chapter-d-precinct-guidelines.pdf
122977,5,[5],5,on_page,source-pdfs/dcps/ashfield/v1.1-2026-03-02/chapter-d-precinct-guidelines.pdf
122985,6,[6],6,on_page,source-pdfs/dcps/ashfield/v1.1-2026-03-02/chapter-d-precinct-guidelines.pdf
122993,13,[13],13,on_page,source-pdfs/dcps/ashfield/v1.1-2026-03-02/chapter-d-precinct-guidelines.pdf
123034,25,[25],25,on_page,source-pdfs/dcps/ashfield/v1.1-2026-03-02/chapter-d-precinct-guidelines.pdf
123035,25,[25],25,on_page,source-pdfs/dcps/ashfield/v1.1-2026-03-02/chapter-d-precinct-guidelines.pdf
123037,3,[3],,too_short,source-pdfs/dcps/ashfield/v1.1-2026-03-02/chapter-d-precinct-guidelines.pdf
123046,26,[26],26,on_page,source-pdfs/dcps/ashfield/v1.1-2026-03-02/chapter-d-precinct-guidelines.pdf
123055,31,[31],31,on_page,source-pdfs/dcps/ashfield/v1.1-2026-03-02/chapter-d-precinct-guidelines.pdf
123069,36,[36],36,on_page,source-pdfs/dcps/ashfield/v1.1-2026-03-02/chapter-d-precinct-guidelines.pdf
123076,38,[38],38,on_page,source-pdfs/dcps/ashfield/v1.1-2026-03-02/chapter-d-precinct-guidelines.pdf
123080,38,[38],38,on_page,source-pdfs/dcps/ashfield/v1.1-2026-03-02/chapter-d-precinct-guidelines.pdf
123087,42,[42],42,on_page,source-pdfs/dcps/ashfield/v1.1-2026-03-02/chapter-d-precinct-guidelines.pdf
123103,46,[46],46,on_page,source-pdfs/dcps/ashfield/v1.1-2026-03-02/chapter-d-precinct-guidelines.pdf
123121,52,[52],52,on_page,source-pdfs/dcps/ashfield/v1.1-2026-03-02/chapter-d-precinct-guidelines.pdf
123145,56,[56],56,on_page,source-pdfs/dcps/ashfield/v1.1-2026-03-02/chapter-d-precinct-guidelines.pdf
123198,77,[77],77,on_page,source-pdfs/dcps/ashfield/v1.1-2026-03-02/chapter-d-precinct-guidelines.pdf
123209,58,[58],,too_short,source-pdfs/dcps/ashfield/v1.1-2026-03-02/chapter-d-precinct-guidelines.pdf
123257,92,[92],92,on_page,source-pdfs/dcps/ashfield/v1.1-2026-03-02/chapter-d-precinct-guidelines.pdf
123262,93,[93],93,on_page,source-pdfs/dcps/ashfield/v1.1-2026-03-02/chapter-d-precinct-guidelines.pdf
123285,99,[99],99,on_page,source-pdfs/dcps/ashfield/v1.1-2026-03-02/chapter-d-precinct-guidelines.pdf
123377,138,[138],138,on_page,source-pdfs/dcps/ashfield/v1.1-2026-03-02/chapter-d-precinct-guidelines.pdf
123383,139,[139],139,on_page,source-pdfs/dcps/ashfield/v1.1-2026-03-02/chapter-d-precinct-guidelines.pdf
123394,142,[142],142,on_page,source-pdfs/dcps/ashfield/v1.1-2026-03-02/chapter-d-precinct-guidelines.pdf
123414,148,[148],148,on_page,source-pdfs/dcps/ashfield/v1.1-2026-03-02/chapter-d-precinct-guidelines.pdf
123460,162,[162],162,on_page,source-pdfs/dcps/ashfield/v1.1-2026-03-02/chapter-d-precinct-guidelines.pdf
123463,165,[165],165,on_page,source-pdfs/dcps/ashfield/v1.1-2026-03-02/chapter-d-precinct-guidelines.pdf
123478,169,[169],,unresolved,source-pdfs/dcps/ashfield/v1.1-2026-03-02/chapter-d-precinct-guidelines.pdf
123480,170,[170],170,on_page,source-pdfs/dcps/ashfield/v1.1-2026-03-02/chapter-d-precinct-guidelines.pdf
123498,174,[174],174,on_page,source-pdfs/dcps/ashfield/v1.1-2026-03-02/chapter-d-precinct-guidelines.pdf
123550,181,[181],181,on_page,source-pdfs/dcps/ashfield/v1.1-2026-03-02/chapter-d-precinct-guidelines.pdf
123560,185,[185],185,on_page,source-pdfs/dcps/ashfield/v1.1-2026-03-02/chapter-d-precinct-guidelines.pdf
123611,201,[201],212,on_page,source-pdfs/dcps/ashfield/v1.1-2026-03-02/chapter-d-precinct-guidelines.pdf
123606,198,[198],209,on_page,source-pdfs/dcps/ashfield/v1.1-2026-03-02/chapter-d-precinct-guidelines.pdf
123555,185,[185],185,on_page,source-pdfs/dcps/ashfield/v1.1-2026-03-02/chapter-d-precinct-guidelines.pdf
123397,142,[142],142,on_page,source-pdfs/dcps/ashfield/v1.1-2026-03-02/chapter-d-precinct-guidelines.pdf
123584,188,[188],,too_short,source-pdfs/dcps/ashfield/v1.1-2026-03-02/chapter-d-precinct-guidelines.pdf
123502,169,[169],,unresolved,source-pdfs/dcps/ashfield/v1.1-2026-03-02/chapter-d-precinct-guidelines.pdf
123028,25,[25],25,on_page,source-pdfs/dcps/ashfield/v1.1-2026-03-02/chapter-d-precinct-guidelines.pdf
123065,35,[35],35,on_page,source-pdfs/dcps/ashfield/v1.1-2026-03-02/chapter-d-precinct-guidelines.pdf
123095,45,[45],45,on_page,source-pdfs/dcps/ashfield/v1.1-2026-03-02/chapter-d-precinct-guidelines.pdf
123278,98,[98],98,on_page,source-pdfs/dcps/ashfield/v1.1-2026-03-02/chapter-d-precinct-guidelines.pdf
123194,76,[76],76,on_page,source-pdfs/dcps/ashfield/v1.1-2026-03-02/chapter-d-precinct-guidelines.pdf
122979,6,[6],6,on_page,source-pdfs/dcps/ashfield/v1.1-2026-03-02/chapter-d-precinct-guidelines.pdf
122980,6,[6],6,on_page,source-pdfs/dcps/ashfield/v1.1-2026-03-02/chapter-d-precinct-guidelines.pdf
122982,6,[6],6,on_page,source-pdfs/dcps/ashfield/v1.1-2026-03-02/chapter-d-precinct-guidelines.pdf
122983,6,[6],6,on_page,source-pdfs/dcps/ashfield/v1.1-2026-03-02/chapter-d-precinct-guidelines.pdf
122986,12,[12],12,on_page,source-pdfs/dcps/ashfield/v1.1-2026-03-02/chapter-d-precinct-guidelines.pdf
122988,12,[12],12,on_page,source-pdfs/dcps/ashfield/v1.1-2026-03-02/chapter-d-precinct-guidelines.pdf
122990,12,[12],12,on_page,source-pdfs/dcps/ashfield/v1.1-2026-03-02/chapter-d-precinct-guidelines.pdf
122991,13,[13],13,on_page,source-pdfs/dcps/ashfield/v1.1-2026-03-02/chapter-d-precinct-guidelines.pdf
122995,14,[14],14,on_page,source-pdfs/dcps/ashfield/v1.1-2026-03-02/chapter-d-precinct-guidelines.pdf
122997,3,[3],,unresolved,source-pdfs/dcps/ashfield/v1.1-2026-03-02/chapter-d-precinct-guidelines.pdf
123005,18,[18],18,on_page,source-pdfs/dcps/ashfield/v1.1-2026-03-02/chapter-d-precinct-guidelines.pdf
123008,20,[20],20,on_page,source-pdfs/dcps/ashfield/v1.1-2026-03-02/chapter-d-precinct-guidelines.pdf
123010,20,[20],20,on_page,source-pdfs/dcps/ashfield/v1.1-2026-03-02/chapter-d-precinct-guidelines.pdf
123017,20,[20],20,on_page,source-pdfs/dcps/ashfield/v1.1-2026-03-02/chapter-d-precinct-guidelines.pdf
123018,3,[3],,unresolved,source-pdfs/dcps/ashfield/v1.1-2026-03-02/chapter-d-precinct-guidelines.pdf
123021,21,[21],21,on_page,source-pdfs/dcps/ashfield/v1.1-2026-03-02/chapter-d-precinct-guidelines.pdf
123022,21,[21],21,on_page,source-pdfs/dcps/ashfield/v1.1-2026-03-02/chapter-d-precinct-guidelines.pdf
123024,22,[22],22,on_page,source-pdfs/dcps/ashfield/v1.1-2026-03-02/chapter-d-precinct-guidelines.pdf
123025,3,[3],,unresolved,source-pdfs/dcps/ashfield/v1.1-2026-03-02/chapter-d-precinct-guidelines.pdf
123030,25,[25],25,on_page,source-pdfs/dcps/ashfield/v1.1-2026-03-02/chapter-d-precinct-guidelines.pdf
123031,25,[25],25,on_page,source-pdfs/dcps/ashfield/v1.1-2026-03-02/chapter-d-precinct-guidelines.pdf
123033,25,[25],25,on_page,source-pdfs/dcps/ashfield/v1.1-2026-03-02/chapter-d-precinct-guidelines.pdf
123039,26,[26],26,on_page,source-pdfs/dcps/ashfield/v1.1-2026-03-02/chapter-d-precinct-guidelines.pdf
123040,3,[3],,unresolved,source-pdfs/dcps/ashfield/v1.1-2026-03-02/chapter-d-precinct-guidelines.pdf
123042,26,[26],26,on_page,source-pdfs/dcps/ashfield/v1.1-2026-03-02/chapter-d-precinct-guidelines.pdf
123048,35,[35],35,on_page,source-pdfs/dcps/ashfield/v1.1-2026-03-02/chapter-d-precinct-guidelines.pdf
123051,30,[30],30,on_page,source-pdfs/dcps/ashfield/v1.1-2026-03-02/chapter-d-precinct-guidelines.pdf
123052,30,[30],30,on_page,source-pdfs/dcps/ashfield/v1.1-2026-03-02/chapter-d-precinct-guidelines.pdf
123056,31,[31],31,on_page,source-pdfs/dcps/ashfield/v1.1-2026-03-02/chapter-d-precinct-guidelines.pdf
123058,32,[32],32,on_page,source-pdfs/dcps/ashfield/v1.1-2026-03-02/chapter-d-precinct-guidelines.pdf
123060,32,[32],32,on_page,source-pdfs/dcps/ashfield/v1.1-2026-03-02/chapter-d-precinct-guidelines.pdf
123062,32,[32],32,on_page,source-pdfs/dcps/ashfield/v1.1-2026-03-02/chapter-d-precinct-guidelines.pdf
123064,33,[33],33,on_page,source-pdfs/dcps/ashfield/v1.1-2026-03-02/chapter-d-precinct-guidelines.pdf
123079,38,[38],38,on_page,source-pdfs/dcps/ashfield/v1.1-2026-03-02/chapter-d-precinct-guidelines.pdf
123085,41,[41],,unresolved,source-pdfs/dcps/ashfield/v1.1-2026-03-02/chapter-d-precinct-guidelines.pdf
123088,44,[44],44,on_page,source-pdfs/dcps/ashfield/v1.1-2026-03-02/chapter-d-precinct-guidelines.pdf
123086,41,[41],,unresolved,source-pdfs/dcps/ashfield/v1.1-2026-03-02/chapter-d-precinct-guidelines.pdf
123089,44,[44],44,on_page,source-pdfs/dcps/ashfield/v1.1-2026-03-02/chapter-d-precinct-guidelines.pdf
123092,44,[44],44,on_page,source-pdfs/dcps/ashfield/v1.1-2026-03-02/chapter-d-precinct-guidelines.pdf
123097,46,[46],46,on_page,source-pdfs/dcps/ashfield/v1.1-2026-03-02/chapter-d-precinct-guidelines.pdf
123094,44,[44],44,on_page,source-pdfs/dcps/ashfield/v1.1-2026-03-02/chapter-d-precinct-guidelines.pdf
123098,46,[46],46,on_page,source-pdfs/dcps/ashfield/v1.1-2026-03-02/chapter-d-precinct-guidelines.pdf
123099,46,[46],46,on_page,source-pdfs/dcps/ashfield/v1.1-2026-03-02/chapter-d-precinct-guidelines.pdf
123100,46,[46],46,on_page,source-pdfs/dcps/ashfield/v1.1-2026-03-02/chapter-d-precinct-guidelines.pdf
123101,46,[46],46,on_page,source-pdfs/dcps/ashfield/v1.1-2026-03-02/chapter-d-precinct-guidelines.pdf
123104,56,[56],56,on_page,source-pdfs/dcps/ashfield/v1.1-2026-03-02/chapter-d-precinct-guidelines.pdf
123106,49,[49],49,on_page,source-pdfs/dcps/ashfield/v1.1-2026-03-02/chapter-d-precinct-guidelines.pdf
123107,41,[41],,too_short,source-pdfs/dcps/ashfield/v1.1-2026-03-02/chapter-d-precinct-guidelines.pdf
123109,41,[41],,unresolved,source-pdfs/dcps/ashfield/v1.1-2026-03-02/chapter-d-precinct-guidelines.pdf
123110,49,[49],49,on_page,source-pdfs/dcps/ashfield/v1.1-2026-03-02/chapter-d-precinct-guidelines.pdf
123112,50,[50],50,on_page,source-pdfs/dcps/ashfield/v1.1-2026-03-02/chapter-d-precinct-guidelines.pdf
123113,50,[50],50,on_page,source-pdfs/dcps/ashfield/v1.1-2026-03-02/chapter-d-precinct-guidelines.pdf
123114,50,[50],50,on_page,source-pdfs/dcps/ashfield/v1.1-2026-03-02/chapter-d-precinct-guidelines.pdf
123115,51,[51],51,on_page,source-pdfs/dcps/ashfield/v1.1-2026-03-02/chapter-d-precinct-guidelines.pdf
123123,41,[41],,unresolved,source-pdfs/dcps/ashfield/v1.1-2026-03-02/chapter-d-precinct-guidelines.pdf
123120,52,[52],52,on_page,source-pdfs/dcps/ashfield/v1.1-2026-03-02/chapter-d-precinct-guidelines.pdf
123126,41,[41],,unresolved,source-pdfs/dcps/ashfield/v1.1-2026-03-02/chapter-d-precinct-guidelines.pdf
123127,41,[41],,too_short,source-pdfs/dcps/ashfield/v1.1-2026-03-02/chapter-d-precinct-guidelines.pdf
123128,54,[54],54,on_page,source-pdfs/dcps/ashfield/v1.1-2026-03-02/chapter-d-precinct-guidelines.pdf
123129,54,[54],54,on_page,source-pdfs/dcps/ashfield/v1.1-2026-03-02/chapter-d-precinct-guidelines.pdf
123130,54,[54],54,on_page,source-pdfs/dcps/ashfield/v1.1-2026-03-02/chapter-d-precinct-guidelines.pdf
123131,77,[77],77,on_page,source-pdfs/dcps/ashfield/v1.1-2026-03-02/chapter-d-precinct-guidelines.pdf
123132,55,[55],55,on_page,source-pdfs/dcps/ashfield/v1.1-2026-03-02/chapter-d-precinct-guidelines.pdf
123133,55,[55],55,on_page,source-pdfs/dcps/ashfield/v1.1-2026-03-02/chapter-d-precinct-guidelines.pdf
123134,77,[77],77,on_page,source-pdfs/dcps/ashfield/v1.1-2026-03-02/chapter-d-precinct-guidelines.pdf
123135,41,[41],,unresolved,source-pdfs/dcps/ashfield/v1.1-2026-03-02/chapter-d-precinct-guidelines.pdf
123138,55,[55],55,on_page,source-pdfs/dcps/ashfield/v1.1-2026-03-02/chapter-d-precinct-guidelines.pdf
123139,56,[56],56,on_page,source-pdfs/dcps/ashfield/v1.1-2026-03-02/chapter-d-precinct-guidelines.pdf
123140,56,[56],56,on_page,source-pdfs/dcps/ashfield/v1.1-2026-03-02/chapter-d-precinct-guidelines.pdf
123148,59,[59],59,on_page,source-pdfs/dcps/ashfield/v1.1-2026-03-02/chapter-d-precinct-guidelines.pdf
123149,61,[61],61,on_page,source-pdfs/dcps/ashfield/v1.1-2026-03-02/chapter-d-precinct-guidelines.pdf
123150,61,[61],61,on_page,source-pdfs/dcps/ashfield/v1.1-2026-03-02/chapter-d-precinct-guidelines.pdf
123151,61,[61],61,on_page,source-pdfs/dcps/ashfield/v1.1-2026-03-02/chapter-d-precinct-guidelines.pdf
123152,61,[61],61,on_page,source-pdfs/dcps/ashfield/v1.1-2026-03-02/chapter-d-precinct-guidelines.pdf
123154,61,[61],61,on_page,source-pdfs/dcps/ashfield/v1.1-2026-03-02/chapter-d-precinct-guidelines.pdf
123155,61,[61],61,on_page,source-pdfs/dcps/ashfield/v1.1-2026-03-02/chapter-d-precinct-guidelines.pdf
123156,61,[61],61,on_page,source-pdfs/dcps/ashfield/v1.1-2026-03-02/chapter-d-precinct-guidelines.pdf
123157,58,[58],,unresolved,source-pdfs/dcps/ashfield/v1.1-2026-03-02/chapter-d-precinct-guidelines.pdf
123158,62,[62],62,on_page,source-pdfs/dcps/ashfield/v1.1-2026-03-02/chapter-d-precinct-guidelines.pdf
123159,62,[62],62,on_page,source-pdfs/dcps/ashfield/v1.1-2026-03-02/chapter-d-precinct-guidelines.pdf
123170,70,[70],70,on_page,source-pdfs/dcps/ashfield/v1.1-2026-03-02/chapter-d-precinct-guidelines.pdf
123178,72,[72],72,on_page,source-pdfs/dcps/ashfield/v1.1-2026-03-02/chapter-d-precinct-guidelines.pdf
123179,72,[72],72,on_page,source-pdfs/dcps/ashfield/v1.1-2026-03-02/chapter-d-precinct-guidelines.pdf
123180,72,[72],72,on_page,source-pdfs/dcps/ashfield/v1.1-2026-03-02/chapter-d-precinct-guidelines.pdf
123181,51,[51],51,on_page,source-pdfs/dcps/ashfield/v1.1-2026-03-02/chapter-d-precinct-guidelines.pdf
123185,73,[73],73,on_page,source-pdfs/dcps/ashfield/v1.1-2026-03-02/chapter-d-precinct-guidelines.pdf
123187,58,[58],,unresolved,source-pdfs/dcps/ashfield/v1.1-2026-03-02/chapter-d-precinct-guidelines.pdf
123189,58,[58],,unresolved,source-pdfs/dcps/ashfield/v1.1-2026-03-02/chapter-d-precinct-guidelines.pdf
123190,58,[58],,unresolved,source-pdfs/dcps/ashfield/v1.1-2026-03-02/chapter-d-precinct-guidelines.pdf
123195,102,[102],102,on_page,source-pdfs/dcps/ashfield/v1.1-2026-03-02/chapter-d-precinct-guidelines.pdf
123199,77,[77],77,on_page,source-pdfs/dcps/ashfield/v1.1-2026-03-02/chapter-d-precinct-guidelines.pdf
123200,77,[77],77,on_page,source-pdfs/dcps/ashfield/v1.1-2026-03-02/chapter-d-precinct-guidelines.pdf
123201,77,[77],77,on_page,source-pdfs/dcps/ashfield/v1.1-2026-03-02/chapter-d-precinct-guidelines.pdf
123202,78,[78],78,on_page,source-pdfs/dcps/ashfield/v1.1-2026-03-02/chapter-d-precinct-guidelines.pdf
123204,78,[78],78,on_page,source-pdfs/dcps/ashfield/v1.1-2026-03-02/chapter-d-precinct-guidelines.pdf
123206,81,[81],81,on_page,source-pdfs/dcps/ashfield/v1.1-2026-03-02/chapter-d-precinct-guidelines.pdf
123213,81,[81],81,on_page,source-pdfs/dcps/ashfield/v1.1-2026-03-02/chapter-d-precinct-guidelines.pdf
123211,58,[58],,unresolved,source-pdfs/dcps/ashfield/v1.1-2026-03-02/chapter-d-precinct-guidelines.pdf
123217,81,[81],81,on_page,source-pdfs/dcps/ashfield/v1.1-2026-03-02/chapter-d-precinct-guidelines.pdf
123532,169,[169],,too_short,source-pdfs/dcps/ashfield/v1.1-2026-03-02/chapter-d-precinct-guidelines.pdf
123220,82,[82],82,on_page,source-pdfs/dcps/ashfield/v1.1-2026-03-02/chapter-d-precinct-guidelines.pdf
123225,84,[84],,too_short,source-pdfs/dcps/ashfield/v1.1-2026-03-02/chapter-d-precinct-guidelines.pdf
123226,87,[87],87,on_page,source-pdfs/dcps/ashfield/v1.1-2026-03-02/chapter-d-precinct-guidelines.pdf
123229,87,[87],87,on_page,source-pdfs/dcps/ashfield/v1.1-2026-03-02/chapter-d-precinct-guidelines.pdf
123233,87,[87],87,on_page,source-pdfs/dcps/ashfield/v1.1-2026-03-02/chapter-d-precinct-guidelines.pdf
123240,88,[88],88,on_page,source-pdfs/dcps/ashfield/v1.1-2026-03-02/chapter-d-precinct-guidelines.pdf
123244,94,[94],94,on_page,source-pdfs/dcps/ashfield/v1.1-2026-03-02/chapter-d-precinct-guidelines.pdf
123245,84,[84],,too_short,source-pdfs/dcps/ashfield/v1.1-2026-03-02/chapter-d-precinct-guidelines.pdf
123246,95,[95],95,on_page,source-pdfs/dcps/ashfield/v1.1-2026-03-02/chapter-d-precinct-guidelines.pdf
123247,91,[91],91,on_page,source-pdfs/dcps/ashfield/v1.1-2026-03-02/chapter-d-precinct-guidelines.pdf
123249,84,[84],,unresolved,source-pdfs/dcps/ashfield/v1.1-2026-03-02/chapter-d-precinct-guidelines.pdf
123250,84,[84],,too_short,source-pdfs/dcps/ashfield/v1.1-2026-03-02/chapter-d-precinct-guidelines.pdf
123252,84,[84],,too_short,source-pdfs/dcps/ashfield/v1.1-2026-03-02/chapter-d-precinct-guidelines.pdf
123254,92,[92],92,on_page,source-pdfs/dcps/ashfield/v1.1-2026-03-02/chapter-d-precinct-guidelines.pdf
123272,96,[96],,unresolved,source-pdfs/dcps/ashfield/v1.1-2026-03-02/chapter-d-precinct-guidelines.pdf
123276,98,[98],98,on_page,source-pdfs/dcps/ashfield/v1.1-2026-03-02/chapter-d-precinct-guidelines.pdf
123277,98,[98],98,on_page,source-pdfs/dcps/ashfield/v1.1-2026-03-02/chapter-d-precinct-guidelines.pdf
123280,99,[99],99,on_page,source-pdfs/dcps/ashfield/v1.1-2026-03-02/chapter-d-precinct-guidelines.pdf
123283,99,[99],99,on_page,source-pdfs/dcps/ashfield/v1.1-2026-03-02/chapter-d-precinct-guidelines.pdf
123286,96,[96],,too_short,source-pdfs/dcps/ashfield/v1.1-2026-03-02/chapter-d-precinct-guidelines.pdf
123289,106,[106],106,on_page,source-pdfs/dcps/ashfield/v1.1-2026-03-02/chapter-d-precinct-guidelines.pdf
123290,96,[96],,unresolved,source-pdfs/dcps/ashfield/v1.1-2026-03-02/chapter-d-precinct-guidelines.pdf
123292,96,[96],,unresolved,source-pdfs/dcps/ashfield/v1.1-2026-03-02/chapter-d-precinct-guidelines.pdf
123304,103,[103],103,on_page,source-pdfs/dcps/ashfield/v1.1-2026-03-02/chapter-d-precinct-guidelines.pdf
123306,96,[96],,unresolved,source-pdfs/dcps/ashfield/v1.1-2026-03-02/chapter-d-precinct-guidelines.pdf
123311,96,[96],,unresolved,source-pdfs/dcps/ashfield/v1.1-2026-03-02/chapter-d-precinct-guidelines.pdf
123313,94,[94],94,on_page,source-pdfs/dcps/ashfield/v1.1-2026-03-02/chapter-d-precinct-guidelines.pdf
123314,105,[105],105,on_page,source-pdfs/dcps/ashfield/v1.1-2026-03-02/chapter-d-precinct-guidelines.pdf
123321,96,[96],,unresolved,source-pdfs/dcps/ashfield/v1.1-2026-03-02/chapter-d-precinct-guidelines.pdf
123534,169,[169],,too_short,source-pdfs/dcps/ashfield/v1.1-2026-03-02/chapter-d-precinct-guidelines.pdf
123323,96,[96],,too_short,source-pdfs/dcps/ashfield/v1.1-2026-03-02/chapter-d-precinct-guidelines.pdf
123324,96,[96],,unresolved,source-pdfs/dcps/ashfield/v1.1-2026-03-02/chapter-d-precinct-guidelines.pdf
123325,107,[107],,unresolved,source-pdfs/dcps/ashfield/v1.1-2026-03-02/chapter-d-precinct-guidelines.pdf
123327,108,[108],108,on_page,source-pdfs/dcps/ashfield/v1.1-2026-03-02/chapter-d-precinct-guidelines.pdf
123329,116,[116],116,on_page,source-pdfs/dcps/ashfield/v1.1-2026-03-02/chapter-d-precinct-guidelines.pdf
123331,116,[116],116,on_page,source-pdfs/dcps/ashfield/v1.1-2026-03-02/chapter-d-precinct-guidelines.pdf
123335,116,[116],116,on_page,source-pdfs/dcps/ashfield/v1.1-2026-03-02/chapter-d-precinct-guidelines.pdf
123348,107,[107],,too_short,source-pdfs/dcps/ashfield/v1.1-2026-03-02/chapter-d-precinct-guidelines.pdf
123354,120,[120],120,on_page,source-pdfs/dcps/ashfield/v1.1-2026-03-02/chapter-d-precinct-guidelines.pdf
123359,120,[120],120,on_page,source-pdfs/dcps/ashfield/v1.1-2026-03-02/chapter-d-precinct-guidelines.pdf
123361,120,[120],120,on_page,source-pdfs/dcps/ashfield/v1.1-2026-03-02/chapter-d-precinct-guidelines.pdf
123362,121,[121],121,on_page,source-pdfs/dcps/ashfield/v1.1-2026-03-02/chapter-d-precinct-guidelines.pdf
123369,137,[137],137,on_page,source-pdfs/dcps/ashfield/v1.1-2026-03-02/chapter-d-precinct-guidelines.pdf
123370,137,[137],137,on_page,source-pdfs/dcps/ashfield/v1.1-2026-03-02/chapter-d-precinct-guidelines.pdf
123371,137,[137],137,on_page,source-pdfs/dcps/ashfield/v1.1-2026-03-02/chapter-d-precinct-guidelines.pdf
123372,137,[137],137,on_page,source-pdfs/dcps/ashfield/v1.1-2026-03-02/chapter-d-precinct-guidelines.pdf
123381,138,[138],138,on_page,source-pdfs/dcps/ashfield/v1.1-2026-03-02/chapter-d-precinct-guidelines.pdf
123382,139,[139],139,on_page,source-pdfs/dcps/ashfield/v1.1-2026-03-02/chapter-d-precinct-guidelines.pdf
123385,139,[139],139,on_page,source-pdfs/dcps/ashfield/v1.1-2026-03-02/chapter-d-precinct-guidelines.pdf
123404,107,[107],,too_short,source-pdfs/dcps/ashfield/v1.1-2026-03-02/chapter-d-precinct-guidelines.pdf
123406,143,[143],143,on_page,source-pdfs/dcps/ashfield/v1.1-2026-03-02/chapter-d-precinct-guidelines.pdf
123409,143,[143],143,on_page,source-pdfs/dcps/ashfield/v1.1-2026-03-02/chapter-d-precinct-guidelines.pdf
123410,143,[143],143,on_page,source-pdfs/dcps/ashfield/v1.1-2026-03-02/chapter-d-precinct-guidelines.pdf
123412,148,[148],148,on_page,source-pdfs/dcps/ashfield/v1.1-2026-03-02/chapter-d-precinct-guidelines.pdf
123415,148,[148],148,on_page,source-pdfs/dcps/ashfield/v1.1-2026-03-02/chapter-d-precinct-guidelines.pdf
123416,148,[148],148,on_page,source-pdfs/dcps/ashfield/v1.1-2026-03-02/chapter-d-precinct-guidelines.pdf
123417,148,[148],148,on_page,source-pdfs/dcps/ashfield/v1.1-2026-03-02/chapter-d-precinct-guidelines.pdf
123419,149,[149],149,on_page,source-pdfs/dcps/ashfield/v1.1-2026-03-02/chapter-d-precinct-guidelines.pdf
123420,149,[149],149,on_page,source-pdfs/dcps/ashfield/v1.1-2026-03-02/chapter-d-precinct-guidelines.pdf
123427,149,[149],149,on_page,source-pdfs/dcps/ashfield/v1.1-2026-03-02/chapter-d-precinct-guidelines.pdf
123428,149,[149],149,on_page,source-pdfs/dcps/ashfield/v1.1-2026-03-02/chapter-d-precinct-guidelines.pdf
123610,200,[200],211,on_page,source-pdfs/dcps/ashfield/v1.1-2026-03-02/chapter-d-precinct-guidelines.pdf
123434,150,[150],150,on_page,source-pdfs/dcps/ashfield/v1.1-2026-03-02/chapter-d-precinct-guidelines.pdf
123436,151,[151],151,on_page,source-pdfs/dcps/ashfield/v1.1-2026-03-02/chapter-d-precinct-guidelines.pdf
123437,151,[151],151,on_page,source-pdfs/dcps/ashfield/v1.1-2026-03-02/chapter-d-precinct-guidelines.pdf
123439,156,[156],,unresolved,source-pdfs/dcps/ashfield/v1.1-2026-03-02/chapter-d-precinct-guidelines.pdf
123442,156,[156],,too_short,source-pdfs/dcps/ashfield/v1.1-2026-03-02/chapter-d-precinct-guidelines.pdf
123444,159,[159],159,on_page,source-pdfs/dcps/ashfield/v1.1-2026-03-02/chapter-d-precinct-guidelines.pdf
123445,99,[99],99,on_page,source-pdfs/dcps/ashfield/v1.1-2026-03-02/chapter-d-precinct-guidelines.pdf
123450,159,[159],159,on_page,source-pdfs/dcps/ashfield/v1.1-2026-03-02/chapter-d-precinct-guidelines.pdf
123452,160,[160],160,on_page,source-pdfs/dcps/ashfield/v1.1-2026-03-02/chapter-d-precinct-guidelines.pdf
123453,156,[156],,too_short,source-pdfs/dcps/ashfield/v1.1-2026-03-02/chapter-d-precinct-guidelines.pdf
123454,160,[160],160,on_page,source-pdfs/dcps/ashfield/v1.1-2026-03-02/chapter-d-precinct-guidelines.pdf
123455,160,[160],160,on_page,source-pdfs/dcps/ashfield/v1.1-2026-03-02/chapter-d-precinct-guidelines.pdf
123456,162,[162],162,on_page,source-pdfs/dcps/ashfield/v1.1-2026-03-02/chapter-d-precinct-guidelines.pdf
123458,162,[162],162,on_page,source-pdfs/dcps/ashfield/v1.1-2026-03-02/chapter-d-precinct-guidelines.pdf
123466,165,[165],165,on_page,source-pdfs/dcps/ashfield/v1.1-2026-03-02/chapter-d-precinct-guidelines.pdf
123469,156,[156],,unresolved,source-pdfs/dcps/ashfield/v1.1-2026-03-02/chapter-d-precinct-guidelines.pdf
123471,166,[166],166,on_page,source-pdfs/dcps/ashfield/v1.1-2026-03-02/chapter-d-precinct-guidelines.pdf
123472,166,[166],166,on_page,source-pdfs/dcps/ashfield/v1.1-2026-03-02/chapter-d-precinct-guidelines.pdf
123522,176,[176],176,on_page,source-pdfs/dcps/ashfield/v1.1-2026-03-02/chapter-d-precinct-guidelines.pdf
123479,170,[170],170,on_page,source-pdfs/dcps/ashfield/v1.1-2026-03-02/chapter-d-precinct-guidelines.pdf
123481,172,[172],172,on_page,source-pdfs/dcps/ashfield/v1.1-2026-03-02/chapter-d-precinct-guidelines.pdf
123484,172,[172],172,on_page,source-pdfs/dcps/ashfield/v1.1-2026-03-02/chapter-d-precinct-guidelines.pdf
123485,172,[172],172,on_page,source-pdfs/dcps/ashfield/v1.1-2026-03-02/chapter-d-precinct-guidelines.pdf
123486,172,[172],172,on_page,source-pdfs/dcps/ashfield/v1.1-2026-03-02/chapter-d-precinct-guidelines.pdf
123488,173,[173],173,on_page,source-pdfs/dcps/ashfield/v1.1-2026-03-02/chapter-d-precinct-guidelines.pdf
123491,173,[173],173,on_page,source-pdfs/dcps/ashfield/v1.1-2026-03-02/chapter-d-precinct-guidelines.pdf
123492,173,[173],173,on_page,source-pdfs/dcps/ashfield/v1.1-2026-03-02/chapter-d-precinct-guidelines.pdf
123494,94,[94],94,on_page,source-pdfs/dcps/ashfield/v1.1-2026-03-02/chapter-d-precinct-guidelines.pdf
123499,174,[174],174,on_page,source-pdfs/dcps/ashfield/v1.1-2026-03-02/chapter-d-precinct-guidelines.pdf
123212,81,[81],81,on_page,source-pdfs/dcps/ashfield/v1.1-2026-03-02/chapter-d-precinct-guidelines.pdf
123509,175,[175],175,on_page,source-pdfs/dcps/ashfield/v1.1-2026-03-02/chapter-d-precinct-guidelines.pdf
123510,175,[175],175,on_page,source-pdfs/dcps/ashfield/v1.1-2026-03-02/chapter-d-precinct-guidelines.pdf
123511,175,[175],175,on_page,source-pdfs/dcps/ashfield/v1.1-2026-03-02/chapter-d-precinct-guidelines.pdf
123514,94,[94],94,on_page,source-pdfs/dcps/ashfield/v1.1-2026-03-02/chapter-d-precinct-guidelines.pdf
123524,176,[176],176,on_page,source-pdfs/dcps/ashfield/v1.1-2026-03-02/chapter-d-precinct-guidelines.pdf
123530,176,[176],176,on_page,source-pdfs/dcps/ashfield/v1.1-2026-03-02/chapter-d-precinct-guidelines.pdf
123533,176,[176],176,on_page,source-pdfs/dcps/ashfield/v1.1-2026-03-02/chapter-d-precinct-guidelines.pdf
123548,177,[177],177,on_page,source-pdfs/dcps/ashfield/v1.1-2026-03-02/chapter-d-precinct-guidelines.pdf
123553,183,[183],,too_short,source-pdfs/dcps/ashfield/v1.1-2026-03-02/chapter-d-precinct-guidelines.pdf
123554,185,[185],185,on_page,source-pdfs/dcps/ashfield/v1.1-2026-03-02/chapter-d-precinct-guidelines.pdf
123558,185,[185],185,on_page,source-pdfs/dcps/ashfield/v1.1-2026-03-02/chapter-d-precinct-guidelines.pdf
123561,165,[165],165,on_page,source-pdfs/dcps/ashfield/v1.1-2026-03-02/chapter-d-precinct-guidelines.pdf
123575,188,[188],,too_short,source-pdfs/dcps/ashfield/v1.1-2026-03-02/chapter-d-precinct-guidelines.pdf
123587,191,[191],191,on_page,source-pdfs/dcps/ashfield/v1.1-2026-03-02/chapter-d-precinct-guidelines.pdf
123588,193,[193],,unresolved,source-pdfs/dcps/ashfield/v1.1-2026-03-02/chapter-d-precinct-guidelines.pdf
123597,195,[195],195,on_page,source-pdfs/dcps/ashfield/v1.1-2026-03-02/chapter-d-precinct-guidelines.pdf
123604,198,[198],209,on_page,source-pdfs/dcps/ashfield/v1.1-2026-03-02/chapter-d-precinct-guidelines.pdf
123339,116,[116],116,on_page,source-pdfs/dcps/ashfield/v1.1-2026-03-02/chapter-d-precinct-guidelines.pdf
123016,3,[3],,unresolved,source-pdfs/dcps/ashfield/v1.1-2026-03-02/chapter-d-precinct-guidelines.pdf
123122,52,[52],52,on_page,source-pdfs/dcps/ashfield/v1.1-2026-03-02/chapter-d-precinct-guidelines.pdf
123341,116,[116],116,on_page,source-pdfs/dcps/ashfield/v1.1-2026-03-02/chapter-d-precinct-guidelines.pdf
123543,177,[177],177,on_page,source-pdfs/dcps/ashfield/v1.1-2026-03-02/chapter-d-precinct-guidelines.pdf
123223,84,[84],,unresolved,source-pdfs/dcps/ashfield/v1.1-2026-03-02/chapter-d-precinct-guidelines.pdf
123215,81,[81],81,on_page,source-pdfs/dcps/ashfield/v1.1-2026-03-02/chapter-d-precinct-guidelines.pdf
123231,87,[87],87,on_page,source-pdfs/dcps/ashfield/v1.1-2026-03-02/chapter-d-precinct-guidelines.pdf
123248,91,[91],91,on_page,source-pdfs/dcps/ashfield/v1.1-2026-03-02/chapter-d-precinct-guidelines.pdf
123328,107,[107],,too_short,source-pdfs/dcps/ashfield/v1.1-2026-03-02/chapter-d-precinct-guidelines.pdf
123497,174,[174],174,on_page,source-pdfs/dcps/ashfield/v1.1-2026-03-02/chapter-d-precinct-guidelines.pdf
123526,176,[176],176,on_page,source-pdfs/dcps/ashfield/v1.1-2026-03-02/chapter-d-precinct-guidelines.pdf
123538,177,[177],177,on_page,source-pdfs/dcps/ashfield/v1.1-2026-03-02/chapter-d-precinct-guidelines.pdf
123542,177,[177],177,on_page,source-pdfs/dcps/ashfield/v1.1-2026-03-02/chapter-d-precinct-guidelines.pdf
123564,185,[185],185,on_page,source-pdfs/dcps/ashfield/v1.1-2026-03-02/chapter-d-precinct-guidelines.pdf
123565,186,[186],186,on_page,source-pdfs/dcps/ashfield/v1.1-2026-03-02/chapter-d-precinct-guidelines.pdf
123569,103,[103],103,on_page,source-pdfs/dcps/ashfield/v1.1-2026-03-02/chapter-d-precinct-guidelines.pdf
123563,183,[183],,unresolved,source-pdfs/dcps/ashfield/v1.1-2026-03-02/chapter-d-precinct-guidelines.pdf
87453,182,null,,,
123011,20,[20],20,on_page,source-pdfs/dcps/ashfield/v1.1-2026-03-02/chapter-d-precinct-guidelines.pdf
123251,95,[95],95,on_page,source-pdfs/dcps/ashfield/v1.1-2026-03-02/chapter-d-precinct-guidelines.pdf
123270,95,[95],95,on_page,source-pdfs/dcps/ashfield/v1.1-2026-03-02/chapter-d-precinct-guidelines.pdf
123047,26,[26],26,on_page,source-pdfs/dcps/ashfield/v1.1-2026-03-02/chapter-d-precinct-guidelines.pdf
123236,94,[94],94,on_page,source-pdfs/dcps/ashfield/v1.1-2026-03-02/chapter-d-precinct-guidelines.pdf
123551,183,[183],,unresolved,source-pdfs/dcps/ashfield/v1.1-2026-03-02/chapter-d-precinct-guidelines.pdf
122971,3,[3],,unresolved,source-pdfs/dcps/ashfield/v1.1-2026-03-02/chapter-d-precinct-guidelines.pdf
122981,6,[6],6,on_page,source-pdfs/dcps/ashfield/v1.1-2026-03-02/chapter-d-precinct-guidelines.pdf
123009,20,[20],20,on_page,source-pdfs/dcps/ashfield/v1.1-2026-03-02/chapter-d-precinct-guidelines.pdf
123014,20,[20],20,on_page,source-pdfs/dcps/ashfield/v1.1-2026-03-02/chapter-d-precinct-guidelines.pdf
123029,25,[25],25,on_page,source-pdfs/dcps/ashfield/v1.1-2026-03-02/chapter-d-precinct-guidelines.pdf
123068,36,[36],36,on_page,source-pdfs/dcps/ashfield/v1.1-2026-03-02/chapter-d-precinct-guidelines.pdf
123096,46,[46],46,on_page,source-pdfs/dcps/ashfield/v1.1-2026-03-02/chapter-d-precinct-guidelines.pdf
123102,46,[46],46,on_page,source-pdfs/dcps/ashfield/v1.1-2026-03-02/chapter-d-precinct-guidelines.pdf
123125,41,[41],,unresolved,source-pdfs/dcps/ashfield/v1.1-2026-03-02/chapter-d-precinct-guidelines.pdf
123147,58,[58],,unresolved,source-pdfs/dcps/ashfield/v1.1-2026-03-02/chapter-d-precinct-guidelines.pdf
123162,62,[62],62,on_page,source-pdfs/dcps/ashfield/v1.1-2026-03-02/chapter-d-precinct-guidelines.pdf
123165,66,[66],66,on_page,source-pdfs/dcps/ashfield/v1.1-2026-03-02/chapter-d-precinct-guidelines.pdf
123169,58,[58],,unresolved,source-pdfs/dcps/ashfield/v1.1-2026-03-02/chapter-d-precinct-guidelines.pdf
123176,58,[58],,too_short,source-pdfs/dcps/ashfield/v1.1-2026-03-02/chapter-d-precinct-guidelines.pdf
123182,73,[73],73,on_page,source-pdfs/dcps/ashfield/v1.1-2026-03-02/chapter-d-precinct-guidelines.pdf
123196,102,[102],102,on_page,source-pdfs/dcps/ashfield/v1.1-2026-03-02/chapter-d-precinct-guidelines.pdf
123222,84,[84],,unresolved,source-pdfs/dcps/ashfield/v1.1-2026-03-02/chapter-d-precinct-guidelines.pdf
123232,87,[87],87,on_page,source-pdfs/dcps/ashfield/v1.1-2026-03-02/chapter-d-precinct-guidelines.pdf
123256,84,[84],,too_short,source-pdfs/dcps/ashfield/v1.1-2026-03-02/chapter-d-precinct-guidelines.pdf
123273,96,[96],,unresolved,source-pdfs/dcps/ashfield/v1.1-2026-03-02/chapter-d-precinct-guidelines.pdf
123281,99,[99],99,on_page,source-pdfs/dcps/ashfield/v1.1-2026-03-02/chapter-d-precinct-guidelines.pdf
123330,116,[116],116,on_page,source-pdfs/dcps/ashfield/v1.1-2026-03-02/chapter-d-precinct-guidelines.pdf
123332,107,[107],,too_short,source-pdfs/dcps/ashfield/v1.1-2026-03-02/chapter-d-precinct-guidelines.pdf
123347,139,[139],139,on_page,source-pdfs/dcps/ashfield/v1.1-2026-03-02/chapter-d-precinct-guidelines.pdf
123396,142,[142],142,on_page,source-pdfs/dcps/ashfield/v1.1-2026-03-02/chapter-d-precinct-guidelines.pdf
123423,149,[149],149,on_page,source-pdfs/dcps/ashfield/v1.1-2026-03-02/chapter-d-precinct-guidelines.pdf
123467,102,[102],102,on_page,source-pdfs/dcps/ashfield/v1.1-2026-03-02/chapter-d-precinct-guidelines.pdf
123487,172,[172],172,on_page,source-pdfs/dcps/ashfield/v1.1-2026-03-02/chapter-d-precinct-guidelines.pdf
123512,175,[175],175,on_page,source-pdfs/dcps/ashfield/v1.1-2026-03-02/chapter-d-precinct-guidelines.pdf
123531,176,[176],176,on_page,source-pdfs/dcps/ashfield/v1.1-2026-03-02/chapter-d-precinct-guidelines.pdf
123574,190,[190],190,on_page,source-pdfs/dcps/ashfield/v1.1-2026-03-02/chapter-d-precinct-guidelines.pdf
123146,58,[58],,unresolved,source-pdfs/dcps/ashfield/v1.1-2026-03-02/chapter-d-precinct-guidelines.pdf
123308,103,[103],103,on_page,source-pdfs/dcps/ashfield/v1.1-2026-03-02/chapter-d-precinct-guidelines.pdf
123338,116,[116],116,on_page,source-pdfs/dcps/ashfield/v1.1-2026-03-02/chapter-d-precinct-guidelines.pdf
123367,130,[130],130,on_page,source-pdfs/dcps/ashfield/v1.1-2026-03-02/chapter-d-precinct-guidelines.pdf
123002,17,[17],17,on_page,source-pdfs/dcps/ashfield/v1.1-2026-03-02/chapter-d-precinct-guidelines.pdf
123003,17,[17],17,on_page,source-pdfs/dcps/ashfield/v1.1-2026-03-02/chapter-d-precinct-guidelines.pdf
123063,32,[32],32,on_page,source-pdfs/dcps/ashfield/v1.1-2026-03-02/chapter-d-precinct-guidelines.pdf
123266,93,[93],93,on_page,source-pdfs/dcps/ashfield/v1.1-2026-03-02/chapter-d-precinct-guidelines.pdf
123267,94,[94],94,on_page,source-pdfs/dcps/ashfield/v1.1-2026-03-02/chapter-d-precinct-guidelines.pdf
123287,100,[100],100,on_page,source-pdfs/dcps/ashfield/v1.1-2026-03-02/chapter-d-precinct-guidelines.pdf
123298,102,[102],102,on_page,source-pdfs/dcps/ashfield/v1.1-2026-03-02/chapter-d-precinct-guidelines.pdf
123300,102,[102],102,on_page,source-pdfs/dcps/ashfield/v1.1-2026-03-02/chapter-d-precinct-guidelines.pdf
123307,103,[103],103,on_page,source-pdfs/dcps/ashfield/v1.1-2026-03-02/chapter-d-precinct-guidelines.pdf
123310,103,[103],103,on_page,source-pdfs/dcps/ashfield/v1.1-2026-03-02/chapter-d-precinct-guidelines.pdf
123319,106,[106],106,on_page,source-pdfs/dcps/ashfield/v1.1-2026-03-02/chapter-d-precinct-guidelines.pdf
123320,106,[106],106,on_page,source-pdfs/dcps/ashfield/v1.1-2026-03-02/chapter-d-precinct-guidelines.pdf
123326,107,[107],,unresolved,source-pdfs/dcps/ashfield/v1.1-2026-03-02/chapter-d-precinct-guidelines.pdf
123333,107,[107],,too_short,source-pdfs/dcps/ashfield/v1.1-2026-03-02/chapter-d-precinct-guidelines.pdf
123343,118,[118],118,on_page,source-pdfs/dcps/ashfield/v1.1-2026-03-02/chapter-d-precinct-guidelines.pdf
123208,81,[81],81,on_page,source-pdfs/dcps/ashfield/v1.1-2026-03-02/chapter-d-precinct-guidelines.pdf
123398,142,[142],142,on_page,source-pdfs/dcps/ashfield/v1.1-2026-03-02/chapter-d-precinct-guidelines.pdf
123572,188,[188],,unresolved,source-pdfs/dcps/ashfield/v1.1-2026-03-02/chapter-d-precinct-guidelines.pdf
123589,193,[193],193,on_page,source-pdfs/dcps/ashfield/v1.1-2026-03-02/chapter-d-precinct-guidelines.pdf
123600,195,[195],195,on_page,source-pdfs/dcps/ashfield/v1.1-2026-03-02/chapter-d-precinct-guidelines.pdf
123357,120,[120],120,on_page,source-pdfs/dcps/ashfield/v1.1-2026-03-02/chapter-d-precinct-guidelines.pdf
123374,138,[138],138,on_page,source-pdfs/dcps/ashfield/v1.1-2026-03-02/chapter-d-precinct-guidelines.pdf
123375,137,[137],137,on_page,source-pdfs/dcps/ashfield/v1.1-2026-03-02/chapter-d-precinct-guidelines.pdf
123386,107,[107],,too_short,source-pdfs/dcps/ashfield/v1.1-2026-03-02/chapter-d-precinct-guidelines.pdf
123387,139,[139],139,on_page,source-pdfs/dcps/ashfield/v1.1-2026-03-02/chapter-d-precinct-guidelines.pdf
123392,140,[140],140,on_page,source-pdfs/dcps/ashfield/v1.1-2026-03-02/chapter-d-precinct-guidelines.pdf
123395,142,[142],142,on_page,source-pdfs/dcps/ashfield/v1.1-2026-03-02/chapter-d-precinct-guidelines.pdf
123399,142,[142],142,on_page,source-pdfs/dcps/ashfield/v1.1-2026-03-02/chapter-d-precinct-guidelines.pdf
123402,142,[142],142,on_page,source-pdfs/dcps/ashfield/v1.1-2026-03-02/chapter-d-precinct-guidelines.pdf
123411,143,[143],143,on_page,source-pdfs/dcps/ashfield/v1.1-2026-03-02/chapter-d-precinct-guidelines.pdf
123413,148,[148],148,on_page,source-pdfs/dcps/ashfield/v1.1-2026-03-02/chapter-d-precinct-guidelines.pdf
123422,149,[149],149,on_page,source-pdfs/dcps/ashfield/v1.1-2026-03-02/chapter-d-precinct-guidelines.pdf
123424,149,[149],149,on_page,source-pdfs/dcps/ashfield/v1.1-2026-03-02/chapter-d-precinct-guidelines.pdf
123425,149,[149],149,on_page,source-pdfs/dcps/ashfield/v1.1-2026-03-02/chapter-d-precinct-guidelines.pdf
123429,150,[150],150,on_page,source-pdfs/dcps/ashfield/v1.1-2026-03-02/chapter-d-precinct-guidelines.pdf
123430,150,[150],150,on_page,source-pdfs/dcps/ashfield/v1.1-2026-03-02/chapter-d-precinct-guidelines.pdf
123432,150,[150],150,on_page,source-pdfs/dcps/ashfield/v1.1-2026-03-02/chapter-d-precinct-guidelines.pdf
123433,150,[150],150,on_page,source-pdfs/dcps/ashfield/v1.1-2026-03-02/chapter-d-precinct-guidelines.pdf
123440,156,[156],,unresolved,source-pdfs/dcps/ashfield/v1.1-2026-03-02/chapter-d-precinct-guidelines.pdf
123441,157,[157],157,on_page,source-pdfs/dcps/ashfield/v1.1-2026-03-02/chapter-d-precinct-guidelines.pdf
123443,159,[159],159,on_page,source-pdfs/dcps/ashfield/v1.1-2026-03-02/chapter-d-precinct-guidelines.pdf
123446,159,[159],159,on_page,source-pdfs/dcps/ashfield/v1.1-2026-03-02/chapter-d-precinct-guidelines.pdf
123447,159,[159],159,on_page,source-pdfs/dcps/ashfield/v1.1-2026-03-02/chapter-d-precinct-guidelines.pdf
123449,159,[159],159,on_page,source-pdfs/dcps/ashfield/v1.1-2026-03-02/chapter-d-precinct-guidelines.pdf
123451,160,[160],160,on_page,source-pdfs/dcps/ashfield/v1.1-2026-03-02/chapter-d-precinct-guidelines.pdf
123457,162,[162],162,on_page,source-pdfs/dcps/ashfield/v1.1-2026-03-02/chapter-d-precinct-guidelines.pdf
123459,162,[162],162,on_page,source-pdfs/dcps/ashfield/v1.1-2026-03-02/chapter-d-precinct-guidelines.pdf
123461,162,[162],162,on_page,source-pdfs/dcps/ashfield/v1.1-2026-03-02/chapter-d-precinct-guidelines.pdf
123464,165,[165],165,on_page,source-pdfs/dcps/ashfield/v1.1-2026-03-02/chapter-d-precinct-guidelines.pdf
123465,165,[165],165,on_page,source-pdfs/dcps/ashfield/v1.1-2026-03-02/chapter-d-precinct-guidelines.pdf
123468,186,[186],186,on_page,source-pdfs/dcps/ashfield/v1.1-2026-03-02/chapter-d-precinct-guidelines.pdf
123490,173,[173],173,on_page,source-pdfs/dcps/ashfield/v1.1-2026-03-02/chapter-d-precinct-guidelines.pdf
123493,173,[173],173,on_page,source-pdfs/dcps/ashfield/v1.1-2026-03-02/chapter-d-precinct-guidelines.pdf
123496,174,[174],174,on_page,source-pdfs/dcps/ashfield/v1.1-2026-03-02/chapter-d-precinct-guidelines.pdf
123506,169,[169],,unresolved,source-pdfs/dcps/ashfield/v1.1-2026-03-02/chapter-d-precinct-guidelines.pdf
123515,169,[169],,unresolved,source-pdfs/dcps/ashfield/v1.1-2026-03-02/chapter-d-precinct-guidelines.pdf
123517,169,[169],,too_short,source-pdfs/dcps/ashfield/v1.1-2026-03-02/chapter-d-precinct-guidelines.pdf
123518,175,[175],175,on_page,source-pdfs/dcps/ashfield/v1.1-2026-03-02/chapter-d-precinct-guidelines.pdf
123523,169,[169],,too_short,source-pdfs/dcps/ashfield/v1.1-2026-03-02/chapter-d-precinct-guidelines.pdf
123528,176,[176],176,on_page,source-pdfs/dcps/ashfield/v1.1-2026-03-02/chapter-d-precinct-guidelines.pdf
123529,176,[176],176,on_page,source-pdfs/dcps/ashfield/v1.1-2026-03-02/chapter-d-precinct-guidelines.pdf
123535,177,[177],177,on_page,source-pdfs/dcps/ashfield/v1.1-2026-03-02/chapter-d-precinct-guidelines.pdf
123539,177,[177],177,on_page,source-pdfs/dcps/ashfield/v1.1-2026-03-02/chapter-d-precinct-guidelines.pdf
123545,177,[177],177,on_page,source-pdfs/dcps/ashfield/v1.1-2026-03-02/chapter-d-precinct-guidelines.pdf
123559,185,[185],185,on_page,source-pdfs/dcps/ashfield/v1.1-2026-03-02/chapter-d-precinct-guidelines.pdf
123566,186,[186],186,on_page,source-pdfs/dcps/ashfield/v1.1-2026-03-02/chapter-d-precinct-guidelines.pdf
123571,186,[186],186,on_page,source-pdfs/dcps/ashfield/v1.1-2026-03-02/chapter-d-precinct-guidelines.pdf
123576,190,[190],190,on_page,source-pdfs/dcps/ashfield/v1.1-2026-03-02/chapter-d-precinct-guidelines.pdf
123578,190,[190],190,on_page,source-pdfs/dcps/ashfield/v1.1-2026-03-02/chapter-d-precinct-guidelines.pdf
123583,190,[190],190,on_page,source-pdfs/dcps/ashfield/v1.1-2026-03-02/chapter-d-precinct-guidelines.pdf
123591,194,[194],194,on_page,source-pdfs/dcps/ashfield/v1.1-2026-03-02/chapter-d-precinct-guidelines.pdf
123593,194,[194],194,on_page,source-pdfs/dcps/ashfield/v1.1-2026-03-02/chapter-d-precinct-guidelines.pdf
123594,194,[194],194,on_page,source-pdfs/dcps/ashfield/v1.1-2026-03-02/chapter-d-precinct-guidelines.pdf
123595,194,[194],194,on_page,source-pdfs/dcps/ashfield/v1.1-2026-03-02/chapter-d-precinct-guidelines.pdf
123599,195,[195],195,on_page,source-pdfs/dcps/ashfield/v1.1-2026-03-02/chapter-d-precinct-guidelines.pdf
123602,197,[197],208,on_page,source-pdfs/dcps/ashfield/v1.1-2026-03-02/chapter-d-precinct-guidelines.pdf
123608,199,[199],210,on_page,source-pdfs/dcps/ashfield/v1.1-2026-03-02/chapter-d-precinct-guidelines.pdf
123609,200,[200],211,on_page,source-pdfs/dcps/ashfield/v1.1-2026-03-02/chapter-d-precinct-guidelines.pdf
