id,action,reason
35221,pending->superseded,dead ashfield review-mode proposals
36058,pending->superseded,dead ashfield review-mode proposals
35222,pending->superseded,dead ashfield review-mode proposals
35223,pending->superseded,dead ashfield review-mode proposals
35224,pending->superseded,dead ashfield review-mode proposals
35299,pending->superseded,dead ashfield review-mode proposals
35225,pending->superseded,dead ashfield review-mode proposals
35226,pending->superseded,dead ashfield review-mode proposals
35227,pending->superseded,dead ashfield review-mode proposals
35228,pending->superseded,dead ashfield review-mode proposals
35229,pending->superseded,dead ashfield review-mode proposals
35230,pending->superseded,dead ashfield review-mode proposals
35231,pending->superseded,dead ashfield review-mode proposals
35232,pending->superseded,dead ashfield review-mode proposals
35233,pending->superseded,dead ashfield review-mode proposals
35234,pending->superseded,dead ashfield review-mode proposals
35385,pending->superseded,dead ashfield review-mode proposals
35235,pending->superseded,dead ashfield review-mode proposals
35236,pending->superseded,dead ashfield review-mode proposals
35237,pending->superseded,dead ashfield review-mode proposals
35238,pending->superseded,dead ashfield review-mode proposals
35239,pending->superseded,dead ashfield review-mode proposals
35240,pending->superseded,dead ashfield review-mode proposals
35241,pending->superseded,dead ashfield review-mode proposals
35242,pending->superseded,dead ashfield review-mode proposals
35243,pending->superseded,dead ashfield review-mode proposals
35244,pending->superseded,dead ashfield review-mode proposals
35386,pending->superseded,dead ashfield review-mode proposals
35245,pending->superseded,dead ashfield review-mode proposals
35246,pending->superseded,dead ashfield review-mode proposals
35387,pending->superseded,dead ashfield review-mode proposals
35247,pending->superseded,dead ashfield review-mode proposals
35248,pending->superseded,dead ashfield review-mode proposals
35388,pending->superseded,dead ashfield review-mode proposals
35249,pending->superseded,dead ashfield review-mode proposals
35473,pending->superseded,dead ashfield review-mode proposals
35250,pending->superseded,dead ashfield review-mode proposals
35474,pending->superseded,dead ashfield review-mode proposals
35251,pending->superseded,dead ashfield review-mode proposals
35501,pending->superseded,dead ashfield review-mode proposals
35252,pending->superseded,dead ashfield review-mode proposals
35253,pending->superseded,dead ashfield review-mode proposals
35300,pending->superseded,dead ashfield review-mode proposals
35254,pending->superseded,dead ashfield review-mode proposals
35255,pending->superseded,dead ashfield review-mode proposals
35502,pending->superseded,dead ashfield review-mode proposals
35389,pending->superseded,dead ashfield review-mode proposals
35301,pending->superseded,dead ashfield review-mode proposals
35503,pending->superseded,dead ashfield review-mode proposals
35912,pending->superseded,dead ashfield review-mode proposals
35719,pending->superseded,dead ashfield review-mode proposals
35256,pending->superseded,dead ashfield review-mode proposals
35720,pending->superseded,dead ashfield review-mode proposals
35504,pending->superseded,dead ashfield review-mode proposals
35257,pending->superseded,dead ashfield review-mode proposals
35258,pending->superseded,dead ashfield review-mode proposals
35302,pending->superseded,dead ashfield review-mode proposals
35505,pending->superseded,dead ashfield review-mode proposals
35303,pending->superseded,dead ashfield review-mode proposals
35304,pending->superseded,dead ashfield review-mode proposals
35305,pending->superseded,dead ashfield review-mode proposals
35306,pending->superseded,dead ashfield review-mode proposals
35506,pending->superseded,dead ashfield review-mode proposals
35307,pending->superseded,dead ashfield review-mode proposals
35259,pending->superseded,dead ashfield review-mode proposals
35260,pending->superseded,dead ashfield review-mode proposals
35507,pending->superseded,dead ashfield review-mode proposals
35308,pending->superseded,dead ashfield review-mode proposals
35508,pending->superseded,dead ashfield review-mode proposals
35309,pending->superseded,dead ashfield review-mode proposals
35261,pending->superseded,dead ashfield review-mode proposals
35310,pending->superseded,dead ashfield review-mode proposals
35311,pending->superseded,dead ashfield review-mode proposals
35312,pending->superseded,dead ashfield review-mode proposals
35262,pending->superseded,dead ashfield review-mode proposals
35313,pending->superseded,dead ashfield review-mode proposals
35314,pending->superseded,dead ashfield review-mode proposals
35315,pending->superseded,dead ashfield review-mode proposals
35509,pending->superseded,dead ashfield review-mode proposals
35263,pending->superseded,dead ashfield review-mode proposals
35390,pending->superseded,dead ashfield review-mode proposals
35264,pending->superseded,dead ashfield review-mode proposals
35265,pending->superseded,dead ashfield review-mode proposals
35510,pending->superseded,dead ashfield review-mode proposals
35266,pending->superseded,dead ashfield review-mode proposals
35267,pending->superseded,dead ashfield review-mode proposals
35511,pending->superseded,dead ashfield review-mode proposals
35268,pending->superseded,dead ashfield review-mode proposals
35323,pending->superseded,dead ashfield review-mode proposals
35324,pending->superseded,dead ashfield review-mode proposals
35512,pending->superseded,dead ashfield review-mode proposals
35325,pending->superseded,dead ashfield review-mode proposals
35326,pending->superseded,dead ashfield review-mode proposals
35327,pending->superseded,dead ashfield review-mode proposals
35391,pending->superseded,dead ashfield review-mode proposals
35392,pending->superseded,dead ashfield review-mode proposals
35393,pending->superseded,dead ashfield review-mode proposals
35513,pending->superseded,dead ashfield review-mode proposals
35394,pending->superseded,dead ashfield review-mode proposals
35514,pending->superseded,dead ashfield review-mode proposals
35395,pending->superseded,dead ashfield review-mode proposals
35335,pending->superseded,dead ashfield review-mode proposals
35336,pending->superseded,dead ashfield review-mode proposals
35337,pending->superseded,dead ashfield review-mode proposals
35338,pending->superseded,dead ashfield review-mode proposals
35339,pending->superseded,dead ashfield review-mode proposals
35340,pending->superseded,dead ashfield review-mode proposals
35341,pending->superseded,dead ashfield review-mode proposals
35342,pending->superseded,dead ashfield review-mode proposals
35913,pending->superseded,dead ashfield review-mode proposals
35958,pending->superseded,dead ashfield review-mode proposals
35343,pending->superseded,dead ashfield review-mode proposals
35367,pending->superseded,dead ashfield review-mode proposals
35368,pending->superseded,dead ashfield review-mode proposals
35959,pending->superseded,dead ashfield review-mode proposals
35344,pending->superseded,dead ashfield review-mode proposals
35345,pending->superseded,dead ashfield review-mode proposals
35346,pending->superseded,dead ashfield review-mode proposals
35269,pending->superseded,dead ashfield review-mode proposals
35960,pending->superseded,dead ashfield review-mode proposals
35369,pending->superseded,dead ashfield review-mode proposals
35396,pending->superseded,dead ashfield review-mode proposals
35961,pending->superseded,dead ashfield review-mode proposals
35270,pending->superseded,dead ashfield review-mode proposals
35271,pending->superseded,dead ashfield review-mode proposals
35272,pending->superseded,dead ashfield review-mode proposals
35273,pending->superseded,dead ashfield review-mode proposals
35976,pending->superseded,dead ashfield review-mode proposals
35274,pending->superseded,dead ashfield review-mode proposals
36003,pending->superseded,dead ashfield review-mode proposals
36004,pending->superseded,dead ashfield review-mode proposals
35275,pending->superseded,dead ashfield review-mode proposals
35599,pending->superseded,dead ashfield review-mode proposals
35347,pending->superseded,dead ashfield review-mode proposals
35515,pending->superseded,dead ashfield review-mode proposals
35516,pending->superseded,dead ashfield review-mode proposals
35517,pending->superseded,dead ashfield review-mode proposals
35518,pending->superseded,dead ashfield review-mode proposals
35519,pending->superseded,dead ashfield review-mode proposals
35520,pending->superseded,dead ashfield review-mode proposals
35521,pending->superseded,dead ashfield review-mode proposals
35522,pending->superseded,dead ashfield review-mode proposals
35523,pending->superseded,dead ashfield review-mode proposals
35524,pending->superseded,dead ashfield review-mode proposals
35525,pending->superseded,dead ashfield review-mode proposals
35526,pending->superseded,dead ashfield review-mode proposals
35539,pending->superseded,dead ashfield review-mode proposals
35276,pending->superseded,dead ashfield review-mode proposals
35540,pending->superseded,dead ashfield review-mode proposals
34541,pending->superseded,dead ashfield review-mode proposals
34542,pending->superseded,dead ashfield review-mode proposals
34543,pending->superseded,dead ashfield review-mode proposals
34544,pending->superseded,dead ashfield review-mode proposals
34545,pending->superseded,dead ashfield review-mode proposals
36005,pending->superseded,dead ashfield review-mode proposals
36006,pending->superseded,dead ashfield review-mode proposals
36007,pending->superseded,dead ashfield review-mode proposals
36008,pending->superseded,dead ashfield review-mode proposals
36009,pending->superseded,dead ashfield review-mode proposals
36010,pending->superseded,dead ashfield review-mode proposals
36011,pending->superseded,dead ashfield review-mode proposals
36012,pending->superseded,dead ashfield review-mode proposals
36013,pending->superseded,dead ashfield review-mode proposals
36014,pending->superseded,dead ashfield review-mode proposals
36015,pending->superseded,dead ashfield review-mode proposals
36016,pending->superseded,dead ashfield review-mode proposals
36017,pending->superseded,dead ashfield review-mode proposals
34546,pending->superseded,dead ashfield review-mode proposals
36031,pending->superseded,dead ashfield review-mode proposals
35277,pending->superseded,dead ashfield review-mode proposals
34547,pending->superseded,dead ashfield review-mode proposals
34548,pending->superseded,dead ashfield review-mode proposals
34549,pending->superseded,dead ashfield review-mode proposals
34550,pending->superseded,dead ashfield review-mode proposals
34551,pending->superseded,dead ashfield review-mode proposals
34552,pending->superseded,dead ashfield review-mode proposals
35278,pending->superseded,dead ashfield review-mode proposals
35279,pending->superseded,dead ashfield review-mode proposals
35397,pending->superseded,dead ashfield review-mode proposals
35280,pending->superseded,dead ashfield review-mode proposals
35281,pending->superseded,dead ashfield review-mode proposals
35282,pending->superseded,dead ashfield review-mode proposals
35283,pending->superseded,dead ashfield review-mode proposals
35284,pending->superseded,dead ashfield review-mode proposals
35285,pending->superseded,dead ashfield review-mode proposals
35537,pending->superseded,dead ashfield review-mode proposals
35370,pending->superseded,dead ashfield review-mode proposals
35286,pending->superseded,dead ashfield review-mode proposals
35538,pending->superseded,dead ashfield review-mode proposals
35287,pending->superseded,dead ashfield review-mode proposals
35288,pending->superseded,dead ashfield review-mode proposals
35289,pending->superseded,dead ashfield review-mode proposals
35290,pending->superseded,dead ashfield review-mode proposals
35291,pending->superseded,dead ashfield review-mode proposals
35292,pending->superseded,dead ashfield review-mode proposals
35371,pending->superseded,dead ashfield review-mode proposals
35372,pending->superseded,dead ashfield review-mode proposals
35373,pending->superseded,dead ashfield review-mode proposals
35552,pending->superseded,dead ashfield review-mode proposals
35293,pending->superseded,dead ashfield review-mode proposals
34553,pending->superseded,dead ashfield review-mode proposals
35553,pending->superseded,dead ashfield review-mode proposals
35374,pending->superseded,dead ashfield review-mode proposals
35375,pending->superseded,dead ashfield review-mode proposals
35554,pending->superseded,dead ashfield review-mode proposals
35555,pending->superseded,dead ashfield review-mode proposals
35581,pending->superseded,dead ashfield review-mode proposals
35594,pending->superseded,dead ashfield review-mode proposals
35595,pending->superseded,dead ashfield review-mode proposals
35596,pending->superseded,dead ashfield review-mode proposals
34554,pending->superseded,dead ashfield review-mode proposals
34555,pending->superseded,dead ashfield review-mode proposals
35451,pending->superseded,dead ashfield review-mode proposals
35452,pending->superseded,dead ashfield review-mode proposals
35453,pending->superseded,dead ashfield review-mode proposals
35597,pending->superseded,dead ashfield review-mode proposals
34556,pending->superseded,dead ashfield review-mode proposals
34557,pending->superseded,dead ashfield review-mode proposals
35420,pending->superseded,dead ashfield review-mode proposals
35348,pending->superseded,dead ashfield review-mode proposals
35349,pending->superseded,dead ashfield review-mode proposals
35350,pending->superseded,dead ashfield review-mode proposals
35351,pending->superseded,dead ashfield review-mode proposals
35421,pending->superseded,dead ashfield review-mode proposals
35422,pending->superseded,dead ashfield review-mode proposals
35423,pending->superseded,dead ashfield review-mode proposals
35424,pending->superseded,dead ashfield review-mode proposals
35352,pending->superseded,dead ashfield review-mode proposals
35361,pending->superseded,dead ashfield review-mode proposals
34558,pending->superseded,dead ashfield review-mode proposals
34559,pending->superseded,dead ashfield review-mode proposals
34560,pending->superseded,dead ashfield review-mode proposals
34561,pending->superseded,dead ashfield review-mode proposals
34562,pending->superseded,dead ashfield review-mode proposals
34563,pending->superseded,dead ashfield review-mode proposals
34564,pending->superseded,dead ashfield review-mode proposals
34565,pending->superseded,dead ashfield review-mode proposals
34566,pending->superseded,dead ashfield review-mode proposals
34567,pending->superseded,dead ashfield review-mode proposals
34568,pending->superseded,dead ashfield review-mode proposals
34569,pending->superseded,dead ashfield review-mode proposals
34570,pending->superseded,dead ashfield review-mode proposals
34571,pending->superseded,dead ashfield review-mode proposals
34572,pending->superseded,dead ashfield review-mode proposals
34573,pending->superseded,dead ashfield review-mode proposals
34574,pending->superseded,dead ashfield review-mode proposals
34575,pending->superseded,dead ashfield review-mode proposals
34576,pending->superseded,dead ashfield review-mode proposals
34577,pending->superseded,dead ashfield review-mode proposals
34578,pending->superseded,dead ashfield review-mode proposals
34579,pending->superseded,dead ashfield review-mode proposals
34580,pending->superseded,dead ashfield review-mode proposals
34581,pending->superseded,dead ashfield review-mode proposals
34582,pending->superseded,dead ashfield review-mode proposals
34583,pending->superseded,dead ashfield review-mode proposals
34584,pending->superseded,dead ashfield review-mode proposals
34585,pending->superseded,dead ashfield review-mode proposals
34586,pending->superseded,dead ashfield review-mode proposals
34587,pending->superseded,dead ashfield review-mode proposals
34588,pending->superseded,dead ashfield review-mode proposals
34589,pending->superseded,dead ashfield review-mode proposals
34590,pending->superseded,dead ashfield review-mode proposals
34591,pending->superseded,dead ashfield review-mode proposals
34592,pending->superseded,dead ashfield review-mode proposals
34593,pending->superseded,dead ashfield review-mode proposals
34594,pending->superseded,dead ashfield review-mode proposals
34595,pending->superseded,dead ashfield review-mode proposals
34596,pending->superseded,dead ashfield review-mode proposals
34597,pending->superseded,dead ashfield review-mode proposals
34598,pending->superseded,dead ashfield review-mode proposals
34599,pending->superseded,dead ashfield review-mode proposals
34600,pending->superseded,dead ashfield review-mode proposals
34601,pending->superseded,dead ashfield review-mode proposals
34602,pending->superseded,dead ashfield review-mode proposals
34603,pending->superseded,dead ashfield review-mode proposals
34604,pending->superseded,dead ashfield review-mode proposals
34605,pending->superseded,dead ashfield review-mode proposals
34606,pending->superseded,dead ashfield review-mode proposals
34607,pending->superseded,dead ashfield review-mode proposals
34608,pending->superseded,dead ashfield review-mode proposals
34609,pending->superseded,dead ashfield review-mode proposals
35362,pending->superseded,dead ashfield review-mode proposals
35425,pending->superseded,dead ashfield review-mode proposals
34610,pending->superseded,dead ashfield review-mode proposals
34611,pending->superseded,dead ashfield review-mode proposals
35598,pending->superseded,dead ashfield review-mode proposals
35363,pending->superseded,dead ashfield review-mode proposals
35612,pending->superseded,dead ashfield review-mode proposals
34612,pending->superseded,dead ashfield review-mode proposals
34613,pending->superseded,dead ashfield review-mode proposals
35613,pending->superseded,dead ashfield review-mode proposals
35364,pending->superseded,dead ashfield review-mode proposals
34614,pending->superseded,dead ashfield review-mode proposals
34615,pending->superseded,dead ashfield review-mode proposals
34616,pending->superseded,dead ashfield review-mode proposals
34617,pending->superseded,dead ashfield review-mode proposals
34618,pending->superseded,dead ashfield review-mode proposals
35376,pending->superseded,dead ashfield review-mode proposals
34619,pending->superseded,dead ashfield review-mode proposals
34620,pending->superseded,dead ashfield review-mode proposals
34621,pending->superseded,dead ashfield review-mode proposals
34622,pending->superseded,dead ashfield review-mode proposals
34623,pending->superseded,dead ashfield review-mode proposals
34624,pending->superseded,dead ashfield review-mode proposals
34625,pending->superseded,dead ashfield review-mode proposals
34626,pending->superseded,dead ashfield review-mode proposals
35377,pending->superseded,dead ashfield review-mode proposals
35378,pending->superseded,dead ashfield review-mode proposals
34627,pending->superseded,dead ashfield review-mode proposals
34628,pending->superseded,dead ashfield review-mode proposals
34629,pending->superseded,dead ashfield review-mode proposals
34630,pending->superseded,dead ashfield review-mode proposals
34631,pending->superseded,dead ashfield review-mode proposals
34632,pending->superseded,dead ashfield review-mode proposals
34633,pending->superseded,dead ashfield review-mode proposals
34634,pending->superseded,dead ashfield review-mode proposals
35379,pending->superseded,dead ashfield review-mode proposals
34635,pending->superseded,dead ashfield review-mode proposals
34636,pending->superseded,dead ashfield review-mode proposals
34637,pending->superseded,dead ashfield review-mode proposals
34638,pending->superseded,dead ashfield review-mode proposals
34639,pending->superseded,dead ashfield review-mode proposals
34640,pending->superseded,dead ashfield review-mode proposals
34641,pending->superseded,dead ashfield review-mode proposals
34642,pending->superseded,dead ashfield review-mode proposals
34643,pending->superseded,dead ashfield review-mode proposals
34644,pending->superseded,dead ashfield review-mode proposals
34645,pending->superseded,dead ashfield review-mode proposals
34646,pending->superseded,dead ashfield review-mode proposals
34647,pending->superseded,dead ashfield review-mode proposals
34648,pending->superseded,dead ashfield review-mode proposals
34649,pending->superseded,dead ashfield review-mode proposals
34650,pending->superseded,dead ashfield review-mode proposals
34651,pending->superseded,dead ashfield review-mode proposals
34652,pending->superseded,dead ashfield review-mode proposals
34653,pending->superseded,dead ashfield review-mode proposals
34654,pending->superseded,dead ashfield review-mode proposals
34655,pending->superseded,dead ashfield review-mode proposals
34656,pending->superseded,dead ashfield review-mode proposals
34657,pending->superseded,dead ashfield review-mode proposals
34658,pending->superseded,dead ashfield review-mode proposals
34659,pending->superseded,dead ashfield review-mode proposals
35365,pending->superseded,dead ashfield review-mode proposals
34660,pending->superseded,dead ashfield review-mode proposals
34661,pending->superseded,dead ashfield review-mode proposals
34662,pending->superseded,dead ashfield review-mode proposals
34663,pending->superseded,dead ashfield review-mode proposals
34664,pending->superseded,dead ashfield review-mode proposals
34665,pending->superseded,dead ashfield review-mode proposals
34666,pending->superseded,dead ashfield review-mode proposals
34667,pending->superseded,dead ashfield review-mode proposals
34668,pending->superseded,dead ashfield review-mode proposals
34669,pending->superseded,dead ashfield review-mode proposals
34670,pending->superseded,dead ashfield review-mode proposals
34671,pending->superseded,dead ashfield review-mode proposals
34672,pending->superseded,dead ashfield review-mode proposals
34673,pending->superseded,dead ashfield review-mode proposals
34674,pending->superseded,dead ashfield review-mode proposals
34675,pending->superseded,dead ashfield review-mode proposals
34676,pending->superseded,dead ashfield review-mode proposals
34677,pending->superseded,dead ashfield review-mode proposals
34678,pending->superseded,dead ashfield review-mode proposals
34679,pending->superseded,dead ashfield review-mode proposals
34680,pending->superseded,dead ashfield review-mode proposals
34681,pending->superseded,dead ashfield review-mode proposals
34682,pending->superseded,dead ashfield review-mode proposals
34683,pending->superseded,dead ashfield review-mode proposals
35366,pending->superseded,dead ashfield review-mode proposals
34684,pending->superseded,dead ashfield review-mode proposals
34685,pending->superseded,dead ashfield review-mode proposals
34686,pending->superseded,dead ashfield review-mode proposals
34687,pending->superseded,dead ashfield review-mode proposals
34688,pending->superseded,dead ashfield review-mode proposals
34689,pending->superseded,dead ashfield review-mode proposals
34690,pending->superseded,dead ashfield review-mode proposals
34691,pending->superseded,dead ashfield review-mode proposals
34692,pending->superseded,dead ashfield review-mode proposals
34693,pending->superseded,dead ashfield review-mode proposals
34694,pending->superseded,dead ashfield review-mode proposals
34695,pending->superseded,dead ashfield review-mode proposals
34696,pending->superseded,dead ashfield review-mode proposals
34697,pending->superseded,dead ashfield review-mode proposals
34698,pending->superseded,dead ashfield review-mode proposals
34699,pending->superseded,dead ashfield review-mode proposals
34700,pending->superseded,dead ashfield review-mode proposals
35380,pending->superseded,dead ashfield review-mode proposals
34701,pending->superseded,dead ashfield review-mode proposals
34702,pending->superseded,dead ashfield review-mode proposals
34703,pending->superseded,dead ashfield review-mode proposals
34704,pending->superseded,dead ashfield review-mode proposals
34705,pending->superseded,dead ashfield review-mode proposals
34706,pending->superseded,dead ashfield review-mode proposals
34707,pending->superseded,dead ashfield review-mode proposals
34708,pending->superseded,dead ashfield review-mode proposals
34709,pending->superseded,dead ashfield review-mode proposals
34710,pending->superseded,dead ashfield review-mode proposals
34711,pending->superseded,dead ashfield review-mode proposals
34712,pending->superseded,dead ashfield review-mode proposals
34713,pending->superseded,dead ashfield review-mode proposals
34714,pending->superseded,dead ashfield review-mode proposals
34715,pending->superseded,dead ashfield review-mode proposals
34716,pending->superseded,dead ashfield review-mode proposals
34717,pending->superseded,dead ashfield review-mode proposals
34718,pending->superseded,dead ashfield review-mode proposals
34719,pending->superseded,dead ashfield review-mode proposals
34720,pending->superseded,dead ashfield review-mode proposals
34721,pending->superseded,dead ashfield review-mode proposals
34722,pending->superseded,dead ashfield review-mode proposals
34723,pending->superseded,dead ashfield review-mode proposals
34724,pending->superseded,dead ashfield review-mode proposals
34725,pending->superseded,dead ashfield review-mode proposals
34726,pending->superseded,dead ashfield review-mode proposals
34727,pending->superseded,dead ashfield review-mode proposals
34728,pending->superseded,dead ashfield review-mode proposals
34729,pending->superseded,dead ashfield review-mode proposals
35426,pending->superseded,dead ashfield review-mode proposals
34730,pending->superseded,dead ashfield review-mode proposals
34731,pending->superseded,dead ashfield review-mode proposals
34732,pending->superseded,dead ashfield review-mode proposals
34733,pending->superseded,dead ashfield review-mode proposals
34734,pending->superseded,dead ashfield review-mode proposals
34735,pending->superseded,dead ashfield review-mode proposals
34736,pending->superseded,dead ashfield review-mode proposals
34737,pending->superseded,dead ashfield review-mode proposals
35427,pending->superseded,dead ashfield review-mode proposals
34738,pending->superseded,dead ashfield review-mode proposals
34739,pending->superseded,dead ashfield review-mode proposals
34740,pending->superseded,dead ashfield review-mode proposals
34741,pending->superseded,dead ashfield review-mode proposals
34742,pending->superseded,dead ashfield review-mode proposals
34743,pending->superseded,dead ashfield review-mode proposals
34744,pending->superseded,dead ashfield review-mode proposals
34745,pending->superseded,dead ashfield review-mode proposals
34746,pending->superseded,dead ashfield review-mode proposals
34747,pending->superseded,dead ashfield review-mode proposals
34748,pending->superseded,dead ashfield review-mode proposals
34749,pending->superseded,dead ashfield review-mode proposals
34750,pending->superseded,dead ashfield review-mode proposals
34751,pending->superseded,dead ashfield review-mode proposals
34752,pending->superseded,dead ashfield review-mode proposals
34753,pending->superseded,dead ashfield review-mode proposals
34754,pending->superseded,dead ashfield review-mode proposals
34755,pending->superseded,dead ashfield review-mode proposals
34756,pending->superseded,dead ashfield review-mode proposals
34757,pending->superseded,dead ashfield review-mode proposals
34758,pending->superseded,dead ashfield review-mode proposals
34759,pending->superseded,dead ashfield review-mode proposals
34760,pending->superseded,dead ashfield review-mode proposals
34761,pending->superseded,dead ashfield review-mode proposals
34762,pending->superseded,dead ashfield review-mode proposals
34763,pending->superseded,dead ashfield review-mode proposals
34764,pending->superseded,dead ashfield review-mode proposals
34765,pending->superseded,dead ashfield review-mode proposals
34766,pending->superseded,dead ashfield review-mode proposals
34767,pending->superseded,dead ashfield review-mode proposals
34768,pending->superseded,dead ashfield review-mode proposals
34769,pending->superseded,dead ashfield review-mode proposals
34770,pending->superseded,dead ashfield review-mode proposals
34771,pending->superseded,dead ashfield review-mode proposals
34772,pending->superseded,dead ashfield review-mode proposals
34773,pending->superseded,dead ashfield review-mode proposals
34774,pending->superseded,dead ashfield review-mode proposals
34775,pending->superseded,dead ashfield review-mode proposals
34776,pending->superseded,dead ashfield review-mode proposals
34777,pending->superseded,dead ashfield review-mode proposals
34778,pending->superseded,dead ashfield review-mode proposals
34779,pending->superseded,dead ashfield review-mode proposals
34780,pending->superseded,dead ashfield review-mode proposals
34781,pending->superseded,dead ashfield review-mode proposals
34782,pending->superseded,dead ashfield review-mode proposals
34783,pending->superseded,dead ashfield review-mode proposals
34784,pending->superseded,dead ashfield review-mode proposals
34785,pending->superseded,dead ashfield review-mode proposals
34786,pending->superseded,dead ashfield review-mode proposals
34787,pending->superseded,dead ashfield review-mode proposals
34788,pending->superseded,dead ashfield review-mode proposals
34789,pending->superseded,dead ashfield review-mode proposals
34790,pending->superseded,dead ashfield review-mode proposals
34791,pending->superseded,dead ashfield review-mode proposals
34792,pending->superseded,dead ashfield review-mode proposals
34793,pending->superseded,dead ashfield review-mode proposals
35381,pending->superseded,dead ashfield review-mode proposals
35465,pending->superseded,dead ashfield review-mode proposals
34794,pending->superseded,dead ashfield review-mode proposals
34795,pending->superseded,dead ashfield review-mode proposals
34796,pending->superseded,dead ashfield review-mode proposals
34797,pending->superseded,dead ashfield review-mode proposals
34798,pending->superseded,dead ashfield review-mode proposals
34799,pending->superseded,dead ashfield review-mode proposals
34800,pending->superseded,dead ashfield review-mode proposals
34801,pending->superseded,dead ashfield review-mode proposals
34802,pending->superseded,dead ashfield review-mode proposals
34803,pending->superseded,dead ashfield review-mode proposals
34804,pending->superseded,dead ashfield review-mode proposals
34805,pending->superseded,dead ashfield review-mode proposals
34806,pending->superseded,dead ashfield review-mode proposals
34807,pending->superseded,dead ashfield review-mode proposals
34808,pending->superseded,dead ashfield review-mode proposals
34809,pending->superseded,dead ashfield review-mode proposals
34810,pending->superseded,dead ashfield review-mode proposals
35466,pending->superseded,dead ashfield review-mode proposals
34811,pending->superseded,dead ashfield review-mode proposals
34812,pending->superseded,dead ashfield review-mode proposals
34813,pending->superseded,dead ashfield review-mode proposals
34814,pending->superseded,dead ashfield review-mode proposals
34815,pending->superseded,dead ashfield review-mode proposals
34816,pending->superseded,dead ashfield review-mode proposals
34817,pending->superseded,dead ashfield review-mode proposals
34818,pending->superseded,dead ashfield review-mode proposals
34819,pending->superseded,dead ashfield review-mode proposals
34820,pending->superseded,dead ashfield review-mode proposals
35467,pending->superseded,dead ashfield review-mode proposals
34821,pending->superseded,dead ashfield review-mode proposals
34822,pending->superseded,dead ashfield review-mode proposals
34823,pending->superseded,dead ashfield review-mode proposals
34824,pending->superseded,dead ashfield review-mode proposals
34825,pending->superseded,dead ashfield review-mode proposals
34826,pending->superseded,dead ashfield review-mode proposals
34827,pending->superseded,dead ashfield review-mode proposals
34828,pending->superseded,dead ashfield review-mode proposals
34829,pending->superseded,dead ashfield review-mode proposals
34830,pending->superseded,dead ashfield review-mode proposals
34831,pending->superseded,dead ashfield review-mode proposals
34832,pending->superseded,dead ashfield review-mode proposals
34833,pending->superseded,dead ashfield review-mode proposals
34834,pending->superseded,dead ashfield review-mode proposals
34835,pending->superseded,dead ashfield review-mode proposals
34836,pending->superseded,dead ashfield review-mode proposals
34837,pending->superseded,dead ashfield review-mode proposals
35468,pending->superseded,dead ashfield review-mode proposals
34838,pending->superseded,dead ashfield review-mode proposals
34839,pending->superseded,dead ashfield review-mode proposals
34840,pending->superseded,dead ashfield review-mode proposals
34841,pending->superseded,dead ashfield review-mode proposals
34842,pending->superseded,dead ashfield review-mode proposals
34843,pending->superseded,dead ashfield review-mode proposals
34844,pending->superseded,dead ashfield review-mode proposals
34845,pending->superseded,dead ashfield review-mode proposals
34846,pending->superseded,dead ashfield review-mode proposals
35449,pending->superseded,dead ashfield review-mode proposals
34847,pending->superseded,dead ashfield review-mode proposals
34848,pending->superseded,dead ashfield review-mode proposals
34849,pending->superseded,dead ashfield review-mode proposals
34850,pending->superseded,dead ashfield review-mode proposals
34851,pending->superseded,dead ashfield review-mode proposals
34852,pending->superseded,dead ashfield review-mode proposals
34853,pending->superseded,dead ashfield review-mode proposals
35450,pending->superseded,dead ashfield review-mode proposals
34854,pending->superseded,dead ashfield review-mode proposals
34855,pending->superseded,dead ashfield review-mode proposals
34856,pending->superseded,dead ashfield review-mode proposals
34857,pending->superseded,dead ashfield review-mode proposals
34858,pending->superseded,dead ashfield review-mode proposals
34859,pending->superseded,dead ashfield review-mode proposals
34860,pending->superseded,dead ashfield review-mode proposals
34861,pending->superseded,dead ashfield review-mode proposals
35294,pending->superseded,dead ashfield review-mode proposals
34862,pending->superseded,dead ashfield review-mode proposals
34863,pending->superseded,dead ashfield review-mode proposals
34864,pending->superseded,dead ashfield review-mode proposals
34865,pending->superseded,dead ashfield review-mode proposals
34866,pending->superseded,dead ashfield review-mode proposals
34867,pending->superseded,dead ashfield review-mode proposals
34868,pending->superseded,dead ashfield review-mode proposals
34869,pending->superseded,dead ashfield review-mode proposals
34870,pending->superseded,dead ashfield review-mode proposals
34871,pending->superseded,dead ashfield review-mode proposals
34872,pending->superseded,dead ashfield review-mode proposals
34873,pending->superseded,dead ashfield review-mode proposals
34874,pending->superseded,dead ashfield review-mode proposals
34875,pending->superseded,dead ashfield review-mode proposals
34876,pending->superseded,dead ashfield review-mode proposals
34877,pending->superseded,dead ashfield review-mode proposals
34878,pending->superseded,dead ashfield review-mode proposals
35469,pending->superseded,dead ashfield review-mode proposals
34879,pending->superseded,dead ashfield review-mode proposals
34880,pending->superseded,dead ashfield review-mode proposals
34881,pending->superseded,dead ashfield review-mode proposals
34882,pending->superseded,dead ashfield review-mode proposals
34883,pending->superseded,dead ashfield review-mode proposals
34884,pending->superseded,dead ashfield review-mode proposals
34885,pending->superseded,dead ashfield review-mode proposals
34886,pending->superseded,dead ashfield review-mode proposals
34887,pending->superseded,dead ashfield review-mode proposals
34888,pending->superseded,dead ashfield review-mode proposals
34889,pending->superseded,dead ashfield review-mode proposals
34890,pending->superseded,dead ashfield review-mode proposals
34891,pending->superseded,dead ashfield review-mode proposals
34892,pending->superseded,dead ashfield review-mode proposals
34893,pending->superseded,dead ashfield review-mode proposals
34894,pending->superseded,dead ashfield review-mode proposals
34895,pending->superseded,dead ashfield review-mode proposals
34896,pending->superseded,dead ashfield review-mode proposals
34897,pending->superseded,dead ashfield review-mode proposals
34898,pending->superseded,dead ashfield review-mode proposals
34899,pending->superseded,dead ashfield review-mode proposals
34900,pending->superseded,dead ashfield review-mode proposals
34901,pending->superseded,dead ashfield review-mode proposals
34902,pending->superseded,dead ashfield review-mode proposals
34903,pending->superseded,dead ashfield review-mode proposals
34904,pending->superseded,dead ashfield review-mode proposals
34905,pending->superseded,dead ashfield review-mode proposals
34906,pending->superseded,dead ashfield review-mode proposals
34907,pending->superseded,dead ashfield review-mode proposals
34908,pending->superseded,dead ashfield review-mode proposals
34909,pending->superseded,dead ashfield review-mode proposals
34910,pending->superseded,dead ashfield review-mode proposals
34911,pending->superseded,dead ashfield review-mode proposals
34912,pending->superseded,dead ashfield review-mode proposals
34913,pending->superseded,dead ashfield review-mode proposals
34914,pending->superseded,dead ashfield review-mode proposals
34915,pending->superseded,dead ashfield review-mode proposals
34916,pending->superseded,dead ashfield review-mode proposals
34917,pending->superseded,dead ashfield review-mode proposals
34918,pending->superseded,dead ashfield review-mode proposals
34919,pending->superseded,dead ashfield review-mode proposals
34920,pending->superseded,dead ashfield review-mode proposals
34921,pending->superseded,dead ashfield review-mode proposals
34922,pending->superseded,dead ashfield review-mode proposals
34923,pending->superseded,dead ashfield review-mode proposals
34924,pending->superseded,dead ashfield review-mode proposals
34925,pending->superseded,dead ashfield review-mode proposals
34926,pending->superseded,dead ashfield review-mode proposals
34927,pending->superseded,dead ashfield review-mode proposals
34928,pending->superseded,dead ashfield review-mode proposals
34929,pending->superseded,dead ashfield review-mode proposals
34930,pending->superseded,dead ashfield review-mode proposals
34931,pending->superseded,dead ashfield review-mode proposals
34932,pending->superseded,dead ashfield review-mode proposals
34933,pending->superseded,dead ashfield review-mode proposals
34934,pending->superseded,dead ashfield review-mode proposals
34935,pending->superseded,dead ashfield review-mode proposals
34936,pending->superseded,dead ashfield review-mode proposals
34937,pending->superseded,dead ashfield review-mode proposals
34938,pending->superseded,dead ashfield review-mode proposals
34939,pending->superseded,dead ashfield review-mode proposals
34940,pending->superseded,dead ashfield review-mode proposals
34941,pending->superseded,dead ashfield review-mode proposals
34942,pending->superseded,dead ashfield review-mode proposals
34943,pending->superseded,dead ashfield review-mode proposals
34944,pending->superseded,dead ashfield review-mode proposals
34945,pending->superseded,dead ashfield review-mode proposals
34946,pending->superseded,dead ashfield review-mode proposals
34947,pending->superseded,dead ashfield review-mode proposals
34948,pending->superseded,dead ashfield review-mode proposals
34949,pending->superseded,dead ashfield review-mode proposals
34950,pending->superseded,dead ashfield review-mode proposals
34951,pending->superseded,dead ashfield review-mode proposals
35470,pending->superseded,dead ashfield review-mode proposals
34952,pending->superseded,dead ashfield review-mode proposals
34953,pending->superseded,dead ashfield review-mode proposals
34954,pending->superseded,dead ashfield review-mode proposals
34955,pending->superseded,dead ashfield review-mode proposals
34956,pending->superseded,dead ashfield review-mode proposals
34957,pending->superseded,dead ashfield review-mode proposals
34958,pending->superseded,dead ashfield review-mode proposals
34959,pending->superseded,dead ashfield review-mode proposals
34960,pending->superseded,dead ashfield review-mode proposals
34961,pending->superseded,dead ashfield review-mode proposals
34962,pending->superseded,dead ashfield review-mode proposals
34963,pending->superseded,dead ashfield review-mode proposals
34964,pending->superseded,dead ashfield review-mode proposals
34965,pending->superseded,dead ashfield review-mode proposals
34966,pending->superseded,dead ashfield review-mode proposals
34967,pending->superseded,dead ashfield review-mode proposals
34968,pending->superseded,dead ashfield review-mode proposals
34969,pending->superseded,dead ashfield review-mode proposals
34970,pending->superseded,dead ashfield review-mode proposals
34971,pending->superseded,dead ashfield review-mode proposals
34972,pending->superseded,dead ashfield review-mode proposals
34973,pending->superseded,dead ashfield review-mode proposals
34974,pending->superseded,dead ashfield review-mode proposals
34975,pending->superseded,dead ashfield review-mode proposals
34976,pending->superseded,dead ashfield review-mode proposals
34977,pending->superseded,dead ashfield review-mode proposals
34978,pending->superseded,dead ashfield review-mode proposals
34979,pending->superseded,dead ashfield review-mode proposals
34980,pending->superseded,dead ashfield review-mode proposals
34981,pending->superseded,dead ashfield review-mode proposals
34982,pending->superseded,dead ashfield review-mode proposals
34983,pending->superseded,dead ashfield review-mode proposals
34984,pending->superseded,dead ashfield review-mode proposals
34985,pending->superseded,dead ashfield review-mode proposals
34986,pending->superseded,dead ashfield review-mode proposals
34987,pending->superseded,dead ashfield review-mode proposals
34988,pending->superseded,dead ashfield review-mode proposals
34989,pending->superseded,dead ashfield review-mode proposals
34990,pending->superseded,dead ashfield review-mode proposals
34991,pending->superseded,dead ashfield review-mode proposals
34992,pending->superseded,dead ashfield review-mode proposals
34993,pending->superseded,dead ashfield review-mode proposals
34994,pending->superseded,dead ashfield review-mode proposals
34995,pending->superseded,dead ashfield review-mode proposals
34996,pending->superseded,dead ashfield review-mode proposals
34997,pending->superseded,dead ashfield review-mode proposals
34998,pending->superseded,dead ashfield review-mode proposals
34999,pending->superseded,dead ashfield review-mode proposals
35000,pending->superseded,dead ashfield review-mode proposals
35001,pending->superseded,dead ashfield review-mode proposals
35002,pending->superseded,dead ashfield review-mode proposals
35003,pending->superseded,dead ashfield review-mode proposals
35004,pending->superseded,dead ashfield review-mode proposals
35005,pending->superseded,dead ashfield review-mode proposals
35006,pending->superseded,dead ashfield review-mode proposals
35007,pending->superseded,dead ashfield review-mode proposals
35008,pending->superseded,dead ashfield review-mode proposals
35009,pending->superseded,dead ashfield review-mode proposals
35010,pending->superseded,dead ashfield review-mode proposals
35011,pending->superseded,dead ashfield review-mode proposals
35012,pending->superseded,dead ashfield review-mode proposals
35013,pending->superseded,dead ashfield review-mode proposals
35014,pending->superseded,dead ashfield review-mode proposals
35015,pending->superseded,dead ashfield review-mode proposals
35016,pending->superseded,dead ashfield review-mode proposals
35017,pending->superseded,dead ashfield review-mode proposals
35018,pending->superseded,dead ashfield review-mode proposals
35019,pending->superseded,dead ashfield review-mode proposals
35020,pending->superseded,dead ashfield review-mode proposals
35021,pending->superseded,dead ashfield review-mode proposals
35022,pending->superseded,dead ashfield review-mode proposals
35023,pending->superseded,dead ashfield review-mode proposals
35024,pending->superseded,dead ashfield review-mode proposals
35025,pending->superseded,dead ashfield review-mode proposals
35026,pending->superseded,dead ashfield review-mode proposals
35027,pending->superseded,dead ashfield review-mode proposals
35028,pending->superseded,dead ashfield review-mode proposals
35029,pending->superseded,dead ashfield review-mode proposals
35030,pending->superseded,dead ashfield review-mode proposals
35031,pending->superseded,dead ashfield review-mode proposals
35032,pending->superseded,dead ashfield review-mode proposals
35033,pending->superseded,dead ashfield review-mode proposals
35034,pending->superseded,dead ashfield review-mode proposals
35035,pending->superseded,dead ashfield review-mode proposals
35036,pending->superseded,dead ashfield review-mode proposals
35037,pending->superseded,dead ashfield review-mode proposals
35038,pending->superseded,dead ashfield review-mode proposals
35039,pending->superseded,dead ashfield review-mode proposals
35040,pending->superseded,dead ashfield review-mode proposals
35041,pending->superseded,dead ashfield review-mode proposals
35042,pending->superseded,dead ashfield review-mode proposals
35043,pending->superseded,dead ashfield review-mode proposals
35044,pending->superseded,dead ashfield review-mode proposals
35045,pending->superseded,dead ashfield review-mode proposals
35046,pending->superseded,dead ashfield review-mode proposals
35047,pending->superseded,dead ashfield review-mode proposals
35048,pending->superseded,dead ashfield review-mode proposals
35049,pending->superseded,dead ashfield review-mode proposals
35050,pending->superseded,dead ashfield review-mode proposals
35051,pending->superseded,dead ashfield review-mode proposals
35052,pending->superseded,dead ashfield review-mode proposals
35053,pending->superseded,dead ashfield review-mode proposals
35054,pending->superseded,dead ashfield review-mode proposals
35055,pending->superseded,dead ashfield review-mode proposals
35056,pending->superseded,dead ashfield review-mode proposals
35057,pending->superseded,dead ashfield review-mode proposals
35058,pending->superseded,dead ashfield review-mode proposals
35059,pending->superseded,dead ashfield review-mode proposals
35060,pending->superseded,dead ashfield review-mode proposals
35061,pending->superseded,dead ashfield review-mode proposals
35062,pending->superseded,dead ashfield review-mode proposals
35063,pending->superseded,dead ashfield review-mode proposals
35064,pending->superseded,dead ashfield review-mode proposals
35065,pending->superseded,dead ashfield review-mode proposals
35066,pending->superseded,dead ashfield review-mode proposals
35067,pending->superseded,dead ashfield review-mode proposals
35068,pending->superseded,dead ashfield review-mode proposals
35069,pending->superseded,dead ashfield review-mode proposals
35070,pending->superseded,dead ashfield review-mode proposals
35071,pending->superseded,dead ashfield review-mode proposals
35072,pending->superseded,dead ashfield review-mode proposals
35073,pending->superseded,dead ashfield review-mode proposals
35074,pending->superseded,dead ashfield review-mode proposals
35075,pending->superseded,dead ashfield review-mode proposals
35076,pending->superseded,dead ashfield review-mode proposals
35077,pending->superseded,dead ashfield review-mode proposals
35078,pending->superseded,dead ashfield review-mode proposals
35382,pending->superseded,dead ashfield review-mode proposals
35079,pending->superseded,dead ashfield review-mode proposals
35080,pending->superseded,dead ashfield review-mode proposals
35081,pending->superseded,dead ashfield review-mode proposals
35082,pending->superseded,dead ashfield review-mode proposals
35083,pending->superseded,dead ashfield review-mode proposals
35084,pending->superseded,dead ashfield review-mode proposals
35295,pending->superseded,dead ashfield review-mode proposals
35471,pending->superseded,dead ashfield review-mode proposals
35085,pending->superseded,dead ashfield review-mode proposals
35086,pending->superseded,dead ashfield review-mode proposals
35087,pending->superseded,dead ashfield review-mode proposals
35088,pending->superseded,dead ashfield review-mode proposals
35089,pending->superseded,dead ashfield review-mode proposals
35090,pending->superseded,dead ashfield review-mode proposals
35091,pending->superseded,dead ashfield review-mode proposals
35092,pending->superseded,dead ashfield review-mode proposals
35093,pending->superseded,dead ashfield review-mode proposals
35094,pending->superseded,dead ashfield review-mode proposals
35095,pending->superseded,dead ashfield review-mode proposals
35096,pending->superseded,dead ashfield review-mode proposals
35097,pending->superseded,dead ashfield review-mode proposals
35098,pending->superseded,dead ashfield review-mode proposals
35099,pending->superseded,dead ashfield review-mode proposals
35100,pending->superseded,dead ashfield review-mode proposals
35101,pending->superseded,dead ashfield review-mode proposals
35296,pending->superseded,dead ashfield review-mode proposals
35102,pending->superseded,dead ashfield review-mode proposals
35103,pending->superseded,dead ashfield review-mode proposals
35104,pending->superseded,dead ashfield review-mode proposals
35105,pending->superseded,dead ashfield review-mode proposals
35106,pending->superseded,dead ashfield review-mode proposals
35107,pending->superseded,dead ashfield review-mode proposals
35108,pending->superseded,dead ashfield review-mode proposals
35109,pending->superseded,dead ashfield review-mode proposals
35110,pending->superseded,dead ashfield review-mode proposals
35111,pending->superseded,dead ashfield review-mode proposals
35112,pending->superseded,dead ashfield review-mode proposals
35113,pending->superseded,dead ashfield review-mode proposals
35297,pending->superseded,dead ashfield review-mode proposals
35114,pending->superseded,dead ashfield review-mode proposals
35115,pending->superseded,dead ashfield review-mode proposals
35116,pending->superseded,dead ashfield review-mode proposals
35117,pending->superseded,dead ashfield review-mode proposals
35118,pending->superseded,dead ashfield review-mode proposals
35119,pending->superseded,dead ashfield review-mode proposals
35120,pending->superseded,dead ashfield review-mode proposals
35121,pending->superseded,dead ashfield review-mode proposals
35122,pending->superseded,dead ashfield review-mode proposals
35123,pending->superseded,dead ashfield review-mode proposals
35124,pending->superseded,dead ashfield review-mode proposals
35298,pending->superseded,dead ashfield review-mode proposals
35125,pending->superseded,dead ashfield review-mode proposals
35126,pending->superseded,dead ashfield review-mode proposals
35127,pending->superseded,dead ashfield review-mode proposals
35128,pending->superseded,dead ashfield review-mode proposals
35129,pending->superseded,dead ashfield review-mode proposals
35130,pending->superseded,dead ashfield review-mode proposals
35131,pending->superseded,dead ashfield review-mode proposals
35132,pending->superseded,dead ashfield review-mode proposals
35133,pending->superseded,dead ashfield review-mode proposals
35134,pending->superseded,dead ashfield review-mode proposals
35135,pending->superseded,dead ashfield review-mode proposals
35136,pending->superseded,dead ashfield review-mode proposals
35137,pending->superseded,dead ashfield review-mode proposals
35138,pending->superseded,dead ashfield review-mode proposals
35139,pending->superseded,dead ashfield review-mode proposals
35140,pending->superseded,dead ashfield review-mode proposals
35141,pending->superseded,dead ashfield review-mode proposals
35142,pending->superseded,dead ashfield review-mode proposals
35143,pending->superseded,dead ashfield review-mode proposals
35144,pending->superseded,dead ashfield review-mode proposals
35145,pending->superseded,dead ashfield review-mode proposals
35146,pending->superseded,dead ashfield review-mode proposals
35147,pending->superseded,dead ashfield review-mode proposals
35148,pending->superseded,dead ashfield review-mode proposals
35149,pending->superseded,dead ashfield review-mode proposals
35150,pending->superseded,dead ashfield review-mode proposals
35151,pending->superseded,dead ashfield review-mode proposals
35152,pending->superseded,dead ashfield review-mode proposals
35153,pending->superseded,dead ashfield review-mode proposals
35154,pending->superseded,dead ashfield review-mode proposals
35155,pending->superseded,dead ashfield review-mode proposals
35156,pending->superseded,dead ashfield review-mode proposals
35157,pending->superseded,dead ashfield review-mode proposals
35158,pending->superseded,dead ashfield review-mode proposals
35159,pending->superseded,dead ashfield review-mode proposals
35160,pending->superseded,dead ashfield review-mode proposals
35161,pending->superseded,dead ashfield review-mode proposals
35162,pending->superseded,dead ashfield review-mode proposals
35163,pending->superseded,dead ashfield review-mode proposals
35164,pending->superseded,dead ashfield review-mode proposals
35165,pending->superseded,dead ashfield review-mode proposals
35166,pending->superseded,dead ashfield review-mode proposals
35167,pending->superseded,dead ashfield review-mode proposals
35168,pending->superseded,dead ashfield review-mode proposals
35169,pending->superseded,dead ashfield review-mode proposals
35170,pending->superseded,dead ashfield review-mode proposals
35171,pending->superseded,dead ashfield review-mode proposals
35172,pending->superseded,dead ashfield review-mode proposals
35173,pending->superseded,dead ashfield review-mode proposals
35174,pending->superseded,dead ashfield review-mode proposals
35175,pending->superseded,dead ashfield review-mode proposals
35176,pending->superseded,dead ashfield review-mode proposals
35177,pending->superseded,dead ashfield review-mode proposals
35178,pending->superseded,dead ashfield review-mode proposals
35179,pending->superseded,dead ashfield review-mode proposals
35180,pending->superseded,dead ashfield review-mode proposals
35181,pending->superseded,dead ashfield review-mode proposals
35182,pending->superseded,dead ashfield review-mode proposals
35183,pending->superseded,dead ashfield review-mode proposals
35184,pending->superseded,dead ashfield review-mode proposals
35185,pending->superseded,dead ashfield review-mode proposals
35186,pending->superseded,dead ashfield review-mode proposals
35187,pending->superseded,dead ashfield review-mode proposals
35188,pending->superseded,dead ashfield review-mode proposals
35189,pending->superseded,dead ashfield review-mode proposals
35190,pending->superseded,dead ashfield review-mode proposals
35191,pending->superseded,dead ashfield review-mode proposals
35192,pending->superseded,dead ashfield review-mode proposals
35193,pending->superseded,dead ashfield review-mode proposals
35194,pending->superseded,dead ashfield review-mode proposals
35195,pending->superseded,dead ashfield review-mode proposals
35196,pending->superseded,dead ashfield review-mode proposals
35197,pending->superseded,dead ashfield review-mode proposals
35198,pending->superseded,dead ashfield review-mode proposals
35199,pending->superseded,dead ashfield review-mode proposals
35200,pending->superseded,dead ashfield review-mode proposals
35201,pending->superseded,dead ashfield review-mode proposals
35202,pending->superseded,dead ashfield review-mode proposals
35203,pending->superseded,dead ashfield review-mode proposals
35204,pending->superseded,dead ashfield review-mode proposals
35205,pending->superseded,dead ashfield review-mode proposals
35206,pending->superseded,dead ashfield review-mode proposals
35207,pending->superseded,dead ashfield review-mode proposals
35208,pending->superseded,dead ashfield review-mode proposals
35209,pending->superseded,dead ashfield review-mode proposals
35210,pending->superseded,dead ashfield review-mode proposals
35614,pending->superseded,dead ashfield review-mode proposals
35211,pending->superseded,dead ashfield review-mode proposals
35212,pending->superseded,dead ashfield review-mode proposals
35213,pending->superseded,dead ashfield review-mode proposals
35214,pending->superseded,dead ashfield review-mode proposals
35215,pending->superseded,dead ashfield review-mode proposals
35216,pending->superseded,dead ashfield review-mode proposals
35217,pending->superseded,dead ashfield review-mode proposals
35218,pending->superseded,dead ashfield review-mode proposals
35219,pending->superseded,dead ashfield review-mode proposals
35220,pending->superseded,dead ashfield review-mode proposals
35615,pending->superseded,dead ashfield review-mode proposals
35316,pending->superseded,dead ashfield review-mode proposals
35317,pending->superseded,dead ashfield review-mode proposals
35318,pending->superseded,dead ashfield review-mode proposals
35319,pending->superseded,dead ashfield review-mode proposals
35320,pending->superseded,dead ashfield review-mode proposals
35321,pending->superseded,dead ashfield review-mode proposals
35322,pending->superseded,dead ashfield review-mode proposals
35383,pending->superseded,dead ashfield review-mode proposals
35328,pending->superseded,dead ashfield review-mode proposals
35329,pending->superseded,dead ashfield review-mode proposals
35330,pending->superseded,dead ashfield review-mode proposals
35331,pending->superseded,dead ashfield review-mode proposals
35332,pending->superseded,dead ashfield review-mode proposals
35333,pending->superseded,dead ashfield review-mode proposals
35334,pending->superseded,dead ashfield review-mode proposals
35384,pending->superseded,dead ashfield review-mode proposals
35353,pending->superseded,dead ashfield review-mode proposals
35354,pending->superseded,dead ashfield review-mode proposals
35355,pending->superseded,dead ashfield review-mode proposals
35356,pending->superseded,dead ashfield review-mode proposals
35357,pending->superseded,dead ashfield review-mode proposals
35358,pending->superseded,dead ashfield review-mode proposals
35359,pending->superseded,dead ashfield review-mode proposals
35360,pending->superseded,dead ashfield review-mode proposals
35629,pending->superseded,dead ashfield review-mode proposals
35398,pending->superseded,dead ashfield review-mode proposals
35399,pending->superseded,dead ashfield review-mode proposals
35400,pending->superseded,dead ashfield review-mode proposals
35401,pending->superseded,dead ashfield review-mode proposals
35402,pending->superseded,dead ashfield review-mode proposals
35403,pending->superseded,dead ashfield review-mode proposals
35404,pending->superseded,dead ashfield review-mode proposals
35405,pending->superseded,dead ashfield review-mode proposals
35406,pending->superseded,dead ashfield review-mode proposals
35407,pending->superseded,dead ashfield review-mode proposals
35408,pending->superseded,dead ashfield review-mode proposals
35409,pending->superseded,dead ashfield review-mode proposals
35410,pending->superseded,dead ashfield review-mode proposals
35411,pending->superseded,dead ashfield review-mode proposals
35412,pending->superseded,dead ashfield review-mode proposals
35413,pending->superseded,dead ashfield review-mode proposals
35414,pending->superseded,dead ashfield review-mode proposals
35415,pending->superseded,dead ashfield review-mode proposals
35416,pending->superseded,dead ashfield review-mode proposals
35417,pending->superseded,dead ashfield review-mode proposals
35418,pending->superseded,dead ashfield review-mode proposals
35419,pending->superseded,dead ashfield review-mode proposals
35472,pending->superseded,dead ashfield review-mode proposals
35428,pending->superseded,dead ashfield review-mode proposals
35429,pending->superseded,dead ashfield review-mode proposals
35430,pending->superseded,dead ashfield review-mode proposals
35431,pending->superseded,dead ashfield review-mode proposals
35432,pending->superseded,dead ashfield review-mode proposals
35433,pending->superseded,dead ashfield review-mode proposals
35434,pending->superseded,dead ashfield review-mode proposals
35435,pending->superseded,dead ashfield review-mode proposals
35436,pending->superseded,dead ashfield review-mode proposals
35437,pending->superseded,dead ashfield review-mode proposals
35438,pending->superseded,dead ashfield review-mode proposals
35439,pending->superseded,dead ashfield review-mode proposals
35440,pending->superseded,dead ashfield review-mode proposals
35441,pending->superseded,dead ashfield review-mode proposals
35442,pending->superseded,dead ashfield review-mode proposals
35443,pending->superseded,dead ashfield review-mode proposals
35444,pending->superseded,dead ashfield review-mode proposals
35445,pending->superseded,dead ashfield review-mode proposals
35446,pending->superseded,dead ashfield review-mode proposals
35447,pending->superseded,dead ashfield review-mode proposals
35448,pending->superseded,dead ashfield review-mode proposals
35454,pending->superseded,dead ashfield review-mode proposals
35455,pending->superseded,dead ashfield review-mode proposals
35456,pending->superseded,dead ashfield review-mode proposals
35457,pending->superseded,dead ashfield review-mode proposals
35458,pending->superseded,dead ashfield review-mode proposals
35459,pending->superseded,dead ashfield review-mode proposals
35460,pending->superseded,dead ashfield review-mode proposals
35461,pending->superseded,dead ashfield review-mode proposals
35462,pending->superseded,dead ashfield review-mode proposals
35463,pending->superseded,dead ashfield review-mode proposals
35464,pending->superseded,dead ashfield review-mode proposals
35475,pending->superseded,dead ashfield review-mode proposals
35476,pending->superseded,dead ashfield review-mode proposals
35477,pending->superseded,dead ashfield review-mode proposals
35478,pending->superseded,dead ashfield review-mode proposals
35479,pending->superseded,dead ashfield review-mode proposals
35480,pending->superseded,dead ashfield review-mode proposals
35481,pending->superseded,dead ashfield review-mode proposals
35482,pending->superseded,dead ashfield review-mode proposals
35483,pending->superseded,dead ashfield review-mode proposals
35484,pending->superseded,dead ashfield review-mode proposals
35485,pending->superseded,dead ashfield review-mode proposals
35486,pending->superseded,dead ashfield review-mode proposals
35487,pending->superseded,dead ashfield review-mode proposals
35488,pending->superseded,dead ashfield review-mode proposals
35489,pending->superseded,dead ashfield review-mode proposals
35490,pending->superseded,dead ashfield review-mode proposals
35491,pending->superseded,dead ashfield review-mode proposals
35492,pending->superseded,dead ashfield review-mode proposals
35493,pending->superseded,dead ashfield review-mode proposals
35494,pending->superseded,dead ashfield review-mode proposals
35495,pending->superseded,dead ashfield review-mode proposals
35496,pending->superseded,dead ashfield review-mode proposals
35497,pending->superseded,dead ashfield review-mode proposals
35498,pending->superseded,dead ashfield review-mode proposals
35499,pending->superseded,dead ashfield review-mode proposals
35500,pending->superseded,dead ashfield review-mode proposals
35630,pending->superseded,dead ashfield review-mode proposals
35527,pending->superseded,dead ashfield review-mode proposals
35528,pending->superseded,dead ashfield review-mode proposals
35529,pending->superseded,dead ashfield review-mode proposals
35530,pending->superseded,dead ashfield review-mode proposals
35531,pending->superseded,dead ashfield review-mode proposals
35532,pending->superseded,dead ashfield review-mode proposals
35533,pending->superseded,dead ashfield review-mode proposals
35534,pending->superseded,dead ashfield review-mode proposals
35535,pending->superseded,dead ashfield review-mode proposals
35536,pending->superseded,dead ashfield review-mode proposals
35541,pending->superseded,dead ashfield review-mode proposals
35542,pending->superseded,dead ashfield review-mode proposals
35543,pending->superseded,dead ashfield review-mode proposals
35544,pending->superseded,dead ashfield review-mode proposals
35545,pending->superseded,dead ashfield review-mode proposals
35546,pending->superseded,dead ashfield review-mode proposals
35547,pending->superseded,dead ashfield review-mode proposals
35548,pending->superseded,dead ashfield review-mode proposals
35549,pending->superseded,dead ashfield review-mode proposals
35550,pending->superseded,dead ashfield review-mode proposals
35551,pending->superseded,dead ashfield review-mode proposals
35556,pending->superseded,dead ashfield review-mode proposals
35557,pending->superseded,dead ashfield review-mode proposals
35558,pending->superseded,dead ashfield review-mode proposals
35559,pending->superseded,dead ashfield review-mode proposals
35560,pending->superseded,dead ashfield review-mode proposals
35561,pending->superseded,dead ashfield review-mode proposals
35562,pending->superseded,dead ashfield review-mode proposals
35563,pending->superseded,dead ashfield review-mode proposals
35564,pending->superseded,dead ashfield review-mode proposals
35565,pending->superseded,dead ashfield review-mode proposals
35566,pending->superseded,dead ashfield review-mode proposals
35567,pending->superseded,dead ashfield review-mode proposals
35568,pending->superseded,dead ashfield review-mode proposals
35569,pending->superseded,dead ashfield review-mode proposals
35570,pending->superseded,dead ashfield review-mode proposals
35571,pending->superseded,dead ashfield review-mode proposals
35572,pending->superseded,dead ashfield review-mode proposals
35573,pending->superseded,dead ashfield review-mode proposals
35574,pending->superseded,dead ashfield review-mode proposals
35575,pending->superseded,dead ashfield review-mode proposals
35576,pending->superseded,dead ashfield review-mode proposals
35577,pending->superseded,dead ashfield review-mode proposals
35578,pending->superseded,dead ashfield review-mode proposals
35579,pending->superseded,dead ashfield review-mode proposals
35580,pending->superseded,dead ashfield review-mode proposals
35582,pending->superseded,dead ashfield review-mode proposals
35583,pending->superseded,dead ashfield review-mode proposals
35584,pending->superseded,dead ashfield review-mode proposals
35585,pending->superseded,dead ashfield review-mode proposals
35586,pending->superseded,dead ashfield review-mode proposals
35587,pending->superseded,dead ashfield review-mode proposals
35588,pending->superseded,dead ashfield review-mode proposals
35589,pending->superseded,dead ashfield review-mode proposals
35590,pending->superseded,dead ashfield review-mode proposals
35591,pending->superseded,dead ashfield review-mode proposals
35592,pending->superseded,dead ashfield review-mode proposals
35593,pending->superseded,dead ashfield review-mode proposals
35600,pending->superseded,dead ashfield review-mode proposals
35601,pending->superseded,dead ashfield review-mode proposals
35602,pending->superseded,dead ashfield review-mode proposals
35603,pending->superseded,dead ashfield review-mode proposals
35604,pending->superseded,dead ashfield review-mode proposals
35605,pending->superseded,dead ashfield review-mode proposals
35606,pending->superseded,dead ashfield review-mode proposals
35607,pending->superseded,dead ashfield review-mode proposals
35608,pending->superseded,dead ashfield review-mode proposals
35609,pending->superseded,dead ashfield review-mode proposals
35610,pending->superseded,dead ashfield review-mode proposals
35611,pending->superseded,dead ashfield review-mode proposals
35616,pending->superseded,dead ashfield review-mode proposals
35617,pending->superseded,dead ashfield review-mode proposals
35618,pending->superseded,dead ashfield review-mode proposals
35619,pending->superseded,dead ashfield review-mode proposals
35620,pending->superseded,dead ashfield review-mode proposals
35621,pending->superseded,dead ashfield review-mode proposals
35622,pending->superseded,dead ashfield review-mode proposals
35623,pending->superseded,dead ashfield review-mode proposals
35624,pending->superseded,dead ashfield review-mode proposals
35625,pending->superseded,dead ashfield review-mode proposals
35626,pending->superseded,dead ashfield review-mode proposals
35627,pending->superseded,dead ashfield review-mode proposals
35628,pending->superseded,dead ashfield review-mode proposals
35631,pending->superseded,dead ashfield review-mode proposals
35632,pending->superseded,dead ashfield review-mode proposals
35633,pending->superseded,dead ashfield review-mode proposals
35634,pending->superseded,dead ashfield review-mode proposals
35635,pending->superseded,dead ashfield review-mode proposals
35636,pending->superseded,dead ashfield review-mode proposals
35637,pending->superseded,dead ashfield review-mode proposals
35638,pending->superseded,dead ashfield review-mode proposals
35639,pending->superseded,dead ashfield review-mode proposals
35640,pending->superseded,dead ashfield review-mode proposals
35641,pending->superseded,dead ashfield review-mode proposals
35642,pending->superseded,dead ashfield review-mode proposals
35656,pending->superseded,dead ashfield review-mode proposals
35643,pending->superseded,dead ashfield review-mode proposals
35644,pending->superseded,dead ashfield review-mode proposals
35645,pending->superseded,dead ashfield review-mode proposals
35646,pending->superseded,dead ashfield review-mode proposals
35647,pending->superseded,dead ashfield review-mode proposals
35648,pending->superseded,dead ashfield review-mode proposals
35649,pending->superseded,dead ashfield review-mode proposals
35650,pending->superseded,dead ashfield review-mode proposals
35651,pending->superseded,dead ashfield review-mode proposals
35652,pending->superseded,dead ashfield review-mode proposals
35653,pending->superseded,dead ashfield review-mode proposals
35654,pending->superseded,dead ashfield review-mode proposals
35655,pending->superseded,dead ashfield review-mode proposals
35657,pending->superseded,dead ashfield review-mode proposals
35658,pending->superseded,dead ashfield review-mode proposals
35659,pending->superseded,dead ashfield review-mode proposals
35660,pending->superseded,dead ashfield review-mode proposals
35661,pending->superseded,dead ashfield review-mode proposals
35662,pending->superseded,dead ashfield review-mode proposals
35663,pending->superseded,dead ashfield review-mode proposals
35664,pending->superseded,dead ashfield review-mode proposals
35665,pending->superseded,dead ashfield review-mode proposals
35666,pending->superseded,dead ashfield review-mode proposals
35667,pending->superseded,dead ashfield review-mode proposals
35717,pending->superseded,dead ashfield review-mode proposals
35668,pending->superseded,dead ashfield review-mode proposals
35669,pending->superseded,dead ashfield review-mode proposals
35670,pending->superseded,dead ashfield review-mode proposals
35671,pending->superseded,dead ashfield review-mode proposals
35672,pending->superseded,dead ashfield review-mode proposals
35673,pending->superseded,dead ashfield review-mode proposals
35674,pending->superseded,dead ashfield review-mode proposals
35675,pending->superseded,dead ashfield review-mode proposals
35676,pending->superseded,dead ashfield review-mode proposals
35677,pending->superseded,dead ashfield review-mode proposals
35678,pending->superseded,dead ashfield review-mode proposals
35679,pending->superseded,dead ashfield review-mode proposals
35680,pending->superseded,dead ashfield review-mode proposals
35681,pending->superseded,dead ashfield review-mode proposals
35682,pending->superseded,dead ashfield review-mode proposals
35683,pending->superseded,dead ashfield review-mode proposals
35684,pending->superseded,dead ashfield review-mode proposals
35685,pending->superseded,dead ashfield review-mode proposals
35686,pending->superseded,dead ashfield review-mode proposals
35687,pending->superseded,dead ashfield review-mode proposals
35688,pending->superseded,dead ashfield review-mode proposals
35689,pending->superseded,dead ashfield review-mode proposals
35718,pending->superseded,dead ashfield review-mode proposals
35690,pending->superseded,dead ashfield review-mode proposals
35691,pending->superseded,dead ashfield review-mode proposals
35692,pending->superseded,dead ashfield review-mode proposals
35693,pending->superseded,dead ashfield review-mode proposals
35694,pending->superseded,dead ashfield review-mode proposals
35695,pending->superseded,dead ashfield review-mode proposals
35696,pending->superseded,dead ashfield review-mode proposals
35697,pending->superseded,dead ashfield review-mode proposals
35698,pending->superseded,dead ashfield review-mode proposals
35699,pending->superseded,dead ashfield review-mode proposals
35700,pending->superseded,dead ashfield review-mode proposals
35701,pending->superseded,dead ashfield review-mode proposals
35702,pending->superseded,dead ashfield review-mode proposals
35703,pending->superseded,dead ashfield review-mode proposals
35704,pending->superseded,dead ashfield review-mode proposals
35705,pending->superseded,dead ashfield review-mode proposals
35706,pending->superseded,dead ashfield review-mode proposals
35707,pending->superseded,dead ashfield review-mode proposals
35708,pending->superseded,dead ashfield review-mode proposals
35709,pending->superseded,dead ashfield review-mode proposals
35710,pending->superseded,dead ashfield review-mode proposals
35711,pending->superseded,dead ashfield review-mode proposals
35712,pending->superseded,dead ashfield review-mode proposals
35713,pending->superseded,dead ashfield review-mode proposals
35714,pending->superseded,dead ashfield review-mode proposals
35715,pending->superseded,dead ashfield review-mode proposals
35716,pending->superseded,dead ashfield review-mode proposals
35721,pending->superseded,dead ashfield review-mode proposals
35722,pending->superseded,dead ashfield review-mode proposals
35723,pending->superseded,dead ashfield review-mode proposals
35724,pending->superseded,dead ashfield review-mode proposals
35725,pending->superseded,dead ashfield review-mode proposals
35726,pending->superseded,dead ashfield review-mode proposals
35727,pending->superseded,dead ashfield review-mode proposals
35728,pending->superseded,dead ashfield review-mode proposals
35729,pending->superseded,dead ashfield review-mode proposals
35730,pending->superseded,dead ashfield review-mode proposals
35731,pending->superseded,dead ashfield review-mode proposals
35732,pending->superseded,dead ashfield review-mode proposals
35733,pending->superseded,dead ashfield review-mode proposals
35734,pending->superseded,dead ashfield review-mode proposals
35735,pending->superseded,dead ashfield review-mode proposals
35736,pending->superseded,dead ashfield review-mode proposals
35737,pending->superseded,dead ashfield review-mode proposals
35738,pending->superseded,dead ashfield review-mode proposals
35739,pending->superseded,dead ashfield review-mode proposals
35740,pending->superseded,dead ashfield review-mode proposals
35741,pending->superseded,dead ashfield review-mode proposals
35742,pending->superseded,dead ashfield review-mode proposals
35743,pending->superseded,dead ashfield review-mode proposals
35767,pending->superseded,dead ashfield review-mode proposals
35744,pending->superseded,dead ashfield review-mode proposals
35745,pending->superseded,dead ashfield review-mode proposals
35746,pending->superseded,dead ashfield review-mode proposals
35747,pending->superseded,dead ashfield review-mode proposals
35748,pending->superseded,dead ashfield review-mode proposals
35749,pending->superseded,dead ashfield review-mode proposals
35750,pending->superseded,dead ashfield review-mode proposals
35751,pending->superseded,dead ashfield review-mode proposals
35752,pending->superseded,dead ashfield review-mode proposals
35753,pending->superseded,dead ashfield review-mode proposals
35754,pending->superseded,dead ashfield review-mode proposals
35755,pending->superseded,dead ashfield review-mode proposals
35756,pending->superseded,dead ashfield review-mode proposals
35757,pending->superseded,dead ashfield review-mode proposals
35758,pending->superseded,dead ashfield review-mode proposals
35759,pending->superseded,dead ashfield review-mode proposals
35760,pending->superseded,dead ashfield review-mode proposals
35761,pending->superseded,dead ashfield review-mode proposals
35762,pending->superseded,dead ashfield review-mode proposals
35763,pending->superseded,dead ashfield review-mode proposals
35764,pending->superseded,dead ashfield review-mode proposals
35765,pending->superseded,dead ashfield review-mode proposals
35766,pending->superseded,dead ashfield review-mode proposals
35768,pending->superseded,dead ashfield review-mode proposals
35769,pending->superseded,dead ashfield review-mode proposals
35770,pending->superseded,dead ashfield review-mode proposals
35771,pending->superseded,dead ashfield review-mode proposals
35772,pending->superseded,dead ashfield review-mode proposals
35773,pending->superseded,dead ashfield review-mode proposals
35774,pending->superseded,dead ashfield review-mode proposals
35775,pending->superseded,dead ashfield review-mode proposals
35776,pending->superseded,dead ashfield review-mode proposals
35777,pending->superseded,dead ashfield review-mode proposals
35778,pending->superseded,dead ashfield review-mode proposals
35779,pending->superseded,dead ashfield review-mode proposals
35780,pending->superseded,dead ashfield review-mode proposals
35781,pending->superseded,dead ashfield review-mode proposals
35782,pending->superseded,dead ashfield review-mode proposals
35783,pending->superseded,dead ashfield review-mode proposals
35784,pending->superseded,dead ashfield review-mode proposals
35785,pending->superseded,dead ashfield review-mode proposals
35786,pending->superseded,dead ashfield review-mode proposals
35787,pending->superseded,dead ashfield review-mode proposals
35788,pending->superseded,dead ashfield review-mode proposals
35789,pending->superseded,dead ashfield review-mode proposals
35790,pending->superseded,dead ashfield review-mode proposals
35791,pending->superseded,dead ashfield review-mode proposals
35792,pending->superseded,dead ashfield review-mode proposals
35793,pending->superseded,dead ashfield review-mode proposals
35794,pending->superseded,dead ashfield review-mode proposals
35795,pending->superseded,dead ashfield review-mode proposals
35796,pending->superseded,dead ashfield review-mode proposals
35797,pending->superseded,dead ashfield review-mode proposals
35798,pending->superseded,dead ashfield review-mode proposals
35799,pending->superseded,dead ashfield review-mode proposals
35800,pending->superseded,dead ashfield review-mode proposals
35801,pending->superseded,dead ashfield review-mode proposals
35802,pending->superseded,dead ashfield review-mode proposals
35803,pending->superseded,dead ashfield review-mode proposals
35804,pending->superseded,dead ashfield review-mode proposals
35805,pending->superseded,dead ashfield review-mode proposals
35806,pending->superseded,dead ashfield review-mode proposals
35807,pending->superseded,dead ashfield review-mode proposals
35808,pending->superseded,dead ashfield review-mode proposals
35809,pending->superseded,dead ashfield review-mode proposals
35810,pending->superseded,dead ashfield review-mode proposals
35811,pending->superseded,dead ashfield review-mode proposals
35812,pending->superseded,dead ashfield review-mode proposals
35813,pending->superseded,dead ashfield review-mode proposals
35814,pending->superseded,dead ashfield review-mode proposals
35815,pending->superseded,dead ashfield review-mode proposals
35816,pending->superseded,dead ashfield review-mode proposals
35817,pending->superseded,dead ashfield review-mode proposals
35818,pending->superseded,dead ashfield review-mode proposals
35819,pending->superseded,dead ashfield review-mode proposals
35820,pending->superseded,dead ashfield review-mode proposals
35821,pending->superseded,dead ashfield review-mode proposals
35822,pending->superseded,dead ashfield review-mode proposals
35823,pending->superseded,dead ashfield review-mode proposals
35824,pending->superseded,dead ashfield review-mode proposals
35825,pending->superseded,dead ashfield review-mode proposals
35826,pending->superseded,dead ashfield review-mode proposals
35827,pending->superseded,dead ashfield review-mode proposals
35828,pending->superseded,dead ashfield review-mode proposals
35829,pending->superseded,dead ashfield review-mode proposals
35830,pending->superseded,dead ashfield review-mode proposals
35831,pending->superseded,dead ashfield review-mode proposals
35832,pending->superseded,dead ashfield review-mode proposals
35833,pending->superseded,dead ashfield review-mode proposals
35834,pending->superseded,dead ashfield review-mode proposals
35835,pending->superseded,dead ashfield review-mode proposals
35836,pending->superseded,dead ashfield review-mode proposals
35837,pending->superseded,dead ashfield review-mode proposals
35838,pending->superseded,dead ashfield review-mode proposals
35839,pending->superseded,dead ashfield review-mode proposals
35840,pending->superseded,dead ashfield review-mode proposals
35841,pending->superseded,dead ashfield review-mode proposals
35842,pending->superseded,dead ashfield review-mode proposals
35843,pending->superseded,dead ashfield review-mode proposals
35844,pending->superseded,dead ashfield review-mode proposals
35845,pending->superseded,dead ashfield review-mode proposals
35846,pending->superseded,dead ashfield review-mode proposals
35847,pending->superseded,dead ashfield review-mode proposals
35848,pending->superseded,dead ashfield review-mode proposals
35849,pending->superseded,dead ashfield review-mode proposals
35874,pending->superseded,dead ashfield review-mode proposals
35850,pending->superseded,dead ashfield review-mode proposals
35851,pending->superseded,dead ashfield review-mode proposals
35852,pending->superseded,dead ashfield review-mode proposals
35853,pending->superseded,dead ashfield review-mode proposals
35854,pending->superseded,dead ashfield review-mode proposals
35855,pending->superseded,dead ashfield review-mode proposals
35856,pending->superseded,dead ashfield review-mode proposals
35857,pending->superseded,dead ashfield review-mode proposals
35875,pending->superseded,dead ashfield review-mode proposals
35858,pending->superseded,dead ashfield review-mode proposals
35859,pending->superseded,dead ashfield review-mode proposals
35860,pending->superseded,dead ashfield review-mode proposals
35861,pending->superseded,dead ashfield review-mode proposals
35862,pending->superseded,dead ashfield review-mode proposals
35863,pending->superseded,dead ashfield review-mode proposals
35864,pending->superseded,dead ashfield review-mode proposals
35886,pending->superseded,dead ashfield review-mode proposals
35865,pending->superseded,dead ashfield review-mode proposals
35866,pending->superseded,dead ashfield review-mode proposals
35867,pending->superseded,dead ashfield review-mode proposals
35868,pending->superseded,dead ashfield review-mode proposals
35869,pending->superseded,dead ashfield review-mode proposals
35870,pending->superseded,dead ashfield review-mode proposals
35871,pending->superseded,dead ashfield review-mode proposals
35872,pending->superseded,dead ashfield review-mode proposals
35873,pending->superseded,dead ashfield review-mode proposals
35876,pending->superseded,dead ashfield review-mode proposals
35877,pending->superseded,dead ashfield review-mode proposals
35878,pending->superseded,dead ashfield review-mode proposals
35879,pending->superseded,dead ashfield review-mode proposals
35880,pending->superseded,dead ashfield review-mode proposals
35881,pending->superseded,dead ashfield review-mode proposals
35882,pending->superseded,dead ashfield review-mode proposals
35883,pending->superseded,dead ashfield review-mode proposals
35884,pending->superseded,dead ashfield review-mode proposals
35885,pending->superseded,dead ashfield review-mode proposals
35887,pending->superseded,dead ashfield review-mode proposals
35888,pending->superseded,dead ashfield review-mode proposals
35889,pending->superseded,dead ashfield review-mode proposals
35890,pending->superseded,dead ashfield review-mode proposals
35891,pending->superseded,dead ashfield review-mode proposals
35892,pending->superseded,dead ashfield review-mode proposals
35893,pending->superseded,dead ashfield review-mode proposals
35894,pending->superseded,dead ashfield review-mode proposals
35895,pending->superseded,dead ashfield review-mode proposals
35896,pending->superseded,dead ashfield review-mode proposals
35897,pending->superseded,dead ashfield review-mode proposals
35898,pending->superseded,dead ashfield review-mode proposals
35899,pending->superseded,dead ashfield review-mode proposals
35900,pending->superseded,dead ashfield review-mode proposals
35901,pending->superseded,dead ashfield review-mode proposals
35902,pending->superseded,dead ashfield review-mode proposals
35903,pending->superseded,dead ashfield review-mode proposals
35904,pending->superseded,dead ashfield review-mode proposals
35905,pending->superseded,dead ashfield review-mode proposals
35906,pending->superseded,dead ashfield review-mode proposals
35907,pending->superseded,dead ashfield review-mode proposals
35908,pending->superseded,dead ashfield review-mode proposals
35909,pending->superseded,dead ashfield review-mode proposals
35910,pending->superseded,dead ashfield review-mode proposals
35911,pending->superseded,dead ashfield review-mode proposals
35914,pending->superseded,dead ashfield review-mode proposals
35915,pending->superseded,dead ashfield review-mode proposals
35916,pending->superseded,dead ashfield review-mode proposals
35917,pending->superseded,dead ashfield review-mode proposals
35918,pending->superseded,dead ashfield review-mode proposals
35919,pending->superseded,dead ashfield review-mode proposals
35920,pending->superseded,dead ashfield review-mode proposals
35921,pending->superseded,dead ashfield review-mode proposals
35922,pending->superseded,dead ashfield review-mode proposals
35923,pending->superseded,dead ashfield review-mode proposals
35924,pending->superseded,dead ashfield review-mode proposals
35925,pending->superseded,dead ashfield review-mode proposals
35926,pending->superseded,dead ashfield review-mode proposals
35927,pending->superseded,dead ashfield review-mode proposals
35928,pending->superseded,dead ashfield review-mode proposals
35929,pending->superseded,dead ashfield review-mode proposals
35930,pending->superseded,dead ashfield review-mode proposals
35931,pending->superseded,dead ashfield review-mode proposals
35932,pending->superseded,dead ashfield review-mode proposals
35933,pending->superseded,dead ashfield review-mode proposals
35934,pending->superseded,dead ashfield review-mode proposals
35935,pending->superseded,dead ashfield review-mode proposals
35936,pending->superseded,dead ashfield review-mode proposals
35937,pending->superseded,dead ashfield review-mode proposals
35938,pending->superseded,dead ashfield review-mode proposals
35939,pending->superseded,dead ashfield review-mode proposals
35940,pending->superseded,dead ashfield review-mode proposals
35941,pending->superseded,dead ashfield review-mode proposals
35942,pending->superseded,dead ashfield review-mode proposals
35943,pending->superseded,dead ashfield review-mode proposals
35944,pending->superseded,dead ashfield review-mode proposals
35945,pending->superseded,dead ashfield review-mode proposals
35946,pending->superseded,dead ashfield review-mode proposals
35947,pending->superseded,dead ashfield review-mode proposals
35948,pending->superseded,dead ashfield review-mode proposals
35949,pending->superseded,dead ashfield review-mode proposals
35950,pending->superseded,dead ashfield review-mode proposals
35951,pending->superseded,dead ashfield review-mode proposals
35952,pending->superseded,dead ashfield review-mode proposals
35953,pending->superseded,dead ashfield review-mode proposals
35954,pending->superseded,dead ashfield review-mode proposals
35955,pending->superseded,dead ashfield review-mode proposals
35956,pending->superseded,dead ashfield review-mode proposals
35957,pending->superseded,dead ashfield review-mode proposals
35962,pending->superseded,dead ashfield review-mode proposals
35963,pending->superseded,dead ashfield review-mode proposals
35964,pending->superseded,dead ashfield review-mode proposals
35965,pending->superseded,dead ashfield review-mode proposals
35966,pending->superseded,dead ashfield review-mode proposals
35967,pending->superseded,dead ashfield review-mode proposals
35968,pending->superseded,dead ashfield review-mode proposals
35969,pending->superseded,dead ashfield review-mode proposals
35970,pending->superseded,dead ashfield review-mode proposals
35971,pending->superseded,dead ashfield review-mode proposals
35972,pending->superseded,dead ashfield review-mode proposals
35973,pending->superseded,dead ashfield review-mode proposals
35974,pending->superseded,dead ashfield review-mode proposals
35975,pending->superseded,dead ashfield review-mode proposals
35977,pending->superseded,dead ashfield review-mode proposals
35978,pending->superseded,dead ashfield review-mode proposals
35979,pending->superseded,dead ashfield review-mode proposals
35980,pending->superseded,dead ashfield review-mode proposals
35981,pending->superseded,dead ashfield review-mode proposals
35982,pending->superseded,dead ashfield review-mode proposals
35983,pending->superseded,dead ashfield review-mode proposals
35984,pending->superseded,dead ashfield review-mode proposals
35985,pending->superseded,dead ashfield review-mode proposals
35986,pending->superseded,dead ashfield review-mode proposals
35987,pending->superseded,dead ashfield review-mode proposals
35988,pending->superseded,dead ashfield review-mode proposals
35989,pending->superseded,dead ashfield review-mode proposals
35990,pending->superseded,dead ashfield review-mode proposals
35991,pending->superseded,dead ashfield review-mode proposals
35992,pending->superseded,dead ashfield review-mode proposals
35993,pending->superseded,dead ashfield review-mode proposals
35994,pending->superseded,dead ashfield review-mode proposals
35995,pending->superseded,dead ashfield review-mode proposals
35996,pending->superseded,dead ashfield review-mode proposals
35997,pending->superseded,dead ashfield review-mode proposals
35998,pending->superseded,dead ashfield review-mode proposals
35999,pending->superseded,dead ashfield review-mode proposals
36000,pending->superseded,dead ashfield review-mode proposals
36001,pending->superseded,dead ashfield review-mode proposals
36002,pending->superseded,dead ashfield review-mode proposals
36018,pending->superseded,dead ashfield review-mode proposals
36019,pending->superseded,dead ashfield review-mode proposals
36020,pending->superseded,dead ashfield review-mode proposals
36021,pending->superseded,dead ashfield review-mode proposals
36022,pending->superseded,dead ashfield review-mode proposals
36023,pending->superseded,dead ashfield review-mode proposals
36024,pending->superseded,dead ashfield review-mode proposals
36025,pending->superseded,dead ashfield review-mode proposals
36026,pending->superseded,dead ashfield review-mode proposals
36027,pending->superseded,dead ashfield review-mode proposals
36028,pending->superseded,dead ashfield review-mode proposals
36029,pending->superseded,dead ashfield review-mode proposals
36030,pending->superseded,dead ashfield review-mode proposals
36032,pending->superseded,dead ashfield review-mode proposals
36033,pending->superseded,dead ashfield review-mode proposals
36034,pending->superseded,dead ashfield review-mode proposals
36035,pending->superseded,dead ashfield review-mode proposals
36036,pending->superseded,dead ashfield review-mode proposals
36037,pending->superseded,dead ashfield review-mode proposals
36038,pending->superseded,dead ashfield review-mode proposals
36039,pending->superseded,dead ashfield review-mode proposals
36040,pending->superseded,dead ashfield review-mode proposals
36041,pending->superseded,dead ashfield review-mode proposals
36042,pending->superseded,dead ashfield review-mode proposals
36043,pending->superseded,dead ashfield review-mode proposals
36044,pending->superseded,dead ashfield review-mode proposals
36045,pending->superseded,dead ashfield review-mode proposals
36046,pending->superseded,dead ashfield review-mode proposals
36047,pending->superseded,dead ashfield review-mode proposals
36048,pending->superseded,dead ashfield review-mode proposals
36049,pending->superseded,dead ashfield review-mode proposals
36057,pending->superseded,dead ashfield review-mode proposals
36050,pending->superseded,dead ashfield review-mode proposals
36051,pending->superseded,dead ashfield review-mode proposals
36052,pending->superseded,dead ashfield review-mode proposals
36053,pending->superseded,dead ashfield review-mode proposals
36054,pending->superseded,dead ashfield review-mode proposals
36055,pending->superseded,dead ashfield review-mode proposals
36056,pending->superseded,dead ashfield review-mode proposals
36059,pending->superseded,dead ashfield review-mode proposals
36060,pending->superseded,dead ashfield review-mode proposals
36061,pending->superseded,dead ashfield review-mode proposals
36062,pending->superseded,dead ashfield review-mode proposals
36063,pending->superseded,dead ashfield review-mode proposals
36064,pending->superseded,dead ashfield review-mode proposals
36065,pending->superseded,dead ashfield review-mode proposals
36066,pending->superseded,dead ashfield review-mode proposals
36067,pending->superseded,dead ashfield review-mode proposals
36082,pending->superseded,dead ashfield review-mode proposals
36068,pending->superseded,dead ashfield review-mode proposals
36069,pending->superseded,dead ashfield review-mode proposals
36070,pending->superseded,dead ashfield review-mode proposals
36071,pending->superseded,dead ashfield review-mode proposals
36072,pending->superseded,dead ashfield review-mode proposals
36073,pending->superseded,dead ashfield review-mode proposals
36074,pending->superseded,dead ashfield review-mode proposals
36083,pending->superseded,dead ashfield review-mode proposals
36075,pending->superseded,dead ashfield review-mode proposals
36076,pending->superseded,dead ashfield review-mode proposals
36077,pending->superseded,dead ashfield review-mode proposals
36078,pending->superseded,dead ashfield review-mode proposals
36079,pending->superseded,dead ashfield review-mode proposals
36080,pending->superseded,dead ashfield review-mode proposals
36081,pending->superseded,dead ashfield review-mode proposals
36084,pending->superseded,dead ashfield review-mode proposals
36085,pending->superseded,dead ashfield review-mode proposals
36086,pending->superseded,dead ashfield review-mode proposals
36087,pending->superseded,dead ashfield review-mode proposals
36088,pending->superseded,dead ashfield review-mode proposals
36089,pending->superseded,dead ashfield review-mode proposals
36090,pending->superseded,dead ashfield review-mode proposals
36091,pending->superseded,dead ashfield review-mode proposals
36092,pending->superseded,dead ashfield review-mode proposals
36093,pending->superseded,dead ashfield review-mode proposals
36094,pending->superseded,dead ashfield review-mode proposals
36095,pending->superseded,dead ashfield review-mode proposals
36096,pending->superseded,dead ashfield review-mode proposals
36097,pending->superseded,dead ashfield review-mode proposals
36098,pending->superseded,dead ashfield review-mode proposals
36099,pending->superseded,dead ashfield review-mode proposals
36100,pending->superseded,dead ashfield review-mode proposals
36101,pending->superseded,dead ashfield review-mode proposals
36102,pending->superseded,dead ashfield review-mode proposals
36103,pending->superseded,dead ashfield review-mode proposals
36104,pending->superseded,dead ashfield review-mode proposals
36105,pending->superseded,dead ashfield review-mode proposals
36106,pending->superseded,dead ashfield review-mode proposals
36107,pending->superseded,dead ashfield review-mode proposals
36108,pending->superseded,dead ashfield review-mode proposals
36109,pending->superseded,dead ashfield review-mode proposals
36110,pending->superseded,dead ashfield review-mode proposals
36111,pending->superseded,dead ashfield review-mode proposals
36112,pending->superseded,dead ashfield review-mode proposals
36113,pending->superseded,dead ashfield review-mode proposals
31882,pending->approved,auto-verified: formatting-only change (normalized texts identical)
31884,pending->approved,auto-verified: formatting-only change (normalized texts identical)
31886,pending->approved,auto-verified: formatting-only change (normalized texts identical)
31888,pending->approved,auto-verified: formatting-only change (normalized texts identical)
31892,pending->approved,auto-verified: formatting-only change (normalized texts identical)
31925,pending->approved,auto-verified: renumbering — identical text exists in a removed row
32253,pending->approved,auto-verified: renumbering — identical text exists in an added row
31927,pending->approved,auto-verified: renumbering — identical text exists in a removed row
32255,pending->approved,auto-verified: renumbering — identical text exists in an added row
31929,pending->approved,auto-verified: renumbering — identical text exists in a removed row
32257,pending->approved,auto-verified: renumbering — identical text exists in an added row
31935,pending->approved,auto-verified: renumbering — identical text exists in a removed row
32261,pending->approved,auto-verified: renumbering — identical text exists in an added row
31938,pending->approved,auto-verified: renumbering — identical text exists in a removed row
32263,pending->approved,auto-verified: renumbering — identical text exists in an added row
31942,pending->approved,auto-verified: renumbering — identical text exists in a removed row
32273,pending->approved,auto-verified: renumbering — identical text exists in an added row
31944,pending->approved,auto-verified: renumbering — identical text exists in a removed row
32274,pending->approved,auto-verified: renumbering — identical text exists in an added row
31945,pending->approved,auto-verified: renumbering — identical text exists in a removed row
32276,pending->approved,auto-verified: renumbering — identical text exists in an added row
31947,pending->approved,auto-verified: renumbering — identical text exists in a removed row
32277,pending->approved,auto-verified: renumbering — identical text exists in an added row
31948,pending->approved,auto-verified: renumbering — identical text exists in a removed row
32279,pending->approved,auto-verified: renumbering — identical text exists in an added row
31950,pending->approved,auto-verified: renumbering — identical text exists in a removed row
32280,pending->approved,auto-verified: renumbering — identical text exists in an added row
31953,pending->approved,auto-verified: renumbering — identical text exists in a removed row
32283,pending->approved,auto-verified: renumbering — identical text exists in an added row
31956,pending->approved,auto-verified: renumbering — identical text exists in a removed row
32296,pending->approved,auto-verified: renumbering — identical text exists in an added row
31958,pending->approved,auto-verified: renumbering — identical text exists in a removed row
32287,pending->approved,auto-verified: renumbering — identical text exists in an added row
31960,pending->approved,auto-verified: renumbering — identical text exists in a removed row
32289,pending->approved,auto-verified: renumbering — identical text exists in an added row
31964,pending->approved,auto-verified: renumbering — identical text exists in a removed row
32292,pending->approved,auto-verified: renumbering — identical text exists in an added row
31974,pending->approved,auto-verified: renumbering — identical text exists in a removed row
32299,pending->approved,auto-verified: renumbering — identical text exists in an added row
31975,pending->approved,auto-verified: renumbering — identical text exists in a removed row
32301,pending->approved,auto-verified: renumbering — identical text exists in an added row
31977,pending->approved,auto-verified: renumbering — identical text exists in a removed row
32303,pending->approved,auto-verified: renumbering — identical text exists in an added row
31978,pending->approved,auto-verified: renumbering — identical text exists in a removed row
32305,pending->approved,auto-verified: renumbering — identical text exists in an added row
31980,pending->approved,auto-verified: renumbering — identical text exists in a removed row
32307,pending->approved,auto-verified: renumbering — identical text exists in an added row
31982,pending->approved,auto-verified: renumbering — identical text exists in a removed row
32308,pending->approved,auto-verified: renumbering — identical text exists in an added row
31984,pending->approved,auto-verified: renumbering — identical text exists in a removed row
32311,pending->approved,auto-verified: renumbering — identical text exists in an added row
31989,pending->approved,auto-verified: renumbering — identical text exists in a removed row
32313,pending->approved,auto-verified: renumbering — identical text exists in an added row
32012,pending->approved,auto-verified: renumbering — identical text exists in a removed row
32316,pending->approved,auto-verified: renumbering — identical text exists in an added row
32014,pending->approved,auto-verified: renumbering — identical text exists in a removed row
32318,pending->approved,auto-verified: renumbering — identical text exists in an added row
32016,pending->approved,auto-verified: renumbering — identical text exists in a removed row
32320,pending->approved,auto-verified: renumbering — identical text exists in an added row
32018,pending->approved,auto-verified: renumbering — identical text exists in a removed row
32322,pending->approved,auto-verified: renumbering — identical text exists in an added row
32023,pending->approved,auto-verified: renumbering — identical text exists in a removed row
32328,pending->approved,auto-verified: renumbering — identical text exists in an added row
32028,pending->approved,auto-verified: renumbering — identical text exists in a removed row
32330,pending->approved,auto-verified: renumbering — identical text exists in an added row
32038,pending->approved,auto-verified: renumbering — identical text exists in a removed row
32332,pending->approved,auto-verified: renumbering — identical text exists in an added row
32048,pending->approved,auto-verified: renumbering — identical text exists in a removed row
32333,pending->approved,auto-verified: renumbering — identical text exists in an added row
32050,pending->approved,auto-verified: renumbering — identical text exists in a removed row
32335,pending->approved,auto-verified: renumbering — identical text exists in an added row
32051,pending->approved,auto-verified: renumbering — identical text exists in a removed row
32337,pending->approved,auto-verified: renumbering — identical text exists in an added row
32057,pending->approved,auto-verified: renumbering — identical text exists in a removed row
32339,pending->approved,auto-verified: renumbering — identical text exists in an added row
32059,pending->approved,auto-verified: renumbering — identical text exists in a removed row
32341,pending->approved,auto-verified: renumbering — identical text exists in an added row
32061,pending->approved,auto-verified: renumbering — identical text exists in a removed row
32343,pending->approved,auto-verified: renumbering — identical text exists in an added row
32063,pending->approved,auto-verified: renumbering — identical text exists in a removed row
32345,pending->approved,auto-verified: renumbering — identical text exists in an added row
32065,pending->approved,auto-verified: renumbering — identical text exists in a removed row
32346,pending->approved,auto-verified: renumbering — identical text exists in an added row
32066,pending->approved,auto-verified: renumbering — identical text exists in a removed row
32348,pending->approved,auto-verified: renumbering — identical text exists in an added row
32069,pending->approved,auto-verified: renumbering — identical text exists in a removed row
32350,pending->approved,auto-verified: renumbering — identical text exists in an added row
32072,pending->approved,auto-verified: renumbering — identical text exists in a removed row
32352,pending->approved,auto-verified: renumbering — identical text exists in an added row
32090,pending->approved,auto-verified: renumbering — identical text exists in a removed row
32387,pending->approved,auto-verified: renumbering — identical text exists in an added row
32092,pending->approved,auto-verified: renumbering — identical text exists in a removed row
32389,pending->approved,auto-verified: renumbering — identical text exists in an added row
32097,pending->approved,auto-verified: renumbering — identical text exists in a removed row
32391,pending->approved,auto-verified: renumbering — identical text exists in an added row
32099,pending->approved,auto-verified: renumbering — identical text exists in a removed row
32392,pending->approved,auto-verified: renumbering — identical text exists in an added row
32100,pending->approved,auto-verified: renumbering — identical text exists in a removed row
32394,pending->approved,auto-verified: renumbering — identical text exists in an added row
32102,pending->approved,auto-verified: renumbering — identical text exists in a removed row
32396,pending->approved,auto-verified: renumbering — identical text exists in an added row
32104,pending->approved,auto-verified: renumbering — identical text exists in a removed row
32398,pending->approved,auto-verified: renumbering — identical text exists in an added row
32106,pending->approved,auto-verified: renumbering — identical text exists in a removed row
32399,pending->approved,auto-verified: renumbering — identical text exists in an added row
32107,pending->approved,auto-verified: renumbering — identical text exists in a removed row
32401,pending->approved,auto-verified: renumbering — identical text exists in an added row
32109,pending->approved,auto-verified: renumbering — identical text exists in a removed row
32376,pending->approved,auto-verified: renumbering — identical text exists in an added row
32111,pending->approved,auto-verified: renumbering — identical text exists in a removed row
32377,pending->approved,auto-verified: renumbering — identical text exists in an added row
32112,pending->approved,auto-verified: renumbering — identical text exists in a removed row
32379,pending->approved,auto-verified: renumbering — identical text exists in an added row
32116,pending->approved,auto-verified: renumbering — identical text exists in a removed row
32380,pending->approved,auto-verified: renumbering — identical text exists in an added row
32117,pending->approved,auto-verified: renumbering — identical text exists in a removed row
32382,pending->approved,auto-verified: renumbering — identical text exists in an added row
32119,pending->approved,auto-verified: renumbering — identical text exists in a removed row
32383,pending->approved,auto-verified: renumbering — identical text exists in an added row
32120,pending->approved,auto-verified: renumbering — identical text exists in a removed row
32385,pending->approved,auto-verified: renumbering — identical text exists in an added row
32123,pending->approved,auto-verified: renumbering — identical text exists in a removed row
32404,pending->approved,auto-verified: renumbering — identical text exists in an added row
32134,pending->approved,auto-verified: renumbering — identical text exists in a removed row
32407,pending->approved,auto-verified: renumbering — identical text exists in an added row
32135,pending->approved,auto-verified: renumbering — identical text exists in a removed row
32409,pending->approved,auto-verified: renumbering — identical text exists in an added row
32154,pending->approved,auto-verified: renumbering — identical text exists in a removed row
32435,pending->approved,auto-verified: renumbering — identical text exists in an added row
32156,pending->approved,auto-verified: renumbering — identical text exists in a removed row
32437,pending->approved,auto-verified: renumbering — identical text exists in an added row
32158,pending->approved,auto-verified: renumbering — identical text exists in a removed row
32439,pending->approved,auto-verified: renumbering — identical text exists in an added row
32160,pending->approved,auto-verified: renumbering — identical text exists in a removed row
32441,pending->approved,auto-verified: renumbering — identical text exists in an added row
32163,pending->approved,auto-verified: renumbering — identical text exists in a removed row
32444,pending->approved,auto-verified: renumbering — identical text exists in an added row
32170,pending->approved,auto-verified: renumbering — identical text exists in a removed row
32415,pending->approved,auto-verified: renumbering — identical text exists in an added row
32172,pending->approved,auto-verified: renumbering — identical text exists in a removed row
32419,pending->approved,auto-verified: renumbering — identical text exists in an added row
32174,pending->approved,auto-verified: renumbering — identical text exists in a removed row
32421,pending->approved,auto-verified: renumbering — identical text exists in an added row
32176,pending->approved,auto-verified: renumbering — identical text exists in a removed row
32422,pending->approved,auto-verified: renumbering — identical text exists in an added row
32179,pending->approved,auto-verified: renumbering — identical text exists in a removed row
32424,pending->approved,auto-verified: renumbering — identical text exists in an added row
32181,pending->approved,auto-verified: renumbering — identical text exists in a removed row
32426,pending->approved,auto-verified: renumbering — identical text exists in an added row
32184,pending->approved,auto-verified: renumbering — identical text exists in a removed row
32429,pending->approved,auto-verified: renumbering — identical text exists in an added row
32188,pending->approved,auto-verified: renumbering — identical text exists in a removed row
32417,pending->approved,auto-verified: renumbering — identical text exists in an added row
32191,pending->approved,auto-verified: renumbering — identical text exists in a removed row
32447,pending->approved,auto-verified: renumbering — identical text exists in an added row
32222,pending->approved,auto-verified: renumbering — identical text exists in a removed row
32452,pending->approved,auto-verified: renumbering — identical text exists in an added row
32224,pending->approved,auto-verified: renumbering — identical text exists in a removed row
32454,pending->approved,auto-verified: renumbering — identical text exists in an added row
32226,pending->approved,auto-verified: renumbering — identical text exists in a removed row
32456,pending->approved,auto-verified: renumbering — identical text exists in an added row
32228,pending->approved,auto-verified: renumbering — identical text exists in a removed row
32458,pending->approved,auto-verified: renumbering — identical text exists in an added row
32230,pending->approved,auto-verified: renumbering — identical text exists in a removed row
32460,pending->approved,auto-verified: renumbering — identical text exists in an added row
32238,pending->approved,auto-verified: renumbering — identical text exists in a removed row
32465,pending->approved,auto-verified: renumbering — identical text exists in an added row
32239,pending->approved,auto-verified: renumbering — identical text exists in a removed row
32468,pending->approved,auto-verified: renumbering — identical text exists in an added row
32241,pending->approved,auto-verified: renumbering — identical text exists in a removed row
32470,pending->approved,auto-verified: renumbering — identical text exists in an added row
32243,pending->approved,auto-verified: renumbering — identical text exists in a removed row
32472,pending->approved,auto-verified: renumbering — identical text exists in an added row
32245,pending->approved,auto-verified: renumbering — identical text exists in a removed row
32474,pending->approved,auto-verified: renumbering — identical text exists in an added row
