id,ref_number,provision_text
100840,Waverley_DCP_2022__waverley_dcp_2022__B1,"# B1 Waste

Waste B1
B1 WASTE
This Part applies to all works requiring a development application (DA) and is to be read
in conjunction with the waste minimisation and recycling clause in the Waverley Local
Environmental Plan 2012 alongside Council’s relevant policies and guidelines.

---



**Table 1** (Page 12)

<table>
<thead>
<tr>
  <th>B1 WASTE</th>
</tr>
</thead>
<tbody>
<tr>
  <td></td>
</tr>
</tbody>
</table>



**Table 2** (Page 18)

<table>
<tbody>
<tr>
  <td>All new developments are to provide adequate storage for waste to</td>
</tr>
<tr>
  <td>accommodate future change of use, including increased waste generation rates</td>
</tr>
<tr>
  <td>and grease traps.</td>
</tr>
<tr>
  <td>If the commercial use of the property is undecided, minimum waste and recycling</td>
</tr>
<tr>
  <td>generation rates must be applied as per Annexure B1-2.</td>
</tr>
</tbody>
</table>

"
100849,Waverley_DCP_2022__waverley_dcp_2022__B2,"# B2 Ecologically Sustainable Development

Ecologically Sustainable Development B2
B2 ECOLOGICALLY SUSTAINABLE DEVELOPMENT
This Part applies to all development in the Waverley LGA.
Waverley Council is committed to the highest standards of environmental performance
and stewardship of our local area. Council has established long-term environmental
targets for Council and Community, covering greenhouse emissions, transport, climate
resilience, urban ecology, water management and the sustainable management of waste
and materials. Our targets are informed by the best available science and support
Ecologically Sustainable Development (ESD) through the following objectives:
• Reducing greenhouse gas emissions to net zero;
• Increasing the use of renewable energy sources;
• Conserving water resources;
• Reducing reliance on mains water supply through the collection and treatment
of rainwater and greywater;
• Adapting and responding to climate change to reduce community vulnerability
to local climate change impacts and managing climate risks;
• Reducing waste during construction and the ongoing use of the building;
• Increasing recycling of waste and use of recycled products;
• Reducing the environmental impact from building materials through the
reduction, re-use and recycling of materials, resources and building
components;
• Protecting and improving local biodiversity of sites and surrounding areas.
Residential Development and BASIX
State Environmental Planning Policy (Sustainable Buildings) 2022 applies to residential
developments only and aims to ensure homes or apartments are designed to minimise
potable water usage and energy usage.
An applicant is required to lodge a BASIX certificate with their development application
with Council for:
• New residential buildings;
• Alterations and additions to existing residential buildings where the estimated
construction cost of the work is more than $50,000 and where development
approval is required; and
• New swimming pool (or pool and spa) with a capacity of 40,000 litres or more.
More information is available at the following link:
https://www.planningportal.nsw.gov.au/development-and-assessment/basix
Mandatory Commercial Building Disclosure
In 2010 the Australian Government implemented a Mandatory Commercial Building
Disclosure program under the Building Energy Efficiency Disclosure Act (2010). This program
applies to commercial buildings with a net lettable floor area of 1,000sqm or more, and
requires owners to disclose energy efficiency information to purchasers and lessees when
the space is to be sold, leased or subleased. More information is available from the
Australian Government’s Department of Industry, Science, Energy and Resources (or
equivalent).
WAVERLEY DEVELOPMENT CONTROL PLAN 2022
16

Ecologically Sustainable Development B2

---



**Table 1** (Page 24)

<table>
<thead>
<tr>
  <th>B2 ECOLOGICALLY SUSTAINABLE DEVELOPMENT</th>
</tr>
</thead>
<tbody>
<tr>
  <td></td>
</tr>
</tbody>
</table>



**Table 2** (Page 29)

<table>
<tbody>
<tr>
  <td></td>
  <td>Electrifying our homes will reduce these pollutants,</td>
</tr>
<tr>
  <td>improving our indoor and outdoor air quality, with significant health benefits for homes</td>
  <td></td>
</tr>
<tr>
  <td>and workplaces.</td>
  <td></td>
</tr>
</tbody>
</table>



**Table 3** (Page 30)

<table>
<tbody>
<tr>
  <td>Fluorescent and compact fluorescent lamps contain small amounts of mercury, a highly</td>
</tr>
<tr>
  <td>toxic agent which bioaccumulates in the environment. Recycling rates of fluorescent</td>
</tr>
<tr>
  <td>lamps are as low as 2% (Environment Victoria, 2022). For this reason, Waverley Council</td>
</tr>
<tr>
  <td>supports energy efficient alternatives to fluorescent lamps, such as Light Emitting Diodes</td>
</tr>
<tr>
  <td>(LEDs).</td>
</tr>
</tbody>
</table>



**Table 4** (Page 34)

<table>
<thead>
<tr>
  <th>Building type</th>
  <th>Required Commitment Agreement</th>
</tr>
</thead>
<tbody>
<tr>
  <td>Office buildings > 1000 m2 net lettable
area</td>
  <td>5.5 Star Energy
4 Star Water</td>
</tr>
<tr>
  <td>Retail premises > 5000m2 gross lettable
area</td>
  <td>5.5 Star Energy
4 Star Water</td>
</tr>
<tr>
  <td>Hotels > 100 rooms</td>
  <td>5.5 Star Energy
4 Star Water</td>
</tr>
<tr>
  <td>Residential Aged Care2</td>
  <td>5 Star Energy
4 Star Water</td>
</tr>
</tbody>
</table>



**Table 5** (Page 35)

<table>
<thead>
<tr>
  <th>Retirement living3</th>
  <th>5 Star Energy
4 Star Water</th>
</tr>
</thead>
<tbody>
<tr>
  <td>One of the above plus mixed use</td>
  <td>As listed above</td>
</tr>
</tbody>
</table>

"
100861,Waverley_DCP_2022__waverley_dcp_2022__B2_2_3_objectives,"# B2 Ecologically Sustainable Development — 2.3 Indoor Air Quality — Objectives

(a) To ensure that ambient air quality levels as specified in the National Environment
Protection Measure (Ambient Air Quality) are met for:
• Carbon monoxide
• Nitrogen dioxide
• Ozone
• Sulfur dioxide
• Particulate matter (PM and PM )
10 2.5
(b) To improve Indoor Air Quality (IAQ) levels in the built environment, specifically
for:
• Nitrogen oxides
• PM
• Volatile Organic Compounds (VOCs)
• Poly Vinyl Chloride (PVC) and
• Mould"
100897,Waverley_DCP_2022__waverley_dcp_2022__B5_5_2_performance_criteria,"# B5 Water Management — 5.2 Flood Planning
Waverley Development Control Plan 2022
42 — Performance Criteria

1. All development would be structurally sound when impacted by a 1% AEP
flood plus freeboard.
2. Where development relies on sheltering in place to be acceptable it would be
structurally sound when impacted by a PMF.
Prescriptive Controls
1. As part of Flood Impact Assessment (FIA), an engineer’s report
(refer to Annexure B5-3 for details) shall be provided for
development to certify that any new structure can withstand the
forces of floodwater, debris & buoyancy up to & including a 1% AEP
flood level plus freeboard. Note: certification to be up to and
including PMF if required to satisfy evacuation criteria (see below).
2. As part of Flood Impact Assessment (FIA), an engineer’s report
(refer to Annexure B5-3 for details) shall be provided for
developments to certify that any new structure can withstand the
forces of floodwater, debris & buoyancy up to & including the PMF
level.
W AVERLEY DEVELOPMENT CONTROL PLAN 2022
49

Water Management B5
5.2.4 Flood Affectation"
100899,Waverley_DCP_2022__waverley_dcp_2022__B5_5_2_performance_criteria,"# B5 Water Management — 5.2 Flood Planning
Waverley Development Control Plan 2022
42 — Performance Criteria

1. Measures will be in place to warn people not to drive out of car parking areas
where this would be dangerous and provide guidance and facilities to be able to
safely exit the carpark.
2. All reasonable and practical measures are implemented to reduce the likelihood
of motor vehicles being damaged by a flood.
3. All reasonable and practical measures will be in place to manage the potential
vehicles floating and causing damage or becoming debris during a flood.
Prescriptive Controls
1. The minimum surface level of open car parking spaces or carports
shall be no lower than the 5% AEP flood level plus freeboard.
2. Garages for three (3) or fewer vehicles shall have a minimum
finished floor level no lower than the 5% AEP flood level plus
freeboard.
3. Basement car parking shall be protected from inundation by a 1%
AEP flood plus freeboard.
W AVERLEY DEVELOPMENT CONTROL PLAN 2022
50

Water Management B5
4. The crest of the driveway providing access between the road and
basement car- parking shall be a minimum of 1% AEP flood plus
freeboard or the PMF, whichever is higher.
5. Restraints or vehicle barriers may be required to prevent floating
vehicles leaving a site during a 1% AEP flood. * (Note: A flood depth
of more than 200mm will cause serious water damage to a typical
vehicle and a depth of 300mm is sufficient to cause a typical vehicle
to float.)
*Note: For control no.5. site by site considerations will be assessed based on
context and risk.
5.2.6 Emergency Management"
100901,Waverley_DCP_2022__waverley_dcp_2022__B5_5_2_performance_criteria,"# B5 Water Management — 5.2 Flood Planning
Waverley Development Control Plan 2022
42 — Performance Criteria

1. The development should be designed and managed to ensure that during a
flood valuable goods are capable of being protected.
W AVERLEY DEVELOPMENT CONTROL PLAN 2022
51

Water Management B5
Prescriptive Controls
1. The Applicant is to demonstrate that potential development as a
consequence of a subdivision proposal can be undertaken in
accordance with the DCP.
2. The Applicant is to demonstrate that an area is available to store
goods above the 1% AEP flood level plus freeboard.
3. No storage of materials below the 1% AEP plus freeboard which may
cause pollution or be potentially hazardous during any flood.
4. In-ground swimming pools are to have surrounding coping/tiling
that is no more than 100 mm above surrounding ground level. All
pumping/electricals are to be above the 1% AEP flood level plus
freeboard.
5.2.8 Fencing
1. Fencing is to be constructed in a manner that does not obstruct the flow of
floodwaters so as to have an adverse impact on flooding.
5.2.9 All Other Areas
(a) For sites not in a ‘flood planning area’ habitable floor levels must
comply with the drainage requirements of section 5.1 Stormwater
Management and WSUD and as specified in the NCC.
W AVERLEY DEVELOPMENT CONTROL PLAN 2022
52"
100902,Waverley_DCP_2022__waverley_dcp_2022__B6,"# B6 Accessibility and Adaptability

Accessibility and Adaptability B6
B6 ACCESSIBILITY AND ADAPTABILITY
This section applies to all development excluding dwelling houses and other low-density
residential development.
Livable Housing Design Guidelines
Livable Housing Australia drives industry best practice through the Livable Housing Design
Guidelines. A livable home is designed and built to meet the changing needs of occupants
across their lifetime. Livable homes include key easy living features that make them easier
and safer to use for all occupants including: people with disability, ageing Australians,
people with temporary injuries, and families with young children.
Disability Discrimination Act 1992 (DDA 1992)
The DDA 1992 makes it unlawful to discriminate against a person with a disability in
regards to the provision of access to public buildings for the provision of goods and
services, accommodation and employment unless this would cause ‘unjustifiable
hardship’.
Where an applicant believes that complying with the DCP would cause “unjustifiable
hardship,” or detract from the significance of a Heritage Item, an application can be made
to be exempted from a particular provision or to provide access for people with disabilities
in some other way than provided for in the DCP. It is the responsibility of the applicant to
ensure that the development meets the requirements of the DDA 1992.
Access to Premises - Australian Standards
Access to Premises - Australian Standards provides the technical specifications for access
design requirements in the built environment. The Australian Standards clarify the
accessibility requirements for premises as implied under the DDA 1992 and are
incorporated within the National Construction Code (NCC).
W AVERLEY DEVELOPMENT CONTROL PLAN 2022
53

Accessibility and Adaptability B6

---



**Table 1** (Page 62)

<table>
<thead>
<tr>
  <th>B6 ACCESSIBILITY AND ADAPTABILITY</th>
</tr>
</thead>
<tbody>
<tr>
  <td></td>
</tr>
</tbody>
</table>

"
100904,Waverley_DCP_2022__waverley_dcp_2022__B6_6_1_controls,"# B6 Accessibility and Adaptability — 6.1 Accessibility — Controls

All Development
(a) Access is to meet the requirements of the DDA 1992, the relevant Australian
Standards and the NCC
(b) Accessible parking for people with a disability must be provided in accordance
with the NCC and AS/NZS 2890.1: 2004 Parking Facilities – Off Street Parking,
AS2890.6:2009 Off Street Parking for People with Disabilities and AS 1428: Set
2003 including AS 1428.1:2009 Design for Access and Mobility.
(c) An Access Management Plan for alterations and additions to existing buildings
only, may be required as a means of helping to provide services or facilities to
people who would be unable to gain access to the premises.
Commercial Development
(a) The main entrance should provide direct, level access from the street and from
any parking area.
(b) A lift must be provided at ground floor to upper floors in developments with three
or more storeys and where aggregate floor area above the ground floor is 400m2
or greater.
W AVERLEY DEVELOPMENT CONTROL PLAN 2022
54

Accessibility and Adaptability B6"
100907,Waverley_DCP_2022__waverley_dcp_2022__B6_6_2_controls,"# B6 Accessibility and Adaptability — 6.2 Adaptable Dwellings — Controls

(a) Plans identifying adaptable housing are to be submitted in accordance with the
Waverley Development Application Guide.
(b) Adaptable dwellings are to be allocated to all dwelling typologies to
accommodate various household sizes.
(c) In developments with 10 or more dwellings, 20% of dwellings (rounded to the
nearest whole number) shall comply with the provisions of an adaptable unit as
specified in accordance with the Australian Standard AS 4299-1995 Adaptable
Housing.
(d) One accessible car parking space is to be provided for every adaptable residential
unit and be a part lot in the strata plan.
W AVERLEY DEVELOPMENT CONTROL PLAN 2022
55

Accessibility and Adaptability B6"
100910,Waverley_DCP_2022__waverley_dcp_2022__B6_6_3_controls,"# B6 Accessibility and Adaptability — 6.3 Universal Housing Design — Controls

(a) All dwellings in any new medium or high density residential accommodation are
to incorporate the universal design features as outlined below (modelled on the
Livable Housing Design Guidelines Silver Level):
(i) A safe and continuous and step free path of travel from the street entrance
and/or parking area to a dwelling entrance that is level;
(ii) At least one level entrance into the dwelling;
(iii) Internal doors and corridor widths that facilitate comfortable and
unimpeded movement between spaces;
(iv) A toilet on the ground (or entry) level that provides easy access;
(v) A bathroom that contains a hobless (step-free) shower recess;
(vi) Reinforced walls around the toilet, shower and bath to support the safe
installation of grab rails at a later date;
(vii) A continuous handrail on one side of any stairway where there is a rise of
more than one metre; and
(viii) Stairways are designed to reduce the likelihood of injury and also enable
future adaptation.
(b) All universally designed dwellings must be clearly identified on the submitted DA
plans. The incorporation of Gold and Platinum Level design features is strongly
supported.
W AVERLEY DEVELOPMENT CONTROL PLAN 2022
56

Accessibility and Adaptability B6"
100913,Waverley_DCP_2022__waverley_dcp_2022__B6_6_4_controls,"# B6 Accessibility and Adaptability — 6.4 Unjustifiable Hardship — Controls

(a) Claims of unjustifiable hardship will be considered on a case by case basis and on
the merit of the case put forward by the applicant.
(b) Unjustifiable hardship is not supported in new developments.
(c) An application of unjustifiable hardship must be accompanied by a statement
that includes the following information:
(i) The nature of the benefit or detriment likely to occur or be suffered by any
persons in relation to the proposed development;
(ii) Two independent quotes from tradespeople or suppliers for the cost of
works to meet the principles of the DDA 1992;
(iii) The space required to carry out works and the effect this may have upon
the viability of the proposed work;
(iv) The impact on the heritage significance of the premises or conservation
area (where applicable) and details of the work required to provide access;
(v) Typographical, technical, operational and safety issues;
(vi) Details of investigations into different ways in which the space could be
configured or used so as to comply with the applicable access
requirements; and
(vii) Details of investigations into design alterations so that future works to
improve access are not compromised.
W AVERLEY DEVELOPMENT CONTROL PLAN 2022
57"
100914,Waverley_DCP_2022__waverley_dcp_2022__B7,"# B7 Transport

Transport B7
B7 TRANSPORT
Car parking is one of the most critical planning and transport issues in Waverley. Wherever
possible, Council strongly encourages the use of alternative modes of transport such as
walking, cycling and public transport and continues to work towards providing better
transport connections to the area.
The provision of private (on-site) and public (on-street) parking must be managed in an
equitable and environmentally sensitive manner that benefits the community as well as the
individual. Where objectives may conflict, Council has a duty to consider broader
community benefits in the provision of parking.
Waverley’s People, Movement and Places
This Part has been prepared in the context of the Waverley Transport Plan 2017 ‘Waverley’s
People, Movement and Places.’ The aim of Waverley’s People, Movement and Places is to:
• Create a transit hierarchy for movement in the LGA that prioritises pedestrians and
active transport, followed by public transport, service vehicles, shared mobility and
private motor vehicles;
• Identify signature projects to invest in; and
• Identify short, medium, long term actions that Council can undertake.

---



**Table 1** (Page 67)

<table>
<thead>
<tr>
  <th>B7 TRANSPORT</th>
</tr>
</thead>
<tbody>
<tr>
  <td></td>
</tr>
</tbody>
</table>



**Table 2** (Page 69)

<table>
<thead>
<tr>
  <th></th>
  <th>Waverley Online Mapping Tool</th>
  <th></th>
  <th></th>
</tr>
</thead>
<tbody>
<tr>
  <td>https://discover.waverley.nsw.gov.au/</td>
  <td></td>
  <td></td>
  <td></td>
</tr>
<tr>
  <td>Map Configuration</td>
  <td></td>
  <td>Planning</td>
  <td></td>
</tr>
<tr>
  <td>Layer</td>
  <td></td>
  <td>Parking Provision Zone</td>
  <td></td>
</tr>
</tbody>
</table>



**Table 3** (Page 69)

<table>
<thead>
<tr>
  <th>Parking Zone</th>
  <th>Description</th>
  <th>Location</th>
  <th>Rate of
Provision</th>
</tr>
</thead>
<tbody>
<tr>
  <td>1</td>
  <td>High accessibility to public
transport and services, high
density and prone to traffic
congestion.</td>
  <td>Within 800m of Bondi
Junction railway station
where multi-residential
development is
permissible.</td>
  <td>Low</td>
</tr>
<tr>
  <td>2</td>
  <td>Good to fair accessibility to public
transport and services, mainly low
and medium density, with some
high density, and varied on-street
parking pressures.</td>
  <td>Properties outside Zone 1.</td>
  <td>Moderate</td>
</tr>
</tbody>
</table>



**Table 4** (Page 69)

<table>
<thead>
<tr>
  <th>Rate of</th>
</tr>
</thead>
<tbody>
<tr>
  <td>Provision</td>
</tr>
</tbody>
</table>



**Table 5** (Page 72)

<table>
<thead>
<tr>
  <th></th>
  <th>Land Use</th>
  <th></th>
  <th></th>
  <th>Parking Zone 1</th>
  <th></th>
  <th></th>
  <th>Parking Zone 2</th>
  <th></th>
</tr>
</thead>
<tbody>
<tr>
  <td></td>
  <td>Private Vehicle Parking</td>
  <td></td>
  <td></td>
  <td></td>
  <td></td>
  <td></td>
  <td></td>
  <td></td>
</tr>
<tr>
  <td>Low Density Residential parking
space rate per dwelling</td>
  <td></td>
  <td></td>
  <td>≤2 Bedrooms – Maximum 1
≥3 Bedrooms – Maximum 2</td>
  <td></td>
  <td></td>
  <td>≤2 Bedrooms – Maximum 1
≥3 Bedrooms – Maximum 2</td>
  <td></td>
  <td></td>
</tr>
<tr>
  <td>Medium density residential (3-19
dwellings) parking space rate per
dwelling
Studio
1 bedroom
2 bedroom
3 bedroom +</td>
  <td></td>
  <td></td>
  <td>Minimum - 0
Maximum
0
0.4
0.7
1.2</td>
  <td></td>
  <td></td>
  <td>Minimum - 0
Maximum
0
1.0
1.2
1.5</td>
  <td></td>
  <td></td>
</tr>
<tr>
  <td>Visitor</td>
  <td></td>
  <td></td>
  <td>3-6 Units – 0 spaces
7+ Units – 1 space per 7 units</td>
  <td></td>
  <td></td>
  <td>3-4 Units – 0 spaces
5+ Units – 1 space per 5 units</td>
  <td></td>
  <td></td>
</tr>
<tr>
  <td>High density residential (20+
dwellings) parking space rate per
dwelling
Studio
1 bedroom
2 bedroom
3 bedroom +</td>
  <td></td>
  <td></td>
  <td>Minimum - 0
Maximum
0
0.4
0.7
1.2</td>
  <td></td>
  <td></td>
  <td>Minimum - 0
Maximum
0
0.6
0.9
1.4</td>
  <td></td>
  <td></td>
</tr>
<tr>
  <td>Visitor</td>
  <td></td>
  <td></td>
  <td>3-6 Units – 0 spaces
7+ Units – 1 space per 7 units</td>
  <td></td>
  <td></td>
  <td>3-4 Units – 0 spaces
5+ Units – 1 space per 5 units</td>
  <td></td>
  <td></td>
</tr>
<tr>
  <td>Business and office premises</td>
  <td></td>
  <td></td>
  <td>Minimum 0
Maximum 0.66/100m² GFA</td>
  <td></td>
  <td></td>
  <td>Minimum 0
Maximum 1.0/100m² GFA</td>
  <td></td>
  <td></td>
</tr>
<tr>
  <td>Retail premises</td>
  <td></td>
  <td></td>
  <td>Minimum 0
Maximum 2.0/100m² GFA</td>
  <td></td>
  <td></td>
  <td>Minimum 0
Maximum 3.3/100m² GFA</td>
  <td></td>
  <td></td>
</tr>
<tr>
  <td></td>
  <td>Other Parking</td>
  <td></td>
  <td></td>
  <td></td>
  <td></td>
  <td></td>
  <td></td>
  <td></td>
</tr>
<tr>
  <td>Motorcycles</td>
  <td></td>
  <td></td>
  <td>1 motorcycle parking bay per 3 car parking bays (including visitor)</td>
  <td></td>
  <td></td>
  <td></td>
  <td></td>
  <td></td>
</tr>
<tr>
  <td>Car Share</td>
  <td></td>
  <td></td>
  <td>A minimum of 1 car share space is to be provided for every 90
residential units.
A minimum of 1 car share space be provided for every 50 commercial
car parking spaces.
1 car share space can be provided in lieu of 4 car spaces.</td>
  <td></td>
  <td></td>
  <td></td>
  <td></td>
  <td></td>
</tr>
<tr>
  <td>Accessible Car Parking
Spaces</td>
  <td></td>
  <td></td>
  <td>A minimum of 1 accessible car parking space is to be provided for every
adaptable residential unit and be a part lot in the strata plan.</td>
  <td></td>
  <td></td>
  <td></td>
  <td></td>
  <td></td>
</tr>
</tbody>
</table>



**Table 6** (Page 78)

<table>
<thead>
<tr>
  <th>Land Use</th>
  <th></th>
  <th></th>
  <th></th>
  <th>Bicycle Parking Rates</th>
  <th></th>
  <th></th>
  <th></th>
  <th></th>
</tr>
</thead>
<tbody>
<tr>
  <td></td>
  <td></td>
  <td></td>
  <td></td>
  <td>Long-stay / resident/</td>
  <td></td>
  <td>Short-stay/ Visitor</td>
  <td>Short-stay/ Visitor</td>
  <td></td>
</tr>
<tr>
  <td></td>
  <td></td>
  <td></td>
  <td></td>
  <td>employee</td>
  <td></td>
  <td></td>
  <td></td>
  <td></td>
</tr>
<tr>
  <td>Residential Development</td>
  <td></td>
  <td></td>
  <td>All residential development
A minimum of 1.25 spaces per
1 bedroom dwelling and an
additional 0.25 spaces for
each additional bedroom in
each dwelling (rounded up to
the nearest whole number for
residential flat buildings and
shop top housing).
A maximum of 30% may be
vertical or tiered/stacked
spaces or be supplied by
Security Level A spaces</td>
  <td></td>
  <td></td>
  <td>Medium and High Density
(3+ dwellings)
1 space per 5 dwellings (security
level C).</td>
  <td></td>
  <td></td>
</tr>
<tr>
  <td>Office</td>
  <td></td>
  <td></td>
  <td>Employee
0.5 spaces per 100m2 GFA</td>
  <td></td>
  <td></td>
  <td>Visitor
1.25 space per 2000m2 GFA</td>
  <td></td>
  <td></td>
</tr>
<tr>
  <td>Retail</td>
  <td></td>
  <td></td>
  <td>Employee
0.2 spaces per 100m2 NFA</td>
  <td></td>
  <td></td>
  <td>Visitor
0.4 spaces per 100m2 GFA</td>
  <td></td>
  <td></td>
</tr>
<tr>
  <td></td>
  <td>Education (primary, secondary,</td>
  <td></td>
  <td>Employee
0.4 spaces per staff</td>
  <td></td>
  <td></td>
  <td>Student
0.5 spaces per student</td>
  <td></td>
  <td></td>
</tr>
<tr>
  <td></td>
  <td>tertiary)</td>
  <td></td>
  <td></td>
  <td></td>
  <td></td>
  <td></td>
  <td></td>
  <td></td>
</tr>
<tr>
  <td></td>
  <td>Tourist Accommodation</td>
  <td></td>
  <td></td>
  <td></td>
  <td></td>
  <td></td>
  <td></td>
  <td></td>
</tr>
</tbody>
</table>



**Table 7** (Page 79)

<table>
<thead>
<tr>
  <th></th>
  <th></th>
  <th></th>
</tr>
</thead>
<tbody>
<tr>
  <td>Places of assembly / sports
facilities / community centres</td>
  <td>Staff
0.15 spaces per staff</td>
  <td>Visitor
0.15 spaces per seat (security
level C)</td>
</tr>
<tr>
  <td>Food and drink premises</td>
  <td>Staff
0.15 spaces per staff</td>
  <td>Visitor
0.15 spaces per seat (security
level C)</td>
</tr>
<tr>
  <td>Healthcare, Childcare, Other</td>
  <td>Staff
0.15 spaces per staff</td>
  <td>Visitor
0.1 spaces per visitor (security
level C)</td>
</tr>
</tbody>
</table>



**Table 8** (Page 79)

<table>
<thead>
<tr>
  <th>Places of assembly / sports</th>
</tr>
</thead>
<tbody>
<tr>
  <td>facilities / community centres</td>
</tr>
</tbody>
</table>



**Table 9** (Page 80)

<table>
<thead>
<tr>
  <th></th>
  <th>Use</th>
  <th></th>
  <th></th>
  <th>Rate</th>
  <th></th>
</tr>
</thead>
<tbody>
<tr>
  <td>Offices, commercial premises &
professional consulting rooms</td>
  <td></td>
  <td></td>
  <td>1 per 4000m2 up to 20,000m2 plus
1 per 8000m2 thereafter</td>
  <td></td>
  <td></td>
</tr>
<tr>
  <td>Residential flat buildings</td>
  <td></td>
  <td></td>
  <td>1 per 50+ dwellings</td>
  <td></td>
  <td></td>
</tr>
<tr>
  <td>Retail</td>
  <td></td>
  <td></td>
  <td>1 per 400m2 GFA</td>
  <td></td>
  <td></td>
</tr>
<tr>
  <td>Other uses</td>
  <td></td>
  <td></td>
  <td>Merit Assessment</td>
  <td></td>
  <td></td>
</tr>
</tbody>
</table>



**Table 10** (Page 85)

<table>
<tbody>
<tr>
  <td>Building Class</td>
  <td>Car Space
Type</td>
  <td>Minimum
Charging
Stations
Installed (%
of spaces)</td>
  <td>Minimum
Number of
EV Ready
Spaces (%)</td>
  <td>Minimum
Current per
Space (A)</td>
  <td>Minimum Energy
Capacity per Space
Day = 9am-5pm
Night = 11pm-7am
(kWh)</td>
</tr>
<tr>
  <td>Low density
residential</td>
  <td>Resident</td>
  <td>0</td>
  <td>100</td>
  <td>16</td>
  <td>Night 24</td>
</tr>
<tr>
  <td>Medium and
high density
residential (3 +
dwellings)</td>
  <td>Resident</td>
  <td>20</td>
  <td>100</td>
  <td>16</td>
  <td>Night 15</td>
</tr>
<tr>
  <td></td>
  <td>Visitor</td>
  <td>100</td>
  <td>100</td>
  <td>32</td>
  <td>Day 15</td>
</tr>
<tr>
  <td>Boarding
houses, co-
living, hostels,
hotels, motels</td>
  <td>Any</td>
  <td>20</td>
  <td>40</td>
  <td>32</td>
  <td>Night 48</td>
</tr>
<tr>
  <td>Business and
office premises</td>
  <td>Any</td>
  <td>20</td>
  <td>40</td>
  <td>32</td>
  <td>Day 15</td>
</tr>
</tbody>
</table>



**Table 11** (Page 86)

<table>
<thead>
<tr>
  <th>Retail premises</th>
  <th>Any</th>
  <th>20</th>
  <th>40</th>
  <th>32</th>
  <th>Day 15</th>
</tr>
</thead>
<tbody>
<tr>
  <td>Other premises</td>
  <td>Any</td>
  <td>20</td>
  <td>40</td>
  <td>32</td>
  <td>Day 15</td>
</tr>
</tbody>
</table>

"
100943,Waverley_DCP_2022__waverley_dcp_2022__B8,"# B8 Heritage

Heritage B8
B8 HERITAGE
This Part applies to all land identified, and land adjacent to site identified, under Schedule
5 of WLEP where development consent is required.
Applicants are advised to refer to the Waverley Heritage Policy.
Where there are inconsistencies between this Part and other Parts of this DCP, this Part B8
Heritage will prevail. For development within the Charing Cross and Queens Park Heritage
Conservation Areas, also refer to Annexures B8-1 and B8-2.
This DCP is consistent with the Australia International Council on Monuments and Sites
(ICOMOS) Charter for Conservation of Places of Cultural Significance (The Burra Charter). In
the event of any inconsistencies between the Burra Charter and this DCP, this DCP will
prevail.
State Heritage Listing
The State Heritage Register maintained by the NSW Department of Planning and
Environment Heritage Branch includes items of Local and State Significance. Works to items
identified as being of State Significance require a submission to the NSW Heritage office in
conjunction with submission of a Development Application to Council.
Listings with the National Trust of NSW
Where a building or conservation area is also listed by the National Trust, it is Council's
practice to refer applications to the Trust for comment. Council will consider submissions
made by the National Trust however; Council is not obliged to follow the Trust's advice.
National Heritage Register
Where a place or object is included in the Register of the National Estate, Council is the
designated consent authority for all identified buildings.

---



**Table 1** (Page 87)

<table>
<thead>
<tr>
  <th>B8 HERITAGE</th>
</tr>
</thead>
<tbody>
<tr>
  <td></td>
</tr>
</tbody>
</table>



**Table 2** (Page 91)

<table>
<thead>
<tr>
  <th></th>
  <th>is the primary legislation for the</th>
</tr>
</thead>
<tbody>
<tr>
  <td>protection of some aspects of Aboriginal cultural heritage in New South Wales. Under the</td>
  <td></td>
</tr>
<tr>
  <td>NPW Act, anyone carrying out an activity must exercise due diligence to determine whether</td>
  <td></td>
</tr>
<tr>
  <td>they should apply for consent in the form of an Aboriginal Heritage Impact Permit (AHIP).</td>
  <td></td>
</tr>
</tbody>
</table>



**Table 3** (Page 92)

<table>
<thead>
<tr>
  <th></th>
  <th>Site category</th>
  <th></th>
  <th></th>
  <th>Action required</th>
  <th></th>
</tr>
</thead>
<tbody>
<tr>
  <td>High sensitivity:
Sites identified in the LEP as
containing an Aboriginal object or
Aboriginal Place of heritage
significance, or relatively undisturbed
areas where artefacts are most likely
located.</td>
  <td></td>
  <td></td>
  <td>(a) Due diligence must be exercised
to determine whether an AHIP is
required.
(b) Development consent required.</td>
  <td></td>
  <td></td>
</tr>
<tr>
  <td>Low sensitivity:
Any area with outcropping sandstone,
undeveloped natural landscape or the
Bondi Rose-Bay Sand body.</td>
  <td></td>
  <td></td>
  <td>(c) Due diligence must be exercised
to determine whether an AHIP is
required.</td>
  <td></td>
  <td></td>
</tr>
<tr>
  <td>Little likelihood:
All areas not included in one of the
categories above.</td>
  <td></td>
  <td></td>
  <td>(d) No pre-emptive action required.</td>
  <td></td>
  <td></td>
</tr>
</tbody>
</table>

"
100965,Waverley_DCP_2022__waverley_dcp_2022__B8_8_10_controls,"# B8 Heritage — 8.10 Materials And Colour — Controls

8.10.1 Heritage Items and Contributory Buildings
(a) Council may require a proposed colour palette to be submitted with the
development application.
(b) Original construction and in particular original finishes are to be maintained
where possible.
(c) Changes to materials on elevations visible from the public domain are
discouraged.
(d) Alterations and additions should use materials similar to or compatible with the
original material used.
(e) The selection of materials and colours is to be consistent with those used in the
item or conservation area.
(f) Colours for alterations and additions should be consistent or harmonious with
existing building to help integrate new and old.
(g) Previously unpainted surfaces should not be painted. Painting of original stone or
face brickwork causes fretting and eventually substantial damage as it traps
moisture inside. Similarly, clear sealer such as silicone should be avoided.
(h) Original face brickwork and stonework is not to be rendered.
(i) Bricks should match the existing brick and mortar colours as well as the type of
joint and brick laying pattern.
(j) New building work constructed of timber should match the existing building
elements made of timber (e.g. frames, weatherboarding, fascias, brackets,
columns, friezes, etc).
(k) Cast iron or wrought iron elements, should be reinstated where possible.
8.10.2 Infill Development
(a) Infill buildings should recognise characteristics materials, textures and colours
used locally and in adjacent buildings.
(b) Materials and colours of surrounding buildings need not be simply copied but
used as a point of reference.
(c) Modern materials can be used if their proportions and details are harmonious
within the surrounding historic context.
W AVERLEY DEVELOPMENT CONTROL PLAN 2022
93

Heritage B8"
100967,Waverley_DCP_2022__waverley_dcp_2022__B8_8_11_controls,"# B8 Heritage — 8.11 Roofs And Chimneys — Controls

8.11.1 Heritage Items and Contributory Items
(a) Skyline profiles of original roofs and chimneys should be retained where possible.
(b) Original chimneys are to be retained.
(c) Where chimneys are paired across party walls, treatment of finishes and detailing
is to be consistent between properties.
(d) Substitution of finishes and removal of details including chimneys is only
permitted where Council approves a cohesive replacement finish or detail.
(e) Attic rooms are to be wholly within existing roof forms which retain the
streetscape appearance of the existing building.
(f) Roof extensions are to match the existing roof in form, pitch and eaves and be in
proportion with the existing building.
(g) The use of modern roofing materials is discouraged as they can significantly alter
the character of the building.
(h) New tiles or slates should match the existing tiles/slates as closely as possible and
concrete tiles are not considered a suitable replacement material.
8.11.2 Infill Development
(a) New roof profiles are to be secondary to the established skyline profiles in the
Heritage Conservation Area and are to enhance the established character of the
existing skyline (refer to Figure 13).
Figure 14 New roof forms are to be secondary to the established skyline profile
W AVERLEY DEVELOPMENT CONTROL PLAN 2022
94

Heritage B8"
100969,Waverley_DCP_2022__waverley_dcp_2022__B8_8_12_controls,"# B8 Heritage — 8.12 Verandahs And Balconies — Controls

8.12.1 Heritage Items and Contributory Buildings
(a) All original verandahs and balconies should be retained and restored (refer to
Figure 15).
(b) Infilling or enclosure of verandahs and balconies is not supported.
(c) Additional verandahs should not compete with an original verandah or balcony.
Figure 15 Original verandahs should be retained
W AVERLEY DEVELOPMENT CONTROL PLAN 2022
95

Heritage B8"
100971,Waverley_DCP_2022__waverley_dcp_2022__B8_8_13_controls,"# B8 Heritage — 8.13 Garages, Parking And Site Access — Controls

8.13.1 All Development
(a) Where car access is available to the rear or side of a property, parking is not
permitted within the property frontage.
(b) Where rear lane access to a property exists or is provided, garages and driveways
are to be located at the rear.
(c) No part of an existing building is to be demolished or altered in order to
accommodate a carport, garage or car space within the front or side setbacks or
facades.
(d) Original fences are not to be removed to create car access from the main street
frontage unless there is sufficient space to access a side driveway.
(e) Car spaces are not supported between a building and the front boundary. Council
may consider an unroofed parking space in exceptional circumstances where it is
shown that the space does not dominate the setting of the house.
(f) The form, size, detailing and materials of any new structure are to complement
the heritage item, contributory building, or character area.
(g) Where driveways are permitted, pavement materials should reflect the
traditional character of the area. Large areas of continuous concrete or asphalt
are not to be used, however these materials may be used in smaller areas if
designed in appropriate ways. Preferred materials include dry laid paving.
Stenciled concrete is not permitted.
8.13.2 Heritage Items and Contributory Buildings
(a) Development to Heritage Items and Contributory Buildings must not include
garages or driveways to the front of the property.
8.13.3 Infill Development
(a) Infill Development must not include garages or driveways to the front of the
property where these are not characteristic of the area.
(b) Where no rear lane access is provided and it is consistent with the predominant
character of the area, garages should be either setback behind the line of the
dwelling frontage, or incorporated within the building design (for new dwellings).
(c) Where the streetscape is dominated by garages located up to the front boundary,
garages may be allowed in front of the dwelling. Driveway width shall be
minimised to maximise on street parking availability and landscaping used to
unify the garage and dwelling with the landform.
W AVERLEY DEVELOPMENT CONTROL PLAN 2022
96

Heritage B8"
100973,Waverley_DCP_2022__waverley_dcp_2022__B8_8_14_controls,"# B8 Heritage — 8.14 Garden Elements — Controls

8.14.1 Heritage Items and Contributory Buildings
(a) Original and contributing elements of hard and soft landscaping are to be retained
on heritage listed sites and where occurring in Conservation Areas.
(b) Where a site contains existing coursed local sandstone retaining walls, the walls
are to be retained and incorporated into the overall design.
(c) High walls or fences and unsympathetic garden treatment (e.g. rockeries, dense
plantings that are out of character) are discouraged.
(d) New hard and soft landscaping is to be provided with regard to the:
(i) Stability of existing significant fabric;
(ii) Retention and enhancement of original hard and soft landscaping; and
(iii) Character of the site and/or Conservation Area.
W AVERLEY DEVELOPMENT CONTROL PLAN 2022
97

Heritage B8"
100975,Waverley_DCP_2022__waverley_dcp_2022__B8_8_15_controls,"# B8 Heritage — 8.15 Building Facades — Controls

8.15.1 Heritage Items and Contributory Buildings
(a) Where a building façade provides the core character detail and aesthetic qualities
of an item the extent of a cohesive alteration and addition may extend to removal
of other areas of the listed structure provided the façade remains in conjunction
with a full structural bay or room depth and there remains a cohesive interface of
new and existing works.
(b) Alteration or removal of original facades which are of heritage significance is not
supported.
(c) Proposed works are to be sympathetic to and not detract from the style and
character of the building.
W AVERLEY DEVELOPMENT CONTROL PLAN 2022
98

Heritage B8"
100977,Waverley_DCP_2022__waverley_dcp_2022__B8_8_16_controls,"# B8 Heritage — 8.16 Detailing — Controls

8.16.1 All Development
(a) Landscape details such as fences, garden walls and planting treatment which
contribute to the area should be retained where possible.
(b) New windows should match the existing in size and detail, including the existing
sill details, window heads, and stained or patterned glass type. Window should
not be enlarged or altered.
8.16.2 Heritage Items and Contributory Buildings
(a) Development should be designed to enhance original detailing of buildings.
(b) Original details should be retained and repaired where possible.
(c) Where original details have been removed or replaced with modern materials,
consideration should be given to reinstating original features.
(d) Decorative elements should not be introduced on heritage items and contributory
buildings unless documentation or physical evidence indicates the elements
previously existed.
(e) Alterations and additions should adopt a similar character, which uses external
finishes, colours, and textures that complement the heritage fabric, rather than
mimic inappropriate decoration or detailing (refer to Figure 16).
8.16.3 Infill Development
(a) Modern details should defer to, and be cohesive with, traditional details that
contribute to the character of the area.
Figure 16 Sympathetic detailing of additions.
W AVERLEY DEVELOPMENT CONTROL PLAN 2022
99

Heritage B8"
100979,Waverley_DCP_2022__waverley_dcp_2022__B8_8_17_controls,"# B8 Heritage — 8.17 Fencing And Gates — Controls

8.17.1 Heritage Items and Contributory Buildings
(a) Where original fences remain on listed items or within Conservation Areas these
are to be retained and enhanced by appropriate maintenance and sympathetic
landscaping.
(b) Planting and maintenance of existing planting is to avoid tree or plant growth that
damages existing fences or gates.
(c) Fences and boundary walls employing masonry (principally stone or face brick)
construction are not to be rendered, painted or coated with other materials
unless the finish is known to be a detail of the original construction.
(d) Front fences should not obscure building facades.
(e) New fence heights and form should be appropriate to the character of the
heritage item or to the conservation area.
(f) Where an original fence has been lost, new fencing should match the original
style.
(g) Sandstone fencing and foundations should be retained and sympathetically
incorporated into any new additions or alterations. Restoration/repair of
slate/stone must be carried out by specialists.
(h) Low and transparent front fences in front yards are desirable, especially where
setbacks are minimal.
(i) Front fences should be of a low or transparent style and where masonry is used it
should be no higher than 600mm, while transparent fences may not exceed
1200mm in height.
(j) Rear fences should be between 1.8m and 2m in height.
Figure 17 Examples of period fences
W AVERLEY DEVELOPMENT CONTROL PLAN 2022
100

Heritage B8
Figure 18 Low fences are desirable, especially where setbacks are minimal.
W AVERLEY DEVELOPMENT CONTROL PLAN 2022
101

Heritage B8"
100981,Waverley_DCP_2022__waverley_dcp_2022__B8_8_18_controls,"# B8 Heritage — 8.18 Landscaping — Controls

(a) Unless it is the predominant character, overly dense landscaping or large trees are
not desirable in the front setback as they darken the street corridor and
undermine the character of the existing street tree plantings (refer to Figure 19).
(b) On steeply sloping or split level sites landscaping is to be planted so as to allow
for a visual connection between the building facades and the street (refer to
Figure 20).
(c) Soft landscaping is used to reinforce important character elements in the front of
dwellings, especially detached dwellings and larger sites.
Figure 19 Where mature street trees exist, avoid high and over dense landscaping in the front of
dwellings.
Figure 20 A visual connection to the street is important to cultivate surveillance and is in keeping
with the established character.
W AVERLEY DEVELOPMENT CONTROL PLAN 2022
102

Heritage B8"
100984,Waverley_DCP_2022__waverley_dcp_2022__B8_8_20_controls,"# B8 Heritage — 8.20 Commercial Properties — Controls

8.19.1 All Development
(a) Generally, the facade at street alignment shall comprise a canopied shop front at
ground level, and first floor facade above the awning.
(b) The height of the building at the facade shall take into consideration existing
parapets and other facade details of established surrounding development.
(c) Additional floors should be setback from the street alignment to ensure a two
storey elevation to the facade is maintained where appropriate (refer to Figure
21).
(d) Consideration will be given to a variation of the established alignment in the case
of a comprehensive development incorporating a pedestrian open space function.
(e) Developments on corner sites should be designed to accentuate the corner, and
provide the transition between one streetscape and the next. Existing corner
splays shall be retained.
(f) Signage shall be restricted to under awning shop fronts, awning fascias and as
suspended under awning signs.
(g) Signage above the awnings shall be limited to appropriate areas allocated for such
a purpose in the original facade design (parapets for example).
(h) Flush mounted, or projecting wall signs shall not be permitted above the awning.
Council will give consideration to the architectural qualities of the building when
addressing the suitability of the proposed sign.
(i) Pitched or domed awnings of glass or canvas construction shall not be permitted
where they interrupt a run of traditional awnings.
W AVERLEY DEVELOPMENT CONTROL PLAN 2022
103

Heritage B8
Figure 21 Additional floors should be setback from the street alignment
8.19.2 Heritage Items and Contributory Buildings
(a) Details of earlier shop front features should be retained.
(b) The maintenance and restoration of detailing to commercial/retail groups is
encouraged (refer to Figure 22).
(c) Horizontal proportions should be considered both in new development, and in
the redevelopment of old facades. Consistency should be achieved through:
(i) Parapet height;
(ii) String course both at parapet level, and to the remainder of the facade;
(iii) Window proportions (sill and lintel height);
(iv) Awning height and continuity; and
(v) Top hamper proportions and window kick plate height.
Figure 22 Overall consistent design of elements
(d) Where shopfront groups are listed as heritage items the following issues are to be
considered:
(i) The extent and quality of conservation and restoration of street frontages;
(ii) The interface of new and existing works; and
(iii) The impact of new works on the existing fabric, streetscape and overall
setting.
(e) Where it is proposed to retain the street facade and construct new works to the
remainder of the site, assessment will be based upon the above the impact of
skyline profiles on the retained façade the setting and the cohesion of the works
(refer to Figure 23).
W AVERLEY DEVELOPMENT CONTROL PLAN 2022
104

Heritage B8
(f) Existing shop fronts should not be bricked up or replaced by roller shutters.
(g) Existing box section awnings, either cantilevered, or suspended by tie rods, should
be retained.
(h) New awnings should match the form of adjacent awnings and maintain the same
alignment, to ensure unity in streetscape details.
(i) Reinstatement of balconies and verandahs to street frontages is supported.
(j) Alterations to individual shop facades above awning level will not be permitted
where that facade is part of a homogeneous or symmetrical group of facades.
(k) A row of shops which are homogeneous or symmetrical in style should adopt a
uniform tonal distribution over the facade, without limiting the individual
expression of colour on each shop.
Figure 23 Rear extensions to commercial properties
8.19.3 Infill Development
(a) New development should conform to the established street front building
alignment for the extent of its height.
(b) New under awning shop fronts should be simply detailed with large areas of
glazing and narrow mullions/framing.
(c) The height of new development at the street alignment should not exceed the
height of existing buildings.
W AVERLEY DEVELOPMENT CONTROL PLAN 2022
105"
100985,Waverley_DCP_2022__waverley_dcp_2022__B9,"# B9 Safety

Safety B9
B9 SAFETY
The aim of these controls is to ensure that the way in which the site and the buildings
within the site are laid out, enhance security and feelings of safety and clearly delineate
between private and public space.
This Part should be read in conjunction with NSW Government’s Crime Prevention and
the Assessment of Development Applications Guidelines under Section 4.15 of the
Environmental Planning and Assessment Act 1979.
The preparation of a Crime Prevention Through Environmental Design (CPTED)
assessment is to be prepared in accordance with the Waverley Development Application
Guide.

---



**Table 1** (Page 115)

<table>
<thead>
<tr>
  <th>B9 SAFETY</th>
</tr>
</thead>
<tbody>
<tr>
  <td></td>
</tr>
</tbody>
</table>

"
100987,Waverley_DCP_2022__waverley_dcp_2022__B9_9_1_controls,"# B9 Safety — 9.1 Built Form — Controls

(a) Maximise casual surveillance by orientating buildings towards the street.
(b) Active spaces including windows of habitable rooms within the buildings are to be
located to maximise casual surveillance of public spaces such as streets, laneways,
parking areas and communal areas such as play areas, swimming pools, gardens
and the like.
(c) The design of building details including the provision of fencing, drainpipes and
landscaping is to be such that illegitimate access is not facilitated through the
creation of footholds, concealment and the like.
(d) Minimise blind corners, recesses and other external areas which have the
potential for concealment.
(e) Pathways and entries providing access to, around and within the site should be
designed to ensure good visibility for and of the user.
(f) Building entries and mailbox entries are to be clearly visible, easily identifiable
from the street and unobstructed.
(g) Pedestrian routes to and from car parking spaces including to lift lobbies are to be
as direct as possible with clear sightlines.
(h) All entrance and exits, service areas must be clearly identifiable after dark by
appropriate lighting.
(i) All lighting on the site should be designed so it doesn’t produce areas of glare and
shadow or create a nuisance for neighbours.
(j) Details of all lighting for public areas must be submitted with a development
application for multi-residential development i.e. details of location, type and
intensity.
W AVERLEY DEVELOPMENT CONTROL PLAN 2022
106

Safety B9
(k) Fencing which is used to delineate private space is to be used in a way which
enhances safety by maximising opportunities for casual surveillance between the
dwellings and the street frontage.
(l) Materials should minimise opportunities for vandalism.
(m) Flat or porous finishes should be avoided in areas where graffiti is likely to be a
problem. Use non-porous material such as glazed ceramics or treated masonry
products.
(n) Where large blank walls are unavoidable, consider the use of a “green screen” i.e.
planting vegetation in front of the wall or using vegetation to cover the wall itself.
Alternatively use vandal resistant paint or artwork to reduce opportunities for
graffiti or articulate or modulate the wall.
(o) Ensure individual dwellings are equipped with security devices.
(p) Where public spaces of larger developments could result in the gathering of
groups of people, the development may be required to provide CCTV facilities to
monitor those areas.
W AVERLEY DEVELOPMENT CONTROL PLAN 2022
107"
100988,Waverley_DCP_2022__waverley_dcp_2022__B10,"# B10 Public Art

Public Art B10
B10 PUBLIC ART
This part applies to new developments and major alterations and additions and is to be
read in conjunction with the Waverley Council Public Art Policy and the Waverley Public
Art in the Private Domain Guidelines.

---



**Table 1** (Page 117)

<table>
<thead>
<tr>
  <th>B10 PUBLIC ART</th>
</tr>
</thead>
<tbody>
<tr>
  <td></td>
</tr>
</tbody>
</table>

"
100990,Waverley_DCP_2022__waverley_dcp_2022__B10_10_1_controls,"# B10 Public Art — 10.1 Public Art In The Private Domain — Controls

(a) Developments located within an E1, E2 or MU1 zone, with a construction value
exceeding $10 million are required to integrate a public artwork into the
development to a minimum value of 1% of the construction costs (excluding
administration and associated costs).
(b) Applicants are encouraged to clarify the value and type of public art during the
Pre-Development Application process via the preparation of a Public Art Plan – to
be submitted as part of the DA.
(c) Developments are to incorporate public art in highly visible areas such as public
plazas, through site links, and external walls.
(d) Public art is to be integrated into the architectural integrity of a development.
(e) All privately commissioned public art must be undertaken in accordance with the
Waverley Public Art in the Private Domain Guidelines.
(f) Murals do not require development consent, however must be undertaken in
accordance with the Waverley Public Art in the Private Domain Guidelines.
(g) Murals that contain marketing or advertising material, or the like, will be treated
as signage, and must seek development consent and comply with the provisions
of Part B14 Advertising and Signage.
(h) Artworks on heritage items or within heritage conservation areas must also
comply with the provisions of Part B8 Heritage.
W AVERLEY DEVELOPMENT CONTROL PLAN 2022
108"
100991,Waverley_DCP_2022__waverley_dcp_2022__B11,"# B11 Design Excellence

Design Excellence B11
B11 DESIGN EXCELLENCE
Applicants are to refer to the relevant design excellence policies as produced by the
Government Architect New South Wales.

---



**Table 1** (Page 118)

<table>
<thead>
<tr>
  <th>B11 DESIGN EXCELLENCE</th>
</tr>
</thead>
<tbody>
<tr>
  <td></td>
</tr>
</tbody>
</table>

"
100993,Waverley_DCP_2022__waverley_dcp_2022__B11_11_1_controls,"# B11 Design Excellence — 11.1 Design — Controls

(a) Development is to achieve a high standard of architectural design, materials and
detailing appropriate to the building type and location.
(b) The form and external appearance of development is to improve the quality and
amenity of the public domain.
(c) Development is to consider and retain view corridors. Development will not be
supported where detrimental impacts upon views and vistas is imposed,
particularly those views from the public domain.
(d) Development must not have a detrimental effect upon the amenity of public
plazas and public open spaces.
(e) Development must consider the following:
(i) The suitability of the land for development;
(ii) Existing and proposed uses and use mix;
(iii) Heritage issues and streetscape constraints;
(iv) The relationship of the development to other development (existing or
proposed) on the same site or on neighbouring sites in terms of
separation, setbacks, amenity, and urban form;
(v) Bulk, massing and modulation of buildings;
(vi) Street frontage heights;
(vii) Environmental impacts such as sustainable design, overshadowing, wind
and reflectivity;
(viii) The achievement of the principles of ecologically sustainable
development;
(ix) Pedestrian, cycle, vehicular and service access, circulation requirements;
and
(x) The impact on, and any proposed improvements to, the public domain.
W AVERLEY DEVELOPMENT CONTROL PLAN 2022
109

Design Excellence B11"
100995,Waverley_DCP_2022__waverley_dcp_2022__B11_11_2_controls,"# B11 Design Excellence — 11.2 Context Analysis — Controls

11.2.1 Context Analysis
(a) A Context Analysis is to include an analysis of the urban form including but not
limited to the following:
(i) Urban structure - The relationship between buildings, spaces,
infrastructure and connections, landform, topography and natural
features.
(ii) Urban grain - The subdivision pattern, the scale and configuration of streets
and lots, and the rhythm of buildings and spaces.
(iii) Density and Mix - The amount of development and the range of uses in
relation to the site’s location and size; and its accessibility and proximity to
other uses.
(iv) Height and massing - The scale, arrangement, volume and shape of
buildings in relation to humans, other buildings, structures, spaces, skylines
and views.
(v) Building type - The building footprint, its layout, circulation and access, and
its functional relationship to adjoining spaces and buildings.
(vi) Façade and interface - The relationship and expression of the external faces
of the building, its rhythm and pattern of openings, expression of entries,
corners and roofscape, setbacks and boundary treatments.
(vii) Details and materials - The techniques, craftsmanship and detail of building
components, and how the proposed selection of materials relate to the
context through colour, pattern and treatment of materials including
durability, sustainability and contextual fit.
(viii) Streetscape and landscape - The surrounding built and natural context,
including street elevation, building typologies and their spatial and
locational characteristics, treatment of street/boundary interfaces,
microclimate, ecology and biodiversity. Relate the analysis to how the
proposed development contributes to the streetscape and landscape of the
area.
(ix) Social and economic fabric - Non-physical aspects of urban form including
the productive capacity and economy of the community, cultural and social
factors such as health and wellbeing, and community interaction.
W AVERLEY DEVELOPMENT CONTROL PLAN 2022
110"
100996,Waverley_DCP_2022__waverley_dcp_2022__B12,"# B12 Subdivision

Subdivision B12
B12 SUBDIVISION
These subdivision provisions supplement the WLEP provisions on minimum lot size. The
provisions apply to Torrens Title subdivision, not Strata Title Subdivision.
The WLEP permits subdivision with consent, however applicants should also refer to
State Environmental Planning Policy (Exempt & Complying Development) 2008 which
enables some forms of subdivision as exempt or complying development.

---



**Table 1** (Page 120)

<table>
<thead>
<tr>
  <th>B12 SUBDIVISION</th>
</tr>
</thead>
<tbody>
<tr>
  <td></td>
</tr>
</tbody>
</table>

"
100998,Waverley_DCP_2022__waverley_dcp_2022__B12_controls,"# B12 Subdivision — Controls

(a) Minimum lot sizes are contained in WLEP.
(b) Where a proposed development involves the creation of a new lot, or number of
new lots, capable of accommodating new buildings, the development
application should be accompanied by at least a conceptual plan of the new
building(s).
(c) Applications must demonstrate that the following has been considered:
(i) Site topography and other natural and physical features;
(ii) Existing services and easements, or the need for new easements;
(iii) Vehicle access;
(iv) Any land dedications required (e.g. road widening);
(v) Existing vegetation;
(vi) Potential flood affectation and stormwater management requirements;
(vii) Existing buildings or structures; and
W AVERLEY DEVELOPMENT CONTROL PLAN 2022
111

Subdivision B12
(viii) Heritage Items, Conservation Areas and adjoining Heritage Items.
(d) Any resulting lots must have characteristics similar to the prevailing subdivision
pattern of lots fronting the same street, in terms of area, dimensions and
orientation.
(e) All resulting lots must have at least one frontage to the street, and adequate
vehicle and pedestrian access.
(f) Tree removal to permit vehicle access to a new subdivision is not supported.
(g) Applications must demonstrate that any resulting allotments can facilitate
development as per the zoning and controls on the land. This includes setbacks
and open space provisions.
(h) Subdivision or amalgamation must not result in the isolation of lots or reduce
the development potential of adjoining land.
(i) Applicants may be required to submit plans that clearly identify the future
development potential of adjoining land to ensure its development potential will
not be adversely impacted.
(j) Subdivision or amalgamation must not compromise any significant features of
the existing or adjoining sites including streetscape character, landscape
features or trees.
(k) Subdivision must not result in the creation of a new lot that contains significant
site features that would render the land unable to be developed. For example
the creation of allotments that are burdened by easements, flooding, or
significant trees.
(l) The isolation of parcels of land for the purpose of environmental protection only
is not permitted. This land must be incorporated into any future development
and maintained by the landowners.
(m) Public lanes and public pedestrian passageways are not to be amalgamated with
private land.
(n) Where a rear lane is provided to adjoining land, the laneway configuration must
be continued through any new allotments and existing access arrangements to
adjoining land maintained.
(o) Battle axe subdivision patterns will not be permitted within residential zones,
unless it can be demonstrated that it is part of the prevailing subdivision pattern.
(p) Battle axe subdivision patterns must result in one (1) or more allotments fronting
the street and only one (1) allotment being serviced by an access handle.
(q) Access corridors are to be located to ensure existing street trees are retained.
(r) Access handles on battle axe blocks are to be a minimum of 3.5m in width and are
to be landscaped in a manner complementary to the established character and
streetscape of the area.
(s) Where a proposed development will result in a change to, or introduction of a
new street address, the proposed street addressing must be notated by the
applicant on the DA and CC plans. This addressing must comply with the NSW
Address Policy and User Manual 2021.
W AVERLEY DEVELOPMENT CONTROL PLAN 2022
112"
100999,Waverley_DCP_2022__waverley_dcp_2022__B13,"# B13 Excavation

Excavation B13
B13 EXCAVATION

---



**Table 1** (Page 122)

<table>
<thead>
<tr>
  <th>B13 EXCAVATION</th>
</tr>
</thead>
<tbody>
<tr>
  <td></td>
</tr>
</tbody>
</table>

"
101001,Waverley_DCP_2022__waverley_dcp_2022__B13_controls,"# B13 Excavation — Controls

(a) Excavation for basements will not be supported for dwelling house, attached
dwelling, dual occupancy or semi-detached dwelling development, unless Council
is satisfied that there is no alternative location on the site to accommodate
parking and storage, the development satisfies the objectives of Part B13, and the
basement:
(i) Has a maximum floor to ceiling height of 2.1m, except where the entry
requires higher to meet Australian Standards,
(ii) Does not exceed one floor,
(iii) Will not contain any habitable rooms unless the room is at grade with
external natural ground level along at least one side (refer to Figure 24),
and
(iv) Has an area no greater than the area required to accommodate:
• A maximum of 1 car parking space for dwellings with 1-2
bedrooms, or a maximum of 2 car parking spaces for dwellings
with 3 or more bedrooms;
• Waste storage for 3 x 140L bins per dwelling;
• A plant room complying with control (b) of this part;
• A maximum of 8 cubic metres of storage per dwelling; and
• Minimum access requirements to the car parking and storage
areas.
(b) The maximum area permitted for a plant room in any development is the
minimum required to meet Australian Standards, accommodate typical
dimensions of equipment required and the associated circulation space to access
the equipment for maintenance. DA plans should show the approximate location
and size of equipment within the plant room.
(c) Excavation should not add to the visual bulk and scale of the building.
(d) Excavation should not result in the loss of naturally occurring sandstone. Where
sandstone or natural rock are to be removed, opportunities for reuse on site
should be considered (such as for front fencing or landscaping).
W AVERLEY DEVELOPMENT CONTROL PLAN 2022
113

Excavation B13
(e) Avoid cutting into the natural stone wall of a street.
(f) Avoid and minimise excavation where possible.
(g) Minimise the inclination of any resulting sloping landscaping.
(h) Existing natural features including trees and sandstone walls should be retained
and incorporated as landscape features on the site in order to maintain the
natural character of the landscape.
(i) Step retaining walls in response to the natural landform to avoid creating
monolithic structures, particularly where visible from the neighbouring dwellings
and the public domain.
(j) For sites with significant slopes a split-level building design is to be used to
minimise excavation and backfilling.
(k) Fill is not to be used to raise the ground level.
(l) Excavation for garaging within sandstone walls facing the street must be
minimised to preserve as much of the original wall as possible.
(m) Development should accommodate stormwater detention tanks and storage
systems within the excavated area.
(n) Excavation is not permitted within 900mm of side boundaries and shall only occur
within the building footprint, except where access to a basement car park is
required.
(o) Basement car parking is to be located fully below natural ground level. Where this
cannot be achieved due to topographic constraints, a maximum protrusion above
ground of 1.2m is permissible (refer to Figure 25).
(p) Where excavation is proposed for development which is subject to Part C2 of this
DCP, it is not to occur within a 1.5m setback from side boundaries and shall only
occur within the building footprint except where access to a basement car park is
required. Excavation will need to be setback greater where required to comply
with Part C2, 2.3.2 Side and Rear Setbacks control (d).
(q) All below-ground structures that are located below the groundwater table are to
be fully tanked. These types of structures must not collect and dispose of
subsoil/seepage to kerb and gutter.
Figure 24 Habitable rooms are to have ample openings to an external wall for air and light.
W AVERLEY DEVELOPMENT CONTROL PLAN 2022
114

Excavation B13
Figure 25 Basement parking level on sloping sites
W AVERLEY DEVELOPMENT CONTROL PLAN 2022
115"
101002,Waverley_DCP_2022__waverley_dcp_2022__B14,"# B14 Advertising and Signage

Advertising and Signage B14
B14 ADVERTISING AND SIGNAGE
This Part specifies objectives and requirements for the erection and display of
advertising signs. The controls within this section should be read in conjunction with
State Environmental Planning Policy (Industry and Employment) 2021, State
Environmental Planning Policy (Exempt and Complying Development Codes) 2008
(Codes SEPP) and WLEP, which define what can be carried out as exempt development
and override these controls.

---



**Table 1** (Page 125)

<table>
<thead>
<tr>
  <th>B14 ADVERTISING AND SIGNAGE</th>
</tr>
</thead>
<tbody>
<tr>
  <td></td>
</tr>
</tbody>
</table>

"
101004,Waverley_DCP_2022__waverley_dcp_2022__B14_14_1_controls,"# B14 Advertising and Signage — 14.1 Design And Location — Controls

14.1.1 General Controls
(a) Signage is to relate to the use of the building on which it appears and be
designed to complement the established streetscape character, and not
detract from significant views or vistas.
(b) Signage is to be integrated into the architectural design of the building,
awning or shop front (refer to Figure 28).
(c) Where original sign panels have been incorporated into the parapet of the
building facade, these should be used to identify the name or nature of the
business only and not be used for advertising.
(d) Signs should not obscure decorative forms or moulding and should observe a
reasonable separation distance from the line of windows, doors, parapets,
piers and the like.
(e) The colour used in the design of a sign or structure should reflect the colour
scheme of the building to which it will be attached.
(f) Corporate colours should be limited to the advertising sign or structure.
(g) Careful consideration should be given to the use of illuminated red, green and
amber colours in proximity to signalised intersections.
(h) Council may give consideration to temporary advertising in the form of
bunting, banners, inflatable or canvas signs for special events provided that
the temporary display period does not exceed four weeks.
W AVERLEY DEVELOPMENT CONTROL PLAN 2022
116

Advertising and Signage B14
(i) Illuminated signage is to have no direct adverse impact on the amenity of
residential properties.
(j) Illumination of signs by floodlighting is preferable over the use of boxed
fluorescent or neon lighting on buildings and places of architectural
significance.
(k) The use of neon tubing to highlight the features of a building is not permitted.
(l) Flashing, moving or 3-D signs are not encouraged and will only be considered
where permitted in this Part and after practical demonstration and a detailed
assessment of any adverse impact on the amenity and character of the
neighbouring area.
(m) Signs are to be of a size and proportion that complement the scale of the
existing façade, as well as surrounding buildings and signs.
(n) Signage must not have a combined area in excess of 20m2.
(o) Shopping arcades are encouraged to erect a business directory at each
entrance.
(p) The following will not be permitted:
(i) Wall signs projecting more than 300mm from the wall.
(ii) Flashing or moving signs.
(iii) Advertising on display window piers or below the display window
sill/kick plate.
(iv) Sky, roof, or fin signs.
(v) The display of bunting, banners, canvas, or fabric signs.
(vi) Inflatable signs and the like.
(vii) Advertising on garbage bins, telegraph posts, telephone booths, or
other surfaces of a public nature.
(viii) Any sign which in Council’s opinion, would adversely affect the
operation of traffic lights, motorists or obstruct their vision.
(ix) Third party advertising.
(x) A-Board (sandwich boards).
(xi) Advertising on canvas shade blinds.
(xii) Signs that extend over street frontage boundaries, unless approved in
conjunction with a shop which is built to the street alignment.
Figure 28 Types of signage
W AVERLEY DEVELOPMENT CONTROL PLAN 2022
117

Advertising and Signage B14
14.1.1 Third Party Advertising
(a) Advertising on garbage bins, telegraph posts and other surfaces of a public
nature is not permitted, except by prior contractual arrangement with
Council.
(b) Advertising signage on buildings and shop fronts must only relate to
businesses operating within the same building or shop. Third party advertising
is not permitted.
(c) Where multiple occupancies exist within a single building or shop front, a
coordinated scheme for all advertising and signage is required.
(d) Council will not approve third party advertising. Signage must relate to the
use of the building or land it is on.
14.1.2 Number of signs
(a) Signage should not dominate the façade of buildings.
(b) The number of signs per building or site will be assessed on the following:
(i) Number of existing signs;
(ii) Proportion of solid (wall surface area) to void (window and door
openings) available for signage;
(iii) Length of frontage of the premises; and
(iv) Extent of facade detail and dimensional relief on the building which
should not be obscured by signage.
W AVERLEY DEVELOPMENT CONTROL PLAN 2022
118

Advertising and Signage B14"
101006,Waverley_DCP_2022__waverley_dcp_2022__B14_14_2_controls,"# B14 Advertising and Signage — 14.2 Site Specific Controls — Controls

14.2.1 Residential Zones
(a) Any signage within a residential zone shall relate only to premises situated on
the subject land and may specify any of the following:
(i) The purpose for which the land is used;
(ii) Identification and description of a person carrying on an occupation or
business on the premises; and
(iii) Particulars of the goods or services dealt with on the premises.
(b) Signs should be carefully designed to blend in with the established residential
character.
(c) Illuminated and electronic signs are not permitted.
(d) A sign must not exceed 1m x 0.7m in size. The sign shall be affixed to the front
façade of the dwelling or to the front boundary wall or fence.
(e) In circumstances where there is no front fence, or where an existing fence
does not have sufficient height to display a sign, and where the dwelling has
a significant setback from the street front, Council will give consideration to
the erection of a pole sign, having a height not greater than 2.8m.
14.2.2 Bondi Junction
(a) Illuminated signage on buildings exceeding eight storeys is visible from the
Harbour. Notwithstanding its regional significance, it is not intended that
Bondi Junction compete with the established illuminated skylines of the City
of Sydney or North Sydney. Any corporate advertising on the Bondi Junction
skyline should only be for the purpose of serving the immediate region.
14.2.3Campbell Parade
(a) Projecting wall signs or flush wall signs above the awning of shops fronting
Campbell Parade are not permitted with the exception of building
identification signs.
(b) Building identification signs shall be painted, identifying only the name of the
building, and be traditionally located within the building parapet as a feature
of the building.
(c) Generally, neon signage is encouraged on window shop fronts and for under
awning signs as an alternative to fluorescent illumination.
W AVERLEY DEVELOPMENT CONTROL PLAN 2022
119

Advertising and Signage B14
14.2.4 Wairoa Avenue in the vicinity of Wallis Parade
(a) Neon signage may be permitted inside the window display area, provided it is
not animated or flashing, due to the proximity of these shops to adjacent
residential development.
(b) No illumination or electronic signs above the awning will be permitted.
14.2.5 Neighbourhood shops
(a) In areas located within Part E3 Local Village Centres or where shops or
commercial premises exist in residential zones, such premises shall be
restricted to the display of the following signs:
(i) One under awning sign;
(ii) An awning fascia sign;
(iii) Projecting wall sign;
(iv) Window signage; and
(v) One flush wall sign to each frontage or one top hamper sign having
maximum dimensions 3m(W) x 1.5m(H).
(b) Flush wall signs shall not be permitted on side walls facing adjoining
residences (refer to Figure 29).
(c) Animated, flashing signs and lights are not permissible.
(d) Electrical conduits to illuminated signs are to be concealed or integrated into
the relevant sign.
(e) Shops shall consider the use of branded canvas shade blinds under the
awning, in place of above awning advertising signs, as a means of retaining an
appropriate neighbourhood scale. Such signage shall relate to the display of
product logos and not involve the promotion of sales or specials. Signage shall
occupy a maximum of 60% of the surface area of the blind and not involve
fluorescent or iridescent paints.
Figure 29 Inappropriate location for flush wall signs
14.2.6 Mixed development buildings
(a) Advertising signs and structures shall not be permitted above the awning on
mixed development buildings unless they relate to activities conducted above
ground floor level.
W AVERLEY DEVELOPMENT CONTROL PLAN 2022
120

Advertising and Signage B14
14.2.7 Development in excess of 15 metres in height
(a) Naming rights to the building, often in favour of the principal tenant, shall be
limited to the form of one advertising sign above the awning. The sign shall be
designed and positioned in a manner sympathetic to the design criteria of the
building. Where no principal tenant exists, a coordinated approach shall be
used in meeting the signage needs of the tenants of a building. This should
generally be limited to a directory panel in the common area of the building.
(b) Roof signs shall not be permitted where they exceed the height of the
building, or where they are flashing or moving. The assessment of any
proposed roof sign shall include an evaluation of its impact on adjacent
residential development, in terms of intensity and duration of illumination.
14.2.8 Automotive related activities
(a) Freestanding pole signs shall have a maximum height of 6 metres above
ground level, and the sign itself shall not exceed 3.4m2 in area.
(b) Pole signs shall not project more than 750mm beyond street alignment (refer
to Figure 30).
(c) A fin sign positioned as such shall have a maximum height of 1.5m above the
roof structure (refer to Figure 30). No portion of the sign shall project over
Council’s footpath. Fin signs shall have a maximum area of 9m2 referring only
to the name of the establishment. Only one fin sign shall be permitted on the
premises.
Figure 30 Example of pole and fin signs
W AVERLEY DEVELOPMENT CONTROL PLAN 2022
121

Advertising and Signage B14
14.2.9 Heritage Significant Buildings
(a) Council will give consideration to architectural qualities of building when
addressing the suitability of any proposed signs.
(b) Signs must not conceal or obscure architectural features.
(c) Generally, on shop fronts signage will be restricted to suspended under
awning signs and awning fascia signs.
(d) Signage above the awnings must be limited to appropriate areas allocated for
such a purpose in the original facade design (parapets, for example), and must
not extend above the parapet.
(e) Flashing, electronic, illuminated or animated signs will not be permitted.
(f) Council encourages restoration of original painted signs, and construction of
new signs using traditional designs.
(g) In the absence of any shop front awnings, signage shall be kept below the
height of awnings on adjacent buildings. In such circumstances, projecting
wall signs should take the form of lantern signs, where appropriate.
W AVERLEY DEVELOPMENT CONTROL PLAN 2022
122

Advertising and Signage B14"
101008,Waverley_DCP_2022__waverley_dcp_2022__B14_14_3_controls,"# B14 Advertising and Signage — 14.3 Sign Specific Controls — Controls

15.4.1 Under-awning signs
(a) Under awning signs must:
(i) Have a minimum clearance of 2.6m above the footpath and be centrally
positioned under the awning;
(ii) Not exceed 1.8m(W) x 300mm(H);
(iii) Be setback 600mm from the footpath edge;
(iv) Not project beyond the width of the awning; and
(v) Be separated from other under awning signs by 3m where practicable.
14.3.2 Projecting Wall Signs
(a) Where permitted projecting wall signs shall:
(i) Extend a maximum projection of 750mm from the face of the wall (refer
to Figure 31);
(ii) Have a minimum clearance of 2.6m above the footpath;
(iii) Not extend above parapet height;
(iv) Align with signs on adjacent buildings; and
(v) The vertical dimension of the sign shall be equal to or greater than the
horizontal dimension.
(b) Council will consider variations to the maximum projection requirement only
where, in Council’s opinion, the requirement for a sign of vertical proportion
does not suit the style and character of the building, or details and proportions
of the façade. In these instances square or circular signs may be considered,
having a maximum projection of 1.5m from the facade. In such circumstances,
buildings 3 storeys or greater are considered more appropriate to scale and
proportion of such signs (refer to Figure 33).
(c) Signs are to be attached to undecorated wall areas. Where projecting wall
signs of vertical proportion are proposed, vertical engaged piers present on
the facade of older buildings should be used.
14.3.3 Awning fascia signs
(a) Fascia signs are to be flush with the awning and not illuminated.
(b) They shall not project above or below the awning fascia.
(c) Sign writing shall be limited to the street number, name and general nature
of the business.
(d) Product identification on an awning fascia shall not be permitted.
(e) Where a building comprises a number of tenants, such as in an arcade, the
awning fascia should identify the name of the arcade only.
W AVERLEY DEVELOPMENT CONTROL PLAN 2022
123

Advertising and Signage B14
14.3.4 Flush Façade Panels
(a) Signs are to be attached to undecorated wall areas.
(b) Facade panels should align with windows or doors or be centered on parapets
(refer to Figure 32).
(c) Opportunities may exist for flush wall signs on the blank side or rear walls of
some buildings, provided that:
(i) The commodities or services advertised are sold within the premises to
which the sign is affixed of painted;
(ii) The total area of signage is no greater than 4.5m2; and
(iii) The number of such signs is limited to one only.
14.3.5 Top hamper signs
(a) Top hamper signs:
(i) May project up to 150mm from the building façade;
(ii) Must have a minimum clearance of 2130mm above ground level;
(iii) Shall have dimensions proportionate to the size of the top hamper
fascia;
(iv) Shall not exceed 600mm in height, with a maximum length of 4000mm;
(v) Shall be restricted to one sign per premises, unless the Council
considers the buildings frontage sufficient to accommodate more than
one such sign;
(vi) Should not extend below the level of the head or doorway or window
to which they are attached;
(vii) Should allow a proportion of the wall surface area of the top hamper to
be exposed; and
(viii) Shall be set back 600mm from side boundaries to satisfy fire
regulations.
(b) Signs are to be within the perimeter of the building walls.
(c) Illumination is permitted.
14.3.6 Building Identification Sign
(a) Building identification signs are to be located at building parapet height, for
the purpose of identifying the building.
(b) They will be permitted where, in Council’s opinion, there is sufficient wall
surface area to display the sign, and where the sign is proportionate to the
façade area, and appropriate to the design and decoration of the building.
(c) Where the building comprises a number of tenants, only one identification
sign will be permitted where that tenant occupies floor space above awning
level.
(d) Building identification signs should be positioned at the local point of the
building façade, generally central to the top parapet, and shall not project by
more than 300mm from the wall.
(e) Building identification signs shall be integrated with the character and form of
the building and not alter its roofline.
W AVERLEY DEVELOPMENT CONTROL PLAN 2022
124

Advertising and Signage B14
14.3.7 Murals
(a) Council may consider the use of a mural as signage for the purposes of
building identification and advertisement.
(b) A mural is to be sensitive to the character and amenity of the area.
(c) A mural must not be located on a heritage item or contributory building, or
detract from the significance of a heritage conservation area.
(d) Any corporate branding, logos, markings or similar are not to occupy more
than 5% of the total mural area.
(e) No third party advertisements are to feature in a mural.
(f) If the mural contains no advertising material and does not act as signage, it
may be considered as public art. If the mural is public art, it does not require
development approval and is to be carried out in accordance with the
Waverley Public Art in the Private Domain Guidelines.
14.3.8 Window signs
(a) Painted signs on shop front windows, particularly those using fluorescent and
iridescent paints, shall be temporary in nature, and not cover more than 60%
of the window surface area (refer to Figure 34).
(b) Painted window signage which is skeletal in form, identifying only the business
name of the premises, may be permanently applied to the window surface.
Figure 31 Dimensions for vertical projecting wall signs
Figure 32 Preferred alignment of façade panels
W AVERLEY DEVELOPMENT CONTROL PLAN 2022
125

Advertising and Signage B14
3 or more storeys is appropriate
Figure 33 Signage for buildings with 3 or more storeys
Temporary Signage Permanent Signage
Figure 34 Painted shop front window sign
W AVERLEY DEVELOPMENT CONTROL PLAN 2022
126"
101009,Waverley_DCP_2022__waverley_dcp_2022__B15,"# B15 Public Domain

Public Domain B15
B15 PUBLIC DOMAIN
The public domain is Waverley’s shared space for residents and visitors alike. It is
important that development that addresses the public domain is attractive, safe and
accessible. The public domain should be characterised by accessibility, excellence in
design, high quality materials and well-integrated public art.
This Part is to be read in conjunction with Council’s Street Design Manual and Public
Domain Technical Manual which provide further details on the application of the
controls outlined in this Part.

---



**Table 1** (Page 136)

<table>
<thead>
<tr>
  <th>B15 PUBLIC DOMAIN</th>
</tr>
</thead>
<tbody>
<tr>
  <td></td>
</tr>
</tbody>
</table>

"
101011,Waverley_DCP_2022__waverley_dcp_2022__B15_15_1_controls,"# B15 Public Domain — 15.1 Improving The Public Domain — Controls

(a) Overshadowing effects of new buildings on publicly accessible open space
is to be minimised between 9am – 3pm on 21 June.
(b) Development is not to impede important or significant views from the
public domain to public places, parks, Sydney Harbour or the eastern
coastline, heritage buildings, monuments, or public artworks.
(c) Development is to identify and improve key view corridors from the public
domain.
(d) Buildings are to be designed to frame important views from the public
domain and within large sites.
(e) Low level views of the sky along streets and from parks are to be
maintained.
(f) Buildings are to be designed to address the street and to utilise high quality
finishes and public art to enhance the public domain and pedestrian
interface.
(g) Blank walls are not supported within centres. Where blank walls must be
provided, utilise artworks or interesting façade designs to enrich the public
domain.
(h) Ground entry lobbies and commercial tenancies are to have entries at the
same level as the adjacent footpath or public domain.
W AVERLEY DEVELOPMENT CONTROL PLAN 2022
127

Public Domain B15
(i) The ground floor of developments is to be designed so that there are
regular opportunities for direct surveillance of the adjacent street or public
domain.
(j) Car parking areas at ground level must be screened by active uses to a
minimum depth of 6m from the façade visible to the street or public
domain.
(k) Align setbacks between buildings with lanes and pedestrian links to enable
clear lines of sight.
(l) Ensure development manages and mitigates environmental or natural
hazards, and does not exacerbate risks to existing developments or the
public domain.
(m) New residential flat building and shop top housing development may be
required to provide street lighting to contribute to nighttime public safety.
(n) Development involving the construction of a new residential flat building
or shop top housing development are required to locate utility connections
underground.
(o) New residential flat building and shop top housing development will be
required to provide footpath paving upgrades in accordance with the
Waverley Public Domain Technical Manual.
W AVERLEY DEVELOPMENT CONTROL PLAN 2022
128

Public Domain B15"
101014,Waverley_DCP_2022__waverley_dcp_2022__B15_15_2_controls,"# B15 Public Domain — 15.2 Active Street Frontages — Controls

15.2.1 General Controls
(a) Development is to be constructed to the front property boundary.
(b) Active ground floor uses are to be at the same general level as the footpath
and be accessible directly from the street.
(c) Sites identified as Active Street Frontage in this DCP must not provide vehicle
access across the Active Street Frontage.
(d) At ground level provide large, clear glazed windows with the sill at a minimum
of 500mm above finished floor level.
W AVERLEY DEVELOPMENT CONTROL PLAN 2022
129

Public Domain B15
(e) Opaque or obscured glazing is not acceptable.
(f) Reinforce corner frontages on primary shopping streets with shop or office
front windows.
(g) Openable shop fronts for restaurants or cafes and the like are encouraged, to
a maximum of 80% of the façade.
(h) Outdoor restaurants, cafes and the like are encouraged.
(i) First level active frontages are encouraged. Some centres require first level
active frontages, refer to Part E Site Specific Development.
(j) Commercial ground floor frontages are to provide clear glazing where ever
possible to promote passive surveillance and contribute to street activity.
(k) One entrance to civic, entertainment, community, commercial or retail uses
per 6m-10m of street frontage must be provided.
(l) Provide regular tenancy widths, preferably between 6m-10m, or similar to
adjacent shopfronts.
(m) Development is to utilise a 500mm depth to articulate the building façade at
ground level to create interest and variety in the streetscape. Ground level
walls should be experienced as having depth and providing a transition
between inside and outside. Modulation of the façade may include openings,
setbacks, windows and doors, columns and structure.
(n) Where carpark entrances must be located within an active frontage,
innovative design solutions are to be provided that create an engaging or
attractive entrance.
(o) Where possible direct ramps and stairways into the depth of the tenancy
instead of along a frontage, or provide access from a secondary frontage.
(p) A variety of high-quality materials is to be used for active street frontages,
with detailing that is of a human scale.
(q) Active uses on levels that are setback are encouraged to look over the street,
particularly on corner sites.
(r) The context analysis submitted with the application is to determine whether
the active frontage is in an area of predominantly traditional or contemporary
shopfronts, and whether the frontage is on a primary or secondary shopping
street. The design of the frontage is to comply with the relevant controls
below. Refer also to any site specific controls in Part E Site Specific
Development.
15.2.2 Shopfront Style
(a) Development that is of a Traditional Shopfront style is to:
(i) Interpret and represent the design of adjacent Traditional Shopfronts.
(ii) Retain or rebuild any existing shopfronts, using construction techniques
and materials that respect the original style, period and architecture of
the building.
(iii) Provide between 40-80% of the ground level façade as glazing.
(iv) Articulate entrances in a similar manner to surrounding Traditional
Shopfronts.
(b) Development that is of a Contemporary Shopfront style is to:
(i) Have a high degree of articulation and diverse materiality.
(ii) Articulate entrances with inset doorways and thresholds.
(iii) Provide between 40-80% of the ground level façade as glazing.
W AVERLEY DEVELOPMENT CONTROL PLAN 2022
130

Public Domain B15
15.2.3 Primary Shopping Street Frontages
(a) Active frontages are to occur at ground level along all primary shopping
streets.
(b) Not more than 10% of the street frontage on a lot is to have blank walls or
service areas (excluding structure, columns and beams).
(c) On sites with wider frontages (over 10m) at least 85% of the building frontage
is to be associated with retail uses such as entries, display area, café,
restaurant and shop floor.
(d) On sites with narrow frontages (under 10m) at least 70% of the building
frontage is to be associated with retail uses such as entries, display area, café,
restaurant and shop floor.
15.2.4 Secondary Shopping Street Frontages
(a) At least 50% of the frontage is to be active frontage.
(b) Not more than 15% of the street frontage can have blank walls or service areas
(excluding structure, columns and beams).
(c) No less than 80% of the building is to be aligned to the street.
(d) Active uses on levels that are setback are encouraged to have active uses
looking over the street, particularly on corner sites.
W AVERLEY DEVELOPMENT CONTROL PLAN 2022
131

Public Domain B15"
101016,Waverley_DCP_2022__waverley_dcp_2022__B15_15_3_controls,"# B15 Public Domain — 15.3 Arcades And Through Site Links — Controls

(a) Potential street-to-street connections involving sites in separate ownership
should consider liaising to develop compatible proposals and submitting
concurrent applications to create new through site links.
(b) Arcades and through site links must:
(i) Connect to a public street on both ends;
(ii) Be well lit and designed to minimise opportunities for loitering;
(iii) Incorporate high quality floor finishes;
(iv) Be in a straight alignment, bends or dog legs are not allowed;
(v) Have visual connection from street to street;
(vi) Provide an accessible path of travel from street to street;
(vii) Have a minimum width of 3m clear of all obstructions;
(viii) Be either open to the sky or with a glazed roof;
(ix) Be open for public use for at least between the hours of 7:00am and
10:00pm daily; and
(x) Have signage indicating public accessibility and the street to which the
lane connects.
*Refer to Figure 35 for a good example of a retail arcade with active frontages.
(c) If a through site link is to be closed between 10:00pm and 7:00am via a gate
or other mechanism, the gate must be latched into the ‘open’ position
between 7:00am and 10:00pm, to allow an accessible path of travel.
(d) Developments with public spaces such as arcades and through site links are
to incorporate public art within the development (refer to Part B11 Public Art).
(e) Arcades or through site links within any of the centres identified in Part E Site
Specific Development must:
(i) Provide active frontages at the ground level, and in some cases first
level, in accordance with Section 16.2 Active Street Frontages;
(ii) Maximise entries and display windows to shops and/or food and
drink premises to increase pedestrian interest and interaction;
(iii) Provide elements of visual interest;
(iv) Provide predominantly retail, entertainment, civic or commercial
uses;
(v) Provide a maximum of 15% of the frontage as the entry to a
residential premise;
(vi) Provide one door per 4m; and
(vii) Provide not more than 10% of the frontage as blank walls or service
areas (excluding structure, columns and beams).
W AVERLEY DEVELOPMENT CONTROL PLAN 2022
132

Public Domain B15
(viii) Adhere to Council’s health policy by regular deep cleansing of the
pedestrian access through the arcade.
W AVERLEY DEVELOPMENT CONTROL PLAN 2022
133

Public Domain B15"
101018,Waverley_DCP_2022__waverley_dcp_2022__B15_15_4_controls,"# B15 Public Domain — 15.4 Awnings And Colonnades — Controls

(a) Colonnades are not permitted in areas with active frontages.
(b) Awnings are to be provided above all active frontages.
(c) Continue the height, depth and form of existing awnings where they occur in
the street.
(d) Awnings are to provide a consistent height above the footpath with a
minimum height between the footpath level and underside of awning of 3.1m.
(e) Awnings should extend across the width of the footpath to within 0.6m of the
kerb line.
(f) Awning height is to be in the range 3.2m - 4.2m, with the final height
determined to ensure continuity in appearance and weather protection with
adjoining awnings.
(g) Box awnings with slim fascias are to be provided.
(h) Preferred awning depth is 3m.
(i) Awnings are required to step with topography. Sloping awnings are
discouraged.
(j) Building entries must be covered.
(k) The colour of awning fascias is to be consistent along the street.
(l) Where street trees are required the entire length of the awning is to be set
back from the kerb by 1.2m. Cut outs for trees and light poles in awnings are
not acceptable.
(m) To control sun access/protection, canvas blinds along the street edge may be
permitted, subject to design merit and assessment.
(n) Signage on blinds is not permitted.
(o) Provide appropriate under awning lighting to facilitate night use and public
safety.
W AVERLEY DEVELOPMENT CONTROL PLAN 2022
134

Public Domain B15"
101020,Waverley_DCP_2022__waverley_dcp_2022__B15_15_5_controls,"# B15 Public Domain — 15.5 Reflectivity — Controls

(a) Limit the use of large areas of glass in facades to a maximum of 60% of the
façade surface area above ground level.
(b) Shade glass areas with shading devices appropriate to the orientation.
East and west-oriented glazing benefits from vertical shading devices, whilst
north benefits more from horizontal shading devices.
(c) Reflected solar glare on drivers should not exceed 500 candelas/m2. A candela
is the base unit for measuring the intensity of luminance under the
International System of Units (SI).
(d) Mirrored glass and other highly reflective materials should not be used on
building exteriors.
(e) All panels and elements on vertical façades are to have a maximum specular
reflectivity of visible light from normal angles of incidence of 20%.
(f) Any surface inclined by more than 20 degrees to the vertical (inclined glass
awnings or cladding on inclined roofs) are to have a maximum specular
reflectivity of visible light from normal angles of incidence of 10%.
(g) The above mentioned limits may need to be further reduced depending on
the outcome of the analysis by a reflectivity consultant of the impact on
drivers’ visibility. Refer to the Waverley Development Application Guide for
information about when a reflectivity report is required.
W AVERLEY DEVELOPMENT CONTROL PLAN 2022
135

Public Domain B15"
101022,Waverley_DCP_2022__waverley_dcp_2022__B15_15_6_controls,"# B15 Public Domain — 15.6 Shopfront Security — Controls

(a) Roller shutters on shop fronts are not permitted.
(b) Applications involving a change of use of retail premises shall be required to
retain or reinstate the window shop front.
(c) Where the nature of the proposed retail activity does not warrant a window
shop front display, consideration may be given to folding or sliding glass doors.
(d) Security grilles on shop fronts are discouraged.
(e) Where security grilles are to be provided, they may only be fitted internally
behind the shopfront and are to be fully retractable and at least 50%
transparent when closed.
W AVERLEY DEVELOPMENT CONTROL PLAN 2022
136

Public Domain B15"
101025,Waverley_DCP_2022__waverley_dcp_2022__B15_15_7_controls,"# B15 Public Domain — 15.7 Minor Encroachments — Controls

15.7.1 General
(a) Encroachments are to be of a minor nature.
(b) Encroachments must not pose a hazard, particularly to pedestrians or other
users of public space.
(c) Encroachments must be consistent with the character of the surrounding
area.
(d) Encroachments must:
(i) Be a maximum of 300mm;
(ii) Not interrupt pedestrian movement or public space or amenity;
(iii) Not enter into public space between ground/footpath level and 1m
above ground/footpath level;
(iv) Not reduce the width of a footpath to less than 1.8 metres wide;
(v) Not extend over a vehicular carriageway; and
(vi) Must have a minimum setback of 600mm from the kerb face.
W AVERLEY DEVELOPMENT CONTROL PLAN 2022
137"
101026,Waverley_DCP_2022__waverley_dcp_2022__B16,"# B16 Inter-War Buildings

Inter War Buildings B16
B16 INTER-WAR BUILDINGS
This Part applies to Interwar buildings and is to be read in conjunction with the
Waverley Inter-War Building Design Guidelines.
Definition:
An Inter-War building is a building constructed in the period from c.1914 to c.1940,
typically containing three or more residences. Buildings built between 1940 and 1950
with identifiable Inter-War characteristics are also considered to be Inter-War
buildings.

---



**Table 1** (Page 147)

<table>
<thead>
<tr>
  <th>B16 INTER-WAR BUILDINGS</th>
</tr>
</thead>
<tbody>
<tr>
  <td></td>
</tr>
</tbody>
</table>



**Table 2** (Page 148)

<table>
<thead>
<tr>
  <th>Building Element</th>
  <th>Conservation Principles</th>
</tr>
</thead>
<tbody>
<tr>
  <td>Form and Massing</td>
  <td>Explore the retention of simple prismatic masonry forms, simple hipped
roof forms and respond to the character of the building</td>
</tr>
<tr>
  <td></td>
  <td>Retain the principal form of the buildings.</td>
</tr>
<tr>
  <td>Streetscape Elevation(s)</td>
  <td>Retain the principal streetscape elevation(s).</td>
</tr>
<tr>
  <td>Roof Finishes</td>
  <td>Retain terracotta tile finishes or replace to match.</td>
</tr>
<tr>
  <td></td>
  <td>Replace flat roofs as necessary.</td>
</tr>
<tr>
  <td>Roof Parapet</td>
  <td>Retain parapets and do not extend and reinstate where previously
removed.</td>
</tr>
<tr>
  <td>Wall Finishes</td>
  <td>Retain decorative brickwork and do not paint or render face brickwork.</td>
</tr>
<tr>
  <td></td>
  <td>Paint non original finishes in dark neutral tones to suggest face brickwork.</td>
</tr>
<tr>
  <td></td>
  <td>Retain original textured render finishes (smooth, fan trowelled, roughcast).</td>
</tr>
<tr>
  <td></td>
  <td>Retain original shingle finishes and original battened sheet finishes
including projecting window bays.</td>
</tr>
<tr>
  <td>Signage</td>
  <td>Retain building name on façade or reinstate building name based on
evidence.</td>
</tr>
<tr>
  <td>Verandah</td>
  <td>Retain original openings and do not infill original verandahs except in noisy
locations where highly sympathetic additions may be appropriate.</td>
</tr>
</tbody>
</table>



**Table 3** (Page 149)

<table>
<tbody>
<tr>
  <td></td>
  <td>Explore opening up of previous infilled verandah or replace glazing with
frameless glazing.</td>
</tr>
<tr>
  <td></td>
  <td>Retain the pattern and proportion of original windows and timber or steel
finish.</td>
</tr>
<tr>
  <td></td>
  <td>Replacements need to match the original proportion and finish.</td>
</tr>
<tr>
  <td></td>
  <td>Retain proportion and glazing pattern of windows converted to doors.</td>
</tr>
<tr>
  <td></td>
  <td>Remove external security bars and provide alternate security sympathetic
to the style</td>
</tr>
<tr>
  <td>Fenestration</td>
  <td>Retain the pattern and proportion of original windows and timber or steel
finish.</td>
</tr>
<tr>
  <td></td>
  <td>Replacements need to match the original proportion and finish.</td>
</tr>
<tr>
  <td></td>
  <td>Retain proportion and glazing pattern of windows converted to doors.</td>
</tr>
<tr>
  <td></td>
  <td>Remove external security bars and provide alternate security.</td>
</tr>
<tr>
  <td>Entry</td>
  <td>Retain original timber French doors with multi pane glazing.</td>
</tr>
<tr>
  <td></td>
  <td>Retain / restore porch.</td>
</tr>
<tr>
  <td></td>
  <td>Retain original steps and simple pipe rail handrail.</td>
</tr>
<tr>
  <td></td>
  <td>Retain terrazzo flooring, unglazed terracotta tiles, original concrete slab
awnings and wall finishes</td>
</tr>
<tr>
  <td></td>
  <td>Fire and safety and security upgrade discreet and retain original fabric.</td>
</tr>
<tr>
  <td>Stylistic Features</td>
  <td>Retain stylistic features listed in Style table (refer to Waverley Inter-War
Building Design Guidelines) and reinstate lost features.</td>
</tr>
<tr>
  <td>Additions</td>
  <td>Minor additions should retain the overall form and character of the
building.</td>
</tr>
<tr>
  <td></td>
  <td>Minor additions should not be visually prominent from the street.</td>
</tr>
<tr>
  <td>Attic Conversion –
storage and habitable</td>
  <td>Use of space in the roof form may be acceptable, with consideration of
WLEP building height and floor space ratio development standards</td>
</tr>
<tr>
  <td></td>
  <td>Control size and location of skylights and retain gable end finishes.</td>
</tr>
<tr>
  <td></td>
  <td>Fenestration should respond to the scale and proportion of the existing
fenestration.</td>
</tr>
<tr>
  <td>Inset Balcony</td>
  <td>Avoid inset balconies to visible roof planes.</td>
</tr>
<tr>
  <td>Dormers</td>
  <td>Front dormers are not acceptable.</td>
</tr>
<tr>
  <td></td>
  <td>Rear dormers may be acceptable as they (are not visible from the street)
have limited visibility.</td>
</tr>
<tr>
  <td></td>
  <td>Side dormers should be proportional in scale with the existing roof, and
may be acceptable depending on visual impact and impact on views.</td>
</tr>
<tr>
  <td>Roof Additions</td>
  <td>Roof additions are generally only supported where established surrounding
streetscape scale is higher.</td>
</tr>
<tr>
  <td></td>
  <td>Retain parapet and set back additions behind parapet to ensure skyline is
retained.</td>
</tr>
<tr>
  <td></td>
  <td>Use recessive finish detail and colour to minimise impact of additions.</td>
</tr>
<tr>
  <td></td>
  <td>Minimise the thickness of the roof edge.</td>
</tr>
</tbody>
</table>



**Table 4** (Page 150)

<table>
<tbody>
<tr>
  <td></td>
  <td>Setback privacy screens and dividing walls from parapet (planter solution)
to ensure skyline is not interrupted.</td>
</tr>
<tr>
  <td>Balconies</td>
  <td>Balcony additions to rear only.</td>
</tr>
<tr>
  <td></td>
  <td>Balcony should support stylistic characteristics and articulation of façade.</td>
</tr>
<tr>
  <td>Undercroft Alterations</td>
  <td>Re-use of laundries and undercroft areas is acceptable.</td>
</tr>
<tr>
  <td>Rear Additions</td>
  <td>Set down additions to the rear below the gutter height.</td>
</tr>
<tr>
  <td>Fences and Gates</td>
  <td>Retain original low masonry boundary fences and retain original materials.</td>
</tr>
<tr>
  <td></td>
  <td>Do not raise height of fence. Use landscape to limit access and provide
privacy.</td>
</tr>
<tr>
  <td>Landscape</td>
  <td>Retain landscape areas forward of building line and maximise landscape to
street front.</td>
</tr>
<tr>
  <td></td>
  <td>Use landscape to conceal mailboxes, bins and new ancillary facilities.</td>
</tr>
<tr>
  <td></td>
  <td>Landscape – retain ‘crazy’ flagstone, fountains, approach paths and other
hard landscaping features.</td>
</tr>
<tr>
  <td>Parking</td>
  <td>Retain original basement garage opening widths.</td>
</tr>
<tr>
  <td></td>
  <td>Do not widen driveways and retain concrete wheel strips.</td>
</tr>
<tr>
  <td></td>
  <td>Do not construct garages or carports in front setback or in front of buildings</td>
</tr>
<tr>
  <td></td>
  <td>Pergolas may be appropriate to mitigate broad expanse of car stands.</td>
</tr>
<tr>
  <td></td>
  <td>Recess garage doors.</td>
</tr>
<tr>
  <td>Mailboxes</td>
  <td>Retain original inset mailboxes built into fence.</td>
</tr>
<tr>
  <td></td>
  <td>Expand in similar style as necessary or locate new mailboxes within
landscape.</td>
</tr>
<tr>
  <td>Interior</td>
  <td>Modification of the interior can occur if there is no impact on the street
facades.</td>
</tr>
<tr>
  <td>Upgrades</td>
  <td>Fire security upgrades must be discreet and respect original fabric.</td>
</tr>
<tr>
  <td></td>
  <td>The character of the street presentation and foyer need to be retained as
far as practical when implementing upgrades.</td>
</tr>
<tr>
  <td></td>
  <td>Alternate solutions should be explored to allow the retention of the original
fabric.</td>
</tr>
</tbody>
</table>

"
101028,Waverley_DCP_2022__waverley_dcp_2022__B16_controls,"# B16 Inter-War Buildings — Controls

16.1.1 General
(a) All Inter-War Buildings should comply with Part B16 Inter War Buildings. Inter-
War Buildings that are Heritage Items or located within a Heritage Conservation
Area must also comply with the provisions of Part B9 Heritage.
2. With reference to the Waverley Inter-War Building Design Guidelines, the SEE and
plans demonstrate the following:
(i) Locate the Inter War building and note if they are heritage items,
located in a Heritage Conservation Area;
(ii) Identify the context of the street;
(iii) Identify the style of the building and the key defining features;
(iv) Identify the type of building;
(v) Determine the proposed level of modification;
(vi) Assess the proposal against the compliance check list;
(vii) Complete the compliance table.
(c) Retain and maintain original building fabric and decorative elements such as
parapets.
W AVERLEY DEVELOPMENT CONTROL PLAN 2022
138

Inter War Buildings B16
(d) Provide maintenance and repairs where necessary utilising traditional
techniques and materials.
(e) Encourage the retention and maintenance of original decorative materials and
finishes including fencing and light fixtures
(f) Maintain and retain original face brickwork and stonework.
(g) Preserve the building’s contribution to, and relationship with, the streetscape.
(h) Alterations and additions are to be complementary and secondary to the
existing building design.
(i) Subtly differentiate new additions and alterations from the original building.
(j) Minimise the visibility of new additions from the public domain and ensure that
the original building remains dominant.
(k) Demonstrate a high standard of design excellence.
(l) Upgrade the systems within the building in line with the BCA, AS, DDA and other
standards and codes as necessary; and
(m) Maintain the integrity of the design of the building when providing upgrades to
the building.
(n) Development is required to apply a material or colour scheme in accordance
with the Waverley Inter-War Flat Building Heritage Design Guidelines.
(o) Any on-site car parking is to maintain the building’s relationship to the
streetscape.
(p) Comply with the conservation principles in Table 9.
(q) Despite controls above, strict compliance with Table 9 may be varied if Council is
satisfied that a proposal for alterations and additions can demonstrate
innovation, design excellence and consistency with the objectives of this Part.
Building Element Conservation Principles
Form and Massing Explore the retention of simple prismatic masonry forms, simple hipped
roof forms and respond to the character of the building
Retain the principal form of the buildings.
Streetscape Elevation(s) Retain the principal streetscape elevation(s).
Roof Finishes Retain terracotta tile finishes or replace to match.
Replace flat roofs as necessary.
Roof Parapet Retain parapets and do not extend and reinstate where previously
removed.
Wall Finishes Retain decorative brickwork and do not paint or render face brickwork.
Paint non original finishes in dark neutral tones to suggest face brickwork.
Retain original textured render finishes (smooth, fan trowelled, roughcast).
Retain original shingle finishes and original battened sheet finishes
including projecting window bays.
Signage Retain building name on façade or reinstate building name based on
evidence.
Verandah Retain original openings and do not infill original verandahs except in noisy
locations where highly sympathetic additions may be appropriate.
W AVERLEY DEVELOPMENT CONTROL PLAN 2022
139

Inter War Buildings B16
Explore opening up of previous infilled verandah or replace glazing with
frameless glazing.
Retain the pattern and proportion of original windows and timber or steel
finish.
Replacements need to match the original proportion and finish.
Retain proportion and glazing pattern of windows converted to doors.
Remove external security bars and provide alternate security sympathetic
to the style
Fenestration Retain the pattern and proportion of original windows and timber or steel
finish.
Replacements need to match the original proportion and finish.
Retain proportion and glazing pattern of windows converted to doors.
Remove external security bars and provide alternate security.
Entry Retain original timber French doors with multi pane glazing.
Retain / restore porch.
Retain original steps and simple pipe rail handrail.
Retain terrazzo flooring, unglazed terracotta tiles, original concrete slab
awnings and wall finishes
Fire and safety and security upgrade discreet and retain original fabric.
Stylistic Features Retain stylistic features listed in Style table (refer to Waverley Inter-War
Building Design Guidelines) and reinstate lost features.
Additions Minor additions should retain the overall form and character of the
building.
Minor additions should not be visually prominent from the street.
Attic Conversion – Use of space in the roof form may be acceptable, with consideration of
storage and habitable WLEP building height and floor space ratio development standards
Control size and location of skylights and retain gable end finishes.
Fenestration should respond to the scale and proportion of the existing
fenestration.
Inset Balcony Avoid inset balconies to visible roof planes.
Dormers Front dormers are not acceptable.
Rear dormers may be acceptable as they (are not visible from the street)
have limited visibility.
Side dormers should be proportional in scale with the existing roof, and
may be acceptable depending on visual impact and impact on views.
Roof Additions Roof additions are generally only supported where established surrounding
streetscape scale is higher.
Retain parapet and set back additions behind parapet to ensure skyline is
retained.
Use recessive finish detail and colour to minimise impact of additions.
Minimise the thickness of the roof edge.
W AVERLEY DEVELOPMENT CONTROL PLAN 2022
140

Inter War Buildings B16
Setback privacy screens and dividing walls from parapet (planter solution)
to ensure skyline is not interrupted.
Balconies Balcony additions to rear only.
Balcony should support stylistic characteristics and articulation of façade.
Undercroft Alterations Re-use of laundries and undercroft areas is acceptable.
Rear Additions Set down additions to the rear below the gutter height.
Fences and Gates Retain original low masonry boundary fences and retain original materials.
Do not raise height of fence. Use landscape to limit access and provide
privacy.
Landscape Retain landscape areas forward of building line and maximise landscape to
street front.
Use landscape to conceal mailboxes, bins and new ancillary facilities.
Landscape – retain ‘crazy’ flagstone, fountains, approach paths and other
hard landscaping features.
Parking Retain original basement garage opening widths.
Do not widen driveways and retain concrete wheel strips.
Do not construct garages or carports in front setback or in front of buildings
Pergolas may be appropriate to mitigate broad expanse of car stands.
Recess garage doors.
Mailboxes Retain original inset mailboxes built into fence.
Expand in similar style as necessary or locate new mailboxes within
landscape.
Interior Modification of the interior can occur if there is no impact on the street
facades.
Upgrades Fire security upgrades must be discreet and respect original fabric.
The character of the street presentation and foyer need to be retained as
far as practical when implementing upgrades.
Alternate solutions should be explored to allow the retention of the original
fabric.
Table 9: Inter-War Building Conservation Principles
16.2 Shopfronts
(a) Retain the original significant features including ingoes, signage, glazing
pattern, location of doors, tiling and awnings.
(b) Respect the original form, scale and detailing of the building and not
compromise the integrity and consistency of the streetscape.
(c) Aim to increase accessibility to the shopfront through permanent or
temporary measures as deemed suitable in consultation with Council.
W AVERLEY DEVELOPMENT CONTROL PLAN 2022
141"
101029,Waverley_DCP_2022__waverley_dcp_2022__B17,"# B17 Social Impact Assessment

Social Impact Assessment B17
B17 SOCIAL IMPACT ASSESSMENT
The Waverley Social Impact Assessment Guidelines 2022 seek to highlight the
importance of and guide the assessment of social impacts of proposed development.
Applicants of all Development Applications should refer to the Guidelines to
understand what Social Impact Assessment is and whether a Social Impact Statement
is required for application lodgement.

---



**Table 1** (Page 151)

<table>
<thead>
<tr>
  <th>B17 SOCIAL IMPACT ASSESSMENT</th>
</tr>
</thead>
<tbody>
<tr>
  <td></td>
</tr>
</tbody>
</table>

"
101031,Waverley_DCP_2022__waverley_dcp_2022__B17_controls,"# B17 Social Impact Assessment — Controls

(a) A Social Impact Statement (SIS) should be prepared if the proposed
development is one of the following:
• Loss of low-rental dwellings (see State Environmental Planning Policy
Housing 2021 for definition)
• Strata subdivision of 4 or more lots
• $10,000,000 or greater construction cost
• Gross Floor Area of 3,000sqm or greater (see Waverley Local
Environmental Plan for definition)
• Reduction in dwelling numbers on site
Council officers may request a SIS for development not included within the
Guidelines at their discretion.
(b) Plan of Management documents prepared as required by the Waverley
Development Application Guide should be robust and adhered to.
(c) Co-living development with the capacity to accommodate 20 or more lodgers
must have a full-time on-site manager accommodated within the premises.
(d) Applicants must prepare a locality plan identifying the number and size of the
same development type/land use within a 3km radius, and justify how the
addition of a development requiring an SIA will not produce an adverse
cumulative impact given the context. This applies to the following
development types:
• Boarding house accommodation
• Co-living housing development
• Backpacker’s accommodation
• Pubs/registered clubs
W AVERLEY DEVELOPMENT CONTROL PLAN 2022
142"
101075,Waverley_DCP_2022__waverley_dcp_2022__C2,"# C2 Other Residential Development

Other Residential Development C2
C2 OTHER RESIDENTIAL DEVELOPMENT
Development is to comply with the provisions of this part, as well as other relevant parts
of this DCP. Where there are inconsistencies, the provisions of this Part shall prevail to the
extent of the inconsistency. This Part applies to the residential components of:
• Boarding Houses;
• Co-living housing;
• Group homes;
• Hostels;
• Manor Houses;
• Multi dwelling housing;
• Multi dwelling housing (terraces);
• Residential flat buildings;
• Seniors housing;
• Serviced apartments;
• Shop top housing; and
• Student accommodation.
State Environmental Planning Policy (Exempt and Complying Development Codes) 2008
(Code SEPP).
For the purposes of ‘Low Rise Medium Density’ development as permitted through Part
3B of the Code SEPP, this Part is to be considered in the design and assessment of manor
houses and multi dwelling housing (terraces). Refer to the Code SEPP for the land use
definitions of manor houses and multi dwelling housing (terraces).
State Environmental Planning Policy (Housing) 2021 – Chapter 4 Design of residential
apartment development (Housing SEPP)
Development that is subject to Chapter 4 of the Housing SEPP is required to address the
provisions of the Apartment Design Guide (ADG), in addition to this part of the DCP. As
per Clause 149 of the Housing SEPP, if a DCP contains provisions that specify
requirements, standards, or controls in relation to the following, those provisions are of
no effect:
(a) visual privacy,
(b) solar and daylight access,
(c) common circulation and spaces,
(d) apartment size and layout,
(e) ceiling heights,
(f) private open space and balconies,
(g) natural ventilation,
(h) storage.
Where this is the case, a notation has been placed next to the relevant section of this Part.
Given the nature of the existing and desired future character of Waverley, in many cases
where the above provisions of the ADG cannot be achieved, the provisions of the relevant
Part of this DCP are intended to provide additional guidance in achieving the relevant
objectives.
WAVERLEY DEVELOPMENT CONTROL PLAN 2022
217

Other Residential Development C2
CONTENTS
WAVERLEY DEVELOPMENT CONTROL PLAN 2022
218

Other Residential Development C2

---



**Table 1** (Page 219)

<table>
<thead>
<tr>
  <th>C2 OTHER RESIDENTIAL DEVELOPMENT</th>
</tr>
</thead>
<tbody>
<tr>
  <td></td>
</tr>
</tbody>
</table>



**Table 2** (Page 222)

<table>
<thead>
<tr>
  <th>Zoning</th>
  <th>WLEP Height</th>
  <th></th>
  <th>Max external wall</th>
  <th></th>
</tr>
</thead>
<tbody>
<tr>
  <td></td>
  <td></td>
  <td></td>
  <td>height</td>
  <td></td>
</tr>
</tbody>
</table>



**Table 3** (Page 226)

<table>
<thead>
<tr>
  <th></th>
  <th>Height</th>
  <th></th>
  <th></th>
  <th>Side setback to whole building (min.)</th>
  <th></th>
</tr>
</thead>
<tbody>
<tr>
  <td>Height up to 4.5m</td>
  <td></td>
  <td></td>
  <td>0.9m</td>
  <td></td>
  <td></td>
</tr>
<tr>
  <td>Height up to 12.5m</td>
  <td></td>
  <td></td>
  <td>1.5m</td>
  <td></td>
  <td></td>
</tr>
<tr>
  <td>Height above 12.5m</td>
  <td></td>
  <td></td>
  <td>1.5 – 2.5m</td>
  <td></td>
  <td></td>
</tr>
</tbody>
</table>

"
101134,Waverley_DCP_2022__waverley_dcp_2022__D1,"# D1 Commercial and Retail Development

Commercial and Retail Development D1
D1 COMMERCIAL AND RETAIL DEVELOPMENT
This Part applies to commercial and retail premises throughout Waverley.

---



**Table 1** (Page 251)

<table>
<thead>
<tr>
  <th>D1 COMMERCIAL AND RETAIL DEVELOPMENT</th>
</tr>
</thead>
<tbody>
<tr>
  <td></td>
</tr>
</tbody>
</table>



**Table 2** (Page 254)

<table>
<thead>
<tr>
  <th></th>
  <th>ZONE</th>
  <th></th>
  <th></th>
  <th>Trading Hours</th>
</tr>
</thead>
<tbody>
<tr>
  <td>All residential zones</td>
  <td></td>
  <td></td>
  <td>(a) General base trading hours:
(i) 7.00am to 10.00pm, 7 days a
week
(b) Extended trading hours are subject to
a review after 1year and will be
considered up to 6.00am to 11.00pm,
Fridays and Saturdays only.</td>
  <td></td>
</tr>
<tr>
  <td>All zones</td>
  <td></td>
  <td></td>
  <td>(a) Special New Years Eve trading hours:
(i) 10.00pm New Years Eve –
1.00am New Years Day.</td>
  <td></td>
</tr>
<tr>
  <td></td>
  <td>CENTRE NAME - see Part E for maps</td>
  <td></td>
  <td></td>
  <td>Trading Hours</td>
</tr>
<tr>
  <td>Bondi Junction (MU1 Zone portions)</td>
  <td></td>
  <td></td>
  <td>(a) General base trading hours:
(i) Monday to Saturday: 6.00am to
11.00pm; and
(ii) Sunday: 6.00am to 10.00pm.
(b) Extended trading are subject to a
review after 1 year and will be
considered up to:
(i) Monday – Sunday: 6.00am to
midnight.</td>
  <td></td>
</tr>
<tr>
  <td>Bronte Road, Bondi Junction</td>
  <td></td>
  <td></td>
  <td></td>
  <td></td>
</tr>
<tr>
  <td>Bondi Beach</td>
  <td></td>
  <td></td>
  <td></td>
  <td></td>
</tr>
<tr>
  <td>Bondi Road</td>
  <td></td>
  <td></td>
  <td></td>
  <td></td>
</tr>
</tbody>
</table>



**Table 3** (Page 255)

<table>
<thead>
<tr>
  <th></th>
  <th></th>
</tr>
</thead>
<tbody>
<tr>
  <td>Oxford Street Mall (also includes 4A
Bronte Road, Bondi Junction)</td>
  <td>(a) General base trading hours:
(i) Monday to Sunday: 6.00am to
3.00am.</td>
</tr>
<tr>
  <td>Bondi Junction (E2 Zone portions
excluding 4A Bronte Road, Bondi
Junction)</td>
  <td>(a) General base trading hours:
(i) Monday to Saturday: 6.00am to
11.00pm; and
(ii) Sunday: 6.00am to 10.00pm.
(b) Extended trading hours are subject to
a review after 1 year and will be
considered up to:
(i) Sunday to Wednesday: 6.00am to
midnight; and
(ii) Thursday, Friday and Saturday:
6.00am to 1.00am.</td>
</tr>
<tr>
  <td>Macpherson Street</td>
  <td>(a) General base trading hours:
(i) 6.00am to 10.00pm, 7 days a
week.
(b) Extended trading hours are subject to
a review after 1 year and will be
considered up to:
(i) 11:00pm on Thursdays,
Fridays and Saturdays only</td>
</tr>
<tr>
  <td>Wairoa Avenue</td>
  <td></td>
</tr>
<tr>
  <td>North Bondi</td>
  <td></td>
</tr>
<tr>
  <td>Seven Ways</td>
  <td></td>
</tr>
<tr>
  <td>Bronte Beach</td>
  <td></td>
</tr>
<tr>
  <td>Belgrave Street</td>
  <td></td>
</tr>
<tr>
  <td>Flood Street</td>
  <td></td>
</tr>
<tr>
  <td>Murriverie Road</td>
  <td></td>
</tr>
<tr>
  <td>OSH Road, at Murriverie Road</td>
  <td></td>
</tr>
<tr>
  <td>Vaucluse</td>
  <td></td>
</tr>
<tr>
  <td>Blake Street</td>
  <td></td>
</tr>
<tr>
  <td>Fletcher Street</td>
  <td></td>
</tr>
</tbody>
</table>

"
101143,Waverley_DCP_2022__waverley_dcp_2022__D2,"# D2 Outdoor Dining

ANNEXURES
D2 OUTDOOR DINING
For advice and guidance on seeking approval to utilise footpath areas outside a food or
beverage premises for footpath seating, please refer to Council’s Footpath Seating Policy
and Guideline 2025.
WAVERLEY DEVELOPMENT CONTROL PLAN 2022
256

---



**Table 1** (Page 259)

<table>
<thead>
<tr>
  <th>D2 OUTDOOR DINING</th>
</tr>
</thead>
<tbody>
<tr>
  <td></td>
</tr>
</tbody>
</table>

"
101144,Waverley_DCP_2022__waverley_dcp_2022__E1,"# E1 Bondi Junction

Bondi Junction E1
E1 BONDI JUNCTION

---



**Table 1** (Page 262)

<table>
<thead>
<tr>
  <th>E1 BONDI JUNCTION</th>
</tr>
</thead>
<tbody>
<tr>
  <td></td>
</tr>
</tbody>
</table>



**Table 2** (Page 263)

<table>
<thead>
<tr>
  <th></th>
</tr>
</thead>
<tbody>
<tr>
  <td>1.2 URBAN FORM CONTROLS</td>
</tr>
</tbody>
</table>



**Table 3** (Page 284)

<table>
<thead>
<tr>
  <th></th>
  <th>9m min.</th>
  <th></th>
  <th>Primary windows of living areas/balconies</th>
</tr>
</thead>
<tbody>
<tr>
  <td></td>
  <td>4.5m min.</td>
  <td></td>
  <td>All other windows</td>
</tr>
<tr>
  <td></td>
  <td>3m min.</td>
  <td></td>
  <td>All other windows on small sites (24m wide or smaller)</td>
</tr>
</tbody>
</table>



**Table 4** (Page 284)

<table>
<thead>
<tr>
  <th></th>
  <th>12m min.</th>
  <th></th>
  <th>Primary windows of living areas/balconies</th>
</tr>
</thead>
<tbody>
<tr>
  <td></td>
  <td>6m min.</td>
  <td></td>
  <td>All other windows</td>
</tr>
</tbody>
</table>



**Table 5** (Page 299)

<table>
<thead>
<tr>
  <th>Area Classification</th>
  <th></th>
  <th>Limiting Weekly</th>
  <th></th>
  <th>Limiting Annual
Maximum Gust</th>
</tr>
</thead>
<tbody>
<tr>
  <td></td>
  <td></td>
  <td>Maximum Gust-</td>
  <td></td>
  <td></td>
</tr>
<tr>
  <td></td>
  <td></td>
  <td>Equivalent Mean</td>
  <td></td>
  <td></td>
</tr>
<tr>
  <td>Outdoor dining areas, amphitheatres etc</td>
  <td>3.5m/s</td>
  <td></td>
  <td></td>
  <td>10 to 13m/s</td>
</tr>
<tr>
  <td>Main retail centres such as Oxford St Mall,
parks, communal recreational areas such as
common swimming pool on the podium</td>
  <td>5.5m/s</td>
  <td></td>
  <td></td>
  <td>13m/s</td>
</tr>
<tr>
  <td>Footpaths and other pedestrian access ways</td>
  <td>7.5m/s</td>
  <td></td>
  <td></td>
  <td>16m/s</td>
</tr>
<tr>
  <td>Infrequently used laneways, easements, private
balconies</td>
  <td>10m/s</td>
  <td></td>
  <td></td>
  <td>23m/s</td>
</tr>
</tbody>
</table>



**Table 6** (Page 299)

<table>
<thead>
<tr>
  <th>Limiting Annual</th>
</tr>
</thead>
<tbody>
<tr>
  <td>Maximum Gust</td>
</tr>
</tbody>
</table>

"
101219,Waverley_DCP_2022__waverley_dcp_2022__E2,"# E2 Bondi Beachfront Area

Bondi Beachfront Area E2
E2 BONDI BEACHFRONT AREA
Bondi Beach is an iconic location, including one of Australia’s most famous beaches.
Bondi Beach has local, state and national heritage significance and is a major tourist
attractor as well as a popular spot for locals due to its eclectic character and services.
This Part plays an integral role in maintaining the area’s unique qualities while providing
urban design controls for residential and commercial development including controls
relating to building height, parking, setbacks and building appearance.
This Part applies to land located within the Bondi Beachfront Area.
This Part applies to the land commonly known as the Bondi Beachfront Area shaded in
Figure 42.
Figure 42 Bondi Beachfront Area Centre
This Part contains general objectives and controls for development within the Bondi
Beachfront Area as well as specific objectives and built form controls for five (5)
Character Areas. A development is required to meet the general objectives and controls
as well as the specific objectives and built form controls for the area in which the
development is located.
WAVERLEY DEVELOPMENT CONTROL PLAN 2022
311

Bondi Beachfront Area E2

---



**Table 1** (Page 316)

<table>
<thead>
<tr>
  <th>E2 BONDI BEACHFRONT AREA</th>
</tr>
</thead>
<tbody>
<tr>
  <td></td>
</tr>
</tbody>
</table>

"
101261,Waverley_DCP_2022__waverley_dcp_2022__E5,"# E5 113 Macpherson Street Bronte

113 Macpherson Street, Bronte E5
E5 113 MACPHERSON STREET, BRONTE
Where there are discrepancies between this Part and other Parts of this DCP, the controls in this
Part take precedence.
The following objectives and provisions apply to 113 Macpherson Street, Bronte described as
Lot 19, Lot 20 and Lot 21 of DP 192094 and Lot 22 of DP 72912, also known as the Bronte RSL
site (refer to Figure 57).
Figure 1 113 Macpherson Street Site Plan

---



**Table 1** (Page 380)

<table>
<thead>
<tr>
  <th>E5 113 MACPHERSON STREET, BRONTE</th>
</tr>
</thead>
<tbody>
<tr>
  <td></td>
</tr>
</tbody>
</table>

"
101309,Waverley_DCP_2022__waverley_dcp_2022__F1,"# F1 Shared Residential Accommodation

Shared Residential Accommodation F1
F1 SHARED RESIDENTIAL ACCOMMODATION
This Part contains guidelines for student housing, boarding houses, co-living housing,
group homes and hostels throughout Waverley. These types of development must also
conform to Part B General Provisions (specifically B17 Social Impact Assessment), Part C
Residential Development and Part E Site Specific Development where relevant.
The State Environmental Planning Policy (Housing) 2021 (Housing SEPP) outlines
provisions for boarding houses relating to the following:
• Density;
• Height;
• Landscaping and Private Open Space;
• Solar Access and Energy efficiency;
• Car Parking; and
• Accommodation size and characteristics.
The Housing SEPP has a number of standards that cannot be used to refuse consent. The
provisions in this section provide further guidance in addition to the Housing SEPP.
Note: Places of shared residential accommodation are to be registered annually with
Council and be inspected at least once a year by Council.

---



**Table 1** (Page 460)

<table>
<thead>
<tr>
  <th>F1 SHARED RESIDENTIAL ACCOMMODATION</th>
</tr>
</thead>
<tbody>
<tr>
  <td></td>
</tr>
</tbody>
</table>

"
101312,Waverley_DCP_2022__waverley_dcp_2022__F2,"# F2 Tourist and Visitor Accommodation

Tourist and Visitor Accommodation F2
F2 TOURIST AND VISITOR ACCOMMODATION
This Part contains provisions that apply to alterations and additions, change of use to,
or new visitor accommodation. Tourist and visitor accommodation includes:
• Backpackers’ accommodation;
• Bed and breakfast accommodation;
• Hotel or motel accommodation; and
• Serviced apartments.

---



**Table 1** (Page 462)

<table>
<thead>
<tr>
  <th>F2 TOURIST AND VISITOR ACCOMMODATION</th>
</tr>
</thead>
<tbody>
<tr>
  <td></td>
</tr>
</tbody>
</table>



**Table 2** (Page 462)

<table>
<thead>
<tr>
  <th>• Backpackers’ accommodation;</th>
</tr>
</thead>
<tbody>
<tr>
  <td>• Bed and breakfast accommodation;</td>
</tr>
<tr>
  <td>• Hotel or motel accommodation; and</td>
</tr>
<tr>
  <td>• Serviced apartments.</td>
</tr>
</tbody>
</table>

"
101320,Waverley_DCP_2022__waverley_dcp_2022__F3,"# F3 Child Care Centres

Child Care Centres F3
F3 CHILD CARE CENTRES
State Environmental Planning Policy (Transport and Infrastructure) 2021
The State Environmental Planning Policy (Transport and Infrastructure) 2021, or the
Transport and Infrastructure SEPP provides provisions for the exempt and complying
development of education and child care facilities. The Transport and Infrastructure
SEPP also provides provisions for the development of centre-based child care facilities
and schools. To support the Education SEPP, the Child Care Planning Guideline 2021
(CCPG) provides guidance to encourage design quality in the delivery of centre-based
child care in NSW.
Development Applications for centre-based child care facilities are to comply with the
provisions of the CCPG.
Children and Young Persons (Care and Protection) Act 1998 and Education and Care
Services Regulations 2011
Child Care Services are managed under the Children and Young Persons (Care and
Protection) Act 1998 and the Education and Care Services Regulations 2011. The
Regulation covers areas such as the staff who work in services and their level of
qualification, the size of a service and the ratio of staff to children, physical requirements
of building spaces and equipment, health and safety and administrative requirements.
An application for a license cannot be made until development consent has been
granted.
Licensing and Management
Council has the responsibility for assessing child care centre applications and the NSW
Department of Education is responsible for the regulation, licensing and monitoring of
children’s services in accordance with the state regulations under the Children and
Young Persons (Care & Protection) Act 1998 and Education and Care Services Regulations
2011.
An applicant must obtain a licence from the Department of Education to provide centre-
based child care once a development application (DA) has been approved, or for a home-
based child care centre. Before submitting a DA, the applicant should contact the
Department of Education to address licensing issues.
WAVERLEY DEVELOPMENT CONTROL PLAN 2022
460

---



**Table 1** (Page 466)

<table>
<thead>
<tr>
  <th>F3 CHILD CARE CENTRES</th>
</tr>
</thead>
<tbody>
<tr>
  <td></td>
</tr>
</tbody>
</table>

"
101321,Waverley_DCP_2022__waverley_dcp_2022__F4,"# F4 Places of Public Worship

Places of Public Worship F4
F4 PLACES OF PUBLIC WORSHIP
Waverley has a rich and vibrant community that requires establishments to congregate
for the purposes of worship and to gather for community events. Such establishments
are an important part of our urban environment, and this part aims to ensure that these
establishments are able to operate respectfully within the local environment.

---



**Table 1** (Page 467)

<table>
<thead>
<tr>
  <th>F4 PLACES OF PUBLIC WORSHIP</th>
</tr>
</thead>
<tbody>
<tr>
  <td></td>
</tr>
</tbody>
</table>

"
101335,Waverley_DCP_2022__waverley_dcp_2022__F5,"# F5 Horticulture

Places of Public Worship F4
F5 HORTICULTURE
This Part contains provisions that apply to Development Applications involving the horticulture
land use. In accordance with the WLEP, ‘horticulture’ is a type of intensive plant agriculture. It
means the cultivation of fruits, vegetables, mushrooms, nuts, cut flowers and foliage and
nursery products for commercial purposes, but does not include a plant nursery, turf farming or
viticulture.

---



**Table 1** (Page 473)

<table>
<thead>
<tr>
  <th>F5 HORTICULTURE</th>
</tr>
</thead>
<tbody>
<tr>
  <td></td>
</tr>
</tbody>
</table>

"
