id,source_chapter_key,document_id,ref_number,v2_precinct_id,was_current
116190,chapter-a1-introduction,Woollahra_DCP_2015__chapter_a1_introduction,Woollahra_DCP_2015__chapter_a1_introduction__C1 C10,,True
116191,chapter-a1-introduction,Woollahra_DCP_2015__chapter_a1_introduction,Woollahra_DCP_2015__chapter_a1_introduction__C1 C11,,True
116192,chapter-a1-introduction,Woollahra_DCP_2015__chapter_a1_introduction,Woollahra_DCP_2015__chapter_a1_introduction__C1 C12,,True
116193,chapter-a1-introduction,Woollahra_DCP_2015__chapter_a1_introduction,Woollahra_DCP_2015__chapter_a1_introduction__C1 C13,,True
116194,chapter-a1-introduction,Woollahra_DCP_2015__chapter_a1_introduction,Woollahra_DCP_2015__chapter_a1_introduction__C1 C14,,True
116195,chapter-a1-introduction,Woollahra_DCP_2015__chapter_a1_introduction,Woollahra_DCP_2015__chapter_a1_introduction__C1 C15,,True
116196,chapter-a1-introduction,Woollahra_DCP_2015__chapter_a1_introduction,Woollahra_DCP_2015__chapter_a1_introduction__C1 C16,,True
116197,chapter-a1-introduction,Woollahra_DCP_2015__chapter_a1_introduction,Woollahra_DCP_2015__chapter_a1_introduction__C1 C17,,True
116198,chapter-a1-introduction,Woollahra_DCP_2015__chapter_a1_introduction,Woollahra_DCP_2015__chapter_a1_introduction__C1 C18,,True
116199,chapter-a1-introduction,Woollahra_DCP_2015__chapter_a1_introduction,Woollahra_DCP_2015__chapter_a1_introduction__C1 C19,,True
116200,chapter-a1-introduction,Woollahra_DCP_2015__chapter_a1_introduction,Woollahra_DCP_2015__chapter_a1_introduction__C1 C20,,True
116201,chapter-a1-introduction,Woollahra_DCP_2015__chapter_a1_introduction,Woollahra_DCP_2015__chapter_a1_introduction__C1 C21,,True
116202,chapter-a1-introduction,Woollahra_DCP_2015__chapter_a1_introduction,Woollahra_DCP_2015__chapter_a1_introduction__C1 C22,,True
116203,chapter-a1-introduction,Woollahra_DCP_2015__chapter_a1_introduction,Woollahra_DCP_2015__chapter_a1_introduction__C1 C23,,True
115805,chapter-a1-introduction,Woollahra_DCP_2015__chapter_a1_introduction,Woollahra_DCP_2015__chapter_a1_introduction__C1_1_1,,True
115806,chapter-a1-introduction,Woollahra_DCP_2015__chapter_a1_introduction,Woollahra_DCP_2015__chapter_a1_introduction__C1_1_2,,True
115807,chapter-a1-introduction,Woollahra_DCP_2015__chapter_a1_introduction,Woollahra_DCP_2015__chapter_a1_introduction__C1_1_3,,True
115808,chapter-a1-introduction,Woollahra_DCP_2015__chapter_a1_introduction,Woollahra_DCP_2015__chapter_a1_introduction__C1_1_4 O1,,True
115809,chapter-a1-introduction,Woollahra_DCP_2015__chapter_a1_introduction,Woollahra_DCP_2015__chapter_a1_introduction__C1_1_4 O2,,True
115810,chapter-a1-introduction,Woollahra_DCP_2015__chapter_a1_introduction,Woollahra_DCP_2015__chapter_a1_introduction__C1_1_4 O3,,True
115811,chapter-a1-introduction,Woollahra_DCP_2015__chapter_a1_introduction,Woollahra_DCP_2015__chapter_a1_introduction__C1_1_4 O4,,True
115812,chapter-a1-introduction,Woollahra_DCP_2015__chapter_a1_introduction,Woollahra_DCP_2015__chapter_a1_introduction__C1_1_4 O5,,True
115813,chapter-a1-introduction,Woollahra_DCP_2015__chapter_a1_introduction,Woollahra_DCP_2015__chapter_a1_introduction__C1_1_4 O6,,True
115814,chapter-a1-introduction,Woollahra_DCP_2015__chapter_a1_introduction,Woollahra_DCP_2015__chapter_a1_introduction__C1_1_4 O7,,True
115815,chapter-a1-introduction,Woollahra_DCP_2015__chapter_a1_introduction,Woollahra_DCP_2015__chapter_a1_introduction__C1_1_5,,True
115816,chapter-a1-introduction,Woollahra_DCP_2015__chapter_a1_introduction,Woollahra_DCP_2015__chapter_a1_introduction__C1_1_6 ancillary development,,True
115817,chapter-a1-introduction,Woollahra_DCP_2015__chapter_a1_introduction,Woollahra_DCP_2015__chapter_a1_introduction__C1_1_6 balconet,,True
115818,chapter-a1-introduction,Woollahra_DCP_2015__chapter_a1_introduction,Woollahra_DCP_2015__chapter_a1_introduction__C1_1_6 breezeway,,True
115819,chapter-a1-introduction,Woollahra_DCP_2015__chapter_a1_introduction,Woollahra_DCP_2015__chapter_a1_introduction__C1_1_6 missing elements,,True
115820,chapter-a1-introduction,Woollahra_DCP_2015__chapter_a1_introduction,Woollahra_DCP_2015__chapter_a1_introduction__C1_1_6 primary frontage (corner lots),,True
115821,chapter-a1-introduction,Woollahra_DCP_2015__chapter_a1_introduction,Woollahra_DCP_2015__chapter_a1_introduction__C1_1_6 principal building form,,True
115822,chapter-a1-introduction,Woollahra_DCP_2015__chapter_a1_introduction,Woollahra_DCP_2015__chapter_a1_introduction__C1_2_1,,True
115823,chapter-a1-introduction,Woollahra_DCP_2015__chapter_a1_introduction,Woollahra_DCP_2015__chapter_a1_introduction__C1_2_2,,True
115824,chapter-a1-introduction,Woollahra_DCP_2015__chapter_a1_introduction,Woollahra_DCP_2015__chapter_a1_introduction__C1_2_3,,True
115825,chapter-a1-introduction,Woollahra_DCP_2015__chapter_a1_introduction,Woollahra_DCP_2015__chapter_a1_introduction__C1_2_3 O1,,True
115834,chapter-a1-introduction,Woollahra_DCP_2015__chapter_a1_introduction,Woollahra_DCP_2015__chapter_a1_introduction__C1_2_3 O10,,True
115835,chapter-a1-introduction,Woollahra_DCP_2015__chapter_a1_introduction,Woollahra_DCP_2015__chapter_a1_introduction__C1_2_3 O11,,True
115836,chapter-a1-introduction,Woollahra_DCP_2015__chapter_a1_introduction,Woollahra_DCP_2015__chapter_a1_introduction__C1_2_3 O12,,True
115837,chapter-a1-introduction,Woollahra_DCP_2015__chapter_a1_introduction,Woollahra_DCP_2015__chapter_a1_introduction__C1_2_3 O13,,True
115838,chapter-a1-introduction,Woollahra_DCP_2015__chapter_a1_introduction,Woollahra_DCP_2015__chapter_a1_introduction__C1_2_3 O14,,True
115839,chapter-a1-introduction,Woollahra_DCP_2015__chapter_a1_introduction,Woollahra_DCP_2015__chapter_a1_introduction__C1_2_3 O15,,True
115840,chapter-a1-introduction,Woollahra_DCP_2015__chapter_a1_introduction,Woollahra_DCP_2015__chapter_a1_introduction__C1_2_3 O16,,True
115826,chapter-a1-introduction,Woollahra_DCP_2015__chapter_a1_introduction,Woollahra_DCP_2015__chapter_a1_introduction__C1_2_3 O2,,True
115827,chapter-a1-introduction,Woollahra_DCP_2015__chapter_a1_introduction,Woollahra_DCP_2015__chapter_a1_introduction__C1_2_3 O3,,True
115828,chapter-a1-introduction,Woollahra_DCP_2015__chapter_a1_introduction,Woollahra_DCP_2015__chapter_a1_introduction__C1_2_3 O4,,True
115829,chapter-a1-introduction,Woollahra_DCP_2015__chapter_a1_introduction,Woollahra_DCP_2015__chapter_a1_introduction__C1_2_3 O5,,True
115830,chapter-a1-introduction,Woollahra_DCP_2015__chapter_a1_introduction,Woollahra_DCP_2015__chapter_a1_introduction__C1_2_3 O6,,True
115831,chapter-a1-introduction,Woollahra_DCP_2015__chapter_a1_introduction,Woollahra_DCP_2015__chapter_a1_introduction__C1_2_3 O7,,True
115832,chapter-a1-introduction,Woollahra_DCP_2015__chapter_a1_introduction,Woollahra_DCP_2015__chapter_a1_introduction__C1_2_3 O8,,True
115833,chapter-a1-introduction,Woollahra_DCP_2015__chapter_a1_introduction,Woollahra_DCP_2015__chapter_a1_introduction__C1_2_3 O9,,True
115841,chapter-a1-introduction,Woollahra_DCP_2015__chapter_a1_introduction,Woollahra_DCP_2015__chapter_a1_introduction__C1_2_4,,True
115842,chapter-a1-introduction,Woollahra_DCP_2015__chapter_a1_introduction,Woollahra_DCP_2015__chapter_a1_introduction__C1_2_5,,True
115843,chapter-a1-introduction,Woollahra_DCP_2015__chapter_a1_introduction,Woollahra_DCP_2015__chapter_a1_introduction__C1_3,,True
115844,chapter-a1-introduction,Woollahra_DCP_2015__chapter_a1_introduction,Woollahra_DCP_2015__chapter_a1_introduction__C1_3_1,,True
115848,chapter-a1-introduction,Woollahra_DCP_2015__chapter_a1_introduction,Woollahra_DCP_2015__chapter_a1_introduction__C1_3_1 C1,,True
115857,chapter-a1-introduction,Woollahra_DCP_2015__chapter_a1_introduction,Woollahra_DCP_2015__chapter_a1_introduction__C1_3_1 C10,,True
115858,chapter-a1-introduction,Woollahra_DCP_2015__chapter_a1_introduction,Woollahra_DCP_2015__chapter_a1_introduction__C1_3_1 C11,,True
115859,chapter-a1-introduction,Woollahra_DCP_2015__chapter_a1_introduction,Woollahra_DCP_2015__chapter_a1_introduction__C1_3_1 C12,,True
115860,chapter-a1-introduction,Woollahra_DCP_2015__chapter_a1_introduction,Woollahra_DCP_2015__chapter_a1_introduction__C1_3_1 C13,,True
115861,chapter-a1-introduction,Woollahra_DCP_2015__chapter_a1_introduction,Woollahra_DCP_2015__chapter_a1_introduction__C1_3_1 C14,,True
115862,chapter-a1-introduction,Woollahra_DCP_2015__chapter_a1_introduction,Woollahra_DCP_2015__chapter_a1_introduction__C1_3_1 C15,,True
115863,chapter-a1-introduction,Woollahra_DCP_2015__chapter_a1_introduction,Woollahra_DCP_2015__chapter_a1_introduction__C1_3_1 C16,,True
115864,chapter-a1-introduction,Woollahra_DCP_2015__chapter_a1_introduction,Woollahra_DCP_2015__chapter_a1_introduction__C1_3_1 C17,,True
115865,chapter-a1-introduction,Woollahra_DCP_2015__chapter_a1_introduction,Woollahra_DCP_2015__chapter_a1_introduction__C1_3_1 C18,,True
115866,chapter-a1-introduction,Woollahra_DCP_2015__chapter_a1_introduction,Woollahra_DCP_2015__chapter_a1_introduction__C1_3_1 C19,,True
115849,chapter-a1-introduction,Woollahra_DCP_2015__chapter_a1_introduction,Woollahra_DCP_2015__chapter_a1_introduction__C1_3_1 C2,,True
115850,chapter-a1-introduction,Woollahra_DCP_2015__chapter_a1_introduction,Woollahra_DCP_2015__chapter_a1_introduction__C1_3_1 C3,,True
115851,chapter-a1-introduction,Woollahra_DCP_2015__chapter_a1_introduction,Woollahra_DCP_2015__chapter_a1_introduction__C1_3_1 C4,,True
115852,chapter-a1-introduction,Woollahra_DCP_2015__chapter_a1_introduction,Woollahra_DCP_2015__chapter_a1_introduction__C1_3_1 C5,,True
115853,chapter-a1-introduction,Woollahra_DCP_2015__chapter_a1_introduction,Woollahra_DCP_2015__chapter_a1_introduction__C1_3_1 C6,,True
115854,chapter-a1-introduction,Woollahra_DCP_2015__chapter_a1_introduction,Woollahra_DCP_2015__chapter_a1_introduction__C1_3_1 C7,,True
115855,chapter-a1-introduction,Woollahra_DCP_2015__chapter_a1_introduction,Woollahra_DCP_2015__chapter_a1_introduction__C1_3_1 C8,,True
115856,chapter-a1-introduction,Woollahra_DCP_2015__chapter_a1_introduction,Woollahra_DCP_2015__chapter_a1_introduction__C1_3_1 C9,,True
115845,chapter-a1-introduction,Woollahra_DCP_2015__chapter_a1_introduction,Woollahra_DCP_2015__chapter_a1_introduction__C1_3_1 O1,,True
115846,chapter-a1-introduction,Woollahra_DCP_2015__chapter_a1_introduction,Woollahra_DCP_2015__chapter_a1_introduction__C1_3_1 O2,,True
115847,chapter-a1-introduction,Woollahra_DCP_2015__chapter_a1_introduction,Woollahra_DCP_2015__chapter_a1_introduction__C1_3_1 O3,,True
116018,chapter-a1-introduction,Woollahra_DCP_2015__chapter_a1_introduction,Woollahra_DCP_2015__chapter_a1_introduction__C1_3_10 C1,,True
116019,chapter-a1-introduction,Woollahra_DCP_2015__chapter_a1_introduction,Woollahra_DCP_2015__chapter_a1_introduction__C1_3_10 C2,,True
116020,chapter-a1-introduction,Woollahra_DCP_2015__chapter_a1_introduction,Woollahra_DCP_2015__chapter_a1_introduction__C1_3_10 C3,,True
116017,chapter-a1-introduction,Woollahra_DCP_2015__chapter_a1_introduction,Woollahra_DCP_2015__chapter_a1_introduction__C1_3_10 O1,,True
116023,chapter-a1-introduction,Woollahra_DCP_2015__chapter_a1_introduction,Woollahra_DCP_2015__chapter_a1_introduction__C1_3_11 C1,,True
116024,chapter-a1-introduction,Woollahra_DCP_2015__chapter_a1_introduction,Woollahra_DCP_2015__chapter_a1_introduction__C1_3_11 C2,,True
116021,chapter-a1-introduction,Woollahra_DCP_2015__chapter_a1_introduction,Woollahra_DCP_2015__chapter_a1_introduction__C1_3_11 O1,,True
116022,chapter-a1-introduction,Woollahra_DCP_2015__chapter_a1_introduction,Woollahra_DCP_2015__chapter_a1_introduction__C1_3_11 O2,,True
116027,chapter-a1-introduction,Woollahra_DCP_2015__chapter_a1_introduction,Woollahra_DCP_2015__chapter_a1_introduction__C1_3_12 C1,,True
116028,chapter-a1-introduction,Woollahra_DCP_2015__chapter_a1_introduction,Woollahra_DCP_2015__chapter_a1_introduction__C1_3_12 C2,,True
116025,chapter-a1-introduction,Woollahra_DCP_2015__chapter_a1_introduction,Woollahra_DCP_2015__chapter_a1_introduction__C1_3_12 O1,,True
116026,chapter-a1-introduction,Woollahra_DCP_2015__chapter_a1_introduction,Woollahra_DCP_2015__chapter_a1_introduction__C1_3_12 O2,,True
116033,chapter-a1-introduction,Woollahra_DCP_2015__chapter_a1_introduction,Woollahra_DCP_2015__chapter_a1_introduction__C1_3_13 C1,,True
116042,chapter-a1-introduction,Woollahra_DCP_2015__chapter_a1_introduction,Woollahra_DCP_2015__chapter_a1_introduction__C1_3_13 C10,,True
116043,chapter-a1-introduction,Woollahra_DCP_2015__chapter_a1_introduction,Woollahra_DCP_2015__chapter_a1_introduction__C1_3_13 C11,,True
116044,chapter-a1-introduction,Woollahra_DCP_2015__chapter_a1_introduction,Woollahra_DCP_2015__chapter_a1_introduction__C1_3_13 C12,,True
116045,chapter-a1-introduction,Woollahra_DCP_2015__chapter_a1_introduction,Woollahra_DCP_2015__chapter_a1_introduction__C1_3_13 C13,,True
116046,chapter-a1-introduction,Woollahra_DCP_2015__chapter_a1_introduction,Woollahra_DCP_2015__chapter_a1_introduction__C1_3_13 C14,,True
116047,chapter-a1-introduction,Woollahra_DCP_2015__chapter_a1_introduction,Woollahra_DCP_2015__chapter_a1_introduction__C1_3_13 C15,,True
116048,chapter-a1-introduction,Woollahra_DCP_2015__chapter_a1_introduction,Woollahra_DCP_2015__chapter_a1_introduction__C1_3_13 C16,,True
116034,chapter-a1-introduction,Woollahra_DCP_2015__chapter_a1_introduction,Woollahra_DCP_2015__chapter_a1_introduction__C1_3_13 C2,,True
116035,chapter-a1-introduction,Woollahra_DCP_2015__chapter_a1_introduction,Woollahra_DCP_2015__chapter_a1_introduction__C1_3_13 C3,,True
116036,chapter-a1-introduction,Woollahra_DCP_2015__chapter_a1_introduction,Woollahra_DCP_2015__chapter_a1_introduction__C1_3_13 C4,,True
116037,chapter-a1-introduction,Woollahra_DCP_2015__chapter_a1_introduction,Woollahra_DCP_2015__chapter_a1_introduction__C1_3_13 C5,,True
116038,chapter-a1-introduction,Woollahra_DCP_2015__chapter_a1_introduction,Woollahra_DCP_2015__chapter_a1_introduction__C1_3_13 C6,,True
116039,chapter-a1-introduction,Woollahra_DCP_2015__chapter_a1_introduction,Woollahra_DCP_2015__chapter_a1_introduction__C1_3_13 C7,,True
116040,chapter-a1-introduction,Woollahra_DCP_2015__chapter_a1_introduction,Woollahra_DCP_2015__chapter_a1_introduction__C1_3_13 C8,,True
116041,chapter-a1-introduction,Woollahra_DCP_2015__chapter_a1_introduction,Woollahra_DCP_2015__chapter_a1_introduction__C1_3_13 C9,,True
116029,chapter-a1-introduction,Woollahra_DCP_2015__chapter_a1_introduction,Woollahra_DCP_2015__chapter_a1_introduction__C1_3_13 O1,,True
116030,chapter-a1-introduction,Woollahra_DCP_2015__chapter_a1_introduction,Woollahra_DCP_2015__chapter_a1_introduction__C1_3_13 O2,,True
116031,chapter-a1-introduction,Woollahra_DCP_2015__chapter_a1_introduction,Woollahra_DCP_2015__chapter_a1_introduction__C1_3_13 O3,,True
116032,chapter-a1-introduction,Woollahra_DCP_2015__chapter_a1_introduction,Woollahra_DCP_2015__chapter_a1_introduction__C1_3_13 O4,,True
116051,chapter-a1-introduction,Woollahra_DCP_2015__chapter_a1_introduction,Woollahra_DCP_2015__chapter_a1_introduction__C1_3_14 C1,,True
116052,chapter-a1-introduction,Woollahra_DCP_2015__chapter_a1_introduction,Woollahra_DCP_2015__chapter_a1_introduction__C1_3_14 C2,,True
116053,chapter-a1-introduction,Woollahra_DCP_2015__chapter_a1_introduction,Woollahra_DCP_2015__chapter_a1_introduction__C1_3_14 C3,,True
116049,chapter-a1-introduction,Woollahra_DCP_2015__chapter_a1_introduction,Woollahra_DCP_2015__chapter_a1_introduction__C1_3_14 O1,,True
116050,chapter-a1-introduction,Woollahra_DCP_2015__chapter_a1_introduction,Woollahra_DCP_2015__chapter_a1_introduction__C1_3_14 O2,,True
115872,chapter-a1-introduction,Woollahra_DCP_2015__chapter_a1_introduction,Woollahra_DCP_2015__chapter_a1_introduction__C1_3_2 C1,,True
115873,chapter-a1-introduction,Woollahra_DCP_2015__chapter_a1_introduction,Woollahra_DCP_2015__chapter_a1_introduction__C1_3_2 C2,,True
115874,chapter-a1-introduction,Woollahra_DCP_2015__chapter_a1_introduction,Woollahra_DCP_2015__chapter_a1_introduction__C1_3_2 C3,,True
115875,chapter-a1-introduction,Woollahra_DCP_2015__chapter_a1_introduction,Woollahra_DCP_2015__chapter_a1_introduction__C1_3_2 C4,,True
115876,chapter-a1-introduction,Woollahra_DCP_2015__chapter_a1_introduction,Woollahra_DCP_2015__chapter_a1_introduction__C1_3_2 C5,,True
115877,chapter-a1-introduction,Woollahra_DCP_2015__chapter_a1_introduction,Woollahra_DCP_2015__chapter_a1_introduction__C1_3_2 C6,,True
115878,chapter-a1-introduction,Woollahra_DCP_2015__chapter_a1_introduction,Woollahra_DCP_2015__chapter_a1_introduction__C1_3_2 C7,,True
115867,chapter-a1-introduction,Woollahra_DCP_2015__chapter_a1_introduction,Woollahra_DCP_2015__chapter_a1_introduction__C1_3_2 O1,,True
115868,chapter-a1-introduction,Woollahra_DCP_2015__chapter_a1_introduction,Woollahra_DCP_2015__chapter_a1_introduction__C1_3_2 O2,,True
115869,chapter-a1-introduction,Woollahra_DCP_2015__chapter_a1_introduction,Woollahra_DCP_2015__chapter_a1_introduction__C1_3_2 O3,,True
115870,chapter-a1-introduction,Woollahra_DCP_2015__chapter_a1_introduction,Woollahra_DCP_2015__chapter_a1_introduction__C1_3_2 O4,,True
115871,chapter-a1-introduction,Woollahra_DCP_2015__chapter_a1_introduction,Woollahra_DCP_2015__chapter_a1_introduction__C1_3_2 O5,,True
115882,chapter-a1-introduction,Woollahra_DCP_2015__chapter_a1_introduction,Woollahra_DCP_2015__chapter_a1_introduction__C1_3_3 C1,,True
115883,chapter-a1-introduction,Woollahra_DCP_2015__chapter_a1_introduction,Woollahra_DCP_2015__chapter_a1_introduction__C1_3_3 C2,,True
115884,chapter-a1-introduction,Woollahra_DCP_2015__chapter_a1_introduction,Woollahra_DCP_2015__chapter_a1_introduction__C1_3_3 C3,,True
115879,chapter-a1-introduction,Woollahra_DCP_2015__chapter_a1_introduction,Woollahra_DCP_2015__chapter_a1_introduction__C1_3_3 O1,,True
115880,chapter-a1-introduction,Woollahra_DCP_2015__chapter_a1_introduction,Woollahra_DCP_2015__chapter_a1_introduction__C1_3_3 O2,,True
115881,chapter-a1-introduction,Woollahra_DCP_2015__chapter_a1_introduction,Woollahra_DCP_2015__chapter_a1_introduction__C1_3_3 O3,,True
115893,chapter-a1-introduction,Woollahra_DCP_2015__chapter_a1_introduction,Woollahra_DCP_2015__chapter_a1_introduction__C1_3_4 C1,,True
115902,chapter-a1-introduction,Woollahra_DCP_2015__chapter_a1_introduction,Woollahra_DCP_2015__chapter_a1_introduction__C1_3_4 C10,,True
115903,chapter-a1-introduction,Woollahra_DCP_2015__chapter_a1_introduction,Woollahra_DCP_2015__chapter_a1_introduction__C1_3_4 C11,,True
115904,chapter-a1-introduction,Woollahra_DCP_2015__chapter_a1_introduction,Woollahra_DCP_2015__chapter_a1_introduction__C1_3_4 C12,,True
115905,chapter-a1-introduction,Woollahra_DCP_2015__chapter_a1_introduction,Woollahra_DCP_2015__chapter_a1_introduction__C1_3_4 C13,,True
115906,chapter-a1-introduction,Woollahra_DCP_2015__chapter_a1_introduction,Woollahra_DCP_2015__chapter_a1_introduction__C1_3_4 C14,,True
115907,chapter-a1-introduction,Woollahra_DCP_2015__chapter_a1_introduction,Woollahra_DCP_2015__chapter_a1_introduction__C1_3_4 C15,,True
115908,chapter-a1-introduction,Woollahra_DCP_2015__chapter_a1_introduction,Woollahra_DCP_2015__chapter_a1_introduction__C1_3_4 C16,,True
115894,chapter-a1-introduction,Woollahra_DCP_2015__chapter_a1_introduction,Woollahra_DCP_2015__chapter_a1_introduction__C1_3_4 C2,,True
115895,chapter-a1-introduction,Woollahra_DCP_2015__chapter_a1_introduction,Woollahra_DCP_2015__chapter_a1_introduction__C1_3_4 C3,,True
115896,chapter-a1-introduction,Woollahra_DCP_2015__chapter_a1_introduction,Woollahra_DCP_2015__chapter_a1_introduction__C1_3_4 C4,,True
115897,chapter-a1-introduction,Woollahra_DCP_2015__chapter_a1_introduction,Woollahra_DCP_2015__chapter_a1_introduction__C1_3_4 C5,,True
115898,chapter-a1-introduction,Woollahra_DCP_2015__chapter_a1_introduction,Woollahra_DCP_2015__chapter_a1_introduction__C1_3_4 C6,,True
115899,chapter-a1-introduction,Woollahra_DCP_2015__chapter_a1_introduction,Woollahra_DCP_2015__chapter_a1_introduction__C1_3_4 C7,,True
115900,chapter-a1-introduction,Woollahra_DCP_2015__chapter_a1_introduction,Woollahra_DCP_2015__chapter_a1_introduction__C1_3_4 C8,,True
115901,chapter-a1-introduction,Woollahra_DCP_2015__chapter_a1_introduction,Woollahra_DCP_2015__chapter_a1_introduction__C1_3_4 C9,,True
115885,chapter-a1-introduction,Woollahra_DCP_2015__chapter_a1_introduction,Woollahra_DCP_2015__chapter_a1_introduction__C1_3_4 O1,,True
115886,chapter-a1-introduction,Woollahra_DCP_2015__chapter_a1_introduction,Woollahra_DCP_2015__chapter_a1_introduction__C1_3_4 O2,,True
115887,chapter-a1-introduction,Woollahra_DCP_2015__chapter_a1_introduction,Woollahra_DCP_2015__chapter_a1_introduction__C1_3_4 O3,,True
115888,chapter-a1-introduction,Woollahra_DCP_2015__chapter_a1_introduction,Woollahra_DCP_2015__chapter_a1_introduction__C1_3_4 O4,,True
115889,chapter-a1-introduction,Woollahra_DCP_2015__chapter_a1_introduction,Woollahra_DCP_2015__chapter_a1_introduction__C1_3_4 O5,,True
115890,chapter-a1-introduction,Woollahra_DCP_2015__chapter_a1_introduction,Woollahra_DCP_2015__chapter_a1_introduction__C1_3_4 O6,,True
115891,chapter-a1-introduction,Woollahra_DCP_2015__chapter_a1_introduction,Woollahra_DCP_2015__chapter_a1_introduction__C1_3_4 O7,,True
115892,chapter-a1-introduction,Woollahra_DCP_2015__chapter_a1_introduction,Woollahra_DCP_2015__chapter_a1_introduction__C1_3_4 O8,,True
115911,chapter-a1-introduction,Woollahra_DCP_2015__chapter_a1_introduction,Woollahra_DCP_2015__chapter_a1_introduction__C1_3_5 C1,,True
115909,chapter-a1-introduction,Woollahra_DCP_2015__chapter_a1_introduction,Woollahra_DCP_2015__chapter_a1_introduction__C1_3_5 O1,,True
115910,chapter-a1-introduction,Woollahra_DCP_2015__chapter_a1_introduction,Woollahra_DCP_2015__chapter_a1_introduction__C1_3_5 O2,,True
115915,chapter-a1-introduction,Woollahra_DCP_2015__chapter_a1_introduction,Woollahra_DCP_2015__chapter_a1_introduction__C1_3_6 C1,,True
115924,chapter-a1-introduction,Woollahra_DCP_2015__chapter_a1_introduction,Woollahra_DCP_2015__chapter_a1_introduction__C1_3_6 C10,,True
115925,chapter-a1-introduction,Woollahra_DCP_2015__chapter_a1_introduction,Woollahra_DCP_2015__chapter_a1_introduction__C1_3_6 C11,,True
115926,chapter-a1-introduction,Woollahra_DCP_2015__chapter_a1_introduction,Woollahra_DCP_2015__chapter_a1_introduction__C1_3_6 C12,,True
115927,chapter-a1-introduction,Woollahra_DCP_2015__chapter_a1_introduction,Woollahra_DCP_2015__chapter_a1_introduction__C1_3_6 C13,,True
115928,chapter-a1-introduction,Woollahra_DCP_2015__chapter_a1_introduction,Woollahra_DCP_2015__chapter_a1_introduction__C1_3_6 C14,,True
115929,chapter-a1-introduction,Woollahra_DCP_2015__chapter_a1_introduction,Woollahra_DCP_2015__chapter_a1_introduction__C1_3_6 C15,,True
115930,chapter-a1-introduction,Woollahra_DCP_2015__chapter_a1_introduction,Woollahra_DCP_2015__chapter_a1_introduction__C1_3_6 C16,,True
115931,chapter-a1-introduction,Woollahra_DCP_2015__chapter_a1_introduction,Woollahra_DCP_2015__chapter_a1_introduction__C1_3_6 C17,,True
115932,chapter-a1-introduction,Woollahra_DCP_2015__chapter_a1_introduction,Woollahra_DCP_2015__chapter_a1_introduction__C1_3_6 C18,,True
115916,chapter-a1-introduction,Woollahra_DCP_2015__chapter_a1_introduction,Woollahra_DCP_2015__chapter_a1_introduction__C1_3_6 C2,,True
115917,chapter-a1-introduction,Woollahra_DCP_2015__chapter_a1_introduction,Woollahra_DCP_2015__chapter_a1_introduction__C1_3_6 C3,,True
115918,chapter-a1-introduction,Woollahra_DCP_2015__chapter_a1_introduction,Woollahra_DCP_2015__chapter_a1_introduction__C1_3_6 C4,,True
115919,chapter-a1-introduction,Woollahra_DCP_2015__chapter_a1_introduction,Woollahra_DCP_2015__chapter_a1_introduction__C1_3_6 C5,,True
115920,chapter-a1-introduction,Woollahra_DCP_2015__chapter_a1_introduction,Woollahra_DCP_2015__chapter_a1_introduction__C1_3_6 C6,,True
115921,chapter-a1-introduction,Woollahra_DCP_2015__chapter_a1_introduction,Woollahra_DCP_2015__chapter_a1_introduction__C1_3_6 C7,,True
115922,chapter-a1-introduction,Woollahra_DCP_2015__chapter_a1_introduction,Woollahra_DCP_2015__chapter_a1_introduction__C1_3_6 C8,,True
115923,chapter-a1-introduction,Woollahra_DCP_2015__chapter_a1_introduction,Woollahra_DCP_2015__chapter_a1_introduction__C1_3_6 C9,,True
115912,chapter-a1-introduction,Woollahra_DCP_2015__chapter_a1_introduction,Woollahra_DCP_2015__chapter_a1_introduction__C1_3_6 O1,,True
115913,chapter-a1-introduction,Woollahra_DCP_2015__chapter_a1_introduction,Woollahra_DCP_2015__chapter_a1_introduction__C1_3_6 O2,,True
115914,chapter-a1-introduction,Woollahra_DCP_2015__chapter_a1_introduction,Woollahra_DCP_2015__chapter_a1_introduction__C1_3_6 O3,,True
115940,chapter-a1-introduction,Woollahra_DCP_2015__chapter_a1_introduction,Woollahra_DCP_2015__chapter_a1_introduction__C1_3_7 C1,,True
115949,chapter-a1-introduction,Woollahra_DCP_2015__chapter_a1_introduction,Woollahra_DCP_2015__chapter_a1_introduction__C1_3_7 C10,,True
115950,chapter-a1-introduction,Woollahra_DCP_2015__chapter_a1_introduction,Woollahra_DCP_2015__chapter_a1_introduction__C1_3_7 C11,,True
115941,chapter-a1-introduction,Woollahra_DCP_2015__chapter_a1_introduction,Woollahra_DCP_2015__chapter_a1_introduction__C1_3_7 C2,,True
115942,chapter-a1-introduction,Woollahra_DCP_2015__chapter_a1_introduction,Woollahra_DCP_2015__chapter_a1_introduction__C1_3_7 C3,,True
115943,chapter-a1-introduction,Woollahra_DCP_2015__chapter_a1_introduction,Woollahra_DCP_2015__chapter_a1_introduction__C1_3_7 C4,,True
115944,chapter-a1-introduction,Woollahra_DCP_2015__chapter_a1_introduction,Woollahra_DCP_2015__chapter_a1_introduction__C1_3_7 C5,,True
115945,chapter-a1-introduction,Woollahra_DCP_2015__chapter_a1_introduction,Woollahra_DCP_2015__chapter_a1_introduction__C1_3_7 C6,,True
115946,chapter-a1-introduction,Woollahra_DCP_2015__chapter_a1_introduction,Woollahra_DCP_2015__chapter_a1_introduction__C1_3_7 C7,,True
115947,chapter-a1-introduction,Woollahra_DCP_2015__chapter_a1_introduction,Woollahra_DCP_2015__chapter_a1_introduction__C1_3_7 C8,,True
115948,chapter-a1-introduction,Woollahra_DCP_2015__chapter_a1_introduction,Woollahra_DCP_2015__chapter_a1_introduction__C1_3_7 C9,,True
115933,chapter-a1-introduction,Woollahra_DCP_2015__chapter_a1_introduction,Woollahra_DCP_2015__chapter_a1_introduction__C1_3_7 O1,,True
115934,chapter-a1-introduction,Woollahra_DCP_2015__chapter_a1_introduction,Woollahra_DCP_2015__chapter_a1_introduction__C1_3_7 O2,,True
115935,chapter-a1-introduction,Woollahra_DCP_2015__chapter_a1_introduction,Woollahra_DCP_2015__chapter_a1_introduction__C1_3_7 O3,,True
115936,chapter-a1-introduction,Woollahra_DCP_2015__chapter_a1_introduction,Woollahra_DCP_2015__chapter_a1_introduction__C1_3_7 O4,,True
115937,chapter-a1-introduction,Woollahra_DCP_2015__chapter_a1_introduction,Woollahra_DCP_2015__chapter_a1_introduction__C1_3_7 O5,,True
115938,chapter-a1-introduction,Woollahra_DCP_2015__chapter_a1_introduction,Woollahra_DCP_2015__chapter_a1_introduction__C1_3_7 O6,,True
115939,chapter-a1-introduction,Woollahra_DCP_2015__chapter_a1_introduction,Woollahra_DCP_2015__chapter_a1_introduction__C1_3_7 O7,,True
115955,chapter-a1-introduction,Woollahra_DCP_2015__chapter_a1_introduction,Woollahra_DCP_2015__chapter_a1_introduction__C1_3_8 C1,,True
115964,chapter-a1-introduction,Woollahra_DCP_2015__chapter_a1_introduction,Woollahra_DCP_2015__chapter_a1_introduction__C1_3_8 C10,,True
115965,chapter-a1-introduction,Woollahra_DCP_2015__chapter_a1_introduction,Woollahra_DCP_2015__chapter_a1_introduction__C1_3_8 C11,,True
115966,chapter-a1-introduction,Woollahra_DCP_2015__chapter_a1_introduction,Woollahra_DCP_2015__chapter_a1_introduction__C1_3_8 C12,,True
115967,chapter-a1-introduction,Woollahra_DCP_2015__chapter_a1_introduction,Woollahra_DCP_2015__chapter_a1_introduction__C1_3_8 C13,,True
115968,chapter-a1-introduction,Woollahra_DCP_2015__chapter_a1_introduction,Woollahra_DCP_2015__chapter_a1_introduction__C1_3_8 C14,,True
115979,chapter-a1-introduction,Woollahra_DCP_2015__chapter_a1_introduction,Woollahra_DCP_2015__chapter_a1_introduction__C1_3_8 C15,,True
115980,chapter-a1-introduction,Woollahra_DCP_2015__chapter_a1_introduction,Woollahra_DCP_2015__chapter_a1_introduction__C1_3_8 C16,,True
115981,chapter-a1-introduction,Woollahra_DCP_2015__chapter_a1_introduction,Woollahra_DCP_2015__chapter_a1_introduction__C1_3_8 C17,,True
115982,chapter-a1-introduction,Woollahra_DCP_2015__chapter_a1_introduction,Woollahra_DCP_2015__chapter_a1_introduction__C1_3_8 C18,,True
115983,chapter-a1-introduction,Woollahra_DCP_2015__chapter_a1_introduction,Woollahra_DCP_2015__chapter_a1_introduction__C1_3_8 C19,,True
115956,chapter-a1-introduction,Woollahra_DCP_2015__chapter_a1_introduction,Woollahra_DCP_2015__chapter_a1_introduction__C1_3_8 C2,,True
115984,chapter-a1-introduction,Woollahra_DCP_2015__chapter_a1_introduction,Woollahra_DCP_2015__chapter_a1_introduction__C1_3_8 C20,,True
115985,chapter-a1-introduction,Woollahra_DCP_2015__chapter_a1_introduction,Woollahra_DCP_2015__chapter_a1_introduction__C1_3_8 C21,,True
115986,chapter-a1-introduction,Woollahra_DCP_2015__chapter_a1_introduction,Woollahra_DCP_2015__chapter_a1_introduction__C1_3_8 C22,,True
115987,chapter-a1-introduction,Woollahra_DCP_2015__chapter_a1_introduction,Woollahra_DCP_2015__chapter_a1_introduction__C1_3_8 C23,,True
115988,chapter-a1-introduction,Woollahra_DCP_2015__chapter_a1_introduction,Woollahra_DCP_2015__chapter_a1_introduction__C1_3_8 C24,,True
115989,chapter-a1-introduction,Woollahra_DCP_2015__chapter_a1_introduction,Woollahra_DCP_2015__chapter_a1_introduction__C1_3_8 C25,,True
115990,chapter-a1-introduction,Woollahra_DCP_2015__chapter_a1_introduction,Woollahra_DCP_2015__chapter_a1_introduction__C1_3_8 C26,,True
115991,chapter-a1-introduction,Woollahra_DCP_2015__chapter_a1_introduction,Woollahra_DCP_2015__chapter_a1_introduction__C1_3_8 C27,,True
115992,chapter-a1-introduction,Woollahra_DCP_2015__chapter_a1_introduction,Woollahra_DCP_2015__chapter_a1_introduction__C1_3_8 C28,,True
115993,chapter-a1-introduction,Woollahra_DCP_2015__chapter_a1_introduction,Woollahra_DCP_2015__chapter_a1_introduction__C1_3_8 C29,,True
115957,chapter-a1-introduction,Woollahra_DCP_2015__chapter_a1_introduction,Woollahra_DCP_2015__chapter_a1_introduction__C1_3_8 C3,,True
115994,chapter-a1-introduction,Woollahra_DCP_2015__chapter_a1_introduction,Woollahra_DCP_2015__chapter_a1_introduction__C1_3_8 C30,,True
115995,chapter-a1-introduction,Woollahra_DCP_2015__chapter_a1_introduction,Woollahra_DCP_2015__chapter_a1_introduction__C1_3_8 C31,,True
115996,chapter-a1-introduction,Woollahra_DCP_2015__chapter_a1_introduction,Woollahra_DCP_2015__chapter_a1_introduction__C1_3_8 C32,,True
115997,chapter-a1-introduction,Woollahra_DCP_2015__chapter_a1_introduction,Woollahra_DCP_2015__chapter_a1_introduction__C1_3_8 C33,,True
115998,chapter-a1-introduction,Woollahra_DCP_2015__chapter_a1_introduction,Woollahra_DCP_2015__chapter_a1_introduction__C1_3_8 C34,,True
115999,chapter-a1-introduction,Woollahra_DCP_2015__chapter_a1_introduction,Woollahra_DCP_2015__chapter_a1_introduction__C1_3_8 C35,,True
116000,chapter-a1-introduction,Woollahra_DCP_2015__chapter_a1_introduction,Woollahra_DCP_2015__chapter_a1_introduction__C1_3_8 C36,,True
116001,chapter-a1-introduction,Woollahra_DCP_2015__chapter_a1_introduction,Woollahra_DCP_2015__chapter_a1_introduction__C1_3_8 C37,,True
115958,chapter-a1-introduction,Woollahra_DCP_2015__chapter_a1_introduction,Woollahra_DCP_2015__chapter_a1_introduction__C1_3_8 C4,,True
115959,chapter-a1-introduction,Woollahra_DCP_2015__chapter_a1_introduction,Woollahra_DCP_2015__chapter_a1_introduction__C1_3_8 C5,,True
115960,chapter-a1-introduction,Woollahra_DCP_2015__chapter_a1_introduction,Woollahra_DCP_2015__chapter_a1_introduction__C1_3_8 C6,,True
115961,chapter-a1-introduction,Woollahra_DCP_2015__chapter_a1_introduction,Woollahra_DCP_2015__chapter_a1_introduction__C1_3_8 C7,,True
115962,chapter-a1-introduction,Woollahra_DCP_2015__chapter_a1_introduction,Woollahra_DCP_2015__chapter_a1_introduction__C1_3_8 C8,,True
115963,chapter-a1-introduction,Woollahra_DCP_2015__chapter_a1_introduction,Woollahra_DCP_2015__chapter_a1_introduction__C1_3_8 C9,,True
115951,chapter-a1-introduction,Woollahra_DCP_2015__chapter_a1_introduction,Woollahra_DCP_2015__chapter_a1_introduction__C1_3_8 O1,,True
115974,chapter-a1-introduction,Woollahra_DCP_2015__chapter_a1_introduction,Woollahra_DCP_2015__chapter_a1_introduction__C1_3_8 O10,,True
115975,chapter-a1-introduction,Woollahra_DCP_2015__chapter_a1_introduction,Woollahra_DCP_2015__chapter_a1_introduction__C1_3_8 O11,,True
115976,chapter-a1-introduction,Woollahra_DCP_2015__chapter_a1_introduction,Woollahra_DCP_2015__chapter_a1_introduction__C1_3_8 O12,,True
115977,chapter-a1-introduction,Woollahra_DCP_2015__chapter_a1_introduction,Woollahra_DCP_2015__chapter_a1_introduction__C1_3_8 O13,,True
115978,chapter-a1-introduction,Woollahra_DCP_2015__chapter_a1_introduction,Woollahra_DCP_2015__chapter_a1_introduction__C1_3_8 O14,,True
115952,chapter-a1-introduction,Woollahra_DCP_2015__chapter_a1_introduction,Woollahra_DCP_2015__chapter_a1_introduction__C1_3_8 O2,,True
115953,chapter-a1-introduction,Woollahra_DCP_2015__chapter_a1_introduction,Woollahra_DCP_2015__chapter_a1_introduction__C1_3_8 O3,,True
115954,chapter-a1-introduction,Woollahra_DCP_2015__chapter_a1_introduction,Woollahra_DCP_2015__chapter_a1_introduction__C1_3_8 O4,,True
115969,chapter-a1-introduction,Woollahra_DCP_2015__chapter_a1_introduction,Woollahra_DCP_2015__chapter_a1_introduction__C1_3_8 O5,,True
115970,chapter-a1-introduction,Woollahra_DCP_2015__chapter_a1_introduction,Woollahra_DCP_2015__chapter_a1_introduction__C1_3_8 O6,,True
115971,chapter-a1-introduction,Woollahra_DCP_2015__chapter_a1_introduction,Woollahra_DCP_2015__chapter_a1_introduction__C1_3_8 O7,,True
115972,chapter-a1-introduction,Woollahra_DCP_2015__chapter_a1_introduction,Woollahra_DCP_2015__chapter_a1_introduction__C1_3_8 O8,,True
115973,chapter-a1-introduction,Woollahra_DCP_2015__chapter_a1_introduction,Woollahra_DCP_2015__chapter_a1_introduction__C1_3_8 O9,,True
116006,chapter-a1-introduction,Woollahra_DCP_2015__chapter_a1_introduction,Woollahra_DCP_2015__chapter_a1_introduction__C1_3_9 C1,,True
116015,chapter-a1-introduction,Woollahra_DCP_2015__chapter_a1_introduction,Woollahra_DCP_2015__chapter_a1_introduction__C1_3_9 C10,,True
116016,chapter-a1-introduction,Woollahra_DCP_2015__chapter_a1_introduction,Woollahra_DCP_2015__chapter_a1_introduction__C1_3_9 C11,,True
116007,chapter-a1-introduction,Woollahra_DCP_2015__chapter_a1_introduction,Woollahra_DCP_2015__chapter_a1_introduction__C1_3_9 C2,,True
116008,chapter-a1-introduction,Woollahra_DCP_2015__chapter_a1_introduction,Woollahra_DCP_2015__chapter_a1_introduction__C1_3_9 C3,,True
116009,chapter-a1-introduction,Woollahra_DCP_2015__chapter_a1_introduction,Woollahra_DCP_2015__chapter_a1_introduction__C1_3_9 C4,,True
116010,chapter-a1-introduction,Woollahra_DCP_2015__chapter_a1_introduction,Woollahra_DCP_2015__chapter_a1_introduction__C1_3_9 C5,,True
116011,chapter-a1-introduction,Woollahra_DCP_2015__chapter_a1_introduction,Woollahra_DCP_2015__chapter_a1_introduction__C1_3_9 C6,,True
116012,chapter-a1-introduction,Woollahra_DCP_2015__chapter_a1_introduction,Woollahra_DCP_2015__chapter_a1_introduction__C1_3_9 C7,,True
116013,chapter-a1-introduction,Woollahra_DCP_2015__chapter_a1_introduction,Woollahra_DCP_2015__chapter_a1_introduction__C1_3_9 C8,,True
116014,chapter-a1-introduction,Woollahra_DCP_2015__chapter_a1_introduction,Woollahra_DCP_2015__chapter_a1_introduction__C1_3_9 C9,,True
116002,chapter-a1-introduction,Woollahra_DCP_2015__chapter_a1_introduction,Woollahra_DCP_2015__chapter_a1_introduction__C1_3_9 O1,,True
116003,chapter-a1-introduction,Woollahra_DCP_2015__chapter_a1_introduction,Woollahra_DCP_2015__chapter_a1_introduction__C1_3_9 O2,,True
116004,chapter-a1-introduction,Woollahra_DCP_2015__chapter_a1_introduction,Woollahra_DCP_2015__chapter_a1_introduction__C1_3_9 O3,,True
116005,chapter-a1-introduction,Woollahra_DCP_2015__chapter_a1_introduction,Woollahra_DCP_2015__chapter_a1_introduction__C1_3_9 O4,,True
116055,chapter-a1-introduction,Woollahra_DCP_2015__chapter_a1_introduction,Woollahra_DCP_2015__chapter_a1_introduction__C1_4 C1,,True
116076,chapter-a1-introduction,Woollahra_DCP_2015__chapter_a1_introduction,Woollahra_DCP_2015__chapter_a1_introduction__C1_4 C10,,True
116077,chapter-a1-introduction,Woollahra_DCP_2015__chapter_a1_introduction,Woollahra_DCP_2015__chapter_a1_introduction__C1_4 C11,,True
116078,chapter-a1-introduction,Woollahra_DCP_2015__chapter_a1_introduction,Woollahra_DCP_2015__chapter_a1_introduction__C1_4 C12,,True
116079,chapter-a1-introduction,Woollahra_DCP_2015__chapter_a1_introduction,Woollahra_DCP_2015__chapter_a1_introduction__C1_4 C13,,True
116080,chapter-a1-introduction,Woollahra_DCP_2015__chapter_a1_introduction,Woollahra_DCP_2015__chapter_a1_introduction__C1_4 C14,,True
116056,chapter-a1-introduction,Woollahra_DCP_2015__chapter_a1_introduction,Woollahra_DCP_2015__chapter_a1_introduction__C1_4 C2,,True
116069,chapter-a1-introduction,Woollahra_DCP_2015__chapter_a1_introduction,Woollahra_DCP_2015__chapter_a1_introduction__C1_4 C3,,True
116070,chapter-a1-introduction,Woollahra_DCP_2015__chapter_a1_introduction,Woollahra_DCP_2015__chapter_a1_introduction__C1_4 C4,,True
116071,chapter-a1-introduction,Woollahra_DCP_2015__chapter_a1_introduction,Woollahra_DCP_2015__chapter_a1_introduction__C1_4 C5,,True
116072,chapter-a1-introduction,Woollahra_DCP_2015__chapter_a1_introduction,Woollahra_DCP_2015__chapter_a1_introduction__C1_4 C6,,True
116073,chapter-a1-introduction,Woollahra_DCP_2015__chapter_a1_introduction,Woollahra_DCP_2015__chapter_a1_introduction__C1_4 C7,,True
116074,chapter-a1-introduction,Woollahra_DCP_2015__chapter_a1_introduction,Woollahra_DCP_2015__chapter_a1_introduction__C1_4 C8,,True
116075,chapter-a1-introduction,Woollahra_DCP_2015__chapter_a1_introduction,Woollahra_DCP_2015__chapter_a1_introduction__C1_4 C9,,True
116054,chapter-a1-introduction,Woollahra_DCP_2015__chapter_a1_introduction,Woollahra_DCP_2015__chapter_a1_introduction__C1_4 O1,,True
116065,chapter-a1-introduction,Woollahra_DCP_2015__chapter_a1_introduction,Woollahra_DCP_2015__chapter_a1_introduction__C1_4 O10,,True
116066,chapter-a1-introduction,Woollahra_DCP_2015__chapter_a1_introduction,Woollahra_DCP_2015__chapter_a1_introduction__C1_4 O11,,True
116067,chapter-a1-introduction,Woollahra_DCP_2015__chapter_a1_introduction,Woollahra_DCP_2015__chapter_a1_introduction__C1_4 O12,,True
116068,chapter-a1-introduction,Woollahra_DCP_2015__chapter_a1_introduction,Woollahra_DCP_2015__chapter_a1_introduction__C1_4 O13,,True
116057,chapter-a1-introduction,Woollahra_DCP_2015__chapter_a1_introduction,Woollahra_DCP_2015__chapter_a1_introduction__C1_4 O2,,True
116058,chapter-a1-introduction,Woollahra_DCP_2015__chapter_a1_introduction,Woollahra_DCP_2015__chapter_a1_introduction__C1_4 O3,,True
116059,chapter-a1-introduction,Woollahra_DCP_2015__chapter_a1_introduction,Woollahra_DCP_2015__chapter_a1_introduction__C1_4 O4,,True
116060,chapter-a1-introduction,Woollahra_DCP_2015__chapter_a1_introduction,Woollahra_DCP_2015__chapter_a1_introduction__C1_4 O5,,True
116061,chapter-a1-introduction,Woollahra_DCP_2015__chapter_a1_introduction,Woollahra_DCP_2015__chapter_a1_introduction__C1_4 O6,,True
116062,chapter-a1-introduction,Woollahra_DCP_2015__chapter_a1_introduction,Woollahra_DCP_2015__chapter_a1_introduction__C1_4 O7,,True
116063,chapter-a1-introduction,Woollahra_DCP_2015__chapter_a1_introduction,Woollahra_DCP_2015__chapter_a1_introduction__C1_4 O8,,True
116064,chapter-a1-introduction,Woollahra_DCP_2015__chapter_a1_introduction,Woollahra_DCP_2015__chapter_a1_introduction__C1_4 O9,,True
116213,chapter-a1-introduction,Woollahra_DCP_2015__chapter_a1_introduction,Woollahra_DCP_2015__chapter_a1_introduction__C1_4_10 C1,,True
116214,chapter-a1-introduction,Woollahra_DCP_2015__chapter_a1_introduction,Woollahra_DCP_2015__chapter_a1_introduction__C1_4_10 C2,,True
116215,chapter-a1-introduction,Woollahra_DCP_2015__chapter_a1_introduction,Woollahra_DCP_2015__chapter_a1_introduction__C1_4_10 C3,,True
116216,chapter-a1-introduction,Woollahra_DCP_2015__chapter_a1_introduction,Woollahra_DCP_2015__chapter_a1_introduction__C1_4_10 C4,,True
116217,chapter-a1-introduction,Woollahra_DCP_2015__chapter_a1_introduction,Woollahra_DCP_2015__chapter_a1_introduction__C1_4_10 C5,,True
116218,chapter-a1-introduction,Woollahra_DCP_2015__chapter_a1_introduction,Woollahra_DCP_2015__chapter_a1_introduction__C1_4_10 C6,,True
116219,chapter-a1-introduction,Woollahra_DCP_2015__chapter_a1_introduction,Woollahra_DCP_2015__chapter_a1_introduction__C1_4_10 C7,,True
116211,chapter-a1-introduction,Woollahra_DCP_2015__chapter_a1_introduction,Woollahra_DCP_2015__chapter_a1_introduction__C1_4_10 O1,,True
116212,chapter-a1-introduction,Woollahra_DCP_2015__chapter_a1_introduction,Woollahra_DCP_2015__chapter_a1_introduction__C1_4_10 O2,,True
116223,chapter-a1-introduction,Woollahra_DCP_2015__chapter_a1_introduction,Woollahra_DCP_2015__chapter_a1_introduction__C1_4_11 C1,,True
116224,chapter-a1-introduction,Woollahra_DCP_2015__chapter_a1_introduction,Woollahra_DCP_2015__chapter_a1_introduction__C1_4_11 C2,,True
116225,chapter-a1-introduction,Woollahra_DCP_2015__chapter_a1_introduction,Woollahra_DCP_2015__chapter_a1_introduction__C1_4_11 C3,,True
116220,chapter-a1-introduction,Woollahra_DCP_2015__chapter_a1_introduction,Woollahra_DCP_2015__chapter_a1_introduction__C1_4_11 O1,,True
116221,chapter-a1-introduction,Woollahra_DCP_2015__chapter_a1_introduction,Woollahra_DCP_2015__chapter_a1_introduction__C1_4_11 O2,,True
116222,chapter-a1-introduction,Woollahra_DCP_2015__chapter_a1_introduction,Woollahra_DCP_2015__chapter_a1_introduction__C1_4_11 O3,,True
116086,chapter-a1-introduction,Woollahra_DCP_2015__chapter_a1_introduction,Woollahra_DCP_2015__chapter_a1_introduction__C1_4_2 C1,,True
116095,chapter-a1-introduction,Woollahra_DCP_2015__chapter_a1_introduction,Woollahra_DCP_2015__chapter_a1_introduction__C1_4_2 C10,,True
116096,chapter-a1-introduction,Woollahra_DCP_2015__chapter_a1_introduction,Woollahra_DCP_2015__chapter_a1_introduction__C1_4_2 C11,,True
116087,chapter-a1-introduction,Woollahra_DCP_2015__chapter_a1_introduction,Woollahra_DCP_2015__chapter_a1_introduction__C1_4_2 C2,,True
116088,chapter-a1-introduction,Woollahra_DCP_2015__chapter_a1_introduction,Woollahra_DCP_2015__chapter_a1_introduction__C1_4_2 C3,,True
116089,chapter-a1-introduction,Woollahra_DCP_2015__chapter_a1_introduction,Woollahra_DCP_2015__chapter_a1_introduction__C1_4_2 C4,,True
116090,chapter-a1-introduction,Woollahra_DCP_2015__chapter_a1_introduction,Woollahra_DCP_2015__chapter_a1_introduction__C1_4_2 C5,,True
116091,chapter-a1-introduction,Woollahra_DCP_2015__chapter_a1_introduction,Woollahra_DCP_2015__chapter_a1_introduction__C1_4_2 C6,,True
116092,chapter-a1-introduction,Woollahra_DCP_2015__chapter_a1_introduction,Woollahra_DCP_2015__chapter_a1_introduction__C1_4_2 C7,,True
116093,chapter-a1-introduction,Woollahra_DCP_2015__chapter_a1_introduction,Woollahra_DCP_2015__chapter_a1_introduction__C1_4_2 C8,,True
116094,chapter-a1-introduction,Woollahra_DCP_2015__chapter_a1_introduction,Woollahra_DCP_2015__chapter_a1_introduction__C1_4_2 C9,,True
116081,chapter-a1-introduction,Woollahra_DCP_2015__chapter_a1_introduction,Woollahra_DCP_2015__chapter_a1_introduction__C1_4_2 O1,,True
116082,chapter-a1-introduction,Woollahra_DCP_2015__chapter_a1_introduction,Woollahra_DCP_2015__chapter_a1_introduction__C1_4_2 O2,,True
116083,chapter-a1-introduction,Woollahra_DCP_2015__chapter_a1_introduction,Woollahra_DCP_2015__chapter_a1_introduction__C1_4_2 O3,,True
116084,chapter-a1-introduction,Woollahra_DCP_2015__chapter_a1_introduction,Woollahra_DCP_2015__chapter_a1_introduction__C1_4_2 O4,,True
116085,chapter-a1-introduction,Woollahra_DCP_2015__chapter_a1_introduction,Woollahra_DCP_2015__chapter_a1_introduction__C1_4_2 O5,,True
116102,chapter-a1-introduction,Woollahra_DCP_2015__chapter_a1_introduction,Woollahra_DCP_2015__chapter_a1_introduction__C1_4_3 C1,,True
116111,chapter-a1-introduction,Woollahra_DCP_2015__chapter_a1_introduction,Woollahra_DCP_2015__chapter_a1_introduction__C1_4_3 C10,,True
116112,chapter-a1-introduction,Woollahra_DCP_2015__chapter_a1_introduction,Woollahra_DCP_2015__chapter_a1_introduction__C1_4_3 C11,,True
116113,chapter-a1-introduction,Woollahra_DCP_2015__chapter_a1_introduction,Woollahra_DCP_2015__chapter_a1_introduction__C1_4_3 C12,,True
116114,chapter-a1-introduction,Woollahra_DCP_2015__chapter_a1_introduction,Woollahra_DCP_2015__chapter_a1_introduction__C1_4_3 C13,,True
116115,chapter-a1-introduction,Woollahra_DCP_2015__chapter_a1_introduction,Woollahra_DCP_2015__chapter_a1_introduction__C1_4_3 C14,,True
116103,chapter-a1-introduction,Woollahra_DCP_2015__chapter_a1_introduction,Woollahra_DCP_2015__chapter_a1_introduction__C1_4_3 C2,,True
116104,chapter-a1-introduction,Woollahra_DCP_2015__chapter_a1_introduction,Woollahra_DCP_2015__chapter_a1_introduction__C1_4_3 C3,,True
116105,chapter-a1-introduction,Woollahra_DCP_2015__chapter_a1_introduction,Woollahra_DCP_2015__chapter_a1_introduction__C1_4_3 C4,,True
116106,chapter-a1-introduction,Woollahra_DCP_2015__chapter_a1_introduction,Woollahra_DCP_2015__chapter_a1_introduction__C1_4_3 C5,,True
116107,chapter-a1-introduction,Woollahra_DCP_2015__chapter_a1_introduction,Woollahra_DCP_2015__chapter_a1_introduction__C1_4_3 C6,,True
116108,chapter-a1-introduction,Woollahra_DCP_2015__chapter_a1_introduction,Woollahra_DCP_2015__chapter_a1_introduction__C1_4_3 C7,,True
116109,chapter-a1-introduction,Woollahra_DCP_2015__chapter_a1_introduction,Woollahra_DCP_2015__chapter_a1_introduction__C1_4_3 C8,,True
116110,chapter-a1-introduction,Woollahra_DCP_2015__chapter_a1_introduction,Woollahra_DCP_2015__chapter_a1_introduction__C1_4_3 C9,,True
116097,chapter-a1-introduction,Woollahra_DCP_2015__chapter_a1_introduction,Woollahra_DCP_2015__chapter_a1_introduction__C1_4_3 O1,,True
116098,chapter-a1-introduction,Woollahra_DCP_2015__chapter_a1_introduction,Woollahra_DCP_2015__chapter_a1_introduction__C1_4_3 O2,,True
116099,chapter-a1-introduction,Woollahra_DCP_2015__chapter_a1_introduction,Woollahra_DCP_2015__chapter_a1_introduction__C1_4_3 O3,,True
116100,chapter-a1-introduction,Woollahra_DCP_2015__chapter_a1_introduction,Woollahra_DCP_2015__chapter_a1_introduction__C1_4_3 O4,,True
116101,chapter-a1-introduction,Woollahra_DCP_2015__chapter_a1_introduction,Woollahra_DCP_2015__chapter_a1_introduction__C1_4_3 O5,,True
116119,chapter-a1-introduction,Woollahra_DCP_2015__chapter_a1_introduction,Woollahra_DCP_2015__chapter_a1_introduction__C1_4_4 C1,,True
116128,chapter-a1-introduction,Woollahra_DCP_2015__chapter_a1_introduction,Woollahra_DCP_2015__chapter_a1_introduction__C1_4_4 C10,,True
116120,chapter-a1-introduction,Woollahra_DCP_2015__chapter_a1_introduction,Woollahra_DCP_2015__chapter_a1_introduction__C1_4_4 C2,,True
116121,chapter-a1-introduction,Woollahra_DCP_2015__chapter_a1_introduction,Woollahra_DCP_2015__chapter_a1_introduction__C1_4_4 C3,,True
116122,chapter-a1-introduction,Woollahra_DCP_2015__chapter_a1_introduction,Woollahra_DCP_2015__chapter_a1_introduction__C1_4_4 C4,,True
116123,chapter-a1-introduction,Woollahra_DCP_2015__chapter_a1_introduction,Woollahra_DCP_2015__chapter_a1_introduction__C1_4_4 C5,,True
116124,chapter-a1-introduction,Woollahra_DCP_2015__chapter_a1_introduction,Woollahra_DCP_2015__chapter_a1_introduction__C1_4_4 C6,,True
116125,chapter-a1-introduction,Woollahra_DCP_2015__chapter_a1_introduction,Woollahra_DCP_2015__chapter_a1_introduction__C1_4_4 C7,,True
116126,chapter-a1-introduction,Woollahra_DCP_2015__chapter_a1_introduction,Woollahra_DCP_2015__chapter_a1_introduction__C1_4_4 C8,,True
116127,chapter-a1-introduction,Woollahra_DCP_2015__chapter_a1_introduction,Woollahra_DCP_2015__chapter_a1_introduction__C1_4_4 C9,,True
116116,chapter-a1-introduction,Woollahra_DCP_2015__chapter_a1_introduction,Woollahra_DCP_2015__chapter_a1_introduction__C1_4_4 O1,,True
116117,chapter-a1-introduction,Woollahra_DCP_2015__chapter_a1_introduction,Woollahra_DCP_2015__chapter_a1_introduction__C1_4_4 O2,,True
116118,chapter-a1-introduction,Woollahra_DCP_2015__chapter_a1_introduction,Woollahra_DCP_2015__chapter_a1_introduction__C1_4_4 O3,,True
116135,chapter-a1-introduction,Woollahra_DCP_2015__chapter_a1_introduction,Woollahra_DCP_2015__chapter_a1_introduction__C1_4_5 C1,,True
116136,chapter-a1-introduction,Woollahra_DCP_2015__chapter_a1_introduction,Woollahra_DCP_2015__chapter_a1_introduction__C1_4_5 C2,,True
116137,chapter-a1-introduction,Woollahra_DCP_2015__chapter_a1_introduction,Woollahra_DCP_2015__chapter_a1_introduction__C1_4_5 C3,,True
116138,chapter-a1-introduction,Woollahra_DCP_2015__chapter_a1_introduction,Woollahra_DCP_2015__chapter_a1_introduction__C1_4_5 C4,,True
116139,chapter-a1-introduction,Woollahra_DCP_2015__chapter_a1_introduction,Woollahra_DCP_2015__chapter_a1_introduction__C1_4_5 C5,,True
116140,chapter-a1-introduction,Woollahra_DCP_2015__chapter_a1_introduction,Woollahra_DCP_2015__chapter_a1_introduction__C1_4_5 C6,,True
116141,chapter-a1-introduction,Woollahra_DCP_2015__chapter_a1_introduction,Woollahra_DCP_2015__chapter_a1_introduction__C1_4_5 C7,,True
116129,chapter-a1-introduction,Woollahra_DCP_2015__chapter_a1_introduction,Woollahra_DCP_2015__chapter_a1_introduction__C1_4_5 O1,,True
116130,chapter-a1-introduction,Woollahra_DCP_2015__chapter_a1_introduction,Woollahra_DCP_2015__chapter_a1_introduction__C1_4_5 O2,,True
116131,chapter-a1-introduction,Woollahra_DCP_2015__chapter_a1_introduction,Woollahra_DCP_2015__chapter_a1_introduction__C1_4_5 O3,,True
116132,chapter-a1-introduction,Woollahra_DCP_2015__chapter_a1_introduction,Woollahra_DCP_2015__chapter_a1_introduction__C1_4_5 O4,,True
116133,chapter-a1-introduction,Woollahra_DCP_2015__chapter_a1_introduction,Woollahra_DCP_2015__chapter_a1_introduction__C1_4_5 O5,,True
116134,chapter-a1-introduction,Woollahra_DCP_2015__chapter_a1_introduction,Woollahra_DCP_2015__chapter_a1_introduction__C1_4_5 O6,,True
116148,chapter-a1-introduction,Woollahra_DCP_2015__chapter_a1_introduction,Woollahra_DCP_2015__chapter_a1_introduction__C1_4_6 C1,,True
116149,chapter-a1-introduction,Woollahra_DCP_2015__chapter_a1_introduction,Woollahra_DCP_2015__chapter_a1_introduction__C1_4_6 C2,,True
116150,chapter-a1-introduction,Woollahra_DCP_2015__chapter_a1_introduction,Woollahra_DCP_2015__chapter_a1_introduction__C1_4_6 C3,,True
116151,chapter-a1-introduction,Woollahra_DCP_2015__chapter_a1_introduction,Woollahra_DCP_2015__chapter_a1_introduction__C1_4_6 C4,,True
116152,chapter-a1-introduction,Woollahra_DCP_2015__chapter_a1_introduction,Woollahra_DCP_2015__chapter_a1_introduction__C1_4_6 C5,,True
116153,chapter-a1-introduction,Woollahra_DCP_2015__chapter_a1_introduction,Woollahra_DCP_2015__chapter_a1_introduction__C1_4_6 C6,,True
116154,chapter-a1-introduction,Woollahra_DCP_2015__chapter_a1_introduction,Woollahra_DCP_2015__chapter_a1_introduction__C1_4_6 C7,,True
116142,chapter-a1-introduction,Woollahra_DCP_2015__chapter_a1_introduction,Woollahra_DCP_2015__chapter_a1_introduction__C1_4_6 O1,,True
116143,chapter-a1-introduction,Woollahra_DCP_2015__chapter_a1_introduction,Woollahra_DCP_2015__chapter_a1_introduction__C1_4_6 O2,,True
116144,chapter-a1-introduction,Woollahra_DCP_2015__chapter_a1_introduction,Woollahra_DCP_2015__chapter_a1_introduction__C1_4_6 O3,,True
116145,chapter-a1-introduction,Woollahra_DCP_2015__chapter_a1_introduction,Woollahra_DCP_2015__chapter_a1_introduction__C1_4_6 O4,,True
116146,chapter-a1-introduction,Woollahra_DCP_2015__chapter_a1_introduction,Woollahra_DCP_2015__chapter_a1_introduction__C1_4_6 O5,,True
116147,chapter-a1-introduction,Woollahra_DCP_2015__chapter_a1_introduction,Woollahra_DCP_2015__chapter_a1_introduction__C1_4_6 O6,,True
116165,chapter-a1-introduction,Woollahra_DCP_2015__chapter_a1_introduction,Woollahra_DCP_2015__chapter_a1_introduction__C1_4_7 C1,,True
116166,chapter-a1-introduction,Woollahra_DCP_2015__chapter_a1_introduction,Woollahra_DCP_2015__chapter_a1_introduction__C1_4_7 C2,,True
116167,chapter-a1-introduction,Woollahra_DCP_2015__chapter_a1_introduction,Woollahra_DCP_2015__chapter_a1_introduction__C1_4_7 C3,,True
116168,chapter-a1-introduction,Woollahra_DCP_2015__chapter_a1_introduction,Woollahra_DCP_2015__chapter_a1_introduction__C1_4_7 C4,,True
116169,chapter-a1-introduction,Woollahra_DCP_2015__chapter_a1_introduction,Woollahra_DCP_2015__chapter_a1_introduction__C1_4_7 C5,,True
116170,chapter-a1-introduction,Woollahra_DCP_2015__chapter_a1_introduction,Woollahra_DCP_2015__chapter_a1_introduction__C1_4_7 C6,,True
116171,chapter-a1-introduction,Woollahra_DCP_2015__chapter_a1_introduction,Woollahra_DCP_2015__chapter_a1_introduction__C1_4_7 C7,,True
116155,chapter-a1-introduction,Woollahra_DCP_2015__chapter_a1_introduction,Woollahra_DCP_2015__chapter_a1_introduction__C1_4_7 O1,,True
116164,chapter-a1-introduction,Woollahra_DCP_2015__chapter_a1_introduction,Woollahra_DCP_2015__chapter_a1_introduction__C1_4_7 O10,,True
116156,chapter-a1-introduction,Woollahra_DCP_2015__chapter_a1_introduction,Woollahra_DCP_2015__chapter_a1_introduction__C1_4_7 O2,,True
116157,chapter-a1-introduction,Woollahra_DCP_2015__chapter_a1_introduction,Woollahra_DCP_2015__chapter_a1_introduction__C1_4_7 O3,,True
116158,chapter-a1-introduction,Woollahra_DCP_2015__chapter_a1_introduction,Woollahra_DCP_2015__chapter_a1_introduction__C1_4_7 O4,,True
116159,chapter-a1-introduction,Woollahra_DCP_2015__chapter_a1_introduction,Woollahra_DCP_2015__chapter_a1_introduction__C1_4_7 O5,,True
116160,chapter-a1-introduction,Woollahra_DCP_2015__chapter_a1_introduction,Woollahra_DCP_2015__chapter_a1_introduction__C1_4_7 O6,,True
116161,chapter-a1-introduction,Woollahra_DCP_2015__chapter_a1_introduction,Woollahra_DCP_2015__chapter_a1_introduction__C1_4_7 O7,,True
116162,chapter-a1-introduction,Woollahra_DCP_2015__chapter_a1_introduction,Woollahra_DCP_2015__chapter_a1_introduction__C1_4_7 O8,,True
116163,chapter-a1-introduction,Woollahra_DCP_2015__chapter_a1_introduction,Woollahra_DCP_2015__chapter_a1_introduction__C1_4_7 O9,,True
116181,chapter-a1-introduction,Woollahra_DCP_2015__chapter_a1_introduction,Woollahra_DCP_2015__chapter_a1_introduction__C1_4_8 C1,,True
116182,chapter-a1-introduction,Woollahra_DCP_2015__chapter_a1_introduction,Woollahra_DCP_2015__chapter_a1_introduction__C1_4_8 C2,,True
116183,chapter-a1-introduction,Woollahra_DCP_2015__chapter_a1_introduction,Woollahra_DCP_2015__chapter_a1_introduction__C1_4_8 C3,,True
116184,chapter-a1-introduction,Woollahra_DCP_2015__chapter_a1_introduction,Woollahra_DCP_2015__chapter_a1_introduction__C1_4_8 C4,,True
116185,chapter-a1-introduction,Woollahra_DCP_2015__chapter_a1_introduction,Woollahra_DCP_2015__chapter_a1_introduction__C1_4_8 C5,,True
116186,chapter-a1-introduction,Woollahra_DCP_2015__chapter_a1_introduction,Woollahra_DCP_2015__chapter_a1_introduction__C1_4_8 C6,,True
116187,chapter-a1-introduction,Woollahra_DCP_2015__chapter_a1_introduction,Woollahra_DCP_2015__chapter_a1_introduction__C1_4_8 C7,,True
116188,chapter-a1-introduction,Woollahra_DCP_2015__chapter_a1_introduction,Woollahra_DCP_2015__chapter_a1_introduction__C1_4_8 C8,,True
116189,chapter-a1-introduction,Woollahra_DCP_2015__chapter_a1_introduction,Woollahra_DCP_2015__chapter_a1_introduction__C1_4_8 C9,,True
116172,chapter-a1-introduction,Woollahra_DCP_2015__chapter_a1_introduction,Woollahra_DCP_2015__chapter_a1_introduction__C1_4_8 O1,,True
116173,chapter-a1-introduction,Woollahra_DCP_2015__chapter_a1_introduction,Woollahra_DCP_2015__chapter_a1_introduction__C1_4_8 O2,,True
116174,chapter-a1-introduction,Woollahra_DCP_2015__chapter_a1_introduction,Woollahra_DCP_2015__chapter_a1_introduction__C1_4_8 O3,,True
116175,chapter-a1-introduction,Woollahra_DCP_2015__chapter_a1_introduction,Woollahra_DCP_2015__chapter_a1_introduction__C1_4_8 O4,,True
116176,chapter-a1-introduction,Woollahra_DCP_2015__chapter_a1_introduction,Woollahra_DCP_2015__chapter_a1_introduction__C1_4_8 O5,,True
116177,chapter-a1-introduction,Woollahra_DCP_2015__chapter_a1_introduction,Woollahra_DCP_2015__chapter_a1_introduction__C1_4_8 O6,,True
116178,chapter-a1-introduction,Woollahra_DCP_2015__chapter_a1_introduction,Woollahra_DCP_2015__chapter_a1_introduction__C1_4_8 O7,,True
116179,chapter-a1-introduction,Woollahra_DCP_2015__chapter_a1_introduction,Woollahra_DCP_2015__chapter_a1_introduction__C1_4_8 O8,,True
116180,chapter-a1-introduction,Woollahra_DCP_2015__chapter_a1_introduction,Woollahra_DCP_2015__chapter_a1_introduction__C1_4_8 O9,,True
116208,chapter-a1-introduction,Woollahra_DCP_2015__chapter_a1_introduction,Woollahra_DCP_2015__chapter_a1_introduction__C1_4_9 C1,,True
116209,chapter-a1-introduction,Woollahra_DCP_2015__chapter_a1_introduction,Woollahra_DCP_2015__chapter_a1_introduction__C1_4_9 C2,,True
116210,chapter-a1-introduction,Woollahra_DCP_2015__chapter_a1_introduction,Woollahra_DCP_2015__chapter_a1_introduction__C1_4_9 C3,,True
116204,chapter-a1-introduction,Woollahra_DCP_2015__chapter_a1_introduction,Woollahra_DCP_2015__chapter_a1_introduction__C1_4_9 O1,,True
116205,chapter-a1-introduction,Woollahra_DCP_2015__chapter_a1_introduction,Woollahra_DCP_2015__chapter_a1_introduction__C1_4_9 O2,,True
116206,chapter-a1-introduction,Woollahra_DCP_2015__chapter_a1_introduction,Woollahra_DCP_2015__chapter_a1_introduction__C1_4_9 O3,,True
116207,chapter-a1-introduction,Woollahra_DCP_2015__chapter_a1_introduction,Woollahra_DCP_2015__chapter_a1_introduction__C1_4_9 O4,,True
116229,chapter-a1-introduction,Woollahra_DCP_2015__chapter_a1_introduction,Woollahra_DCP_2015__chapter_a1_introduction__C1_5_1 C1,,True
116238,chapter-a1-introduction,Woollahra_DCP_2015__chapter_a1_introduction,Woollahra_DCP_2015__chapter_a1_introduction__C1_5_1 C10,,True
116239,chapter-a1-introduction,Woollahra_DCP_2015__chapter_a1_introduction,Woollahra_DCP_2015__chapter_a1_introduction__C1_5_1 C11,,True
116240,chapter-a1-introduction,Woollahra_DCP_2015__chapter_a1_introduction,Woollahra_DCP_2015__chapter_a1_introduction__C1_5_1 C12,,True
116241,chapter-a1-introduction,Woollahra_DCP_2015__chapter_a1_introduction,Woollahra_DCP_2015__chapter_a1_introduction__C1_5_1 C13,,True
116242,chapter-a1-introduction,Woollahra_DCP_2015__chapter_a1_introduction,Woollahra_DCP_2015__chapter_a1_introduction__C1_5_1 C14,,True
116243,chapter-a1-introduction,Woollahra_DCP_2015__chapter_a1_introduction,Woollahra_DCP_2015__chapter_a1_introduction__C1_5_1 C15,,True
116244,chapter-a1-introduction,Woollahra_DCP_2015__chapter_a1_introduction,Woollahra_DCP_2015__chapter_a1_introduction__C1_5_1 C16,,True
116245,chapter-a1-introduction,Woollahra_DCP_2015__chapter_a1_introduction,Woollahra_DCP_2015__chapter_a1_introduction__C1_5_1 C17,,True
116246,chapter-a1-introduction,Woollahra_DCP_2015__chapter_a1_introduction,Woollahra_DCP_2015__chapter_a1_introduction__C1_5_1 C18,,True
116247,chapter-a1-introduction,Woollahra_DCP_2015__chapter_a1_introduction,Woollahra_DCP_2015__chapter_a1_introduction__C1_5_1 C19,,True
116230,chapter-a1-introduction,Woollahra_DCP_2015__chapter_a1_introduction,Woollahra_DCP_2015__chapter_a1_introduction__C1_5_1 C2,,True
116248,chapter-a1-introduction,Woollahra_DCP_2015__chapter_a1_introduction,Woollahra_DCP_2015__chapter_a1_introduction__C1_5_1 C20,,True
116249,chapter-a1-introduction,Woollahra_DCP_2015__chapter_a1_introduction,Woollahra_DCP_2015__chapter_a1_introduction__C1_5_1 C21,,True
116250,chapter-a1-introduction,Woollahra_DCP_2015__chapter_a1_introduction,Woollahra_DCP_2015__chapter_a1_introduction__C1_5_1 C22,,True
116251,chapter-a1-introduction,Woollahra_DCP_2015__chapter_a1_introduction,Woollahra_DCP_2015__chapter_a1_introduction__C1_5_1 C23,,True
116252,chapter-a1-introduction,Woollahra_DCP_2015__chapter_a1_introduction,Woollahra_DCP_2015__chapter_a1_introduction__C1_5_1 C24,,True
116253,chapter-a1-introduction,Woollahra_DCP_2015__chapter_a1_introduction,Woollahra_DCP_2015__chapter_a1_introduction__C1_5_1 C25,,True
116254,chapter-a1-introduction,Woollahra_DCP_2015__chapter_a1_introduction,Woollahra_DCP_2015__chapter_a1_introduction__C1_5_1 C26,,True
116255,chapter-a1-introduction,Woollahra_DCP_2015__chapter_a1_introduction,Woollahra_DCP_2015__chapter_a1_introduction__C1_5_1 C27,,True
116256,chapter-a1-introduction,Woollahra_DCP_2015__chapter_a1_introduction,Woollahra_DCP_2015__chapter_a1_introduction__C1_5_1 C28,,True
116257,chapter-a1-introduction,Woollahra_DCP_2015__chapter_a1_introduction,Woollahra_DCP_2015__chapter_a1_introduction__C1_5_1 C29,,True
116231,chapter-a1-introduction,Woollahra_DCP_2015__chapter_a1_introduction,Woollahra_DCP_2015__chapter_a1_introduction__C1_5_1 C3,,True
116258,chapter-a1-introduction,Woollahra_DCP_2015__chapter_a1_introduction,Woollahra_DCP_2015__chapter_a1_introduction__C1_5_1 C30,,True
116232,chapter-a1-introduction,Woollahra_DCP_2015__chapter_a1_introduction,Woollahra_DCP_2015__chapter_a1_introduction__C1_5_1 C4,,True
116233,chapter-a1-introduction,Woollahra_DCP_2015__chapter_a1_introduction,Woollahra_DCP_2015__chapter_a1_introduction__C1_5_1 C5,,True
116234,chapter-a1-introduction,Woollahra_DCP_2015__chapter_a1_introduction,Woollahra_DCP_2015__chapter_a1_introduction__C1_5_1 C6,,True
116235,chapter-a1-introduction,Woollahra_DCP_2015__chapter_a1_introduction,Woollahra_DCP_2015__chapter_a1_introduction__C1_5_1 C7,,True
116236,chapter-a1-introduction,Woollahra_DCP_2015__chapter_a1_introduction,Woollahra_DCP_2015__chapter_a1_introduction__C1_5_1 C8,,True
116237,chapter-a1-introduction,Woollahra_DCP_2015__chapter_a1_introduction,Woollahra_DCP_2015__chapter_a1_introduction__C1_5_1 C9,,True
116226,chapter-a1-introduction,Woollahra_DCP_2015__chapter_a1_introduction,Woollahra_DCP_2015__chapter_a1_introduction__C1_5_1 O1,,True
116227,chapter-a1-introduction,Woollahra_DCP_2015__chapter_a1_introduction,Woollahra_DCP_2015__chapter_a1_introduction__C1_5_1 O2,,True
116228,chapter-a1-introduction,Woollahra_DCP_2015__chapter_a1_introduction,Woollahra_DCP_2015__chapter_a1_introduction__C1_5_1 O3,,True
116344,chapter-a1-introduction,Woollahra_DCP_2015__chapter_a1_introduction,Woollahra_DCP_2015__chapter_a1_introduction__C1_5_10 C1,,True
116345,chapter-a1-introduction,Woollahra_DCP_2015__chapter_a1_introduction,Woollahra_DCP_2015__chapter_a1_introduction__C1_5_10 C2,,True
116346,chapter-a1-introduction,Woollahra_DCP_2015__chapter_a1_introduction,Woollahra_DCP_2015__chapter_a1_introduction__C1_5_10 C3,,True
116347,chapter-a1-introduction,Woollahra_DCP_2015__chapter_a1_introduction,Woollahra_DCP_2015__chapter_a1_introduction__C1_5_10 C4,,True
116348,chapter-a1-introduction,Woollahra_DCP_2015__chapter_a1_introduction,Woollahra_DCP_2015__chapter_a1_introduction__C1_5_10 C5,,True
116349,chapter-a1-introduction,Woollahra_DCP_2015__chapter_a1_introduction,Woollahra_DCP_2015__chapter_a1_introduction__C1_5_10 C6,,True
116339,chapter-a1-introduction,Woollahra_DCP_2015__chapter_a1_introduction,Woollahra_DCP_2015__chapter_a1_introduction__C1_5_10 O1,,True
116340,chapter-a1-introduction,Woollahra_DCP_2015__chapter_a1_introduction,Woollahra_DCP_2015__chapter_a1_introduction__C1_5_10 O2,,True
116341,chapter-a1-introduction,Woollahra_DCP_2015__chapter_a1_introduction,Woollahra_DCP_2015__chapter_a1_introduction__C1_5_10 O3,,True
116342,chapter-a1-introduction,Woollahra_DCP_2015__chapter_a1_introduction,Woollahra_DCP_2015__chapter_a1_introduction__C1_5_10 O4,,True
116343,chapter-a1-introduction,Woollahra_DCP_2015__chapter_a1_introduction,Woollahra_DCP_2015__chapter_a1_introduction__C1_5_10 O5,,True
116353,chapter-a1-introduction,Woollahra_DCP_2015__chapter_a1_introduction,Woollahra_DCP_2015__chapter_a1_introduction__C1_5_11 C1,,True
116354,chapter-a1-introduction,Woollahra_DCP_2015__chapter_a1_introduction,Woollahra_DCP_2015__chapter_a1_introduction__C1_5_11 C2,,True
116355,chapter-a1-introduction,Woollahra_DCP_2015__chapter_a1_introduction,Woollahra_DCP_2015__chapter_a1_introduction__C1_5_11 C3,,True
116356,chapter-a1-introduction,Woollahra_DCP_2015__chapter_a1_introduction,Woollahra_DCP_2015__chapter_a1_introduction__C1_5_11 C4,,True
116357,chapter-a1-introduction,Woollahra_DCP_2015__chapter_a1_introduction,Woollahra_DCP_2015__chapter_a1_introduction__C1_5_11 C5,,True
116358,chapter-a1-introduction,Woollahra_DCP_2015__chapter_a1_introduction,Woollahra_DCP_2015__chapter_a1_introduction__C1_5_11 C6,,True
116359,chapter-a1-introduction,Woollahra_DCP_2015__chapter_a1_introduction,Woollahra_DCP_2015__chapter_a1_introduction__C1_5_11 C7,,True
116360,chapter-a1-introduction,Woollahra_DCP_2015__chapter_a1_introduction,Woollahra_DCP_2015__chapter_a1_introduction__C1_5_11 C8,,True
116350,chapter-a1-introduction,Woollahra_DCP_2015__chapter_a1_introduction,Woollahra_DCP_2015__chapter_a1_introduction__C1_5_11 O1,,True
116351,chapter-a1-introduction,Woollahra_DCP_2015__chapter_a1_introduction,Woollahra_DCP_2015__chapter_a1_introduction__C1_5_11 O2,,True
116352,chapter-a1-introduction,Woollahra_DCP_2015__chapter_a1_introduction,Woollahra_DCP_2015__chapter_a1_introduction__C1_5_11 O3,,True
116261,chapter-a1-introduction,Woollahra_DCP_2015__chapter_a1_introduction,Woollahra_DCP_2015__chapter_a1_introduction__C1_5_2 C1,,True
116259,chapter-a1-introduction,Woollahra_DCP_2015__chapter_a1_introduction,Woollahra_DCP_2015__chapter_a1_introduction__C1_5_2 O1,,True
116260,chapter-a1-introduction,Woollahra_DCP_2015__chapter_a1_introduction,Woollahra_DCP_2015__chapter_a1_introduction__C1_5_2 O2,,True
116265,chapter-a1-introduction,Woollahra_DCP_2015__chapter_a1_introduction,Woollahra_DCP_2015__chapter_a1_introduction__C1_5_3 C1,,True
116274,chapter-a1-introduction,Woollahra_DCP_2015__chapter_a1_introduction,Woollahra_DCP_2015__chapter_a1_introduction__C1_5_3 C10,,True
116275,chapter-a1-introduction,Woollahra_DCP_2015__chapter_a1_introduction,Woollahra_DCP_2015__chapter_a1_introduction__C1_5_3 C11,,True
116266,chapter-a1-introduction,Woollahra_DCP_2015__chapter_a1_introduction,Woollahra_DCP_2015__chapter_a1_introduction__C1_5_3 C2,,True
116267,chapter-a1-introduction,Woollahra_DCP_2015__chapter_a1_introduction,Woollahra_DCP_2015__chapter_a1_introduction__C1_5_3 C3,,True
116268,chapter-a1-introduction,Woollahra_DCP_2015__chapter_a1_introduction,Woollahra_DCP_2015__chapter_a1_introduction__C1_5_3 C4,,True
116269,chapter-a1-introduction,Woollahra_DCP_2015__chapter_a1_introduction,Woollahra_DCP_2015__chapter_a1_introduction__C1_5_3 C5,,True
116270,chapter-a1-introduction,Woollahra_DCP_2015__chapter_a1_introduction,Woollahra_DCP_2015__chapter_a1_introduction__C1_5_3 C6,,True
116271,chapter-a1-introduction,Woollahra_DCP_2015__chapter_a1_introduction,Woollahra_DCP_2015__chapter_a1_introduction__C1_5_3 C7,,True
116272,chapter-a1-introduction,Woollahra_DCP_2015__chapter_a1_introduction,Woollahra_DCP_2015__chapter_a1_introduction__C1_5_3 C8,,True
116273,chapter-a1-introduction,Woollahra_DCP_2015__chapter_a1_introduction,Woollahra_DCP_2015__chapter_a1_introduction__C1_5_3 C9,,True
116262,chapter-a1-introduction,Woollahra_DCP_2015__chapter_a1_introduction,Woollahra_DCP_2015__chapter_a1_introduction__C1_5_3 O1,,True
116263,chapter-a1-introduction,Woollahra_DCP_2015__chapter_a1_introduction,Woollahra_DCP_2015__chapter_a1_introduction__C1_5_3 O2,,True
116264,chapter-a1-introduction,Woollahra_DCP_2015__chapter_a1_introduction,Woollahra_DCP_2015__chapter_a1_introduction__C1_5_3 O3,,True
116279,chapter-a1-introduction,Woollahra_DCP_2015__chapter_a1_introduction,Woollahra_DCP_2015__chapter_a1_introduction__C1_5_4 C1,,True
116280,chapter-a1-introduction,Woollahra_DCP_2015__chapter_a1_introduction,Woollahra_DCP_2015__chapter_a1_introduction__C1_5_4 C2,,True
116281,chapter-a1-introduction,Woollahra_DCP_2015__chapter_a1_introduction,Woollahra_DCP_2015__chapter_a1_introduction__C1_5_4 C3,,True
116282,chapter-a1-introduction,Woollahra_DCP_2015__chapter_a1_introduction,Woollahra_DCP_2015__chapter_a1_introduction__C1_5_4 C4,,True
116283,chapter-a1-introduction,Woollahra_DCP_2015__chapter_a1_introduction,Woollahra_DCP_2015__chapter_a1_introduction__C1_5_4 C5,,True
116284,chapter-a1-introduction,Woollahra_DCP_2015__chapter_a1_introduction,Woollahra_DCP_2015__chapter_a1_introduction__C1_5_4 C6,,True
116285,chapter-a1-introduction,Woollahra_DCP_2015__chapter_a1_introduction,Woollahra_DCP_2015__chapter_a1_introduction__C1_5_4 C8,,True
116276,chapter-a1-introduction,Woollahra_DCP_2015__chapter_a1_introduction,Woollahra_DCP_2015__chapter_a1_introduction__C1_5_4 O1,,True
116277,chapter-a1-introduction,Woollahra_DCP_2015__chapter_a1_introduction,Woollahra_DCP_2015__chapter_a1_introduction__C1_5_4 O2,,True
116278,chapter-a1-introduction,Woollahra_DCP_2015__chapter_a1_introduction,Woollahra_DCP_2015__chapter_a1_introduction__C1_5_4 O3,,True
116294,chapter-a1-introduction,Woollahra_DCP_2015__chapter_a1_introduction,Woollahra_DCP_2015__chapter_a1_introduction__C1_5_5 C1,,True
116303,chapter-a1-introduction,Woollahra_DCP_2015__chapter_a1_introduction,Woollahra_DCP_2015__chapter_a1_introduction__C1_5_5 C10,,True
116304,chapter-a1-introduction,Woollahra_DCP_2015__chapter_a1_introduction,Woollahra_DCP_2015__chapter_a1_introduction__C1_5_5 C11,,True
116305,chapter-a1-introduction,Woollahra_DCP_2015__chapter_a1_introduction,Woollahra_DCP_2015__chapter_a1_introduction__C1_5_5 C12,,True
116306,chapter-a1-introduction,Woollahra_DCP_2015__chapter_a1_introduction,Woollahra_DCP_2015__chapter_a1_introduction__C1_5_5 C13,,True
116307,chapter-a1-introduction,Woollahra_DCP_2015__chapter_a1_introduction,Woollahra_DCP_2015__chapter_a1_introduction__C1_5_5 C14,,True
116308,chapter-a1-introduction,Woollahra_DCP_2015__chapter_a1_introduction,Woollahra_DCP_2015__chapter_a1_introduction__C1_5_5 C15,,True
116309,chapter-a1-introduction,Woollahra_DCP_2015__chapter_a1_introduction,Woollahra_DCP_2015__chapter_a1_introduction__C1_5_5 C16,,True
116310,chapter-a1-introduction,Woollahra_DCP_2015__chapter_a1_introduction,Woollahra_DCP_2015__chapter_a1_introduction__C1_5_5 C17,,True
116295,chapter-a1-introduction,Woollahra_DCP_2015__chapter_a1_introduction,Woollahra_DCP_2015__chapter_a1_introduction__C1_5_5 C2,,True
116296,chapter-a1-introduction,Woollahra_DCP_2015__chapter_a1_introduction,Woollahra_DCP_2015__chapter_a1_introduction__C1_5_5 C3,,True
116297,chapter-a1-introduction,Woollahra_DCP_2015__chapter_a1_introduction,Woollahra_DCP_2015__chapter_a1_introduction__C1_5_5 C4,,True
116298,chapter-a1-introduction,Woollahra_DCP_2015__chapter_a1_introduction,Woollahra_DCP_2015__chapter_a1_introduction__C1_5_5 C5,,True
116299,chapter-a1-introduction,Woollahra_DCP_2015__chapter_a1_introduction,Woollahra_DCP_2015__chapter_a1_introduction__C1_5_5 C6,,True
116300,chapter-a1-introduction,Woollahra_DCP_2015__chapter_a1_introduction,Woollahra_DCP_2015__chapter_a1_introduction__C1_5_5 C7,,True
116301,chapter-a1-introduction,Woollahra_DCP_2015__chapter_a1_introduction,Woollahra_DCP_2015__chapter_a1_introduction__C1_5_5 C8,,True
116302,chapter-a1-introduction,Woollahra_DCP_2015__chapter_a1_introduction,Woollahra_DCP_2015__chapter_a1_introduction__C1_5_5 C9,,True
116286,chapter-a1-introduction,Woollahra_DCP_2015__chapter_a1_introduction,Woollahra_DCP_2015__chapter_a1_introduction__C1_5_5 O1,,True
116287,chapter-a1-introduction,Woollahra_DCP_2015__chapter_a1_introduction,Woollahra_DCP_2015__chapter_a1_introduction__C1_5_5 O2,,True
116288,chapter-a1-introduction,Woollahra_DCP_2015__chapter_a1_introduction,Woollahra_DCP_2015__chapter_a1_introduction__C1_5_5 O3,,True
116289,chapter-a1-introduction,Woollahra_DCP_2015__chapter_a1_introduction,Woollahra_DCP_2015__chapter_a1_introduction__C1_5_5 O4,,True
116290,chapter-a1-introduction,Woollahra_DCP_2015__chapter_a1_introduction,Woollahra_DCP_2015__chapter_a1_introduction__C1_5_5 O5,,True
116291,chapter-a1-introduction,Woollahra_DCP_2015__chapter_a1_introduction,Woollahra_DCP_2015__chapter_a1_introduction__C1_5_5 O6,,True
116292,chapter-a1-introduction,Woollahra_DCP_2015__chapter_a1_introduction,Woollahra_DCP_2015__chapter_a1_introduction__C1_5_5 O7,,True
116293,chapter-a1-introduction,Woollahra_DCP_2015__chapter_a1_introduction,Woollahra_DCP_2015__chapter_a1_introduction__C1_5_5 O8,,True
116311,chapter-a1-introduction,Woollahra_DCP_2015__chapter_a1_introduction,Woollahra_DCP_2015__chapter_a1_introduction__C1_5_6 TABLE 7,,True
116318,chapter-a1-introduction,Woollahra_DCP_2015__chapter_a1_introduction,Woollahra_DCP_2015__chapter_a1_introduction__C1_5_7 C1,,True
116319,chapter-a1-introduction,Woollahra_DCP_2015__chapter_a1_introduction,Woollahra_DCP_2015__chapter_a1_introduction__C1_5_7 C2,,True
116312,chapter-a1-introduction,Woollahra_DCP_2015__chapter_a1_introduction,Woollahra_DCP_2015__chapter_a1_introduction__C1_5_7 O1,,True
116313,chapter-a1-introduction,Woollahra_DCP_2015__chapter_a1_introduction,Woollahra_DCP_2015__chapter_a1_introduction__C1_5_7 O2,,True
116314,chapter-a1-introduction,Woollahra_DCP_2015__chapter_a1_introduction,Woollahra_DCP_2015__chapter_a1_introduction__C1_5_7 O3,,True
116315,chapter-a1-introduction,Woollahra_DCP_2015__chapter_a1_introduction,Woollahra_DCP_2015__chapter_a1_introduction__C1_5_7 O4,,True
116316,chapter-a1-introduction,Woollahra_DCP_2015__chapter_a1_introduction,Woollahra_DCP_2015__chapter_a1_introduction__C1_5_7 O5,,True
116317,chapter-a1-introduction,Woollahra_DCP_2015__chapter_a1_introduction,Woollahra_DCP_2015__chapter_a1_introduction__C1_5_7 O6,,True
116323,chapter-a1-introduction,Woollahra_DCP_2015__chapter_a1_introduction,Woollahra_DCP_2015__chapter_a1_introduction__C1_5_8 C1,,True
116324,chapter-a1-introduction,Woollahra_DCP_2015__chapter_a1_introduction,Woollahra_DCP_2015__chapter_a1_introduction__C1_5_8 C2,,True
116325,chapter-a1-introduction,Woollahra_DCP_2015__chapter_a1_introduction,Woollahra_DCP_2015__chapter_a1_introduction__C1_5_8 C3,,True
116326,chapter-a1-introduction,Woollahra_DCP_2015__chapter_a1_introduction,Woollahra_DCP_2015__chapter_a1_introduction__C1_5_8 C4,,True
116327,chapter-a1-introduction,Woollahra_DCP_2015__chapter_a1_introduction,Woollahra_DCP_2015__chapter_a1_introduction__C1_5_8 C5,,True
116328,chapter-a1-introduction,Woollahra_DCP_2015__chapter_a1_introduction,Woollahra_DCP_2015__chapter_a1_introduction__C1_5_8 C6,,True
116320,chapter-a1-introduction,Woollahra_DCP_2015__chapter_a1_introduction,Woollahra_DCP_2015__chapter_a1_introduction__C1_5_8 O1,,True
116321,chapter-a1-introduction,Woollahra_DCP_2015__chapter_a1_introduction,Woollahra_DCP_2015__chapter_a1_introduction__C1_5_8 O2,,True
116322,chapter-a1-introduction,Woollahra_DCP_2015__chapter_a1_introduction,Woollahra_DCP_2015__chapter_a1_introduction__C1_5_8 O3,,True
116330,chapter-a1-introduction,Woollahra_DCP_2015__chapter_a1_introduction,Woollahra_DCP_2015__chapter_a1_introduction__C1_5_9 C1,,True
116331,chapter-a1-introduction,Woollahra_DCP_2015__chapter_a1_introduction,Woollahra_DCP_2015__chapter_a1_introduction__C1_5_9 C2,,True
116332,chapter-a1-introduction,Woollahra_DCP_2015__chapter_a1_introduction,Woollahra_DCP_2015__chapter_a1_introduction__C1_5_9 C3,,True
116333,chapter-a1-introduction,Woollahra_DCP_2015__chapter_a1_introduction,Woollahra_DCP_2015__chapter_a1_introduction__C1_5_9 C4,,True
116334,chapter-a1-introduction,Woollahra_DCP_2015__chapter_a1_introduction,Woollahra_DCP_2015__chapter_a1_introduction__C1_5_9 C5,,True
116335,chapter-a1-introduction,Woollahra_DCP_2015__chapter_a1_introduction,Woollahra_DCP_2015__chapter_a1_introduction__C1_5_9 C6,,True
116336,chapter-a1-introduction,Woollahra_DCP_2015__chapter_a1_introduction,Woollahra_DCP_2015__chapter_a1_introduction__C1_5_9 C7,,True
116337,chapter-a1-introduction,Woollahra_DCP_2015__chapter_a1_introduction,Woollahra_DCP_2015__chapter_a1_introduction__C1_5_9 C8,,True
116338,chapter-a1-introduction,Woollahra_DCP_2015__chapter_a1_introduction,Woollahra_DCP_2015__chapter_a1_introduction__C1_5_9 C9,,True
116329,chapter-a1-introduction,Woollahra_DCP_2015__chapter_a1_introduction,Woollahra_DCP_2015__chapter_a1_introduction__C1_5_9 O1,,True
116366,chapter-a1-introduction,Woollahra_DCP_2015__chapter_a1_introduction,Woollahra_DCP_2015__chapter_a1_introduction__C1_6_1 C1,,True
116367,chapter-a1-introduction,Woollahra_DCP_2015__chapter_a1_introduction,Woollahra_DCP_2015__chapter_a1_introduction__C1_6_1 C2,,True
116368,chapter-a1-introduction,Woollahra_DCP_2015__chapter_a1_introduction,Woollahra_DCP_2015__chapter_a1_introduction__C1_6_1 C3,,True
116369,chapter-a1-introduction,Woollahra_DCP_2015__chapter_a1_introduction,Woollahra_DCP_2015__chapter_a1_introduction__C1_6_1 C4,,True
116370,chapter-a1-introduction,Woollahra_DCP_2015__chapter_a1_introduction,Woollahra_DCP_2015__chapter_a1_introduction__C1_6_1 C5,,True
116371,chapter-a1-introduction,Woollahra_DCP_2015__chapter_a1_introduction,Woollahra_DCP_2015__chapter_a1_introduction__C1_6_1 C6,,True
116372,chapter-a1-introduction,Woollahra_DCP_2015__chapter_a1_introduction,Woollahra_DCP_2015__chapter_a1_introduction__C1_6_1 C7,,True
116373,chapter-a1-introduction,Woollahra_DCP_2015__chapter_a1_introduction,Woollahra_DCP_2015__chapter_a1_introduction__C1_6_1 C8,,True
116361,chapter-a1-introduction,Woollahra_DCP_2015__chapter_a1_introduction,Woollahra_DCP_2015__chapter_a1_introduction__C1_6_1 O1,,True
116362,chapter-a1-introduction,Woollahra_DCP_2015__chapter_a1_introduction,Woollahra_DCP_2015__chapter_a1_introduction__C1_6_1 O2,,True
116363,chapter-a1-introduction,Woollahra_DCP_2015__chapter_a1_introduction,Woollahra_DCP_2015__chapter_a1_introduction__C1_6_1 O3,,True
116364,chapter-a1-introduction,Woollahra_DCP_2015__chapter_a1_introduction,Woollahra_DCP_2015__chapter_a1_introduction__C1_6_1 O4,,True
116365,chapter-a1-introduction,Woollahra_DCP_2015__chapter_a1_introduction,Woollahra_DCP_2015__chapter_a1_introduction__C1_6_1 O5,,True
116376,chapter-a1-introduction,Woollahra_DCP_2015__chapter_a1_introduction,Woollahra_DCP_2015__chapter_a1_introduction__C1_6_2 C1,,True
116377,chapter-a1-introduction,Woollahra_DCP_2015__chapter_a1_introduction,Woollahra_DCP_2015__chapter_a1_introduction__C1_6_2 C2,,True
116378,chapter-a1-introduction,Woollahra_DCP_2015__chapter_a1_introduction,Woollahra_DCP_2015__chapter_a1_introduction__C1_6_2 C3,,True
116374,chapter-a1-introduction,Woollahra_DCP_2015__chapter_a1_introduction,Woollahra_DCP_2015__chapter_a1_introduction__C1_6_2 O1,,True
116375,chapter-a1-introduction,Woollahra_DCP_2015__chapter_a1_introduction,Woollahra_DCP_2015__chapter_a1_introduction__C1_6_2 O2,,True
116382,chapter-a1-introduction,Woollahra_DCP_2015__chapter_a1_introduction,Woollahra_DCP_2015__chapter_a1_introduction__C1_6_3 C1,,True
116383,chapter-a1-introduction,Woollahra_DCP_2015__chapter_a1_introduction,Woollahra_DCP_2015__chapter_a1_introduction__C1_6_3 C2,,True
116384,chapter-a1-introduction,Woollahra_DCP_2015__chapter_a1_introduction,Woollahra_DCP_2015__chapter_a1_introduction__C1_6_3 C3,,True
116385,chapter-a1-introduction,Woollahra_DCP_2015__chapter_a1_introduction,Woollahra_DCP_2015__chapter_a1_introduction__C1_6_3 C4,,True
116379,chapter-a1-introduction,Woollahra_DCP_2015__chapter_a1_introduction,Woollahra_DCP_2015__chapter_a1_introduction__C1_6_3 O1,,True
116380,chapter-a1-introduction,Woollahra_DCP_2015__chapter_a1_introduction,Woollahra_DCP_2015__chapter_a1_introduction__C1_6_3 O2,,True
116381,chapter-a1-introduction,Woollahra_DCP_2015__chapter_a1_introduction,Woollahra_DCP_2015__chapter_a1_introduction__C1_6_3 O3,,True
116386,chapter-b1-residential-precincts,Woollahra_DCP_2015__chapter_b1_residential_precincts,Woollahra_DCP_2015__chapter_b1_residential_precincts__B1_1_3 O1,,True
116395,chapter-b1-residential-precincts,Woollahra_DCP_2015__chapter_b1_residential_precincts,Woollahra_DCP_2015__chapter_b1_residential_precincts__B1_1_3 O10,,True
116396,chapter-b1-residential-precincts,Woollahra_DCP_2015__chapter_b1_residential_precincts,Woollahra_DCP_2015__chapter_b1_residential_precincts__B1_1_3 O11,,True
116397,chapter-b1-residential-precincts,Woollahra_DCP_2015__chapter_b1_residential_precincts,Woollahra_DCP_2015__chapter_b1_residential_precincts__B1_1_3 O12,,True
116398,chapter-b1-residential-precincts,Woollahra_DCP_2015__chapter_b1_residential_precincts,Woollahra_DCP_2015__chapter_b1_residential_precincts__B1_1_3 O13,,True
116387,chapter-b1-residential-precincts,Woollahra_DCP_2015__chapter_b1_residential_precincts,Woollahra_DCP_2015__chapter_b1_residential_precincts__B1_1_3 O2,,True
116388,chapter-b1-residential-precincts,Woollahra_DCP_2015__chapter_b1_residential_precincts,Woollahra_DCP_2015__chapter_b1_residential_precincts__B1_1_3 O3,,True
116389,chapter-b1-residential-precincts,Woollahra_DCP_2015__chapter_b1_residential_precincts,Woollahra_DCP_2015__chapter_b1_residential_precincts__B1_1_3 O4,,True
116390,chapter-b1-residential-precincts,Woollahra_DCP_2015__chapter_b1_residential_precincts,Woollahra_DCP_2015__chapter_b1_residential_precincts__B1_1_3 O5,,True
116391,chapter-b1-residential-precincts,Woollahra_DCP_2015__chapter_b1_residential_precincts,Woollahra_DCP_2015__chapter_b1_residential_precincts__B1_1_3 O6,,True
116392,chapter-b1-residential-precincts,Woollahra_DCP_2015__chapter_b1_residential_precincts,Woollahra_DCP_2015__chapter_b1_residential_precincts__B1_1_3 O7,,True
116393,chapter-b1-residential-precincts,Woollahra_DCP_2015__chapter_b1_residential_precincts,Woollahra_DCP_2015__chapter_b1_residential_precincts__B1_1_3 O8,,True
116394,chapter-b1-residential-precincts,Woollahra_DCP_2015__chapter_b1_residential_precincts,Woollahra_DCP_2015__chapter_b1_residential_precincts__B1_1_3 O9,,True
116459,chapter-b1-residential-precincts,Woollahra_DCP_2015__chapter_b1_residential_precincts,Woollahra_DCP_2015__chapter_b1_residential_precincts__B1_10 O1,,True
116460,chapter-b1-residential-precincts,Woollahra_DCP_2015__chapter_b1_residential_precincts,Woollahra_DCP_2015__chapter_b1_residential_precincts__B1_10 O2,,True
116461,chapter-b1-residential-precincts,Woollahra_DCP_2015__chapter_b1_residential_precincts,Woollahra_DCP_2015__chapter_b1_residential_precincts__B1_10 O3,,True
116462,chapter-b1-residential-precincts,Woollahra_DCP_2015__chapter_b1_residential_precincts,Woollahra_DCP_2015__chapter_b1_residential_precincts__B1_10 O4,,True
116463,chapter-b1-residential-precincts,Woollahra_DCP_2015__chapter_b1_residential_precincts,Woollahra_DCP_2015__chapter_b1_residential_precincts__B1_10 O5,,True
116464,chapter-b1-residential-precincts,Woollahra_DCP_2015__chapter_b1_residential_precincts,Woollahra_DCP_2015__chapter_b1_residential_precincts__B1_10 O6,,True
116465,chapter-b1-residential-precincts,Woollahra_DCP_2015__chapter_b1_residential_precincts,Woollahra_DCP_2015__chapter_b1_residential_precincts__B1_10 O7,,True
116466,chapter-b1-residential-precincts,Woollahra_DCP_2015__chapter_b1_residential_precincts,Woollahra_DCP_2015__chapter_b1_residential_precincts__B1_10 O8,,True
116467,chapter-b1-residential-precincts,Woollahra_DCP_2015__chapter_b1_residential_precincts,Woollahra_DCP_2015__chapter_b1_residential_precincts__B1_11_2 O1,,True
116468,chapter-b1-residential-precincts,Woollahra_DCP_2015__chapter_b1_residential_precincts,Woollahra_DCP_2015__chapter_b1_residential_precincts__B1_11_2 O2,,True
116469,chapter-b1-residential-precincts,Woollahra_DCP_2015__chapter_b1_residential_precincts,Woollahra_DCP_2015__chapter_b1_residential_precincts__B1_11_2 O3,,True
116470,chapter-b1-residential-precincts,Woollahra_DCP_2015__chapter_b1_residential_precincts,Woollahra_DCP_2015__chapter_b1_residential_precincts__B1_11_2 O4,,True
116471,chapter-b1-residential-precincts,Woollahra_DCP_2015__chapter_b1_residential_precincts,Woollahra_DCP_2015__chapter_b1_residential_precincts__B1_11_2 O5,,True
116472,chapter-b1-residential-precincts,Woollahra_DCP_2015__chapter_b1_residential_precincts,Woollahra_DCP_2015__chapter_b1_residential_precincts__B1_11_2 O6,,True
116473,chapter-b1-residential-precincts,Woollahra_DCP_2015__chapter_b1_residential_precincts,Woollahra_DCP_2015__chapter_b1_residential_precincts__B1_11_2 O7,,True
116474,chapter-b1-residential-precincts,Woollahra_DCP_2015__chapter_b1_residential_precincts,Woollahra_DCP_2015__chapter_b1_residential_precincts__B1_11_2 O8,,True
116399,chapter-b1-residential-precincts,Woollahra_DCP_2015__chapter_b1_residential_precincts,Woollahra_DCP_2015__chapter_b1_residential_precincts__B1_3_2 O1,,True
116408,chapter-b1-residential-precincts,Woollahra_DCP_2015__chapter_b1_residential_precincts,Woollahra_DCP_2015__chapter_b1_residential_precincts__B1_3_2 O10,,True
116409,chapter-b1-residential-precincts,Woollahra_DCP_2015__chapter_b1_residential_precincts,Woollahra_DCP_2015__chapter_b1_residential_precincts__B1_3_2 O11,,True
116400,chapter-b1-residential-precincts,Woollahra_DCP_2015__chapter_b1_residential_precincts,Woollahra_DCP_2015__chapter_b1_residential_precincts__B1_3_2 O2,,True
116401,chapter-b1-residential-precincts,Woollahra_DCP_2015__chapter_b1_residential_precincts,Woollahra_DCP_2015__chapter_b1_residential_precincts__B1_3_2 O3,,True
116402,chapter-b1-residential-precincts,Woollahra_DCP_2015__chapter_b1_residential_precincts,Woollahra_DCP_2015__chapter_b1_residential_precincts__B1_3_2 O4,,True
116403,chapter-b1-residential-precincts,Woollahra_DCP_2015__chapter_b1_residential_precincts,Woollahra_DCP_2015__chapter_b1_residential_precincts__B1_3_2 O5,,True
116404,chapter-b1-residential-precincts,Woollahra_DCP_2015__chapter_b1_residential_precincts,Woollahra_DCP_2015__chapter_b1_residential_precincts__B1_3_2 O6,,True
116405,chapter-b1-residential-precincts,Woollahra_DCP_2015__chapter_b1_residential_precincts,Woollahra_DCP_2015__chapter_b1_residential_precincts__B1_3_2 O7,,True
116406,chapter-b1-residential-precincts,Woollahra_DCP_2015__chapter_b1_residential_precincts,Woollahra_DCP_2015__chapter_b1_residential_precincts__B1_3_2 O8,,True
116407,chapter-b1-residential-precincts,Woollahra_DCP_2015__chapter_b1_residential_precincts,Woollahra_DCP_2015__chapter_b1_residential_precincts__B1_3_2 O9,,True
116410,chapter-b1-residential-precincts,Woollahra_DCP_2015__chapter_b1_residential_precincts,Woollahra_DCP_2015__chapter_b1_residential_precincts__B1_4_2 O1,,True
116411,chapter-b1-residential-precincts,Woollahra_DCP_2015__chapter_b1_residential_precincts,Woollahra_DCP_2015__chapter_b1_residential_precincts__B1_4_2 O2,,True
116412,chapter-b1-residential-precincts,Woollahra_DCP_2015__chapter_b1_residential_precincts,Woollahra_DCP_2015__chapter_b1_residential_precincts__B1_4_2 O3,,True
116413,chapter-b1-residential-precincts,Woollahra_DCP_2015__chapter_b1_residential_precincts,Woollahra_DCP_2015__chapter_b1_residential_precincts__B1_4_2 O4,,True
116414,chapter-b1-residential-precincts,Woollahra_DCP_2015__chapter_b1_residential_precincts,Woollahra_DCP_2015__chapter_b1_residential_precincts__B1_4_2 O5,,True
116415,chapter-b1-residential-precincts,Woollahra_DCP_2015__chapter_b1_residential_precincts,Woollahra_DCP_2015__chapter_b1_residential_precincts__B1_4_2 O6,,True
116416,chapter-b1-residential-precincts,Woollahra_DCP_2015__chapter_b1_residential_precincts,Woollahra_DCP_2015__chapter_b1_residential_precincts__B1_4_2 O7,,True
116417,chapter-b1-residential-precincts,Woollahra_DCP_2015__chapter_b1_residential_precincts,Woollahra_DCP_2015__chapter_b1_residential_precincts__B1_4_2 O8,,True
116418,chapter-b1-residential-precincts,Woollahra_DCP_2015__chapter_b1_residential_precincts,Woollahra_DCP_2015__chapter_b1_residential_precincts__B1_5_2 O1,,True
116419,chapter-b1-residential-precincts,Woollahra_DCP_2015__chapter_b1_residential_precincts,Woollahra_DCP_2015__chapter_b1_residential_precincts__B1_5_2 O2,,True
116420,chapter-b1-residential-precincts,Woollahra_DCP_2015__chapter_b1_residential_precincts,Woollahra_DCP_2015__chapter_b1_residential_precincts__B1_5_2 O3,,True
116421,chapter-b1-residential-precincts,Woollahra_DCP_2015__chapter_b1_residential_precincts,Woollahra_DCP_2015__chapter_b1_residential_precincts__B1_5_2 O4,,True
116422,chapter-b1-residential-precincts,Woollahra_DCP_2015__chapter_b1_residential_precincts,Woollahra_DCP_2015__chapter_b1_residential_precincts__B1_5_2 O5,,True
116423,chapter-b1-residential-precincts,Woollahra_DCP_2015__chapter_b1_residential_precincts,Woollahra_DCP_2015__chapter_b1_residential_precincts__B1_5_2 O6,,True
116424,chapter-b1-residential-precincts,Woollahra_DCP_2015__chapter_b1_residential_precincts,Woollahra_DCP_2015__chapter_b1_residential_precincts__B1_6_2 O1,,True
116425,chapter-b1-residential-precincts,Woollahra_DCP_2015__chapter_b1_residential_precincts,Woollahra_DCP_2015__chapter_b1_residential_precincts__B1_6_2 O2,,True
116426,chapter-b1-residential-precincts,Woollahra_DCP_2015__chapter_b1_residential_precincts,Woollahra_DCP_2015__chapter_b1_residential_precincts__B1_6_2 O3,,True
116427,chapter-b1-residential-precincts,Woollahra_DCP_2015__chapter_b1_residential_precincts,Woollahra_DCP_2015__chapter_b1_residential_precincts__B1_6_2 O4,,True
116428,chapter-b1-residential-precincts,Woollahra_DCP_2015__chapter_b1_residential_precincts,Woollahra_DCP_2015__chapter_b1_residential_precincts__B1_6_2 O5,,True
116429,chapter-b1-residential-precincts,Woollahra_DCP_2015__chapter_b1_residential_precincts,Woollahra_DCP_2015__chapter_b1_residential_precincts__B1_6_2 O6,,True
116430,chapter-b1-residential-precincts,Woollahra_DCP_2015__chapter_b1_residential_precincts,Woollahra_DCP_2015__chapter_b1_residential_precincts__B1_6_2 O7,,True
116431,chapter-b1-residential-precincts,Woollahra_DCP_2015__chapter_b1_residential_precincts,Woollahra_DCP_2015__chapter_b1_residential_precincts__B1_6_2 O8,,True
116432,chapter-b1-residential-precincts,Woollahra_DCP_2015__chapter_b1_residential_precincts,Woollahra_DCP_2015__chapter_b1_residential_precincts__B1_6_2 O9,,True
116433,chapter-b1-residential-precincts,Woollahra_DCP_2015__chapter_b1_residential_precincts,Woollahra_DCP_2015__chapter_b1_residential_precincts__B1_7 O1,,True
116434,chapter-b1-residential-precincts,Woollahra_DCP_2015__chapter_b1_residential_precincts,Woollahra_DCP_2015__chapter_b1_residential_precincts__B1_7 O2,,True
116435,chapter-b1-residential-precincts,Woollahra_DCP_2015__chapter_b1_residential_precincts,Woollahra_DCP_2015__chapter_b1_residential_precincts__B1_7 O3,,True
116436,chapter-b1-residential-precincts,Woollahra_DCP_2015__chapter_b1_residential_precincts,Woollahra_DCP_2015__chapter_b1_residential_precincts__B1_7 O4,,True
116437,chapter-b1-residential-precincts,Woollahra_DCP_2015__chapter_b1_residential_precincts,Woollahra_DCP_2015__chapter_b1_residential_precincts__B1_7 O5,,True
116438,chapter-b1-residential-precincts,Woollahra_DCP_2015__chapter_b1_residential_precincts,Woollahra_DCP_2015__chapter_b1_residential_precincts__B1_7 O6,,True
116439,chapter-b1-residential-precincts,Woollahra_DCP_2015__chapter_b1_residential_precincts,Woollahra_DCP_2015__chapter_b1_residential_precincts__B1_7 O7,,True
116440,chapter-b1-residential-precincts,Woollahra_DCP_2015__chapter_b1_residential_precincts,Woollahra_DCP_2015__chapter_b1_residential_precincts__B1_8 O1,,True
116449,chapter-b1-residential-precincts,Woollahra_DCP_2015__chapter_b1_residential_precincts,Woollahra_DCP_2015__chapter_b1_residential_precincts__B1_8 O10,,True
116450,chapter-b1-residential-precincts,Woollahra_DCP_2015__chapter_b1_residential_precincts,Woollahra_DCP_2015__chapter_b1_residential_precincts__B1_8 O11,,True
116441,chapter-b1-residential-precincts,Woollahra_DCP_2015__chapter_b1_residential_precincts,Woollahra_DCP_2015__chapter_b1_residential_precincts__B1_8 O2,,True
116442,chapter-b1-residential-precincts,Woollahra_DCP_2015__chapter_b1_residential_precincts,Woollahra_DCP_2015__chapter_b1_residential_precincts__B1_8 O3,,True
116443,chapter-b1-residential-precincts,Woollahra_DCP_2015__chapter_b1_residential_precincts,Woollahra_DCP_2015__chapter_b1_residential_precincts__B1_8 O4,,True
116444,chapter-b1-residential-precincts,Woollahra_DCP_2015__chapter_b1_residential_precincts,Woollahra_DCP_2015__chapter_b1_residential_precincts__B1_8 O5,,True
116445,chapter-b1-residential-precincts,Woollahra_DCP_2015__chapter_b1_residential_precincts,Woollahra_DCP_2015__chapter_b1_residential_precincts__B1_8 O6,,True
116446,chapter-b1-residential-precincts,Woollahra_DCP_2015__chapter_b1_residential_precincts,Woollahra_DCP_2015__chapter_b1_residential_precincts__B1_8 O7,,True
116447,chapter-b1-residential-precincts,Woollahra_DCP_2015__chapter_b1_residential_precincts,Woollahra_DCP_2015__chapter_b1_residential_precincts__B1_8 O8,,True
116448,chapter-b1-residential-precincts,Woollahra_DCP_2015__chapter_b1_residential_precincts,Woollahra_DCP_2015__chapter_b1_residential_precincts__B1_8 O9,,True
116451,chapter-b1-residential-precincts,Woollahra_DCP_2015__chapter_b1_residential_precincts,Woollahra_DCP_2015__chapter_b1_residential_precincts__B1_9 O1,,True
116452,chapter-b1-residential-precincts,Woollahra_DCP_2015__chapter_b1_residential_precincts,Woollahra_DCP_2015__chapter_b1_residential_precincts__B1_9 O2,,True
116453,chapter-b1-residential-precincts,Woollahra_DCP_2015__chapter_b1_residential_precincts,Woollahra_DCP_2015__chapter_b1_residential_precincts__B1_9 O3,,True
116454,chapter-b1-residential-precincts,Woollahra_DCP_2015__chapter_b1_residential_precincts,Woollahra_DCP_2015__chapter_b1_residential_precincts__B1_9 O4,,True
116455,chapter-b1-residential-precincts,Woollahra_DCP_2015__chapter_b1_residential_precincts,Woollahra_DCP_2015__chapter_b1_residential_precincts__B1_9 O5,,True
116456,chapter-b1-residential-precincts,Woollahra_DCP_2015__chapter_b1_residential_precincts,Woollahra_DCP_2015__chapter_b1_residential_precincts__B1_9 O6,,True
116457,chapter-b1-residential-precincts,Woollahra_DCP_2015__chapter_b1_residential_precincts,Woollahra_DCP_2015__chapter_b1_residential_precincts__B1_9 O7,,True
116458,chapter-b1-residential-precincts,Woollahra_DCP_2015__chapter_b1_residential_precincts,Woollahra_DCP_2015__chapter_b1_residential_precincts__B1_9 O8,,True
116475,chapter-b2-neighbourhood-hcas,Woollahra_DCP_2015__chapter_b2_neighbourhood_hcas,Woollahra_DCP_2015__chapter_b2_neighbourhood_hcas__B2_1_3 O1,,True
116476,chapter-b2-neighbourhood-hcas,Woollahra_DCP_2015__chapter_b2_neighbourhood_hcas,Woollahra_DCP_2015__chapter_b2_neighbourhood_hcas__B2_1_3 O2,,True
116477,chapter-b2-neighbourhood-hcas,Woollahra_DCP_2015__chapter_b2_neighbourhood_hcas,Woollahra_DCP_2015__chapter_b2_neighbourhood_hcas__B2_1_3 O3,,True
116478,chapter-b2-neighbourhood-hcas,Woollahra_DCP_2015__chapter_b2_neighbourhood_hcas,Woollahra_DCP_2015__chapter_b2_neighbourhood_hcas__B2_1_3 O4,,True
116598,chapter-b2-neighbourhood-hcas,Woollahra_DCP_2015__chapter_b2_neighbourhood_hcas,Woollahra_DCP_2015__chapter_b2_neighbourhood_hcas__B2_10 C1,,True
116599,chapter-b2-neighbourhood-hcas,Woollahra_DCP_2015__chapter_b2_neighbourhood_hcas,Woollahra_DCP_2015__chapter_b2_neighbourhood_hcas__B2_10 C2,,True
116600,chapter-b2-neighbourhood-hcas,Woollahra_DCP_2015__chapter_b2_neighbourhood_hcas,Woollahra_DCP_2015__chapter_b2_neighbourhood_hcas__B2_10 C3,,True
116596,chapter-b2-neighbourhood-hcas,Woollahra_DCP_2015__chapter_b2_neighbourhood_hcas,Woollahra_DCP_2015__chapter_b2_neighbourhood_hcas__B2_10 O1,,True
116597,chapter-b2-neighbourhood-hcas,Woollahra_DCP_2015__chapter_b2_neighbourhood_hcas,Woollahra_DCP_2015__chapter_b2_neighbourhood_hcas__B2_10 O2,,True
116611,chapter-b2-neighbourhood-hcas,Woollahra_DCP_2015__chapter_b2_neighbourhood_hcas,Woollahra_DCP_2015__chapter_b2_neighbourhood_hcas__B2_11 C1,,True
116620,chapter-b2-neighbourhood-hcas,Woollahra_DCP_2015__chapter_b2_neighbourhood_hcas,Woollahra_DCP_2015__chapter_b2_neighbourhood_hcas__B2_11 C10,,True
116621,chapter-b2-neighbourhood-hcas,Woollahra_DCP_2015__chapter_b2_neighbourhood_hcas,Woollahra_DCP_2015__chapter_b2_neighbourhood_hcas__B2_11 C11,,True
116622,chapter-b2-neighbourhood-hcas,Woollahra_DCP_2015__chapter_b2_neighbourhood_hcas,Woollahra_DCP_2015__chapter_b2_neighbourhood_hcas__B2_11 C12,,True
116623,chapter-b2-neighbourhood-hcas,Woollahra_DCP_2015__chapter_b2_neighbourhood_hcas,Woollahra_DCP_2015__chapter_b2_neighbourhood_hcas__B2_11 C13,,True
116624,chapter-b2-neighbourhood-hcas,Woollahra_DCP_2015__chapter_b2_neighbourhood_hcas,Woollahra_DCP_2015__chapter_b2_neighbourhood_hcas__B2_11 C14,,True
116625,chapter-b2-neighbourhood-hcas,Woollahra_DCP_2015__chapter_b2_neighbourhood_hcas,Woollahra_DCP_2015__chapter_b2_neighbourhood_hcas__B2_11 C15,,True
116626,chapter-b2-neighbourhood-hcas,Woollahra_DCP_2015__chapter_b2_neighbourhood_hcas,Woollahra_DCP_2015__chapter_b2_neighbourhood_hcas__B2_11 C16,,True
116627,chapter-b2-neighbourhood-hcas,Woollahra_DCP_2015__chapter_b2_neighbourhood_hcas,Woollahra_DCP_2015__chapter_b2_neighbourhood_hcas__B2_11 C17,,True
116628,chapter-b2-neighbourhood-hcas,Woollahra_DCP_2015__chapter_b2_neighbourhood_hcas,Woollahra_DCP_2015__chapter_b2_neighbourhood_hcas__B2_11 C18,,True
116612,chapter-b2-neighbourhood-hcas,Woollahra_DCP_2015__chapter_b2_neighbourhood_hcas,Woollahra_DCP_2015__chapter_b2_neighbourhood_hcas__B2_11 C2,,True
116613,chapter-b2-neighbourhood-hcas,Woollahra_DCP_2015__chapter_b2_neighbourhood_hcas,Woollahra_DCP_2015__chapter_b2_neighbourhood_hcas__B2_11 C3,,True
116614,chapter-b2-neighbourhood-hcas,Woollahra_DCP_2015__chapter_b2_neighbourhood_hcas,Woollahra_DCP_2015__chapter_b2_neighbourhood_hcas__B2_11 C4,,True
116615,chapter-b2-neighbourhood-hcas,Woollahra_DCP_2015__chapter_b2_neighbourhood_hcas,Woollahra_DCP_2015__chapter_b2_neighbourhood_hcas__B2_11 C5,,True
116616,chapter-b2-neighbourhood-hcas,Woollahra_DCP_2015__chapter_b2_neighbourhood_hcas,Woollahra_DCP_2015__chapter_b2_neighbourhood_hcas__B2_11 C6,,True
116617,chapter-b2-neighbourhood-hcas,Woollahra_DCP_2015__chapter_b2_neighbourhood_hcas,Woollahra_DCP_2015__chapter_b2_neighbourhood_hcas__B2_11 C7,,True
116618,chapter-b2-neighbourhood-hcas,Woollahra_DCP_2015__chapter_b2_neighbourhood_hcas,Woollahra_DCP_2015__chapter_b2_neighbourhood_hcas__B2_11 C8,,True
116619,chapter-b2-neighbourhood-hcas,Woollahra_DCP_2015__chapter_b2_neighbourhood_hcas,Woollahra_DCP_2015__chapter_b2_neighbourhood_hcas__B2_11 C9,,True
116601,chapter-b2-neighbourhood-hcas,Woollahra_DCP_2015__chapter_b2_neighbourhood_hcas,Woollahra_DCP_2015__chapter_b2_neighbourhood_hcas__B2_11 O1,,True
116610,chapter-b2-neighbourhood-hcas,Woollahra_DCP_2015__chapter_b2_neighbourhood_hcas,Woollahra_DCP_2015__chapter_b2_neighbourhood_hcas__B2_11 O10,,True
116602,chapter-b2-neighbourhood-hcas,Woollahra_DCP_2015__chapter_b2_neighbourhood_hcas,Woollahra_DCP_2015__chapter_b2_neighbourhood_hcas__B2_11 O2,,True
116603,chapter-b2-neighbourhood-hcas,Woollahra_DCP_2015__chapter_b2_neighbourhood_hcas,Woollahra_DCP_2015__chapter_b2_neighbourhood_hcas__B2_11 O3,,True
116604,chapter-b2-neighbourhood-hcas,Woollahra_DCP_2015__chapter_b2_neighbourhood_hcas,Woollahra_DCP_2015__chapter_b2_neighbourhood_hcas__B2_11 O4,,True
116605,chapter-b2-neighbourhood-hcas,Woollahra_DCP_2015__chapter_b2_neighbourhood_hcas,Woollahra_DCP_2015__chapter_b2_neighbourhood_hcas__B2_11 O5,,True
116606,chapter-b2-neighbourhood-hcas,Woollahra_DCP_2015__chapter_b2_neighbourhood_hcas,Woollahra_DCP_2015__chapter_b2_neighbourhood_hcas__B2_11 O6,,True
116607,chapter-b2-neighbourhood-hcas,Woollahra_DCP_2015__chapter_b2_neighbourhood_hcas,Woollahra_DCP_2015__chapter_b2_neighbourhood_hcas__B2_11 O7,,True
116608,chapter-b2-neighbourhood-hcas,Woollahra_DCP_2015__chapter_b2_neighbourhood_hcas,Woollahra_DCP_2015__chapter_b2_neighbourhood_hcas__B2_11 O8,,True
116609,chapter-b2-neighbourhood-hcas,Woollahra_DCP_2015__chapter_b2_neighbourhood_hcas,Woollahra_DCP_2015__chapter_b2_neighbourhood_hcas__B2_11 O9,,True
116632,chapter-b2-neighbourhood-hcas,Woollahra_DCP_2015__chapter_b2_neighbourhood_hcas,Woollahra_DCP_2015__chapter_b2_neighbourhood_hcas__B2_12 C1,,True
116633,chapter-b2-neighbourhood-hcas,Woollahra_DCP_2015__chapter_b2_neighbourhood_hcas,Woollahra_DCP_2015__chapter_b2_neighbourhood_hcas__B2_12 C2,,True
116634,chapter-b2-neighbourhood-hcas,Woollahra_DCP_2015__chapter_b2_neighbourhood_hcas,Woollahra_DCP_2015__chapter_b2_neighbourhood_hcas__B2_12 C3,,True
116635,chapter-b2-neighbourhood-hcas,Woollahra_DCP_2015__chapter_b2_neighbourhood_hcas,Woollahra_DCP_2015__chapter_b2_neighbourhood_hcas__B2_12 C4,,True
116636,chapter-b2-neighbourhood-hcas,Woollahra_DCP_2015__chapter_b2_neighbourhood_hcas,Woollahra_DCP_2015__chapter_b2_neighbourhood_hcas__B2_12 C5,,True
116637,chapter-b2-neighbourhood-hcas,Woollahra_DCP_2015__chapter_b2_neighbourhood_hcas,Woollahra_DCP_2015__chapter_b2_neighbourhood_hcas__B2_12 C6,,True
116638,chapter-b2-neighbourhood-hcas,Woollahra_DCP_2015__chapter_b2_neighbourhood_hcas,Woollahra_DCP_2015__chapter_b2_neighbourhood_hcas__B2_12 C7,,True
116639,chapter-b2-neighbourhood-hcas,Woollahra_DCP_2015__chapter_b2_neighbourhood_hcas,Woollahra_DCP_2015__chapter_b2_neighbourhood_hcas__B2_12 C8,,True
116629,chapter-b2-neighbourhood-hcas,Woollahra_DCP_2015__chapter_b2_neighbourhood_hcas,Woollahra_DCP_2015__chapter_b2_neighbourhood_hcas__B2_12 O1,,True
116630,chapter-b2-neighbourhood-hcas,Woollahra_DCP_2015__chapter_b2_neighbourhood_hcas,Woollahra_DCP_2015__chapter_b2_neighbourhood_hcas__B2_12 O2,,True
116631,chapter-b2-neighbourhood-hcas,Woollahra_DCP_2015__chapter_b2_neighbourhood_hcas,Woollahra_DCP_2015__chapter_b2_neighbourhood_hcas__B2_12 O3,,True
116479,chapter-b2-neighbourhood-hcas,Woollahra_DCP_2015__chapter_b2_neighbourhood_hcas,Woollahra_DCP_2015__chapter_b2_neighbourhood_hcas__B2_2 C1,,True
116488,chapter-b2-neighbourhood-hcas,Woollahra_DCP_2015__chapter_b2_neighbourhood_hcas,Woollahra_DCP_2015__chapter_b2_neighbourhood_hcas__B2_2 C10,,True
116489,chapter-b2-neighbourhood-hcas,Woollahra_DCP_2015__chapter_b2_neighbourhood_hcas,Woollahra_DCP_2015__chapter_b2_neighbourhood_hcas__B2_2 C11,,True
116490,chapter-b2-neighbourhood-hcas,Woollahra_DCP_2015__chapter_b2_neighbourhood_hcas,Woollahra_DCP_2015__chapter_b2_neighbourhood_hcas__B2_2 C12,,True
116491,chapter-b2-neighbourhood-hcas,Woollahra_DCP_2015__chapter_b2_neighbourhood_hcas,Woollahra_DCP_2015__chapter_b2_neighbourhood_hcas__B2_2 C13,,True
116492,chapter-b2-neighbourhood-hcas,Woollahra_DCP_2015__chapter_b2_neighbourhood_hcas,Woollahra_DCP_2015__chapter_b2_neighbourhood_hcas__B2_2 C14,,True
116493,chapter-b2-neighbourhood-hcas,Woollahra_DCP_2015__chapter_b2_neighbourhood_hcas,Woollahra_DCP_2015__chapter_b2_neighbourhood_hcas__B2_2 C15,,True
116480,chapter-b2-neighbourhood-hcas,Woollahra_DCP_2015__chapter_b2_neighbourhood_hcas,Woollahra_DCP_2015__chapter_b2_neighbourhood_hcas__B2_2 C2,,True
116481,chapter-b2-neighbourhood-hcas,Woollahra_DCP_2015__chapter_b2_neighbourhood_hcas,Woollahra_DCP_2015__chapter_b2_neighbourhood_hcas__B2_2 C3,,True
116482,chapter-b2-neighbourhood-hcas,Woollahra_DCP_2015__chapter_b2_neighbourhood_hcas,Woollahra_DCP_2015__chapter_b2_neighbourhood_hcas__B2_2 C4,,True
116483,chapter-b2-neighbourhood-hcas,Woollahra_DCP_2015__chapter_b2_neighbourhood_hcas,Woollahra_DCP_2015__chapter_b2_neighbourhood_hcas__B2_2 C5,,True
116484,chapter-b2-neighbourhood-hcas,Woollahra_DCP_2015__chapter_b2_neighbourhood_hcas,Woollahra_DCP_2015__chapter_b2_neighbourhood_hcas__B2_2 C6,,True
116485,chapter-b2-neighbourhood-hcas,Woollahra_DCP_2015__chapter_b2_neighbourhood_hcas,Woollahra_DCP_2015__chapter_b2_neighbourhood_hcas__B2_2 C7,,True
116486,chapter-b2-neighbourhood-hcas,Woollahra_DCP_2015__chapter_b2_neighbourhood_hcas,Woollahra_DCP_2015__chapter_b2_neighbourhood_hcas__B2_2 C8,,True
116487,chapter-b2-neighbourhood-hcas,Woollahra_DCP_2015__chapter_b2_neighbourhood_hcas,Woollahra_DCP_2015__chapter_b2_neighbourhood_hcas__B2_2 C9,,True
116495,chapter-b2-neighbourhood-hcas,Woollahra_DCP_2015__chapter_b2_neighbourhood_hcas,Woollahra_DCP_2015__chapter_b2_neighbourhood_hcas__B2_3 C1,,True
116508,chapter-b2-neighbourhood-hcas,Woollahra_DCP_2015__chapter_b2_neighbourhood_hcas,Woollahra_DCP_2015__chapter_b2_neighbourhood_hcas__B2_3 C10,,True
116510,chapter-b2-neighbourhood-hcas,Woollahra_DCP_2015__chapter_b2_neighbourhood_hcas,Woollahra_DCP_2015__chapter_b2_neighbourhood_hcas__B2_3 C11,,True
116512,chapter-b2-neighbourhood-hcas,Woollahra_DCP_2015__chapter_b2_neighbourhood_hcas,Woollahra_DCP_2015__chapter_b2_neighbourhood_hcas__B2_3 C12,,True
116513,chapter-b2-neighbourhood-hcas,Woollahra_DCP_2015__chapter_b2_neighbourhood_hcas,Woollahra_DCP_2015__chapter_b2_neighbourhood_hcas__B2_3 C13,,True
116514,chapter-b2-neighbourhood-hcas,Woollahra_DCP_2015__chapter_b2_neighbourhood_hcas,Woollahra_DCP_2015__chapter_b2_neighbourhood_hcas__B2_3 C14,,True
116515,chapter-b2-neighbourhood-hcas,Woollahra_DCP_2015__chapter_b2_neighbourhood_hcas,Woollahra_DCP_2015__chapter_b2_neighbourhood_hcas__B2_3 C15,,True
116496,chapter-b2-neighbourhood-hcas,Woollahra_DCP_2015__chapter_b2_neighbourhood_hcas,Woollahra_DCP_2015__chapter_b2_neighbourhood_hcas__B2_3 C2,,True
116497,chapter-b2-neighbourhood-hcas,Woollahra_DCP_2015__chapter_b2_neighbourhood_hcas,Woollahra_DCP_2015__chapter_b2_neighbourhood_hcas__B2_3 C3,,True
116498,chapter-b2-neighbourhood-hcas,Woollahra_DCP_2015__chapter_b2_neighbourhood_hcas,Woollahra_DCP_2015__chapter_b2_neighbourhood_hcas__B2_3 C4,,True
116499,chapter-b2-neighbourhood-hcas,Woollahra_DCP_2015__chapter_b2_neighbourhood_hcas,Woollahra_DCP_2015__chapter_b2_neighbourhood_hcas__B2_3 C5,,True
116501,chapter-b2-neighbourhood-hcas,Woollahra_DCP_2015__chapter_b2_neighbourhood_hcas,Woollahra_DCP_2015__chapter_b2_neighbourhood_hcas__B2_3 C6,,True
116503,chapter-b2-neighbourhood-hcas,Woollahra_DCP_2015__chapter_b2_neighbourhood_hcas,Woollahra_DCP_2015__chapter_b2_neighbourhood_hcas__B2_3 C7,,True
116504,chapter-b2-neighbourhood-hcas,Woollahra_DCP_2015__chapter_b2_neighbourhood_hcas,Woollahra_DCP_2015__chapter_b2_neighbourhood_hcas__B2_3 C8,,True
116506,chapter-b2-neighbourhood-hcas,Woollahra_DCP_2015__chapter_b2_neighbourhood_hcas,Woollahra_DCP_2015__chapter_b2_neighbourhood_hcas__B2_3 C9,,True
116494,chapter-b2-neighbourhood-hcas,Woollahra_DCP_2015__chapter_b2_neighbourhood_hcas,Woollahra_DCP_2015__chapter_b2_neighbourhood_hcas__B2_3 O1,,True
116500,chapter-b2-neighbourhood-hcas,Woollahra_DCP_2015__chapter_b2_neighbourhood_hcas,Woollahra_DCP_2015__chapter_b2_neighbourhood_hcas__B2_3 O2,,True
116502,chapter-b2-neighbourhood-hcas,Woollahra_DCP_2015__chapter_b2_neighbourhood_hcas,Woollahra_DCP_2015__chapter_b2_neighbourhood_hcas__B2_3 O3,,True
116505,chapter-b2-neighbourhood-hcas,Woollahra_DCP_2015__chapter_b2_neighbourhood_hcas,Woollahra_DCP_2015__chapter_b2_neighbourhood_hcas__B2_3 O4,,True
116507,chapter-b2-neighbourhood-hcas,Woollahra_DCP_2015__chapter_b2_neighbourhood_hcas,Woollahra_DCP_2015__chapter_b2_neighbourhood_hcas__B2_3 O5,,True
116509,chapter-b2-neighbourhood-hcas,Woollahra_DCP_2015__chapter_b2_neighbourhood_hcas,Woollahra_DCP_2015__chapter_b2_neighbourhood_hcas__B2_3 O6,,True
116511,chapter-b2-neighbourhood-hcas,Woollahra_DCP_2015__chapter_b2_neighbourhood_hcas,Woollahra_DCP_2015__chapter_b2_neighbourhood_hcas__B2_3 O7,,True
116517,chapter-b2-neighbourhood-hcas,Woollahra_DCP_2015__chapter_b2_neighbourhood_hcas,Woollahra_DCP_2015__chapter_b2_neighbourhood_hcas__B2_4 C1,,True
116529,chapter-b2-neighbourhood-hcas,Woollahra_DCP_2015__chapter_b2_neighbourhood_hcas,Woollahra_DCP_2015__chapter_b2_neighbourhood_hcas__B2_4 C10,,True
116531,chapter-b2-neighbourhood-hcas,Woollahra_DCP_2015__chapter_b2_neighbourhood_hcas,Woollahra_DCP_2015__chapter_b2_neighbourhood_hcas__B2_4 C11,,True
116533,chapter-b2-neighbourhood-hcas,Woollahra_DCP_2015__chapter_b2_neighbourhood_hcas,Woollahra_DCP_2015__chapter_b2_neighbourhood_hcas__B2_4 C12,,True
116535,chapter-b2-neighbourhood-hcas,Woollahra_DCP_2015__chapter_b2_neighbourhood_hcas,Woollahra_DCP_2015__chapter_b2_neighbourhood_hcas__B2_4 C13,,True
116536,chapter-b2-neighbourhood-hcas,Woollahra_DCP_2015__chapter_b2_neighbourhood_hcas,Woollahra_DCP_2015__chapter_b2_neighbourhood_hcas__B2_4 C14,,True
116537,chapter-b2-neighbourhood-hcas,Woollahra_DCP_2015__chapter_b2_neighbourhood_hcas,Woollahra_DCP_2015__chapter_b2_neighbourhood_hcas__B2_4 C15,,True
116538,chapter-b2-neighbourhood-hcas,Woollahra_DCP_2015__chapter_b2_neighbourhood_hcas,Woollahra_DCP_2015__chapter_b2_neighbourhood_hcas__B2_4 C16,,True
116518,chapter-b2-neighbourhood-hcas,Woollahra_DCP_2015__chapter_b2_neighbourhood_hcas,Woollahra_DCP_2015__chapter_b2_neighbourhood_hcas__B2_4 C2,,True
116519,chapter-b2-neighbourhood-hcas,Woollahra_DCP_2015__chapter_b2_neighbourhood_hcas,Woollahra_DCP_2015__chapter_b2_neighbourhood_hcas__B2_4 C3,,True
116520,chapter-b2-neighbourhood-hcas,Woollahra_DCP_2015__chapter_b2_neighbourhood_hcas,Woollahra_DCP_2015__chapter_b2_neighbourhood_hcas__B2_4 C4,,True
116521,chapter-b2-neighbourhood-hcas,Woollahra_DCP_2015__chapter_b2_neighbourhood_hcas,Woollahra_DCP_2015__chapter_b2_neighbourhood_hcas__B2_4 C5,,True
116523,chapter-b2-neighbourhood-hcas,Woollahra_DCP_2015__chapter_b2_neighbourhood_hcas,Woollahra_DCP_2015__chapter_b2_neighbourhood_hcas__B2_4 C6,,True
116525,chapter-b2-neighbourhood-hcas,Woollahra_DCP_2015__chapter_b2_neighbourhood_hcas,Woollahra_DCP_2015__chapter_b2_neighbourhood_hcas__B2_4 C7,,True
116526,chapter-b2-neighbourhood-hcas,Woollahra_DCP_2015__chapter_b2_neighbourhood_hcas,Woollahra_DCP_2015__chapter_b2_neighbourhood_hcas__B2_4 C8,,True
116527,chapter-b2-neighbourhood-hcas,Woollahra_DCP_2015__chapter_b2_neighbourhood_hcas,Woollahra_DCP_2015__chapter_b2_neighbourhood_hcas__B2_4 C9,,True
116516,chapter-b2-neighbourhood-hcas,Woollahra_DCP_2015__chapter_b2_neighbourhood_hcas,Woollahra_DCP_2015__chapter_b2_neighbourhood_hcas__B2_4 O1,,True
116522,chapter-b2-neighbourhood-hcas,Woollahra_DCP_2015__chapter_b2_neighbourhood_hcas,Woollahra_DCP_2015__chapter_b2_neighbourhood_hcas__B2_4 O2,,True
116524,chapter-b2-neighbourhood-hcas,Woollahra_DCP_2015__chapter_b2_neighbourhood_hcas,Woollahra_DCP_2015__chapter_b2_neighbourhood_hcas__B2_4 O3,,True
116528,chapter-b2-neighbourhood-hcas,Woollahra_DCP_2015__chapter_b2_neighbourhood_hcas,Woollahra_DCP_2015__chapter_b2_neighbourhood_hcas__B2_4 O4,,True
116530,chapter-b2-neighbourhood-hcas,Woollahra_DCP_2015__chapter_b2_neighbourhood_hcas,Woollahra_DCP_2015__chapter_b2_neighbourhood_hcas__B2_4 O5,,True
116532,chapter-b2-neighbourhood-hcas,Woollahra_DCP_2015__chapter_b2_neighbourhood_hcas,Woollahra_DCP_2015__chapter_b2_neighbourhood_hcas__B2_4 O6,,True
116534,chapter-b2-neighbourhood-hcas,Woollahra_DCP_2015__chapter_b2_neighbourhood_hcas,Woollahra_DCP_2015__chapter_b2_neighbourhood_hcas__B2_4 O7,,True
116540,chapter-b2-neighbourhood-hcas,Woollahra_DCP_2015__chapter_b2_neighbourhood_hcas,Woollahra_DCP_2015__chapter_b2_neighbourhood_hcas__B2_5 C1,,True
116543,chapter-b2-neighbourhood-hcas,Woollahra_DCP_2015__chapter_b2_neighbourhood_hcas,Woollahra_DCP_2015__chapter_b2_neighbourhood_hcas__B2_5 C4,,True
116539,chapter-b2-neighbourhood-hcas,Woollahra_DCP_2015__chapter_b2_neighbourhood_hcas,Woollahra_DCP_2015__chapter_b2_neighbourhood_hcas__B2_5 O1,,True
116541,chapter-b2-neighbourhood-hcas,Woollahra_DCP_2015__chapter_b2_neighbourhood_hcas,Woollahra_DCP_2015__chapter_b2_neighbourhood_hcas__B2_5 O2,,True
116542,chapter-b2-neighbourhood-hcas,Woollahra_DCP_2015__chapter_b2_neighbourhood_hcas,Woollahra_DCP_2015__chapter_b2_neighbourhood_hcas__B2_5 O3,,True
116547,chapter-b2-neighbourhood-hcas,Woollahra_DCP_2015__chapter_b2_neighbourhood_hcas,Woollahra_DCP_2015__chapter_b2_neighbourhood_hcas__B2_6 C1,,True
116548,chapter-b2-neighbourhood-hcas,Woollahra_DCP_2015__chapter_b2_neighbourhood_hcas,Woollahra_DCP_2015__chapter_b2_neighbourhood_hcas__B2_6 C2,,True
116549,chapter-b2-neighbourhood-hcas,Woollahra_DCP_2015__chapter_b2_neighbourhood_hcas,Woollahra_DCP_2015__chapter_b2_neighbourhood_hcas__B2_6 C3,,True
116544,chapter-b2-neighbourhood-hcas,Woollahra_DCP_2015__chapter_b2_neighbourhood_hcas,Woollahra_DCP_2015__chapter_b2_neighbourhood_hcas__B2_6 O1,,True
116545,chapter-b2-neighbourhood-hcas,Woollahra_DCP_2015__chapter_b2_neighbourhood_hcas,Woollahra_DCP_2015__chapter_b2_neighbourhood_hcas__B2_6 O2,,True
116546,chapter-b2-neighbourhood-hcas,Woollahra_DCP_2015__chapter_b2_neighbourhood_hcas,Woollahra_DCP_2015__chapter_b2_neighbourhood_hcas__B2_6 O3,,True
116552,chapter-b2-neighbourhood-hcas,Woollahra_DCP_2015__chapter_b2_neighbourhood_hcas,Woollahra_DCP_2015__chapter_b2_neighbourhood_hcas__B2_7 C1,,True
116553,chapter-b2-neighbourhood-hcas,Woollahra_DCP_2015__chapter_b2_neighbourhood_hcas,Woollahra_DCP_2015__chapter_b2_neighbourhood_hcas__B2_7 C2,,True
116550,chapter-b2-neighbourhood-hcas,Woollahra_DCP_2015__chapter_b2_neighbourhood_hcas,Woollahra_DCP_2015__chapter_b2_neighbourhood_hcas__B2_7 O1,,True
116551,chapter-b2-neighbourhood-hcas,Woollahra_DCP_2015__chapter_b2_neighbourhood_hcas,Woollahra_DCP_2015__chapter_b2_neighbourhood_hcas__B2_7 O2,,True
116560,chapter-b2-neighbourhood-hcas,Woollahra_DCP_2015__chapter_b2_neighbourhood_hcas,Woollahra_DCP_2015__chapter_b2_neighbourhood_hcas__B2_8 C1,,True
116569,chapter-b2-neighbourhood-hcas,Woollahra_DCP_2015__chapter_b2_neighbourhood_hcas,Woollahra_DCP_2015__chapter_b2_neighbourhood_hcas__B2_8 C10,,True
116570,chapter-b2-neighbourhood-hcas,Woollahra_DCP_2015__chapter_b2_neighbourhood_hcas,Woollahra_DCP_2015__chapter_b2_neighbourhood_hcas__B2_8 C11,,True
116571,chapter-b2-neighbourhood-hcas,Woollahra_DCP_2015__chapter_b2_neighbourhood_hcas,Woollahra_DCP_2015__chapter_b2_neighbourhood_hcas__B2_8 C12,,True
116572,chapter-b2-neighbourhood-hcas,Woollahra_DCP_2015__chapter_b2_neighbourhood_hcas,Woollahra_DCP_2015__chapter_b2_neighbourhood_hcas__B2_8 C13,,True
116573,chapter-b2-neighbourhood-hcas,Woollahra_DCP_2015__chapter_b2_neighbourhood_hcas,Woollahra_DCP_2015__chapter_b2_neighbourhood_hcas__B2_8 C14,,True
116574,chapter-b2-neighbourhood-hcas,Woollahra_DCP_2015__chapter_b2_neighbourhood_hcas,Woollahra_DCP_2015__chapter_b2_neighbourhood_hcas__B2_8 C15,,True
116575,chapter-b2-neighbourhood-hcas,Woollahra_DCP_2015__chapter_b2_neighbourhood_hcas,Woollahra_DCP_2015__chapter_b2_neighbourhood_hcas__B2_8 C16,,True
116576,chapter-b2-neighbourhood-hcas,Woollahra_DCP_2015__chapter_b2_neighbourhood_hcas,Woollahra_DCP_2015__chapter_b2_neighbourhood_hcas__B2_8 C17,,True
116577,chapter-b2-neighbourhood-hcas,Woollahra_DCP_2015__chapter_b2_neighbourhood_hcas,Woollahra_DCP_2015__chapter_b2_neighbourhood_hcas__B2_8 C18,,True
116578,chapter-b2-neighbourhood-hcas,Woollahra_DCP_2015__chapter_b2_neighbourhood_hcas,Woollahra_DCP_2015__chapter_b2_neighbourhood_hcas__B2_8 C19,,True
116561,chapter-b2-neighbourhood-hcas,Woollahra_DCP_2015__chapter_b2_neighbourhood_hcas,Woollahra_DCP_2015__chapter_b2_neighbourhood_hcas__B2_8 C2,,True
116579,chapter-b2-neighbourhood-hcas,Woollahra_DCP_2015__chapter_b2_neighbourhood_hcas,Woollahra_DCP_2015__chapter_b2_neighbourhood_hcas__B2_8 C20,,True
116562,chapter-b2-neighbourhood-hcas,Woollahra_DCP_2015__chapter_b2_neighbourhood_hcas,Woollahra_DCP_2015__chapter_b2_neighbourhood_hcas__B2_8 C3,,True
116563,chapter-b2-neighbourhood-hcas,Woollahra_DCP_2015__chapter_b2_neighbourhood_hcas,Woollahra_DCP_2015__chapter_b2_neighbourhood_hcas__B2_8 C4,,True
116564,chapter-b2-neighbourhood-hcas,Woollahra_DCP_2015__chapter_b2_neighbourhood_hcas,Woollahra_DCP_2015__chapter_b2_neighbourhood_hcas__B2_8 C5,,True
116565,chapter-b2-neighbourhood-hcas,Woollahra_DCP_2015__chapter_b2_neighbourhood_hcas,Woollahra_DCP_2015__chapter_b2_neighbourhood_hcas__B2_8 C6,,True
116566,chapter-b2-neighbourhood-hcas,Woollahra_DCP_2015__chapter_b2_neighbourhood_hcas,Woollahra_DCP_2015__chapter_b2_neighbourhood_hcas__B2_8 C7,,True
116567,chapter-b2-neighbourhood-hcas,Woollahra_DCP_2015__chapter_b2_neighbourhood_hcas,Woollahra_DCP_2015__chapter_b2_neighbourhood_hcas__B2_8 C8,,True
116568,chapter-b2-neighbourhood-hcas,Woollahra_DCP_2015__chapter_b2_neighbourhood_hcas,Woollahra_DCP_2015__chapter_b2_neighbourhood_hcas__B2_8 C9,,True
116554,chapter-b2-neighbourhood-hcas,Woollahra_DCP_2015__chapter_b2_neighbourhood_hcas,Woollahra_DCP_2015__chapter_b2_neighbourhood_hcas__B2_8 O1,,True
116555,chapter-b2-neighbourhood-hcas,Woollahra_DCP_2015__chapter_b2_neighbourhood_hcas,Woollahra_DCP_2015__chapter_b2_neighbourhood_hcas__B2_8 O2,,True
116556,chapter-b2-neighbourhood-hcas,Woollahra_DCP_2015__chapter_b2_neighbourhood_hcas,Woollahra_DCP_2015__chapter_b2_neighbourhood_hcas__B2_8 O3,,True
116557,chapter-b2-neighbourhood-hcas,Woollahra_DCP_2015__chapter_b2_neighbourhood_hcas,Woollahra_DCP_2015__chapter_b2_neighbourhood_hcas__B2_8 O6,,True
116558,chapter-b2-neighbourhood-hcas,Woollahra_DCP_2015__chapter_b2_neighbourhood_hcas,Woollahra_DCP_2015__chapter_b2_neighbourhood_hcas__B2_8 O7,,True
116559,chapter-b2-neighbourhood-hcas,Woollahra_DCP_2015__chapter_b2_neighbourhood_hcas,Woollahra_DCP_2015__chapter_b2_neighbourhood_hcas__B2_8 O8,,True
116585,chapter-b2-neighbourhood-hcas,Woollahra_DCP_2015__chapter_b2_neighbourhood_hcas,Woollahra_DCP_2015__chapter_b2_neighbourhood_hcas__B2_9 C1,,True
116594,chapter-b2-neighbourhood-hcas,Woollahra_DCP_2015__chapter_b2_neighbourhood_hcas,Woollahra_DCP_2015__chapter_b2_neighbourhood_hcas__B2_9 C10,,True
116595,chapter-b2-neighbourhood-hcas,Woollahra_DCP_2015__chapter_b2_neighbourhood_hcas,Woollahra_DCP_2015__chapter_b2_neighbourhood_hcas__B2_9 C11,,True
116586,chapter-b2-neighbourhood-hcas,Woollahra_DCP_2015__chapter_b2_neighbourhood_hcas,Woollahra_DCP_2015__chapter_b2_neighbourhood_hcas__B2_9 C2,,True
116587,chapter-b2-neighbourhood-hcas,Woollahra_DCP_2015__chapter_b2_neighbourhood_hcas,Woollahra_DCP_2015__chapter_b2_neighbourhood_hcas__B2_9 C3,,True
116588,chapter-b2-neighbourhood-hcas,Woollahra_DCP_2015__chapter_b2_neighbourhood_hcas,Woollahra_DCP_2015__chapter_b2_neighbourhood_hcas__B2_9 C4,,True
116589,chapter-b2-neighbourhood-hcas,Woollahra_DCP_2015__chapter_b2_neighbourhood_hcas,Woollahra_DCP_2015__chapter_b2_neighbourhood_hcas__B2_9 C5,,True
116590,chapter-b2-neighbourhood-hcas,Woollahra_DCP_2015__chapter_b2_neighbourhood_hcas,Woollahra_DCP_2015__chapter_b2_neighbourhood_hcas__B2_9 C6,,True
116591,chapter-b2-neighbourhood-hcas,Woollahra_DCP_2015__chapter_b2_neighbourhood_hcas,Woollahra_DCP_2015__chapter_b2_neighbourhood_hcas__B2_9 C7,,True
116592,chapter-b2-neighbourhood-hcas,Woollahra_DCP_2015__chapter_b2_neighbourhood_hcas,Woollahra_DCP_2015__chapter_b2_neighbourhood_hcas__B2_9 C8,,True
116593,chapter-b2-neighbourhood-hcas,Woollahra_DCP_2015__chapter_b2_neighbourhood_hcas,Woollahra_DCP_2015__chapter_b2_neighbourhood_hcas__B2_9 C9,,True
116580,chapter-b2-neighbourhood-hcas,Woollahra_DCP_2015__chapter_b2_neighbourhood_hcas,Woollahra_DCP_2015__chapter_b2_neighbourhood_hcas__B2_9 O1,,True
116581,chapter-b2-neighbourhood-hcas,Woollahra_DCP_2015__chapter_b2_neighbourhood_hcas,Woollahra_DCP_2015__chapter_b2_neighbourhood_hcas__B2_9 O2,,True
116582,chapter-b2-neighbourhood-hcas,Woollahra_DCP_2015__chapter_b2_neighbourhood_hcas,Woollahra_DCP_2015__chapter_b2_neighbourhood_hcas__B2_9 O3,,True
116583,chapter-b2-neighbourhood-hcas,Woollahra_DCP_2015__chapter_b2_neighbourhood_hcas,Woollahra_DCP_2015__chapter_b2_neighbourhood_hcas__B2_9 O4,,True
116584,chapter-b2-neighbourhood-hcas,Woollahra_DCP_2015__chapter_b2_neighbourhood_hcas,Woollahra_DCP_2015__chapter_b2_neighbourhood_hcas__B2_9 O5,,True
115416,chapter-b3-general-development,Woollahra_DCP_2015__chapter_b3_general_development,Woollahra_DCP_2015__chapter_b3_general_development__B3_1_3 O1,,True
115417,chapter-b3-general-development,Woollahra_DCP_2015__chapter_b3_general_development,Woollahra_DCP_2015__chapter_b3_general_development__B3_1_3 O2,,True
115418,chapter-b3-general-development,Woollahra_DCP_2015__chapter_b3_general_development,Woollahra_DCP_2015__chapter_b3_general_development__B3_1_3 O3,,True
115419,chapter-b3-general-development,Woollahra_DCP_2015__chapter_b3_general_development,Woollahra_DCP_2015__chapter_b3_general_development__B3_1_3 O4,,True
115420,chapter-b3-general-development,Woollahra_DCP_2015__chapter_b3_general_development,Woollahra_DCP_2015__chapter_b3_general_development__B3_1_3 O5,,True
115421,chapter-b3-general-development,Woollahra_DCP_2015__chapter_b3_general_development,Woollahra_DCP_2015__chapter_b3_general_development__B3_1_3 O6,,True
115422,chapter-b3-general-development,Woollahra_DCP_2015__chapter_b3_general_development,Woollahra_DCP_2015__chapter_b3_general_development__B3_1_3 O7,,True
115423,chapter-b3-general-development,Woollahra_DCP_2015__chapter_b3_general_development,Woollahra_DCP_2015__chapter_b3_general_development__B3_1_3 O8,,True
115770,chapter-b3-general-development,Woollahra_DCP_2015__chapter_b3_general_development,Woollahra_DCP_2015__chapter_b3_general_development__B3_10_1 C1,,True
115771,chapter-b3-general-development,Woollahra_DCP_2015__chapter_b3_general_development,Woollahra_DCP_2015__chapter_b3_general_development__B3_10_1 C2,,True
115772,chapter-b3-general-development,Woollahra_DCP_2015__chapter_b3_general_development,Woollahra_DCP_2015__chapter_b3_general_development__B3_10_1 C3,,True
115773,chapter-b3-general-development,Woollahra_DCP_2015__chapter_b3_general_development,Woollahra_DCP_2015__chapter_b3_general_development__B3_10_1 C4,,True
115774,chapter-b3-general-development,Woollahra_DCP_2015__chapter_b3_general_development,Woollahra_DCP_2015__chapter_b3_general_development__B3_10_1 C5,,True
115775,chapter-b3-general-development,Woollahra_DCP_2015__chapter_b3_general_development,Woollahra_DCP_2015__chapter_b3_general_development__B3_10_1 C6,,True
115776,chapter-b3-general-development,Woollahra_DCP_2015__chapter_b3_general_development,Woollahra_DCP_2015__chapter_b3_general_development__B3_10_1 C7,,True
115777,chapter-b3-general-development,Woollahra_DCP_2015__chapter_b3_general_development,Woollahra_DCP_2015__chapter_b3_general_development__B3_10_1 C8,,True
115764,chapter-b3-general-development,Woollahra_DCP_2015__chapter_b3_general_development,Woollahra_DCP_2015__chapter_b3_general_development__B3_10_1 O1,,True
115765,chapter-b3-general-development,Woollahra_DCP_2015__chapter_b3_general_development,Woollahra_DCP_2015__chapter_b3_general_development__B3_10_1 O2,,True
115766,chapter-b3-general-development,Woollahra_DCP_2015__chapter_b3_general_development,Woollahra_DCP_2015__chapter_b3_general_development__B3_10_1 O3,,True
115767,chapter-b3-general-development,Woollahra_DCP_2015__chapter_b3_general_development,Woollahra_DCP_2015__chapter_b3_general_development__B3_10_1 O4,,True
115768,chapter-b3-general-development,Woollahra_DCP_2015__chapter_b3_general_development,Woollahra_DCP_2015__chapter_b3_general_development__B3_10_1 O5,,True
115769,chapter-b3-general-development,Woollahra_DCP_2015__chapter_b3_general_development,Woollahra_DCP_2015__chapter_b3_general_development__B3_10_1 O6,,True
115781,chapter-b3-general-development,Woollahra_DCP_2015__chapter_b3_general_development,Woollahra_DCP_2015__chapter_b3_general_development__B3_10_2 C1,,True
115790,chapter-b3-general-development,Woollahra_DCP_2015__chapter_b3_general_development,Woollahra_DCP_2015__chapter_b3_general_development__B3_10_2 C10,,True
115791,chapter-b3-general-development,Woollahra_DCP_2015__chapter_b3_general_development,Woollahra_DCP_2015__chapter_b3_general_development__B3_10_2 C11,,True
115792,chapter-b3-general-development,Woollahra_DCP_2015__chapter_b3_general_development,Woollahra_DCP_2015__chapter_b3_general_development__B3_10_2 C12,,True
115793,chapter-b3-general-development,Woollahra_DCP_2015__chapter_b3_general_development,Woollahra_DCP_2015__chapter_b3_general_development__B3_10_2 C13,,True
115794,chapter-b3-general-development,Woollahra_DCP_2015__chapter_b3_general_development,Woollahra_DCP_2015__chapter_b3_general_development__B3_10_2 C14,,True
115795,chapter-b3-general-development,Woollahra_DCP_2015__chapter_b3_general_development,Woollahra_DCP_2015__chapter_b3_general_development__B3_10_2 C15,,True
115796,chapter-b3-general-development,Woollahra_DCP_2015__chapter_b3_general_development,Woollahra_DCP_2015__chapter_b3_general_development__B3_10_2 C16,,True
115797,chapter-b3-general-development,Woollahra_DCP_2015__chapter_b3_general_development,Woollahra_DCP_2015__chapter_b3_general_development__B3_10_2 C17,,True
115798,chapter-b3-general-development,Woollahra_DCP_2015__chapter_b3_general_development,Woollahra_DCP_2015__chapter_b3_general_development__B3_10_2 C18,,True
115799,chapter-b3-general-development,Woollahra_DCP_2015__chapter_b3_general_development,Woollahra_DCP_2015__chapter_b3_general_development__B3_10_2 C19,,True
115782,chapter-b3-general-development,Woollahra_DCP_2015__chapter_b3_general_development,Woollahra_DCP_2015__chapter_b3_general_development__B3_10_2 C2,,True
115801,chapter-b3-general-development,Woollahra_DCP_2015__chapter_b3_general_development,Woollahra_DCP_2015__chapter_b3_general_development__B3_10_2 C20,,True
115802,chapter-b3-general-development,Woollahra_DCP_2015__chapter_b3_general_development,Woollahra_DCP_2015__chapter_b3_general_development__B3_10_2 C21,,True
115803,chapter-b3-general-development,Woollahra_DCP_2015__chapter_b3_general_development,Woollahra_DCP_2015__chapter_b3_general_development__B3_10_2 C22,,True
115804,chapter-b3-general-development,Woollahra_DCP_2015__chapter_b3_general_development,Woollahra_DCP_2015__chapter_b3_general_development__B3_10_2 C23,,True
115783,chapter-b3-general-development,Woollahra_DCP_2015__chapter_b3_general_development,Woollahra_DCP_2015__chapter_b3_general_development__B3_10_2 C3,,True
115784,chapter-b3-general-development,Woollahra_DCP_2015__chapter_b3_general_development,Woollahra_DCP_2015__chapter_b3_general_development__B3_10_2 C4,,True
115785,chapter-b3-general-development,Woollahra_DCP_2015__chapter_b3_general_development,Woollahra_DCP_2015__chapter_b3_general_development__B3_10_2 C5,,True
115786,chapter-b3-general-development,Woollahra_DCP_2015__chapter_b3_general_development,Woollahra_DCP_2015__chapter_b3_general_development__B3_10_2 C6,,True
115787,chapter-b3-general-development,Woollahra_DCP_2015__chapter_b3_general_development,Woollahra_DCP_2015__chapter_b3_general_development__B3_10_2 C7,,True
115788,chapter-b3-general-development,Woollahra_DCP_2015__chapter_b3_general_development,Woollahra_DCP_2015__chapter_b3_general_development__B3_10_2 C8,,True
115789,chapter-b3-general-development,Woollahra_DCP_2015__chapter_b3_general_development,Woollahra_DCP_2015__chapter_b3_general_development__B3_10_2 C9,,True
115778,chapter-b3-general-development,Woollahra_DCP_2015__chapter_b3_general_development,Woollahra_DCP_2015__chapter_b3_general_development__B3_10_2 O1,,True
115779,chapter-b3-general-development,Woollahra_DCP_2015__chapter_b3_general_development,Woollahra_DCP_2015__chapter_b3_general_development__B3_10_2 O2,,True
115780,chapter-b3-general-development,Woollahra_DCP_2015__chapter_b3_general_development,Woollahra_DCP_2015__chapter_b3_general_development__B3_10_2 O3,,True
115800,chapter-b3-general-development,Woollahra_DCP_2015__chapter_b3_general_development,Woollahra_DCP_2015__chapter_b3_general_development__B3_10_2 O4,,True
115424,chapter-b3-general-development,Woollahra_DCP_2015__chapter_b3_general_development,Woollahra_DCP_2015__chapter_b3_general_development__B3_2_1 C1,,True
115425,chapter-b3-general-development,Woollahra_DCP_2015__chapter_b3_general_development,Woollahra_DCP_2015__chapter_b3_general_development__B3_2_1 C2,,True
115426,chapter-b3-general-development,Woollahra_DCP_2015__chapter_b3_general_development,Woollahra_DCP_2015__chapter_b3_general_development__B3_2_1 C3,,True
115427,chapter-b3-general-development,Woollahra_DCP_2015__chapter_b3_general_development,Woollahra_DCP_2015__chapter_b3_general_development__B3_2_1 C4,,True
115428,chapter-b3-general-development,Woollahra_DCP_2015__chapter_b3_general_development,Woollahra_DCP_2015__chapter_b3_general_development__B3_2_1 C5,,True
115429,chapter-b3-general-development,Woollahra_DCP_2015__chapter_b3_general_development,Woollahra_DCP_2015__chapter_b3_general_development__B3_2_1 C6,,True
115434,chapter-b3-general-development,Woollahra_DCP_2015__chapter_b3_general_development,Woollahra_DCP_2015__chapter_b3_general_development__B3_2_2 C1,,True
115435,chapter-b3-general-development,Woollahra_DCP_2015__chapter_b3_general_development,Woollahra_DCP_2015__chapter_b3_general_development__B3_2_2 C2,,True
115436,chapter-b3-general-development,Woollahra_DCP_2015__chapter_b3_general_development,Woollahra_DCP_2015__chapter_b3_general_development__B3_2_2 C3,,True
115437,chapter-b3-general-development,Woollahra_DCP_2015__chapter_b3_general_development,Woollahra_DCP_2015__chapter_b3_general_development__B3_2_2 C4,,True
115430,chapter-b3-general-development,Woollahra_DCP_2015__chapter_b3_general_development,Woollahra_DCP_2015__chapter_b3_general_development__B3_2_2 O1,,True
115431,chapter-b3-general-development,Woollahra_DCP_2015__chapter_b3_general_development,Woollahra_DCP_2015__chapter_b3_general_development__B3_2_2 O2,,True
115432,chapter-b3-general-development,Woollahra_DCP_2015__chapter_b3_general_development,Woollahra_DCP_2015__chapter_b3_general_development__B3_2_2 O3,,True
115433,chapter-b3-general-development,Woollahra_DCP_2015__chapter_b3_general_development,Woollahra_DCP_2015__chapter_b3_general_development__B3_2_2 O4,,True
115449,chapter-b3-general-development,Woollahra_DCP_2015__chapter_b3_general_development,Woollahra_DCP_2015__chapter_b3_general_development__B3_2_3 C1,,True
115450,chapter-b3-general-development,Woollahra_DCP_2015__chapter_b3_general_development,Woollahra_DCP_2015__chapter_b3_general_development__B3_2_3 C2,,True
115451,chapter-b3-general-development,Woollahra_DCP_2015__chapter_b3_general_development,Woollahra_DCP_2015__chapter_b3_general_development__B3_2_3 C3,,True
115452,chapter-b3-general-development,Woollahra_DCP_2015__chapter_b3_general_development,Woollahra_DCP_2015__chapter_b3_general_development__B3_2_3 C4,,True
115453,chapter-b3-general-development,Woollahra_DCP_2015__chapter_b3_general_development,Woollahra_DCP_2015__chapter_b3_general_development__B3_2_3 C5,,True
115438,chapter-b3-general-development,Woollahra_DCP_2015__chapter_b3_general_development,Woollahra_DCP_2015__chapter_b3_general_development__B3_2_3 O1,,True
115447,chapter-b3-general-development,Woollahra_DCP_2015__chapter_b3_general_development,Woollahra_DCP_2015__chapter_b3_general_development__B3_2_3 O10,,True
115448,chapter-b3-general-development,Woollahra_DCP_2015__chapter_b3_general_development,Woollahra_DCP_2015__chapter_b3_general_development__B3_2_3 O11,,True
115439,chapter-b3-general-development,Woollahra_DCP_2015__chapter_b3_general_development,Woollahra_DCP_2015__chapter_b3_general_development__B3_2_3 O2,,True
115440,chapter-b3-general-development,Woollahra_DCP_2015__chapter_b3_general_development,Woollahra_DCP_2015__chapter_b3_general_development__B3_2_3 O3,,True
115441,chapter-b3-general-development,Woollahra_DCP_2015__chapter_b3_general_development,Woollahra_DCP_2015__chapter_b3_general_development__B3_2_3 O4,,True
115442,chapter-b3-general-development,Woollahra_DCP_2015__chapter_b3_general_development,Woollahra_DCP_2015__chapter_b3_general_development__B3_2_3 O5,,True
115443,chapter-b3-general-development,Woollahra_DCP_2015__chapter_b3_general_development,Woollahra_DCP_2015__chapter_b3_general_development__B3_2_3 O6,,True
115444,chapter-b3-general-development,Woollahra_DCP_2015__chapter_b3_general_development,Woollahra_DCP_2015__chapter_b3_general_development__B3_2_3 O7,,True
115445,chapter-b3-general-development,Woollahra_DCP_2015__chapter_b3_general_development,Woollahra_DCP_2015__chapter_b3_general_development__B3_2_3 O8,,True
115446,chapter-b3-general-development,Woollahra_DCP_2015__chapter_b3_general_development,Woollahra_DCP_2015__chapter_b3_general_development__B3_2_3 O9,,True
115460,chapter-b3-general-development,Woollahra_DCP_2015__chapter_b3_general_development,Woollahra_DCP_2015__chapter_b3_general_development__B3_2_4 C1,,True
115461,chapter-b3-general-development,Woollahra_DCP_2015__chapter_b3_general_development,Woollahra_DCP_2015__chapter_b3_general_development__B3_2_4 C2,,True
115462,chapter-b3-general-development,Woollahra_DCP_2015__chapter_b3_general_development,Woollahra_DCP_2015__chapter_b3_general_development__B3_2_4 C3,,True
115463,chapter-b3-general-development,Woollahra_DCP_2015__chapter_b3_general_development,Woollahra_DCP_2015__chapter_b3_general_development__B3_2_4 C4,,True
115464,chapter-b3-general-development,Woollahra_DCP_2015__chapter_b3_general_development,Woollahra_DCP_2015__chapter_b3_general_development__B3_2_4 C5,,True
115454,chapter-b3-general-development,Woollahra_DCP_2015__chapter_b3_general_development,Woollahra_DCP_2015__chapter_b3_general_development__B3_2_4 O1,,True
115455,chapter-b3-general-development,Woollahra_DCP_2015__chapter_b3_general_development,Woollahra_DCP_2015__chapter_b3_general_development__B3_2_4 O2,,True
115456,chapter-b3-general-development,Woollahra_DCP_2015__chapter_b3_general_development,Woollahra_DCP_2015__chapter_b3_general_development__B3_2_4 O3,,True
115457,chapter-b3-general-development,Woollahra_DCP_2015__chapter_b3_general_development,Woollahra_DCP_2015__chapter_b3_general_development__B3_2_4 O4,,True
115458,chapter-b3-general-development,Woollahra_DCP_2015__chapter_b3_general_development,Woollahra_DCP_2015__chapter_b3_general_development__B3_2_4 O5,,True
115459,chapter-b3-general-development,Woollahra_DCP_2015__chapter_b3_general_development,Woollahra_DCP_2015__chapter_b3_general_development__B3_2_4 O6,,True
115468,chapter-b3-general-development,Woollahra_DCP_2015__chapter_b3_general_development,Woollahra_DCP_2015__chapter_b3_general_development__B3_2_5 C1,,True
115465,chapter-b3-general-development,Woollahra_DCP_2015__chapter_b3_general_development,Woollahra_DCP_2015__chapter_b3_general_development__B3_2_5 O1,,True
115466,chapter-b3-general-development,Woollahra_DCP_2015__chapter_b3_general_development,Woollahra_DCP_2015__chapter_b3_general_development__B3_2_5 O2,,True
115467,chapter-b3-general-development,Woollahra_DCP_2015__chapter_b3_general_development,Woollahra_DCP_2015__chapter_b3_general_development__B3_2_5 O3,,True
115474,chapter-b3-general-development,Woollahra_DCP_2015__chapter_b3_general_development,Woollahra_DCP_2015__chapter_b3_general_development__B3_3 C1,,True
115475,chapter-b3-general-development,Woollahra_DCP_2015__chapter_b3_general_development,Woollahra_DCP_2015__chapter_b3_general_development__B3_3 C2,,True
115476,chapter-b3-general-development,Woollahra_DCP_2015__chapter_b3_general_development,Woollahra_DCP_2015__chapter_b3_general_development__B3_3 C3,,True
115477,chapter-b3-general-development,Woollahra_DCP_2015__chapter_b3_general_development,Woollahra_DCP_2015__chapter_b3_general_development__B3_3 C4,,True
115478,chapter-b3-general-development,Woollahra_DCP_2015__chapter_b3_general_development,Woollahra_DCP_2015__chapter_b3_general_development__B3_3 C5,,True
115479,chapter-b3-general-development,Woollahra_DCP_2015__chapter_b3_general_development,Woollahra_DCP_2015__chapter_b3_general_development__B3_3 C6,,True
115469,chapter-b3-general-development,Woollahra_DCP_2015__chapter_b3_general_development,Woollahra_DCP_2015__chapter_b3_general_development__B3_3 O1,,True
115470,chapter-b3-general-development,Woollahra_DCP_2015__chapter_b3_general_development,Woollahra_DCP_2015__chapter_b3_general_development__B3_3 O2,,True
115471,chapter-b3-general-development,Woollahra_DCP_2015__chapter_b3_general_development,Woollahra_DCP_2015__chapter_b3_general_development__B3_3 O3,,True
115472,chapter-b3-general-development,Woollahra_DCP_2015__chapter_b3_general_development,Woollahra_DCP_2015__chapter_b3_general_development__B3_3 O4,,True
115473,chapter-b3-general-development,Woollahra_DCP_2015__chapter_b3_general_development,Woollahra_DCP_2015__chapter_b3_general_development__B3_3 O5,,True
115485,chapter-b3-general-development,Woollahra_DCP_2015__chapter_b3_general_development,Woollahra_DCP_2015__chapter_b3_general_development__B3_4 C1,,True
115486,chapter-b3-general-development,Woollahra_DCP_2015__chapter_b3_general_development,Woollahra_DCP_2015__chapter_b3_general_development__B3_4 C2,,True
115487,chapter-b3-general-development,Woollahra_DCP_2015__chapter_b3_general_development,Woollahra_DCP_2015__chapter_b3_general_development__B3_4 C3,,True
115488,chapter-b3-general-development,Woollahra_DCP_2015__chapter_b3_general_development,Woollahra_DCP_2015__chapter_b3_general_development__B3_4 C4,,True
115490,chapter-b3-general-development,Woollahra_DCP_2015__chapter_b3_general_development,Woollahra_DCP_2015__chapter_b3_general_development__B3_4 C6,,True
115492,chapter-b3-general-development,Woollahra_DCP_2015__chapter_b3_general_development,Woollahra_DCP_2015__chapter_b3_general_development__B3_4 C7,,True
115493,chapter-b3-general-development,Woollahra_DCP_2015__chapter_b3_general_development,Woollahra_DCP_2015__chapter_b3_general_development__B3_4 C8,,True
115480,chapter-b3-general-development,Woollahra_DCP_2015__chapter_b3_general_development,Woollahra_DCP_2015__chapter_b3_general_development__B3_4 O1,,True
115481,chapter-b3-general-development,Woollahra_DCP_2015__chapter_b3_general_development,Woollahra_DCP_2015__chapter_b3_general_development__B3_4 O2,,True
115482,chapter-b3-general-development,Woollahra_DCP_2015__chapter_b3_general_development,Woollahra_DCP_2015__chapter_b3_general_development__B3_4 O3,,True
115483,chapter-b3-general-development,Woollahra_DCP_2015__chapter_b3_general_development,Woollahra_DCP_2015__chapter_b3_general_development__B3_4 O4,,True
115484,chapter-b3-general-development,Woollahra_DCP_2015__chapter_b3_general_development,Woollahra_DCP_2015__chapter_b3_general_development__B3_4 O5,,True
115489,chapter-b3-general-development,Woollahra_DCP_2015__chapter_b3_general_development,Woollahra_DCP_2015__chapter_b3_general_development__B3_4 O6,,True
115491,chapter-b3-general-development,Woollahra_DCP_2015__chapter_b3_general_development,Woollahra_DCP_2015__chapter_b3_general_development__B3_4 O7,,True
115495,chapter-b3-general-development,Woollahra_DCP_2015__chapter_b3_general_development,Woollahra_DCP_2015__chapter_b3_general_development__B3_5 C1,,True
115498,chapter-b3-general-development,Woollahra_DCP_2015__chapter_b3_general_development,Woollahra_DCP_2015__chapter_b3_general_development__B3_5 C2,,True
115499,chapter-b3-general-development,Woollahra_DCP_2015__chapter_b3_general_development,Woollahra_DCP_2015__chapter_b3_general_development__B3_5 C3,,True
115500,chapter-b3-general-development,Woollahra_DCP_2015__chapter_b3_general_development,Woollahra_DCP_2015__chapter_b3_general_development__B3_5 C4,,True
115502,chapter-b3-general-development,Woollahra_DCP_2015__chapter_b3_general_development,Woollahra_DCP_2015__chapter_b3_general_development__B3_5 C5,,True
115503,chapter-b3-general-development,Woollahra_DCP_2015__chapter_b3_general_development,Woollahra_DCP_2015__chapter_b3_general_development__B3_5 C6,,True
115505,chapter-b3-general-development,Woollahra_DCP_2015__chapter_b3_general_development,Woollahra_DCP_2015__chapter_b3_general_development__B3_5 C7,,True
115494,chapter-b3-general-development,Woollahra_DCP_2015__chapter_b3_general_development,Woollahra_DCP_2015__chapter_b3_general_development__B3_5 O1,,True
115496,chapter-b3-general-development,Woollahra_DCP_2015__chapter_b3_general_development,Woollahra_DCP_2015__chapter_b3_general_development__B3_5 O2,,True
115497,chapter-b3-general-development,Woollahra_DCP_2015__chapter_b3_general_development,Woollahra_DCP_2015__chapter_b3_general_development__B3_5 O3,,True
115501,chapter-b3-general-development,Woollahra_DCP_2015__chapter_b3_general_development,Woollahra_DCP_2015__chapter_b3_general_development__B3_5 O4,,True
115504,chapter-b3-general-development,Woollahra_DCP_2015__chapter_b3_general_development,Woollahra_DCP_2015__chapter_b3_general_development__B3_5 O5,,True
115507,chapter-b3-general-development,Woollahra_DCP_2015__chapter_b3_general_development,Woollahra_DCP_2015__chapter_b3_general_development__B3_5_2 C1,,True
115508,chapter-b3-general-development,Woollahra_DCP_2015__chapter_b3_general_development,Woollahra_DCP_2015__chapter_b3_general_development__B3_5_2 C2,,True
115506,chapter-b3-general-development,Woollahra_DCP_2015__chapter_b3_general_development,Woollahra_DCP_2015__chapter_b3_general_development__B3_5_2 O1,,True
115511,chapter-b3-general-development,Woollahra_DCP_2015__chapter_b3_general_development,Woollahra_DCP_2015__chapter_b3_general_development__B3_5_3 C1,,True
115522,chapter-b3-general-development,Woollahra_DCP_2015__chapter_b3_general_development,Woollahra_DCP_2015__chapter_b3_general_development__B3_5_3 C10,,True
115512,chapter-b3-general-development,Woollahra_DCP_2015__chapter_b3_general_development,Woollahra_DCP_2015__chapter_b3_general_development__B3_5_3 C2,,True
115513,chapter-b3-general-development,Woollahra_DCP_2015__chapter_b3_general_development,Woollahra_DCP_2015__chapter_b3_general_development__B3_5_3 C3,,True
115514,chapter-b3-general-development,Woollahra_DCP_2015__chapter_b3_general_development,Woollahra_DCP_2015__chapter_b3_general_development__B3_5_3 C4,,True
115516,chapter-b3-general-development,Woollahra_DCP_2015__chapter_b3_general_development,Woollahra_DCP_2015__chapter_b3_general_development__B3_5_3 C5,,True
115517,chapter-b3-general-development,Woollahra_DCP_2015__chapter_b3_general_development,Woollahra_DCP_2015__chapter_b3_general_development__B3_5_3 C6,,True
115518,chapter-b3-general-development,Woollahra_DCP_2015__chapter_b3_general_development,Woollahra_DCP_2015__chapter_b3_general_development__B3_5_3 C7,,True
115519,chapter-b3-general-development,Woollahra_DCP_2015__chapter_b3_general_development,Woollahra_DCP_2015__chapter_b3_general_development__B3_5_3 C8,,True
115521,chapter-b3-general-development,Woollahra_DCP_2015__chapter_b3_general_development,Woollahra_DCP_2015__chapter_b3_general_development__B3_5_3 C9,,True
115509,chapter-b3-general-development,Woollahra_DCP_2015__chapter_b3_general_development,Woollahra_DCP_2015__chapter_b3_general_development__B3_5_3 O1,,True
115510,chapter-b3-general-development,Woollahra_DCP_2015__chapter_b3_general_development,Woollahra_DCP_2015__chapter_b3_general_development__B3_5_3 O2,,True
115515,chapter-b3-general-development,Woollahra_DCP_2015__chapter_b3_general_development,Woollahra_DCP_2015__chapter_b3_general_development__B3_5_3 O3,,True
115520,chapter-b3-general-development,Woollahra_DCP_2015__chapter_b3_general_development,Woollahra_DCP_2015__chapter_b3_general_development__B3_5_3 O4,,True
115524,chapter-b3-general-development,Woollahra_DCP_2015__chapter_b3_general_development,Woollahra_DCP_2015__chapter_b3_general_development__B3_5_4 C1,,True
115534,chapter-b3-general-development,Woollahra_DCP_2015__chapter_b3_general_development,Woollahra_DCP_2015__chapter_b3_general_development__B3_5_4 C10,,True
115535,chapter-b3-general-development,Woollahra_DCP_2015__chapter_b3_general_development,Woollahra_DCP_2015__chapter_b3_general_development__B3_5_4 C11,,True
115537,chapter-b3-general-development,Woollahra_DCP_2015__chapter_b3_general_development,Woollahra_DCP_2015__chapter_b3_general_development__B3_5_4 C12,,True
115525,chapter-b3-general-development,Woollahra_DCP_2015__chapter_b3_general_development,Woollahra_DCP_2015__chapter_b3_general_development__B3_5_4 C2,,True
115526,chapter-b3-general-development,Woollahra_DCP_2015__chapter_b3_general_development,Woollahra_DCP_2015__chapter_b3_general_development__B3_5_4 C3,,True
115528,chapter-b3-general-development,Woollahra_DCP_2015__chapter_b3_general_development,Woollahra_DCP_2015__chapter_b3_general_development__B3_5_4 C4,,True
115529,chapter-b3-general-development,Woollahra_DCP_2015__chapter_b3_general_development,Woollahra_DCP_2015__chapter_b3_general_development__B3_5_4 C6,,True
115531,chapter-b3-general-development,Woollahra_DCP_2015__chapter_b3_general_development,Woollahra_DCP_2015__chapter_b3_general_development__B3_5_4 C7,,True
115532,chapter-b3-general-development,Woollahra_DCP_2015__chapter_b3_general_development,Woollahra_DCP_2015__chapter_b3_general_development__B3_5_4 C8,,True
115533,chapter-b3-general-development,Woollahra_DCP_2015__chapter_b3_general_development,Woollahra_DCP_2015__chapter_b3_general_development__B3_5_4 C9,,True
115523,chapter-b3-general-development,Woollahra_DCP_2015__chapter_b3_general_development,Woollahra_DCP_2015__chapter_b3_general_development__B3_5_4 O1,,True
115527,chapter-b3-general-development,Woollahra_DCP_2015__chapter_b3_general_development,Woollahra_DCP_2015__chapter_b3_general_development__B3_5_4 O2,,True
115530,chapter-b3-general-development,Woollahra_DCP_2015__chapter_b3_general_development,Woollahra_DCP_2015__chapter_b3_general_development__B3_5_4 O3,,True
115536,chapter-b3-general-development,Woollahra_DCP_2015__chapter_b3_general_development,Woollahra_DCP_2015__chapter_b3_general_development__B3_5_4 O4,,True
115541,chapter-b3-general-development,Woollahra_DCP_2015__chapter_b3_general_development,Woollahra_DCP_2015__chapter_b3_general_development__B3_6 C1,,True
115553,chapter-b3-general-development,Woollahra_DCP_2015__chapter_b3_general_development,Woollahra_DCP_2015__chapter_b3_general_development__B3_6 C10,,True
115554,chapter-b3-general-development,Woollahra_DCP_2015__chapter_b3_general_development,Woollahra_DCP_2015__chapter_b3_general_development__B3_6 C11,,True
115556,chapter-b3-general-development,Woollahra_DCP_2015__chapter_b3_general_development,Woollahra_DCP_2015__chapter_b3_general_development__B3_6 C12,,True
115557,chapter-b3-general-development,Woollahra_DCP_2015__chapter_b3_general_development,Woollahra_DCP_2015__chapter_b3_general_development__B3_6 C13,,True
115558,chapter-b3-general-development,Woollahra_DCP_2015__chapter_b3_general_development,Woollahra_DCP_2015__chapter_b3_general_development__B3_6 C14,,True
115542,chapter-b3-general-development,Woollahra_DCP_2015__chapter_b3_general_development,Woollahra_DCP_2015__chapter_b3_general_development__B3_6 C2,,True
115543,chapter-b3-general-development,Woollahra_DCP_2015__chapter_b3_general_development,Woollahra_DCP_2015__chapter_b3_general_development__B3_6 C3,,True
115544,chapter-b3-general-development,Woollahra_DCP_2015__chapter_b3_general_development,Woollahra_DCP_2015__chapter_b3_general_development__B3_6 C4,,True
115545,chapter-b3-general-development,Woollahra_DCP_2015__chapter_b3_general_development,Woollahra_DCP_2015__chapter_b3_general_development__B3_6 C5,,True
115547,chapter-b3-general-development,Woollahra_DCP_2015__chapter_b3_general_development,Woollahra_DCP_2015__chapter_b3_general_development__B3_6 C6,,True
115548,chapter-b3-general-development,Woollahra_DCP_2015__chapter_b3_general_development,Woollahra_DCP_2015__chapter_b3_general_development__B3_6 C7,,True
115549,chapter-b3-general-development,Woollahra_DCP_2015__chapter_b3_general_development,Woollahra_DCP_2015__chapter_b3_general_development__B3_6 C8,,True
115551,chapter-b3-general-development,Woollahra_DCP_2015__chapter_b3_general_development,Woollahra_DCP_2015__chapter_b3_general_development__B3_6 C9,,True
115538,chapter-b3-general-development,Woollahra_DCP_2015__chapter_b3_general_development,Woollahra_DCP_2015__chapter_b3_general_development__B3_6 O1,,True
115539,chapter-b3-general-development,Woollahra_DCP_2015__chapter_b3_general_development,Woollahra_DCP_2015__chapter_b3_general_development__B3_6 O2,,True
115540,chapter-b3-general-development,Woollahra_DCP_2015__chapter_b3_general_development,Woollahra_DCP_2015__chapter_b3_general_development__B3_6 O3,,True
115546,chapter-b3-general-development,Woollahra_DCP_2015__chapter_b3_general_development,Woollahra_DCP_2015__chapter_b3_general_development__B3_6 O4,,True
115550,chapter-b3-general-development,Woollahra_DCP_2015__chapter_b3_general_development,Woollahra_DCP_2015__chapter_b3_general_development__B3_6 O5,,True
115552,chapter-b3-general-development,Woollahra_DCP_2015__chapter_b3_general_development,Woollahra_DCP_2015__chapter_b3_general_development__B3_6 O6,,True
115555,chapter-b3-general-development,Woollahra_DCP_2015__chapter_b3_general_development,Woollahra_DCP_2015__chapter_b3_general_development__B3_6 O7,,True
115560,chapter-b3-general-development,Woollahra_DCP_2015__chapter_b3_general_development,Woollahra_DCP_2015__chapter_b3_general_development__B3_7_1 C1,,True
115572,chapter-b3-general-development,Woollahra_DCP_2015__chapter_b3_general_development,Woollahra_DCP_2015__chapter_b3_general_development__B3_7_1 C10,,True
115574,chapter-b3-general-development,Woollahra_DCP_2015__chapter_b3_general_development,Woollahra_DCP_2015__chapter_b3_general_development__B3_7_1 C11,,True
115576,chapter-b3-general-development,Woollahra_DCP_2015__chapter_b3_general_development,Woollahra_DCP_2015__chapter_b3_general_development__B3_7_1 C12,,True
115577,chapter-b3-general-development,Woollahra_DCP_2015__chapter_b3_general_development,Woollahra_DCP_2015__chapter_b3_general_development__B3_7_1 C13,,True
115578,chapter-b3-general-development,Woollahra_DCP_2015__chapter_b3_general_development,Woollahra_DCP_2015__chapter_b3_general_development__B3_7_1 C14,,True
115579,chapter-b3-general-development,Woollahra_DCP_2015__chapter_b3_general_development,Woollahra_DCP_2015__chapter_b3_general_development__B3_7_1 C15,,True
115581,chapter-b3-general-development,Woollahra_DCP_2015__chapter_b3_general_development,Woollahra_DCP_2015__chapter_b3_general_development__B3_7_1 C16,,True
115583,chapter-b3-general-development,Woollahra_DCP_2015__chapter_b3_general_development,Woollahra_DCP_2015__chapter_b3_general_development__B3_7_1 C17,,True
115586,chapter-b3-general-development,Woollahra_DCP_2015__chapter_b3_general_development,Woollahra_DCP_2015__chapter_b3_general_development__B3_7_1 C18,,True
115587,chapter-b3-general-development,Woollahra_DCP_2015__chapter_b3_general_development,Woollahra_DCP_2015__chapter_b3_general_development__B3_7_1 C19,,True
115563,chapter-b3-general-development,Woollahra_DCP_2015__chapter_b3_general_development,Woollahra_DCP_2015__chapter_b3_general_development__B3_7_1 C2,,True
115588,chapter-b3-general-development,Woollahra_DCP_2015__chapter_b3_general_development,Woollahra_DCP_2015__chapter_b3_general_development__B3_7_1 C20,,True
115564,chapter-b3-general-development,Woollahra_DCP_2015__chapter_b3_general_development,Woollahra_DCP_2015__chapter_b3_general_development__B3_7_1 C3,,True
115565,chapter-b3-general-development,Woollahra_DCP_2015__chapter_b3_general_development,Woollahra_DCP_2015__chapter_b3_general_development__B3_7_1 C4,,True
115566,chapter-b3-general-development,Woollahra_DCP_2015__chapter_b3_general_development,Woollahra_DCP_2015__chapter_b3_general_development__B3_7_1 C5,,True
115568,chapter-b3-general-development,Woollahra_DCP_2015__chapter_b3_general_development,Woollahra_DCP_2015__chapter_b3_general_development__B3_7_1 C6,,True
115569,chapter-b3-general-development,Woollahra_DCP_2015__chapter_b3_general_development,Woollahra_DCP_2015__chapter_b3_general_development__B3_7_1 C7,,True
115570,chapter-b3-general-development,Woollahra_DCP_2015__chapter_b3_general_development,Woollahra_DCP_2015__chapter_b3_general_development__B3_7_1 C8,,True
115571,chapter-b3-general-development,Woollahra_DCP_2015__chapter_b3_general_development,Woollahra_DCP_2015__chapter_b3_general_development__B3_7_1 C9,,True
115559,chapter-b3-general-development,Woollahra_DCP_2015__chapter_b3_general_development,Woollahra_DCP_2015__chapter_b3_general_development__B3_7_1 O1,,True
115585,chapter-b3-general-development,Woollahra_DCP_2015__chapter_b3_general_development,Woollahra_DCP_2015__chapter_b3_general_development__B3_7_1 O10,,True
115561,chapter-b3-general-development,Woollahra_DCP_2015__chapter_b3_general_development,Woollahra_DCP_2015__chapter_b3_general_development__B3_7_1 O2,,True
115562,chapter-b3-general-development,Woollahra_DCP_2015__chapter_b3_general_development,Woollahra_DCP_2015__chapter_b3_general_development__B3_7_1 O3,,True
115567,chapter-b3-general-development,Woollahra_DCP_2015__chapter_b3_general_development,Woollahra_DCP_2015__chapter_b3_general_development__B3_7_1 O4,,True
115573,chapter-b3-general-development,Woollahra_DCP_2015__chapter_b3_general_development,Woollahra_DCP_2015__chapter_b3_general_development__B3_7_1 O5,,True
115575,chapter-b3-general-development,Woollahra_DCP_2015__chapter_b3_general_development,Woollahra_DCP_2015__chapter_b3_general_development__B3_7_1 O6,,True
115580,chapter-b3-general-development,Woollahra_DCP_2015__chapter_b3_general_development,Woollahra_DCP_2015__chapter_b3_general_development__B3_7_1 O7,,True
115582,chapter-b3-general-development,Woollahra_DCP_2015__chapter_b3_general_development,Woollahra_DCP_2015__chapter_b3_general_development__B3_7_1 O8,,True
115584,chapter-b3-general-development,Woollahra_DCP_2015__chapter_b3_general_development,Woollahra_DCP_2015__chapter_b3_general_development__B3_7_1 O9,,True
115593,chapter-b3-general-development,Woollahra_DCP_2015__chapter_b3_general_development,Woollahra_DCP_2015__chapter_b3_general_development__B3_7_2 C1,,True
115603,chapter-b3-general-development,Woollahra_DCP_2015__chapter_b3_general_development,Woollahra_DCP_2015__chapter_b3_general_development__B3_7_2 C10,,True
115605,chapter-b3-general-development,Woollahra_DCP_2015__chapter_b3_general_development,Woollahra_DCP_2015__chapter_b3_general_development__B3_7_2 C11,,True
115608,chapter-b3-general-development,Woollahra_DCP_2015__chapter_b3_general_development,Woollahra_DCP_2015__chapter_b3_general_development__B3_7_2 C12,,True
115609,chapter-b3-general-development,Woollahra_DCP_2015__chapter_b3_general_development,Woollahra_DCP_2015__chapter_b3_general_development__B3_7_2 C13,,True
115610,chapter-b3-general-development,Woollahra_DCP_2015__chapter_b3_general_development,Woollahra_DCP_2015__chapter_b3_general_development__B3_7_2 C14,,True
115611,chapter-b3-general-development,Woollahra_DCP_2015__chapter_b3_general_development,Woollahra_DCP_2015__chapter_b3_general_development__B3_7_2 C15,,True
115612,chapter-b3-general-development,Woollahra_DCP_2015__chapter_b3_general_development,Woollahra_DCP_2015__chapter_b3_general_development__B3_7_2 C16,,True
115594,chapter-b3-general-development,Woollahra_DCP_2015__chapter_b3_general_development,Woollahra_DCP_2015__chapter_b3_general_development__B3_7_2 C2,,True
115595,chapter-b3-general-development,Woollahra_DCP_2015__chapter_b3_general_development,Woollahra_DCP_2015__chapter_b3_general_development__B3_7_2 C3,,True
115596,chapter-b3-general-development,Woollahra_DCP_2015__chapter_b3_general_development,Woollahra_DCP_2015__chapter_b3_general_development__B3_7_2 C4,,True
115597,chapter-b3-general-development,Woollahra_DCP_2015__chapter_b3_general_development,Woollahra_DCP_2015__chapter_b3_general_development__B3_7_2 C5,,True
115598,chapter-b3-general-development,Woollahra_DCP_2015__chapter_b3_general_development,Woollahra_DCP_2015__chapter_b3_general_development__B3_7_2 C6,,True
115599,chapter-b3-general-development,Woollahra_DCP_2015__chapter_b3_general_development,Woollahra_DCP_2015__chapter_b3_general_development__B3_7_2 C7,,True
115600,chapter-b3-general-development,Woollahra_DCP_2015__chapter_b3_general_development,Woollahra_DCP_2015__chapter_b3_general_development__B3_7_2 C8,,True
115602,chapter-b3-general-development,Woollahra_DCP_2015__chapter_b3_general_development,Woollahra_DCP_2015__chapter_b3_general_development__B3_7_2 C9,,True
115589,chapter-b3-general-development,Woollahra_DCP_2015__chapter_b3_general_development,Woollahra_DCP_2015__chapter_b3_general_development__B3_7_2 O1,,True
115590,chapter-b3-general-development,Woollahra_DCP_2015__chapter_b3_general_development,Woollahra_DCP_2015__chapter_b3_general_development__B3_7_2 O2,,True
115591,chapter-b3-general-development,Woollahra_DCP_2015__chapter_b3_general_development,Woollahra_DCP_2015__chapter_b3_general_development__B3_7_2 O3,,True
115592,chapter-b3-general-development,Woollahra_DCP_2015__chapter_b3_general_development,Woollahra_DCP_2015__chapter_b3_general_development__B3_7_2 O4,,True
115601,chapter-b3-general-development,Woollahra_DCP_2015__chapter_b3_general_development,Woollahra_DCP_2015__chapter_b3_general_development__B3_7_2 O5,,True
115604,chapter-b3-general-development,Woollahra_DCP_2015__chapter_b3_general_development,Woollahra_DCP_2015__chapter_b3_general_development__B3_7_2 O6,,True
115606,chapter-b3-general-development,Woollahra_DCP_2015__chapter_b3_general_development,Woollahra_DCP_2015__chapter_b3_general_development__B3_7_2 O7,,True
115607,chapter-b3-general-development,Woollahra_DCP_2015__chapter_b3_general_development,Woollahra_DCP_2015__chapter_b3_general_development__B3_7_2 O8,,True
115621,chapter-b3-general-development,Woollahra_DCP_2015__chapter_b3_general_development,Woollahra_DCP_2015__chapter_b3_general_development__B3_7_3 C1,,True
115630,chapter-b3-general-development,Woollahra_DCP_2015__chapter_b3_general_development,Woollahra_DCP_2015__chapter_b3_general_development__B3_7_3 C10,,True
115631,chapter-b3-general-development,Woollahra_DCP_2015__chapter_b3_general_development,Woollahra_DCP_2015__chapter_b3_general_development__B3_7_3 C11,,True
115622,chapter-b3-general-development,Woollahra_DCP_2015__chapter_b3_general_development,Woollahra_DCP_2015__chapter_b3_general_development__B3_7_3 C2,,True
115623,chapter-b3-general-development,Woollahra_DCP_2015__chapter_b3_general_development,Woollahra_DCP_2015__chapter_b3_general_development__B3_7_3 C3,,True
115624,chapter-b3-general-development,Woollahra_DCP_2015__chapter_b3_general_development,Woollahra_DCP_2015__chapter_b3_general_development__B3_7_3 C4,,True
115625,chapter-b3-general-development,Woollahra_DCP_2015__chapter_b3_general_development,Woollahra_DCP_2015__chapter_b3_general_development__B3_7_3 C5,,True
115626,chapter-b3-general-development,Woollahra_DCP_2015__chapter_b3_general_development,Woollahra_DCP_2015__chapter_b3_general_development__B3_7_3 C6,,True
115627,chapter-b3-general-development,Woollahra_DCP_2015__chapter_b3_general_development,Woollahra_DCP_2015__chapter_b3_general_development__B3_7_3 C7,,True
115628,chapter-b3-general-development,Woollahra_DCP_2015__chapter_b3_general_development,Woollahra_DCP_2015__chapter_b3_general_development__B3_7_3 C8,,True
115629,chapter-b3-general-development,Woollahra_DCP_2015__chapter_b3_general_development,Woollahra_DCP_2015__chapter_b3_general_development__B3_7_3 C9,,True
115613,chapter-b3-general-development,Woollahra_DCP_2015__chapter_b3_general_development,Woollahra_DCP_2015__chapter_b3_general_development__B3_7_3 O1,,True
115614,chapter-b3-general-development,Woollahra_DCP_2015__chapter_b3_general_development,Woollahra_DCP_2015__chapter_b3_general_development__B3_7_3 O2,,True
115615,chapter-b3-general-development,Woollahra_DCP_2015__chapter_b3_general_development,Woollahra_DCP_2015__chapter_b3_general_development__B3_7_3 O3,,True
115616,chapter-b3-general-development,Woollahra_DCP_2015__chapter_b3_general_development,Woollahra_DCP_2015__chapter_b3_general_development__B3_7_3 O4,,True
115617,chapter-b3-general-development,Woollahra_DCP_2015__chapter_b3_general_development,Woollahra_DCP_2015__chapter_b3_general_development__B3_7_3 O5,,True
115618,chapter-b3-general-development,Woollahra_DCP_2015__chapter_b3_general_development,Woollahra_DCP_2015__chapter_b3_general_development__B3_7_3 O6,,True
115619,chapter-b3-general-development,Woollahra_DCP_2015__chapter_b3_general_development,Woollahra_DCP_2015__chapter_b3_general_development__B3_7_3 O7,,True
115620,chapter-b3-general-development,Woollahra_DCP_2015__chapter_b3_general_development,Woollahra_DCP_2015__chapter_b3_general_development__B3_7_3 O8,,True
115634,chapter-b3-general-development,Woollahra_DCP_2015__chapter_b3_general_development,Woollahra_DCP_2015__chapter_b3_general_development__B3_7_4 C1,,True
115635,chapter-b3-general-development,Woollahra_DCP_2015__chapter_b3_general_development,Woollahra_DCP_2015__chapter_b3_general_development__B3_7_4 C2,,True
115636,chapter-b3-general-development,Woollahra_DCP_2015__chapter_b3_general_development,Woollahra_DCP_2015__chapter_b3_general_development__B3_7_4 C3,,True
115637,chapter-b3-general-development,Woollahra_DCP_2015__chapter_b3_general_development,Woollahra_DCP_2015__chapter_b3_general_development__B3_7_4 C4,,True
115638,chapter-b3-general-development,Woollahra_DCP_2015__chapter_b3_general_development,Woollahra_DCP_2015__chapter_b3_general_development__B3_7_4 C5,,True
115639,chapter-b3-general-development,Woollahra_DCP_2015__chapter_b3_general_development,Woollahra_DCP_2015__chapter_b3_general_development__B3_7_4 C6,,True
115640,chapter-b3-general-development,Woollahra_DCP_2015__chapter_b3_general_development,Woollahra_DCP_2015__chapter_b3_general_development__B3_7_4 C7,,True
115632,chapter-b3-general-development,Woollahra_DCP_2015__chapter_b3_general_development,Woollahra_DCP_2015__chapter_b3_general_development__B3_7_4 O1,,True
115633,chapter-b3-general-development,Woollahra_DCP_2015__chapter_b3_general_development,Woollahra_DCP_2015__chapter_b3_general_development__B3_7_4 O2,,True
115642,chapter-b3-general-development,Woollahra_DCP_2015__chapter_b3_general_development,Woollahra_DCP_2015__chapter_b3_general_development__B3_8_1 C1,,True
115641,chapter-b3-general-development,Woollahra_DCP_2015__chapter_b3_general_development,Woollahra_DCP_2015__chapter_b3_general_development__B3_8_1 O1,,True
115643,chapter-b3-general-development,Woollahra_DCP_2015__chapter_b3_general_development,Woollahra_DCP_2015__chapter_b3_general_development__B3_8_2 C1,,True
115644,chapter-b3-general-development,Woollahra_DCP_2015__chapter_b3_general_development,Woollahra_DCP_2015__chapter_b3_general_development__B3_8_2 C2,,True
115649,chapter-b3-general-development,Woollahra_DCP_2015__chapter_b3_general_development,Woollahra_DCP_2015__chapter_b3_general_development__B3_8_3 C1,,True
115658,chapter-b3-general-development,Woollahra_DCP_2015__chapter_b3_general_development,Woollahra_DCP_2015__chapter_b3_general_development__B3_8_3 C10,,True
115659,chapter-b3-general-development,Woollahra_DCP_2015__chapter_b3_general_development,Woollahra_DCP_2015__chapter_b3_general_development__B3_8_3 C11,,True
115650,chapter-b3-general-development,Woollahra_DCP_2015__chapter_b3_general_development,Woollahra_DCP_2015__chapter_b3_general_development__B3_8_3 C2,,True
115651,chapter-b3-general-development,Woollahra_DCP_2015__chapter_b3_general_development,Woollahra_DCP_2015__chapter_b3_general_development__B3_8_3 C3,,True
115652,chapter-b3-general-development,Woollahra_DCP_2015__chapter_b3_general_development,Woollahra_DCP_2015__chapter_b3_general_development__B3_8_3 C4,,True
115653,chapter-b3-general-development,Woollahra_DCP_2015__chapter_b3_general_development,Woollahra_DCP_2015__chapter_b3_general_development__B3_8_3 C5,,True
115654,chapter-b3-general-development,Woollahra_DCP_2015__chapter_b3_general_development,Woollahra_DCP_2015__chapter_b3_general_development__B3_8_3 C6,,True
115655,chapter-b3-general-development,Woollahra_DCP_2015__chapter_b3_general_development,Woollahra_DCP_2015__chapter_b3_general_development__B3_8_3 C7,,True
115656,chapter-b3-general-development,Woollahra_DCP_2015__chapter_b3_general_development,Woollahra_DCP_2015__chapter_b3_general_development__B3_8_3 C8,,True
115657,chapter-b3-general-development,Woollahra_DCP_2015__chapter_b3_general_development,Woollahra_DCP_2015__chapter_b3_general_development__B3_8_3 C9,,True
115645,chapter-b3-general-development,Woollahra_DCP_2015__chapter_b3_general_development,Woollahra_DCP_2015__chapter_b3_general_development__B3_8_3 O1,,True
115646,chapter-b3-general-development,Woollahra_DCP_2015__chapter_b3_general_development,Woollahra_DCP_2015__chapter_b3_general_development__B3_8_3 O2,,True
115647,chapter-b3-general-development,Woollahra_DCP_2015__chapter_b3_general_development,Woollahra_DCP_2015__chapter_b3_general_development__B3_8_3 O3,,True
115648,chapter-b3-general-development,Woollahra_DCP_2015__chapter_b3_general_development,Woollahra_DCP_2015__chapter_b3_general_development__B3_8_3 O4,,True
115664,chapter-b3-general-development,Woollahra_DCP_2015__chapter_b3_general_development,Woollahra_DCP_2015__chapter_b3_general_development__B3_8_4 C1,,True
115665,chapter-b3-general-development,Woollahra_DCP_2015__chapter_b3_general_development,Woollahra_DCP_2015__chapter_b3_general_development__B3_8_4 C2,,True
115666,chapter-b3-general-development,Woollahra_DCP_2015__chapter_b3_general_development,Woollahra_DCP_2015__chapter_b3_general_development__B3_8_4 C3,,True
115667,chapter-b3-general-development,Woollahra_DCP_2015__chapter_b3_general_development,Woollahra_DCP_2015__chapter_b3_general_development__B3_8_4 C4,,True
115668,chapter-b3-general-development,Woollahra_DCP_2015__chapter_b3_general_development,Woollahra_DCP_2015__chapter_b3_general_development__B3_8_4 C5,,True
115660,chapter-b3-general-development,Woollahra_DCP_2015__chapter_b3_general_development,Woollahra_DCP_2015__chapter_b3_general_development__B3_8_4 O1,,True
115661,chapter-b3-general-development,Woollahra_DCP_2015__chapter_b3_general_development,Woollahra_DCP_2015__chapter_b3_general_development__B3_8_4 O2,,True
115662,chapter-b3-general-development,Woollahra_DCP_2015__chapter_b3_general_development,Woollahra_DCP_2015__chapter_b3_general_development__B3_8_4 O3,,True
115663,chapter-b3-general-development,Woollahra_DCP_2015__chapter_b3_general_development,Woollahra_DCP_2015__chapter_b3_general_development__B3_8_4 O4,,True
115670,chapter-b3-general-development,Woollahra_DCP_2015__chapter_b3_general_development,Woollahra_DCP_2015__chapter_b3_general_development__B3_8_5 C1,,True
115672,chapter-b3-general-development,Woollahra_DCP_2015__chapter_b3_general_development,Woollahra_DCP_2015__chapter_b3_general_development__B3_8_5 C2,,True
115669,chapter-b3-general-development,Woollahra_DCP_2015__chapter_b3_general_development,Woollahra_DCP_2015__chapter_b3_general_development__B3_8_5 O1,,True
115671,chapter-b3-general-development,Woollahra_DCP_2015__chapter_b3_general_development,Woollahra_DCP_2015__chapter_b3_general_development__B3_8_5 O2,,True
115674,chapter-b3-general-development,Woollahra_DCP_2015__chapter_b3_general_development,Woollahra_DCP_2015__chapter_b3_general_development__B3_8_6 C1,,True
115675,chapter-b3-general-development,Woollahra_DCP_2015__chapter_b3_general_development,Woollahra_DCP_2015__chapter_b3_general_development__B3_8_6 C2,,True
115676,chapter-b3-general-development,Woollahra_DCP_2015__chapter_b3_general_development,Woollahra_DCP_2015__chapter_b3_general_development__B3_8_6 C3,,True
115677,chapter-b3-general-development,Woollahra_DCP_2015__chapter_b3_general_development,Woollahra_DCP_2015__chapter_b3_general_development__B3_8_6 C4,,True
115678,chapter-b3-general-development,Woollahra_DCP_2015__chapter_b3_general_development,Woollahra_DCP_2015__chapter_b3_general_development__B3_8_6 C5,,True
115679,chapter-b3-general-development,Woollahra_DCP_2015__chapter_b3_general_development,Woollahra_DCP_2015__chapter_b3_general_development__B3_8_6 C6,,True
115681,chapter-b3-general-development,Woollahra_DCP_2015__chapter_b3_general_development,Woollahra_DCP_2015__chapter_b3_general_development__B3_8_6 C7,,True
115682,chapter-b3-general-development,Woollahra_DCP_2015__chapter_b3_general_development,Woollahra_DCP_2015__chapter_b3_general_development__B3_8_6 C8,,True
115673,chapter-b3-general-development,Woollahra_DCP_2015__chapter_b3_general_development,Woollahra_DCP_2015__chapter_b3_general_development__B3_8_6 O1,,True
115680,chapter-b3-general-development,Woollahra_DCP_2015__chapter_b3_general_development,Woollahra_DCP_2015__chapter_b3_general_development__B3_8_6 O2,,True
115684,chapter-b3-general-development,Woollahra_DCP_2015__chapter_b3_general_development,Woollahra_DCP_2015__chapter_b3_general_development__B3_8_7 C1,,True
115696,chapter-b3-general-development,Woollahra_DCP_2015__chapter_b3_general_development,Woollahra_DCP_2015__chapter_b3_general_development__B3_8_7 C10,,True
115697,chapter-b3-general-development,Woollahra_DCP_2015__chapter_b3_general_development,Woollahra_DCP_2015__chapter_b3_general_development__B3_8_7 C11,,True
115699,chapter-b3-general-development,Woollahra_DCP_2015__chapter_b3_general_development,Woollahra_DCP_2015__chapter_b3_general_development__B3_8_7 C12,,True
115701,chapter-b3-general-development,Woollahra_DCP_2015__chapter_b3_general_development,Woollahra_DCP_2015__chapter_b3_general_development__B3_8_7 C13,,True
115702,chapter-b3-general-development,Woollahra_DCP_2015__chapter_b3_general_development,Woollahra_DCP_2015__chapter_b3_general_development__B3_8_7 C14,,True
115703,chapter-b3-general-development,Woollahra_DCP_2015__chapter_b3_general_development,Woollahra_DCP_2015__chapter_b3_general_development__B3_8_7 C15,,True
115704,chapter-b3-general-development,Woollahra_DCP_2015__chapter_b3_general_development,Woollahra_DCP_2015__chapter_b3_general_development__B3_8_7 C16,,True
115705,chapter-b3-general-development,Woollahra_DCP_2015__chapter_b3_general_development,Woollahra_DCP_2015__chapter_b3_general_development__B3_8_7 C17,,True
115707,chapter-b3-general-development,Woollahra_DCP_2015__chapter_b3_general_development,Woollahra_DCP_2015__chapter_b3_general_development__B3_8_7 C18,,True
115708,chapter-b3-general-development,Woollahra_DCP_2015__chapter_b3_general_development,Woollahra_DCP_2015__chapter_b3_general_development__B3_8_7 C19,,True
115686,chapter-b3-general-development,Woollahra_DCP_2015__chapter_b3_general_development,Woollahra_DCP_2015__chapter_b3_general_development__B3_8_7 C2,,True
115709,chapter-b3-general-development,Woollahra_DCP_2015__chapter_b3_general_development,Woollahra_DCP_2015__chapter_b3_general_development__B3_8_7 C20,,True
115710,chapter-b3-general-development,Woollahra_DCP_2015__chapter_b3_general_development,Woollahra_DCP_2015__chapter_b3_general_development__B3_8_7 C21,,True
115711,chapter-b3-general-development,Woollahra_DCP_2015__chapter_b3_general_development,Woollahra_DCP_2015__chapter_b3_general_development__B3_8_7 C22,,True
115713,chapter-b3-general-development,Woollahra_DCP_2015__chapter_b3_general_development,Woollahra_DCP_2015__chapter_b3_general_development__B3_8_7 C23,,True
115714,chapter-b3-general-development,Woollahra_DCP_2015__chapter_b3_general_development,Woollahra_DCP_2015__chapter_b3_general_development__B3_8_7 C24,,True
115716,chapter-b3-general-development,Woollahra_DCP_2015__chapter_b3_general_development,Woollahra_DCP_2015__chapter_b3_general_development__B3_8_7 C25,,True
115717,chapter-b3-general-development,Woollahra_DCP_2015__chapter_b3_general_development,Woollahra_DCP_2015__chapter_b3_general_development__B3_8_7 C26,,True
115718,chapter-b3-general-development,Woollahra_DCP_2015__chapter_b3_general_development,Woollahra_DCP_2015__chapter_b3_general_development__B3_8_7 C27,,True
115719,chapter-b3-general-development,Woollahra_DCP_2015__chapter_b3_general_development,Woollahra_DCP_2015__chapter_b3_general_development__B3_8_7 C28,,True
115720,chapter-b3-general-development,Woollahra_DCP_2015__chapter_b3_general_development,Woollahra_DCP_2015__chapter_b3_general_development__B3_8_7 C29,,True
115721,chapter-b3-general-development,Woollahra_DCP_2015__chapter_b3_general_development,Woollahra_DCP_2015__chapter_b3_general_development__B3_8_7 C30,,True
115723,chapter-b3-general-development,Woollahra_DCP_2015__chapter_b3_general_development,Woollahra_DCP_2015__chapter_b3_general_development__B3_8_7 C31,,True
115725,chapter-b3-general-development,Woollahra_DCP_2015__chapter_b3_general_development,Woollahra_DCP_2015__chapter_b3_general_development__B3_8_7 C32,,True
115726,chapter-b3-general-development,Woollahra_DCP_2015__chapter_b3_general_development,Woollahra_DCP_2015__chapter_b3_general_development__B3_8_7 C33,,True
115727,chapter-b3-general-development,Woollahra_DCP_2015__chapter_b3_general_development,Woollahra_DCP_2015__chapter_b3_general_development__B3_8_7 C34,,True
115728,chapter-b3-general-development,Woollahra_DCP_2015__chapter_b3_general_development,Woollahra_DCP_2015__chapter_b3_general_development__B3_8_7 C35,,True
115730,chapter-b3-general-development,Woollahra_DCP_2015__chapter_b3_general_development,Woollahra_DCP_2015__chapter_b3_general_development__B3_8_7 C36,,True
115731,chapter-b3-general-development,Woollahra_DCP_2015__chapter_b3_general_development,Woollahra_DCP_2015__chapter_b3_general_development__B3_8_7 C37,,True
115732,chapter-b3-general-development,Woollahra_DCP_2015__chapter_b3_general_development,Woollahra_DCP_2015__chapter_b3_general_development__B3_8_7 C38,,True
115733,chapter-b3-general-development,Woollahra_DCP_2015__chapter_b3_general_development,Woollahra_DCP_2015__chapter_b3_general_development__B3_8_7 C39,,True
115689,chapter-b3-general-development,Woollahra_DCP_2015__chapter_b3_general_development,Woollahra_DCP_2015__chapter_b3_general_development__B3_8_7 C4,,True
115734,chapter-b3-general-development,Woollahra_DCP_2015__chapter_b3_general_development,Woollahra_DCP_2015__chapter_b3_general_development__B3_8_7 C40,,True
115735,chapter-b3-general-development,Woollahra_DCP_2015__chapter_b3_general_development,Woollahra_DCP_2015__chapter_b3_general_development__B3_8_7 C41,,True
115736,chapter-b3-general-development,Woollahra_DCP_2015__chapter_b3_general_development,Woollahra_DCP_2015__chapter_b3_general_development__B3_8_7 C42,,True
115737,chapter-b3-general-development,Woollahra_DCP_2015__chapter_b3_general_development,Woollahra_DCP_2015__chapter_b3_general_development__B3_8_7 C43,,True
115738,chapter-b3-general-development,Woollahra_DCP_2015__chapter_b3_general_development,Woollahra_DCP_2015__chapter_b3_general_development__B3_8_7 C44,,True
115739,chapter-b3-general-development,Woollahra_DCP_2015__chapter_b3_general_development,Woollahra_DCP_2015__chapter_b3_general_development__B3_8_7 C45,,True
115740,chapter-b3-general-development,Woollahra_DCP_2015__chapter_b3_general_development,Woollahra_DCP_2015__chapter_b3_general_development__B3_8_7 C46,,True
115742,chapter-b3-general-development,Woollahra_DCP_2015__chapter_b3_general_development,Woollahra_DCP_2015__chapter_b3_general_development__B3_8_7 C47,,True
115743,chapter-b3-general-development,Woollahra_DCP_2015__chapter_b3_general_development,Woollahra_DCP_2015__chapter_b3_general_development__B3_8_7 C48,,True
115745,chapter-b3-general-development,Woollahra_DCP_2015__chapter_b3_general_development,Woollahra_DCP_2015__chapter_b3_general_development__B3_8_7 C49,,True
115690,chapter-b3-general-development,Woollahra_DCP_2015__chapter_b3_general_development,Woollahra_DCP_2015__chapter_b3_general_development__B3_8_7 C5,,True
115691,chapter-b3-general-development,Woollahra_DCP_2015__chapter_b3_general_development,Woollahra_DCP_2015__chapter_b3_general_development__B3_8_7 C6,,True
115692,chapter-b3-general-development,Woollahra_DCP_2015__chapter_b3_general_development,Woollahra_DCP_2015__chapter_b3_general_development__B3_8_7 C7,,True
115693,chapter-b3-general-development,Woollahra_DCP_2015__chapter_b3_general_development,Woollahra_DCP_2015__chapter_b3_general_development__B3_8_7 C8,,True
115695,chapter-b3-general-development,Woollahra_DCP_2015__chapter_b3_general_development,Woollahra_DCP_2015__chapter_b3_general_development__B3_8_7 C9,,True
115683,chapter-b3-general-development,Woollahra_DCP_2015__chapter_b3_general_development,Woollahra_DCP_2015__chapter_b3_general_development__B3_8_7 O1,,True
115712,chapter-b3-general-development,Woollahra_DCP_2015__chapter_b3_general_development,Woollahra_DCP_2015__chapter_b3_general_development__B3_8_7 O10,,True
115715,chapter-b3-general-development,Woollahra_DCP_2015__chapter_b3_general_development,Woollahra_DCP_2015__chapter_b3_general_development__B3_8_7 O11,,True
115722,chapter-b3-general-development,Woollahra_DCP_2015__chapter_b3_general_development,Woollahra_DCP_2015__chapter_b3_general_development__B3_8_7 O12,,True
115724,chapter-b3-general-development,Woollahra_DCP_2015__chapter_b3_general_development,Woollahra_DCP_2015__chapter_b3_general_development__B3_8_7 O13,,True
115729,chapter-b3-general-development,Woollahra_DCP_2015__chapter_b3_general_development,Woollahra_DCP_2015__chapter_b3_general_development__B3_8_7 O14,,True
115741,chapter-b3-general-development,Woollahra_DCP_2015__chapter_b3_general_development,Woollahra_DCP_2015__chapter_b3_general_development__B3_8_7 O15,,True
115744,chapter-b3-general-development,Woollahra_DCP_2015__chapter_b3_general_development,Woollahra_DCP_2015__chapter_b3_general_development__B3_8_7 O16,,True
115685,chapter-b3-general-development,Woollahra_DCP_2015__chapter_b3_general_development,Woollahra_DCP_2015__chapter_b3_general_development__B3_8_7 O2,,True
115687,chapter-b3-general-development,Woollahra_DCP_2015__chapter_b3_general_development,Woollahra_DCP_2015__chapter_b3_general_development__B3_8_7 O3,,True
115688,chapter-b3-general-development,Woollahra_DCP_2015__chapter_b3_general_development,Woollahra_DCP_2015__chapter_b3_general_development__B3_8_7 O4,,True
115694,chapter-b3-general-development,Woollahra_DCP_2015__chapter_b3_general_development,Woollahra_DCP_2015__chapter_b3_general_development__B3_8_7 O6,,True
115698,chapter-b3-general-development,Woollahra_DCP_2015__chapter_b3_general_development,Woollahra_DCP_2015__chapter_b3_general_development__B3_8_7 O7,,True
115700,chapter-b3-general-development,Woollahra_DCP_2015__chapter_b3_general_development,Woollahra_DCP_2015__chapter_b3_general_development__B3_8_7 O8,,True
115706,chapter-b3-general-development,Woollahra_DCP_2015__chapter_b3_general_development,Woollahra_DCP_2015__chapter_b3_general_development__B3_8_7 O9,,True
115748,chapter-b3-general-development,Woollahra_DCP_2015__chapter_b3_general_development,Woollahra_DCP_2015__chapter_b3_general_development__B3_8_8 C1,,True
115746,chapter-b3-general-development,Woollahra_DCP_2015__chapter_b3_general_development,Woollahra_DCP_2015__chapter_b3_general_development__B3_8_8 O1,,True
115747,chapter-b3-general-development,Woollahra_DCP_2015__chapter_b3_general_development,Woollahra_DCP_2015__chapter_b3_general_development__B3_8_8 O2,,True
115749,chapter-b3-general-development,Woollahra_DCP_2015__chapter_b3_general_development,Woollahra_DCP_2015__chapter_b3_general_development__B3_8_9 C1,,True
115750,chapter-b3-general-development,Woollahra_DCP_2015__chapter_b3_general_development,Woollahra_DCP_2015__chapter_b3_general_development__B3_8_9 C2,,True
115751,chapter-b3-general-development,Woollahra_DCP_2015__chapter_b3_general_development,Woollahra_DCP_2015__chapter_b3_general_development__B3_8_9 C3,,True
115752,chapter-b3-general-development,Woollahra_DCP_2015__chapter_b3_general_development,Woollahra_DCP_2015__chapter_b3_general_development__B3_8_9 C4,,True
115756,chapter-b3-general-development,Woollahra_DCP_2015__chapter_b3_general_development,Woollahra_DCP_2015__chapter_b3_general_development__B3_9 C1,,True
115757,chapter-b3-general-development,Woollahra_DCP_2015__chapter_b3_general_development,Woollahra_DCP_2015__chapter_b3_general_development__B3_9 C2,,True
115758,chapter-b3-general-development,Woollahra_DCP_2015__chapter_b3_general_development,Woollahra_DCP_2015__chapter_b3_general_development__B3_9 C3,,True
115759,chapter-b3-general-development,Woollahra_DCP_2015__chapter_b3_general_development,Woollahra_DCP_2015__chapter_b3_general_development__B3_9 C4,,True
115760,chapter-b3-general-development,Woollahra_DCP_2015__chapter_b3_general_development,Woollahra_DCP_2015__chapter_b3_general_development__B3_9 C5,,True
115761,chapter-b3-general-development,Woollahra_DCP_2015__chapter_b3_general_development,Woollahra_DCP_2015__chapter_b3_general_development__B3_9 C6,,True
115762,chapter-b3-general-development,Woollahra_DCP_2015__chapter_b3_general_development,Woollahra_DCP_2015__chapter_b3_general_development__B3_9 C7,,True
115763,chapter-b3-general-development,Woollahra_DCP_2015__chapter_b3_general_development,Woollahra_DCP_2015__chapter_b3_general_development__B3_9 C8,,True
115753,chapter-b3-general-development,Woollahra_DCP_2015__chapter_b3_general_development,Woollahra_DCP_2015__chapter_b3_general_development__B3_9 O1,,True
115754,chapter-b3-general-development,Woollahra_DCP_2015__chapter_b3_general_development,Woollahra_DCP_2015__chapter_b3_general_development__B3_9 O2,,True
115755,chapter-b3-general-development,Woollahra_DCP_2015__chapter_b3_general_development,Woollahra_DCP_2015__chapter_b3_general_development__B3_9 O3,,True
117239,chapter-c2-woollahra-hca,Woollahra_DCP_2015__chapter_c2_woollahra_hca,Woollahra_DCP_2015__chapter_c2_woollahra_hca__1_1,,True
117255,chapter-c2-woollahra-hca,Woollahra_DCP_2015__chapter_c2_woollahra_hca,Woollahra_DCP_2015__chapter_c2_woollahra_hca__1_10,,True
117256,chapter-c2-woollahra-hca,Woollahra_DCP_2015__chapter_c2_woollahra_hca,Woollahra_DCP_2015__chapter_c2_woollahra_hca__1_11,,True
117262,chapter-c2-woollahra-hca,Woollahra_DCP_2015__chapter_c2_woollahra_hca,Woollahra_DCP_2015__chapter_c2_woollahra_hca__1_11 C1,,True
117263,chapter-c2-woollahra-hca,Woollahra_DCP_2015__chapter_c2_woollahra_hca,Woollahra_DCP_2015__chapter_c2_woollahra_hca__1_11 C2,,True
117264,chapter-c2-woollahra-hca,Woollahra_DCP_2015__chapter_c2_woollahra_hca,Woollahra_DCP_2015__chapter_c2_woollahra_hca__1_11 C3,,True
117265,chapter-c2-woollahra-hca,Woollahra_DCP_2015__chapter_c2_woollahra_hca,Woollahra_DCP_2015__chapter_c2_woollahra_hca__1_11 C4,,True
117257,chapter-c2-woollahra-hca,Woollahra_DCP_2015__chapter_c2_woollahra_hca,Woollahra_DCP_2015__chapter_c2_woollahra_hca__1_11 O1,,True
117258,chapter-c2-woollahra-hca,Woollahra_DCP_2015__chapter_c2_woollahra_hca,Woollahra_DCP_2015__chapter_c2_woollahra_hca__1_11 O2,,True
117259,chapter-c2-woollahra-hca,Woollahra_DCP_2015__chapter_c2_woollahra_hca,Woollahra_DCP_2015__chapter_c2_woollahra_hca__1_11 O3,,True
117260,chapter-c2-woollahra-hca,Woollahra_DCP_2015__chapter_c2_woollahra_hca,Woollahra_DCP_2015__chapter_c2_woollahra_hca__1_11 O4,,True
117261,chapter-c2-woollahra-hca,Woollahra_DCP_2015__chapter_c2_woollahra_hca,Woollahra_DCP_2015__chapter_c2_woollahra_hca__1_11 O5,,True
117240,chapter-c2-woollahra-hca,Woollahra_DCP_2015__chapter_c2_woollahra_hca,Woollahra_DCP_2015__chapter_c2_woollahra_hca__1_2,,True
117241,chapter-c2-woollahra-hca,Woollahra_DCP_2015__chapter_c2_woollahra_hca,Woollahra_DCP_2015__chapter_c2_woollahra_hca__1_3,,True
117242,chapter-c2-woollahra-hca,Woollahra_DCP_2015__chapter_c2_woollahra_hca,Woollahra_DCP_2015__chapter_c2_woollahra_hca__1_4,,True
117243,chapter-c2-woollahra-hca,Woollahra_DCP_2015__chapter_c2_woollahra_hca,Woollahra_DCP_2015__chapter_c2_woollahra_hca__1_5,,True
117245,chapter-c2-woollahra-hca,Woollahra_DCP_2015__chapter_c2_woollahra_hca,Woollahra_DCP_2015__chapter_c2_woollahra_hca__1_5 C1,,True
117246,chapter-c2-woollahra-hca,Woollahra_DCP_2015__chapter_c2_woollahra_hca,Woollahra_DCP_2015__chapter_c2_woollahra_hca__1_5 C2,,True
117247,chapter-c2-woollahra-hca,Woollahra_DCP_2015__chapter_c2_woollahra_hca,Woollahra_DCP_2015__chapter_c2_woollahra_hca__1_5 C3,,True
117244,chapter-c2-woollahra-hca,Woollahra_DCP_2015__chapter_c2_woollahra_hca,Woollahra_DCP_2015__chapter_c2_woollahra_hca__1_5 O1,,True
117248,chapter-c2-woollahra-hca,Woollahra_DCP_2015__chapter_c2_woollahra_hca,Woollahra_DCP_2015__chapter_c2_woollahra_hca__1_6 O1,,True
117249,chapter-c2-woollahra-hca,Woollahra_DCP_2015__chapter_c2_woollahra_hca,Woollahra_DCP_2015__chapter_c2_woollahra_hca__1_7_1,,True
117250,chapter-c2-woollahra-hca,Woollahra_DCP_2015__chapter_c2_woollahra_hca,Woollahra_DCP_2015__chapter_c2_woollahra_hca__1_7_2,,True
117251,chapter-c2-woollahra-hca,Woollahra_DCP_2015__chapter_c2_woollahra_hca,Woollahra_DCP_2015__chapter_c2_woollahra_hca__1_7_3,,True
117252,chapter-c2-woollahra-hca,Woollahra_DCP_2015__chapter_c2_woollahra_hca,Woollahra_DCP_2015__chapter_c2_woollahra_hca__1_7_4,,True
117253,chapter-c2-woollahra-hca,Woollahra_DCP_2015__chapter_c2_woollahra_hca,Woollahra_DCP_2015__chapter_c2_woollahra_hca__1_8,,True
117254,chapter-c2-woollahra-hca,Woollahra_DCP_2015__chapter_c2_woollahra_hca,Woollahra_DCP_2015__chapter_c2_woollahra_hca__1_9,,True
117266,chapter-c2-woollahra-hca,Woollahra_DCP_2015__chapter_c2_woollahra_hca,Woollahra_DCP_2015__chapter_c2_woollahra_hca__2_1,,True
117267,chapter-c2-woollahra-hca,Woollahra_DCP_2015__chapter_c2_woollahra_hca,Woollahra_DCP_2015__chapter_c2_woollahra_hca__2_2,,True
117268,chapter-c2-woollahra-hca,Woollahra_DCP_2015__chapter_c2_woollahra_hca,Woollahra_DCP_2015__chapter_c2_woollahra_hca__2_3,,True
117269,chapter-c2-woollahra-hca,Woollahra_DCP_2015__chapter_c2_woollahra_hca,Woollahra_DCP_2015__chapter_c2_woollahra_hca__2_4,,True
117270,chapter-c2-woollahra-hca,Woollahra_DCP_2015__chapter_c2_woollahra_hca,Woollahra_DCP_2015__chapter_c2_woollahra_hca__2_5,,True
117271,chapter-c2-woollahra-hca,Woollahra_DCP_2015__chapter_c2_woollahra_hca,Woollahra_DCP_2015__chapter_c2_woollahra_hca__2_5 O1,,True
117272,chapter-c2-woollahra-hca,Woollahra_DCP_2015__chapter_c2_woollahra_hca,Woollahra_DCP_2015__chapter_c2_woollahra_hca__3_1_7 O1,,True
117282,chapter-c2-woollahra-hca,Woollahra_DCP_2015__chapter_c2_woollahra_hca,Woollahra_DCP_2015__chapter_c2_woollahra_hca__3_2_1 C1,,True
117283,chapter-c2-woollahra-hca,Woollahra_DCP_2015__chapter_c2_woollahra_hca,Woollahra_DCP_2015__chapter_c2_woollahra_hca__3_2_1 C2,,True
117284,chapter-c2-woollahra-hca,Woollahra_DCP_2015__chapter_c2_woollahra_hca,Woollahra_DCP_2015__chapter_c2_woollahra_hca__3_2_1 C3,,True
117285,chapter-c2-woollahra-hca,Woollahra_DCP_2015__chapter_c2_woollahra_hca,Woollahra_DCP_2015__chapter_c2_woollahra_hca__3_2_1 C4,,True
117286,chapter-c2-woollahra-hca,Woollahra_DCP_2015__chapter_c2_woollahra_hca,Woollahra_DCP_2015__chapter_c2_woollahra_hca__3_2_1 C5,,True
117287,chapter-c2-woollahra-hca,Woollahra_DCP_2015__chapter_c2_woollahra_hca,Woollahra_DCP_2015__chapter_c2_woollahra_hca__3_2_1 C6,,True
117288,chapter-c2-woollahra-hca,Woollahra_DCP_2015__chapter_c2_woollahra_hca,Woollahra_DCP_2015__chapter_c2_woollahra_hca__3_2_1 C7,,True
117289,chapter-c2-woollahra-hca,Woollahra_DCP_2015__chapter_c2_woollahra_hca,Woollahra_DCP_2015__chapter_c2_woollahra_hca__3_2_1 C8,,True
117278,chapter-c2-woollahra-hca,Woollahra_DCP_2015__chapter_c2_woollahra_hca,Woollahra_DCP_2015__chapter_c2_woollahra_hca__3_2_1 O1,,True
117279,chapter-c2-woollahra-hca,Woollahra_DCP_2015__chapter_c2_woollahra_hca,Woollahra_DCP_2015__chapter_c2_woollahra_hca__3_2_1 O2,,True
117280,chapter-c2-woollahra-hca,Woollahra_DCP_2015__chapter_c2_woollahra_hca,Woollahra_DCP_2015__chapter_c2_woollahra_hca__3_2_1 O3,,True
117281,chapter-c2-woollahra-hca,Woollahra_DCP_2015__chapter_c2_woollahra_hca,Woollahra_DCP_2015__chapter_c2_woollahra_hca__3_2_1 O4,,True
117292,chapter-c2-woollahra-hca,Woollahra_DCP_2015__chapter_c2_woollahra_hca,Woollahra_DCP_2015__chapter_c2_woollahra_hca__3_2_2 C1,,True
117293,chapter-c2-woollahra-hca,Woollahra_DCP_2015__chapter_c2_woollahra_hca,Woollahra_DCP_2015__chapter_c2_woollahra_hca__3_2_2 C2,,True
117294,chapter-c2-woollahra-hca,Woollahra_DCP_2015__chapter_c2_woollahra_hca,Woollahra_DCP_2015__chapter_c2_woollahra_hca__3_2_2 C3,,True
117295,chapter-c2-woollahra-hca,Woollahra_DCP_2015__chapter_c2_woollahra_hca,Woollahra_DCP_2015__chapter_c2_woollahra_hca__3_2_2 C4,,True
117296,chapter-c2-woollahra-hca,Woollahra_DCP_2015__chapter_c2_woollahra_hca,Woollahra_DCP_2015__chapter_c2_woollahra_hca__3_2_2 C5,,True
117290,chapter-c2-woollahra-hca,Woollahra_DCP_2015__chapter_c2_woollahra_hca,Woollahra_DCP_2015__chapter_c2_woollahra_hca__3_2_2 O1,,True
117291,chapter-c2-woollahra-hca,Woollahra_DCP_2015__chapter_c2_woollahra_hca,Woollahra_DCP_2015__chapter_c2_woollahra_hca__3_2_2 O2,,True
117300,chapter-c2-woollahra-hca,Woollahra_DCP_2015__chapter_c2_woollahra_hca,Woollahra_DCP_2015__chapter_c2_woollahra_hca__3_2_3 C1,,True
117301,chapter-c2-woollahra-hca,Woollahra_DCP_2015__chapter_c2_woollahra_hca,Woollahra_DCP_2015__chapter_c2_woollahra_hca__3_2_3 C2,,True
117302,chapter-c2-woollahra-hca,Woollahra_DCP_2015__chapter_c2_woollahra_hca,Woollahra_DCP_2015__chapter_c2_woollahra_hca__3_2_3 C3,,True
117303,chapter-c2-woollahra-hca,Woollahra_DCP_2015__chapter_c2_woollahra_hca,Woollahra_DCP_2015__chapter_c2_woollahra_hca__3_2_3 C4,,True
117304,chapter-c2-woollahra-hca,Woollahra_DCP_2015__chapter_c2_woollahra_hca,Woollahra_DCP_2015__chapter_c2_woollahra_hca__3_2_3 C5,,True
117305,chapter-c2-woollahra-hca,Woollahra_DCP_2015__chapter_c2_woollahra_hca,Woollahra_DCP_2015__chapter_c2_woollahra_hca__3_2_3 C6,,True
117306,chapter-c2-woollahra-hca,Woollahra_DCP_2015__chapter_c2_woollahra_hca,Woollahra_DCP_2015__chapter_c2_woollahra_hca__3_2_3 C7,,True
117307,chapter-c2-woollahra-hca,Woollahra_DCP_2015__chapter_c2_woollahra_hca,Woollahra_DCP_2015__chapter_c2_woollahra_hca__3_2_3 C8,,True
117308,chapter-c2-woollahra-hca,Woollahra_DCP_2015__chapter_c2_woollahra_hca,Woollahra_DCP_2015__chapter_c2_woollahra_hca__3_2_3 C9,,True
117297,chapter-c2-woollahra-hca,Woollahra_DCP_2015__chapter_c2_woollahra_hca,Woollahra_DCP_2015__chapter_c2_woollahra_hca__3_2_3 O1,,True
117298,chapter-c2-woollahra-hca,Woollahra_DCP_2015__chapter_c2_woollahra_hca,Woollahra_DCP_2015__chapter_c2_woollahra_hca__3_2_3 O2,,True
117299,chapter-c2-woollahra-hca,Woollahra_DCP_2015__chapter_c2_woollahra_hca,Woollahra_DCP_2015__chapter_c2_woollahra_hca__3_2_3 O3,,True
117311,chapter-c2-woollahra-hca,Woollahra_DCP_2015__chapter_c2_woollahra_hca,Woollahra_DCP_2015__chapter_c2_woollahra_hca__3_2_4 C1,,True
117320,chapter-c2-woollahra-hca,Woollahra_DCP_2015__chapter_c2_woollahra_hca,Woollahra_DCP_2015__chapter_c2_woollahra_hca__3_2_4 C10,,True
117321,chapter-c2-woollahra-hca,Woollahra_DCP_2015__chapter_c2_woollahra_hca,Woollahra_DCP_2015__chapter_c2_woollahra_hca__3_2_4 C11,,True
117322,chapter-c2-woollahra-hca,Woollahra_DCP_2015__chapter_c2_woollahra_hca,Woollahra_DCP_2015__chapter_c2_woollahra_hca__3_2_4 C12,,True
117323,chapter-c2-woollahra-hca,Woollahra_DCP_2015__chapter_c2_woollahra_hca,Woollahra_DCP_2015__chapter_c2_woollahra_hca__3_2_4 C13,,True
117324,chapter-c2-woollahra-hca,Woollahra_DCP_2015__chapter_c2_woollahra_hca,Woollahra_DCP_2015__chapter_c2_woollahra_hca__3_2_4 C14,,True
117325,chapter-c2-woollahra-hca,Woollahra_DCP_2015__chapter_c2_woollahra_hca,Woollahra_DCP_2015__chapter_c2_woollahra_hca__3_2_4 C15,,True
117326,chapter-c2-woollahra-hca,Woollahra_DCP_2015__chapter_c2_woollahra_hca,Woollahra_DCP_2015__chapter_c2_woollahra_hca__3_2_4 C16,,True
117327,chapter-c2-woollahra-hca,Woollahra_DCP_2015__chapter_c2_woollahra_hca,Woollahra_DCP_2015__chapter_c2_woollahra_hca__3_2_4 C17,,True
117328,chapter-c2-woollahra-hca,Woollahra_DCP_2015__chapter_c2_woollahra_hca,Woollahra_DCP_2015__chapter_c2_woollahra_hca__3_2_4 C18,,True
117329,chapter-c2-woollahra-hca,Woollahra_DCP_2015__chapter_c2_woollahra_hca,Woollahra_DCP_2015__chapter_c2_woollahra_hca__3_2_4 C19,,True
117312,chapter-c2-woollahra-hca,Woollahra_DCP_2015__chapter_c2_woollahra_hca,Woollahra_DCP_2015__chapter_c2_woollahra_hca__3_2_4 C2,,True
117330,chapter-c2-woollahra-hca,Woollahra_DCP_2015__chapter_c2_woollahra_hca,Woollahra_DCP_2015__chapter_c2_woollahra_hca__3_2_4 C20,,True
117331,chapter-c2-woollahra-hca,Woollahra_DCP_2015__chapter_c2_woollahra_hca,Woollahra_DCP_2015__chapter_c2_woollahra_hca__3_2_4 C21,,True
117332,chapter-c2-woollahra-hca,Woollahra_DCP_2015__chapter_c2_woollahra_hca,Woollahra_DCP_2015__chapter_c2_woollahra_hca__3_2_4 C22,,True
117333,chapter-c2-woollahra-hca,Woollahra_DCP_2015__chapter_c2_woollahra_hca,Woollahra_DCP_2015__chapter_c2_woollahra_hca__3_2_4 C23,,True
117334,chapter-c2-woollahra-hca,Woollahra_DCP_2015__chapter_c2_woollahra_hca,Woollahra_DCP_2015__chapter_c2_woollahra_hca__3_2_4 C24,,True
117313,chapter-c2-woollahra-hca,Woollahra_DCP_2015__chapter_c2_woollahra_hca,Woollahra_DCP_2015__chapter_c2_woollahra_hca__3_2_4 C3,,True
117314,chapter-c2-woollahra-hca,Woollahra_DCP_2015__chapter_c2_woollahra_hca,Woollahra_DCP_2015__chapter_c2_woollahra_hca__3_2_4 C4,,True
117315,chapter-c2-woollahra-hca,Woollahra_DCP_2015__chapter_c2_woollahra_hca,Woollahra_DCP_2015__chapter_c2_woollahra_hca__3_2_4 C5,,True
117316,chapter-c2-woollahra-hca,Woollahra_DCP_2015__chapter_c2_woollahra_hca,Woollahra_DCP_2015__chapter_c2_woollahra_hca__3_2_4 C6,,True
117317,chapter-c2-woollahra-hca,Woollahra_DCP_2015__chapter_c2_woollahra_hca,Woollahra_DCP_2015__chapter_c2_woollahra_hca__3_2_4 C7,,True
117318,chapter-c2-woollahra-hca,Woollahra_DCP_2015__chapter_c2_woollahra_hca,Woollahra_DCP_2015__chapter_c2_woollahra_hca__3_2_4 C8,,True
117319,chapter-c2-woollahra-hca,Woollahra_DCP_2015__chapter_c2_woollahra_hca,Woollahra_DCP_2015__chapter_c2_woollahra_hca__3_2_4 C9,,True
117309,chapter-c2-woollahra-hca,Woollahra_DCP_2015__chapter_c2_woollahra_hca,Woollahra_DCP_2015__chapter_c2_woollahra_hca__3_2_4 O1,,True
117310,chapter-c2-woollahra-hca,Woollahra_DCP_2015__chapter_c2_woollahra_hca,Woollahra_DCP_2015__chapter_c2_woollahra_hca__3_2_4 O2,,True
117337,chapter-c2-woollahra-hca,Woollahra_DCP_2015__chapter_c2_woollahra_hca,Woollahra_DCP_2015__chapter_c2_woollahra_hca__3_2_5 C1,,True
117338,chapter-c2-woollahra-hca,Woollahra_DCP_2015__chapter_c2_woollahra_hca,Woollahra_DCP_2015__chapter_c2_woollahra_hca__3_2_5 C2,,True
117339,chapter-c2-woollahra-hca,Woollahra_DCP_2015__chapter_c2_woollahra_hca,Woollahra_DCP_2015__chapter_c2_woollahra_hca__3_2_5 C3,,True
117340,chapter-c2-woollahra-hca,Woollahra_DCP_2015__chapter_c2_woollahra_hca,Woollahra_DCP_2015__chapter_c2_woollahra_hca__3_2_5 C4,,True
117341,chapter-c2-woollahra-hca,Woollahra_DCP_2015__chapter_c2_woollahra_hca,Woollahra_DCP_2015__chapter_c2_woollahra_hca__3_2_5 C5,,True
117342,chapter-c2-woollahra-hca,Woollahra_DCP_2015__chapter_c2_woollahra_hca,Woollahra_DCP_2015__chapter_c2_woollahra_hca__3_2_5 C6,,True
117335,chapter-c2-woollahra-hca,Woollahra_DCP_2015__chapter_c2_woollahra_hca,Woollahra_DCP_2015__chapter_c2_woollahra_hca__3_2_5 O1,,True
117336,chapter-c2-woollahra-hca,Woollahra_DCP_2015__chapter_c2_woollahra_hca,Woollahra_DCP_2015__chapter_c2_woollahra_hca__3_2_5 O2,,True
117345,chapter-c2-woollahra-hca,Woollahra_DCP_2015__chapter_c2_woollahra_hca,Woollahra_DCP_2015__chapter_c2_woollahra_hca__3_2_6 C1,,True
117346,chapter-c2-woollahra-hca,Woollahra_DCP_2015__chapter_c2_woollahra_hca,Woollahra_DCP_2015__chapter_c2_woollahra_hca__3_2_6 C2,,True
117347,chapter-c2-woollahra-hca,Woollahra_DCP_2015__chapter_c2_woollahra_hca,Woollahra_DCP_2015__chapter_c2_woollahra_hca__3_2_6 C3,,True
117348,chapter-c2-woollahra-hca,Woollahra_DCP_2015__chapter_c2_woollahra_hca,Woollahra_DCP_2015__chapter_c2_woollahra_hca__3_2_6 C4,,True
117343,chapter-c2-woollahra-hca,Woollahra_DCP_2015__chapter_c2_woollahra_hca,Woollahra_DCP_2015__chapter_c2_woollahra_hca__3_2_6 O1,,True
117344,chapter-c2-woollahra-hca,Woollahra_DCP_2015__chapter_c2_woollahra_hca,Woollahra_DCP_2015__chapter_c2_woollahra_hca__3_2_6 O2,,True
117350,chapter-c2-woollahra-hca,Woollahra_DCP_2015__chapter_c2_woollahra_hca,Woollahra_DCP_2015__chapter_c2_woollahra_hca__3_2_7 C1,,True
117351,chapter-c2-woollahra-hca,Woollahra_DCP_2015__chapter_c2_woollahra_hca,Woollahra_DCP_2015__chapter_c2_woollahra_hca__3_2_7 C2,,True
117349,chapter-c2-woollahra-hca,Woollahra_DCP_2015__chapter_c2_woollahra_hca,Woollahra_DCP_2015__chapter_c2_woollahra_hca__3_2_7 O1,,True
117353,chapter-c2-woollahra-hca,Woollahra_DCP_2015__chapter_c2_woollahra_hca,Woollahra_DCP_2015__chapter_c2_woollahra_hca__3_3_1 C1,,True
117354,chapter-c2-woollahra-hca,Woollahra_DCP_2015__chapter_c2_woollahra_hca,Woollahra_DCP_2015__chapter_c2_woollahra_hca__3_3_1 C2,,True
117355,chapter-c2-woollahra-hca,Woollahra_DCP_2015__chapter_c2_woollahra_hca,Woollahra_DCP_2015__chapter_c2_woollahra_hca__3_3_1 C3,,True
117356,chapter-c2-woollahra-hca,Woollahra_DCP_2015__chapter_c2_woollahra_hca,Woollahra_DCP_2015__chapter_c2_woollahra_hca__3_3_1 C4,,True
117357,chapter-c2-woollahra-hca,Woollahra_DCP_2015__chapter_c2_woollahra_hca,Woollahra_DCP_2015__chapter_c2_woollahra_hca__3_3_1 C5,,True
117352,chapter-c2-woollahra-hca,Woollahra_DCP_2015__chapter_c2_woollahra_hca,Woollahra_DCP_2015__chapter_c2_woollahra_hca__3_3_1 O1,,True
117428,chapter-c2-woollahra-hca,Woollahra_DCP_2015__chapter_c2_woollahra_hca,Woollahra_DCP_2015__chapter_c2_woollahra_hca__3_3_10 C1,,True
117427,chapter-c2-woollahra-hca,Woollahra_DCP_2015__chapter_c2_woollahra_hca,Woollahra_DCP_2015__chapter_c2_woollahra_hca__3_3_10 O1,,True
117430,chapter-c2-woollahra-hca,Woollahra_DCP_2015__chapter_c2_woollahra_hca,Woollahra_DCP_2015__chapter_c2_woollahra_hca__3_3_11 C1,,True
117431,chapter-c2-woollahra-hca,Woollahra_DCP_2015__chapter_c2_woollahra_hca,Woollahra_DCP_2015__chapter_c2_woollahra_hca__3_3_11 C2,,True
117432,chapter-c2-woollahra-hca,Woollahra_DCP_2015__chapter_c2_woollahra_hca,Woollahra_DCP_2015__chapter_c2_woollahra_hca__3_3_11 C3,,True
117433,chapter-c2-woollahra-hca,Woollahra_DCP_2015__chapter_c2_woollahra_hca,Woollahra_DCP_2015__chapter_c2_woollahra_hca__3_3_11 C4,,True
117434,chapter-c2-woollahra-hca,Woollahra_DCP_2015__chapter_c2_woollahra_hca,Woollahra_DCP_2015__chapter_c2_woollahra_hca__3_3_11 C5,,True
117429,chapter-c2-woollahra-hca,Woollahra_DCP_2015__chapter_c2_woollahra_hca,Woollahra_DCP_2015__chapter_c2_woollahra_hca__3_3_11 O1,,True
117359,chapter-c2-woollahra-hca,Woollahra_DCP_2015__chapter_c2_woollahra_hca,Woollahra_DCP_2015__chapter_c2_woollahra_hca__3_3_2 C1,,True
117360,chapter-c2-woollahra-hca,Woollahra_DCP_2015__chapter_c2_woollahra_hca,Woollahra_DCP_2015__chapter_c2_woollahra_hca__3_3_2 C2,,True
117358,chapter-c2-woollahra-hca,Woollahra_DCP_2015__chapter_c2_woollahra_hca,Woollahra_DCP_2015__chapter_c2_woollahra_hca__3_3_2 O1,,True
117362,chapter-c2-woollahra-hca,Woollahra_DCP_2015__chapter_c2_woollahra_hca,Woollahra_DCP_2015__chapter_c2_woollahra_hca__3_3_3 C1,,True
117363,chapter-c2-woollahra-hca,Woollahra_DCP_2015__chapter_c2_woollahra_hca,Woollahra_DCP_2015__chapter_c2_woollahra_hca__3_3_3 C2,,True
117364,chapter-c2-woollahra-hca,Woollahra_DCP_2015__chapter_c2_woollahra_hca,Woollahra_DCP_2015__chapter_c2_woollahra_hca__3_3_3 C3,,True
117365,chapter-c2-woollahra-hca,Woollahra_DCP_2015__chapter_c2_woollahra_hca,Woollahra_DCP_2015__chapter_c2_woollahra_hca__3_3_3 C4,,True
117366,chapter-c2-woollahra-hca,Woollahra_DCP_2015__chapter_c2_woollahra_hca,Woollahra_DCP_2015__chapter_c2_woollahra_hca__3_3_3 C5,,True
117361,chapter-c2-woollahra-hca,Woollahra_DCP_2015__chapter_c2_woollahra_hca,Woollahra_DCP_2015__chapter_c2_woollahra_hca__3_3_3 O1,,True
117368,chapter-c2-woollahra-hca,Woollahra_DCP_2015__chapter_c2_woollahra_hca,Woollahra_DCP_2015__chapter_c2_woollahra_hca__3_3_4 C1,,True
117377,chapter-c2-woollahra-hca,Woollahra_DCP_2015__chapter_c2_woollahra_hca,Woollahra_DCP_2015__chapter_c2_woollahra_hca__3_3_4 C10,,True
117378,chapter-c2-woollahra-hca,Woollahra_DCP_2015__chapter_c2_woollahra_hca,Woollahra_DCP_2015__chapter_c2_woollahra_hca__3_3_4 C11,,True
117379,chapter-c2-woollahra-hca,Woollahra_DCP_2015__chapter_c2_woollahra_hca,Woollahra_DCP_2015__chapter_c2_woollahra_hca__3_3_4 C12,,True
117380,chapter-c2-woollahra-hca,Woollahra_DCP_2015__chapter_c2_woollahra_hca,Woollahra_DCP_2015__chapter_c2_woollahra_hca__3_3_4 C13,,True
117369,chapter-c2-woollahra-hca,Woollahra_DCP_2015__chapter_c2_woollahra_hca,Woollahra_DCP_2015__chapter_c2_woollahra_hca__3_3_4 C2,,True
117370,chapter-c2-woollahra-hca,Woollahra_DCP_2015__chapter_c2_woollahra_hca,Woollahra_DCP_2015__chapter_c2_woollahra_hca__3_3_4 C3,,True
117371,chapter-c2-woollahra-hca,Woollahra_DCP_2015__chapter_c2_woollahra_hca,Woollahra_DCP_2015__chapter_c2_woollahra_hca__3_3_4 C4,,True
117372,chapter-c2-woollahra-hca,Woollahra_DCP_2015__chapter_c2_woollahra_hca,Woollahra_DCP_2015__chapter_c2_woollahra_hca__3_3_4 C5,,True
117373,chapter-c2-woollahra-hca,Woollahra_DCP_2015__chapter_c2_woollahra_hca,Woollahra_DCP_2015__chapter_c2_woollahra_hca__3_3_4 C6,,True
117374,chapter-c2-woollahra-hca,Woollahra_DCP_2015__chapter_c2_woollahra_hca,Woollahra_DCP_2015__chapter_c2_woollahra_hca__3_3_4 C7,,True
117375,chapter-c2-woollahra-hca,Woollahra_DCP_2015__chapter_c2_woollahra_hca,Woollahra_DCP_2015__chapter_c2_woollahra_hca__3_3_4 C8,,True
117376,chapter-c2-woollahra-hca,Woollahra_DCP_2015__chapter_c2_woollahra_hca,Woollahra_DCP_2015__chapter_c2_woollahra_hca__3_3_4 C9,,True
117367,chapter-c2-woollahra-hca,Woollahra_DCP_2015__chapter_c2_woollahra_hca,Woollahra_DCP_2015__chapter_c2_woollahra_hca__3_3_4 O1,,True
117383,chapter-c2-woollahra-hca,Woollahra_DCP_2015__chapter_c2_woollahra_hca,Woollahra_DCP_2015__chapter_c2_woollahra_hca__3_3_5 C1,,True
117392,chapter-c2-woollahra-hca,Woollahra_DCP_2015__chapter_c2_woollahra_hca,Woollahra_DCP_2015__chapter_c2_woollahra_hca__3_3_5 C10,,True
117393,chapter-c2-woollahra-hca,Woollahra_DCP_2015__chapter_c2_woollahra_hca,Woollahra_DCP_2015__chapter_c2_woollahra_hca__3_3_5 C11,,True
117394,chapter-c2-woollahra-hca,Woollahra_DCP_2015__chapter_c2_woollahra_hca,Woollahra_DCP_2015__chapter_c2_woollahra_hca__3_3_5 C12,,True
117395,chapter-c2-woollahra-hca,Woollahra_DCP_2015__chapter_c2_woollahra_hca,Woollahra_DCP_2015__chapter_c2_woollahra_hca__3_3_5 C13,,True
117396,chapter-c2-woollahra-hca,Woollahra_DCP_2015__chapter_c2_woollahra_hca,Woollahra_DCP_2015__chapter_c2_woollahra_hca__3_3_5 C14,,True
117397,chapter-c2-woollahra-hca,Woollahra_DCP_2015__chapter_c2_woollahra_hca,Woollahra_DCP_2015__chapter_c2_woollahra_hca__3_3_5 C15,,True
117398,chapter-c2-woollahra-hca,Woollahra_DCP_2015__chapter_c2_woollahra_hca,Woollahra_DCP_2015__chapter_c2_woollahra_hca__3_3_5 C16,,True
117399,chapter-c2-woollahra-hca,Woollahra_DCP_2015__chapter_c2_woollahra_hca,Woollahra_DCP_2015__chapter_c2_woollahra_hca__3_3_5 C17,,True
117400,chapter-c2-woollahra-hca,Woollahra_DCP_2015__chapter_c2_woollahra_hca,Woollahra_DCP_2015__chapter_c2_woollahra_hca__3_3_5 C18,,True
117401,chapter-c2-woollahra-hca,Woollahra_DCP_2015__chapter_c2_woollahra_hca,Woollahra_DCP_2015__chapter_c2_woollahra_hca__3_3_5 C19,,True
117384,chapter-c2-woollahra-hca,Woollahra_DCP_2015__chapter_c2_woollahra_hca,Woollahra_DCP_2015__chapter_c2_woollahra_hca__3_3_5 C2,,True
117402,chapter-c2-woollahra-hca,Woollahra_DCP_2015__chapter_c2_woollahra_hca,Woollahra_DCP_2015__chapter_c2_woollahra_hca__3_3_5 C20,,True
117403,chapter-c2-woollahra-hca,Woollahra_DCP_2015__chapter_c2_woollahra_hca,Woollahra_DCP_2015__chapter_c2_woollahra_hca__3_3_5 C21,,True
117404,chapter-c2-woollahra-hca,Woollahra_DCP_2015__chapter_c2_woollahra_hca,Woollahra_DCP_2015__chapter_c2_woollahra_hca__3_3_5 C22,,True
117405,chapter-c2-woollahra-hca,Woollahra_DCP_2015__chapter_c2_woollahra_hca,Woollahra_DCP_2015__chapter_c2_woollahra_hca__3_3_5 C23,,True
117406,chapter-c2-woollahra-hca,Woollahra_DCP_2015__chapter_c2_woollahra_hca,Woollahra_DCP_2015__chapter_c2_woollahra_hca__3_3_5 C24,,True
117407,chapter-c2-woollahra-hca,Woollahra_DCP_2015__chapter_c2_woollahra_hca,Woollahra_DCP_2015__chapter_c2_woollahra_hca__3_3_5 C25,,True
117385,chapter-c2-woollahra-hca,Woollahra_DCP_2015__chapter_c2_woollahra_hca,Woollahra_DCP_2015__chapter_c2_woollahra_hca__3_3_5 C3,,True
117386,chapter-c2-woollahra-hca,Woollahra_DCP_2015__chapter_c2_woollahra_hca,Woollahra_DCP_2015__chapter_c2_woollahra_hca__3_3_5 C4,,True
117387,chapter-c2-woollahra-hca,Woollahra_DCP_2015__chapter_c2_woollahra_hca,Woollahra_DCP_2015__chapter_c2_woollahra_hca__3_3_5 C5,,True
117388,chapter-c2-woollahra-hca,Woollahra_DCP_2015__chapter_c2_woollahra_hca,Woollahra_DCP_2015__chapter_c2_woollahra_hca__3_3_5 C6,,True
117389,chapter-c2-woollahra-hca,Woollahra_DCP_2015__chapter_c2_woollahra_hca,Woollahra_DCP_2015__chapter_c2_woollahra_hca__3_3_5 C7,,True
117390,chapter-c2-woollahra-hca,Woollahra_DCP_2015__chapter_c2_woollahra_hca,Woollahra_DCP_2015__chapter_c2_woollahra_hca__3_3_5 C8,,True
117391,chapter-c2-woollahra-hca,Woollahra_DCP_2015__chapter_c2_woollahra_hca,Woollahra_DCP_2015__chapter_c2_woollahra_hca__3_3_5 C9,,True
117381,chapter-c2-woollahra-hca,Woollahra_DCP_2015__chapter_c2_woollahra_hca,Woollahra_DCP_2015__chapter_c2_woollahra_hca__3_3_5 O1,,True
117382,chapter-c2-woollahra-hca,Woollahra_DCP_2015__chapter_c2_woollahra_hca,Woollahra_DCP_2015__chapter_c2_woollahra_hca__3_3_5 O2,,True
117410,chapter-c2-woollahra-hca,Woollahra_DCP_2015__chapter_c2_woollahra_hca,Woollahra_DCP_2015__chapter_c2_woollahra_hca__3_3_6 C1,,True
117411,chapter-c2-woollahra-hca,Woollahra_DCP_2015__chapter_c2_woollahra_hca,Woollahra_DCP_2015__chapter_c2_woollahra_hca__3_3_6 C2,,True
117412,chapter-c2-woollahra-hca,Woollahra_DCP_2015__chapter_c2_woollahra_hca,Woollahra_DCP_2015__chapter_c2_woollahra_hca__3_3_6 C3,,True
117413,chapter-c2-woollahra-hca,Woollahra_DCP_2015__chapter_c2_woollahra_hca,Woollahra_DCP_2015__chapter_c2_woollahra_hca__3_3_6 C4,,True
117414,chapter-c2-woollahra-hca,Woollahra_DCP_2015__chapter_c2_woollahra_hca,Woollahra_DCP_2015__chapter_c2_woollahra_hca__3_3_6 C5,,True
117415,chapter-c2-woollahra-hca,Woollahra_DCP_2015__chapter_c2_woollahra_hca,Woollahra_DCP_2015__chapter_c2_woollahra_hca__3_3_6 C6,,True
117416,chapter-c2-woollahra-hca,Woollahra_DCP_2015__chapter_c2_woollahra_hca,Woollahra_DCP_2015__chapter_c2_woollahra_hca__3_3_6 C7,,True
117417,chapter-c2-woollahra-hca,Woollahra_DCP_2015__chapter_c2_woollahra_hca,Woollahra_DCP_2015__chapter_c2_woollahra_hca__3_3_6 C8,,True
117408,chapter-c2-woollahra-hca,Woollahra_DCP_2015__chapter_c2_woollahra_hca,Woollahra_DCP_2015__chapter_c2_woollahra_hca__3_3_6 O1,,True
117409,chapter-c2-woollahra-hca,Woollahra_DCP_2015__chapter_c2_woollahra_hca,Woollahra_DCP_2015__chapter_c2_woollahra_hca__3_3_6 O2,,True
117419,chapter-c2-woollahra-hca,Woollahra_DCP_2015__chapter_c2_woollahra_hca,Woollahra_DCP_2015__chapter_c2_woollahra_hca__3_3_7 C1,,True
117420,chapter-c2-woollahra-hca,Woollahra_DCP_2015__chapter_c2_woollahra_hca,Woollahra_DCP_2015__chapter_c2_woollahra_hca__3_3_7 C2,,True
117421,chapter-c2-woollahra-hca,Woollahra_DCP_2015__chapter_c2_woollahra_hca,Woollahra_DCP_2015__chapter_c2_woollahra_hca__3_3_7 C3,,True
117418,chapter-c2-woollahra-hca,Woollahra_DCP_2015__chapter_c2_woollahra_hca,Woollahra_DCP_2015__chapter_c2_woollahra_hca__3_3_7 O1,,True
117423,chapter-c2-woollahra-hca,Woollahra_DCP_2015__chapter_c2_woollahra_hca,Woollahra_DCP_2015__chapter_c2_woollahra_hca__3_3_8 C1,,True
117424,chapter-c2-woollahra-hca,Woollahra_DCP_2015__chapter_c2_woollahra_hca,Woollahra_DCP_2015__chapter_c2_woollahra_hca__3_3_8 C2,,True
117422,chapter-c2-woollahra-hca,Woollahra_DCP_2015__chapter_c2_woollahra_hca,Woollahra_DCP_2015__chapter_c2_woollahra_hca__3_3_8 O1,,True
117426,chapter-c2-woollahra-hca,Woollahra_DCP_2015__chapter_c2_woollahra_hca,Woollahra_DCP_2015__chapter_c2_woollahra_hca__3_3_9 C1,,True
117425,chapter-c2-woollahra-hca,Woollahra_DCP_2015__chapter_c2_woollahra_hca,Woollahra_DCP_2015__chapter_c2_woollahra_hca__3_3_9 O1,,True
117436,chapter-c2-woollahra-hca,Woollahra_DCP_2015__chapter_c2_woollahra_hca,Woollahra_DCP_2015__chapter_c2_woollahra_hca__3_4 C1,,True
117435,chapter-c2-woollahra-hca,Woollahra_DCP_2015__chapter_c2_woollahra_hca,Woollahra_DCP_2015__chapter_c2_woollahra_hca__3_4 O1,,True
117621,chapter-c2-woollahra-hca,Woollahra_DCP_2015__chapter_c2_woollahra_hca,Woollahra_DCP_2015__chapter_c2_woollahra_hca__3_4_10 C1,,True
117622,chapter-c2-woollahra-hca,Woollahra_DCP_2015__chapter_c2_woollahra_hca,Woollahra_DCP_2015__chapter_c2_woollahra_hca__3_4_10 C2,,True
117623,chapter-c2-woollahra-hca,Woollahra_DCP_2015__chapter_c2_woollahra_hca,Woollahra_DCP_2015__chapter_c2_woollahra_hca__3_4_10 C3,,True
117619,chapter-c2-woollahra-hca,Woollahra_DCP_2015__chapter_c2_woollahra_hca,Woollahra_DCP_2015__chapter_c2_woollahra_hca__3_4_10 O1,,True
117620,chapter-c2-woollahra-hca,Woollahra_DCP_2015__chapter_c2_woollahra_hca,Woollahra_DCP_2015__chapter_c2_woollahra_hca__3_4_10 O2,,True
117628,chapter-c2-woollahra-hca,Woollahra_DCP_2015__chapter_c2_woollahra_hca,Woollahra_DCP_2015__chapter_c2_woollahra_hca__3_4_11 C1,,True
117637,chapter-c2-woollahra-hca,Woollahra_DCP_2015__chapter_c2_woollahra_hca,Woollahra_DCP_2015__chapter_c2_woollahra_hca__3_4_11 C10,,True
117638,chapter-c2-woollahra-hca,Woollahra_DCP_2015__chapter_c2_woollahra_hca,Woollahra_DCP_2015__chapter_c2_woollahra_hca__3_4_11 C11,,True
117639,chapter-c2-woollahra-hca,Woollahra_DCP_2015__chapter_c2_woollahra_hca,Woollahra_DCP_2015__chapter_c2_woollahra_hca__3_4_11 C12,,True
117640,chapter-c2-woollahra-hca,Woollahra_DCP_2015__chapter_c2_woollahra_hca,Woollahra_DCP_2015__chapter_c2_woollahra_hca__3_4_11 C13,,True
117641,chapter-c2-woollahra-hca,Woollahra_DCP_2015__chapter_c2_woollahra_hca,Woollahra_DCP_2015__chapter_c2_woollahra_hca__3_4_11 C14,,True
117642,chapter-c2-woollahra-hca,Woollahra_DCP_2015__chapter_c2_woollahra_hca,Woollahra_DCP_2015__chapter_c2_woollahra_hca__3_4_11 C15,,True
117643,chapter-c2-woollahra-hca,Woollahra_DCP_2015__chapter_c2_woollahra_hca,Woollahra_DCP_2015__chapter_c2_woollahra_hca__3_4_11 C16,,True
117644,chapter-c2-woollahra-hca,Woollahra_DCP_2015__chapter_c2_woollahra_hca,Woollahra_DCP_2015__chapter_c2_woollahra_hca__3_4_11 C17,,True
117645,chapter-c2-woollahra-hca,Woollahra_DCP_2015__chapter_c2_woollahra_hca,Woollahra_DCP_2015__chapter_c2_woollahra_hca__3_4_11 C18,,True
117646,chapter-c2-woollahra-hca,Woollahra_DCP_2015__chapter_c2_woollahra_hca,Woollahra_DCP_2015__chapter_c2_woollahra_hca__3_4_11 C19,,True
117629,chapter-c2-woollahra-hca,Woollahra_DCP_2015__chapter_c2_woollahra_hca,Woollahra_DCP_2015__chapter_c2_woollahra_hca__3_4_11 C2,,True
117647,chapter-c2-woollahra-hca,Woollahra_DCP_2015__chapter_c2_woollahra_hca,Woollahra_DCP_2015__chapter_c2_woollahra_hca__3_4_11 C20,,True
117648,chapter-c2-woollahra-hca,Woollahra_DCP_2015__chapter_c2_woollahra_hca,Woollahra_DCP_2015__chapter_c2_woollahra_hca__3_4_11 C21,,True
117649,chapter-c2-woollahra-hca,Woollahra_DCP_2015__chapter_c2_woollahra_hca,Woollahra_DCP_2015__chapter_c2_woollahra_hca__3_4_11 C22,,True
117630,chapter-c2-woollahra-hca,Woollahra_DCP_2015__chapter_c2_woollahra_hca,Woollahra_DCP_2015__chapter_c2_woollahra_hca__3_4_11 C3,,True
117631,chapter-c2-woollahra-hca,Woollahra_DCP_2015__chapter_c2_woollahra_hca,Woollahra_DCP_2015__chapter_c2_woollahra_hca__3_4_11 C4,,True
117632,chapter-c2-woollahra-hca,Woollahra_DCP_2015__chapter_c2_woollahra_hca,Woollahra_DCP_2015__chapter_c2_woollahra_hca__3_4_11 C5,,True
117633,chapter-c2-woollahra-hca,Woollahra_DCP_2015__chapter_c2_woollahra_hca,Woollahra_DCP_2015__chapter_c2_woollahra_hca__3_4_11 C6,,True
117634,chapter-c2-woollahra-hca,Woollahra_DCP_2015__chapter_c2_woollahra_hca,Woollahra_DCP_2015__chapter_c2_woollahra_hca__3_4_11 C7,,True
117635,chapter-c2-woollahra-hca,Woollahra_DCP_2015__chapter_c2_woollahra_hca,Woollahra_DCP_2015__chapter_c2_woollahra_hca__3_4_11 C8,,True
117636,chapter-c2-woollahra-hca,Woollahra_DCP_2015__chapter_c2_woollahra_hca,Woollahra_DCP_2015__chapter_c2_woollahra_hca__3_4_11 C9,,True
117624,chapter-c2-woollahra-hca,Woollahra_DCP_2015__chapter_c2_woollahra_hca,Woollahra_DCP_2015__chapter_c2_woollahra_hca__3_4_11 O1,,True
117625,chapter-c2-woollahra-hca,Woollahra_DCP_2015__chapter_c2_woollahra_hca,Woollahra_DCP_2015__chapter_c2_woollahra_hca__3_4_11 O2,,True
117626,chapter-c2-woollahra-hca,Woollahra_DCP_2015__chapter_c2_woollahra_hca,Woollahra_DCP_2015__chapter_c2_woollahra_hca__3_4_11 O3,,True
117627,chapter-c2-woollahra-hca,Woollahra_DCP_2015__chapter_c2_woollahra_hca,Woollahra_DCP_2015__chapter_c2_woollahra_hca__3_4_11 O4,,True
117652,chapter-c2-woollahra-hca,Woollahra_DCP_2015__chapter_c2_woollahra_hca,Woollahra_DCP_2015__chapter_c2_woollahra_hca__3_4_12 C1,,True
117661,chapter-c2-woollahra-hca,Woollahra_DCP_2015__chapter_c2_woollahra_hca,Woollahra_DCP_2015__chapter_c2_woollahra_hca__3_4_12 C10,,True
117662,chapter-c2-woollahra-hca,Woollahra_DCP_2015__chapter_c2_woollahra_hca,Woollahra_DCP_2015__chapter_c2_woollahra_hca__3_4_12 C11,,True
117663,chapter-c2-woollahra-hca,Woollahra_DCP_2015__chapter_c2_woollahra_hca,Woollahra_DCP_2015__chapter_c2_woollahra_hca__3_4_12 C12,,True
117664,chapter-c2-woollahra-hca,Woollahra_DCP_2015__chapter_c2_woollahra_hca,Woollahra_DCP_2015__chapter_c2_woollahra_hca__3_4_12 C13,,True
117665,chapter-c2-woollahra-hca,Woollahra_DCP_2015__chapter_c2_woollahra_hca,Woollahra_DCP_2015__chapter_c2_woollahra_hca__3_4_12 C14,,True
117666,chapter-c2-woollahra-hca,Woollahra_DCP_2015__chapter_c2_woollahra_hca,Woollahra_DCP_2015__chapter_c2_woollahra_hca__3_4_12 C15,,True
117653,chapter-c2-woollahra-hca,Woollahra_DCP_2015__chapter_c2_woollahra_hca,Woollahra_DCP_2015__chapter_c2_woollahra_hca__3_4_12 C2,,True
117654,chapter-c2-woollahra-hca,Woollahra_DCP_2015__chapter_c2_woollahra_hca,Woollahra_DCP_2015__chapter_c2_woollahra_hca__3_4_12 C3,,True
117655,chapter-c2-woollahra-hca,Woollahra_DCP_2015__chapter_c2_woollahra_hca,Woollahra_DCP_2015__chapter_c2_woollahra_hca__3_4_12 C4,,True
117656,chapter-c2-woollahra-hca,Woollahra_DCP_2015__chapter_c2_woollahra_hca,Woollahra_DCP_2015__chapter_c2_woollahra_hca__3_4_12 C5,,True
117657,chapter-c2-woollahra-hca,Woollahra_DCP_2015__chapter_c2_woollahra_hca,Woollahra_DCP_2015__chapter_c2_woollahra_hca__3_4_12 C6,,True
117658,chapter-c2-woollahra-hca,Woollahra_DCP_2015__chapter_c2_woollahra_hca,Woollahra_DCP_2015__chapter_c2_woollahra_hca__3_4_12 C7,,True
117659,chapter-c2-woollahra-hca,Woollahra_DCP_2015__chapter_c2_woollahra_hca,Woollahra_DCP_2015__chapter_c2_woollahra_hca__3_4_12 C8,,True
117660,chapter-c2-woollahra-hca,Woollahra_DCP_2015__chapter_c2_woollahra_hca,Woollahra_DCP_2015__chapter_c2_woollahra_hca__3_4_12 C9,,True
117650,chapter-c2-woollahra-hca,Woollahra_DCP_2015__chapter_c2_woollahra_hca,Woollahra_DCP_2015__chapter_c2_woollahra_hca__3_4_12 O1,,True
117651,chapter-c2-woollahra-hca,Woollahra_DCP_2015__chapter_c2_woollahra_hca,Woollahra_DCP_2015__chapter_c2_woollahra_hca__3_4_12 O2,,True
117670,chapter-c2-woollahra-hca,Woollahra_DCP_2015__chapter_c2_woollahra_hca,Woollahra_DCP_2015__chapter_c2_woollahra_hca__3_4_13 C1,,True
117671,chapter-c2-woollahra-hca,Woollahra_DCP_2015__chapter_c2_woollahra_hca,Woollahra_DCP_2015__chapter_c2_woollahra_hca__3_4_13 C2,,True
117672,chapter-c2-woollahra-hca,Woollahra_DCP_2015__chapter_c2_woollahra_hca,Woollahra_DCP_2015__chapter_c2_woollahra_hca__3_4_13 C3,,True
117673,chapter-c2-woollahra-hca,Woollahra_DCP_2015__chapter_c2_woollahra_hca,Woollahra_DCP_2015__chapter_c2_woollahra_hca__3_4_13 C4,,True
117674,chapter-c2-woollahra-hca,Woollahra_DCP_2015__chapter_c2_woollahra_hca,Woollahra_DCP_2015__chapter_c2_woollahra_hca__3_4_13 C5,,True
117675,chapter-c2-woollahra-hca,Woollahra_DCP_2015__chapter_c2_woollahra_hca,Woollahra_DCP_2015__chapter_c2_woollahra_hca__3_4_13 C6,,True
117667,chapter-c2-woollahra-hca,Woollahra_DCP_2015__chapter_c2_woollahra_hca,Woollahra_DCP_2015__chapter_c2_woollahra_hca__3_4_13 O1,,True
117668,chapter-c2-woollahra-hca,Woollahra_DCP_2015__chapter_c2_woollahra_hca,Woollahra_DCP_2015__chapter_c2_woollahra_hca__3_4_13 O2,,True
117669,chapter-c2-woollahra-hca,Woollahra_DCP_2015__chapter_c2_woollahra_hca,Woollahra_DCP_2015__chapter_c2_woollahra_hca__3_4_13 O3,,True
117682,chapter-c2-woollahra-hca,Woollahra_DCP_2015__chapter_c2_woollahra_hca,Woollahra_DCP_2015__chapter_c2_woollahra_hca__3_4_14 C1,,True
117683,chapter-c2-woollahra-hca,Woollahra_DCP_2015__chapter_c2_woollahra_hca,Woollahra_DCP_2015__chapter_c2_woollahra_hca__3_4_14 C2,,True
117684,chapter-c2-woollahra-hca,Woollahra_DCP_2015__chapter_c2_woollahra_hca,Woollahra_DCP_2015__chapter_c2_woollahra_hca__3_4_14 C3,,True
117685,chapter-c2-woollahra-hca,Woollahra_DCP_2015__chapter_c2_woollahra_hca,Woollahra_DCP_2015__chapter_c2_woollahra_hca__3_4_14 C4,,True
117676,chapter-c2-woollahra-hca,Woollahra_DCP_2015__chapter_c2_woollahra_hca,Woollahra_DCP_2015__chapter_c2_woollahra_hca__3_4_14 O1,,True
117677,chapter-c2-woollahra-hca,Woollahra_DCP_2015__chapter_c2_woollahra_hca,Woollahra_DCP_2015__chapter_c2_woollahra_hca__3_4_14 O2,,True
117678,chapter-c2-woollahra-hca,Woollahra_DCP_2015__chapter_c2_woollahra_hca,Woollahra_DCP_2015__chapter_c2_woollahra_hca__3_4_14 O3,,True
117679,chapter-c2-woollahra-hca,Woollahra_DCP_2015__chapter_c2_woollahra_hca,Woollahra_DCP_2015__chapter_c2_woollahra_hca__3_4_14 O4,,True
117680,chapter-c2-woollahra-hca,Woollahra_DCP_2015__chapter_c2_woollahra_hca,Woollahra_DCP_2015__chapter_c2_woollahra_hca__3_4_14 O5,,True
117681,chapter-c2-woollahra-hca,Woollahra_DCP_2015__chapter_c2_woollahra_hca,Woollahra_DCP_2015__chapter_c2_woollahra_hca__3_4_14 O6,,True
117692,chapter-c2-woollahra-hca,Woollahra_DCP_2015__chapter_c2_woollahra_hca,Woollahra_DCP_2015__chapter_c2_woollahra_hca__3_4_15 C1,,True
117701,chapter-c2-woollahra-hca,Woollahra_DCP_2015__chapter_c2_woollahra_hca,Woollahra_DCP_2015__chapter_c2_woollahra_hca__3_4_15 C10,,True
117702,chapter-c2-woollahra-hca,Woollahra_DCP_2015__chapter_c2_woollahra_hca,Woollahra_DCP_2015__chapter_c2_woollahra_hca__3_4_15 C11,,True
117703,chapter-c2-woollahra-hca,Woollahra_DCP_2015__chapter_c2_woollahra_hca,Woollahra_DCP_2015__chapter_c2_woollahra_hca__3_4_15 C12,,True
117693,chapter-c2-woollahra-hca,Woollahra_DCP_2015__chapter_c2_woollahra_hca,Woollahra_DCP_2015__chapter_c2_woollahra_hca__3_4_15 C2,,True
117694,chapter-c2-woollahra-hca,Woollahra_DCP_2015__chapter_c2_woollahra_hca,Woollahra_DCP_2015__chapter_c2_woollahra_hca__3_4_15 C3,,True
117695,chapter-c2-woollahra-hca,Woollahra_DCP_2015__chapter_c2_woollahra_hca,Woollahra_DCP_2015__chapter_c2_woollahra_hca__3_4_15 C4,,True
117696,chapter-c2-woollahra-hca,Woollahra_DCP_2015__chapter_c2_woollahra_hca,Woollahra_DCP_2015__chapter_c2_woollahra_hca__3_4_15 C5,,True
117697,chapter-c2-woollahra-hca,Woollahra_DCP_2015__chapter_c2_woollahra_hca,Woollahra_DCP_2015__chapter_c2_woollahra_hca__3_4_15 C6,,True
117698,chapter-c2-woollahra-hca,Woollahra_DCP_2015__chapter_c2_woollahra_hca,Woollahra_DCP_2015__chapter_c2_woollahra_hca__3_4_15 C7,,True
117699,chapter-c2-woollahra-hca,Woollahra_DCP_2015__chapter_c2_woollahra_hca,Woollahra_DCP_2015__chapter_c2_woollahra_hca__3_4_15 C8,,True
117700,chapter-c2-woollahra-hca,Woollahra_DCP_2015__chapter_c2_woollahra_hca,Woollahra_DCP_2015__chapter_c2_woollahra_hca__3_4_15 C9,,True
117686,chapter-c2-woollahra-hca,Woollahra_DCP_2015__chapter_c2_woollahra_hca,Woollahra_DCP_2015__chapter_c2_woollahra_hca__3_4_15 O1,,True
117687,chapter-c2-woollahra-hca,Woollahra_DCP_2015__chapter_c2_woollahra_hca,Woollahra_DCP_2015__chapter_c2_woollahra_hca__3_4_15 O2,,True
117688,chapter-c2-woollahra-hca,Woollahra_DCP_2015__chapter_c2_woollahra_hca,Woollahra_DCP_2015__chapter_c2_woollahra_hca__3_4_15 O3,,True
117689,chapter-c2-woollahra-hca,Woollahra_DCP_2015__chapter_c2_woollahra_hca,Woollahra_DCP_2015__chapter_c2_woollahra_hca__3_4_15 O4,,True
117690,chapter-c2-woollahra-hca,Woollahra_DCP_2015__chapter_c2_woollahra_hca,Woollahra_DCP_2015__chapter_c2_woollahra_hca__3_4_15 O5,,True
117691,chapter-c2-woollahra-hca,Woollahra_DCP_2015__chapter_c2_woollahra_hca,Woollahra_DCP_2015__chapter_c2_woollahra_hca__3_4_15 O6,,True
117707,chapter-c2-woollahra-hca,Woollahra_DCP_2015__chapter_c2_woollahra_hca,Woollahra_DCP_2015__chapter_c2_woollahra_hca__3_4_16 C1,,True
117704,chapter-c2-woollahra-hca,Woollahra_DCP_2015__chapter_c2_woollahra_hca,Woollahra_DCP_2015__chapter_c2_woollahra_hca__3_4_16 O1,,True
117705,chapter-c2-woollahra-hca,Woollahra_DCP_2015__chapter_c2_woollahra_hca,Woollahra_DCP_2015__chapter_c2_woollahra_hca__3_4_16 O2,,True
117706,chapter-c2-woollahra-hca,Woollahra_DCP_2015__chapter_c2_woollahra_hca,Woollahra_DCP_2015__chapter_c2_woollahra_hca__3_4_16 O3,,True
117439,chapter-c2-woollahra-hca,Woollahra_DCP_2015__chapter_c2_woollahra_hca,Woollahra_DCP_2015__chapter_c2_woollahra_hca__3_4_2 C1,,True
117440,chapter-c2-woollahra-hca,Woollahra_DCP_2015__chapter_c2_woollahra_hca,Woollahra_DCP_2015__chapter_c2_woollahra_hca__3_4_2 C2,,True
117441,chapter-c2-woollahra-hca,Woollahra_DCP_2015__chapter_c2_woollahra_hca,Woollahra_DCP_2015__chapter_c2_woollahra_hca__3_4_2 C3,,True
117437,chapter-c2-woollahra-hca,Woollahra_DCP_2015__chapter_c2_woollahra_hca,Woollahra_DCP_2015__chapter_c2_woollahra_hca__3_4_2 O1,,True
117438,chapter-c2-woollahra-hca,Woollahra_DCP_2015__chapter_c2_woollahra_hca,Woollahra_DCP_2015__chapter_c2_woollahra_hca__3_4_2 O2,,True
117451,chapter-c2-woollahra-hca,Woollahra_DCP_2015__chapter_c2_woollahra_hca,Woollahra_DCP_2015__chapter_c2_woollahra_hca__3_4_3 C1,,True
117452,chapter-c2-woollahra-hca,Woollahra_DCP_2015__chapter_c2_woollahra_hca,Woollahra_DCP_2015__chapter_c2_woollahra_hca__3_4_3 C2,,True
117453,chapter-c2-woollahra-hca,Woollahra_DCP_2015__chapter_c2_woollahra_hca,Woollahra_DCP_2015__chapter_c2_woollahra_hca__3_4_3 C3,,True
117454,chapter-c2-woollahra-hca,Woollahra_DCP_2015__chapter_c2_woollahra_hca,Woollahra_DCP_2015__chapter_c2_woollahra_hca__3_4_3 C4,,True
117455,chapter-c2-woollahra-hca,Woollahra_DCP_2015__chapter_c2_woollahra_hca,Woollahra_DCP_2015__chapter_c2_woollahra_hca__3_4_3 C5,,True
117456,chapter-c2-woollahra-hca,Woollahra_DCP_2015__chapter_c2_woollahra_hca,Woollahra_DCP_2015__chapter_c2_woollahra_hca__3_4_3 C6,,True
117457,chapter-c2-woollahra-hca,Woollahra_DCP_2015__chapter_c2_woollahra_hca,Woollahra_DCP_2015__chapter_c2_woollahra_hca__3_4_3 C7,,True
117458,chapter-c2-woollahra-hca,Woollahra_DCP_2015__chapter_c2_woollahra_hca,Woollahra_DCP_2015__chapter_c2_woollahra_hca__3_4_3 C8,,True
117459,chapter-c2-woollahra-hca,Woollahra_DCP_2015__chapter_c2_woollahra_hca,Woollahra_DCP_2015__chapter_c2_woollahra_hca__3_4_3 C9,,True
117442,chapter-c2-woollahra-hca,Woollahra_DCP_2015__chapter_c2_woollahra_hca,Woollahra_DCP_2015__chapter_c2_woollahra_hca__3_4_3 O1,,True
117443,chapter-c2-woollahra-hca,Woollahra_DCP_2015__chapter_c2_woollahra_hca,Woollahra_DCP_2015__chapter_c2_woollahra_hca__3_4_3 O2,,True
117444,chapter-c2-woollahra-hca,Woollahra_DCP_2015__chapter_c2_woollahra_hca,Woollahra_DCP_2015__chapter_c2_woollahra_hca__3_4_3 O3,,True
117445,chapter-c2-woollahra-hca,Woollahra_DCP_2015__chapter_c2_woollahra_hca,Woollahra_DCP_2015__chapter_c2_woollahra_hca__3_4_3 O4,,True
117446,chapter-c2-woollahra-hca,Woollahra_DCP_2015__chapter_c2_woollahra_hca,Woollahra_DCP_2015__chapter_c2_woollahra_hca__3_4_3 O5,,True
117447,chapter-c2-woollahra-hca,Woollahra_DCP_2015__chapter_c2_woollahra_hca,Woollahra_DCP_2015__chapter_c2_woollahra_hca__3_4_3 O6,,True
117448,chapter-c2-woollahra-hca,Woollahra_DCP_2015__chapter_c2_woollahra_hca,Woollahra_DCP_2015__chapter_c2_woollahra_hca__3_4_3 O7,,True
117449,chapter-c2-woollahra-hca,Woollahra_DCP_2015__chapter_c2_woollahra_hca,Woollahra_DCP_2015__chapter_c2_woollahra_hca__3_4_3 O8,,True
117450,chapter-c2-woollahra-hca,Woollahra_DCP_2015__chapter_c2_woollahra_hca,Woollahra_DCP_2015__chapter_c2_woollahra_hca__3_4_3 O9,,True
117460,chapter-c2-woollahra-hca,Woollahra_DCP_2015__chapter_c2_woollahra_hca,Woollahra_DCP_2015__chapter_c2_woollahra_hca__3_4_4 C1,,True
117469,chapter-c2-woollahra-hca,Woollahra_DCP_2015__chapter_c2_woollahra_hca,Woollahra_DCP_2015__chapter_c2_woollahra_hca__3_4_4 C10,,True
117461,chapter-c2-woollahra-hca,Woollahra_DCP_2015__chapter_c2_woollahra_hca,Woollahra_DCP_2015__chapter_c2_woollahra_hca__3_4_4 C2,,True
117462,chapter-c2-woollahra-hca,Woollahra_DCP_2015__chapter_c2_woollahra_hca,Woollahra_DCP_2015__chapter_c2_woollahra_hca__3_4_4 C3,,True
117463,chapter-c2-woollahra-hca,Woollahra_DCP_2015__chapter_c2_woollahra_hca,Woollahra_DCP_2015__chapter_c2_woollahra_hca__3_4_4 C4,,True
117464,chapter-c2-woollahra-hca,Woollahra_DCP_2015__chapter_c2_woollahra_hca,Woollahra_DCP_2015__chapter_c2_woollahra_hca__3_4_4 C5,,True
117465,chapter-c2-woollahra-hca,Woollahra_DCP_2015__chapter_c2_woollahra_hca,Woollahra_DCP_2015__chapter_c2_woollahra_hca__3_4_4 C6,,True
117466,chapter-c2-woollahra-hca,Woollahra_DCP_2015__chapter_c2_woollahra_hca,Woollahra_DCP_2015__chapter_c2_woollahra_hca__3_4_4 C7,,True
117467,chapter-c2-woollahra-hca,Woollahra_DCP_2015__chapter_c2_woollahra_hca,Woollahra_DCP_2015__chapter_c2_woollahra_hca__3_4_4 C8,,True
117468,chapter-c2-woollahra-hca,Woollahra_DCP_2015__chapter_c2_woollahra_hca,Woollahra_DCP_2015__chapter_c2_woollahra_hca__3_4_4 C9,,True
117471,chapter-c2-woollahra-hca,Woollahra_DCP_2015__chapter_c2_woollahra_hca,Woollahra_DCP_2015__chapter_c2_woollahra_hca__3_4_5 C1,,True
117513,chapter-c2-woollahra-hca,Woollahra_DCP_2015__chapter_c2_woollahra_hca,Woollahra_DCP_2015__chapter_c2_woollahra_hca__3_4_5 C10,,True
117514,chapter-c2-woollahra-hca,Woollahra_DCP_2015__chapter_c2_woollahra_hca,Woollahra_DCP_2015__chapter_c2_woollahra_hca__3_4_5 C11,,True
117515,chapter-c2-woollahra-hca,Woollahra_DCP_2015__chapter_c2_woollahra_hca,Woollahra_DCP_2015__chapter_c2_woollahra_hca__3_4_5 C12,,True
117522,chapter-c2-woollahra-hca,Woollahra_DCP_2015__chapter_c2_woollahra_hca,Woollahra_DCP_2015__chapter_c2_woollahra_hca__3_4_5 C13,,True
117523,chapter-c2-woollahra-hca,Woollahra_DCP_2015__chapter_c2_woollahra_hca,Woollahra_DCP_2015__chapter_c2_woollahra_hca__3_4_5 C14,,True
117530,chapter-c2-woollahra-hca,Woollahra_DCP_2015__chapter_c2_woollahra_hca,Woollahra_DCP_2015__chapter_c2_woollahra_hca__3_4_5 C15,,True
117531,chapter-c2-woollahra-hca,Woollahra_DCP_2015__chapter_c2_woollahra_hca,Woollahra_DCP_2015__chapter_c2_woollahra_hca__3_4_5 C16,,True
117532,chapter-c2-woollahra-hca,Woollahra_DCP_2015__chapter_c2_woollahra_hca,Woollahra_DCP_2015__chapter_c2_woollahra_hca__3_4_5 C17,,True
117539,chapter-c2-woollahra-hca,Woollahra_DCP_2015__chapter_c2_woollahra_hca,Woollahra_DCP_2015__chapter_c2_woollahra_hca__3_4_5 C18,,True
117540,chapter-c2-woollahra-hca,Woollahra_DCP_2015__chapter_c2_woollahra_hca,Woollahra_DCP_2015__chapter_c2_woollahra_hca__3_4_5 C19,,True
117472,chapter-c2-woollahra-hca,Woollahra_DCP_2015__chapter_c2_woollahra_hca,Woollahra_DCP_2015__chapter_c2_woollahra_hca__3_4_5 C2,,True
117488,chapter-c2-woollahra-hca,Woollahra_DCP_2015__chapter_c2_woollahra_hca,Woollahra_DCP_2015__chapter_c2_woollahra_hca__3_4_5 C3,,True
117489,chapter-c2-woollahra-hca,Woollahra_DCP_2015__chapter_c2_woollahra_hca,Woollahra_DCP_2015__chapter_c2_woollahra_hca__3_4_5 C4,,True
117496,chapter-c2-woollahra-hca,Woollahra_DCP_2015__chapter_c2_woollahra_hca,Woollahra_DCP_2015__chapter_c2_woollahra_hca__3_4_5 C5,,True
117497,chapter-c2-woollahra-hca,Woollahra_DCP_2015__chapter_c2_woollahra_hca,Woollahra_DCP_2015__chapter_c2_woollahra_hca__3_4_5 C6,,True
117504,chapter-c2-woollahra-hca,Woollahra_DCP_2015__chapter_c2_woollahra_hca,Woollahra_DCP_2015__chapter_c2_woollahra_hca__3_4_5 C7,,True
117505,chapter-c2-woollahra-hca,Woollahra_DCP_2015__chapter_c2_woollahra_hca,Woollahra_DCP_2015__chapter_c2_woollahra_hca__3_4_5 C8,,True
117512,chapter-c2-woollahra-hca,Woollahra_DCP_2015__chapter_c2_woollahra_hca,Woollahra_DCP_2015__chapter_c2_woollahra_hca__3_4_5 C9,,True
117470,chapter-c2-woollahra-hca,Woollahra_DCP_2015__chapter_c2_woollahra_hca,Woollahra_DCP_2015__chapter_c2_woollahra_hca__3_4_5 O1,,True
117481,chapter-c2-woollahra-hca,Woollahra_DCP_2015__chapter_c2_woollahra_hca,Woollahra_DCP_2015__chapter_c2_woollahra_hca__3_4_5 O10,,True
117482,chapter-c2-woollahra-hca,Woollahra_DCP_2015__chapter_c2_woollahra_hca,Woollahra_DCP_2015__chapter_c2_woollahra_hca__3_4_5 O11,,True
117483,chapter-c2-woollahra-hca,Woollahra_DCP_2015__chapter_c2_woollahra_hca,Woollahra_DCP_2015__chapter_c2_woollahra_hca__3_4_5 O12,,True
117484,chapter-c2-woollahra-hca,Woollahra_DCP_2015__chapter_c2_woollahra_hca,Woollahra_DCP_2015__chapter_c2_woollahra_hca__3_4_5 O13,,True
117485,chapter-c2-woollahra-hca,Woollahra_DCP_2015__chapter_c2_woollahra_hca,Woollahra_DCP_2015__chapter_c2_woollahra_hca__3_4_5 O14,,True
117486,chapter-c2-woollahra-hca,Woollahra_DCP_2015__chapter_c2_woollahra_hca,Woollahra_DCP_2015__chapter_c2_woollahra_hca__3_4_5 O15,,True
117487,chapter-c2-woollahra-hca,Woollahra_DCP_2015__chapter_c2_woollahra_hca,Woollahra_DCP_2015__chapter_c2_woollahra_hca__3_4_5 O16,,True
117490,chapter-c2-woollahra-hca,Woollahra_DCP_2015__chapter_c2_woollahra_hca,Woollahra_DCP_2015__chapter_c2_woollahra_hca__3_4_5 O17,,True
117491,chapter-c2-woollahra-hca,Woollahra_DCP_2015__chapter_c2_woollahra_hca,Woollahra_DCP_2015__chapter_c2_woollahra_hca__3_4_5 O18,,True
117492,chapter-c2-woollahra-hca,Woollahra_DCP_2015__chapter_c2_woollahra_hca,Woollahra_DCP_2015__chapter_c2_woollahra_hca__3_4_5 O19,,True
117473,chapter-c2-woollahra-hca,Woollahra_DCP_2015__chapter_c2_woollahra_hca,Woollahra_DCP_2015__chapter_c2_woollahra_hca__3_4_5 O2,,True
117493,chapter-c2-woollahra-hca,Woollahra_DCP_2015__chapter_c2_woollahra_hca,Woollahra_DCP_2015__chapter_c2_woollahra_hca__3_4_5 O20,,True
117494,chapter-c2-woollahra-hca,Woollahra_DCP_2015__chapter_c2_woollahra_hca,Woollahra_DCP_2015__chapter_c2_woollahra_hca__3_4_5 O21,,True
117495,chapter-c2-woollahra-hca,Woollahra_DCP_2015__chapter_c2_woollahra_hca,Woollahra_DCP_2015__chapter_c2_woollahra_hca__3_4_5 O22,,True
117498,chapter-c2-woollahra-hca,Woollahra_DCP_2015__chapter_c2_woollahra_hca,Woollahra_DCP_2015__chapter_c2_woollahra_hca__3_4_5 O23,,True
117499,chapter-c2-woollahra-hca,Woollahra_DCP_2015__chapter_c2_woollahra_hca,Woollahra_DCP_2015__chapter_c2_woollahra_hca__3_4_5 O24,,True
117500,chapter-c2-woollahra-hca,Woollahra_DCP_2015__chapter_c2_woollahra_hca,Woollahra_DCP_2015__chapter_c2_woollahra_hca__3_4_5 O25,,True
117501,chapter-c2-woollahra-hca,Woollahra_DCP_2015__chapter_c2_woollahra_hca,Woollahra_DCP_2015__chapter_c2_woollahra_hca__3_4_5 O26,,True
117502,chapter-c2-woollahra-hca,Woollahra_DCP_2015__chapter_c2_woollahra_hca,Woollahra_DCP_2015__chapter_c2_woollahra_hca__3_4_5 O27,,True
117503,chapter-c2-woollahra-hca,Woollahra_DCP_2015__chapter_c2_woollahra_hca,Woollahra_DCP_2015__chapter_c2_woollahra_hca__3_4_5 O28,,True
117506,chapter-c2-woollahra-hca,Woollahra_DCP_2015__chapter_c2_woollahra_hca,Woollahra_DCP_2015__chapter_c2_woollahra_hca__3_4_5 O29,,True
117474,chapter-c2-woollahra-hca,Woollahra_DCP_2015__chapter_c2_woollahra_hca,Woollahra_DCP_2015__chapter_c2_woollahra_hca__3_4_5 O3,,True
117507,chapter-c2-woollahra-hca,Woollahra_DCP_2015__chapter_c2_woollahra_hca,Woollahra_DCP_2015__chapter_c2_woollahra_hca__3_4_5 O30,,True
117508,chapter-c2-woollahra-hca,Woollahra_DCP_2015__chapter_c2_woollahra_hca,Woollahra_DCP_2015__chapter_c2_woollahra_hca__3_4_5 O31,,True
117509,chapter-c2-woollahra-hca,Woollahra_DCP_2015__chapter_c2_woollahra_hca,Woollahra_DCP_2015__chapter_c2_woollahra_hca__3_4_5 O32,,True
117510,chapter-c2-woollahra-hca,Woollahra_DCP_2015__chapter_c2_woollahra_hca,Woollahra_DCP_2015__chapter_c2_woollahra_hca__3_4_5 O33,,True
117511,chapter-c2-woollahra-hca,Woollahra_DCP_2015__chapter_c2_woollahra_hca,Woollahra_DCP_2015__chapter_c2_woollahra_hca__3_4_5 O34,,True
117516,chapter-c2-woollahra-hca,Woollahra_DCP_2015__chapter_c2_woollahra_hca,Woollahra_DCP_2015__chapter_c2_woollahra_hca__3_4_5 O35,,True
117517,chapter-c2-woollahra-hca,Woollahra_DCP_2015__chapter_c2_woollahra_hca,Woollahra_DCP_2015__chapter_c2_woollahra_hca__3_4_5 O36,,True
117518,chapter-c2-woollahra-hca,Woollahra_DCP_2015__chapter_c2_woollahra_hca,Woollahra_DCP_2015__chapter_c2_woollahra_hca__3_4_5 O37,,True
117519,chapter-c2-woollahra-hca,Woollahra_DCP_2015__chapter_c2_woollahra_hca,Woollahra_DCP_2015__chapter_c2_woollahra_hca__3_4_5 O38,,True
117520,chapter-c2-woollahra-hca,Woollahra_DCP_2015__chapter_c2_woollahra_hca,Woollahra_DCP_2015__chapter_c2_woollahra_hca__3_4_5 O39,,True
117475,chapter-c2-woollahra-hca,Woollahra_DCP_2015__chapter_c2_woollahra_hca,Woollahra_DCP_2015__chapter_c2_woollahra_hca__3_4_5 O4,,True
117521,chapter-c2-woollahra-hca,Woollahra_DCP_2015__chapter_c2_woollahra_hca,Woollahra_DCP_2015__chapter_c2_woollahra_hca__3_4_5 O40,,True
117524,chapter-c2-woollahra-hca,Woollahra_DCP_2015__chapter_c2_woollahra_hca,Woollahra_DCP_2015__chapter_c2_woollahra_hca__3_4_5 O41,,True
117525,chapter-c2-woollahra-hca,Woollahra_DCP_2015__chapter_c2_woollahra_hca,Woollahra_DCP_2015__chapter_c2_woollahra_hca__3_4_5 O42,,True
117526,chapter-c2-woollahra-hca,Woollahra_DCP_2015__chapter_c2_woollahra_hca,Woollahra_DCP_2015__chapter_c2_woollahra_hca__3_4_5 O43,,True
117527,chapter-c2-woollahra-hca,Woollahra_DCP_2015__chapter_c2_woollahra_hca,Woollahra_DCP_2015__chapter_c2_woollahra_hca__3_4_5 O44,,True
117528,chapter-c2-woollahra-hca,Woollahra_DCP_2015__chapter_c2_woollahra_hca,Woollahra_DCP_2015__chapter_c2_woollahra_hca__3_4_5 O45,,True
117529,chapter-c2-woollahra-hca,Woollahra_DCP_2015__chapter_c2_woollahra_hca,Woollahra_DCP_2015__chapter_c2_woollahra_hca__3_4_5 O46,,True
117533,chapter-c2-woollahra-hca,Woollahra_DCP_2015__chapter_c2_woollahra_hca,Woollahra_DCP_2015__chapter_c2_woollahra_hca__3_4_5 O47,,True
117534,chapter-c2-woollahra-hca,Woollahra_DCP_2015__chapter_c2_woollahra_hca,Woollahra_DCP_2015__chapter_c2_woollahra_hca__3_4_5 O48,,True
117535,chapter-c2-woollahra-hca,Woollahra_DCP_2015__chapter_c2_woollahra_hca,Woollahra_DCP_2015__chapter_c2_woollahra_hca__3_4_5 O49,,True
117476,chapter-c2-woollahra-hca,Woollahra_DCP_2015__chapter_c2_woollahra_hca,Woollahra_DCP_2015__chapter_c2_woollahra_hca__3_4_5 O5,,True
117536,chapter-c2-woollahra-hca,Woollahra_DCP_2015__chapter_c2_woollahra_hca,Woollahra_DCP_2015__chapter_c2_woollahra_hca__3_4_5 O50,,True
117537,chapter-c2-woollahra-hca,Woollahra_DCP_2015__chapter_c2_woollahra_hca,Woollahra_DCP_2015__chapter_c2_woollahra_hca__3_4_5 O51,,True
117538,chapter-c2-woollahra-hca,Woollahra_DCP_2015__chapter_c2_woollahra_hca,Woollahra_DCP_2015__chapter_c2_woollahra_hca__3_4_5 O52,,True
117477,chapter-c2-woollahra-hca,Woollahra_DCP_2015__chapter_c2_woollahra_hca,Woollahra_DCP_2015__chapter_c2_woollahra_hca__3_4_5 O6,,True
117478,chapter-c2-woollahra-hca,Woollahra_DCP_2015__chapter_c2_woollahra_hca,Woollahra_DCP_2015__chapter_c2_woollahra_hca__3_4_5 O7,,True
117479,chapter-c2-woollahra-hca,Woollahra_DCP_2015__chapter_c2_woollahra_hca,Woollahra_DCP_2015__chapter_c2_woollahra_hca__3_4_5 O8,,True
117480,chapter-c2-woollahra-hca,Woollahra_DCP_2015__chapter_c2_woollahra_hca,Woollahra_DCP_2015__chapter_c2_woollahra_hca__3_4_5 O9,,True
117546,chapter-c2-woollahra-hca,Woollahra_DCP_2015__chapter_c2_woollahra_hca,Woollahra_DCP_2015__chapter_c2_woollahra_hca__3_4_6 C1,,True
117555,chapter-c2-woollahra-hca,Woollahra_DCP_2015__chapter_c2_woollahra_hca,Woollahra_DCP_2015__chapter_c2_woollahra_hca__3_4_6 C10,,True
117556,chapter-c2-woollahra-hca,Woollahra_DCP_2015__chapter_c2_woollahra_hca,Woollahra_DCP_2015__chapter_c2_woollahra_hca__3_4_6 C11,,True
117557,chapter-c2-woollahra-hca,Woollahra_DCP_2015__chapter_c2_woollahra_hca,Woollahra_DCP_2015__chapter_c2_woollahra_hca__3_4_6 C12,,True
117558,chapter-c2-woollahra-hca,Woollahra_DCP_2015__chapter_c2_woollahra_hca,Woollahra_DCP_2015__chapter_c2_woollahra_hca__3_4_6 C13,,True
117559,chapter-c2-woollahra-hca,Woollahra_DCP_2015__chapter_c2_woollahra_hca,Woollahra_DCP_2015__chapter_c2_woollahra_hca__3_4_6 C14,,True
117560,chapter-c2-woollahra-hca,Woollahra_DCP_2015__chapter_c2_woollahra_hca,Woollahra_DCP_2015__chapter_c2_woollahra_hca__3_4_6 C15,,True
117561,chapter-c2-woollahra-hca,Woollahra_DCP_2015__chapter_c2_woollahra_hca,Woollahra_DCP_2015__chapter_c2_woollahra_hca__3_4_6 C16,,True
117562,chapter-c2-woollahra-hca,Woollahra_DCP_2015__chapter_c2_woollahra_hca,Woollahra_DCP_2015__chapter_c2_woollahra_hca__3_4_6 C17,,True
117563,chapter-c2-woollahra-hca,Woollahra_DCP_2015__chapter_c2_woollahra_hca,Woollahra_DCP_2015__chapter_c2_woollahra_hca__3_4_6 C18,,True
117564,chapter-c2-woollahra-hca,Woollahra_DCP_2015__chapter_c2_woollahra_hca,Woollahra_DCP_2015__chapter_c2_woollahra_hca__3_4_6 C19,,True
117547,chapter-c2-woollahra-hca,Woollahra_DCP_2015__chapter_c2_woollahra_hca,Woollahra_DCP_2015__chapter_c2_woollahra_hca__3_4_6 C2,,True
117565,chapter-c2-woollahra-hca,Woollahra_DCP_2015__chapter_c2_woollahra_hca,Woollahra_DCP_2015__chapter_c2_woollahra_hca__3_4_6 C20,,True
117566,chapter-c2-woollahra-hca,Woollahra_DCP_2015__chapter_c2_woollahra_hca,Woollahra_DCP_2015__chapter_c2_woollahra_hca__3_4_6 C21,,True
117567,chapter-c2-woollahra-hca,Woollahra_DCP_2015__chapter_c2_woollahra_hca,Woollahra_DCP_2015__chapter_c2_woollahra_hca__3_4_6 C22,,True
117568,chapter-c2-woollahra-hca,Woollahra_DCP_2015__chapter_c2_woollahra_hca,Woollahra_DCP_2015__chapter_c2_woollahra_hca__3_4_6 C23,,True
117569,chapter-c2-woollahra-hca,Woollahra_DCP_2015__chapter_c2_woollahra_hca,Woollahra_DCP_2015__chapter_c2_woollahra_hca__3_4_6 C24,,True
117570,chapter-c2-woollahra-hca,Woollahra_DCP_2015__chapter_c2_woollahra_hca,Woollahra_DCP_2015__chapter_c2_woollahra_hca__3_4_6 C25,,True
117571,chapter-c2-woollahra-hca,Woollahra_DCP_2015__chapter_c2_woollahra_hca,Woollahra_DCP_2015__chapter_c2_woollahra_hca__3_4_6 C26,,True
117572,chapter-c2-woollahra-hca,Woollahra_DCP_2015__chapter_c2_woollahra_hca,Woollahra_DCP_2015__chapter_c2_woollahra_hca__3_4_6 C27,,True
117573,chapter-c2-woollahra-hca,Woollahra_DCP_2015__chapter_c2_woollahra_hca,Woollahra_DCP_2015__chapter_c2_woollahra_hca__3_4_6 C28,,True
117574,chapter-c2-woollahra-hca,Woollahra_DCP_2015__chapter_c2_woollahra_hca,Woollahra_DCP_2015__chapter_c2_woollahra_hca__3_4_6 C29,,True
117548,chapter-c2-woollahra-hca,Woollahra_DCP_2015__chapter_c2_woollahra_hca,Woollahra_DCP_2015__chapter_c2_woollahra_hca__3_4_6 C3,,True
117549,chapter-c2-woollahra-hca,Woollahra_DCP_2015__chapter_c2_woollahra_hca,Woollahra_DCP_2015__chapter_c2_woollahra_hca__3_4_6 C4,,True
117550,chapter-c2-woollahra-hca,Woollahra_DCP_2015__chapter_c2_woollahra_hca,Woollahra_DCP_2015__chapter_c2_woollahra_hca__3_4_6 C5,,True
117551,chapter-c2-woollahra-hca,Woollahra_DCP_2015__chapter_c2_woollahra_hca,Woollahra_DCP_2015__chapter_c2_woollahra_hca__3_4_6 C6,,True
117552,chapter-c2-woollahra-hca,Woollahra_DCP_2015__chapter_c2_woollahra_hca,Woollahra_DCP_2015__chapter_c2_woollahra_hca__3_4_6 C7,,True
117553,chapter-c2-woollahra-hca,Woollahra_DCP_2015__chapter_c2_woollahra_hca,Woollahra_DCP_2015__chapter_c2_woollahra_hca__3_4_6 C8,,True
117554,chapter-c2-woollahra-hca,Woollahra_DCP_2015__chapter_c2_woollahra_hca,Woollahra_DCP_2015__chapter_c2_woollahra_hca__3_4_6 C9,,True
117541,chapter-c2-woollahra-hca,Woollahra_DCP_2015__chapter_c2_woollahra_hca,Woollahra_DCP_2015__chapter_c2_woollahra_hca__3_4_6 O1,,True
117542,chapter-c2-woollahra-hca,Woollahra_DCP_2015__chapter_c2_woollahra_hca,Woollahra_DCP_2015__chapter_c2_woollahra_hca__3_4_6 O2,,True
117543,chapter-c2-woollahra-hca,Woollahra_DCP_2015__chapter_c2_woollahra_hca,Woollahra_DCP_2015__chapter_c2_woollahra_hca__3_4_6 O3,,True
117544,chapter-c2-woollahra-hca,Woollahra_DCP_2015__chapter_c2_woollahra_hca,Woollahra_DCP_2015__chapter_c2_woollahra_hca__3_4_6 O4,,True
117545,chapter-c2-woollahra-hca,Woollahra_DCP_2015__chapter_c2_woollahra_hca,Woollahra_DCP_2015__chapter_c2_woollahra_hca__3_4_6 O5,,True
117577,chapter-c2-woollahra-hca,Woollahra_DCP_2015__chapter_c2_woollahra_hca,Woollahra_DCP_2015__chapter_c2_woollahra_hca__3_4_7 C1,,True
117586,chapter-c2-woollahra-hca,Woollahra_DCP_2015__chapter_c2_woollahra_hca,Woollahra_DCP_2015__chapter_c2_woollahra_hca__3_4_7 C10,,True
117587,chapter-c2-woollahra-hca,Woollahra_DCP_2015__chapter_c2_woollahra_hca,Woollahra_DCP_2015__chapter_c2_woollahra_hca__3_4_7 C11,,True
117578,chapter-c2-woollahra-hca,Woollahra_DCP_2015__chapter_c2_woollahra_hca,Woollahra_DCP_2015__chapter_c2_woollahra_hca__3_4_7 C2,,True
117579,chapter-c2-woollahra-hca,Woollahra_DCP_2015__chapter_c2_woollahra_hca,Woollahra_DCP_2015__chapter_c2_woollahra_hca__3_4_7 C3,,True
117580,chapter-c2-woollahra-hca,Woollahra_DCP_2015__chapter_c2_woollahra_hca,Woollahra_DCP_2015__chapter_c2_woollahra_hca__3_4_7 C4,,True
117581,chapter-c2-woollahra-hca,Woollahra_DCP_2015__chapter_c2_woollahra_hca,Woollahra_DCP_2015__chapter_c2_woollahra_hca__3_4_7 C5,,True
117582,chapter-c2-woollahra-hca,Woollahra_DCP_2015__chapter_c2_woollahra_hca,Woollahra_DCP_2015__chapter_c2_woollahra_hca__3_4_7 C6,,True
117583,chapter-c2-woollahra-hca,Woollahra_DCP_2015__chapter_c2_woollahra_hca,Woollahra_DCP_2015__chapter_c2_woollahra_hca__3_4_7 C7,,True
117584,chapter-c2-woollahra-hca,Woollahra_DCP_2015__chapter_c2_woollahra_hca,Woollahra_DCP_2015__chapter_c2_woollahra_hca__3_4_7 C8,,True
117585,chapter-c2-woollahra-hca,Woollahra_DCP_2015__chapter_c2_woollahra_hca,Woollahra_DCP_2015__chapter_c2_woollahra_hca__3_4_7 C9,,True
117575,chapter-c2-woollahra-hca,Woollahra_DCP_2015__chapter_c2_woollahra_hca,Woollahra_DCP_2015__chapter_c2_woollahra_hca__3_4_7 O1,,True
117576,chapter-c2-woollahra-hca,Woollahra_DCP_2015__chapter_c2_woollahra_hca,Woollahra_DCP_2015__chapter_c2_woollahra_hca__3_4_7 O2,,True
117589,chapter-c2-woollahra-hca,Woollahra_DCP_2015__chapter_c2_woollahra_hca,Woollahra_DCP_2015__chapter_c2_woollahra_hca__3_4_8 C1,,True
117590,chapter-c2-woollahra-hca,Woollahra_DCP_2015__chapter_c2_woollahra_hca,Woollahra_DCP_2015__chapter_c2_woollahra_hca__3_4_8 C2,,True
117591,chapter-c2-woollahra-hca,Woollahra_DCP_2015__chapter_c2_woollahra_hca,Woollahra_DCP_2015__chapter_c2_woollahra_hca__3_4_8 C3,,True
117592,chapter-c2-woollahra-hca,Woollahra_DCP_2015__chapter_c2_woollahra_hca,Woollahra_DCP_2015__chapter_c2_woollahra_hca__3_4_8 C4,,True
117588,chapter-c2-woollahra-hca,Woollahra_DCP_2015__chapter_c2_woollahra_hca,Woollahra_DCP_2015__chapter_c2_woollahra_hca__3_4_8 O1,,True
117601,chapter-c2-woollahra-hca,Woollahra_DCP_2015__chapter_c2_woollahra_hca,Woollahra_DCP_2015__chapter_c2_woollahra_hca__3_4_9 C1,,True
117611,chapter-c2-woollahra-hca,Woollahra_DCP_2015__chapter_c2_woollahra_hca,Woollahra_DCP_2015__chapter_c2_woollahra_hca__3_4_9 C10,,True
117612,chapter-c2-woollahra-hca,Woollahra_DCP_2015__chapter_c2_woollahra_hca,Woollahra_DCP_2015__chapter_c2_woollahra_hca__3_4_9 C11,,True
117613,chapter-c2-woollahra-hca,Woollahra_DCP_2015__chapter_c2_woollahra_hca,Woollahra_DCP_2015__chapter_c2_woollahra_hca__3_4_9 C12,,True
117614,chapter-c2-woollahra-hca,Woollahra_DCP_2015__chapter_c2_woollahra_hca,Woollahra_DCP_2015__chapter_c2_woollahra_hca__3_4_9 C13,,True
117615,chapter-c2-woollahra-hca,Woollahra_DCP_2015__chapter_c2_woollahra_hca,Woollahra_DCP_2015__chapter_c2_woollahra_hca__3_4_9 C13a,,True
117616,chapter-c2-woollahra-hca,Woollahra_DCP_2015__chapter_c2_woollahra_hca,Woollahra_DCP_2015__chapter_c2_woollahra_hca__3_4_9 C14,,True
117617,chapter-c2-woollahra-hca,Woollahra_DCP_2015__chapter_c2_woollahra_hca,Woollahra_DCP_2015__chapter_c2_woollahra_hca__3_4_9 C15,,True
117618,chapter-c2-woollahra-hca,Woollahra_DCP_2015__chapter_c2_woollahra_hca,Woollahra_DCP_2015__chapter_c2_woollahra_hca__3_4_9 C16,,True
117602,chapter-c2-woollahra-hca,Woollahra_DCP_2015__chapter_c2_woollahra_hca,Woollahra_DCP_2015__chapter_c2_woollahra_hca__3_4_9 C2,,True
117603,chapter-c2-woollahra-hca,Woollahra_DCP_2015__chapter_c2_woollahra_hca,Woollahra_DCP_2015__chapter_c2_woollahra_hca__3_4_9 C3,,True
117604,chapter-c2-woollahra-hca,Woollahra_DCP_2015__chapter_c2_woollahra_hca,Woollahra_DCP_2015__chapter_c2_woollahra_hca__3_4_9 C4,,True
117605,chapter-c2-woollahra-hca,Woollahra_DCP_2015__chapter_c2_woollahra_hca,Woollahra_DCP_2015__chapter_c2_woollahra_hca__3_4_9 C5,,True
117606,chapter-c2-woollahra-hca,Woollahra_DCP_2015__chapter_c2_woollahra_hca,Woollahra_DCP_2015__chapter_c2_woollahra_hca__3_4_9 C5a,,True
117607,chapter-c2-woollahra-hca,Woollahra_DCP_2015__chapter_c2_woollahra_hca,Woollahra_DCP_2015__chapter_c2_woollahra_hca__3_4_9 C6,,True
117608,chapter-c2-woollahra-hca,Woollahra_DCP_2015__chapter_c2_woollahra_hca,Woollahra_DCP_2015__chapter_c2_woollahra_hca__3_4_9 C7,,True
117609,chapter-c2-woollahra-hca,Woollahra_DCP_2015__chapter_c2_woollahra_hca,Woollahra_DCP_2015__chapter_c2_woollahra_hca__3_4_9 C8,,True
117610,chapter-c2-woollahra-hca,Woollahra_DCP_2015__chapter_c2_woollahra_hca,Woollahra_DCP_2015__chapter_c2_woollahra_hca__3_4_9 C9,,True
117593,chapter-c2-woollahra-hca,Woollahra_DCP_2015__chapter_c2_woollahra_hca,Woollahra_DCP_2015__chapter_c2_woollahra_hca__3_4_9 O1,,True
117594,chapter-c2-woollahra-hca,Woollahra_DCP_2015__chapter_c2_woollahra_hca,Woollahra_DCP_2015__chapter_c2_woollahra_hca__3_4_9 O2,,True
117595,chapter-c2-woollahra-hca,Woollahra_DCP_2015__chapter_c2_woollahra_hca,Woollahra_DCP_2015__chapter_c2_woollahra_hca__3_4_9 O3,,True
117596,chapter-c2-woollahra-hca,Woollahra_DCP_2015__chapter_c2_woollahra_hca,Woollahra_DCP_2015__chapter_c2_woollahra_hca__3_4_9 O4,,True
117597,chapter-c2-woollahra-hca,Woollahra_DCP_2015__chapter_c2_woollahra_hca,Woollahra_DCP_2015__chapter_c2_woollahra_hca__3_4_9 O5,,True
117598,chapter-c2-woollahra-hca,Woollahra_DCP_2015__chapter_c2_woollahra_hca,Woollahra_DCP_2015__chapter_c2_woollahra_hca__3_4_9 O6,,True
117599,chapter-c2-woollahra-hca,Woollahra_DCP_2015__chapter_c2_woollahra_hca,Woollahra_DCP_2015__chapter_c2_woollahra_hca__3_4_9 O7,,True
117600,chapter-c2-woollahra-hca,Woollahra_DCP_2015__chapter_c2_woollahra_hca,Woollahra_DCP_2015__chapter_c2_woollahra_hca__3_4_9 O8,,True
117708,chapter-c2-woollahra-hca,Woollahra_DCP_2015__chapter_c2_woollahra_hca,Woollahra_DCP_2015__chapter_c2_woollahra_hca__4 O1,,True
117709,chapter-c2-woollahra-hca,Woollahra_DCP_2015__chapter_c2_woollahra_hca,Woollahra_DCP_2015__chapter_c2_woollahra_hca__4 O2,,True
117710,chapter-c2-woollahra-hca,Woollahra_DCP_2015__chapter_c2_woollahra_hca,Woollahra_DCP_2015__chapter_c2_woollahra_hca__4 O3,,True
117711,chapter-c2-woollahra-hca,Woollahra_DCP_2015__chapter_c2_woollahra_hca,Woollahra_DCP_2015__chapter_c2_woollahra_hca__4_1_1 C1,,True
117712,chapter-c2-woollahra-hca,Woollahra_DCP_2015__chapter_c2_woollahra_hca,Woollahra_DCP_2015__chapter_c2_woollahra_hca__4_1_1 C2,,True
117713,chapter-c2-woollahra-hca,Woollahra_DCP_2015__chapter_c2_woollahra_hca,Woollahra_DCP_2015__chapter_c2_woollahra_hca__4_1_1 C3,,True
117714,chapter-c2-woollahra-hca,Woollahra_DCP_2015__chapter_c2_woollahra_hca,Woollahra_DCP_2015__chapter_c2_woollahra_hca__4_1_1 C4,,True
117715,chapter-c2-woollahra-hca,Woollahra_DCP_2015__chapter_c2_woollahra_hca,Woollahra_DCP_2015__chapter_c2_woollahra_hca__4_1_1 C5,,True
117716,chapter-c2-woollahra-hca,Woollahra_DCP_2015__chapter_c2_woollahra_hca,Woollahra_DCP_2015__chapter_c2_woollahra_hca__4_1_2 C6,,True
117717,chapter-c2-woollahra-hca,Woollahra_DCP_2015__chapter_c2_woollahra_hca,Woollahra_DCP_2015__chapter_c2_woollahra_hca__4_1_2 C7,,True
117720,chapter-c2-woollahra-hca,Woollahra_DCP_2015__chapter_c2_woollahra_hca,Woollahra_DCP_2015__chapter_c2_woollahra_hca__4_1_3 C10,,True
117721,chapter-c2-woollahra-hca,Woollahra_DCP_2015__chapter_c2_woollahra_hca,Woollahra_DCP_2015__chapter_c2_woollahra_hca__4_1_3 C11,,True
117722,chapter-c2-woollahra-hca,Woollahra_DCP_2015__chapter_c2_woollahra_hca,Woollahra_DCP_2015__chapter_c2_woollahra_hca__4_1_3 C12,,True
117723,chapter-c2-woollahra-hca,Woollahra_DCP_2015__chapter_c2_woollahra_hca,Woollahra_DCP_2015__chapter_c2_woollahra_hca__4_1_3 C13,,True
117718,chapter-c2-woollahra-hca,Woollahra_DCP_2015__chapter_c2_woollahra_hca,Woollahra_DCP_2015__chapter_c2_woollahra_hca__4_1_3 C8,,True
117719,chapter-c2-woollahra-hca,Woollahra_DCP_2015__chapter_c2_woollahra_hca,Woollahra_DCP_2015__chapter_c2_woollahra_hca__4_1_3 C9,,True
117724,chapter-c2-woollahra-hca,Woollahra_DCP_2015__chapter_c2_woollahra_hca,Woollahra_DCP_2015__chapter_c2_woollahra_hca__4_2_1 C1,,True
117725,chapter-c2-woollahra-hca,Woollahra_DCP_2015__chapter_c2_woollahra_hca,Woollahra_DCP_2015__chapter_c2_woollahra_hca__4_2_2 C2,,True
117726,chapter-c2-woollahra-hca,Woollahra_DCP_2015__chapter_c2_woollahra_hca,Woollahra_DCP_2015__chapter_c2_woollahra_hca__4_2_2 C3,,True
117727,chapter-c2-woollahra-hca,Woollahra_DCP_2015__chapter_c2_woollahra_hca,Woollahra_DCP_2015__chapter_c2_woollahra_hca__4_2_2 C4,,True
117728,chapter-c2-woollahra-hca,Woollahra_DCP_2015__chapter_c2_woollahra_hca,Woollahra_DCP_2015__chapter_c2_woollahra_hca__4_2_3 C5,,True
117729,chapter-c2-woollahra-hca,Woollahra_DCP_2015__chapter_c2_woollahra_hca,Woollahra_DCP_2015__chapter_c2_woollahra_hca__4_2_3 C6,,True
117730,chapter-c2-woollahra-hca,Woollahra_DCP_2015__chapter_c2_woollahra_hca,Woollahra_DCP_2015__chapter_c2_woollahra_hca__4_2_3 C7,,True
117731,chapter-c2-woollahra-hca,Woollahra_DCP_2015__chapter_c2_woollahra_hca,Woollahra_DCP_2015__chapter_c2_woollahra_hca__4_2_4 C8,,True
117732,chapter-c2-woollahra-hca,Woollahra_DCP_2015__chapter_c2_woollahra_hca,Woollahra_DCP_2015__chapter_c2_woollahra_hca__4_2_4 C9,,True
117733,chapter-c2-woollahra-hca,Woollahra_DCP_2015__chapter_c2_woollahra_hca,Woollahra_DCP_2015__chapter_c2_woollahra_hca__4_2_5 C10,,True
117734,chapter-c2-woollahra-hca,Woollahra_DCP_2015__chapter_c2_woollahra_hca,Woollahra_DCP_2015__chapter_c2_woollahra_hca__4_2_5 C11,,True
117735,chapter-c2-woollahra-hca,Woollahra_DCP_2015__chapter_c2_woollahra_hca,Woollahra_DCP_2015__chapter_c2_woollahra_hca__4_2_6 C12,,True
117736,chapter-c2-woollahra-hca,Woollahra_DCP_2015__chapter_c2_woollahra_hca,Woollahra_DCP_2015__chapter_c2_woollahra_hca__4_2_6 C13,,True
117737,chapter-c2-woollahra-hca,Woollahra_DCP_2015__chapter_c2_woollahra_hca,Woollahra_DCP_2015__chapter_c2_woollahra_hca__4_3_1 C1,,True
117738,chapter-c2-woollahra-hca,Woollahra_DCP_2015__chapter_c2_woollahra_hca,Woollahra_DCP_2015__chapter_c2_woollahra_hca__4_3_1 C2,,True
117739,chapter-c2-woollahra-hca,Woollahra_DCP_2015__chapter_c2_woollahra_hca,Woollahra_DCP_2015__chapter_c2_woollahra_hca__4_3_1 C3,,True
117740,chapter-c2-woollahra-hca,Woollahra_DCP_2015__chapter_c2_woollahra_hca,Woollahra_DCP_2015__chapter_c2_woollahra_hca__4_3_1 C4,,True
117741,chapter-c2-woollahra-hca,Woollahra_DCP_2015__chapter_c2_woollahra_hca,Woollahra_DCP_2015__chapter_c2_woollahra_hca__4_3_1 C5,,True
117742,chapter-c2-woollahra-hca,Woollahra_DCP_2015__chapter_c2_woollahra_hca,Woollahra_DCP_2015__chapter_c2_woollahra_hca__4_3_1 C6,,True
117746,chapter-c2-woollahra-hca,Woollahra_DCP_2015__chapter_c2_woollahra_hca,Woollahra_DCP_2015__chapter_c2_woollahra_hca__4_3_2 C10,,True
117747,chapter-c2-woollahra-hca,Woollahra_DCP_2015__chapter_c2_woollahra_hca,Woollahra_DCP_2015__chapter_c2_woollahra_hca__4_3_2 C11,,True
117748,chapter-c2-woollahra-hca,Woollahra_DCP_2015__chapter_c2_woollahra_hca,Woollahra_DCP_2015__chapter_c2_woollahra_hca__4_3_2 C12,,True
117749,chapter-c2-woollahra-hca,Woollahra_DCP_2015__chapter_c2_woollahra_hca,Woollahra_DCP_2015__chapter_c2_woollahra_hca__4_3_2 C13,,True
117750,chapter-c2-woollahra-hca,Woollahra_DCP_2015__chapter_c2_woollahra_hca,Woollahra_DCP_2015__chapter_c2_woollahra_hca__4_3_2 C14,,True
117751,chapter-c2-woollahra-hca,Woollahra_DCP_2015__chapter_c2_woollahra_hca,Woollahra_DCP_2015__chapter_c2_woollahra_hca__4_3_2 C15,,True
117743,chapter-c2-woollahra-hca,Woollahra_DCP_2015__chapter_c2_woollahra_hca,Woollahra_DCP_2015__chapter_c2_woollahra_hca__4_3_2 C7,,True
117744,chapter-c2-woollahra-hca,Woollahra_DCP_2015__chapter_c2_woollahra_hca,Woollahra_DCP_2015__chapter_c2_woollahra_hca__4_3_2 C8,,True
117745,chapter-c2-woollahra-hca,Woollahra_DCP_2015__chapter_c2_woollahra_hca,Woollahra_DCP_2015__chapter_c2_woollahra_hca__4_3_2 C9,,True
117752,chapter-c2-woollahra-hca,Woollahra_DCP_2015__chapter_c2_woollahra_hca,Woollahra_DCP_2015__chapter_c2_woollahra_hca__4_3_3 C16,,True
117753,chapter-c2-woollahra-hca,Woollahra_DCP_2015__chapter_c2_woollahra_hca,Woollahra_DCP_2015__chapter_c2_woollahra_hca__4_3_4 C17,,True
117754,chapter-c2-woollahra-hca,Woollahra_DCP_2015__chapter_c2_woollahra_hca,Woollahra_DCP_2015__chapter_c2_woollahra_hca__4_3_5 C18,,True
117755,chapter-c2-woollahra-hca,Woollahra_DCP_2015__chapter_c2_woollahra_hca,Woollahra_DCP_2015__chapter_c2_woollahra_hca__4_3_5 C19,,True
117756,chapter-c2-woollahra-hca,Woollahra_DCP_2015__chapter_c2_woollahra_hca,Woollahra_DCP_2015__chapter_c2_woollahra_hca__4_3_5 C20,,True
117757,chapter-c2-woollahra-hca,Woollahra_DCP_2015__chapter_c2_woollahra_hca,Woollahra_DCP_2015__chapter_c2_woollahra_hca__4_3_5 C21,,True
117758,chapter-c2-woollahra-hca,Woollahra_DCP_2015__chapter_c2_woollahra_hca,Woollahra_DCP_2015__chapter_c2_woollahra_hca__4_3_5 C22,,True
117759,chapter-c2-woollahra-hca,Woollahra_DCP_2015__chapter_c2_woollahra_hca,Woollahra_DCP_2015__chapter_c2_woollahra_hca__4_3_5 C23,,True
117760,chapter-c2-woollahra-hca,Woollahra_DCP_2015__chapter_c2_woollahra_hca,Woollahra_DCP_2015__chapter_c2_woollahra_hca__4_4 C1,,True
117761,chapter-c2-woollahra-hca,Woollahra_DCP_2015__chapter_c2_woollahra_hca,Woollahra_DCP_2015__chapter_c2_woollahra_hca__4_4 C2,,True
117762,chapter-c2-woollahra-hca,Woollahra_DCP_2015__chapter_c2_woollahra_hca,Woollahra_DCP_2015__chapter_c2_woollahra_hca__4_4 C3,,True
117763,chapter-c2-woollahra-hca,Woollahra_DCP_2015__chapter_c2_woollahra_hca,Woollahra_DCP_2015__chapter_c2_woollahra_hca__4_4 C4,,True
117764,chapter-c2-woollahra-hca,Woollahra_DCP_2015__chapter_c2_woollahra_hca,Woollahra_DCP_2015__chapter_c2_woollahra_hca__4_4 C5,,True
117765,chapter-c2-woollahra-hca,Woollahra_DCP_2015__chapter_c2_woollahra_hca,Woollahra_DCP_2015__chapter_c2_woollahra_hca__4_4 C6,,True
117766,chapter-c2-woollahra-hca,Woollahra_DCP_2015__chapter_c2_woollahra_hca,Woollahra_DCP_2015__chapter_c2_woollahra_hca__4_4 C7,,True
117767,chapter-c2-woollahra-hca,Woollahra_DCP_2015__chapter_c2_woollahra_hca,Woollahra_DCP_2015__chapter_c2_woollahra_hca__4_4 C8,,True
117768,chapter-c2-woollahra-hca,Woollahra_DCP_2015__chapter_c2_woollahra_hca,Woollahra_DCP_2015__chapter_c2_woollahra_hca__4_5 C1,,True
117769,chapter-c2-woollahra-hca,Woollahra_DCP_2015__chapter_c2_woollahra_hca,Woollahra_DCP_2015__chapter_c2_woollahra_hca__4_5 C2,,True
117770,chapter-c2-woollahra-hca,Woollahra_DCP_2015__chapter_c2_woollahra_hca,Woollahra_DCP_2015__chapter_c2_woollahra_hca__4_5 C3,,True
117771,chapter-c2-woollahra-hca,Woollahra_DCP_2015__chapter_c2_woollahra_hca,Woollahra_DCP_2015__chapter_c2_woollahra_hca__4_5 C4,,True
117772,chapter-c2-woollahra-hca,Woollahra_DCP_2015__chapter_c2_woollahra_hca,Woollahra_DCP_2015__chapter_c2_woollahra_hca__4_6 C1,,True
117773,chapter-c2-woollahra-hca,Woollahra_DCP_2015__chapter_c2_woollahra_hca,Woollahra_DCP_2015__chapter_c2_woollahra_hca__4_7_1 C1,,True
117774,chapter-c2-woollahra-hca,Woollahra_DCP_2015__chapter_c2_woollahra_hca,Woollahra_DCP_2015__chapter_c2_woollahra_hca__4_7_1 C2,,True
117775,chapter-c2-woollahra-hca,Woollahra_DCP_2015__chapter_c2_woollahra_hca,Woollahra_DCP_2015__chapter_c2_woollahra_hca__4_7_1 C3,,True
117776,chapter-c2-woollahra-hca,Woollahra_DCP_2015__chapter_c2_woollahra_hca,Woollahra_DCP_2015__chapter_c2_woollahra_hca__4_7_1 C4,,True
117777,chapter-c2-woollahra-hca,Woollahra_DCP_2015__chapter_c2_woollahra_hca,Woollahra_DCP_2015__chapter_c2_woollahra_hca__4_7_1 C5,,True
117782,chapter-c2-woollahra-hca,Woollahra_DCP_2015__chapter_c2_woollahra_hca,Woollahra_DCP_2015__chapter_c2_woollahra_hca__4_7_2 C10,,True
117783,chapter-c2-woollahra-hca,Woollahra_DCP_2015__chapter_c2_woollahra_hca,Woollahra_DCP_2015__chapter_c2_woollahra_hca__4_7_2 C11,,True
117784,chapter-c2-woollahra-hca,Woollahra_DCP_2015__chapter_c2_woollahra_hca,Woollahra_DCP_2015__chapter_c2_woollahra_hca__4_7_2 C12,,True
117778,chapter-c2-woollahra-hca,Woollahra_DCP_2015__chapter_c2_woollahra_hca,Woollahra_DCP_2015__chapter_c2_woollahra_hca__4_7_2 C6,,True
117779,chapter-c2-woollahra-hca,Woollahra_DCP_2015__chapter_c2_woollahra_hca,Woollahra_DCP_2015__chapter_c2_woollahra_hca__4_7_2 C7,,True
117780,chapter-c2-woollahra-hca,Woollahra_DCP_2015__chapter_c2_woollahra_hca,Woollahra_DCP_2015__chapter_c2_woollahra_hca__4_7_2 C8,,True
117781,chapter-c2-woollahra-hca,Woollahra_DCP_2015__chapter_c2_woollahra_hca,Woollahra_DCP_2015__chapter_c2_woollahra_hca__4_7_2 C9,,True
117785,chapter-c2-woollahra-hca,Woollahra_DCP_2015__chapter_c2_woollahra_hca,Woollahra_DCP_2015__chapter_c2_woollahra_hca__4_7_2 O1,,True
117794,chapter-c2-woollahra-hca,Woollahra_DCP_2015__chapter_c2_woollahra_hca,Woollahra_DCP_2015__chapter_c2_woollahra_hca__4_7_2 O10,,True
117795,chapter-c2-woollahra-hca,Woollahra_DCP_2015__chapter_c2_woollahra_hca,Woollahra_DCP_2015__chapter_c2_woollahra_hca__4_7_2 O11,,True
117796,chapter-c2-woollahra-hca,Woollahra_DCP_2015__chapter_c2_woollahra_hca,Woollahra_DCP_2015__chapter_c2_woollahra_hca__4_7_2 O12,,True
117797,chapter-c2-woollahra-hca,Woollahra_DCP_2015__chapter_c2_woollahra_hca,Woollahra_DCP_2015__chapter_c2_woollahra_hca__4_7_2 O13,,True
117798,chapter-c2-woollahra-hca,Woollahra_DCP_2015__chapter_c2_woollahra_hca,Woollahra_DCP_2015__chapter_c2_woollahra_hca__4_7_2 O14,,True
117799,chapter-c2-woollahra-hca,Woollahra_DCP_2015__chapter_c2_woollahra_hca,Woollahra_DCP_2015__chapter_c2_woollahra_hca__4_7_2 O15,,True
117800,chapter-c2-woollahra-hca,Woollahra_DCP_2015__chapter_c2_woollahra_hca,Woollahra_DCP_2015__chapter_c2_woollahra_hca__4_7_2 O16,,True
117801,chapter-c2-woollahra-hca,Woollahra_DCP_2015__chapter_c2_woollahra_hca,Woollahra_DCP_2015__chapter_c2_woollahra_hca__4_7_2 O17,,True
117802,chapter-c2-woollahra-hca,Woollahra_DCP_2015__chapter_c2_woollahra_hca,Woollahra_DCP_2015__chapter_c2_woollahra_hca__4_7_2 O18,,True
117803,chapter-c2-woollahra-hca,Woollahra_DCP_2015__chapter_c2_woollahra_hca,Woollahra_DCP_2015__chapter_c2_woollahra_hca__4_7_2 O19,,True
117786,chapter-c2-woollahra-hca,Woollahra_DCP_2015__chapter_c2_woollahra_hca,Woollahra_DCP_2015__chapter_c2_woollahra_hca__4_7_2 O2,,True
117804,chapter-c2-woollahra-hca,Woollahra_DCP_2015__chapter_c2_woollahra_hca,Woollahra_DCP_2015__chapter_c2_woollahra_hca__4_7_2 O20,,True
117805,chapter-c2-woollahra-hca,Woollahra_DCP_2015__chapter_c2_woollahra_hca,Woollahra_DCP_2015__chapter_c2_woollahra_hca__4_7_2 O21,,True
117806,chapter-c2-woollahra-hca,Woollahra_DCP_2015__chapter_c2_woollahra_hca,Woollahra_DCP_2015__chapter_c2_woollahra_hca__4_7_2 O22,,True
117807,chapter-c2-woollahra-hca,Woollahra_DCP_2015__chapter_c2_woollahra_hca,Woollahra_DCP_2015__chapter_c2_woollahra_hca__4_7_2 O23,,True
117808,chapter-c2-woollahra-hca,Woollahra_DCP_2015__chapter_c2_woollahra_hca,Woollahra_DCP_2015__chapter_c2_woollahra_hca__4_7_2 O24,,True
117809,chapter-c2-woollahra-hca,Woollahra_DCP_2015__chapter_c2_woollahra_hca,Woollahra_DCP_2015__chapter_c2_woollahra_hca__4_7_2 O25,,True
117810,chapter-c2-woollahra-hca,Woollahra_DCP_2015__chapter_c2_woollahra_hca,Woollahra_DCP_2015__chapter_c2_woollahra_hca__4_7_2 O26,,True
117811,chapter-c2-woollahra-hca,Woollahra_DCP_2015__chapter_c2_woollahra_hca,Woollahra_DCP_2015__chapter_c2_woollahra_hca__4_7_2 O27,,True
117812,chapter-c2-woollahra-hca,Woollahra_DCP_2015__chapter_c2_woollahra_hca,Woollahra_DCP_2015__chapter_c2_woollahra_hca__4_7_2 O28,,True
117813,chapter-c2-woollahra-hca,Woollahra_DCP_2015__chapter_c2_woollahra_hca,Woollahra_DCP_2015__chapter_c2_woollahra_hca__4_7_2 O29,,True
117787,chapter-c2-woollahra-hca,Woollahra_DCP_2015__chapter_c2_woollahra_hca,Woollahra_DCP_2015__chapter_c2_woollahra_hca__4_7_2 O3,,True
117814,chapter-c2-woollahra-hca,Woollahra_DCP_2015__chapter_c2_woollahra_hca,Woollahra_DCP_2015__chapter_c2_woollahra_hca__4_7_2 O30,,True
117815,chapter-c2-woollahra-hca,Woollahra_DCP_2015__chapter_c2_woollahra_hca,Woollahra_DCP_2015__chapter_c2_woollahra_hca__4_7_2 O31,,True
117816,chapter-c2-woollahra-hca,Woollahra_DCP_2015__chapter_c2_woollahra_hca,Woollahra_DCP_2015__chapter_c2_woollahra_hca__4_7_2 O32,,True
117817,chapter-c2-woollahra-hca,Woollahra_DCP_2015__chapter_c2_woollahra_hca,Woollahra_DCP_2015__chapter_c2_woollahra_hca__4_7_2 O33,,True
117818,chapter-c2-woollahra-hca,Woollahra_DCP_2015__chapter_c2_woollahra_hca,Woollahra_DCP_2015__chapter_c2_woollahra_hca__4_7_2 O34,,True
117819,chapter-c2-woollahra-hca,Woollahra_DCP_2015__chapter_c2_woollahra_hca,Woollahra_DCP_2015__chapter_c2_woollahra_hca__4_7_2 O35,,True
117820,chapter-c2-woollahra-hca,Woollahra_DCP_2015__chapter_c2_woollahra_hca,Woollahra_DCP_2015__chapter_c2_woollahra_hca__4_7_2 O36,,True
117821,chapter-c2-woollahra-hca,Woollahra_DCP_2015__chapter_c2_woollahra_hca,Woollahra_DCP_2015__chapter_c2_woollahra_hca__4_7_2 O37,,True
117822,chapter-c2-woollahra-hca,Woollahra_DCP_2015__chapter_c2_woollahra_hca,Woollahra_DCP_2015__chapter_c2_woollahra_hca__4_7_2 O38,,True
117823,chapter-c2-woollahra-hca,Woollahra_DCP_2015__chapter_c2_woollahra_hca,Woollahra_DCP_2015__chapter_c2_woollahra_hca__4_7_2 O39,,True
117788,chapter-c2-woollahra-hca,Woollahra_DCP_2015__chapter_c2_woollahra_hca,Woollahra_DCP_2015__chapter_c2_woollahra_hca__4_7_2 O4,,True
117824,chapter-c2-woollahra-hca,Woollahra_DCP_2015__chapter_c2_woollahra_hca,Woollahra_DCP_2015__chapter_c2_woollahra_hca__4_7_2 O40,,True
117825,chapter-c2-woollahra-hca,Woollahra_DCP_2015__chapter_c2_woollahra_hca,Woollahra_DCP_2015__chapter_c2_woollahra_hca__4_7_2 O41,,True
117789,chapter-c2-woollahra-hca,Woollahra_DCP_2015__chapter_c2_woollahra_hca,Woollahra_DCP_2015__chapter_c2_woollahra_hca__4_7_2 O5,,True
117790,chapter-c2-woollahra-hca,Woollahra_DCP_2015__chapter_c2_woollahra_hca,Woollahra_DCP_2015__chapter_c2_woollahra_hca__4_7_2 O6,,True
117791,chapter-c2-woollahra-hca,Woollahra_DCP_2015__chapter_c2_woollahra_hca,Woollahra_DCP_2015__chapter_c2_woollahra_hca__4_7_2 O7,,True
117792,chapter-c2-woollahra-hca,Woollahra_DCP_2015__chapter_c2_woollahra_hca,Woollahra_DCP_2015__chapter_c2_woollahra_hca__4_7_2 O8,,True
117793,chapter-c2-woollahra-hca,Woollahra_DCP_2015__chapter_c2_woollahra_hca,Woollahra_DCP_2015__chapter_c2_woollahra_hca__4_7_2 O9,,True
117277,chapter-c2-woollahra-hca,Woollahra_DCP_2015__chapter_c2_woollahra_hca,Woollahra_DCP_2015__chapter_c2_woollahra_hca__C4_10 C1,,True
117273,chapter-c2-woollahra-hca,Woollahra_DCP_2015__chapter_c2_woollahra_hca,Woollahra_DCP_2015__chapter_c2_woollahra_hca__C4_9 C1,,True
117274,chapter-c2-woollahra-hca,Woollahra_DCP_2015__chapter_c2_woollahra_hca,Woollahra_DCP_2015__chapter_c2_woollahra_hca__C4_9 C2,,True
117275,chapter-c2-woollahra-hca,Woollahra_DCP_2015__chapter_c2_woollahra_hca,Woollahra_DCP_2015__chapter_c2_woollahra_hca__C4_9 C3,,True
117276,chapter-c2-woollahra-hca,Woollahra_DCP_2015__chapter_c2_woollahra_hca,Woollahra_DCP_2015__chapter_c2_woollahra_hca__C4_9 C4,,True
117826,chapter-c3-watsons-bay-hca,Woollahra_DCP_2015__chapter_c3_watsons_bay_hca,Woollahra_DCP_2015__chapter_c3_watsons_bay_hca__1_1,,True
117838,chapter-c3-watsons-bay-hca,Woollahra_DCP_2015__chapter_c3_watsons_bay_hca,Woollahra_DCP_2015__chapter_c3_watsons_bay_hca__1_10,,True
117827,chapter-c3-watsons-bay-hca,Woollahra_DCP_2015__chapter_c3_watsons_bay_hca,Woollahra_DCP_2015__chapter_c3_watsons_bay_hca__1_2,,True
117828,chapter-c3-watsons-bay-hca,Woollahra_DCP_2015__chapter_c3_watsons_bay_hca,Woollahra_DCP_2015__chapter_c3_watsons_bay_hca__1_3,,True
117829,chapter-c3-watsons-bay-hca,Woollahra_DCP_2015__chapter_c3_watsons_bay_hca,Woollahra_DCP_2015__chapter_c3_watsons_bay_hca__1_4,,True
117830,chapter-c3-watsons-bay-hca,Woollahra_DCP_2015__chapter_c3_watsons_bay_hca,Woollahra_DCP_2015__chapter_c3_watsons_bay_hca__1_5 O1,,True
117831,chapter-c3-watsons-bay-hca,Woollahra_DCP_2015__chapter_c3_watsons_bay_hca,Woollahra_DCP_2015__chapter_c3_watsons_bay_hca__1_6_1,,True
117832,chapter-c3-watsons-bay-hca,Woollahra_DCP_2015__chapter_c3_watsons_bay_hca,Woollahra_DCP_2015__chapter_c3_watsons_bay_hca__1_6_2,,True
117833,chapter-c3-watsons-bay-hca,Woollahra_DCP_2015__chapter_c3_watsons_bay_hca,Woollahra_DCP_2015__chapter_c3_watsons_bay_hca__1_6_3,,True
117834,chapter-c3-watsons-bay-hca,Woollahra_DCP_2015__chapter_c3_watsons_bay_hca,Woollahra_DCP_2015__chapter_c3_watsons_bay_hca__1_6_4,,True
117835,chapter-c3-watsons-bay-hca,Woollahra_DCP_2015__chapter_c3_watsons_bay_hca,Woollahra_DCP_2015__chapter_c3_watsons_bay_hca__1_7,,True
117836,chapter-c3-watsons-bay-hca,Woollahra_DCP_2015__chapter_c3_watsons_bay_hca,Woollahra_DCP_2015__chapter_c3_watsons_bay_hca__1_8,,True
117837,chapter-c3-watsons-bay-hca,Woollahra_DCP_2015__chapter_c3_watsons_bay_hca,Woollahra_DCP_2015__chapter_c3_watsons_bay_hca__1_9,,True
117839,chapter-c3-watsons-bay-hca,Woollahra_DCP_2015__chapter_c3_watsons_bay_hca,Woollahra_DCP_2015__chapter_c3_watsons_bay_hca__2_1,,True
117840,chapter-c3-watsons-bay-hca,Woollahra_DCP_2015__chapter_c3_watsons_bay_hca,Woollahra_DCP_2015__chapter_c3_watsons_bay_hca__2_2_1,,True
117841,chapter-c3-watsons-bay-hca,Woollahra_DCP_2015__chapter_c3_watsons_bay_hca,Woollahra_DCP_2015__chapter_c3_watsons_bay_hca__2_3,,True
117842,chapter-c3-watsons-bay-hca,Woollahra_DCP_2015__chapter_c3_watsons_bay_hca,Woollahra_DCP_2015__chapter_c3_watsons_bay_hca__2_4_1,,True
117843,chapter-c3-watsons-bay-hca,Woollahra_DCP_2015__chapter_c3_watsons_bay_hca,Woollahra_DCP_2015__chapter_c3_watsons_bay_hca__2_4_2,,True
117844,chapter-c3-watsons-bay-hca,Woollahra_DCP_2015__chapter_c3_watsons_bay_hca,Woollahra_DCP_2015__chapter_c3_watsons_bay_hca__2_4_3,,True
117845,chapter-c3-watsons-bay-hca,Woollahra_DCP_2015__chapter_c3_watsons_bay_hca,Woollahra_DCP_2015__chapter_c3_watsons_bay_hca__2_4_4,,True
117846,chapter-c3-watsons-bay-hca,Woollahra_DCP_2015__chapter_c3_watsons_bay_hca,Woollahra_DCP_2015__chapter_c3_watsons_bay_hca__2_4_5,,True
117847,chapter-c3-watsons-bay-hca,Woollahra_DCP_2015__chapter_c3_watsons_bay_hca,Woollahra_DCP_2015__chapter_c3_watsons_bay_hca__2_5_1,,True
117848,chapter-c3-watsons-bay-hca,Woollahra_DCP_2015__chapter_c3_watsons_bay_hca,Woollahra_DCP_2015__chapter_c3_watsons_bay_hca__2_5_2,,True
117849,chapter-c3-watsons-bay-hca,Woollahra_DCP_2015__chapter_c3_watsons_bay_hca,Woollahra_DCP_2015__chapter_c3_watsons_bay_hca__2_5_3,,True
117887,chapter-c3-watsons-bay-hca,Woollahra_DCP_2015__chapter_c3_watsons_bay_hca,Woollahra_DCP_2015__chapter_c3_watsons_bay_hca__2_5_3 C1,,True
117888,chapter-c3-watsons-bay-hca,Woollahra_DCP_2015__chapter_c3_watsons_bay_hca,Woollahra_DCP_2015__chapter_c3_watsons_bay_hca__2_5_3 C2,,True
117889,chapter-c3-watsons-bay-hca,Woollahra_DCP_2015__chapter_c3_watsons_bay_hca,Woollahra_DCP_2015__chapter_c3_watsons_bay_hca__2_5_3 C3,,True
117890,chapter-c3-watsons-bay-hca,Woollahra_DCP_2015__chapter_c3_watsons_bay_hca,Woollahra_DCP_2015__chapter_c3_watsons_bay_hca__2_5_3 C4,,True
117891,chapter-c3-watsons-bay-hca,Woollahra_DCP_2015__chapter_c3_watsons_bay_hca,Woollahra_DCP_2015__chapter_c3_watsons_bay_hca__2_5_3 C5,,True
117892,chapter-c3-watsons-bay-hca,Woollahra_DCP_2015__chapter_c3_watsons_bay_hca,Woollahra_DCP_2015__chapter_c3_watsons_bay_hca__2_5_3 C6,,True
117893,chapter-c3-watsons-bay-hca,Woollahra_DCP_2015__chapter_c3_watsons_bay_hca,Woollahra_DCP_2015__chapter_c3_watsons_bay_hca__2_5_3 C7,,True
117894,chapter-c3-watsons-bay-hca,Woollahra_DCP_2015__chapter_c3_watsons_bay_hca,Woollahra_DCP_2015__chapter_c3_watsons_bay_hca__2_5_3 C8,,True
117895,chapter-c3-watsons-bay-hca,Woollahra_DCP_2015__chapter_c3_watsons_bay_hca,Woollahra_DCP_2015__chapter_c3_watsons_bay_hca__3_0 O1,,True
117896,chapter-c3-watsons-bay-hca,Woollahra_DCP_2015__chapter_c3_watsons_bay_hca,Woollahra_DCP_2015__chapter_c3_watsons_bay_hca__3_0 O2,,True
117897,chapter-c3-watsons-bay-hca,Woollahra_DCP_2015__chapter_c3_watsons_bay_hca,Woollahra_DCP_2015__chapter_c3_watsons_bay_hca__3_0 O3,,True
117898,chapter-c3-watsons-bay-hca,Woollahra_DCP_2015__chapter_c3_watsons_bay_hca,Woollahra_DCP_2015__chapter_c3_watsons_bay_hca__3_0 O4,,True
117910,chapter-c3-watsons-bay-hca,Woollahra_DCP_2015__chapter_c3_watsons_bay_hca,Woollahra_DCP_2015__chapter_c3_watsons_bay_hca__3_0 Precinct A C1,,True
117919,chapter-c3-watsons-bay-hca,Woollahra_DCP_2015__chapter_c3_watsons_bay_hca,Woollahra_DCP_2015__chapter_c3_watsons_bay_hca__3_0 Precinct A C10,,True
117920,chapter-c3-watsons-bay-hca,Woollahra_DCP_2015__chapter_c3_watsons_bay_hca,Woollahra_DCP_2015__chapter_c3_watsons_bay_hca__3_0 Precinct A C11,,True
117921,chapter-c3-watsons-bay-hca,Woollahra_DCP_2015__chapter_c3_watsons_bay_hca,Woollahra_DCP_2015__chapter_c3_watsons_bay_hca__3_0 Precinct A C12,,True
117922,chapter-c3-watsons-bay-hca,Woollahra_DCP_2015__chapter_c3_watsons_bay_hca,Woollahra_DCP_2015__chapter_c3_watsons_bay_hca__3_0 Precinct A C13,,True
117923,chapter-c3-watsons-bay-hca,Woollahra_DCP_2015__chapter_c3_watsons_bay_hca,Woollahra_DCP_2015__chapter_c3_watsons_bay_hca__3_0 Precinct A C14,,True
117924,chapter-c3-watsons-bay-hca,Woollahra_DCP_2015__chapter_c3_watsons_bay_hca,Woollahra_DCP_2015__chapter_c3_watsons_bay_hca__3_0 Precinct A C15,,True
117925,chapter-c3-watsons-bay-hca,Woollahra_DCP_2015__chapter_c3_watsons_bay_hca,Woollahra_DCP_2015__chapter_c3_watsons_bay_hca__3_0 Precinct A C16,,True
117926,chapter-c3-watsons-bay-hca,Woollahra_DCP_2015__chapter_c3_watsons_bay_hca,Woollahra_DCP_2015__chapter_c3_watsons_bay_hca__3_0 Precinct A C17,,True
117927,chapter-c3-watsons-bay-hca,Woollahra_DCP_2015__chapter_c3_watsons_bay_hca,Woollahra_DCP_2015__chapter_c3_watsons_bay_hca__3_0 Precinct A C18,,True
117928,chapter-c3-watsons-bay-hca,Woollahra_DCP_2015__chapter_c3_watsons_bay_hca,Woollahra_DCP_2015__chapter_c3_watsons_bay_hca__3_0 Precinct A C19,,True
117911,chapter-c3-watsons-bay-hca,Woollahra_DCP_2015__chapter_c3_watsons_bay_hca,Woollahra_DCP_2015__chapter_c3_watsons_bay_hca__3_0 Precinct A C2,,True
117929,chapter-c3-watsons-bay-hca,Woollahra_DCP_2015__chapter_c3_watsons_bay_hca,Woollahra_DCP_2015__chapter_c3_watsons_bay_hca__3_0 Precinct A C20,,True
117930,chapter-c3-watsons-bay-hca,Woollahra_DCP_2015__chapter_c3_watsons_bay_hca,Woollahra_DCP_2015__chapter_c3_watsons_bay_hca__3_0 Precinct A C21,,True
117931,chapter-c3-watsons-bay-hca,Woollahra_DCP_2015__chapter_c3_watsons_bay_hca,Woollahra_DCP_2015__chapter_c3_watsons_bay_hca__3_0 Precinct A C22,,True
117932,chapter-c3-watsons-bay-hca,Woollahra_DCP_2015__chapter_c3_watsons_bay_hca,Woollahra_DCP_2015__chapter_c3_watsons_bay_hca__3_0 Precinct A C23,,True
117933,chapter-c3-watsons-bay-hca,Woollahra_DCP_2015__chapter_c3_watsons_bay_hca,Woollahra_DCP_2015__chapter_c3_watsons_bay_hca__3_0 Precinct A C24,,True
117912,chapter-c3-watsons-bay-hca,Woollahra_DCP_2015__chapter_c3_watsons_bay_hca,Woollahra_DCP_2015__chapter_c3_watsons_bay_hca__3_0 Precinct A C3,,True
117913,chapter-c3-watsons-bay-hca,Woollahra_DCP_2015__chapter_c3_watsons_bay_hca,Woollahra_DCP_2015__chapter_c3_watsons_bay_hca__3_0 Precinct A C4,,True
117914,chapter-c3-watsons-bay-hca,Woollahra_DCP_2015__chapter_c3_watsons_bay_hca,Woollahra_DCP_2015__chapter_c3_watsons_bay_hca__3_0 Precinct A C5,,True
117915,chapter-c3-watsons-bay-hca,Woollahra_DCP_2015__chapter_c3_watsons_bay_hca,Woollahra_DCP_2015__chapter_c3_watsons_bay_hca__3_0 Precinct A C6,,True
117916,chapter-c3-watsons-bay-hca,Woollahra_DCP_2015__chapter_c3_watsons_bay_hca,Woollahra_DCP_2015__chapter_c3_watsons_bay_hca__3_0 Precinct A C7,,True
117917,chapter-c3-watsons-bay-hca,Woollahra_DCP_2015__chapter_c3_watsons_bay_hca,Woollahra_DCP_2015__chapter_c3_watsons_bay_hca__3_0 Precinct A C8,,True
117918,chapter-c3-watsons-bay-hca,Woollahra_DCP_2015__chapter_c3_watsons_bay_hca,Woollahra_DCP_2015__chapter_c3_watsons_bay_hca__3_0 Precinct A C9,,True
117899,chapter-c3-watsons-bay-hca,Woollahra_DCP_2015__chapter_c3_watsons_bay_hca,Woollahra_DCP_2015__chapter_c3_watsons_bay_hca__3_0 Precinct A Character statement O1,,True
117908,chapter-c3-watsons-bay-hca,Woollahra_DCP_2015__chapter_c3_watsons_bay_hca,Woollahra_DCP_2015__chapter_c3_watsons_bay_hca__3_0 Precinct A Character statement O10,,True
117909,chapter-c3-watsons-bay-hca,Woollahra_DCP_2015__chapter_c3_watsons_bay_hca,Woollahra_DCP_2015__chapter_c3_watsons_bay_hca__3_0 Precinct A Character statement O11,,True
117900,chapter-c3-watsons-bay-hca,Woollahra_DCP_2015__chapter_c3_watsons_bay_hca,Woollahra_DCP_2015__chapter_c3_watsons_bay_hca__3_0 Precinct A Character statement O2,,True
117901,chapter-c3-watsons-bay-hca,Woollahra_DCP_2015__chapter_c3_watsons_bay_hca,Woollahra_DCP_2015__chapter_c3_watsons_bay_hca__3_0 Precinct A Character statement O3,,True
117902,chapter-c3-watsons-bay-hca,Woollahra_DCP_2015__chapter_c3_watsons_bay_hca,Woollahra_DCP_2015__chapter_c3_watsons_bay_hca__3_0 Precinct A Character statement O4,,True
117903,chapter-c3-watsons-bay-hca,Woollahra_DCP_2015__chapter_c3_watsons_bay_hca,Woollahra_DCP_2015__chapter_c3_watsons_bay_hca__3_0 Precinct A Character statement O5,,True
117904,chapter-c3-watsons-bay-hca,Woollahra_DCP_2015__chapter_c3_watsons_bay_hca,Woollahra_DCP_2015__chapter_c3_watsons_bay_hca__3_0 Precinct A Character statement O6,,True
117905,chapter-c3-watsons-bay-hca,Woollahra_DCP_2015__chapter_c3_watsons_bay_hca,Woollahra_DCP_2015__chapter_c3_watsons_bay_hca__3_0 Precinct A Character statement O7,,True
117906,chapter-c3-watsons-bay-hca,Woollahra_DCP_2015__chapter_c3_watsons_bay_hca,Woollahra_DCP_2015__chapter_c3_watsons_bay_hca__3_0 Precinct A Character statement O8,,True
117907,chapter-c3-watsons-bay-hca,Woollahra_DCP_2015__chapter_c3_watsons_bay_hca,Woollahra_DCP_2015__chapter_c3_watsons_bay_hca__3_0 Precinct A Character statement O9,,True
117941,chapter-c3-watsons-bay-hca,Woollahra_DCP_2015__chapter_c3_watsons_bay_hca,Woollahra_DCP_2015__chapter_c3_watsons_bay_hca__3_0 Precinct B C1,,True
117942,chapter-c3-watsons-bay-hca,Woollahra_DCP_2015__chapter_c3_watsons_bay_hca,Woollahra_DCP_2015__chapter_c3_watsons_bay_hca__3_0 Precinct B C2,,True
117943,chapter-c3-watsons-bay-hca,Woollahra_DCP_2015__chapter_c3_watsons_bay_hca,Woollahra_DCP_2015__chapter_c3_watsons_bay_hca__3_0 Precinct B C3,,True
117944,chapter-c3-watsons-bay-hca,Woollahra_DCP_2015__chapter_c3_watsons_bay_hca,Woollahra_DCP_2015__chapter_c3_watsons_bay_hca__3_0 Precinct B C4,,True
117945,chapter-c3-watsons-bay-hca,Woollahra_DCP_2015__chapter_c3_watsons_bay_hca,Woollahra_DCP_2015__chapter_c3_watsons_bay_hca__3_0 Precinct B C5,,True
117946,chapter-c3-watsons-bay-hca,Woollahra_DCP_2015__chapter_c3_watsons_bay_hca,Woollahra_DCP_2015__chapter_c3_watsons_bay_hca__3_0 Precinct B C6,,True
117947,chapter-c3-watsons-bay-hca,Woollahra_DCP_2015__chapter_c3_watsons_bay_hca,Woollahra_DCP_2015__chapter_c3_watsons_bay_hca__3_0 Precinct B C7,,True
117934,chapter-c3-watsons-bay-hca,Woollahra_DCP_2015__chapter_c3_watsons_bay_hca,Woollahra_DCP_2015__chapter_c3_watsons_bay_hca__3_0 Precinct B Character statement O1,,True
117935,chapter-c3-watsons-bay-hca,Woollahra_DCP_2015__chapter_c3_watsons_bay_hca,Woollahra_DCP_2015__chapter_c3_watsons_bay_hca__3_0 Precinct B Character statement O2,,True
117936,chapter-c3-watsons-bay-hca,Woollahra_DCP_2015__chapter_c3_watsons_bay_hca,Woollahra_DCP_2015__chapter_c3_watsons_bay_hca__3_0 Precinct B Character statement O3,,True
117937,chapter-c3-watsons-bay-hca,Woollahra_DCP_2015__chapter_c3_watsons_bay_hca,Woollahra_DCP_2015__chapter_c3_watsons_bay_hca__3_0 Precinct B Character statement O4,,True
117938,chapter-c3-watsons-bay-hca,Woollahra_DCP_2015__chapter_c3_watsons_bay_hca,Woollahra_DCP_2015__chapter_c3_watsons_bay_hca__3_0 Precinct B Character statement O5,,True
117939,chapter-c3-watsons-bay-hca,Woollahra_DCP_2015__chapter_c3_watsons_bay_hca,Woollahra_DCP_2015__chapter_c3_watsons_bay_hca__3_0 Precinct B Character statement O6,,True
117940,chapter-c3-watsons-bay-hca,Woollahra_DCP_2015__chapter_c3_watsons_bay_hca,Woollahra_DCP_2015__chapter_c3_watsons_bay_hca__3_0 Precinct B Character statement O7,,True
118417,chapter-c3-watsons-bay-hca,Woollahra_DCP_2015__chapter_c3_watsons_bay_hca,Woollahra_DCP_2015__chapter_c3_watsons_bay_hca__4_0 C1,,True
118418,chapter-c3-watsons-bay-hca,Woollahra_DCP_2015__chapter_c3_watsons_bay_hca,Woollahra_DCP_2015__chapter_c3_watsons_bay_hca__4_0 C2,,True
118419,chapter-c3-watsons-bay-hca,Woollahra_DCP_2015__chapter_c3_watsons_bay_hca,Woollahra_DCP_2015__chapter_c3_watsons_bay_hca__4_0 C3,,True
118420,chapter-c3-watsons-bay-hca,Woollahra_DCP_2015__chapter_c3_watsons_bay_hca,Woollahra_DCP_2015__chapter_c3_watsons_bay_hca__4_0 C4,,True
118421,chapter-c3-watsons-bay-hca,Woollahra_DCP_2015__chapter_c3_watsons_bay_hca,Woollahra_DCP_2015__chapter_c3_watsons_bay_hca__4_0 C5,,True
118422,chapter-c3-watsons-bay-hca,Woollahra_DCP_2015__chapter_c3_watsons_bay_hca,Woollahra_DCP_2015__chapter_c3_watsons_bay_hca__4_0 C6,,True
118423,chapter-c3-watsons-bay-hca,Woollahra_DCP_2015__chapter_c3_watsons_bay_hca,Woollahra_DCP_2015__chapter_c3_watsons_bay_hca__4_0 C7,,True
118424,chapter-c3-watsons-bay-hca,Woollahra_DCP_2015__chapter_c3_watsons_bay_hca,Woollahra_DCP_2015__chapter_c3_watsons_bay_hca__4_0 C8,,True
118425,chapter-c3-watsons-bay-hca,Woollahra_DCP_2015__chapter_c3_watsons_bay_hca,Woollahra_DCP_2015__chapter_c3_watsons_bay_hca__4_0 C9,,True
118412,chapter-c3-watsons-bay-hca,Woollahra_DCP_2015__chapter_c3_watsons_bay_hca,Woollahra_DCP_2015__chapter_c3_watsons_bay_hca__4_0 O1,,True
118413,chapter-c3-watsons-bay-hca,Woollahra_DCP_2015__chapter_c3_watsons_bay_hca,Woollahra_DCP_2015__chapter_c3_watsons_bay_hca__4_0 O2,,True
118414,chapter-c3-watsons-bay-hca,Woollahra_DCP_2015__chapter_c3_watsons_bay_hca,Woollahra_DCP_2015__chapter_c3_watsons_bay_hca__4_0 O3,,True
118415,chapter-c3-watsons-bay-hca,Woollahra_DCP_2015__chapter_c3_watsons_bay_hca,Woollahra_DCP_2015__chapter_c3_watsons_bay_hca__4_0 O4,,True
118416,chapter-c3-watsons-bay-hca,Woollahra_DCP_2015__chapter_c3_watsons_bay_hca,Woollahra_DCP_2015__chapter_c3_watsons_bay_hca__4_0 O5,,True
117850,chapter-c3-watsons-bay-hca,Woollahra_DCP_2015__chapter_c3_watsons_bay_hca,Woollahra_DCP_2015__chapter_c3_watsons_bay_hca__4_1,,True
117864,chapter-c3-watsons-bay-hca,Woollahra_DCP_2015__chapter_c3_watsons_bay_hca,Woollahra_DCP_2015__chapter_c3_watsons_bay_hca__4_10,,True
118656,chapter-c3-watsons-bay-hca,Woollahra_DCP_2015__chapter_c3_watsons_bay_hca,Woollahra_DCP_2015__chapter_c3_watsons_bay_hca__4_10 C1,,True
118657,chapter-c3-watsons-bay-hca,Woollahra_DCP_2015__chapter_c3_watsons_bay_hca,Woollahra_DCP_2015__chapter_c3_watsons_bay_hca__4_10 C2,,True
118658,chapter-c3-watsons-bay-hca,Woollahra_DCP_2015__chapter_c3_watsons_bay_hca,Woollahra_DCP_2015__chapter_c3_watsons_bay_hca__4_10 C3,,True
118659,chapter-c3-watsons-bay-hca,Woollahra_DCP_2015__chapter_c3_watsons_bay_hca,Woollahra_DCP_2015__chapter_c3_watsons_bay_hca__4_10 C4,,True
118660,chapter-c3-watsons-bay-hca,Woollahra_DCP_2015__chapter_c3_watsons_bay_hca,Woollahra_DCP_2015__chapter_c3_watsons_bay_hca__4_10 C5,,True
118661,chapter-c3-watsons-bay-hca,Woollahra_DCP_2015__chapter_c3_watsons_bay_hca,Woollahra_DCP_2015__chapter_c3_watsons_bay_hca__4_10 C6,,True
118662,chapter-c3-watsons-bay-hca,Woollahra_DCP_2015__chapter_c3_watsons_bay_hca,Woollahra_DCP_2015__chapter_c3_watsons_bay_hca__4_10 C7,,True
118663,chapter-c3-watsons-bay-hca,Woollahra_DCP_2015__chapter_c3_watsons_bay_hca,Woollahra_DCP_2015__chapter_c3_watsons_bay_hca__4_10 C8,,True
118653,chapter-c3-watsons-bay-hca,Woollahra_DCP_2015__chapter_c3_watsons_bay_hca,Woollahra_DCP_2015__chapter_c3_watsons_bay_hca__4_10 O1,,True
118654,chapter-c3-watsons-bay-hca,Woollahra_DCP_2015__chapter_c3_watsons_bay_hca,Woollahra_DCP_2015__chapter_c3_watsons_bay_hca__4_10 O2,,True
118655,chapter-c3-watsons-bay-hca,Woollahra_DCP_2015__chapter_c3_watsons_bay_hca,Woollahra_DCP_2015__chapter_c3_watsons_bay_hca__4_10 O3,,True
117865,chapter-c3-watsons-bay-hca,Woollahra_DCP_2015__chapter_c3_watsons_bay_hca,Woollahra_DCP_2015__chapter_c3_watsons_bay_hca__4_11,,True
118670,chapter-c3-watsons-bay-hca,Woollahra_DCP_2015__chapter_c3_watsons_bay_hca,Woollahra_DCP_2015__chapter_c3_watsons_bay_hca__4_11 C1,,True
118671,chapter-c3-watsons-bay-hca,Woollahra_DCP_2015__chapter_c3_watsons_bay_hca,Woollahra_DCP_2015__chapter_c3_watsons_bay_hca__4_11 C2,,True
118672,chapter-c3-watsons-bay-hca,Woollahra_DCP_2015__chapter_c3_watsons_bay_hca,Woollahra_DCP_2015__chapter_c3_watsons_bay_hca__4_11 C3,,True
118673,chapter-c3-watsons-bay-hca,Woollahra_DCP_2015__chapter_c3_watsons_bay_hca,Woollahra_DCP_2015__chapter_c3_watsons_bay_hca__4_11 C4,,True
118674,chapter-c3-watsons-bay-hca,Woollahra_DCP_2015__chapter_c3_watsons_bay_hca,Woollahra_DCP_2015__chapter_c3_watsons_bay_hca__4_11 C5,,True
118675,chapter-c3-watsons-bay-hca,Woollahra_DCP_2015__chapter_c3_watsons_bay_hca,Woollahra_DCP_2015__chapter_c3_watsons_bay_hca__4_11 C6,,True
118676,chapter-c3-watsons-bay-hca,Woollahra_DCP_2015__chapter_c3_watsons_bay_hca,Woollahra_DCP_2015__chapter_c3_watsons_bay_hca__4_11 C7,,True
118664,chapter-c3-watsons-bay-hca,Woollahra_DCP_2015__chapter_c3_watsons_bay_hca,Woollahra_DCP_2015__chapter_c3_watsons_bay_hca__4_11 O1,,True
118665,chapter-c3-watsons-bay-hca,Woollahra_DCP_2015__chapter_c3_watsons_bay_hca,Woollahra_DCP_2015__chapter_c3_watsons_bay_hca__4_11 O2,,True
118666,chapter-c3-watsons-bay-hca,Woollahra_DCP_2015__chapter_c3_watsons_bay_hca,Woollahra_DCP_2015__chapter_c3_watsons_bay_hca__4_11 O3,,True
118667,chapter-c3-watsons-bay-hca,Woollahra_DCP_2015__chapter_c3_watsons_bay_hca,Woollahra_DCP_2015__chapter_c3_watsons_bay_hca__4_11 O4,,True
118668,chapter-c3-watsons-bay-hca,Woollahra_DCP_2015__chapter_c3_watsons_bay_hca,Woollahra_DCP_2015__chapter_c3_watsons_bay_hca__4_11 O5,,True
118669,chapter-c3-watsons-bay-hca,Woollahra_DCP_2015__chapter_c3_watsons_bay_hca,Woollahra_DCP_2015__chapter_c3_watsons_bay_hca__4_11 O6,,True
117866,chapter-c3-watsons-bay-hca,Woollahra_DCP_2015__chapter_c3_watsons_bay_hca,Woollahra_DCP_2015__chapter_c3_watsons_bay_hca__4_12,,True
118679,chapter-c3-watsons-bay-hca,Woollahra_DCP_2015__chapter_c3_watsons_bay_hca,Woollahra_DCP_2015__chapter_c3_watsons_bay_hca__4_12 C1,,True
118688,chapter-c3-watsons-bay-hca,Woollahra_DCP_2015__chapter_c3_watsons_bay_hca,Woollahra_DCP_2015__chapter_c3_watsons_bay_hca__4_12 C10,,True
118689,chapter-c3-watsons-bay-hca,Woollahra_DCP_2015__chapter_c3_watsons_bay_hca,Woollahra_DCP_2015__chapter_c3_watsons_bay_hca__4_12 C11,,True
118690,chapter-c3-watsons-bay-hca,Woollahra_DCP_2015__chapter_c3_watsons_bay_hca,Woollahra_DCP_2015__chapter_c3_watsons_bay_hca__4_12 C12,,True
118691,chapter-c3-watsons-bay-hca,Woollahra_DCP_2015__chapter_c3_watsons_bay_hca,Woollahra_DCP_2015__chapter_c3_watsons_bay_hca__4_12 C13,,True
118692,chapter-c3-watsons-bay-hca,Woollahra_DCP_2015__chapter_c3_watsons_bay_hca,Woollahra_DCP_2015__chapter_c3_watsons_bay_hca__4_12 C14,,True
118693,chapter-c3-watsons-bay-hca,Woollahra_DCP_2015__chapter_c3_watsons_bay_hca,Woollahra_DCP_2015__chapter_c3_watsons_bay_hca__4_12 C15,,True
118694,chapter-c3-watsons-bay-hca,Woollahra_DCP_2015__chapter_c3_watsons_bay_hca,Woollahra_DCP_2015__chapter_c3_watsons_bay_hca__4_12 C16,,True
118695,chapter-c3-watsons-bay-hca,Woollahra_DCP_2015__chapter_c3_watsons_bay_hca,Woollahra_DCP_2015__chapter_c3_watsons_bay_hca__4_12 C17,,True
118696,chapter-c3-watsons-bay-hca,Woollahra_DCP_2015__chapter_c3_watsons_bay_hca,Woollahra_DCP_2015__chapter_c3_watsons_bay_hca__4_12 C18,,True
118697,chapter-c3-watsons-bay-hca,Woollahra_DCP_2015__chapter_c3_watsons_bay_hca,Woollahra_DCP_2015__chapter_c3_watsons_bay_hca__4_12 C19,,True
118680,chapter-c3-watsons-bay-hca,Woollahra_DCP_2015__chapter_c3_watsons_bay_hca,Woollahra_DCP_2015__chapter_c3_watsons_bay_hca__4_12 C2,,True
118698,chapter-c3-watsons-bay-hca,Woollahra_DCP_2015__chapter_c3_watsons_bay_hca,Woollahra_DCP_2015__chapter_c3_watsons_bay_hca__4_12 C20,,True
118699,chapter-c3-watsons-bay-hca,Woollahra_DCP_2015__chapter_c3_watsons_bay_hca,Woollahra_DCP_2015__chapter_c3_watsons_bay_hca__4_12 C21,,True
118700,chapter-c3-watsons-bay-hca,Woollahra_DCP_2015__chapter_c3_watsons_bay_hca,Woollahra_DCP_2015__chapter_c3_watsons_bay_hca__4_12 C22,,True
118681,chapter-c3-watsons-bay-hca,Woollahra_DCP_2015__chapter_c3_watsons_bay_hca,Woollahra_DCP_2015__chapter_c3_watsons_bay_hca__4_12 C3,,True
118682,chapter-c3-watsons-bay-hca,Woollahra_DCP_2015__chapter_c3_watsons_bay_hca,Woollahra_DCP_2015__chapter_c3_watsons_bay_hca__4_12 C4,,True
118683,chapter-c3-watsons-bay-hca,Woollahra_DCP_2015__chapter_c3_watsons_bay_hca,Woollahra_DCP_2015__chapter_c3_watsons_bay_hca__4_12 C5,,True
118684,chapter-c3-watsons-bay-hca,Woollahra_DCP_2015__chapter_c3_watsons_bay_hca,Woollahra_DCP_2015__chapter_c3_watsons_bay_hca__4_12 C6,,True
118685,chapter-c3-watsons-bay-hca,Woollahra_DCP_2015__chapter_c3_watsons_bay_hca,Woollahra_DCP_2015__chapter_c3_watsons_bay_hca__4_12 C7,,True
118686,chapter-c3-watsons-bay-hca,Woollahra_DCP_2015__chapter_c3_watsons_bay_hca,Woollahra_DCP_2015__chapter_c3_watsons_bay_hca__4_12 C8,,True
118687,chapter-c3-watsons-bay-hca,Woollahra_DCP_2015__chapter_c3_watsons_bay_hca,Woollahra_DCP_2015__chapter_c3_watsons_bay_hca__4_12 C9,,True
118677,chapter-c3-watsons-bay-hca,Woollahra_DCP_2015__chapter_c3_watsons_bay_hca,Woollahra_DCP_2015__chapter_c3_watsons_bay_hca__4_12 O1,,True
118678,chapter-c3-watsons-bay-hca,Woollahra_DCP_2015__chapter_c3_watsons_bay_hca,Woollahra_DCP_2015__chapter_c3_watsons_bay_hca__4_12 O2,,True
117867,chapter-c3-watsons-bay-hca,Woollahra_DCP_2015__chapter_c3_watsons_bay_hca,Woollahra_DCP_2015__chapter_c3_watsons_bay_hca__4_13,,True
118703,chapter-c3-watsons-bay-hca,Woollahra_DCP_2015__chapter_c3_watsons_bay_hca,Woollahra_DCP_2015__chapter_c3_watsons_bay_hca__4_13 C1,,True
118712,chapter-c3-watsons-bay-hca,Woollahra_DCP_2015__chapter_c3_watsons_bay_hca,Woollahra_DCP_2015__chapter_c3_watsons_bay_hca__4_13 C10,,True
118713,chapter-c3-watsons-bay-hca,Woollahra_DCP_2015__chapter_c3_watsons_bay_hca,Woollahra_DCP_2015__chapter_c3_watsons_bay_hca__4_13 C11,,True
118714,chapter-c3-watsons-bay-hca,Woollahra_DCP_2015__chapter_c3_watsons_bay_hca,Woollahra_DCP_2015__chapter_c3_watsons_bay_hca__4_13 C12,,True
118715,chapter-c3-watsons-bay-hca,Woollahra_DCP_2015__chapter_c3_watsons_bay_hca,Woollahra_DCP_2015__chapter_c3_watsons_bay_hca__4_13 C13,,True
118716,chapter-c3-watsons-bay-hca,Woollahra_DCP_2015__chapter_c3_watsons_bay_hca,Woollahra_DCP_2015__chapter_c3_watsons_bay_hca__4_13 C14,,True
118704,chapter-c3-watsons-bay-hca,Woollahra_DCP_2015__chapter_c3_watsons_bay_hca,Woollahra_DCP_2015__chapter_c3_watsons_bay_hca__4_13 C2,,True
118705,chapter-c3-watsons-bay-hca,Woollahra_DCP_2015__chapter_c3_watsons_bay_hca,Woollahra_DCP_2015__chapter_c3_watsons_bay_hca__4_13 C3,,True
118706,chapter-c3-watsons-bay-hca,Woollahra_DCP_2015__chapter_c3_watsons_bay_hca,Woollahra_DCP_2015__chapter_c3_watsons_bay_hca__4_13 C4,,True
118707,chapter-c3-watsons-bay-hca,Woollahra_DCP_2015__chapter_c3_watsons_bay_hca,Woollahra_DCP_2015__chapter_c3_watsons_bay_hca__4_13 C5,,True
118708,chapter-c3-watsons-bay-hca,Woollahra_DCP_2015__chapter_c3_watsons_bay_hca,Woollahra_DCP_2015__chapter_c3_watsons_bay_hca__4_13 C6,,True
118709,chapter-c3-watsons-bay-hca,Woollahra_DCP_2015__chapter_c3_watsons_bay_hca,Woollahra_DCP_2015__chapter_c3_watsons_bay_hca__4_13 C7,,True
118710,chapter-c3-watsons-bay-hca,Woollahra_DCP_2015__chapter_c3_watsons_bay_hca,Woollahra_DCP_2015__chapter_c3_watsons_bay_hca__4_13 C8,,True
118711,chapter-c3-watsons-bay-hca,Woollahra_DCP_2015__chapter_c3_watsons_bay_hca,Woollahra_DCP_2015__chapter_c3_watsons_bay_hca__4_13 C9,,True
118701,chapter-c3-watsons-bay-hca,Woollahra_DCP_2015__chapter_c3_watsons_bay_hca,Woollahra_DCP_2015__chapter_c3_watsons_bay_hca__4_13 O3,,True
118702,chapter-c3-watsons-bay-hca,Woollahra_DCP_2015__chapter_c3_watsons_bay_hca,Woollahra_DCP_2015__chapter_c3_watsons_bay_hca__4_13 O4,,True
117868,chapter-c3-watsons-bay-hca,Woollahra_DCP_2015__chapter_c3_watsons_bay_hca,Woollahra_DCP_2015__chapter_c3_watsons_bay_hca__4_14,,True
118717,chapter-c3-watsons-bay-hca,Woollahra_DCP_2015__chapter_c3_watsons_bay_hca,Woollahra_DCP_2015__chapter_c3_watsons_bay_hca__4_14 01,,True
118718,chapter-c3-watsons-bay-hca,Woollahra_DCP_2015__chapter_c3_watsons_bay_hca,Woollahra_DCP_2015__chapter_c3_watsons_bay_hca__4_14 02,,True
118719,chapter-c3-watsons-bay-hca,Woollahra_DCP_2015__chapter_c3_watsons_bay_hca,Woollahra_DCP_2015__chapter_c3_watsons_bay_hca__4_14 03,,True
118720,chapter-c3-watsons-bay-hca,Woollahra_DCP_2015__chapter_c3_watsons_bay_hca,Woollahra_DCP_2015__chapter_c3_watsons_bay_hca__4_14 C1,,True
117851,chapter-c3-watsons-bay-hca,Woollahra_DCP_2015__chapter_c3_watsons_bay_hca,Woollahra_DCP_2015__chapter_c3_watsons_bay_hca__4_2,,True
118431,chapter-c3-watsons-bay-hca,Woollahra_DCP_2015__chapter_c3_watsons_bay_hca,Woollahra_DCP_2015__chapter_c3_watsons_bay_hca__4_2 C1,,True
118440,chapter-c3-watsons-bay-hca,Woollahra_DCP_2015__chapter_c3_watsons_bay_hca,Woollahra_DCP_2015__chapter_c3_watsons_bay_hca__4_2 C10,,True
118441,chapter-c3-watsons-bay-hca,Woollahra_DCP_2015__chapter_c3_watsons_bay_hca,Woollahra_DCP_2015__chapter_c3_watsons_bay_hca__4_2 C11,,True
118442,chapter-c3-watsons-bay-hca,Woollahra_DCP_2015__chapter_c3_watsons_bay_hca,Woollahra_DCP_2015__chapter_c3_watsons_bay_hca__4_2 C12,,True
118432,chapter-c3-watsons-bay-hca,Woollahra_DCP_2015__chapter_c3_watsons_bay_hca,Woollahra_DCP_2015__chapter_c3_watsons_bay_hca__4_2 C2,,True
118433,chapter-c3-watsons-bay-hca,Woollahra_DCP_2015__chapter_c3_watsons_bay_hca,Woollahra_DCP_2015__chapter_c3_watsons_bay_hca__4_2 C3,,True
118434,chapter-c3-watsons-bay-hca,Woollahra_DCP_2015__chapter_c3_watsons_bay_hca,Woollahra_DCP_2015__chapter_c3_watsons_bay_hca__4_2 C4,,True
118435,chapter-c3-watsons-bay-hca,Woollahra_DCP_2015__chapter_c3_watsons_bay_hca,Woollahra_DCP_2015__chapter_c3_watsons_bay_hca__4_2 C5,,True
118436,chapter-c3-watsons-bay-hca,Woollahra_DCP_2015__chapter_c3_watsons_bay_hca,Woollahra_DCP_2015__chapter_c3_watsons_bay_hca__4_2 C6,,True
118437,chapter-c3-watsons-bay-hca,Woollahra_DCP_2015__chapter_c3_watsons_bay_hca,Woollahra_DCP_2015__chapter_c3_watsons_bay_hca__4_2 C7,,True
118438,chapter-c3-watsons-bay-hca,Woollahra_DCP_2015__chapter_c3_watsons_bay_hca,Woollahra_DCP_2015__chapter_c3_watsons_bay_hca__4_2 C8,,True
118439,chapter-c3-watsons-bay-hca,Woollahra_DCP_2015__chapter_c3_watsons_bay_hca,Woollahra_DCP_2015__chapter_c3_watsons_bay_hca__4_2 C9,,True
118426,chapter-c3-watsons-bay-hca,Woollahra_DCP_2015__chapter_c3_watsons_bay_hca,Woollahra_DCP_2015__chapter_c3_watsons_bay_hca__4_2 O1,,True
118427,chapter-c3-watsons-bay-hca,Woollahra_DCP_2015__chapter_c3_watsons_bay_hca,Woollahra_DCP_2015__chapter_c3_watsons_bay_hca__4_2 O2,,True
118428,chapter-c3-watsons-bay-hca,Woollahra_DCP_2015__chapter_c3_watsons_bay_hca,Woollahra_DCP_2015__chapter_c3_watsons_bay_hca__4_2 O3,,True
118429,chapter-c3-watsons-bay-hca,Woollahra_DCP_2015__chapter_c3_watsons_bay_hca,Woollahra_DCP_2015__chapter_c3_watsons_bay_hca__4_2 O4,,True
118430,chapter-c3-watsons-bay-hca,Woollahra_DCP_2015__chapter_c3_watsons_bay_hca,Woollahra_DCP_2015__chapter_c3_watsons_bay_hca__4_2 O5,,True
117852,chapter-c3-watsons-bay-hca,Woollahra_DCP_2015__chapter_c3_watsons_bay_hca,Woollahra_DCP_2015__chapter_c3_watsons_bay_hca__4_3,,True
118451,chapter-c3-watsons-bay-hca,Woollahra_DCP_2015__chapter_c3_watsons_bay_hca,Woollahra_DCP_2015__chapter_c3_watsons_bay_hca__4_3 C1,,True
118460,chapter-c3-watsons-bay-hca,Woollahra_DCP_2015__chapter_c3_watsons_bay_hca,Woollahra_DCP_2015__chapter_c3_watsons_bay_hca__4_3 C10,,True
118461,chapter-c3-watsons-bay-hca,Woollahra_DCP_2015__chapter_c3_watsons_bay_hca,Woollahra_DCP_2015__chapter_c3_watsons_bay_hca__4_3 C11,,True
118462,chapter-c3-watsons-bay-hca,Woollahra_DCP_2015__chapter_c3_watsons_bay_hca,Woollahra_DCP_2015__chapter_c3_watsons_bay_hca__4_3 C12,,True
118463,chapter-c3-watsons-bay-hca,Woollahra_DCP_2015__chapter_c3_watsons_bay_hca,Woollahra_DCP_2015__chapter_c3_watsons_bay_hca__4_3 C13,,True
118464,chapter-c3-watsons-bay-hca,Woollahra_DCP_2015__chapter_c3_watsons_bay_hca,Woollahra_DCP_2015__chapter_c3_watsons_bay_hca__4_3 C14,,True
118465,chapter-c3-watsons-bay-hca,Woollahra_DCP_2015__chapter_c3_watsons_bay_hca,Woollahra_DCP_2015__chapter_c3_watsons_bay_hca__4_3 C15,,True
118466,chapter-c3-watsons-bay-hca,Woollahra_DCP_2015__chapter_c3_watsons_bay_hca,Woollahra_DCP_2015__chapter_c3_watsons_bay_hca__4_3 C16,,True
118467,chapter-c3-watsons-bay-hca,Woollahra_DCP_2015__chapter_c3_watsons_bay_hca,Woollahra_DCP_2015__chapter_c3_watsons_bay_hca__4_3 C17,,True
118468,chapter-c3-watsons-bay-hca,Woollahra_DCP_2015__chapter_c3_watsons_bay_hca,Woollahra_DCP_2015__chapter_c3_watsons_bay_hca__4_3 C18,,True
118469,chapter-c3-watsons-bay-hca,Woollahra_DCP_2015__chapter_c3_watsons_bay_hca,Woollahra_DCP_2015__chapter_c3_watsons_bay_hca__4_3 C19,,True
118452,chapter-c3-watsons-bay-hca,Woollahra_DCP_2015__chapter_c3_watsons_bay_hca,Woollahra_DCP_2015__chapter_c3_watsons_bay_hca__4_3 C2,,True
118470,chapter-c3-watsons-bay-hca,Woollahra_DCP_2015__chapter_c3_watsons_bay_hca,Woollahra_DCP_2015__chapter_c3_watsons_bay_hca__4_3 C20,,True
118471,chapter-c3-watsons-bay-hca,Woollahra_DCP_2015__chapter_c3_watsons_bay_hca,Woollahra_DCP_2015__chapter_c3_watsons_bay_hca__4_3 C21,,True
118472,chapter-c3-watsons-bay-hca,Woollahra_DCP_2015__chapter_c3_watsons_bay_hca,Woollahra_DCP_2015__chapter_c3_watsons_bay_hca__4_3 C22,,True
118473,chapter-c3-watsons-bay-hca,Woollahra_DCP_2015__chapter_c3_watsons_bay_hca,Woollahra_DCP_2015__chapter_c3_watsons_bay_hca__4_3 C23,,True
118474,chapter-c3-watsons-bay-hca,Woollahra_DCP_2015__chapter_c3_watsons_bay_hca,Woollahra_DCP_2015__chapter_c3_watsons_bay_hca__4_3 C24,,True
118475,chapter-c3-watsons-bay-hca,Woollahra_DCP_2015__chapter_c3_watsons_bay_hca,Woollahra_DCP_2015__chapter_c3_watsons_bay_hca__4_3 C25,,True
118453,chapter-c3-watsons-bay-hca,Woollahra_DCP_2015__chapter_c3_watsons_bay_hca,Woollahra_DCP_2015__chapter_c3_watsons_bay_hca__4_3 C3,,True
118454,chapter-c3-watsons-bay-hca,Woollahra_DCP_2015__chapter_c3_watsons_bay_hca,Woollahra_DCP_2015__chapter_c3_watsons_bay_hca__4_3 C4,,True
118455,chapter-c3-watsons-bay-hca,Woollahra_DCP_2015__chapter_c3_watsons_bay_hca,Woollahra_DCP_2015__chapter_c3_watsons_bay_hca__4_3 C5,,True
118456,chapter-c3-watsons-bay-hca,Woollahra_DCP_2015__chapter_c3_watsons_bay_hca,Woollahra_DCP_2015__chapter_c3_watsons_bay_hca__4_3 C6,,True
118457,chapter-c3-watsons-bay-hca,Woollahra_DCP_2015__chapter_c3_watsons_bay_hca,Woollahra_DCP_2015__chapter_c3_watsons_bay_hca__4_3 C7,,True
118458,chapter-c3-watsons-bay-hca,Woollahra_DCP_2015__chapter_c3_watsons_bay_hca,Woollahra_DCP_2015__chapter_c3_watsons_bay_hca__4_3 C8,,True
118459,chapter-c3-watsons-bay-hca,Woollahra_DCP_2015__chapter_c3_watsons_bay_hca,Woollahra_DCP_2015__chapter_c3_watsons_bay_hca__4_3 C9,,True
118443,chapter-c3-watsons-bay-hca,Woollahra_DCP_2015__chapter_c3_watsons_bay_hca,Woollahra_DCP_2015__chapter_c3_watsons_bay_hca__4_3 O1,,True
118444,chapter-c3-watsons-bay-hca,Woollahra_DCP_2015__chapter_c3_watsons_bay_hca,Woollahra_DCP_2015__chapter_c3_watsons_bay_hca__4_3 O2,,True
118445,chapter-c3-watsons-bay-hca,Woollahra_DCP_2015__chapter_c3_watsons_bay_hca,Woollahra_DCP_2015__chapter_c3_watsons_bay_hca__4_3 O3,,True
118446,chapter-c3-watsons-bay-hca,Woollahra_DCP_2015__chapter_c3_watsons_bay_hca,Woollahra_DCP_2015__chapter_c3_watsons_bay_hca__4_3 O4,,True
118447,chapter-c3-watsons-bay-hca,Woollahra_DCP_2015__chapter_c3_watsons_bay_hca,Woollahra_DCP_2015__chapter_c3_watsons_bay_hca__4_3 O5,,True
118448,chapter-c3-watsons-bay-hca,Woollahra_DCP_2015__chapter_c3_watsons_bay_hca,Woollahra_DCP_2015__chapter_c3_watsons_bay_hca__4_3 O6,,True
118449,chapter-c3-watsons-bay-hca,Woollahra_DCP_2015__chapter_c3_watsons_bay_hca,Woollahra_DCP_2015__chapter_c3_watsons_bay_hca__4_3 O7,,True
118450,chapter-c3-watsons-bay-hca,Woollahra_DCP_2015__chapter_c3_watsons_bay_hca,Woollahra_DCP_2015__chapter_c3_watsons_bay_hca__4_3 O8,,True
117853,chapter-c3-watsons-bay-hca,Woollahra_DCP_2015__chapter_c3_watsons_bay_hca,Woollahra_DCP_2015__chapter_c3_watsons_bay_hca__4_4,,True
118482,chapter-c3-watsons-bay-hca,Woollahra_DCP_2015__chapter_c3_watsons_bay_hca,Woollahra_DCP_2015__chapter_c3_watsons_bay_hca__4_4 C1,,True
118483,chapter-c3-watsons-bay-hca,Woollahra_DCP_2015__chapter_c3_watsons_bay_hca,Woollahra_DCP_2015__chapter_c3_watsons_bay_hca__4_4 C2,,True
118484,chapter-c3-watsons-bay-hca,Woollahra_DCP_2015__chapter_c3_watsons_bay_hca,Woollahra_DCP_2015__chapter_c3_watsons_bay_hca__4_4 C3,,True
118485,chapter-c3-watsons-bay-hca,Woollahra_DCP_2015__chapter_c3_watsons_bay_hca,Woollahra_DCP_2015__chapter_c3_watsons_bay_hca__4_4 C4,,True
118486,chapter-c3-watsons-bay-hca,Woollahra_DCP_2015__chapter_c3_watsons_bay_hca,Woollahra_DCP_2015__chapter_c3_watsons_bay_hca__4_4 C5,,True
118487,chapter-c3-watsons-bay-hca,Woollahra_DCP_2015__chapter_c3_watsons_bay_hca,Woollahra_DCP_2015__chapter_c3_watsons_bay_hca__4_4 C6,,True
118488,chapter-c3-watsons-bay-hca,Woollahra_DCP_2015__chapter_c3_watsons_bay_hca,Woollahra_DCP_2015__chapter_c3_watsons_bay_hca__4_4 C7,,True
118489,chapter-c3-watsons-bay-hca,Woollahra_DCP_2015__chapter_c3_watsons_bay_hca,Woollahra_DCP_2015__chapter_c3_watsons_bay_hca__4_4 C8,,True
118476,chapter-c3-watsons-bay-hca,Woollahra_DCP_2015__chapter_c3_watsons_bay_hca,Woollahra_DCP_2015__chapter_c3_watsons_bay_hca__4_4 O1,,True
118477,chapter-c3-watsons-bay-hca,Woollahra_DCP_2015__chapter_c3_watsons_bay_hca,Woollahra_DCP_2015__chapter_c3_watsons_bay_hca__4_4 O2,,True
118478,chapter-c3-watsons-bay-hca,Woollahra_DCP_2015__chapter_c3_watsons_bay_hca,Woollahra_DCP_2015__chapter_c3_watsons_bay_hca__4_4 O3,,True
118479,chapter-c3-watsons-bay-hca,Woollahra_DCP_2015__chapter_c3_watsons_bay_hca,Woollahra_DCP_2015__chapter_c3_watsons_bay_hca__4_4 O4,,True
118480,chapter-c3-watsons-bay-hca,Woollahra_DCP_2015__chapter_c3_watsons_bay_hca,Woollahra_DCP_2015__chapter_c3_watsons_bay_hca__4_4 O5,,True
118481,chapter-c3-watsons-bay-hca,Woollahra_DCP_2015__chapter_c3_watsons_bay_hca,Woollahra_DCP_2015__chapter_c3_watsons_bay_hca__4_4 O6,,True
117854,chapter-c3-watsons-bay-hca,Woollahra_DCP_2015__chapter_c3_watsons_bay_hca,Woollahra_DCP_2015__chapter_c3_watsons_bay_hca__4_5,,True
118490,chapter-c3-watsons-bay-hca,Woollahra_DCP_2015__chapter_c3_watsons_bay_hca,Woollahra_DCP_2015__chapter_c3_watsons_bay_hca__4_5_1 C1,,True
118491,chapter-c3-watsons-bay-hca,Woollahra_DCP_2015__chapter_c3_watsons_bay_hca,Woollahra_DCP_2015__chapter_c3_watsons_bay_hca__4_5_1 C2,,True
118492,chapter-c3-watsons-bay-hca,Woollahra_DCP_2015__chapter_c3_watsons_bay_hca,Woollahra_DCP_2015__chapter_c3_watsons_bay_hca__4_5_1 C3,,True
118493,chapter-c3-watsons-bay-hca,Woollahra_DCP_2015__chapter_c3_watsons_bay_hca,Woollahra_DCP_2015__chapter_c3_watsons_bay_hca__4_5_1 C4,,True
118494,chapter-c3-watsons-bay-hca,Woollahra_DCP_2015__chapter_c3_watsons_bay_hca,Woollahra_DCP_2015__chapter_c3_watsons_bay_hca__4_5_1 C5,,True
118495,chapter-c3-watsons-bay-hca,Woollahra_DCP_2015__chapter_c3_watsons_bay_hca,Woollahra_DCP_2015__chapter_c3_watsons_bay_hca__4_5_1 C6,,True
118496,chapter-c3-watsons-bay-hca,Woollahra_DCP_2015__chapter_c3_watsons_bay_hca,Woollahra_DCP_2015__chapter_c3_watsons_bay_hca__4_5_1 C7,,True
118497,chapter-c3-watsons-bay-hca,Woollahra_DCP_2015__chapter_c3_watsons_bay_hca,Woollahra_DCP_2015__chapter_c3_watsons_bay_hca__4_5_1 C8,,True
118498,chapter-c3-watsons-bay-hca,Woollahra_DCP_2015__chapter_c3_watsons_bay_hca,Woollahra_DCP_2015__chapter_c3_watsons_bay_hca__4_5_1 C9,,True
118505,chapter-c3-watsons-bay-hca,Woollahra_DCP_2015__chapter_c3_watsons_bay_hca,Woollahra_DCP_2015__chapter_c3_watsons_bay_hca__4_5_2 C1,,True
118506,chapter-c3-watsons-bay-hca,Woollahra_DCP_2015__chapter_c3_watsons_bay_hca,Woollahra_DCP_2015__chapter_c3_watsons_bay_hca__4_5_2 C2,,True
118499,chapter-c3-watsons-bay-hca,Woollahra_DCP_2015__chapter_c3_watsons_bay_hca,Woollahra_DCP_2015__chapter_c3_watsons_bay_hca__4_5_2 O1,,True
118500,chapter-c3-watsons-bay-hca,Woollahra_DCP_2015__chapter_c3_watsons_bay_hca,Woollahra_DCP_2015__chapter_c3_watsons_bay_hca__4_5_2 O2,,True
118501,chapter-c3-watsons-bay-hca,Woollahra_DCP_2015__chapter_c3_watsons_bay_hca,Woollahra_DCP_2015__chapter_c3_watsons_bay_hca__4_5_2 O3,,True
118502,chapter-c3-watsons-bay-hca,Woollahra_DCP_2015__chapter_c3_watsons_bay_hca,Woollahra_DCP_2015__chapter_c3_watsons_bay_hca__4_5_2 O4,,True
118503,chapter-c3-watsons-bay-hca,Woollahra_DCP_2015__chapter_c3_watsons_bay_hca,Woollahra_DCP_2015__chapter_c3_watsons_bay_hca__4_5_2 O5,,True
118504,chapter-c3-watsons-bay-hca,Woollahra_DCP_2015__chapter_c3_watsons_bay_hca,Woollahra_DCP_2015__chapter_c3_watsons_bay_hca__4_5_2 O6,,True
117855,chapter-c3-watsons-bay-hca,Woollahra_DCP_2015__chapter_c3_watsons_bay_hca,Woollahra_DCP_2015__chapter_c3_watsons_bay_hca__4_6_1,,True
117856,chapter-c3-watsons-bay-hca,Woollahra_DCP_2015__chapter_c3_watsons_bay_hca,Woollahra_DCP_2015__chapter_c3_watsons_bay_hca__4_6_2,,True
118510,chapter-c3-watsons-bay-hca,Woollahra_DCP_2015__chapter_c3_watsons_bay_hca,Woollahra_DCP_2015__chapter_c3_watsons_bay_hca__4_6_2_1 C2,,True
118509,chapter-c3-watsons-bay-hca,Woollahra_DCP_2015__chapter_c3_watsons_bay_hca,Woollahra_DCP_2015__chapter_c3_watsons_bay_hca__4_6_2_1 C3,,True
118511,chapter-c3-watsons-bay-hca,Woollahra_DCP_2015__chapter_c3_watsons_bay_hca,Woollahra_DCP_2015__chapter_c3_watsons_bay_hca__4_6_2_1 C4,,True
118512,chapter-c3-watsons-bay-hca,Woollahra_DCP_2015__chapter_c3_watsons_bay_hca,Woollahra_DCP_2015__chapter_c3_watsons_bay_hca__4_6_2_1 C5,,True
118537,chapter-c3-watsons-bay-hca,Woollahra_DCP_2015__chapter_c3_watsons_bay_hca,Woollahra_DCP_2015__chapter_c3_watsons_bay_hca__4_6_2_1 Dormers C1,,True
118538,chapter-c3-watsons-bay-hca,Woollahra_DCP_2015__chapter_c3_watsons_bay_hca,Woollahra_DCP_2015__chapter_c3_watsons_bay_hca__4_6_2_1 Dormers C2,,True
118539,chapter-c3-watsons-bay-hca,Woollahra_DCP_2015__chapter_c3_watsons_bay_hca,Woollahra_DCP_2015__chapter_c3_watsons_bay_hca__4_6_2_1 Dormers C3,,True
118540,chapter-c3-watsons-bay-hca,Woollahra_DCP_2015__chapter_c3_watsons_bay_hca,Woollahra_DCP_2015__chapter_c3_watsons_bay_hca__4_6_2_1 Dormers C4,,True
118541,chapter-c3-watsons-bay-hca,Woollahra_DCP_2015__chapter_c3_watsons_bay_hca,Woollahra_DCP_2015__chapter_c3_watsons_bay_hca__4_6_2_1 Dormers C5,,True
118520,chapter-c3-watsons-bay-hca,Woollahra_DCP_2015__chapter_c3_watsons_bay_hca,Woollahra_DCP_2015__chapter_c3_watsons_bay_hca__4_6_2_1 Form and character C1,,True
118529,chapter-c3-watsons-bay-hca,Woollahra_DCP_2015__chapter_c3_watsons_bay_hca,Woollahra_DCP_2015__chapter_c3_watsons_bay_hca__4_6_2_1 Form and character C10,,True
118530,chapter-c3-watsons-bay-hca,Woollahra_DCP_2015__chapter_c3_watsons_bay_hca,Woollahra_DCP_2015__chapter_c3_watsons_bay_hca__4_6_2_1 Form and character C11,,True
118521,chapter-c3-watsons-bay-hca,Woollahra_DCP_2015__chapter_c3_watsons_bay_hca,Woollahra_DCP_2015__chapter_c3_watsons_bay_hca__4_6_2_1 Form and character C2,,True
118522,chapter-c3-watsons-bay-hca,Woollahra_DCP_2015__chapter_c3_watsons_bay_hca,Woollahra_DCP_2015__chapter_c3_watsons_bay_hca__4_6_2_1 Form and character C3,,True
118523,chapter-c3-watsons-bay-hca,Woollahra_DCP_2015__chapter_c3_watsons_bay_hca,Woollahra_DCP_2015__chapter_c3_watsons_bay_hca__4_6_2_1 Form and character C4,,True
118524,chapter-c3-watsons-bay-hca,Woollahra_DCP_2015__chapter_c3_watsons_bay_hca,Woollahra_DCP_2015__chapter_c3_watsons_bay_hca__4_6_2_1 Form and character C5,,True
118525,chapter-c3-watsons-bay-hca,Woollahra_DCP_2015__chapter_c3_watsons_bay_hca,Woollahra_DCP_2015__chapter_c3_watsons_bay_hca__4_6_2_1 Form and character C6,,True
118526,chapter-c3-watsons-bay-hca,Woollahra_DCP_2015__chapter_c3_watsons_bay_hca,Woollahra_DCP_2015__chapter_c3_watsons_bay_hca__4_6_2_1 Form and character C7,,True
118527,chapter-c3-watsons-bay-hca,Woollahra_DCP_2015__chapter_c3_watsons_bay_hca,Woollahra_DCP_2015__chapter_c3_watsons_bay_hca__4_6_2_1 Form and character C8,,True
118528,chapter-c3-watsons-bay-hca,Woollahra_DCP_2015__chapter_c3_watsons_bay_hca,Woollahra_DCP_2015__chapter_c3_watsons_bay_hca__4_6_2_1 Form and character C9,,True
118518,chapter-c3-watsons-bay-hca,Woollahra_DCP_2015__chapter_c3_watsons_bay_hca,Woollahra_DCP_2015__chapter_c3_watsons_bay_hca__4_6_2_1 Height of additions C1,,True
118519,chapter-c3-watsons-bay-hca,Woollahra_DCP_2015__chapter_c3_watsons_bay_hca,Woollahra_DCP_2015__chapter_c3_watsons_bay_hca__4_6_2_1 Height of additions C2,,True
118534,chapter-c3-watsons-bay-hca,Woollahra_DCP_2015__chapter_c3_watsons_bay_hca,Woollahra_DCP_2015__chapter_c3_watsons_bay_hca__4_6_2_1 Materials and details C1,,True
118535,chapter-c3-watsons-bay-hca,Woollahra_DCP_2015__chapter_c3_watsons_bay_hca,Woollahra_DCP_2015__chapter_c3_watsons_bay_hca__4_6_2_1 Materials and details C2,,True
118536,chapter-c3-watsons-bay-hca,Woollahra_DCP_2015__chapter_c3_watsons_bay_hca,Woollahra_DCP_2015__chapter_c3_watsons_bay_hca__4_6_2_1 Materials and details C3,,True
118513,chapter-c3-watsons-bay-hca,Woollahra_DCP_2015__chapter_c3_watsons_bay_hca,Woollahra_DCP_2015__chapter_c3_watsons_bay_hca__4_6_2_1 O1,,True
118514,chapter-c3-watsons-bay-hca,Woollahra_DCP_2015__chapter_c3_watsons_bay_hca,Woollahra_DCP_2015__chapter_c3_watsons_bay_hca__4_6_2_1 O2,,True
118515,chapter-c3-watsons-bay-hca,Woollahra_DCP_2015__chapter_c3_watsons_bay_hca,Woollahra_DCP_2015__chapter_c3_watsons_bay_hca__4_6_2_1 O3,,True
118516,chapter-c3-watsons-bay-hca,Woollahra_DCP_2015__chapter_c3_watsons_bay_hca,Woollahra_DCP_2015__chapter_c3_watsons_bay_hca__4_6_2_1 O4,,True
118517,chapter-c3-watsons-bay-hca,Woollahra_DCP_2015__chapter_c3_watsons_bay_hca,Woollahra_DCP_2015__chapter_c3_watsons_bay_hca__4_6_2_1 O5,,True
118531,chapter-c3-watsons-bay-hca,Woollahra_DCP_2015__chapter_c3_watsons_bay_hca,Woollahra_DCP_2015__chapter_c3_watsons_bay_hca__4_6_2_1 Verandahs and balconies C1,,True
118532,chapter-c3-watsons-bay-hca,Woollahra_DCP_2015__chapter_c3_watsons_bay_hca,Woollahra_DCP_2015__chapter_c3_watsons_bay_hca__4_6_2_1 Verandahs and balconies C2,,True
118533,chapter-c3-watsons-bay-hca,Woollahra_DCP_2015__chapter_c3_watsons_bay_hca,Woollahra_DCP_2015__chapter_c3_watsons_bay_hca__4_6_2_1 Verandahs and balconies C3,,True
117857,chapter-c3-watsons-bay-hca,Woollahra_DCP_2015__chapter_c3_watsons_bay_hca,Woollahra_DCP_2015__chapter_c3_watsons_bay_hca__4_6_3,,True
118542,chapter-c3-watsons-bay-hca,Woollahra_DCP_2015__chapter_c3_watsons_bay_hca,Woollahra_DCP_2015__chapter_c3_watsons_bay_hca__4_6_3 C1,,True
118575,chapter-c3-watsons-bay-hca,Woollahra_DCP_2015__chapter_c3_watsons_bay_hca,Woollahra_DCP_2015__chapter_c3_watsons_bay_hca__4_6_3_1 Building character Control C1,,True
118572,chapter-c3-watsons-bay-hca,Woollahra_DCP_2015__chapter_c3_watsons_bay_hca,Woollahra_DCP_2015__chapter_c3_watsons_bay_hca__4_6_3_1 Building character Objectives O1,,True
118573,chapter-c3-watsons-bay-hca,Woollahra_DCP_2015__chapter_c3_watsons_bay_hca,Woollahra_DCP_2015__chapter_c3_watsons_bay_hca__4_6_3_1 Building character Objectives O2,,True
118574,chapter-c3-watsons-bay-hca,Woollahra_DCP_2015__chapter_c3_watsons_bay_hca,Woollahra_DCP_2015__chapter_c3_watsons_bay_hca__4_6_3_1 Building character Objectives O3,,True
118569,chapter-c3-watsons-bay-hca,Woollahra_DCP_2015__chapter_c3_watsons_bay_hca,Woollahra_DCP_2015__chapter_c3_watsons_bay_hca__4_6_3_1 Building form Controls C1,,True
118570,chapter-c3-watsons-bay-hca,Woollahra_DCP_2015__chapter_c3_watsons_bay_hca,Woollahra_DCP_2015__chapter_c3_watsons_bay_hca__4_6_3_1 Building form Controls C2,,True
118571,chapter-c3-watsons-bay-hca,Woollahra_DCP_2015__chapter_c3_watsons_bay_hca,Woollahra_DCP_2015__chapter_c3_watsons_bay_hca__4_6_3_1 Building form Controls C3,,True
118566,chapter-c3-watsons-bay-hca,Woollahra_DCP_2015__chapter_c3_watsons_bay_hca,Woollahra_DCP_2015__chapter_c3_watsons_bay_hca__4_6_3_1 Building form Objective O1,,True
118567,chapter-c3-watsons-bay-hca,Woollahra_DCP_2015__chapter_c3_watsons_bay_hca,Woollahra_DCP_2015__chapter_c3_watsons_bay_hca__4_6_3_1 Building form Objective O2,,True
118568,chapter-c3-watsons-bay-hca,Woollahra_DCP_2015__chapter_c3_watsons_bay_hca,Woollahra_DCP_2015__chapter_c3_watsons_bay_hca__4_6_3_1 Building form Objective O3,,True
118563,chapter-c3-watsons-bay-hca,Woollahra_DCP_2015__chapter_c3_watsons_bay_hca,Woollahra_DCP_2015__chapter_c3_watsons_bay_hca__4_6_3_1 Building height Controls C1,,True
118564,chapter-c3-watsons-bay-hca,Woollahra_DCP_2015__chapter_c3_watsons_bay_hca,Woollahra_DCP_2015__chapter_c3_watsons_bay_hca__4_6_3_1 Building height Controls C2,,True
118565,chapter-c3-watsons-bay-hca,Woollahra_DCP_2015__chapter_c3_watsons_bay_hca,Woollahra_DCP_2015__chapter_c3_watsons_bay_hca__4_6_3_1 Building height Controls C3,,True
118559,chapter-c3-watsons-bay-hca,Woollahra_DCP_2015__chapter_c3_watsons_bay_hca,Woollahra_DCP_2015__chapter_c3_watsons_bay_hca__4_6_3_1 Building height Objectives O1,,True
118560,chapter-c3-watsons-bay-hca,Woollahra_DCP_2015__chapter_c3_watsons_bay_hca,Woollahra_DCP_2015__chapter_c3_watsons_bay_hca__4_6_3_1 Building height Objectives O2,,True
118561,chapter-c3-watsons-bay-hca,Woollahra_DCP_2015__chapter_c3_watsons_bay_hca,Woollahra_DCP_2015__chapter_c3_watsons_bay_hca__4_6_3_1 Building height Objectives O3,,True
118562,chapter-c3-watsons-bay-hca,Woollahra_DCP_2015__chapter_c3_watsons_bay_hca,Woollahra_DCP_2015__chapter_c3_watsons_bay_hca__4_6_3_1 Building height Objectives O4,,True
118577,chapter-c3-watsons-bay-hca,Woollahra_DCP_2015__chapter_c3_watsons_bay_hca,Woollahra_DCP_2015__chapter_c3_watsons_bay_hca__4_6_3_1 Building materials and details Controls C1,,True
118578,chapter-c3-watsons-bay-hca,Woollahra_DCP_2015__chapter_c3_watsons_bay_hca,Woollahra_DCP_2015__chapter_c3_watsons_bay_hca__4_6_3_1 Building materials and details Controls C2,,True
118579,chapter-c3-watsons-bay-hca,Woollahra_DCP_2015__chapter_c3_watsons_bay_hca,Woollahra_DCP_2015__chapter_c3_watsons_bay_hca__4_6_3_1 Building materials and details Controls C3,,True
118580,chapter-c3-watsons-bay-hca,Woollahra_DCP_2015__chapter_c3_watsons_bay_hca,Woollahra_DCP_2015__chapter_c3_watsons_bay_hca__4_6_3_1 Building materials and details Controls C4,,True
118581,chapter-c3-watsons-bay-hca,Woollahra_DCP_2015__chapter_c3_watsons_bay_hca,Woollahra_DCP_2015__chapter_c3_watsons_bay_hca__4_6_3_1 Building materials and details Controls C5,,True
118582,chapter-c3-watsons-bay-hca,Woollahra_DCP_2015__chapter_c3_watsons_bay_hca,Woollahra_DCP_2015__chapter_c3_watsons_bay_hca__4_6_3_1 Building materials and details Controls C6,,True
118583,chapter-c3-watsons-bay-hca,Woollahra_DCP_2015__chapter_c3_watsons_bay_hca,Woollahra_DCP_2015__chapter_c3_watsons_bay_hca__4_6_3_1 Building materials and details Controls C7,,True
118576,chapter-c3-watsons-bay-hca,Woollahra_DCP_2015__chapter_c3_watsons_bay_hca,Woollahra_DCP_2015__chapter_c3_watsons_bay_hca__4_6_3_1 Building materials and details Objective O1,,True
118549,chapter-c3-watsons-bay-hca,Woollahra_DCP_2015__chapter_c3_watsons_bay_hca,Woollahra_DCP_2015__chapter_c3_watsons_bay_hca__4_6_3_1 Controls C1,,True
118558,chapter-c3-watsons-bay-hca,Woollahra_DCP_2015__chapter_c3_watsons_bay_hca,Woollahra_DCP_2015__chapter_c3_watsons_bay_hca__4_6_3_1 Controls C10,,True
118550,chapter-c3-watsons-bay-hca,Woollahra_DCP_2015__chapter_c3_watsons_bay_hca,Woollahra_DCP_2015__chapter_c3_watsons_bay_hca__4_6_3_1 Controls C2,,True
118551,chapter-c3-watsons-bay-hca,Woollahra_DCP_2015__chapter_c3_watsons_bay_hca,Woollahra_DCP_2015__chapter_c3_watsons_bay_hca__4_6_3_1 Controls C3,,True
118552,chapter-c3-watsons-bay-hca,Woollahra_DCP_2015__chapter_c3_watsons_bay_hca,Woollahra_DCP_2015__chapter_c3_watsons_bay_hca__4_6_3_1 Controls C4,,True
118553,chapter-c3-watsons-bay-hca,Woollahra_DCP_2015__chapter_c3_watsons_bay_hca,Woollahra_DCP_2015__chapter_c3_watsons_bay_hca__4_6_3_1 Controls C5,,True
118554,chapter-c3-watsons-bay-hca,Woollahra_DCP_2015__chapter_c3_watsons_bay_hca,Woollahra_DCP_2015__chapter_c3_watsons_bay_hca__4_6_3_1 Controls C6,,True
118555,chapter-c3-watsons-bay-hca,Woollahra_DCP_2015__chapter_c3_watsons_bay_hca,Woollahra_DCP_2015__chapter_c3_watsons_bay_hca__4_6_3_1 Controls C7,,True
118556,chapter-c3-watsons-bay-hca,Woollahra_DCP_2015__chapter_c3_watsons_bay_hca,Woollahra_DCP_2015__chapter_c3_watsons_bay_hca__4_6_3_1 Controls C8,,True
118557,chapter-c3-watsons-bay-hca,Woollahra_DCP_2015__chapter_c3_watsons_bay_hca,Woollahra_DCP_2015__chapter_c3_watsons_bay_hca__4_6_3_1 Controls C9,,True
118543,chapter-c3-watsons-bay-hca,Woollahra_DCP_2015__chapter_c3_watsons_bay_hca,Woollahra_DCP_2015__chapter_c3_watsons_bay_hca__4_6_3_1 Objectives O1,,True
118544,chapter-c3-watsons-bay-hca,Woollahra_DCP_2015__chapter_c3_watsons_bay_hca,Woollahra_DCP_2015__chapter_c3_watsons_bay_hca__4_6_3_1 Objectives O2,,True
118545,chapter-c3-watsons-bay-hca,Woollahra_DCP_2015__chapter_c3_watsons_bay_hca,Woollahra_DCP_2015__chapter_c3_watsons_bay_hca__4_6_3_1 Objectives O3,,True
118546,chapter-c3-watsons-bay-hca,Woollahra_DCP_2015__chapter_c3_watsons_bay_hca,Woollahra_DCP_2015__chapter_c3_watsons_bay_hca__4_6_3_1 Objectives O4,,True
118547,chapter-c3-watsons-bay-hca,Woollahra_DCP_2015__chapter_c3_watsons_bay_hca,Woollahra_DCP_2015__chapter_c3_watsons_bay_hca__4_6_3_1 Objectives O5,,True
118548,chapter-c3-watsons-bay-hca,Woollahra_DCP_2015__chapter_c3_watsons_bay_hca,Woollahra_DCP_2015__chapter_c3_watsons_bay_hca__4_6_3_1 Objectives O6,,True
118584,chapter-c3-watsons-bay-hca,Woollahra_DCP_2015__chapter_c3_watsons_bay_hca,Woollahra_DCP_2015__chapter_c3_watsons_bay_hca__4_7 Objectives O1,,True
118585,chapter-c3-watsons-bay-hca,Woollahra_DCP_2015__chapter_c3_watsons_bay_hca,Woollahra_DCP_2015__chapter_c3_watsons_bay_hca__4_7 Objectives O2,,True
118586,chapter-c3-watsons-bay-hca,Woollahra_DCP_2015__chapter_c3_watsons_bay_hca,Woollahra_DCP_2015__chapter_c3_watsons_bay_hca__4_7 Objectives O3,,True
118587,chapter-c3-watsons-bay-hca,Woollahra_DCP_2015__chapter_c3_watsons_bay_hca,Woollahra_DCP_2015__chapter_c3_watsons_bay_hca__4_7 Objectives O4,,True
118588,chapter-c3-watsons-bay-hca,Woollahra_DCP_2015__chapter_c3_watsons_bay_hca,Woollahra_DCP_2015__chapter_c3_watsons_bay_hca__4_7 Objectives O5,,True
118589,chapter-c3-watsons-bay-hca,Woollahra_DCP_2015__chapter_c3_watsons_bay_hca,Woollahra_DCP_2015__chapter_c3_watsons_bay_hca__4_7 Objectives O6,,True
118590,chapter-c3-watsons-bay-hca,Woollahra_DCP_2015__chapter_c3_watsons_bay_hca,Woollahra_DCP_2015__chapter_c3_watsons_bay_hca__4_7 Objectives O7,,True
117858,chapter-c3-watsons-bay-hca,Woollahra_DCP_2015__chapter_c3_watsons_bay_hca,Woollahra_DCP_2015__chapter_c3_watsons_bay_hca__4_7_1,,True
118591,chapter-c3-watsons-bay-hca,Woollahra_DCP_2015__chapter_c3_watsons_bay_hca,Woollahra_DCP_2015__chapter_c3_watsons_bay_hca__4_7_1 Controls C1,,True
118592,chapter-c3-watsons-bay-hca,Woollahra_DCP_2015__chapter_c3_watsons_bay_hca,Woollahra_DCP_2015__chapter_c3_watsons_bay_hca__4_7_1 Controls C2,,True
118593,chapter-c3-watsons-bay-hca,Woollahra_DCP_2015__chapter_c3_watsons_bay_hca,Woollahra_DCP_2015__chapter_c3_watsons_bay_hca__4_7_1 Controls C3,,True
118594,chapter-c3-watsons-bay-hca,Woollahra_DCP_2015__chapter_c3_watsons_bay_hca,Woollahra_DCP_2015__chapter_c3_watsons_bay_hca__4_7_1 Controls C4,,True
118595,chapter-c3-watsons-bay-hca,Woollahra_DCP_2015__chapter_c3_watsons_bay_hca,Woollahra_DCP_2015__chapter_c3_watsons_bay_hca__4_7_1 Controls C5,,True
117859,chapter-c3-watsons-bay-hca,Woollahra_DCP_2015__chapter_c3_watsons_bay_hca,Woollahra_DCP_2015__chapter_c3_watsons_bay_hca__4_7_2,,True
118596,chapter-c3-watsons-bay-hca,Woollahra_DCP_2015__chapter_c3_watsons_bay_hca,Woollahra_DCP_2015__chapter_c3_watsons_bay_hca__4_7_2 Soft landscaping and stormwater infiltration C1,,True
118597,chapter-c3-watsons-bay-hca,Woollahra_DCP_2015__chapter_c3_watsons_bay_hca,Woollahra_DCP_2015__chapter_c3_watsons_bay_hca__4_7_2 Soft landscaping and stormwater infiltration C2,,True
118598,chapter-c3-watsons-bay-hca,Woollahra_DCP_2015__chapter_c3_watsons_bay_hca,Woollahra_DCP_2015__chapter_c3_watsons_bay_hca__4_7_2 Soft landscaping and stormwater infiltration C3,,True
117860,chapter-c3-watsons-bay-hca,Woollahra_DCP_2015__chapter_c3_watsons_bay_hca,Woollahra_DCP_2015__chapter_c3_watsons_bay_hca__4_7_3,,True
118605,chapter-c3-watsons-bay-hca,Woollahra_DCP_2015__chapter_c3_watsons_bay_hca,Woollahra_DCP_2015__chapter_c3_watsons_bay_hca__4_7_3 C1,,True
118599,chapter-c3-watsons-bay-hca,Woollahra_DCP_2015__chapter_c3_watsons_bay_hca,Woollahra_DCP_2015__chapter_c3_watsons_bay_hca__4_7_3 Trees and vegetation C1,,True
118600,chapter-c3-watsons-bay-hca,Woollahra_DCP_2015__chapter_c3_watsons_bay_hca,Woollahra_DCP_2015__chapter_c3_watsons_bay_hca__4_7_3 Trees and vegetation C2,,True
118601,chapter-c3-watsons-bay-hca,Woollahra_DCP_2015__chapter_c3_watsons_bay_hca,Woollahra_DCP_2015__chapter_c3_watsons_bay_hca__4_7_3 Trees and vegetation C3,,True
118602,chapter-c3-watsons-bay-hca,Woollahra_DCP_2015__chapter_c3_watsons_bay_hca,Woollahra_DCP_2015__chapter_c3_watsons_bay_hca__4_7_3 Trees and vegetation C4,,True
118603,chapter-c3-watsons-bay-hca,Woollahra_DCP_2015__chapter_c3_watsons_bay_hca,Woollahra_DCP_2015__chapter_c3_watsons_bay_hca__4_7_3 Trees and vegetation C5,,True
118604,chapter-c3-watsons-bay-hca,Woollahra_DCP_2015__chapter_c3_watsons_bay_hca,Woollahra_DCP_2015__chapter_c3_watsons_bay_hca__4_7_3 Trees and vegetation C6,,True
117861,chapter-c3-watsons-bay-hca,Woollahra_DCP_2015__chapter_c3_watsons_bay_hca,Woollahra_DCP_2015__chapter_c3_watsons_bay_hca__4_7_4,,True
118606,chapter-c3-watsons-bay-hca,Woollahra_DCP_2015__chapter_c3_watsons_bay_hca,Woollahra_DCP_2015__chapter_c3_watsons_bay_hca__4_7_4 C1,,True
118607,chapter-c3-watsons-bay-hca,Woollahra_DCP_2015__chapter_c3_watsons_bay_hca,Woollahra_DCP_2015__chapter_c3_watsons_bay_hca__4_7_4 C2,,True
118608,chapter-c3-watsons-bay-hca,Woollahra_DCP_2015__chapter_c3_watsons_bay_hca,Woollahra_DCP_2015__chapter_c3_watsons_bay_hca__4_7_4 C3,,True
118609,chapter-c3-watsons-bay-hca,Woollahra_DCP_2015__chapter_c3_watsons_bay_hca,Woollahra_DCP_2015__chapter_c3_watsons_bay_hca__4_7_4 C4,,True
118610,chapter-c3-watsons-bay-hca,Woollahra_DCP_2015__chapter_c3_watsons_bay_hca,Woollahra_DCP_2015__chapter_c3_watsons_bay_hca__4_7_4 C5,,True
117862,chapter-c3-watsons-bay-hca,Woollahra_DCP_2015__chapter_c3_watsons_bay_hca,Woollahra_DCP_2015__chapter_c3_watsons_bay_hca__4_8,,True
118620,chapter-c3-watsons-bay-hca,Woollahra_DCP_2015__chapter_c3_watsons_bay_hca,Woollahra_DCP_2015__chapter_c3_watsons_bay_hca__4_8 C1,,True
118621,chapter-c3-watsons-bay-hca,Woollahra_DCP_2015__chapter_c3_watsons_bay_hca,Woollahra_DCP_2015__chapter_c3_watsons_bay_hca__4_8 C2,,True
118622,chapter-c3-watsons-bay-hca,Woollahra_DCP_2015__chapter_c3_watsons_bay_hca,Woollahra_DCP_2015__chapter_c3_watsons_bay_hca__4_8 C3,,True
118623,chapter-c3-watsons-bay-hca,Woollahra_DCP_2015__chapter_c3_watsons_bay_hca,Woollahra_DCP_2015__chapter_c3_watsons_bay_hca__4_8 C4,,True
118624,chapter-c3-watsons-bay-hca,Woollahra_DCP_2015__chapter_c3_watsons_bay_hca,Woollahra_DCP_2015__chapter_c3_watsons_bay_hca__4_8 C5,,True
118625,chapter-c3-watsons-bay-hca,Woollahra_DCP_2015__chapter_c3_watsons_bay_hca,Woollahra_DCP_2015__chapter_c3_watsons_bay_hca__4_8 C6,,True
118626,chapter-c3-watsons-bay-hca,Woollahra_DCP_2015__chapter_c3_watsons_bay_hca,Woollahra_DCP_2015__chapter_c3_watsons_bay_hca__4_8 C7,,True
118627,chapter-c3-watsons-bay-hca,Woollahra_DCP_2015__chapter_c3_watsons_bay_hca,Woollahra_DCP_2015__chapter_c3_watsons_bay_hca__4_8 C8,,True
118628,chapter-c3-watsons-bay-hca,Woollahra_DCP_2015__chapter_c3_watsons_bay_hca,Woollahra_DCP_2015__chapter_c3_watsons_bay_hca__4_8 C9,,True
118611,chapter-c3-watsons-bay-hca,Woollahra_DCP_2015__chapter_c3_watsons_bay_hca,Woollahra_DCP_2015__chapter_c3_watsons_bay_hca__4_8 O1,,True
118612,chapter-c3-watsons-bay-hca,Woollahra_DCP_2015__chapter_c3_watsons_bay_hca,Woollahra_DCP_2015__chapter_c3_watsons_bay_hca__4_8 O2,,True
118613,chapter-c3-watsons-bay-hca,Woollahra_DCP_2015__chapter_c3_watsons_bay_hca,Woollahra_DCP_2015__chapter_c3_watsons_bay_hca__4_8 O3,,True
118614,chapter-c3-watsons-bay-hca,Woollahra_DCP_2015__chapter_c3_watsons_bay_hca,Woollahra_DCP_2015__chapter_c3_watsons_bay_hca__4_8 O4,,True
118615,chapter-c3-watsons-bay-hca,Woollahra_DCP_2015__chapter_c3_watsons_bay_hca,Woollahra_DCP_2015__chapter_c3_watsons_bay_hca__4_8 O5,,True
118616,chapter-c3-watsons-bay-hca,Woollahra_DCP_2015__chapter_c3_watsons_bay_hca,Woollahra_DCP_2015__chapter_c3_watsons_bay_hca__4_8 O6,,True
118617,chapter-c3-watsons-bay-hca,Woollahra_DCP_2015__chapter_c3_watsons_bay_hca,Woollahra_DCP_2015__chapter_c3_watsons_bay_hca__4_8 O7,,True
118618,chapter-c3-watsons-bay-hca,Woollahra_DCP_2015__chapter_c3_watsons_bay_hca,Woollahra_DCP_2015__chapter_c3_watsons_bay_hca__4_8 O8,,True
118619,chapter-c3-watsons-bay-hca,Woollahra_DCP_2015__chapter_c3_watsons_bay_hca,Woollahra_DCP_2015__chapter_c3_watsons_bay_hca__4_8 O9,,True
117863,chapter-c3-watsons-bay-hca,Woollahra_DCP_2015__chapter_c3_watsons_bay_hca,Woollahra_DCP_2015__chapter_c3_watsons_bay_hca__4_9,,True
118639,chapter-c3-watsons-bay-hca,Woollahra_DCP_2015__chapter_c3_watsons_bay_hca,Woollahra_DCP_2015__chapter_c3_watsons_bay_hca__4_9 C1,,True
118648,chapter-c3-watsons-bay-hca,Woollahra_DCP_2015__chapter_c3_watsons_bay_hca,Woollahra_DCP_2015__chapter_c3_watsons_bay_hca__4_9 C10,,True
118649,chapter-c3-watsons-bay-hca,Woollahra_DCP_2015__chapter_c3_watsons_bay_hca,Woollahra_DCP_2015__chapter_c3_watsons_bay_hca__4_9 C11,,True
118650,chapter-c3-watsons-bay-hca,Woollahra_DCP_2015__chapter_c3_watsons_bay_hca,Woollahra_DCP_2015__chapter_c3_watsons_bay_hca__4_9 C12,,True
118651,chapter-c3-watsons-bay-hca,Woollahra_DCP_2015__chapter_c3_watsons_bay_hca,Woollahra_DCP_2015__chapter_c3_watsons_bay_hca__4_9 C13,,True
118652,chapter-c3-watsons-bay-hca,Woollahra_DCP_2015__chapter_c3_watsons_bay_hca,Woollahra_DCP_2015__chapter_c3_watsons_bay_hca__4_9 C14,,True
118640,chapter-c3-watsons-bay-hca,Woollahra_DCP_2015__chapter_c3_watsons_bay_hca,Woollahra_DCP_2015__chapter_c3_watsons_bay_hca__4_9 C2,,True
118641,chapter-c3-watsons-bay-hca,Woollahra_DCP_2015__chapter_c3_watsons_bay_hca,Woollahra_DCP_2015__chapter_c3_watsons_bay_hca__4_9 C3,,True
118642,chapter-c3-watsons-bay-hca,Woollahra_DCP_2015__chapter_c3_watsons_bay_hca,Woollahra_DCP_2015__chapter_c3_watsons_bay_hca__4_9 C4,,True
118643,chapter-c3-watsons-bay-hca,Woollahra_DCP_2015__chapter_c3_watsons_bay_hca,Woollahra_DCP_2015__chapter_c3_watsons_bay_hca__4_9 C5,,True
118644,chapter-c3-watsons-bay-hca,Woollahra_DCP_2015__chapter_c3_watsons_bay_hca,Woollahra_DCP_2015__chapter_c3_watsons_bay_hca__4_9 C6,,True
118645,chapter-c3-watsons-bay-hca,Woollahra_DCP_2015__chapter_c3_watsons_bay_hca,Woollahra_DCP_2015__chapter_c3_watsons_bay_hca__4_9 C7,,True
118646,chapter-c3-watsons-bay-hca,Woollahra_DCP_2015__chapter_c3_watsons_bay_hca,Woollahra_DCP_2015__chapter_c3_watsons_bay_hca__4_9 C8,,True
118647,chapter-c3-watsons-bay-hca,Woollahra_DCP_2015__chapter_c3_watsons_bay_hca,Woollahra_DCP_2015__chapter_c3_watsons_bay_hca__4_9 C9,,True
118629,chapter-c3-watsons-bay-hca,Woollahra_DCP_2015__chapter_c3_watsons_bay_hca,Woollahra_DCP_2015__chapter_c3_watsons_bay_hca__4_9 O1,,True
118638,chapter-c3-watsons-bay-hca,Woollahra_DCP_2015__chapter_c3_watsons_bay_hca,Woollahra_DCP_2015__chapter_c3_watsons_bay_hca__4_9 O10,,True
118630,chapter-c3-watsons-bay-hca,Woollahra_DCP_2015__chapter_c3_watsons_bay_hca,Woollahra_DCP_2015__chapter_c3_watsons_bay_hca__4_9 O2,,True
118631,chapter-c3-watsons-bay-hca,Woollahra_DCP_2015__chapter_c3_watsons_bay_hca,Woollahra_DCP_2015__chapter_c3_watsons_bay_hca__4_9 O3,,True
118632,chapter-c3-watsons-bay-hca,Woollahra_DCP_2015__chapter_c3_watsons_bay_hca,Woollahra_DCP_2015__chapter_c3_watsons_bay_hca__4_9 O4,,True
118633,chapter-c3-watsons-bay-hca,Woollahra_DCP_2015__chapter_c3_watsons_bay_hca,Woollahra_DCP_2015__chapter_c3_watsons_bay_hca__4_9 O5,,True
118634,chapter-c3-watsons-bay-hca,Woollahra_DCP_2015__chapter_c3_watsons_bay_hca,Woollahra_DCP_2015__chapter_c3_watsons_bay_hca__4_9 O6,,True
118635,chapter-c3-watsons-bay-hca,Woollahra_DCP_2015__chapter_c3_watsons_bay_hca,Woollahra_DCP_2015__chapter_c3_watsons_bay_hca__4_9 O7,,True
118636,chapter-c3-watsons-bay-hca,Woollahra_DCP_2015__chapter_c3_watsons_bay_hca,Woollahra_DCP_2015__chapter_c3_watsons_bay_hca__4_9 O8,,True
118637,chapter-c3-watsons-bay-hca,Woollahra_DCP_2015__chapter_c3_watsons_bay_hca,Woollahra_DCP_2015__chapter_c3_watsons_bay_hca__4_9 O9,,True
117869,chapter-c3-watsons-bay-hca,Woollahra_DCP_2015__chapter_c3_watsons_bay_hca,Woollahra_DCP_2015__chapter_c3_watsons_bay_hca__5_1,,True
117870,chapter-c3-watsons-bay-hca,Woollahra_DCP_2015__chapter_c3_watsons_bay_hca,Woollahra_DCP_2015__chapter_c3_watsons_bay_hca__5_2,,True
118721,chapter-c3-watsons-bay-hca,Woollahra_DCP_2015__chapter_c3_watsons_bay_hca,Woollahra_DCP_2015__chapter_c3_watsons_bay_hca__5_2 01,,True
118722,chapter-c3-watsons-bay-hca,Woollahra_DCP_2015__chapter_c3_watsons_bay_hca,Woollahra_DCP_2015__chapter_c3_watsons_bay_hca__5_2 02,,True
118723,chapter-c3-watsons-bay-hca,Woollahra_DCP_2015__chapter_c3_watsons_bay_hca,Woollahra_DCP_2015__chapter_c3_watsons_bay_hca__5_2 03,,True
117871,chapter-c3-watsons-bay-hca,Woollahra_DCP_2015__chapter_c3_watsons_bay_hca,Woollahra_DCP_2015__chapter_c3_watsons_bay_hca__5_3_1,,True
118724,chapter-c3-watsons-bay-hca,Woollahra_DCP_2015__chapter_c3_watsons_bay_hca,Woollahra_DCP_2015__chapter_c3_watsons_bay_hca__5_3_1 C1,,True
118725,chapter-c3-watsons-bay-hca,Woollahra_DCP_2015__chapter_c3_watsons_bay_hca,Woollahra_DCP_2015__chapter_c3_watsons_bay_hca__5_3_1 C2,,True
118726,chapter-c3-watsons-bay-hca,Woollahra_DCP_2015__chapter_c3_watsons_bay_hca,Woollahra_DCP_2015__chapter_c3_watsons_bay_hca__5_3_1 C3,,True
118727,chapter-c3-watsons-bay-hca,Woollahra_DCP_2015__chapter_c3_watsons_bay_hca,Woollahra_DCP_2015__chapter_c3_watsons_bay_hca__5_3_1 C4,,True
118728,chapter-c3-watsons-bay-hca,Woollahra_DCP_2015__chapter_c3_watsons_bay_hca,Woollahra_DCP_2015__chapter_c3_watsons_bay_hca__5_3_1 C5,,True
117880,chapter-c3-watsons-bay-hca,Woollahra_DCP_2015__chapter_c3_watsons_bay_hca,Woollahra_DCP_2015__chapter_c3_watsons_bay_hca__5_3_10,,True
118780,chapter-c3-watsons-bay-hca,Woollahra_DCP_2015__chapter_c3_watsons_bay_hca,Woollahra_DCP_2015__chapter_c3_watsons_bay_hca__5_3_10 C1,,True
118789,chapter-c3-watsons-bay-hca,Woollahra_DCP_2015__chapter_c3_watsons_bay_hca,Woollahra_DCP_2015__chapter_c3_watsons_bay_hca__5_3_10 C10,,True
118781,chapter-c3-watsons-bay-hca,Woollahra_DCP_2015__chapter_c3_watsons_bay_hca,Woollahra_DCP_2015__chapter_c3_watsons_bay_hca__5_3_10 C2,,True
118782,chapter-c3-watsons-bay-hca,Woollahra_DCP_2015__chapter_c3_watsons_bay_hca,Woollahra_DCP_2015__chapter_c3_watsons_bay_hca__5_3_10 C3,,True
118783,chapter-c3-watsons-bay-hca,Woollahra_DCP_2015__chapter_c3_watsons_bay_hca,Woollahra_DCP_2015__chapter_c3_watsons_bay_hca__5_3_10 C4,,True
118784,chapter-c3-watsons-bay-hca,Woollahra_DCP_2015__chapter_c3_watsons_bay_hca,Woollahra_DCP_2015__chapter_c3_watsons_bay_hca__5_3_10 C5,,True
118785,chapter-c3-watsons-bay-hca,Woollahra_DCP_2015__chapter_c3_watsons_bay_hca,Woollahra_DCP_2015__chapter_c3_watsons_bay_hca__5_3_10 C6,,True
118786,chapter-c3-watsons-bay-hca,Woollahra_DCP_2015__chapter_c3_watsons_bay_hca,Woollahra_DCP_2015__chapter_c3_watsons_bay_hca__5_3_10 C7,,True
118787,chapter-c3-watsons-bay-hca,Woollahra_DCP_2015__chapter_c3_watsons_bay_hca,Woollahra_DCP_2015__chapter_c3_watsons_bay_hca__5_3_10 C8,,True
118788,chapter-c3-watsons-bay-hca,Woollahra_DCP_2015__chapter_c3_watsons_bay_hca,Woollahra_DCP_2015__chapter_c3_watsons_bay_hca__5_3_10 C9,,True
117881,chapter-c3-watsons-bay-hca,Woollahra_DCP_2015__chapter_c3_watsons_bay_hca,Woollahra_DCP_2015__chapter_c3_watsons_bay_hca__5_3_10 O1,,True
117882,chapter-c3-watsons-bay-hca,Woollahra_DCP_2015__chapter_c3_watsons_bay_hca,Woollahra_DCP_2015__chapter_c3_watsons_bay_hca__5_3_10 O2,,True
117883,chapter-c3-watsons-bay-hca,Woollahra_DCP_2015__chapter_c3_watsons_bay_hca,Woollahra_DCP_2015__chapter_c3_watsons_bay_hca__5_3_10 O3,,True
117884,chapter-c3-watsons-bay-hca,Woollahra_DCP_2015__chapter_c3_watsons_bay_hca,Woollahra_DCP_2015__chapter_c3_watsons_bay_hca__5_3_10 O4,,True
117885,chapter-c3-watsons-bay-hca,Woollahra_DCP_2015__chapter_c3_watsons_bay_hca,Woollahra_DCP_2015__chapter_c3_watsons_bay_hca__5_3_10 O5,,True
117886,chapter-c3-watsons-bay-hca,Woollahra_DCP_2015__chapter_c3_watsons_bay_hca,Woollahra_DCP_2015__chapter_c3_watsons_bay_hca__5_3_10 O6,,True
117872,chapter-c3-watsons-bay-hca,Woollahra_DCP_2015__chapter_c3_watsons_bay_hca,Woollahra_DCP_2015__chapter_c3_watsons_bay_hca__5_3_2,,True
118729,chapter-c3-watsons-bay-hca,Woollahra_DCP_2015__chapter_c3_watsons_bay_hca,Woollahra_DCP_2015__chapter_c3_watsons_bay_hca__5_3_2 C1,,True
118730,chapter-c3-watsons-bay-hca,Woollahra_DCP_2015__chapter_c3_watsons_bay_hca,Woollahra_DCP_2015__chapter_c3_watsons_bay_hca__5_3_2 C2,,True
118731,chapter-c3-watsons-bay-hca,Woollahra_DCP_2015__chapter_c3_watsons_bay_hca,Woollahra_DCP_2015__chapter_c3_watsons_bay_hca__5_3_2 C3,,True
117873,chapter-c3-watsons-bay-hca,Woollahra_DCP_2015__chapter_c3_watsons_bay_hca,Woollahra_DCP_2015__chapter_c3_watsons_bay_hca__5_3_3,,True
118732,chapter-c3-watsons-bay-hca,Woollahra_DCP_2015__chapter_c3_watsons_bay_hca,Woollahra_DCP_2015__chapter_c3_watsons_bay_hca__5_3_3 C1,,True
118733,chapter-c3-watsons-bay-hca,Woollahra_DCP_2015__chapter_c3_watsons_bay_hca,Woollahra_DCP_2015__chapter_c3_watsons_bay_hca__5_3_3 C2,,True
118734,chapter-c3-watsons-bay-hca,Woollahra_DCP_2015__chapter_c3_watsons_bay_hca,Woollahra_DCP_2015__chapter_c3_watsons_bay_hca__5_3_3 C3,,True
117874,chapter-c3-watsons-bay-hca,Woollahra_DCP_2015__chapter_c3_watsons_bay_hca,Woollahra_DCP_2015__chapter_c3_watsons_bay_hca__5_3_4,,True
118735,chapter-c3-watsons-bay-hca,Woollahra_DCP_2015__chapter_c3_watsons_bay_hca,Woollahra_DCP_2015__chapter_c3_watsons_bay_hca__5_3_4 C1,,True
118736,chapter-c3-watsons-bay-hca,Woollahra_DCP_2015__chapter_c3_watsons_bay_hca,Woollahra_DCP_2015__chapter_c3_watsons_bay_hca__5_3_4 C2,,True
118737,chapter-c3-watsons-bay-hca,Woollahra_DCP_2015__chapter_c3_watsons_bay_hca,Woollahra_DCP_2015__chapter_c3_watsons_bay_hca__5_3_4 C3,,True
118738,chapter-c3-watsons-bay-hca,Woollahra_DCP_2015__chapter_c3_watsons_bay_hca,Woollahra_DCP_2015__chapter_c3_watsons_bay_hca__5_3_4 C4,,True
118739,chapter-c3-watsons-bay-hca,Woollahra_DCP_2015__chapter_c3_watsons_bay_hca,Woollahra_DCP_2015__chapter_c3_watsons_bay_hca__5_3_4 C5,,True
118740,chapter-c3-watsons-bay-hca,Woollahra_DCP_2015__chapter_c3_watsons_bay_hca,Woollahra_DCP_2015__chapter_c3_watsons_bay_hca__5_3_4 C6,,True
117875,chapter-c3-watsons-bay-hca,Woollahra_DCP_2015__chapter_c3_watsons_bay_hca,Woollahra_DCP_2015__chapter_c3_watsons_bay_hca__5_3_5,,True
118741,chapter-c3-watsons-bay-hca,Woollahra_DCP_2015__chapter_c3_watsons_bay_hca,Woollahra_DCP_2015__chapter_c3_watsons_bay_hca__5_3_5 C1,,True
118750,chapter-c3-watsons-bay-hca,Woollahra_DCP_2015__chapter_c3_watsons_bay_hca,Woollahra_DCP_2015__chapter_c3_watsons_bay_hca__5_3_5 C10,,True
118751,chapter-c3-watsons-bay-hca,Woollahra_DCP_2015__chapter_c3_watsons_bay_hca,Woollahra_DCP_2015__chapter_c3_watsons_bay_hca__5_3_5 C11,,True
118752,chapter-c3-watsons-bay-hca,Woollahra_DCP_2015__chapter_c3_watsons_bay_hca,Woollahra_DCP_2015__chapter_c3_watsons_bay_hca__5_3_5 C12,,True
118742,chapter-c3-watsons-bay-hca,Woollahra_DCP_2015__chapter_c3_watsons_bay_hca,Woollahra_DCP_2015__chapter_c3_watsons_bay_hca__5_3_5 C2,,True
118743,chapter-c3-watsons-bay-hca,Woollahra_DCP_2015__chapter_c3_watsons_bay_hca,Woollahra_DCP_2015__chapter_c3_watsons_bay_hca__5_3_5 C3,,True
118744,chapter-c3-watsons-bay-hca,Woollahra_DCP_2015__chapter_c3_watsons_bay_hca,Woollahra_DCP_2015__chapter_c3_watsons_bay_hca__5_3_5 C4,,True
118745,chapter-c3-watsons-bay-hca,Woollahra_DCP_2015__chapter_c3_watsons_bay_hca,Woollahra_DCP_2015__chapter_c3_watsons_bay_hca__5_3_5 C5,,True
118746,chapter-c3-watsons-bay-hca,Woollahra_DCP_2015__chapter_c3_watsons_bay_hca,Woollahra_DCP_2015__chapter_c3_watsons_bay_hca__5_3_5 C6,,True
118747,chapter-c3-watsons-bay-hca,Woollahra_DCP_2015__chapter_c3_watsons_bay_hca,Woollahra_DCP_2015__chapter_c3_watsons_bay_hca__5_3_5 C7,,True
118748,chapter-c3-watsons-bay-hca,Woollahra_DCP_2015__chapter_c3_watsons_bay_hca,Woollahra_DCP_2015__chapter_c3_watsons_bay_hca__5_3_5 C8,,True
118749,chapter-c3-watsons-bay-hca,Woollahra_DCP_2015__chapter_c3_watsons_bay_hca,Woollahra_DCP_2015__chapter_c3_watsons_bay_hca__5_3_5 C9,,True
117876,chapter-c3-watsons-bay-hca,Woollahra_DCP_2015__chapter_c3_watsons_bay_hca,Woollahra_DCP_2015__chapter_c3_watsons_bay_hca__5_3_6,,True
118753,chapter-c3-watsons-bay-hca,Woollahra_DCP_2015__chapter_c3_watsons_bay_hca,Woollahra_DCP_2015__chapter_c3_watsons_bay_hca__5_3_6 C1,,True
118754,chapter-c3-watsons-bay-hca,Woollahra_DCP_2015__chapter_c3_watsons_bay_hca,Woollahra_DCP_2015__chapter_c3_watsons_bay_hca__5_3_6 C2,,True
118755,chapter-c3-watsons-bay-hca,Woollahra_DCP_2015__chapter_c3_watsons_bay_hca,Woollahra_DCP_2015__chapter_c3_watsons_bay_hca__5_3_6 C3,,True
118756,chapter-c3-watsons-bay-hca,Woollahra_DCP_2015__chapter_c3_watsons_bay_hca,Woollahra_DCP_2015__chapter_c3_watsons_bay_hca__5_3_6 C4,,True
118757,chapter-c3-watsons-bay-hca,Woollahra_DCP_2015__chapter_c3_watsons_bay_hca,Woollahra_DCP_2015__chapter_c3_watsons_bay_hca__5_3_6 C5,,True
117877,chapter-c3-watsons-bay-hca,Woollahra_DCP_2015__chapter_c3_watsons_bay_hca,Woollahra_DCP_2015__chapter_c3_watsons_bay_hca__5_3_7,,True
118758,chapter-c3-watsons-bay-hca,Woollahra_DCP_2015__chapter_c3_watsons_bay_hca,Woollahra_DCP_2015__chapter_c3_watsons_bay_hca__5_3_7 C1,,True
118767,chapter-c3-watsons-bay-hca,Woollahra_DCP_2015__chapter_c3_watsons_bay_hca,Woollahra_DCP_2015__chapter_c3_watsons_bay_hca__5_3_7 C10,,True
118768,chapter-c3-watsons-bay-hca,Woollahra_DCP_2015__chapter_c3_watsons_bay_hca,Woollahra_DCP_2015__chapter_c3_watsons_bay_hca__5_3_7 C11,,True
118769,chapter-c3-watsons-bay-hca,Woollahra_DCP_2015__chapter_c3_watsons_bay_hca,Woollahra_DCP_2015__chapter_c3_watsons_bay_hca__5_3_7 C12,,True
118759,chapter-c3-watsons-bay-hca,Woollahra_DCP_2015__chapter_c3_watsons_bay_hca,Woollahra_DCP_2015__chapter_c3_watsons_bay_hca__5_3_7 C2,,True
118760,chapter-c3-watsons-bay-hca,Woollahra_DCP_2015__chapter_c3_watsons_bay_hca,Woollahra_DCP_2015__chapter_c3_watsons_bay_hca__5_3_7 C3,,True
118761,chapter-c3-watsons-bay-hca,Woollahra_DCP_2015__chapter_c3_watsons_bay_hca,Woollahra_DCP_2015__chapter_c3_watsons_bay_hca__5_3_7 C4,,True
118762,chapter-c3-watsons-bay-hca,Woollahra_DCP_2015__chapter_c3_watsons_bay_hca,Woollahra_DCP_2015__chapter_c3_watsons_bay_hca__5_3_7 C5,,True
118763,chapter-c3-watsons-bay-hca,Woollahra_DCP_2015__chapter_c3_watsons_bay_hca,Woollahra_DCP_2015__chapter_c3_watsons_bay_hca__5_3_7 C6,,True
118764,chapter-c3-watsons-bay-hca,Woollahra_DCP_2015__chapter_c3_watsons_bay_hca,Woollahra_DCP_2015__chapter_c3_watsons_bay_hca__5_3_7 C7,,True
118765,chapter-c3-watsons-bay-hca,Woollahra_DCP_2015__chapter_c3_watsons_bay_hca,Woollahra_DCP_2015__chapter_c3_watsons_bay_hca__5_3_7 C8,,True
118766,chapter-c3-watsons-bay-hca,Woollahra_DCP_2015__chapter_c3_watsons_bay_hca,Woollahra_DCP_2015__chapter_c3_watsons_bay_hca__5_3_7 C9,,True
117878,chapter-c3-watsons-bay-hca,Woollahra_DCP_2015__chapter_c3_watsons_bay_hca,Woollahra_DCP_2015__chapter_c3_watsons_bay_hca__5_3_8,,True
118770,chapter-c3-watsons-bay-hca,Woollahra_DCP_2015__chapter_c3_watsons_bay_hca,Woollahra_DCP_2015__chapter_c3_watsons_bay_hca__5_3_8 C1,,True
118771,chapter-c3-watsons-bay-hca,Woollahra_DCP_2015__chapter_c3_watsons_bay_hca,Woollahra_DCP_2015__chapter_c3_watsons_bay_hca__5_3_8 C2,,True
118772,chapter-c3-watsons-bay-hca,Woollahra_DCP_2015__chapter_c3_watsons_bay_hca,Woollahra_DCP_2015__chapter_c3_watsons_bay_hca__5_3_8 C3,,True
118773,chapter-c3-watsons-bay-hca,Woollahra_DCP_2015__chapter_c3_watsons_bay_hca,Woollahra_DCP_2015__chapter_c3_watsons_bay_hca__5_3_8 C4,,True
118774,chapter-c3-watsons-bay-hca,Woollahra_DCP_2015__chapter_c3_watsons_bay_hca,Woollahra_DCP_2015__chapter_c3_watsons_bay_hca__5_3_8 C5,,True
118775,chapter-c3-watsons-bay-hca,Woollahra_DCP_2015__chapter_c3_watsons_bay_hca,Woollahra_DCP_2015__chapter_c3_watsons_bay_hca__5_3_8 C6,,True
118776,chapter-c3-watsons-bay-hca,Woollahra_DCP_2015__chapter_c3_watsons_bay_hca,Woollahra_DCP_2015__chapter_c3_watsons_bay_hca__5_3_8 C7,,True
117879,chapter-c3-watsons-bay-hca,Woollahra_DCP_2015__chapter_c3_watsons_bay_hca,Woollahra_DCP_2015__chapter_c3_watsons_bay_hca__5_3_9,,True
118777,chapter-c3-watsons-bay-hca,Woollahra_DCP_2015__chapter_c3_watsons_bay_hca,Woollahra_DCP_2015__chapter_c3_watsons_bay_hca__5_3_9 C1,,True
118778,chapter-c3-watsons-bay-hca,Woollahra_DCP_2015__chapter_c3_watsons_bay_hca,Woollahra_DCP_2015__chapter_c3_watsons_bay_hca__5_3_9 C2,,True
118779,chapter-c3-watsons-bay-hca,Woollahra_DCP_2015__chapter_c3_watsons_bay_hca,Woollahra_DCP_2015__chapter_c3_watsons_bay_hca__5_3_9 C3,,True
117948,chapter-c3-watsons-bay-hca,Woollahra_DCP_2015__chapter_c3_watsons_bay_hca,Woollahra_DCP_2015__chapter_c3_watsons_bay_hca__B_5 C8,,True
117950,chapter-c3-watsons-bay-hca,Woollahra_DCP_2015__chapter_c3_watsons_bay_hca,Woollahra_DCP_2015__chapter_c3_watsons_bay_hca__B_5_1 C10,,True
117949,chapter-c3-watsons-bay-hca,Woollahra_DCP_2015__chapter_c3_watsons_bay_hca,Woollahra_DCP_2015__chapter_c3_watsons_bay_hca__B_5_1 C9,,True
117951,chapter-c3-watsons-bay-hca,Woollahra_DCP_2015__chapter_c3_watsons_bay_hca,Woollahra_DCP_2015__chapter_c3_watsons_bay_hca__B_5_2 C11,,True
117952,chapter-c3-watsons-bay-hca,Woollahra_DCP_2015__chapter_c3_watsons_bay_hca,Woollahra_DCP_2015__chapter_c3_watsons_bay_hca__B_5_2 C12,,True
117953,chapter-c3-watsons-bay-hca,Woollahra_DCP_2015__chapter_c3_watsons_bay_hca,Woollahra_DCP_2015__chapter_c3_watsons_bay_hca__B_5_3 C13,,True
117954,chapter-c3-watsons-bay-hca,Woollahra_DCP_2015__chapter_c3_watsons_bay_hca,Woollahra_DCP_2015__chapter_c3_watsons_bay_hca__B_5_3 C14,,True
117955,chapter-c3-watsons-bay-hca,Woollahra_DCP_2015__chapter_c3_watsons_bay_hca,Woollahra_DCP_2015__chapter_c3_watsons_bay_hca__B_5_4 C15,,True
117956,chapter-c3-watsons-bay-hca,Woollahra_DCP_2015__chapter_c3_watsons_bay_hca,Woollahra_DCP_2015__chapter_c3_watsons_bay_hca__B_6 C17,,True
117957,chapter-c3-watsons-bay-hca,Woollahra_DCP_2015__chapter_c3_watsons_bay_hca,Woollahra_DCP_2015__chapter_c3_watsons_bay_hca__B_6 C18,,True
117958,chapter-c3-watsons-bay-hca,Woollahra_DCP_2015__chapter_c3_watsons_bay_hca,Woollahra_DCP_2015__chapter_c3_watsons_bay_hca__B_7 C19,,True
117959,chapter-c3-watsons-bay-hca,Woollahra_DCP_2015__chapter_c3_watsons_bay_hca,Woollahra_DCP_2015__chapter_c3_watsons_bay_hca__B_7 C20,,True
117960,chapter-c3-watsons-bay-hca,Woollahra_DCP_2015__chapter_c3_watsons_bay_hca,Woollahra_DCP_2015__chapter_c3_watsons_bay_hca__B_8 C21,,True
117961,chapter-c3-watsons-bay-hca,Woollahra_DCP_2015__chapter_c3_watsons_bay_hca,Woollahra_DCP_2015__chapter_c3_watsons_bay_hca__B_8 C22,,True
117962,chapter-c3-watsons-bay-hca,Woollahra_DCP_2015__chapter_c3_watsons_bay_hca,Woollahra_DCP_2015__chapter_c3_watsons_bay_hca__B_8 C23,,True
117963,chapter-c3-watsons-bay-hca,Woollahra_DCP_2015__chapter_c3_watsons_bay_hca,Woollahra_DCP_2015__chapter_c3_watsons_bay_hca__C_1 C1,,True
117964,chapter-c3-watsons-bay-hca,Woollahra_DCP_2015__chapter_c3_watsons_bay_hca,Woollahra_DCP_2015__chapter_c3_watsons_bay_hca__C_1 C2,,True
117965,chapter-c3-watsons-bay-hca,Woollahra_DCP_2015__chapter_c3_watsons_bay_hca,Woollahra_DCP_2015__chapter_c3_watsons_bay_hca__C_1 C3,,True
117966,chapter-c3-watsons-bay-hca,Woollahra_DCP_2015__chapter_c3_watsons_bay_hca,Woollahra_DCP_2015__chapter_c3_watsons_bay_hca__C_2 C4,,True
117967,chapter-c3-watsons-bay-hca,Woollahra_DCP_2015__chapter_c3_watsons_bay_hca,Woollahra_DCP_2015__chapter_c3_watsons_bay_hca__C_2 C5,,True
117968,chapter-c3-watsons-bay-hca,Woollahra_DCP_2015__chapter_c3_watsons_bay_hca,Woollahra_DCP_2015__chapter_c3_watsons_bay_hca__C_2 C6,,True
117969,chapter-c3-watsons-bay-hca,Woollahra_DCP_2015__chapter_c3_watsons_bay_hca,Woollahra_DCP_2015__chapter_c3_watsons_bay_hca__C_3 C7,,True
117970,chapter-c3-watsons-bay-hca,Woollahra_DCP_2015__chapter_c3_watsons_bay_hca,Woollahra_DCP_2015__chapter_c3_watsons_bay_hca__C_3 C8,,True
117971,chapter-c3-watsons-bay-hca,Woollahra_DCP_2015__chapter_c3_watsons_bay_hca,Woollahra_DCP_2015__chapter_c3_watsons_bay_hca__C_3 C9,,True
117972,chapter-c3-watsons-bay-hca,Woollahra_DCP_2015__chapter_c3_watsons_bay_hca,Woollahra_DCP_2015__chapter_c3_watsons_bay_hca__C_4 C10,,True
117973,chapter-c3-watsons-bay-hca,Woollahra_DCP_2015__chapter_c3_watsons_bay_hca,Woollahra_DCP_2015__chapter_c3_watsons_bay_hca__C_5_1 C11,,True
117974,chapter-c3-watsons-bay-hca,Woollahra_DCP_2015__chapter_c3_watsons_bay_hca,Woollahra_DCP_2015__chapter_c3_watsons_bay_hca__C_5_1 C12,,True
117975,chapter-c3-watsons-bay-hca,Woollahra_DCP_2015__chapter_c3_watsons_bay_hca,Woollahra_DCP_2015__chapter_c3_watsons_bay_hca__C_5_2 C13,,True
117976,chapter-c3-watsons-bay-hca,Woollahra_DCP_2015__chapter_c3_watsons_bay_hca,Woollahra_DCP_2015__chapter_c3_watsons_bay_hca__C_5_2 C14,,True
117977,chapter-c3-watsons-bay-hca,Woollahra_DCP_2015__chapter_c3_watsons_bay_hca,Woollahra_DCP_2015__chapter_c3_watsons_bay_hca__C_5_3 C15,,True
117978,chapter-c3-watsons-bay-hca,Woollahra_DCP_2015__chapter_c3_watsons_bay_hca,Woollahra_DCP_2015__chapter_c3_watsons_bay_hca__C_5_3 C16,,True
117979,chapter-c3-watsons-bay-hca,Woollahra_DCP_2015__chapter_c3_watsons_bay_hca,Woollahra_DCP_2015__chapter_c3_watsons_bay_hca__C_5_4 C17,,True
117980,chapter-c3-watsons-bay-hca,Woollahra_DCP_2015__chapter_c3_watsons_bay_hca,Woollahra_DCP_2015__chapter_c3_watsons_bay_hca__C_5_5 C18,,True
117981,chapter-c3-watsons-bay-hca,Woollahra_DCP_2015__chapter_c3_watsons_bay_hca,Woollahra_DCP_2015__chapter_c3_watsons_bay_hca__C_6 C19,,True
117982,chapter-c3-watsons-bay-hca,Woollahra_DCP_2015__chapter_c3_watsons_bay_hca,Woollahra_DCP_2015__chapter_c3_watsons_bay_hca__C_6 C20,,True
117983,chapter-c3-watsons-bay-hca,Woollahra_DCP_2015__chapter_c3_watsons_bay_hca,Woollahra_DCP_2015__chapter_c3_watsons_bay_hca__C_7 C21,,True
117984,chapter-c3-watsons-bay-hca,Woollahra_DCP_2015__chapter_c3_watsons_bay_hca,Woollahra_DCP_2015__chapter_c3_watsons_bay_hca__C_7 C22,,True
117985,chapter-c3-watsons-bay-hca,Woollahra_DCP_2015__chapter_c3_watsons_bay_hca,Woollahra_DCP_2015__chapter_c3_watsons_bay_hca__C_7 C23,,True
117986,chapter-c3-watsons-bay-hca,Woollahra_DCP_2015__chapter_c3_watsons_bay_hca,Woollahra_DCP_2015__chapter_c3_watsons_bay_hca__C_8 C24,,True
117987,chapter-c3-watsons-bay-hca,Woollahra_DCP_2015__chapter_c3_watsons_bay_hca,Woollahra_DCP_2015__chapter_c3_watsons_bay_hca__C_8 C25,,True
117988,chapter-c3-watsons-bay-hca,Woollahra_DCP_2015__chapter_c3_watsons_bay_hca,Woollahra_DCP_2015__chapter_c3_watsons_bay_hca__C_8 C26,,True
118507,chapter-c3-watsons-bay-hca,Woollahra_DCP_2015__chapter_c3_watsons_bay_hca,Woollahra_DCP_2015__chapter_c3_watsons_bay_hca__C3,,True
118508,chapter-c3-watsons-bay-hca,Woollahra_DCP_2015__chapter_c3_watsons_bay_hca,Woollahra_DCP_2015__chapter_c3_watsons_bay_hca__C4,,True
117989,chapter-c3-watsons-bay-hca,Woollahra_DCP_2015__chapter_c3_watsons_bay_hca,Woollahra_DCP_2015__chapter_c3_watsons_bay_hca__D_1 C1,,True
117990,chapter-c3-watsons-bay-hca,Woollahra_DCP_2015__chapter_c3_watsons_bay_hca,Woollahra_DCP_2015__chapter_c3_watsons_bay_hca__D_1 C2,,True
117998,chapter-c3-watsons-bay-hca,Woollahra_DCP_2015__chapter_c3_watsons_bay_hca,Woollahra_DCP_2015__chapter_c3_watsons_bay_hca__D_2 C10,,True
117999,chapter-c3-watsons-bay-hca,Woollahra_DCP_2015__chapter_c3_watsons_bay_hca,Woollahra_DCP_2015__chapter_c3_watsons_bay_hca__D_2 C11,,True
118000,chapter-c3-watsons-bay-hca,Woollahra_DCP_2015__chapter_c3_watsons_bay_hca,Woollahra_DCP_2015__chapter_c3_watsons_bay_hca__D_2 C12,,True
118001,chapter-c3-watsons-bay-hca,Woollahra_DCP_2015__chapter_c3_watsons_bay_hca,Woollahra_DCP_2015__chapter_c3_watsons_bay_hca__D_2 C13,,True
118002,chapter-c3-watsons-bay-hca,Woollahra_DCP_2015__chapter_c3_watsons_bay_hca,Woollahra_DCP_2015__chapter_c3_watsons_bay_hca__D_2 C14,,True
118003,chapter-c3-watsons-bay-hca,Woollahra_DCP_2015__chapter_c3_watsons_bay_hca,Woollahra_DCP_2015__chapter_c3_watsons_bay_hca__D_2 C15,,True
118004,chapter-c3-watsons-bay-hca,Woollahra_DCP_2015__chapter_c3_watsons_bay_hca,Woollahra_DCP_2015__chapter_c3_watsons_bay_hca__D_2 C16,,True
118005,chapter-c3-watsons-bay-hca,Woollahra_DCP_2015__chapter_c3_watsons_bay_hca,Woollahra_DCP_2015__chapter_c3_watsons_bay_hca__D_2 C17,,True
118006,chapter-c3-watsons-bay-hca,Woollahra_DCP_2015__chapter_c3_watsons_bay_hca,Woollahra_DCP_2015__chapter_c3_watsons_bay_hca__D_2 C18,,True
118007,chapter-c3-watsons-bay-hca,Woollahra_DCP_2015__chapter_c3_watsons_bay_hca,Woollahra_DCP_2015__chapter_c3_watsons_bay_hca__D_2 C19,,True
118008,chapter-c3-watsons-bay-hca,Woollahra_DCP_2015__chapter_c3_watsons_bay_hca,Woollahra_DCP_2015__chapter_c3_watsons_bay_hca__D_2 C20,,True
117991,chapter-c3-watsons-bay-hca,Woollahra_DCP_2015__chapter_c3_watsons_bay_hca,Woollahra_DCP_2015__chapter_c3_watsons_bay_hca__D_2 C3,,True
117992,chapter-c3-watsons-bay-hca,Woollahra_DCP_2015__chapter_c3_watsons_bay_hca,Woollahra_DCP_2015__chapter_c3_watsons_bay_hca__D_2 C4,,True
117993,chapter-c3-watsons-bay-hca,Woollahra_DCP_2015__chapter_c3_watsons_bay_hca,Woollahra_DCP_2015__chapter_c3_watsons_bay_hca__D_2 C5,,True
117994,chapter-c3-watsons-bay-hca,Woollahra_DCP_2015__chapter_c3_watsons_bay_hca,Woollahra_DCP_2015__chapter_c3_watsons_bay_hca__D_2 C6,,True
117995,chapter-c3-watsons-bay-hca,Woollahra_DCP_2015__chapter_c3_watsons_bay_hca,Woollahra_DCP_2015__chapter_c3_watsons_bay_hca__D_2 C7,,True
117996,chapter-c3-watsons-bay-hca,Woollahra_DCP_2015__chapter_c3_watsons_bay_hca,Woollahra_DCP_2015__chapter_c3_watsons_bay_hca__D_2 C8,,True
117997,chapter-c3-watsons-bay-hca,Woollahra_DCP_2015__chapter_c3_watsons_bay_hca,Woollahra_DCP_2015__chapter_c3_watsons_bay_hca__D_2 C9,,True
118009,chapter-c3-watsons-bay-hca,Woollahra_DCP_2015__chapter_c3_watsons_bay_hca,Woollahra_DCP_2015__chapter_c3_watsons_bay_hca__D_3 C21,,True
118010,chapter-c3-watsons-bay-hca,Woollahra_DCP_2015__chapter_c3_watsons_bay_hca,Woollahra_DCP_2015__chapter_c3_watsons_bay_hca__D_3 C22,,True
118011,chapter-c3-watsons-bay-hca,Woollahra_DCP_2015__chapter_c3_watsons_bay_hca,Woollahra_DCP_2015__chapter_c3_watsons_bay_hca__D_3 C23,,True
118012,chapter-c3-watsons-bay-hca,Woollahra_DCP_2015__chapter_c3_watsons_bay_hca,Woollahra_DCP_2015__chapter_c3_watsons_bay_hca__D_4 C24,,True
118013,chapter-c3-watsons-bay-hca,Woollahra_DCP_2015__chapter_c3_watsons_bay_hca,Woollahra_DCP_2015__chapter_c3_watsons_bay_hca__D_4 C25,,True
118014,chapter-c3-watsons-bay-hca,Woollahra_DCP_2015__chapter_c3_watsons_bay_hca,Woollahra_DCP_2015__chapter_c3_watsons_bay_hca__D_4 C26,,True
118015,chapter-c3-watsons-bay-hca,Woollahra_DCP_2015__chapter_c3_watsons_bay_hca,Woollahra_DCP_2015__chapter_c3_watsons_bay_hca__D_4 C27,,True
118016,chapter-c3-watsons-bay-hca,Woollahra_DCP_2015__chapter_c3_watsons_bay_hca,Woollahra_DCP_2015__chapter_c3_watsons_bay_hca__D_4 C28,,True
118017,chapter-c3-watsons-bay-hca,Woollahra_DCP_2015__chapter_c3_watsons_bay_hca,Woollahra_DCP_2015__chapter_c3_watsons_bay_hca__D_5_1 C29,,True
118018,chapter-c3-watsons-bay-hca,Woollahra_DCP_2015__chapter_c3_watsons_bay_hca,Woollahra_DCP_2015__chapter_c3_watsons_bay_hca__D_5_1 C30,,True
118019,chapter-c3-watsons-bay-hca,Woollahra_DCP_2015__chapter_c3_watsons_bay_hca,Woollahra_DCP_2015__chapter_c3_watsons_bay_hca__D_5_1 C31,,True
118020,chapter-c3-watsons-bay-hca,Woollahra_DCP_2015__chapter_c3_watsons_bay_hca,Woollahra_DCP_2015__chapter_c3_watsons_bay_hca__D_5_2 C32,,True
118021,chapter-c3-watsons-bay-hca,Woollahra_DCP_2015__chapter_c3_watsons_bay_hca,Woollahra_DCP_2015__chapter_c3_watsons_bay_hca__D_5_3 C33,,True
118022,chapter-c3-watsons-bay-hca,Woollahra_DCP_2015__chapter_c3_watsons_bay_hca,Woollahra_DCP_2015__chapter_c3_watsons_bay_hca__D_5_3 C34,,True
118023,chapter-c3-watsons-bay-hca,Woollahra_DCP_2015__chapter_c3_watsons_bay_hca,Woollahra_DCP_2015__chapter_c3_watsons_bay_hca__D_5_3 C35,,True
118024,chapter-c3-watsons-bay-hca,Woollahra_DCP_2015__chapter_c3_watsons_bay_hca,Woollahra_DCP_2015__chapter_c3_watsons_bay_hca__D_5_3 C36,,True
118025,chapter-c3-watsons-bay-hca,Woollahra_DCP_2015__chapter_c3_watsons_bay_hca,Woollahra_DCP_2015__chapter_c3_watsons_bay_hca__D_5_3 C37,,True
118026,chapter-c3-watsons-bay-hca,Woollahra_DCP_2015__chapter_c3_watsons_bay_hca,Woollahra_DCP_2015__chapter_c3_watsons_bay_hca__D_5_4 C38,,True
118027,chapter-c3-watsons-bay-hca,Woollahra_DCP_2015__chapter_c3_watsons_bay_hca,Woollahra_DCP_2015__chapter_c3_watsons_bay_hca__D_5_5 C39,,True
118028,chapter-c3-watsons-bay-hca,Woollahra_DCP_2015__chapter_c3_watsons_bay_hca,Woollahra_DCP_2015__chapter_c3_watsons_bay_hca__D_6 C40,,True
118029,chapter-c3-watsons-bay-hca,Woollahra_DCP_2015__chapter_c3_watsons_bay_hca,Woollahra_DCP_2015__chapter_c3_watsons_bay_hca__D_6 C41,,True
118030,chapter-c3-watsons-bay-hca,Woollahra_DCP_2015__chapter_c3_watsons_bay_hca,Woollahra_DCP_2015__chapter_c3_watsons_bay_hca__D_6 C42,,True
118031,chapter-c3-watsons-bay-hca,Woollahra_DCP_2015__chapter_c3_watsons_bay_hca,Woollahra_DCP_2015__chapter_c3_watsons_bay_hca__D_6 C43,,True
118032,chapter-c3-watsons-bay-hca,Woollahra_DCP_2015__chapter_c3_watsons_bay_hca,Woollahra_DCP_2015__chapter_c3_watsons_bay_hca__D_7 C44,,True
118033,chapter-c3-watsons-bay-hca,Woollahra_DCP_2015__chapter_c3_watsons_bay_hca,Woollahra_DCP_2015__chapter_c3_watsons_bay_hca__D_7 C45,,True
118034,chapter-c3-watsons-bay-hca,Woollahra_DCP_2015__chapter_c3_watsons_bay_hca,Woollahra_DCP_2015__chapter_c3_watsons_bay_hca__D_8 C46,,True
118035,chapter-c3-watsons-bay-hca,Woollahra_DCP_2015__chapter_c3_watsons_bay_hca,Woollahra_DCP_2015__chapter_c3_watsons_bay_hca__D_8 C47,,True
118036,chapter-c3-watsons-bay-hca,Woollahra_DCP_2015__chapter_c3_watsons_bay_hca,Woollahra_DCP_2015__chapter_c3_watsons_bay_hca__D_8 C48,,True
118037,chapter-c3-watsons-bay-hca,Woollahra_DCP_2015__chapter_c3_watsons_bay_hca,Woollahra_DCP_2015__chapter_c3_watsons_bay_hca__D_9 C49,,True
118038,chapter-c3-watsons-bay-hca,Woollahra_DCP_2015__chapter_c3_watsons_bay_hca,Woollahra_DCP_2015__chapter_c3_watsons_bay_hca__E_1 C1,,True
118039,chapter-c3-watsons-bay-hca,Woollahra_DCP_2015__chapter_c3_watsons_bay_hca,Woollahra_DCP_2015__chapter_c3_watsons_bay_hca__E_1 C2,,True
118040,chapter-c3-watsons-bay-hca,Woollahra_DCP_2015__chapter_c3_watsons_bay_hca,Woollahra_DCP_2015__chapter_c3_watsons_bay_hca__E_1 C3,,True
118041,chapter-c3-watsons-bay-hca,Woollahra_DCP_2015__chapter_c3_watsons_bay_hca,Woollahra_DCP_2015__chapter_c3_watsons_bay_hca__E_1 C4,,True
118042,chapter-c3-watsons-bay-hca,Woollahra_DCP_2015__chapter_c3_watsons_bay_hca,Woollahra_DCP_2015__chapter_c3_watsons_bay_hca__E_2 C5,,True
118043,chapter-c3-watsons-bay-hca,Woollahra_DCP_2015__chapter_c3_watsons_bay_hca,Woollahra_DCP_2015__chapter_c3_watsons_bay_hca__E_2 C6,,True
118044,chapter-c3-watsons-bay-hca,Woollahra_DCP_2015__chapter_c3_watsons_bay_hca,Woollahra_DCP_2015__chapter_c3_watsons_bay_hca__E_3 C7,,True
118045,chapter-c3-watsons-bay-hca,Woollahra_DCP_2015__chapter_c3_watsons_bay_hca,Woollahra_DCP_2015__chapter_c3_watsons_bay_hca__E_3 C8,,True
118046,chapter-c3-watsons-bay-hca,Woollahra_DCP_2015__chapter_c3_watsons_bay_hca,Woollahra_DCP_2015__chapter_c3_watsons_bay_hca__E_3 C9,,True
118047,chapter-c3-watsons-bay-hca,Woollahra_DCP_2015__chapter_c3_watsons_bay_hca,Woollahra_DCP_2015__chapter_c3_watsons_bay_hca__E_4 C10,,True
118048,chapter-c3-watsons-bay-hca,Woollahra_DCP_2015__chapter_c3_watsons_bay_hca,Woollahra_DCP_2015__chapter_c3_watsons_bay_hca__E_4 C11,,True
118049,chapter-c3-watsons-bay-hca,Woollahra_DCP_2015__chapter_c3_watsons_bay_hca,Woollahra_DCP_2015__chapter_c3_watsons_bay_hca__E_5_1 C12,,True
118050,chapter-c3-watsons-bay-hca,Woollahra_DCP_2015__chapter_c3_watsons_bay_hca,Woollahra_DCP_2015__chapter_c3_watsons_bay_hca__E_5_1 C13,,True
118051,chapter-c3-watsons-bay-hca,Woollahra_DCP_2015__chapter_c3_watsons_bay_hca,Woollahra_DCP_2015__chapter_c3_watsons_bay_hca__E_5_1 C14,,True
118052,chapter-c3-watsons-bay-hca,Woollahra_DCP_2015__chapter_c3_watsons_bay_hca,Woollahra_DCP_2015__chapter_c3_watsons_bay_hca__E_5_1 C15,,True
118053,chapter-c3-watsons-bay-hca,Woollahra_DCP_2015__chapter_c3_watsons_bay_hca,Woollahra_DCP_2015__chapter_c3_watsons_bay_hca__E_5_2 C16,,True
118054,chapter-c3-watsons-bay-hca,Woollahra_DCP_2015__chapter_c3_watsons_bay_hca,Woollahra_DCP_2015__chapter_c3_watsons_bay_hca__E_5_2 C17,,True
118055,chapter-c3-watsons-bay-hca,Woollahra_DCP_2015__chapter_c3_watsons_bay_hca,Woollahra_DCP_2015__chapter_c3_watsons_bay_hca__E_5_2 C18,,True
118056,chapter-c3-watsons-bay-hca,Woollahra_DCP_2015__chapter_c3_watsons_bay_hca,Woollahra_DCP_2015__chapter_c3_watsons_bay_hca__E_5_2 C19,,True
118057,chapter-c3-watsons-bay-hca,Woollahra_DCP_2015__chapter_c3_watsons_bay_hca,Woollahra_DCP_2015__chapter_c3_watsons_bay_hca__E_5_2 C20,,True
118058,chapter-c3-watsons-bay-hca,Woollahra_DCP_2015__chapter_c3_watsons_bay_hca,Woollahra_DCP_2015__chapter_c3_watsons_bay_hca__E_5_3 C21,,True
118059,chapter-c3-watsons-bay-hca,Woollahra_DCP_2015__chapter_c3_watsons_bay_hca,Woollahra_DCP_2015__chapter_c3_watsons_bay_hca__E_5_3 C22,,True
118060,chapter-c3-watsons-bay-hca,Woollahra_DCP_2015__chapter_c3_watsons_bay_hca,Woollahra_DCP_2015__chapter_c3_watsons_bay_hca__E_5_3 C23,,True
118061,chapter-c3-watsons-bay-hca,Woollahra_DCP_2015__chapter_c3_watsons_bay_hca,Woollahra_DCP_2015__chapter_c3_watsons_bay_hca__E_5_3 C24,,True
118062,chapter-c3-watsons-bay-hca,Woollahra_DCP_2015__chapter_c3_watsons_bay_hca,Woollahra_DCP_2015__chapter_c3_watsons_bay_hca__E_5_4 C25,,True
118063,chapter-c3-watsons-bay-hca,Woollahra_DCP_2015__chapter_c3_watsons_bay_hca,Woollahra_DCP_2015__chapter_c3_watsons_bay_hca__E_5_4 C26,,True
118064,chapter-c3-watsons-bay-hca,Woollahra_DCP_2015__chapter_c3_watsons_bay_hca,Woollahra_DCP_2015__chapter_c3_watsons_bay_hca__E_5_5 C27,,True
118065,chapter-c3-watsons-bay-hca,Woollahra_DCP_2015__chapter_c3_watsons_bay_hca,Woollahra_DCP_2015__chapter_c3_watsons_bay_hca__E_6 C28,,True
118066,chapter-c3-watsons-bay-hca,Woollahra_DCP_2015__chapter_c3_watsons_bay_hca,Woollahra_DCP_2015__chapter_c3_watsons_bay_hca__E_6 C29,,True
118067,chapter-c3-watsons-bay-hca,Woollahra_DCP_2015__chapter_c3_watsons_bay_hca,Woollahra_DCP_2015__chapter_c3_watsons_bay_hca__E_6 C30,,True
118068,chapter-c3-watsons-bay-hca,Woollahra_DCP_2015__chapter_c3_watsons_bay_hca,Woollahra_DCP_2015__chapter_c3_watsons_bay_hca__E_7 C31,,True
118069,chapter-c3-watsons-bay-hca,Woollahra_DCP_2015__chapter_c3_watsons_bay_hca,Woollahra_DCP_2015__chapter_c3_watsons_bay_hca__E_7 C32,,True
118070,chapter-c3-watsons-bay-hca,Woollahra_DCP_2015__chapter_c3_watsons_bay_hca,Woollahra_DCP_2015__chapter_c3_watsons_bay_hca__E_7 C33,,True
118071,chapter-c3-watsons-bay-hca,Woollahra_DCP_2015__chapter_c3_watsons_bay_hca,Woollahra_DCP_2015__chapter_c3_watsons_bay_hca__E_8 C34,,True
118072,chapter-c3-watsons-bay-hca,Woollahra_DCP_2015__chapter_c3_watsons_bay_hca,Woollahra_DCP_2015__chapter_c3_watsons_bay_hca__E_8 C35,,True
118073,chapter-c3-watsons-bay-hca,Woollahra_DCP_2015__chapter_c3_watsons_bay_hca,Woollahra_DCP_2015__chapter_c3_watsons_bay_hca__F_1 C1,,True
118074,chapter-c3-watsons-bay-hca,Woollahra_DCP_2015__chapter_c3_watsons_bay_hca,Woollahra_DCP_2015__chapter_c3_watsons_bay_hca__F_2 C2,,True
118075,chapter-c3-watsons-bay-hca,Woollahra_DCP_2015__chapter_c3_watsons_bay_hca,Woollahra_DCP_2015__chapter_c3_watsons_bay_hca__F_2 C3,,True
118076,chapter-c3-watsons-bay-hca,Woollahra_DCP_2015__chapter_c3_watsons_bay_hca,Woollahra_DCP_2015__chapter_c3_watsons_bay_hca__F_2 C4,,True
118077,chapter-c3-watsons-bay-hca,Woollahra_DCP_2015__chapter_c3_watsons_bay_hca,Woollahra_DCP_2015__chapter_c3_watsons_bay_hca__F_2 C5,,True
118078,chapter-c3-watsons-bay-hca,Woollahra_DCP_2015__chapter_c3_watsons_bay_hca,Woollahra_DCP_2015__chapter_c3_watsons_bay_hca__F_3 C6,,True
118079,chapter-c3-watsons-bay-hca,Woollahra_DCP_2015__chapter_c3_watsons_bay_hca,Woollahra_DCP_2015__chapter_c3_watsons_bay_hca__F_4 C7,,True
118080,chapter-c3-watsons-bay-hca,Woollahra_DCP_2015__chapter_c3_watsons_bay_hca,Woollahra_DCP_2015__chapter_c3_watsons_bay_hca__F_4 C8,,True
118081,chapter-c3-watsons-bay-hca,Woollahra_DCP_2015__chapter_c3_watsons_bay_hca,Woollahra_DCP_2015__chapter_c3_watsons_bay_hca__F_4 C9,,True
118082,chapter-c3-watsons-bay-hca,Woollahra_DCP_2015__chapter_c3_watsons_bay_hca,Woollahra_DCP_2015__chapter_c3_watsons_bay_hca__F_5_1 C10,,True
118083,chapter-c3-watsons-bay-hca,Woollahra_DCP_2015__chapter_c3_watsons_bay_hca,Woollahra_DCP_2015__chapter_c3_watsons_bay_hca__F_5_1 C11,,True
118084,chapter-c3-watsons-bay-hca,Woollahra_DCP_2015__chapter_c3_watsons_bay_hca,Woollahra_DCP_2015__chapter_c3_watsons_bay_hca__F_5_2 C12,,True
118085,chapter-c3-watsons-bay-hca,Woollahra_DCP_2015__chapter_c3_watsons_bay_hca,Woollahra_DCP_2015__chapter_c3_watsons_bay_hca__F_5_3 C13,,True
118086,chapter-c3-watsons-bay-hca,Woollahra_DCP_2015__chapter_c3_watsons_bay_hca,Woollahra_DCP_2015__chapter_c3_watsons_bay_hca__F_5_5 C14,,True
118087,chapter-c3-watsons-bay-hca,Woollahra_DCP_2015__chapter_c3_watsons_bay_hca,Woollahra_DCP_2015__chapter_c3_watsons_bay_hca__F_6 C15,,True
118088,chapter-c3-watsons-bay-hca,Woollahra_DCP_2015__chapter_c3_watsons_bay_hca,Woollahra_DCP_2015__chapter_c3_watsons_bay_hca__F_6 C16,,True
118089,chapter-c3-watsons-bay-hca,Woollahra_DCP_2015__chapter_c3_watsons_bay_hca,Woollahra_DCP_2015__chapter_c3_watsons_bay_hca__F_7 C17,,True
118090,chapter-c3-watsons-bay-hca,Woollahra_DCP_2015__chapter_c3_watsons_bay_hca,Woollahra_DCP_2015__chapter_c3_watsons_bay_hca__F_7 C18,,True
118091,chapter-c3-watsons-bay-hca,Woollahra_DCP_2015__chapter_c3_watsons_bay_hca,Woollahra_DCP_2015__chapter_c3_watsons_bay_hca__F_7 C19,,True
118092,chapter-c3-watsons-bay-hca,Woollahra_DCP_2015__chapter_c3_watsons_bay_hca,Woollahra_DCP_2015__chapter_c3_watsons_bay_hca__F_7 C20,,True
118093,chapter-c3-watsons-bay-hca,Woollahra_DCP_2015__chapter_c3_watsons_bay_hca,Woollahra_DCP_2015__chapter_c3_watsons_bay_hca__F_8 C21,,True
118094,chapter-c3-watsons-bay-hca,Woollahra_DCP_2015__chapter_c3_watsons_bay_hca,Woollahra_DCP_2015__chapter_c3_watsons_bay_hca__F_8 C22,,True
118095,chapter-c3-watsons-bay-hca,Woollahra_DCP_2015__chapter_c3_watsons_bay_hca,Woollahra_DCP_2015__chapter_c3_watsons_bay_hca__G_1 C1,,True
118096,chapter-c3-watsons-bay-hca,Woollahra_DCP_2015__chapter_c3_watsons_bay_hca,Woollahra_DCP_2015__chapter_c3_watsons_bay_hca__G_1 C2,,True
118140,chapter-c3-watsons-bay-hca,Woollahra_DCP_2015__chapter_c3_watsons_bay_hca,Woollahra_DCP_2015__chapter_c3_watsons_bay_hca__G_10 C46,,True
118141,chapter-c3-watsons-bay-hca,Woollahra_DCP_2015__chapter_c3_watsons_bay_hca,Woollahra_DCP_2015__chapter_c3_watsons_bay_hca__G_10 C47,,True
118104,chapter-c3-watsons-bay-hca,Woollahra_DCP_2015__chapter_c3_watsons_bay_hca,Woollahra_DCP_2015__chapter_c3_watsons_bay_hca__G_2 C10,,True
118105,chapter-c3-watsons-bay-hca,Woollahra_DCP_2015__chapter_c3_watsons_bay_hca,Woollahra_DCP_2015__chapter_c3_watsons_bay_hca__G_2 C11,,True
118097,chapter-c3-watsons-bay-hca,Woollahra_DCP_2015__chapter_c3_watsons_bay_hca,Woollahra_DCP_2015__chapter_c3_watsons_bay_hca__G_2 C3,,True
118098,chapter-c3-watsons-bay-hca,Woollahra_DCP_2015__chapter_c3_watsons_bay_hca,Woollahra_DCP_2015__chapter_c3_watsons_bay_hca__G_2 C4,,True
118099,chapter-c3-watsons-bay-hca,Woollahra_DCP_2015__chapter_c3_watsons_bay_hca,Woollahra_DCP_2015__chapter_c3_watsons_bay_hca__G_2 C5,,True
118100,chapter-c3-watsons-bay-hca,Woollahra_DCP_2015__chapter_c3_watsons_bay_hca,Woollahra_DCP_2015__chapter_c3_watsons_bay_hca__G_2 C6,,True
118101,chapter-c3-watsons-bay-hca,Woollahra_DCP_2015__chapter_c3_watsons_bay_hca,Woollahra_DCP_2015__chapter_c3_watsons_bay_hca__G_2 C7,,True
118102,chapter-c3-watsons-bay-hca,Woollahra_DCP_2015__chapter_c3_watsons_bay_hca,Woollahra_DCP_2015__chapter_c3_watsons_bay_hca__G_2 C8,,True
118103,chapter-c3-watsons-bay-hca,Woollahra_DCP_2015__chapter_c3_watsons_bay_hca,Woollahra_DCP_2015__chapter_c3_watsons_bay_hca__G_2 C9,,True
118106,chapter-c3-watsons-bay-hca,Woollahra_DCP_2015__chapter_c3_watsons_bay_hca,Woollahra_DCP_2015__chapter_c3_watsons_bay_hca__G_3 C12,,True
118107,chapter-c3-watsons-bay-hca,Woollahra_DCP_2015__chapter_c3_watsons_bay_hca,Woollahra_DCP_2015__chapter_c3_watsons_bay_hca__G_3 C13,,True
118108,chapter-c3-watsons-bay-hca,Woollahra_DCP_2015__chapter_c3_watsons_bay_hca,Woollahra_DCP_2015__chapter_c3_watsons_bay_hca__G_3 C14,,True
118109,chapter-c3-watsons-bay-hca,Woollahra_DCP_2015__chapter_c3_watsons_bay_hca,Woollahra_DCP_2015__chapter_c3_watsons_bay_hca__G_3 C15,,True
118110,chapter-c3-watsons-bay-hca,Woollahra_DCP_2015__chapter_c3_watsons_bay_hca,Woollahra_DCP_2015__chapter_c3_watsons_bay_hca__G_3 C16,,True
118111,chapter-c3-watsons-bay-hca,Woollahra_DCP_2015__chapter_c3_watsons_bay_hca,Woollahra_DCP_2015__chapter_c3_watsons_bay_hca__G_3 C17,,True
118112,chapter-c3-watsons-bay-hca,Woollahra_DCP_2015__chapter_c3_watsons_bay_hca,Woollahra_DCP_2015__chapter_c3_watsons_bay_hca__G_3 C18,,True
118113,chapter-c3-watsons-bay-hca,Woollahra_DCP_2015__chapter_c3_watsons_bay_hca,Woollahra_DCP_2015__chapter_c3_watsons_bay_hca__G_3 C19,,True
118114,chapter-c3-watsons-bay-hca,Woollahra_DCP_2015__chapter_c3_watsons_bay_hca,Woollahra_DCP_2015__chapter_c3_watsons_bay_hca__G_4 C20,,True
118115,chapter-c3-watsons-bay-hca,Woollahra_DCP_2015__chapter_c3_watsons_bay_hca,Woollahra_DCP_2015__chapter_c3_watsons_bay_hca__G_5 C21,,True
118116,chapter-c3-watsons-bay-hca,Woollahra_DCP_2015__chapter_c3_watsons_bay_hca,Woollahra_DCP_2015__chapter_c3_watsons_bay_hca__G_5 C22,,True
118117,chapter-c3-watsons-bay-hca,Woollahra_DCP_2015__chapter_c3_watsons_bay_hca,Woollahra_DCP_2015__chapter_c3_watsons_bay_hca__G_6 C23,,True
118118,chapter-c3-watsons-bay-hca,Woollahra_DCP_2015__chapter_c3_watsons_bay_hca,Woollahra_DCP_2015__chapter_c3_watsons_bay_hca__G_6 C24,,True
118119,chapter-c3-watsons-bay-hca,Woollahra_DCP_2015__chapter_c3_watsons_bay_hca,Woollahra_DCP_2015__chapter_c3_watsons_bay_hca__G_7_1 C25,,True
118120,chapter-c3-watsons-bay-hca,Woollahra_DCP_2015__chapter_c3_watsons_bay_hca,Woollahra_DCP_2015__chapter_c3_watsons_bay_hca__G_7_1 C26,,True
118121,chapter-c3-watsons-bay-hca,Woollahra_DCP_2015__chapter_c3_watsons_bay_hca,Woollahra_DCP_2015__chapter_c3_watsons_bay_hca__G_7_1 C27,,True
118122,chapter-c3-watsons-bay-hca,Woollahra_DCP_2015__chapter_c3_watsons_bay_hca,Woollahra_DCP_2015__chapter_c3_watsons_bay_hca__G_7_1 C28,,True
118123,chapter-c3-watsons-bay-hca,Woollahra_DCP_2015__chapter_c3_watsons_bay_hca,Woollahra_DCP_2015__chapter_c3_watsons_bay_hca__G_7_1 C29,,True
118124,chapter-c3-watsons-bay-hca,Woollahra_DCP_2015__chapter_c3_watsons_bay_hca,Woollahra_DCP_2015__chapter_c3_watsons_bay_hca__G_7_2 C30,,True
118125,chapter-c3-watsons-bay-hca,Woollahra_DCP_2015__chapter_c3_watsons_bay_hca,Woollahra_DCP_2015__chapter_c3_watsons_bay_hca__G_7_2 C31,,True
118126,chapter-c3-watsons-bay-hca,Woollahra_DCP_2015__chapter_c3_watsons_bay_hca,Woollahra_DCP_2015__chapter_c3_watsons_bay_hca__G_7_3 C32,,True
118127,chapter-c3-watsons-bay-hca,Woollahra_DCP_2015__chapter_c3_watsons_bay_hca,Woollahra_DCP_2015__chapter_c3_watsons_bay_hca__G_7_3 C33,,True
118128,chapter-c3-watsons-bay-hca,Woollahra_DCP_2015__chapter_c3_watsons_bay_hca,Woollahra_DCP_2015__chapter_c3_watsons_bay_hca__G_7_3 C34,,True
118129,chapter-c3-watsons-bay-hca,Woollahra_DCP_2015__chapter_c3_watsons_bay_hca,Woollahra_DCP_2015__chapter_c3_watsons_bay_hca__G_7_4 C35,,True
118130,chapter-c3-watsons-bay-hca,Woollahra_DCP_2015__chapter_c3_watsons_bay_hca,Woollahra_DCP_2015__chapter_c3_watsons_bay_hca__G_7_4 C36,,True
118131,chapter-c3-watsons-bay-hca,Woollahra_DCP_2015__chapter_c3_watsons_bay_hca,Woollahra_DCP_2015__chapter_c3_watsons_bay_hca__G_7_5 C37,,True
118132,chapter-c3-watsons-bay-hca,Woollahra_DCP_2015__chapter_c3_watsons_bay_hca,Woollahra_DCP_2015__chapter_c3_watsons_bay_hca__G_8 C38,,True
118133,chapter-c3-watsons-bay-hca,Woollahra_DCP_2015__chapter_c3_watsons_bay_hca,Woollahra_DCP_2015__chapter_c3_watsons_bay_hca__G_8 C39,,True
118134,chapter-c3-watsons-bay-hca,Woollahra_DCP_2015__chapter_c3_watsons_bay_hca,Woollahra_DCP_2015__chapter_c3_watsons_bay_hca__G_8 C40,,True
118135,chapter-c3-watsons-bay-hca,Woollahra_DCP_2015__chapter_c3_watsons_bay_hca,Woollahra_DCP_2015__chapter_c3_watsons_bay_hca__G_9 C41,,True
118136,chapter-c3-watsons-bay-hca,Woollahra_DCP_2015__chapter_c3_watsons_bay_hca,Woollahra_DCP_2015__chapter_c3_watsons_bay_hca__G_9 C42,,True
118137,chapter-c3-watsons-bay-hca,Woollahra_DCP_2015__chapter_c3_watsons_bay_hca,Woollahra_DCP_2015__chapter_c3_watsons_bay_hca__G_9 C43,,True
118138,chapter-c3-watsons-bay-hca,Woollahra_DCP_2015__chapter_c3_watsons_bay_hca,Woollahra_DCP_2015__chapter_c3_watsons_bay_hca__G_9 C44,,True
118139,chapter-c3-watsons-bay-hca,Woollahra_DCP_2015__chapter_c3_watsons_bay_hca,Woollahra_DCP_2015__chapter_c3_watsons_bay_hca__G_9 C45,,True
118142,chapter-c3-watsons-bay-hca,Woollahra_DCP_2015__chapter_c3_watsons_bay_hca,Woollahra_DCP_2015__chapter_c3_watsons_bay_hca__H_1 C1,,True
118143,chapter-c3-watsons-bay-hca,Woollahra_DCP_2015__chapter_c3_watsons_bay_hca,Woollahra_DCP_2015__chapter_c3_watsons_bay_hca__H_1 C2,,True
118144,chapter-c3-watsons-bay-hca,Woollahra_DCP_2015__chapter_c3_watsons_bay_hca,Woollahra_DCP_2015__chapter_c3_watsons_bay_hca__H_1 C3,,True
118145,chapter-c3-watsons-bay-hca,Woollahra_DCP_2015__chapter_c3_watsons_bay_hca,Woollahra_DCP_2015__chapter_c3_watsons_bay_hca__H_2 C4,,True
118146,chapter-c3-watsons-bay-hca,Woollahra_DCP_2015__chapter_c3_watsons_bay_hca,Woollahra_DCP_2015__chapter_c3_watsons_bay_hca__H_2 C5,,True
118147,chapter-c3-watsons-bay-hca,Woollahra_DCP_2015__chapter_c3_watsons_bay_hca,Woollahra_DCP_2015__chapter_c3_watsons_bay_hca__H_2 C6,,True
118148,chapter-c3-watsons-bay-hca,Woollahra_DCP_2015__chapter_c3_watsons_bay_hca,Woollahra_DCP_2015__chapter_c3_watsons_bay_hca__H_2 C7,,True
118149,chapter-c3-watsons-bay-hca,Woollahra_DCP_2015__chapter_c3_watsons_bay_hca,Woollahra_DCP_2015__chapter_c3_watsons_bay_hca__H_2 C8,,True
118150,chapter-c3-watsons-bay-hca,Woollahra_DCP_2015__chapter_c3_watsons_bay_hca,Woollahra_DCP_2015__chapter_c3_watsons_bay_hca__H_2 C9,,True
118151,chapter-c3-watsons-bay-hca,Woollahra_DCP_2015__chapter_c3_watsons_bay_hca,Woollahra_DCP_2015__chapter_c3_watsons_bay_hca__H_3 C10,,True
118152,chapter-c3-watsons-bay-hca,Woollahra_DCP_2015__chapter_c3_watsons_bay_hca,Woollahra_DCP_2015__chapter_c3_watsons_bay_hca__H_3 C11,,True
118153,chapter-c3-watsons-bay-hca,Woollahra_DCP_2015__chapter_c3_watsons_bay_hca,Woollahra_DCP_2015__chapter_c3_watsons_bay_hca__H_3 C12,,True
118154,chapter-c3-watsons-bay-hca,Woollahra_DCP_2015__chapter_c3_watsons_bay_hca,Woollahra_DCP_2015__chapter_c3_watsons_bay_hca__H_3 C13,,True
118155,chapter-c3-watsons-bay-hca,Woollahra_DCP_2015__chapter_c3_watsons_bay_hca,Woollahra_DCP_2015__chapter_c3_watsons_bay_hca__H_3 C14,,True
118156,chapter-c3-watsons-bay-hca,Woollahra_DCP_2015__chapter_c3_watsons_bay_hca,Woollahra_DCP_2015__chapter_c3_watsons_bay_hca__H_4 C15,,True
118157,chapter-c3-watsons-bay-hca,Woollahra_DCP_2015__chapter_c3_watsons_bay_hca,Woollahra_DCP_2015__chapter_c3_watsons_bay_hca__H_4 C16,,True
118158,chapter-c3-watsons-bay-hca,Woollahra_DCP_2015__chapter_c3_watsons_bay_hca,Woollahra_DCP_2015__chapter_c3_watsons_bay_hca__H_5_1 C17,,True
118159,chapter-c3-watsons-bay-hca,Woollahra_DCP_2015__chapter_c3_watsons_bay_hca,Woollahra_DCP_2015__chapter_c3_watsons_bay_hca__H_5_1 C18,,True
118160,chapter-c3-watsons-bay-hca,Woollahra_DCP_2015__chapter_c3_watsons_bay_hca,Woollahra_DCP_2015__chapter_c3_watsons_bay_hca__H_5_1 C19,,True
118161,chapter-c3-watsons-bay-hca,Woollahra_DCP_2015__chapter_c3_watsons_bay_hca,Woollahra_DCP_2015__chapter_c3_watsons_bay_hca__H_5_2 C20,,True
118162,chapter-c3-watsons-bay-hca,Woollahra_DCP_2015__chapter_c3_watsons_bay_hca,Woollahra_DCP_2015__chapter_c3_watsons_bay_hca__H_5_3 C21,,True
118163,chapter-c3-watsons-bay-hca,Woollahra_DCP_2015__chapter_c3_watsons_bay_hca,Woollahra_DCP_2015__chapter_c3_watsons_bay_hca__H_5_3 C22,,True
118164,chapter-c3-watsons-bay-hca,Woollahra_DCP_2015__chapter_c3_watsons_bay_hca,Woollahra_DCP_2015__chapter_c3_watsons_bay_hca__H_5_4 C23,,True
118165,chapter-c3-watsons-bay-hca,Woollahra_DCP_2015__chapter_c3_watsons_bay_hca,Woollahra_DCP_2015__chapter_c3_watsons_bay_hca__H_5_5 C24,,True
118166,chapter-c3-watsons-bay-hca,Woollahra_DCP_2015__chapter_c3_watsons_bay_hca,Woollahra_DCP_2015__chapter_c3_watsons_bay_hca__H_6 C25,,True
118167,chapter-c3-watsons-bay-hca,Woollahra_DCP_2015__chapter_c3_watsons_bay_hca,Woollahra_DCP_2015__chapter_c3_watsons_bay_hca__H_6 C26,,True
118168,chapter-c3-watsons-bay-hca,Woollahra_DCP_2015__chapter_c3_watsons_bay_hca,Woollahra_DCP_2015__chapter_c3_watsons_bay_hca__H_7 C27,,True
118169,chapter-c3-watsons-bay-hca,Woollahra_DCP_2015__chapter_c3_watsons_bay_hca,Woollahra_DCP_2015__chapter_c3_watsons_bay_hca__H_7 C28,,True
118170,chapter-c3-watsons-bay-hca,Woollahra_DCP_2015__chapter_c3_watsons_bay_hca,Woollahra_DCP_2015__chapter_c3_watsons_bay_hca__H_7 C29,,True
118171,chapter-c3-watsons-bay-hca,Woollahra_DCP_2015__chapter_c3_watsons_bay_hca,Woollahra_DCP_2015__chapter_c3_watsons_bay_hca__H_7 C30,,True
118172,chapter-c3-watsons-bay-hca,Woollahra_DCP_2015__chapter_c3_watsons_bay_hca,Woollahra_DCP_2015__chapter_c3_watsons_bay_hca__H_7 C31,,True
118173,chapter-c3-watsons-bay-hca,Woollahra_DCP_2015__chapter_c3_watsons_bay_hca,Woollahra_DCP_2015__chapter_c3_watsons_bay_hca__H_7 C32,,True
118174,chapter-c3-watsons-bay-hca,Woollahra_DCP_2015__chapter_c3_watsons_bay_hca,Woollahra_DCP_2015__chapter_c3_watsons_bay_hca__H_7 C33,,True
118175,chapter-c3-watsons-bay-hca,Woollahra_DCP_2015__chapter_c3_watsons_bay_hca,Woollahra_DCP_2015__chapter_c3_watsons_bay_hca__H_7 C34,,True
118176,chapter-c3-watsons-bay-hca,Woollahra_DCP_2015__chapter_c3_watsons_bay_hca,Woollahra_DCP_2015__chapter_c3_watsons_bay_hca__H_8 C35,,True
118177,chapter-c3-watsons-bay-hca,Woollahra_DCP_2015__chapter_c3_watsons_bay_hca,Woollahra_DCP_2015__chapter_c3_watsons_bay_hca__H_8 C36,,True
118178,chapter-c3-watsons-bay-hca,Woollahra_DCP_2015__chapter_c3_watsons_bay_hca,Woollahra_DCP_2015__chapter_c3_watsons_bay_hca__H_8 C37,,True
118179,chapter-c3-watsons-bay-hca,Woollahra_DCP_2015__chapter_c3_watsons_bay_hca,Woollahra_DCP_2015__chapter_c3_watsons_bay_hca__H_9 C38,,True
118180,chapter-c3-watsons-bay-hca,Woollahra_DCP_2015__chapter_c3_watsons_bay_hca,Woollahra_DCP_2015__chapter_c3_watsons_bay_hca__J_1 C1,,True
118181,chapter-c3-watsons-bay-hca,Woollahra_DCP_2015__chapter_c3_watsons_bay_hca,Woollahra_DCP_2015__chapter_c3_watsons_bay_hca__J_1 C2,,True
118182,chapter-c3-watsons-bay-hca,Woollahra_DCP_2015__chapter_c3_watsons_bay_hca,Woollahra_DCP_2015__chapter_c3_watsons_bay_hca__J_1 C3,,True
118183,chapter-c3-watsons-bay-hca,Woollahra_DCP_2015__chapter_c3_watsons_bay_hca,Woollahra_DCP_2015__chapter_c3_watsons_bay_hca__J_1 C4,,True
118184,chapter-c3-watsons-bay-hca,Woollahra_DCP_2015__chapter_c3_watsons_bay_hca,Woollahra_DCP_2015__chapter_c3_watsons_bay_hca__J_1 C5,,True
118185,chapter-c3-watsons-bay-hca,Woollahra_DCP_2015__chapter_c3_watsons_bay_hca,Woollahra_DCP_2015__chapter_c3_watsons_bay_hca__J_1 C6,,True
118186,chapter-c3-watsons-bay-hca,Woollahra_DCP_2015__chapter_c3_watsons_bay_hca,Woollahra_DCP_2015__chapter_c3_watsons_bay_hca__J_1 C7,,True
118219,chapter-c3-watsons-bay-hca,Woollahra_DCP_2015__chapter_c3_watsons_bay_hca,Woollahra_DCP_2015__chapter_c3_watsons_bay_hca__J_10 C40,,True
118189,chapter-c3-watsons-bay-hca,Woollahra_DCP_2015__chapter_c3_watsons_bay_hca,Woollahra_DCP_2015__chapter_c3_watsons_bay_hca__J_2 C10,,True
118187,chapter-c3-watsons-bay-hca,Woollahra_DCP_2015__chapter_c3_watsons_bay_hca,Woollahra_DCP_2015__chapter_c3_watsons_bay_hca__J_2 C8,,True
118188,chapter-c3-watsons-bay-hca,Woollahra_DCP_2015__chapter_c3_watsons_bay_hca,Woollahra_DCP_2015__chapter_c3_watsons_bay_hca__J_2 C9,,True
118190,chapter-c3-watsons-bay-hca,Woollahra_DCP_2015__chapter_c3_watsons_bay_hca,Woollahra_DCP_2015__chapter_c3_watsons_bay_hca__J_3 C11,,True
118191,chapter-c3-watsons-bay-hca,Woollahra_DCP_2015__chapter_c3_watsons_bay_hca,Woollahra_DCP_2015__chapter_c3_watsons_bay_hca__J_3 C12,,True
118192,chapter-c3-watsons-bay-hca,Woollahra_DCP_2015__chapter_c3_watsons_bay_hca,Woollahra_DCP_2015__chapter_c3_watsons_bay_hca__J_3 C13,,True
118193,chapter-c3-watsons-bay-hca,Woollahra_DCP_2015__chapter_c3_watsons_bay_hca,Woollahra_DCP_2015__chapter_c3_watsons_bay_hca__J_4 C14,,True
118194,chapter-c3-watsons-bay-hca,Woollahra_DCP_2015__chapter_c3_watsons_bay_hca,Woollahra_DCP_2015__chapter_c3_watsons_bay_hca__J_5 C15,,True
118195,chapter-c3-watsons-bay-hca,Woollahra_DCP_2015__chapter_c3_watsons_bay_hca,Woollahra_DCP_2015__chapter_c3_watsons_bay_hca__J_5 C16,,True
118196,chapter-c3-watsons-bay-hca,Woollahra_DCP_2015__chapter_c3_watsons_bay_hca,Woollahra_DCP_2015__chapter_c3_watsons_bay_hca__J_6_1 C17,,True
118197,chapter-c3-watsons-bay-hca,Woollahra_DCP_2015__chapter_c3_watsons_bay_hca,Woollahra_DCP_2015__chapter_c3_watsons_bay_hca__J_6_1 C18,,True
118198,chapter-c3-watsons-bay-hca,Woollahra_DCP_2015__chapter_c3_watsons_bay_hca,Woollahra_DCP_2015__chapter_c3_watsons_bay_hca__J_6_1 C19,,True
118199,chapter-c3-watsons-bay-hca,Woollahra_DCP_2015__chapter_c3_watsons_bay_hca,Woollahra_DCP_2015__chapter_c3_watsons_bay_hca__J_6_2 C20,,True
118200,chapter-c3-watsons-bay-hca,Woollahra_DCP_2015__chapter_c3_watsons_bay_hca,Woollahra_DCP_2015__chapter_c3_watsons_bay_hca__J_6_3 C21,,True
118201,chapter-c3-watsons-bay-hca,Woollahra_DCP_2015__chapter_c3_watsons_bay_hca,Woollahra_DCP_2015__chapter_c3_watsons_bay_hca__J_6_3 C22,,True
118202,chapter-c3-watsons-bay-hca,Woollahra_DCP_2015__chapter_c3_watsons_bay_hca,Woollahra_DCP_2015__chapter_c3_watsons_bay_hca__J_6_3 C23,,True
118203,chapter-c3-watsons-bay-hca,Woollahra_DCP_2015__chapter_c3_watsons_bay_hca,Woollahra_DCP_2015__chapter_c3_watsons_bay_hca__J_6_4 C24,,True
118204,chapter-c3-watsons-bay-hca,Woollahra_DCP_2015__chapter_c3_watsons_bay_hca,Woollahra_DCP_2015__chapter_c3_watsons_bay_hca__J_6_4 C25,,True
118205,chapter-c3-watsons-bay-hca,Woollahra_DCP_2015__chapter_c3_watsons_bay_hca,Woollahra_DCP_2015__chapter_c3_watsons_bay_hca__J_6_5 C26,,True
118206,chapter-c3-watsons-bay-hca,Woollahra_DCP_2015__chapter_c3_watsons_bay_hca,Woollahra_DCP_2015__chapter_c3_watsons_bay_hca__J_7 C27,,True
118207,chapter-c3-watsons-bay-hca,Woollahra_DCP_2015__chapter_c3_watsons_bay_hca,Woollahra_DCP_2015__chapter_c3_watsons_bay_hca__J_7 C28,,True
118208,chapter-c3-watsons-bay-hca,Woollahra_DCP_2015__chapter_c3_watsons_bay_hca,Woollahra_DCP_2015__chapter_c3_watsons_bay_hca__J_8 C29,,True
118209,chapter-c3-watsons-bay-hca,Woollahra_DCP_2015__chapter_c3_watsons_bay_hca,Woollahra_DCP_2015__chapter_c3_watsons_bay_hca__J_8 C30,,True
118210,chapter-c3-watsons-bay-hca,Woollahra_DCP_2015__chapter_c3_watsons_bay_hca,Woollahra_DCP_2015__chapter_c3_watsons_bay_hca__J_8 C31,,True
118211,chapter-c3-watsons-bay-hca,Woollahra_DCP_2015__chapter_c3_watsons_bay_hca,Woollahra_DCP_2015__chapter_c3_watsons_bay_hca__J_8 C32,,True
118212,chapter-c3-watsons-bay-hca,Woollahra_DCP_2015__chapter_c3_watsons_bay_hca,Woollahra_DCP_2015__chapter_c3_watsons_bay_hca__J_8 C33,,True
118213,chapter-c3-watsons-bay-hca,Woollahra_DCP_2015__chapter_c3_watsons_bay_hca,Woollahra_DCP_2015__chapter_c3_watsons_bay_hca__J_8 C34,,True
118214,chapter-c3-watsons-bay-hca,Woollahra_DCP_2015__chapter_c3_watsons_bay_hca,Woollahra_DCP_2015__chapter_c3_watsons_bay_hca__J_8 C35,,True
118215,chapter-c3-watsons-bay-hca,Woollahra_DCP_2015__chapter_c3_watsons_bay_hca,Woollahra_DCP_2015__chapter_c3_watsons_bay_hca__J_8 C36,,True
118216,chapter-c3-watsons-bay-hca,Woollahra_DCP_2015__chapter_c3_watsons_bay_hca,Woollahra_DCP_2015__chapter_c3_watsons_bay_hca__J_9 C37,,True
118217,chapter-c3-watsons-bay-hca,Woollahra_DCP_2015__chapter_c3_watsons_bay_hca,Woollahra_DCP_2015__chapter_c3_watsons_bay_hca__J_9 C38,,True
118218,chapter-c3-watsons-bay-hca,Woollahra_DCP_2015__chapter_c3_watsons_bay_hca,Woollahra_DCP_2015__chapter_c3_watsons_bay_hca__J_9 C39,,True
118220,chapter-c3-watsons-bay-hca,Woollahra_DCP_2015__chapter_c3_watsons_bay_hca,Woollahra_DCP_2015__chapter_c3_watsons_bay_hca__K_1 C1,,True
118221,chapter-c3-watsons-bay-hca,Woollahra_DCP_2015__chapter_c3_watsons_bay_hca,Woollahra_DCP_2015__chapter_c3_watsons_bay_hca__K_1 C2,,True
118222,chapter-c3-watsons-bay-hca,Woollahra_DCP_2015__chapter_c3_watsons_bay_hca,Woollahra_DCP_2015__chapter_c3_watsons_bay_hca__K_1 C3,,True
118229,chapter-c3-watsons-bay-hca,Woollahra_DCP_2015__chapter_c3_watsons_bay_hca,Woollahra_DCP_2015__chapter_c3_watsons_bay_hca__K_2 C10,,True
118223,chapter-c3-watsons-bay-hca,Woollahra_DCP_2015__chapter_c3_watsons_bay_hca,Woollahra_DCP_2015__chapter_c3_watsons_bay_hca__K_2 C4,,True
118224,chapter-c3-watsons-bay-hca,Woollahra_DCP_2015__chapter_c3_watsons_bay_hca,Woollahra_DCP_2015__chapter_c3_watsons_bay_hca__K_2 C5,,True
118225,chapter-c3-watsons-bay-hca,Woollahra_DCP_2015__chapter_c3_watsons_bay_hca,Woollahra_DCP_2015__chapter_c3_watsons_bay_hca__K_2 C6,,True
118226,chapter-c3-watsons-bay-hca,Woollahra_DCP_2015__chapter_c3_watsons_bay_hca,Woollahra_DCP_2015__chapter_c3_watsons_bay_hca__K_2 C7,,True
118227,chapter-c3-watsons-bay-hca,Woollahra_DCP_2015__chapter_c3_watsons_bay_hca,Woollahra_DCP_2015__chapter_c3_watsons_bay_hca__K_2 C8,,True
118228,chapter-c3-watsons-bay-hca,Woollahra_DCP_2015__chapter_c3_watsons_bay_hca,Woollahra_DCP_2015__chapter_c3_watsons_bay_hca__K_2 C9,,True
118230,chapter-c3-watsons-bay-hca,Woollahra_DCP_2015__chapter_c3_watsons_bay_hca,Woollahra_DCP_2015__chapter_c3_watsons_bay_hca__K_3 C11,,True
118231,chapter-c3-watsons-bay-hca,Woollahra_DCP_2015__chapter_c3_watsons_bay_hca,Woollahra_DCP_2015__chapter_c3_watsons_bay_hca__K_3 C12,,True
118232,chapter-c3-watsons-bay-hca,Woollahra_DCP_2015__chapter_c3_watsons_bay_hca,Woollahra_DCP_2015__chapter_c3_watsons_bay_hca__K_3 C13,,True
118233,chapter-c3-watsons-bay-hca,Woollahra_DCP_2015__chapter_c3_watsons_bay_hca,Woollahra_DCP_2015__chapter_c3_watsons_bay_hca__K_4 C14,,True
118234,chapter-c3-watsons-bay-hca,Woollahra_DCP_2015__chapter_c3_watsons_bay_hca,Woollahra_DCP_2015__chapter_c3_watsons_bay_hca__K_4 C15,,True
118235,chapter-c3-watsons-bay-hca,Woollahra_DCP_2015__chapter_c3_watsons_bay_hca,Woollahra_DCP_2015__chapter_c3_watsons_bay_hca__K_5_1 C16,,True
118236,chapter-c3-watsons-bay-hca,Woollahra_DCP_2015__chapter_c3_watsons_bay_hca,Woollahra_DCP_2015__chapter_c3_watsons_bay_hca__K_5_1 C17,,True
118237,chapter-c3-watsons-bay-hca,Woollahra_DCP_2015__chapter_c3_watsons_bay_hca,Woollahra_DCP_2015__chapter_c3_watsons_bay_hca__K_5_1 C18,,True
118238,chapter-c3-watsons-bay-hca,Woollahra_DCP_2015__chapter_c3_watsons_bay_hca,Woollahra_DCP_2015__chapter_c3_watsons_bay_hca__K_5_1 C19,,True
118239,chapter-c3-watsons-bay-hca,Woollahra_DCP_2015__chapter_c3_watsons_bay_hca,Woollahra_DCP_2015__chapter_c3_watsons_bay_hca__K_5_1 C20,,True
118240,chapter-c3-watsons-bay-hca,Woollahra_DCP_2015__chapter_c3_watsons_bay_hca,Woollahra_DCP_2015__chapter_c3_watsons_bay_hca__K_5_2 C21,,True
118241,chapter-c3-watsons-bay-hca,Woollahra_DCP_2015__chapter_c3_watsons_bay_hca,Woollahra_DCP_2015__chapter_c3_watsons_bay_hca__K_5_3 C22,,True
118242,chapter-c3-watsons-bay-hca,Woollahra_DCP_2015__chapter_c3_watsons_bay_hca,Woollahra_DCP_2015__chapter_c3_watsons_bay_hca__K_5_3 C23,,True
118243,chapter-c3-watsons-bay-hca,Woollahra_DCP_2015__chapter_c3_watsons_bay_hca,Woollahra_DCP_2015__chapter_c3_watsons_bay_hca__K_5_4 C24,,True
118244,chapter-c3-watsons-bay-hca,Woollahra_DCP_2015__chapter_c3_watsons_bay_hca,Woollahra_DCP_2015__chapter_c3_watsons_bay_hca__K_5_5 C25,,True
118245,chapter-c3-watsons-bay-hca,Woollahra_DCP_2015__chapter_c3_watsons_bay_hca,Woollahra_DCP_2015__chapter_c3_watsons_bay_hca__K_6 C26,,True
118246,chapter-c3-watsons-bay-hca,Woollahra_DCP_2015__chapter_c3_watsons_bay_hca,Woollahra_DCP_2015__chapter_c3_watsons_bay_hca__K_6 C27,,True
118247,chapter-c3-watsons-bay-hca,Woollahra_DCP_2015__chapter_c3_watsons_bay_hca,Woollahra_DCP_2015__chapter_c3_watsons_bay_hca__K_7 C28,,True
118248,chapter-c3-watsons-bay-hca,Woollahra_DCP_2015__chapter_c3_watsons_bay_hca,Woollahra_DCP_2015__chapter_c3_watsons_bay_hca__K_7 C29,,True
118249,chapter-c3-watsons-bay-hca,Woollahra_DCP_2015__chapter_c3_watsons_bay_hca,Woollahra_DCP_2015__chapter_c3_watsons_bay_hca__K_7 C30,,True
118250,chapter-c3-watsons-bay-hca,Woollahra_DCP_2015__chapter_c3_watsons_bay_hca,Woollahra_DCP_2015__chapter_c3_watsons_bay_hca__K_7 C31,,True
118251,chapter-c3-watsons-bay-hca,Woollahra_DCP_2015__chapter_c3_watsons_bay_hca,Woollahra_DCP_2015__chapter_c3_watsons_bay_hca__K_8 C32,,True
118252,chapter-c3-watsons-bay-hca,Woollahra_DCP_2015__chapter_c3_watsons_bay_hca,Woollahra_DCP_2015__chapter_c3_watsons_bay_hca__K_9 C33,,True
118253,chapter-c3-watsons-bay-hca,Woollahra_DCP_2015__chapter_c3_watsons_bay_hca,Woollahra_DCP_2015__chapter_c3_watsons_bay_hca__L_1 C1,,True
118254,chapter-c3-watsons-bay-hca,Woollahra_DCP_2015__chapter_c3_watsons_bay_hca,Woollahra_DCP_2015__chapter_c3_watsons_bay_hca__L_2 C2,,True
118255,chapter-c3-watsons-bay-hca,Woollahra_DCP_2015__chapter_c3_watsons_bay_hca,Woollahra_DCP_2015__chapter_c3_watsons_bay_hca__L_3 C3,,True
118256,chapter-c3-watsons-bay-hca,Woollahra_DCP_2015__chapter_c3_watsons_bay_hca,Woollahra_DCP_2015__chapter_c3_watsons_bay_hca__L_3 C4,,True
118257,chapter-c3-watsons-bay-hca,Woollahra_DCP_2015__chapter_c3_watsons_bay_hca,Woollahra_DCP_2015__chapter_c3_watsons_bay_hca__L_3 C5,,True
118258,chapter-c3-watsons-bay-hca,Woollahra_DCP_2015__chapter_c3_watsons_bay_hca,Woollahra_DCP_2015__chapter_c3_watsons_bay_hca__L_4 C6,,True
118259,chapter-c3-watsons-bay-hca,Woollahra_DCP_2015__chapter_c3_watsons_bay_hca,Woollahra_DCP_2015__chapter_c3_watsons_bay_hca__L_4 C7,,True
118262,chapter-c3-watsons-bay-hca,Woollahra_DCP_2015__chapter_c3_watsons_bay_hca,Woollahra_DCP_2015__chapter_c3_watsons_bay_hca__L_5_1 C10,,True
118263,chapter-c3-watsons-bay-hca,Woollahra_DCP_2015__chapter_c3_watsons_bay_hca,Woollahra_DCP_2015__chapter_c3_watsons_bay_hca__L_5_1 C11,,True
118260,chapter-c3-watsons-bay-hca,Woollahra_DCP_2015__chapter_c3_watsons_bay_hca,Woollahra_DCP_2015__chapter_c3_watsons_bay_hca__L_5_1 C8,,True
118261,chapter-c3-watsons-bay-hca,Woollahra_DCP_2015__chapter_c3_watsons_bay_hca,Woollahra_DCP_2015__chapter_c3_watsons_bay_hca__L_5_1 C9,,True
118264,chapter-c3-watsons-bay-hca,Woollahra_DCP_2015__chapter_c3_watsons_bay_hca,Woollahra_DCP_2015__chapter_c3_watsons_bay_hca__L_5_2 C12,,True
118265,chapter-c3-watsons-bay-hca,Woollahra_DCP_2015__chapter_c3_watsons_bay_hca,Woollahra_DCP_2015__chapter_c3_watsons_bay_hca__L_5_2 C13,,True
118266,chapter-c3-watsons-bay-hca,Woollahra_DCP_2015__chapter_c3_watsons_bay_hca,Woollahra_DCP_2015__chapter_c3_watsons_bay_hca__L_5_3 C14,,True
118267,chapter-c3-watsons-bay-hca,Woollahra_DCP_2015__chapter_c3_watsons_bay_hca,Woollahra_DCP_2015__chapter_c3_watsons_bay_hca__L_5_3 C15,,True
118268,chapter-c3-watsons-bay-hca,Woollahra_DCP_2015__chapter_c3_watsons_bay_hca,Woollahra_DCP_2015__chapter_c3_watsons_bay_hca__L_5_4 C16,,True
118269,chapter-c3-watsons-bay-hca,Woollahra_DCP_2015__chapter_c3_watsons_bay_hca,Woollahra_DCP_2015__chapter_c3_watsons_bay_hca__L_6 C17,,True
118270,chapter-c3-watsons-bay-hca,Woollahra_DCP_2015__chapter_c3_watsons_bay_hca,Woollahra_DCP_2015__chapter_c3_watsons_bay_hca__L_6 C18,,True
118271,chapter-c3-watsons-bay-hca,Woollahra_DCP_2015__chapter_c3_watsons_bay_hca,Woollahra_DCP_2015__chapter_c3_watsons_bay_hca__L_6 C19,,True
118272,chapter-c3-watsons-bay-hca,Woollahra_DCP_2015__chapter_c3_watsons_bay_hca,Woollahra_DCP_2015__chapter_c3_watsons_bay_hca__L_7 C20,,True
118273,chapter-c3-watsons-bay-hca,Woollahra_DCP_2015__chapter_c3_watsons_bay_hca,Woollahra_DCP_2015__chapter_c3_watsons_bay_hca__L_7 C21,,True
118274,chapter-c3-watsons-bay-hca,Woollahra_DCP_2015__chapter_c3_watsons_bay_hca,Woollahra_DCP_2015__chapter_c3_watsons_bay_hca__L_8 C22,,True
118275,chapter-c3-watsons-bay-hca,Woollahra_DCP_2015__chapter_c3_watsons_bay_hca,Woollahra_DCP_2015__chapter_c3_watsons_bay_hca__M C1,,True
118284,chapter-c3-watsons-bay-hca,Woollahra_DCP_2015__chapter_c3_watsons_bay_hca,Woollahra_DCP_2015__chapter_c3_watsons_bay_hca__M C10,,True
118285,chapter-c3-watsons-bay-hca,Woollahra_DCP_2015__chapter_c3_watsons_bay_hca,Woollahra_DCP_2015__chapter_c3_watsons_bay_hca__M C11,,True
118276,chapter-c3-watsons-bay-hca,Woollahra_DCP_2015__chapter_c3_watsons_bay_hca,Woollahra_DCP_2015__chapter_c3_watsons_bay_hca__M C2,,True
118277,chapter-c3-watsons-bay-hca,Woollahra_DCP_2015__chapter_c3_watsons_bay_hca,Woollahra_DCP_2015__chapter_c3_watsons_bay_hca__M C3,,True
118278,chapter-c3-watsons-bay-hca,Woollahra_DCP_2015__chapter_c3_watsons_bay_hca,Woollahra_DCP_2015__chapter_c3_watsons_bay_hca__M C4,,True
118279,chapter-c3-watsons-bay-hca,Woollahra_DCP_2015__chapter_c3_watsons_bay_hca,Woollahra_DCP_2015__chapter_c3_watsons_bay_hca__M C5,,True
118280,chapter-c3-watsons-bay-hca,Woollahra_DCP_2015__chapter_c3_watsons_bay_hca,Woollahra_DCP_2015__chapter_c3_watsons_bay_hca__M C6,,True
118281,chapter-c3-watsons-bay-hca,Woollahra_DCP_2015__chapter_c3_watsons_bay_hca,Woollahra_DCP_2015__chapter_c3_watsons_bay_hca__M C7,,True
118282,chapter-c3-watsons-bay-hca,Woollahra_DCP_2015__chapter_c3_watsons_bay_hca,Woollahra_DCP_2015__chapter_c3_watsons_bay_hca__M C8,,True
118283,chapter-c3-watsons-bay-hca,Woollahra_DCP_2015__chapter_c3_watsons_bay_hca,Woollahra_DCP_2015__chapter_c3_watsons_bay_hca__M C9,,True
118286,chapter-c3-watsons-bay-hca,Woollahra_DCP_2015__chapter_c3_watsons_bay_hca,Woollahra_DCP_2015__chapter_c3_watsons_bay_hca__N C1,,True
118287,chapter-c3-watsons-bay-hca,Woollahra_DCP_2015__chapter_c3_watsons_bay_hca,Woollahra_DCP_2015__chapter_c3_watsons_bay_hca__N C2,,True
118288,chapter-c3-watsons-bay-hca,Woollahra_DCP_2015__chapter_c3_watsons_bay_hca,Woollahra_DCP_2015__chapter_c3_watsons_bay_hca__N C3,,True
118289,chapter-c3-watsons-bay-hca,Woollahra_DCP_2015__chapter_c3_watsons_bay_hca,Woollahra_DCP_2015__chapter_c3_watsons_bay_hca__N C4,,True
118290,chapter-c3-watsons-bay-hca,Woollahra_DCP_2015__chapter_c3_watsons_bay_hca,Woollahra_DCP_2015__chapter_c3_watsons_bay_hca__N C5,,True
118291,chapter-c3-watsons-bay-hca,Woollahra_DCP_2015__chapter_c3_watsons_bay_hca,Woollahra_DCP_2015__chapter_c3_watsons_bay_hca__N C6,,True
118292,chapter-c3-watsons-bay-hca,Woollahra_DCP_2015__chapter_c3_watsons_bay_hca,Woollahra_DCP_2015__chapter_c3_watsons_bay_hca__N C7,,True
118293,chapter-c3-watsons-bay-hca,Woollahra_DCP_2015__chapter_c3_watsons_bay_hca,Woollahra_DCP_2015__chapter_c3_watsons_bay_hca__N C8,,True
118294,chapter-c3-watsons-bay-hca,Woollahra_DCP_2015__chapter_c3_watsons_bay_hca,Woollahra_DCP_2015__chapter_c3_watsons_bay_hca__N C9,,True
118295,chapter-c3-watsons-bay-hca,Woollahra_DCP_2015__chapter_c3_watsons_bay_hca,Woollahra_DCP_2015__chapter_c3_watsons_bay_hca__O C1,,True
118304,chapter-c3-watsons-bay-hca,Woollahra_DCP_2015__chapter_c3_watsons_bay_hca,Woollahra_DCP_2015__chapter_c3_watsons_bay_hca__O C10,,True
118305,chapter-c3-watsons-bay-hca,Woollahra_DCP_2015__chapter_c3_watsons_bay_hca,Woollahra_DCP_2015__chapter_c3_watsons_bay_hca__O C11,,True
118306,chapter-c3-watsons-bay-hca,Woollahra_DCP_2015__chapter_c3_watsons_bay_hca,Woollahra_DCP_2015__chapter_c3_watsons_bay_hca__O C12,,True
118307,chapter-c3-watsons-bay-hca,Woollahra_DCP_2015__chapter_c3_watsons_bay_hca,Woollahra_DCP_2015__chapter_c3_watsons_bay_hca__O C13,,True
118308,chapter-c3-watsons-bay-hca,Woollahra_DCP_2015__chapter_c3_watsons_bay_hca,Woollahra_DCP_2015__chapter_c3_watsons_bay_hca__O C14,,True
118309,chapter-c3-watsons-bay-hca,Woollahra_DCP_2015__chapter_c3_watsons_bay_hca,Woollahra_DCP_2015__chapter_c3_watsons_bay_hca__O C15,,True
118310,chapter-c3-watsons-bay-hca,Woollahra_DCP_2015__chapter_c3_watsons_bay_hca,Woollahra_DCP_2015__chapter_c3_watsons_bay_hca__O C16,,True
118311,chapter-c3-watsons-bay-hca,Woollahra_DCP_2015__chapter_c3_watsons_bay_hca,Woollahra_DCP_2015__chapter_c3_watsons_bay_hca__O C17,,True
118312,chapter-c3-watsons-bay-hca,Woollahra_DCP_2015__chapter_c3_watsons_bay_hca,Woollahra_DCP_2015__chapter_c3_watsons_bay_hca__O C18,,True
118313,chapter-c3-watsons-bay-hca,Woollahra_DCP_2015__chapter_c3_watsons_bay_hca,Woollahra_DCP_2015__chapter_c3_watsons_bay_hca__O C19,,True
118296,chapter-c3-watsons-bay-hca,Woollahra_DCP_2015__chapter_c3_watsons_bay_hca,Woollahra_DCP_2015__chapter_c3_watsons_bay_hca__O C2,,True
118314,chapter-c3-watsons-bay-hca,Woollahra_DCP_2015__chapter_c3_watsons_bay_hca,Woollahra_DCP_2015__chapter_c3_watsons_bay_hca__O C20,,True
118315,chapter-c3-watsons-bay-hca,Woollahra_DCP_2015__chapter_c3_watsons_bay_hca,Woollahra_DCP_2015__chapter_c3_watsons_bay_hca__O C21,,True
118316,chapter-c3-watsons-bay-hca,Woollahra_DCP_2015__chapter_c3_watsons_bay_hca,Woollahra_DCP_2015__chapter_c3_watsons_bay_hca__O C22,,True
118317,chapter-c3-watsons-bay-hca,Woollahra_DCP_2015__chapter_c3_watsons_bay_hca,Woollahra_DCP_2015__chapter_c3_watsons_bay_hca__O C23,,True
118318,chapter-c3-watsons-bay-hca,Woollahra_DCP_2015__chapter_c3_watsons_bay_hca,Woollahra_DCP_2015__chapter_c3_watsons_bay_hca__O C24,,True
118319,chapter-c3-watsons-bay-hca,Woollahra_DCP_2015__chapter_c3_watsons_bay_hca,Woollahra_DCP_2015__chapter_c3_watsons_bay_hca__O C25,,True
118320,chapter-c3-watsons-bay-hca,Woollahra_DCP_2015__chapter_c3_watsons_bay_hca,Woollahra_DCP_2015__chapter_c3_watsons_bay_hca__O C26,,True
118321,chapter-c3-watsons-bay-hca,Woollahra_DCP_2015__chapter_c3_watsons_bay_hca,Woollahra_DCP_2015__chapter_c3_watsons_bay_hca__O C27,,True
118322,chapter-c3-watsons-bay-hca,Woollahra_DCP_2015__chapter_c3_watsons_bay_hca,Woollahra_DCP_2015__chapter_c3_watsons_bay_hca__O C28,,True
118323,chapter-c3-watsons-bay-hca,Woollahra_DCP_2015__chapter_c3_watsons_bay_hca,Woollahra_DCP_2015__chapter_c3_watsons_bay_hca__O C29,,True
118297,chapter-c3-watsons-bay-hca,Woollahra_DCP_2015__chapter_c3_watsons_bay_hca,Woollahra_DCP_2015__chapter_c3_watsons_bay_hca__O C3,,True
118324,chapter-c3-watsons-bay-hca,Woollahra_DCP_2015__chapter_c3_watsons_bay_hca,Woollahra_DCP_2015__chapter_c3_watsons_bay_hca__O C30,,True
118325,chapter-c3-watsons-bay-hca,Woollahra_DCP_2015__chapter_c3_watsons_bay_hca,Woollahra_DCP_2015__chapter_c3_watsons_bay_hca__O C31,,True
118326,chapter-c3-watsons-bay-hca,Woollahra_DCP_2015__chapter_c3_watsons_bay_hca,Woollahra_DCP_2015__chapter_c3_watsons_bay_hca__O C32,,True
118327,chapter-c3-watsons-bay-hca,Woollahra_DCP_2015__chapter_c3_watsons_bay_hca,Woollahra_DCP_2015__chapter_c3_watsons_bay_hca__O C33,,True
118328,chapter-c3-watsons-bay-hca,Woollahra_DCP_2015__chapter_c3_watsons_bay_hca,Woollahra_DCP_2015__chapter_c3_watsons_bay_hca__O C34,,True
118329,chapter-c3-watsons-bay-hca,Woollahra_DCP_2015__chapter_c3_watsons_bay_hca,Woollahra_DCP_2015__chapter_c3_watsons_bay_hca__O C35,,True
118330,chapter-c3-watsons-bay-hca,Woollahra_DCP_2015__chapter_c3_watsons_bay_hca,Woollahra_DCP_2015__chapter_c3_watsons_bay_hca__O C36,,True
118331,chapter-c3-watsons-bay-hca,Woollahra_DCP_2015__chapter_c3_watsons_bay_hca,Woollahra_DCP_2015__chapter_c3_watsons_bay_hca__O C37,,True
118332,chapter-c3-watsons-bay-hca,Woollahra_DCP_2015__chapter_c3_watsons_bay_hca,Woollahra_DCP_2015__chapter_c3_watsons_bay_hca__O C38,,True
118333,chapter-c3-watsons-bay-hca,Woollahra_DCP_2015__chapter_c3_watsons_bay_hca,Woollahra_DCP_2015__chapter_c3_watsons_bay_hca__O C39,,True
118298,chapter-c3-watsons-bay-hca,Woollahra_DCP_2015__chapter_c3_watsons_bay_hca,Woollahra_DCP_2015__chapter_c3_watsons_bay_hca__O C4,,True
118334,chapter-c3-watsons-bay-hca,Woollahra_DCP_2015__chapter_c3_watsons_bay_hca,Woollahra_DCP_2015__chapter_c3_watsons_bay_hca__O C40,,True
118335,chapter-c3-watsons-bay-hca,Woollahra_DCP_2015__chapter_c3_watsons_bay_hca,Woollahra_DCP_2015__chapter_c3_watsons_bay_hca__O C41,,True
118336,chapter-c3-watsons-bay-hca,Woollahra_DCP_2015__chapter_c3_watsons_bay_hca,Woollahra_DCP_2015__chapter_c3_watsons_bay_hca__O C42,,True
118337,chapter-c3-watsons-bay-hca,Woollahra_DCP_2015__chapter_c3_watsons_bay_hca,Woollahra_DCP_2015__chapter_c3_watsons_bay_hca__O C43,,True
118338,chapter-c3-watsons-bay-hca,Woollahra_DCP_2015__chapter_c3_watsons_bay_hca,Woollahra_DCP_2015__chapter_c3_watsons_bay_hca__O C44,,True
118339,chapter-c3-watsons-bay-hca,Woollahra_DCP_2015__chapter_c3_watsons_bay_hca,Woollahra_DCP_2015__chapter_c3_watsons_bay_hca__O C45,,True
118340,chapter-c3-watsons-bay-hca,Woollahra_DCP_2015__chapter_c3_watsons_bay_hca,Woollahra_DCP_2015__chapter_c3_watsons_bay_hca__O C46,,True
118299,chapter-c3-watsons-bay-hca,Woollahra_DCP_2015__chapter_c3_watsons_bay_hca,Woollahra_DCP_2015__chapter_c3_watsons_bay_hca__O C5,,True
118300,chapter-c3-watsons-bay-hca,Woollahra_DCP_2015__chapter_c3_watsons_bay_hca,Woollahra_DCP_2015__chapter_c3_watsons_bay_hca__O C6,,True
118301,chapter-c3-watsons-bay-hca,Woollahra_DCP_2015__chapter_c3_watsons_bay_hca,Woollahra_DCP_2015__chapter_c3_watsons_bay_hca__O C7,,True
118302,chapter-c3-watsons-bay-hca,Woollahra_DCP_2015__chapter_c3_watsons_bay_hca,Woollahra_DCP_2015__chapter_c3_watsons_bay_hca__O C8,,True
118303,chapter-c3-watsons-bay-hca,Woollahra_DCP_2015__chapter_c3_watsons_bay_hca,Woollahra_DCP_2015__chapter_c3_watsons_bay_hca__O C9,,True
118341,chapter-c3-watsons-bay-hca,Woollahra_DCP_2015__chapter_c3_watsons_bay_hca,Woollahra_DCP_2015__chapter_c3_watsons_bay_hca__P G1,,True
118342,chapter-c3-watsons-bay-hca,Woollahra_DCP_2015__chapter_c3_watsons_bay_hca,Woollahra_DCP_2015__chapter_c3_watsons_bay_hca__P G2,,True
118343,chapter-c3-watsons-bay-hca,Woollahra_DCP_2015__chapter_c3_watsons_bay_hca,Woollahra_DCP_2015__chapter_c3_watsons_bay_hca__P G3,,True
118344,chapter-c3-watsons-bay-hca,Woollahra_DCP_2015__chapter_c3_watsons_bay_hca,Woollahra_DCP_2015__chapter_c3_watsons_bay_hca__P G4,,True
118345,chapter-c3-watsons-bay-hca,Woollahra_DCP_2015__chapter_c3_watsons_bay_hca,Woollahra_DCP_2015__chapter_c3_watsons_bay_hca__P G5,,True
118346,chapter-c3-watsons-bay-hca,Woollahra_DCP_2015__chapter_c3_watsons_bay_hca,Woollahra_DCP_2015__chapter_c3_watsons_bay_hca__P G6,,True
118347,chapter-c3-watsons-bay-hca,Woollahra_DCP_2015__chapter_c3_watsons_bay_hca,Woollahra_DCP_2015__chapter_c3_watsons_bay_hca__P G7,,True
118348,chapter-c3-watsons-bay-hca,Woollahra_DCP_2015__chapter_c3_watsons_bay_hca,Woollahra_DCP_2015__chapter_c3_watsons_bay_hca__P G8,,True
118349,chapter-c3-watsons-bay-hca,Woollahra_DCP_2015__chapter_c3_watsons_bay_hca,Woollahra_DCP_2015__chapter_c3_watsons_bay_hca__P G9,,True
118350,chapter-c3-watsons-bay-hca,Woollahra_DCP_2015__chapter_c3_watsons_bay_hca,Woollahra_DCP_2015__chapter_c3_watsons_bay_hca__Q G1,,True
118359,chapter-c3-watsons-bay-hca,Woollahra_DCP_2015__chapter_c3_watsons_bay_hca,Woollahra_DCP_2015__chapter_c3_watsons_bay_hca__Q G10,,True
118360,chapter-c3-watsons-bay-hca,Woollahra_DCP_2015__chapter_c3_watsons_bay_hca,Woollahra_DCP_2015__chapter_c3_watsons_bay_hca__Q G11,,True
118361,chapter-c3-watsons-bay-hca,Woollahra_DCP_2015__chapter_c3_watsons_bay_hca,Woollahra_DCP_2015__chapter_c3_watsons_bay_hca__Q G12,,True
118362,chapter-c3-watsons-bay-hca,Woollahra_DCP_2015__chapter_c3_watsons_bay_hca,Woollahra_DCP_2015__chapter_c3_watsons_bay_hca__Q G13,,True
118351,chapter-c3-watsons-bay-hca,Woollahra_DCP_2015__chapter_c3_watsons_bay_hca,Woollahra_DCP_2015__chapter_c3_watsons_bay_hca__Q G2,,True
118352,chapter-c3-watsons-bay-hca,Woollahra_DCP_2015__chapter_c3_watsons_bay_hca,Woollahra_DCP_2015__chapter_c3_watsons_bay_hca__Q G3,,True
118353,chapter-c3-watsons-bay-hca,Woollahra_DCP_2015__chapter_c3_watsons_bay_hca,Woollahra_DCP_2015__chapter_c3_watsons_bay_hca__Q G4,,True
118354,chapter-c3-watsons-bay-hca,Woollahra_DCP_2015__chapter_c3_watsons_bay_hca,Woollahra_DCP_2015__chapter_c3_watsons_bay_hca__Q G5,,True
118355,chapter-c3-watsons-bay-hca,Woollahra_DCP_2015__chapter_c3_watsons_bay_hca,Woollahra_DCP_2015__chapter_c3_watsons_bay_hca__Q G6,,True
118356,chapter-c3-watsons-bay-hca,Woollahra_DCP_2015__chapter_c3_watsons_bay_hca,Woollahra_DCP_2015__chapter_c3_watsons_bay_hca__Q G7,,True
118357,chapter-c3-watsons-bay-hca,Woollahra_DCP_2015__chapter_c3_watsons_bay_hca,Woollahra_DCP_2015__chapter_c3_watsons_bay_hca__Q G8,,True
118358,chapter-c3-watsons-bay-hca,Woollahra_DCP_2015__chapter_c3_watsons_bay_hca,Woollahra_DCP_2015__chapter_c3_watsons_bay_hca__Q G9,,True
118363,chapter-c3-watsons-bay-hca,Woollahra_DCP_2015__chapter_c3_watsons_bay_hca,Woollahra_DCP_2015__chapter_c3_watsons_bay_hca__R_1 G1,,True
118372,chapter-c3-watsons-bay-hca,Woollahra_DCP_2015__chapter_c3_watsons_bay_hca,Woollahra_DCP_2015__chapter_c3_watsons_bay_hca__R_1 G10,,True
118373,chapter-c3-watsons-bay-hca,Woollahra_DCP_2015__chapter_c3_watsons_bay_hca,Woollahra_DCP_2015__chapter_c3_watsons_bay_hca__R_1 G11,,True
118374,chapter-c3-watsons-bay-hca,Woollahra_DCP_2015__chapter_c3_watsons_bay_hca,Woollahra_DCP_2015__chapter_c3_watsons_bay_hca__R_1 G12,,True
118375,chapter-c3-watsons-bay-hca,Woollahra_DCP_2015__chapter_c3_watsons_bay_hca,Woollahra_DCP_2015__chapter_c3_watsons_bay_hca__R_1 G13,,True
118376,chapter-c3-watsons-bay-hca,Woollahra_DCP_2015__chapter_c3_watsons_bay_hca,Woollahra_DCP_2015__chapter_c3_watsons_bay_hca__R_1 G14,,True
118377,chapter-c3-watsons-bay-hca,Woollahra_DCP_2015__chapter_c3_watsons_bay_hca,Woollahra_DCP_2015__chapter_c3_watsons_bay_hca__R_1 G15,,True
118378,chapter-c3-watsons-bay-hca,Woollahra_DCP_2015__chapter_c3_watsons_bay_hca,Woollahra_DCP_2015__chapter_c3_watsons_bay_hca__R_1 G16,,True
118379,chapter-c3-watsons-bay-hca,Woollahra_DCP_2015__chapter_c3_watsons_bay_hca,Woollahra_DCP_2015__chapter_c3_watsons_bay_hca__R_1 G17,,True
118364,chapter-c3-watsons-bay-hca,Woollahra_DCP_2015__chapter_c3_watsons_bay_hca,Woollahra_DCP_2015__chapter_c3_watsons_bay_hca__R_1 G2,,True
118365,chapter-c3-watsons-bay-hca,Woollahra_DCP_2015__chapter_c3_watsons_bay_hca,Woollahra_DCP_2015__chapter_c3_watsons_bay_hca__R_1 G3,,True
118366,chapter-c3-watsons-bay-hca,Woollahra_DCP_2015__chapter_c3_watsons_bay_hca,Woollahra_DCP_2015__chapter_c3_watsons_bay_hca__R_1 G4,,True
118367,chapter-c3-watsons-bay-hca,Woollahra_DCP_2015__chapter_c3_watsons_bay_hca,Woollahra_DCP_2015__chapter_c3_watsons_bay_hca__R_1 G5,,True
118368,chapter-c3-watsons-bay-hca,Woollahra_DCP_2015__chapter_c3_watsons_bay_hca,Woollahra_DCP_2015__chapter_c3_watsons_bay_hca__R_1 G6,,True
118369,chapter-c3-watsons-bay-hca,Woollahra_DCP_2015__chapter_c3_watsons_bay_hca,Woollahra_DCP_2015__chapter_c3_watsons_bay_hca__R_1 G7,,True
118370,chapter-c3-watsons-bay-hca,Woollahra_DCP_2015__chapter_c3_watsons_bay_hca,Woollahra_DCP_2015__chapter_c3_watsons_bay_hca__R_1 G8,,True
118371,chapter-c3-watsons-bay-hca,Woollahra_DCP_2015__chapter_c3_watsons_bay_hca,Woollahra_DCP_2015__chapter_c3_watsons_bay_hca__R_1 G9,,True
118380,chapter-c3-watsons-bay-hca,Woollahra_DCP_2015__chapter_c3_watsons_bay_hca,Woollahra_DCP_2015__chapter_c3_watsons_bay_hca__S_1 G1,,True
118389,chapter-c3-watsons-bay-hca,Woollahra_DCP_2015__chapter_c3_watsons_bay_hca,Woollahra_DCP_2015__chapter_c3_watsons_bay_hca__S_1 G10,,True
118390,chapter-c3-watsons-bay-hca,Woollahra_DCP_2015__chapter_c3_watsons_bay_hca,Woollahra_DCP_2015__chapter_c3_watsons_bay_hca__S_1 G11,,True
118391,chapter-c3-watsons-bay-hca,Woollahra_DCP_2015__chapter_c3_watsons_bay_hca,Woollahra_DCP_2015__chapter_c3_watsons_bay_hca__S_1 G12,,True
118392,chapter-c3-watsons-bay-hca,Woollahra_DCP_2015__chapter_c3_watsons_bay_hca,Woollahra_DCP_2015__chapter_c3_watsons_bay_hca__S_1 G13,,True
118393,chapter-c3-watsons-bay-hca,Woollahra_DCP_2015__chapter_c3_watsons_bay_hca,Woollahra_DCP_2015__chapter_c3_watsons_bay_hca__S_1 G14,,True
118394,chapter-c3-watsons-bay-hca,Woollahra_DCP_2015__chapter_c3_watsons_bay_hca,Woollahra_DCP_2015__chapter_c3_watsons_bay_hca__S_1 G15,,True
118395,chapter-c3-watsons-bay-hca,Woollahra_DCP_2015__chapter_c3_watsons_bay_hca,Woollahra_DCP_2015__chapter_c3_watsons_bay_hca__S_1 G16,,True
118396,chapter-c3-watsons-bay-hca,Woollahra_DCP_2015__chapter_c3_watsons_bay_hca,Woollahra_DCP_2015__chapter_c3_watsons_bay_hca__S_1 G17,,True
118397,chapter-c3-watsons-bay-hca,Woollahra_DCP_2015__chapter_c3_watsons_bay_hca,Woollahra_DCP_2015__chapter_c3_watsons_bay_hca__S_1 G18,,True
118381,chapter-c3-watsons-bay-hca,Woollahra_DCP_2015__chapter_c3_watsons_bay_hca,Woollahra_DCP_2015__chapter_c3_watsons_bay_hca__S_1 G2,,True
118382,chapter-c3-watsons-bay-hca,Woollahra_DCP_2015__chapter_c3_watsons_bay_hca,Woollahra_DCP_2015__chapter_c3_watsons_bay_hca__S_1 G3,,True
118383,chapter-c3-watsons-bay-hca,Woollahra_DCP_2015__chapter_c3_watsons_bay_hca,Woollahra_DCP_2015__chapter_c3_watsons_bay_hca__S_1 G4,,True
118384,chapter-c3-watsons-bay-hca,Woollahra_DCP_2015__chapter_c3_watsons_bay_hca,Woollahra_DCP_2015__chapter_c3_watsons_bay_hca__S_1 G5,,True
118385,chapter-c3-watsons-bay-hca,Woollahra_DCP_2015__chapter_c3_watsons_bay_hca,Woollahra_DCP_2015__chapter_c3_watsons_bay_hca__S_1 G6,,True
118386,chapter-c3-watsons-bay-hca,Woollahra_DCP_2015__chapter_c3_watsons_bay_hca,Woollahra_DCP_2015__chapter_c3_watsons_bay_hca__S_1 G7,,True
118387,chapter-c3-watsons-bay-hca,Woollahra_DCP_2015__chapter_c3_watsons_bay_hca,Woollahra_DCP_2015__chapter_c3_watsons_bay_hca__S_1 G8,,True
118388,chapter-c3-watsons-bay-hca,Woollahra_DCP_2015__chapter_c3_watsons_bay_hca,Woollahra_DCP_2015__chapter_c3_watsons_bay_hca__S_1 G9,,True
118398,chapter-c3-watsons-bay-hca,Woollahra_DCP_2015__chapter_c3_watsons_bay_hca,Woollahra_DCP_2015__chapter_c3_watsons_bay_hca__T_1 G1,,True
118407,chapter-c3-watsons-bay-hca,Woollahra_DCP_2015__chapter_c3_watsons_bay_hca,Woollahra_DCP_2015__chapter_c3_watsons_bay_hca__T_1 G10,,True
118408,chapter-c3-watsons-bay-hca,Woollahra_DCP_2015__chapter_c3_watsons_bay_hca,Woollahra_DCP_2015__chapter_c3_watsons_bay_hca__T_1 G11,,True
118409,chapter-c3-watsons-bay-hca,Woollahra_DCP_2015__chapter_c3_watsons_bay_hca,Woollahra_DCP_2015__chapter_c3_watsons_bay_hca__T_1 G12,,True
118410,chapter-c3-watsons-bay-hca,Woollahra_DCP_2015__chapter_c3_watsons_bay_hca,Woollahra_DCP_2015__chapter_c3_watsons_bay_hca__T_1 G13,,True
118411,chapter-c3-watsons-bay-hca,Woollahra_DCP_2015__chapter_c3_watsons_bay_hca,Woollahra_DCP_2015__chapter_c3_watsons_bay_hca__T_1 G14,,True
118399,chapter-c3-watsons-bay-hca,Woollahra_DCP_2015__chapter_c3_watsons_bay_hca,Woollahra_DCP_2015__chapter_c3_watsons_bay_hca__T_1 G2,,True
118400,chapter-c3-watsons-bay-hca,Woollahra_DCP_2015__chapter_c3_watsons_bay_hca,Woollahra_DCP_2015__chapter_c3_watsons_bay_hca__T_1 G3,,True
118401,chapter-c3-watsons-bay-hca,Woollahra_DCP_2015__chapter_c3_watsons_bay_hca,Woollahra_DCP_2015__chapter_c3_watsons_bay_hca__T_1 G4,,True
118402,chapter-c3-watsons-bay-hca,Woollahra_DCP_2015__chapter_c3_watsons_bay_hca,Woollahra_DCP_2015__chapter_c3_watsons_bay_hca__T_1 G5,,True
118403,chapter-c3-watsons-bay-hca,Woollahra_DCP_2015__chapter_c3_watsons_bay_hca,Woollahra_DCP_2015__chapter_c3_watsons_bay_hca__T_1 G6,,True
118404,chapter-c3-watsons-bay-hca,Woollahra_DCP_2015__chapter_c3_watsons_bay_hca,Woollahra_DCP_2015__chapter_c3_watsons_bay_hca__T_1 G7,,True
118405,chapter-c3-watsons-bay-hca,Woollahra_DCP_2015__chapter_c3_watsons_bay_hca,Woollahra_DCP_2015__chapter_c3_watsons_bay_hca__T_1 G8,,True
118406,chapter-c3-watsons-bay-hca,Woollahra_DCP_2015__chapter_c3_watsons_bay_hca,Woollahra_DCP_2015__chapter_c3_watsons_bay_hca__T_1 G9,,True
118790,chapter-d1-neighbourhood-centres,Woollahra_DCP_2015__chapter_d1_neighbourhood_centres,Woollahra_DCP_2015__chapter_d1_neighbourhood_centres__D1_1_3 O1,,True
118799,chapter-d1-neighbourhood-centres,Woollahra_DCP_2015__chapter_d1_neighbourhood_centres,Woollahra_DCP_2015__chapter_d1_neighbourhood_centres__D1_1_3 O10,,True
118800,chapter-d1-neighbourhood-centres,Woollahra_DCP_2015__chapter_d1_neighbourhood_centres,Woollahra_DCP_2015__chapter_d1_neighbourhood_centres__D1_1_3 O11,,True
118801,chapter-d1-neighbourhood-centres,Woollahra_DCP_2015__chapter_d1_neighbourhood_centres,Woollahra_DCP_2015__chapter_d1_neighbourhood_centres__D1_1_3 O12,,True
118802,chapter-d1-neighbourhood-centres,Woollahra_DCP_2015__chapter_d1_neighbourhood_centres,Woollahra_DCP_2015__chapter_d1_neighbourhood_centres__D1_1_3 O13,,True
118791,chapter-d1-neighbourhood-centres,Woollahra_DCP_2015__chapter_d1_neighbourhood_centres,Woollahra_DCP_2015__chapter_d1_neighbourhood_centres__D1_1_3 O2,,True
118792,chapter-d1-neighbourhood-centres,Woollahra_DCP_2015__chapter_d1_neighbourhood_centres,Woollahra_DCP_2015__chapter_d1_neighbourhood_centres__D1_1_3 O3,,True
118793,chapter-d1-neighbourhood-centres,Woollahra_DCP_2015__chapter_d1_neighbourhood_centres,Woollahra_DCP_2015__chapter_d1_neighbourhood_centres__D1_1_3 O4,,True
118794,chapter-d1-neighbourhood-centres,Woollahra_DCP_2015__chapter_d1_neighbourhood_centres,Woollahra_DCP_2015__chapter_d1_neighbourhood_centres__D1_1_3 O5,,True
118795,chapter-d1-neighbourhood-centres,Woollahra_DCP_2015__chapter_d1_neighbourhood_centres,Woollahra_DCP_2015__chapter_d1_neighbourhood_centres__D1_1_3 O6,,True
118796,chapter-d1-neighbourhood-centres,Woollahra_DCP_2015__chapter_d1_neighbourhood_centres,Woollahra_DCP_2015__chapter_d1_neighbourhood_centres__D1_1_3 O7,,True
118797,chapter-d1-neighbourhood-centres,Woollahra_DCP_2015__chapter_d1_neighbourhood_centres,Woollahra_DCP_2015__chapter_d1_neighbourhood_centres__D1_1_3 O8,,True
118798,chapter-d1-neighbourhood-centres,Woollahra_DCP_2015__chapter_d1_neighbourhood_centres,Woollahra_DCP_2015__chapter_d1_neighbourhood_centres__D1_1_3 O9,,True
118984,chapter-d1-neighbourhood-centres,Woollahra_DCP_2015__chapter_d1_neighbourhood_centres,Woollahra_DCP_2015__chapter_d1_neighbourhood_centres__D1_10_3 C1,,True
118997,chapter-d1-neighbourhood-centres,Woollahra_DCP_2015__chapter_d1_neighbourhood_centres,Woollahra_DCP_2015__chapter_d1_neighbourhood_centres__D1_10_3 C10,,True
118986,chapter-d1-neighbourhood-centres,Woollahra_DCP_2015__chapter_d1_neighbourhood_centres,Woollahra_DCP_2015__chapter_d1_neighbourhood_centres__D1_10_3 C2,,True
118987,chapter-d1-neighbourhood-centres,Woollahra_DCP_2015__chapter_d1_neighbourhood_centres,Woollahra_DCP_2015__chapter_d1_neighbourhood_centres__D1_10_3 C3,,True
118988,chapter-d1-neighbourhood-centres,Woollahra_DCP_2015__chapter_d1_neighbourhood_centres,Woollahra_DCP_2015__chapter_d1_neighbourhood_centres__D1_10_3 C4,,True
118989,chapter-d1-neighbourhood-centres,Woollahra_DCP_2015__chapter_d1_neighbourhood_centres,Woollahra_DCP_2015__chapter_d1_neighbourhood_centres__D1_10_3 C5,,True
118991,chapter-d1-neighbourhood-centres,Woollahra_DCP_2015__chapter_d1_neighbourhood_centres,Woollahra_DCP_2015__chapter_d1_neighbourhood_centres__D1_10_3 C6,,True
118993,chapter-d1-neighbourhood-centres,Woollahra_DCP_2015__chapter_d1_neighbourhood_centres,Woollahra_DCP_2015__chapter_d1_neighbourhood_centres__D1_10_3 C7,,True
118995,chapter-d1-neighbourhood-centres,Woollahra_DCP_2015__chapter_d1_neighbourhood_centres,Woollahra_DCP_2015__chapter_d1_neighbourhood_centres__D1_10_3 C8,,True
118996,chapter-d1-neighbourhood-centres,Woollahra_DCP_2015__chapter_d1_neighbourhood_centres,Woollahra_DCP_2015__chapter_d1_neighbourhood_centres__D1_10_3 C9,,True
118983,chapter-d1-neighbourhood-centres,Woollahra_DCP_2015__chapter_d1_neighbourhood_centres,Woollahra_DCP_2015__chapter_d1_neighbourhood_centres__D1_10_3 O1,,True
118985,chapter-d1-neighbourhood-centres,Woollahra_DCP_2015__chapter_d1_neighbourhood_centres,Woollahra_DCP_2015__chapter_d1_neighbourhood_centres__D1_10_3 O2,,True
118990,chapter-d1-neighbourhood-centres,Woollahra_DCP_2015__chapter_d1_neighbourhood_centres,Woollahra_DCP_2015__chapter_d1_neighbourhood_centres__D1_10_3 O3,,True
118992,chapter-d1-neighbourhood-centres,Woollahra_DCP_2015__chapter_d1_neighbourhood_centres,Woollahra_DCP_2015__chapter_d1_neighbourhood_centres__D1_10_3 O4,,True
118994,chapter-d1-neighbourhood-centres,Woollahra_DCP_2015__chapter_d1_neighbourhood_centres,Woollahra_DCP_2015__chapter_d1_neighbourhood_centres__D1_10_3 O5,,True
118804,chapter-d1-neighbourhood-centres,Woollahra_DCP_2015__chapter_d1_neighbourhood_centres,Woollahra_DCP_2015__chapter_d1_neighbourhood_centres__D1_2_3 C1,,True
118816,chapter-d1-neighbourhood-centres,Woollahra_DCP_2015__chapter_d1_neighbourhood_centres,Woollahra_DCP_2015__chapter_d1_neighbourhood_centres__D1_2_3 C10,,True
118818,chapter-d1-neighbourhood-centres,Woollahra_DCP_2015__chapter_d1_neighbourhood_centres,Woollahra_DCP_2015__chapter_d1_neighbourhood_centres__D1_2_3 C11,,True
118819,chapter-d1-neighbourhood-centres,Woollahra_DCP_2015__chapter_d1_neighbourhood_centres,Woollahra_DCP_2015__chapter_d1_neighbourhood_centres__D1_2_3 C12,,True
118820,chapter-d1-neighbourhood-centres,Woollahra_DCP_2015__chapter_d1_neighbourhood_centres,Woollahra_DCP_2015__chapter_d1_neighbourhood_centres__D1_2_3 C13,,True
118822,chapter-d1-neighbourhood-centres,Woollahra_DCP_2015__chapter_d1_neighbourhood_centres,Woollahra_DCP_2015__chapter_d1_neighbourhood_centres__D1_2_3 C14,,True
118824,chapter-d1-neighbourhood-centres,Woollahra_DCP_2015__chapter_d1_neighbourhood_centres,Woollahra_DCP_2015__chapter_d1_neighbourhood_centres__D1_2_3 C15,,True
118805,chapter-d1-neighbourhood-centres,Woollahra_DCP_2015__chapter_d1_neighbourhood_centres,Woollahra_DCP_2015__chapter_d1_neighbourhood_centres__D1_2_3 C2,,True
118806,chapter-d1-neighbourhood-centres,Woollahra_DCP_2015__chapter_d1_neighbourhood_centres,Woollahra_DCP_2015__chapter_d1_neighbourhood_centres__D1_2_3 C3,,True
118808,chapter-d1-neighbourhood-centres,Woollahra_DCP_2015__chapter_d1_neighbourhood_centres,Woollahra_DCP_2015__chapter_d1_neighbourhood_centres__D1_2_3 C4,,True
118809,chapter-d1-neighbourhood-centres,Woollahra_DCP_2015__chapter_d1_neighbourhood_centres,Woollahra_DCP_2015__chapter_d1_neighbourhood_centres__D1_2_3 C5,,True
118811,chapter-d1-neighbourhood-centres,Woollahra_DCP_2015__chapter_d1_neighbourhood_centres,Woollahra_DCP_2015__chapter_d1_neighbourhood_centres__D1_2_3 C6,,True
118812,chapter-d1-neighbourhood-centres,Woollahra_DCP_2015__chapter_d1_neighbourhood_centres,Woollahra_DCP_2015__chapter_d1_neighbourhood_centres__D1_2_3 C7,,True
118813,chapter-d1-neighbourhood-centres,Woollahra_DCP_2015__chapter_d1_neighbourhood_centres,Woollahra_DCP_2015__chapter_d1_neighbourhood_centres__D1_2_3 C8,,True
118814,chapter-d1-neighbourhood-centres,Woollahra_DCP_2015__chapter_d1_neighbourhood_centres,Woollahra_DCP_2015__chapter_d1_neighbourhood_centres__D1_2_3 C9,,True
118803,chapter-d1-neighbourhood-centres,Woollahra_DCP_2015__chapter_d1_neighbourhood_centres,Woollahra_DCP_2015__chapter_d1_neighbourhood_centres__D1_2_3 O1,,True
118807,chapter-d1-neighbourhood-centres,Woollahra_DCP_2015__chapter_d1_neighbourhood_centres,Woollahra_DCP_2015__chapter_d1_neighbourhood_centres__D1_2_3 O2,,True
118810,chapter-d1-neighbourhood-centres,Woollahra_DCP_2015__chapter_d1_neighbourhood_centres,Woollahra_DCP_2015__chapter_d1_neighbourhood_centres__D1_2_3 O3,,True
118815,chapter-d1-neighbourhood-centres,Woollahra_DCP_2015__chapter_d1_neighbourhood_centres,Woollahra_DCP_2015__chapter_d1_neighbourhood_centres__D1_2_3 O4,,True
118817,chapter-d1-neighbourhood-centres,Woollahra_DCP_2015__chapter_d1_neighbourhood_centres,Woollahra_DCP_2015__chapter_d1_neighbourhood_centres__D1_2_3 O5,,True
118821,chapter-d1-neighbourhood-centres,Woollahra_DCP_2015__chapter_d1_neighbourhood_centres,Woollahra_DCP_2015__chapter_d1_neighbourhood_centres__D1_2_3 O6,,True
118823,chapter-d1-neighbourhood-centres,Woollahra_DCP_2015__chapter_d1_neighbourhood_centres,Woollahra_DCP_2015__chapter_d1_neighbourhood_centres__D1_2_3 O7,,True
118826,chapter-d1-neighbourhood-centres,Woollahra_DCP_2015__chapter_d1_neighbourhood_centres,Woollahra_DCP_2015__chapter_d1_neighbourhood_centres__D1_3_3 C1,,True
118827,chapter-d1-neighbourhood-centres,Woollahra_DCP_2015__chapter_d1_neighbourhood_centres,Woollahra_DCP_2015__chapter_d1_neighbourhood_centres__D1_3_3 C2,,True
118828,chapter-d1-neighbourhood-centres,Woollahra_DCP_2015__chapter_d1_neighbourhood_centres,Woollahra_DCP_2015__chapter_d1_neighbourhood_centres__D1_3_3 C3,,True
118830,chapter-d1-neighbourhood-centres,Woollahra_DCP_2015__chapter_d1_neighbourhood_centres,Woollahra_DCP_2015__chapter_d1_neighbourhood_centres__D1_3_3 C4,,True
118831,chapter-d1-neighbourhood-centres,Woollahra_DCP_2015__chapter_d1_neighbourhood_centres,Woollahra_DCP_2015__chapter_d1_neighbourhood_centres__D1_3_3 C5,,True
118832,chapter-d1-neighbourhood-centres,Woollahra_DCP_2015__chapter_d1_neighbourhood_centres,Woollahra_DCP_2015__chapter_d1_neighbourhood_centres__D1_3_3 C6,,True
118833,chapter-d1-neighbourhood-centres,Woollahra_DCP_2015__chapter_d1_neighbourhood_centres,Woollahra_DCP_2015__chapter_d1_neighbourhood_centres__D1_3_3 C7,,True
118835,chapter-d1-neighbourhood-centres,Woollahra_DCP_2015__chapter_d1_neighbourhood_centres,Woollahra_DCP_2015__chapter_d1_neighbourhood_centres__D1_3_3 C8,,True
118825,chapter-d1-neighbourhood-centres,Woollahra_DCP_2015__chapter_d1_neighbourhood_centres,Woollahra_DCP_2015__chapter_d1_neighbourhood_centres__D1_3_3 O1,,True
118829,chapter-d1-neighbourhood-centres,Woollahra_DCP_2015__chapter_d1_neighbourhood_centres,Woollahra_DCP_2015__chapter_d1_neighbourhood_centres__D1_3_3 O2,,True
118834,chapter-d1-neighbourhood-centres,Woollahra_DCP_2015__chapter_d1_neighbourhood_centres,Woollahra_DCP_2015__chapter_d1_neighbourhood_centres__D1_3_3 O3,,True
118837,chapter-d1-neighbourhood-centres,Woollahra_DCP_2015__chapter_d1_neighbourhood_centres,Woollahra_DCP_2015__chapter_d1_neighbourhood_centres__D1_4_3 C1,,True
118849,chapter-d1-neighbourhood-centres,Woollahra_DCP_2015__chapter_d1_neighbourhood_centres,Woollahra_DCP_2015__chapter_d1_neighbourhood_centres__D1_4_3 C10,,True
118851,chapter-d1-neighbourhood-centres,Woollahra_DCP_2015__chapter_d1_neighbourhood_centres,Woollahra_DCP_2015__chapter_d1_neighbourhood_centres__D1_4_3 C11,,True
118852,chapter-d1-neighbourhood-centres,Woollahra_DCP_2015__chapter_d1_neighbourhood_centres,Woollahra_DCP_2015__chapter_d1_neighbourhood_centres__D1_4_3 C12,,True
118854,chapter-d1-neighbourhood-centres,Woollahra_DCP_2015__chapter_d1_neighbourhood_centres,Woollahra_DCP_2015__chapter_d1_neighbourhood_centres__D1_4_3 C13,,True
118855,chapter-d1-neighbourhood-centres,Woollahra_DCP_2015__chapter_d1_neighbourhood_centres,Woollahra_DCP_2015__chapter_d1_neighbourhood_centres__D1_4_3 C14,,True
118856,chapter-d1-neighbourhood-centres,Woollahra_DCP_2015__chapter_d1_neighbourhood_centres,Woollahra_DCP_2015__chapter_d1_neighbourhood_centres__D1_4_3 C15,,True
118857,chapter-d1-neighbourhood-centres,Woollahra_DCP_2015__chapter_d1_neighbourhood_centres,Woollahra_DCP_2015__chapter_d1_neighbourhood_centres__D1_4_3 C16,,True
118859,chapter-d1-neighbourhood-centres,Woollahra_DCP_2015__chapter_d1_neighbourhood_centres,Woollahra_DCP_2015__chapter_d1_neighbourhood_centres__D1_4_3 C17,,True
118838,chapter-d1-neighbourhood-centres,Woollahra_DCP_2015__chapter_d1_neighbourhood_centres,Woollahra_DCP_2015__chapter_d1_neighbourhood_centres__D1_4_3 C2,,True
118839,chapter-d1-neighbourhood-centres,Woollahra_DCP_2015__chapter_d1_neighbourhood_centres,Woollahra_DCP_2015__chapter_d1_neighbourhood_centres__D1_4_3 C3,,True
118841,chapter-d1-neighbourhood-centres,Woollahra_DCP_2015__chapter_d1_neighbourhood_centres,Woollahra_DCP_2015__chapter_d1_neighbourhood_centres__D1_4_3 C4,,True
118843,chapter-d1-neighbourhood-centres,Woollahra_DCP_2015__chapter_d1_neighbourhood_centres,Woollahra_DCP_2015__chapter_d1_neighbourhood_centres__D1_4_3 C5,,True
118844,chapter-d1-neighbourhood-centres,Woollahra_DCP_2015__chapter_d1_neighbourhood_centres,Woollahra_DCP_2015__chapter_d1_neighbourhood_centres__D1_4_3 C6,,True
118845,chapter-d1-neighbourhood-centres,Woollahra_DCP_2015__chapter_d1_neighbourhood_centres,Woollahra_DCP_2015__chapter_d1_neighbourhood_centres__D1_4_3 C7,,True
118846,chapter-d1-neighbourhood-centres,Woollahra_DCP_2015__chapter_d1_neighbourhood_centres,Woollahra_DCP_2015__chapter_d1_neighbourhood_centres__D1_4_3 C8,,True
118847,chapter-d1-neighbourhood-centres,Woollahra_DCP_2015__chapter_d1_neighbourhood_centres,Woollahra_DCP_2015__chapter_d1_neighbourhood_centres__D1_4_3 C9,,True
118836,chapter-d1-neighbourhood-centres,Woollahra_DCP_2015__chapter_d1_neighbourhood_centres,Woollahra_DCP_2015__chapter_d1_neighbourhood_centres__D1_4_3 O1,,True
118840,chapter-d1-neighbourhood-centres,Woollahra_DCP_2015__chapter_d1_neighbourhood_centres,Woollahra_DCP_2015__chapter_d1_neighbourhood_centres__D1_4_3 O2,,True
118842,chapter-d1-neighbourhood-centres,Woollahra_DCP_2015__chapter_d1_neighbourhood_centres,Woollahra_DCP_2015__chapter_d1_neighbourhood_centres__D1_4_3 O3,,True
118848,chapter-d1-neighbourhood-centres,Woollahra_DCP_2015__chapter_d1_neighbourhood_centres,Woollahra_DCP_2015__chapter_d1_neighbourhood_centres__D1_4_3 O4,,True
118850,chapter-d1-neighbourhood-centres,Woollahra_DCP_2015__chapter_d1_neighbourhood_centres,Woollahra_DCP_2015__chapter_d1_neighbourhood_centres__D1_4_3 O5,,True
118853,chapter-d1-neighbourhood-centres,Woollahra_DCP_2015__chapter_d1_neighbourhood_centres,Woollahra_DCP_2015__chapter_d1_neighbourhood_centres__D1_4_3 O6,,True
118858,chapter-d1-neighbourhood-centres,Woollahra_DCP_2015__chapter_d1_neighbourhood_centres,Woollahra_DCP_2015__chapter_d1_neighbourhood_centres__D1_4_3 O7,,True
118861,chapter-d1-neighbourhood-centres,Woollahra_DCP_2015__chapter_d1_neighbourhood_centres,Woollahra_DCP_2015__chapter_d1_neighbourhood_centres__D1_5_3 C1,,True
118872,chapter-d1-neighbourhood-centres,Woollahra_DCP_2015__chapter_d1_neighbourhood_centres,Woollahra_DCP_2015__chapter_d1_neighbourhood_centres__D1_5_3 C10,,True
118873,chapter-d1-neighbourhood-centres,Woollahra_DCP_2015__chapter_d1_neighbourhood_centres,Woollahra_DCP_2015__chapter_d1_neighbourhood_centres__D1_5_3 C11,,True
118874,chapter-d1-neighbourhood-centres,Woollahra_DCP_2015__chapter_d1_neighbourhood_centres,Woollahra_DCP_2015__chapter_d1_neighbourhood_centres__D1_5_3 C12,,True
118875,chapter-d1-neighbourhood-centres,Woollahra_DCP_2015__chapter_d1_neighbourhood_centres,Woollahra_DCP_2015__chapter_d1_neighbourhood_centres__D1_5_3 C13,,True
118876,chapter-d1-neighbourhood-centres,Woollahra_DCP_2015__chapter_d1_neighbourhood_centres,Woollahra_DCP_2015__chapter_d1_neighbourhood_centres__D1_5_3 C14,,True
118877,chapter-d1-neighbourhood-centres,Woollahra_DCP_2015__chapter_d1_neighbourhood_centres,Woollahra_DCP_2015__chapter_d1_neighbourhood_centres__D1_5_3 C15,,True
118878,chapter-d1-neighbourhood-centres,Woollahra_DCP_2015__chapter_d1_neighbourhood_centres,Woollahra_DCP_2015__chapter_d1_neighbourhood_centres__D1_5_3 C16,,True
118879,chapter-d1-neighbourhood-centres,Woollahra_DCP_2015__chapter_d1_neighbourhood_centres,Woollahra_DCP_2015__chapter_d1_neighbourhood_centres__D1_5_3 C17,,True
118880,chapter-d1-neighbourhood-centres,Woollahra_DCP_2015__chapter_d1_neighbourhood_centres,Woollahra_DCP_2015__chapter_d1_neighbourhood_centres__D1_5_3 C18,,True
118881,chapter-d1-neighbourhood-centres,Woollahra_DCP_2015__chapter_d1_neighbourhood_centres,Woollahra_DCP_2015__chapter_d1_neighbourhood_centres__D1_5_3 C19,,True
118862,chapter-d1-neighbourhood-centres,Woollahra_DCP_2015__chapter_d1_neighbourhood_centres,Woollahra_DCP_2015__chapter_d1_neighbourhood_centres__D1_5_3 C2,,True
118883,chapter-d1-neighbourhood-centres,Woollahra_DCP_2015__chapter_d1_neighbourhood_centres,Woollahra_DCP_2015__chapter_d1_neighbourhood_centres__D1_5_3 C20,,True
118884,chapter-d1-neighbourhood-centres,Woollahra_DCP_2015__chapter_d1_neighbourhood_centres,Woollahra_DCP_2015__chapter_d1_neighbourhood_centres__D1_5_3 C21,,True
118885,chapter-d1-neighbourhood-centres,Woollahra_DCP_2015__chapter_d1_neighbourhood_centres,Woollahra_DCP_2015__chapter_d1_neighbourhood_centres__D1_5_3 C22,,True
118887,chapter-d1-neighbourhood-centres,Woollahra_DCP_2015__chapter_d1_neighbourhood_centres,Woollahra_DCP_2015__chapter_d1_neighbourhood_centres__D1_5_3 C23,,True
118889,chapter-d1-neighbourhood-centres,Woollahra_DCP_2015__chapter_d1_neighbourhood_centres,Woollahra_DCP_2015__chapter_d1_neighbourhood_centres__D1_5_3 C24,,True
118890,chapter-d1-neighbourhood-centres,Woollahra_DCP_2015__chapter_d1_neighbourhood_centres,Woollahra_DCP_2015__chapter_d1_neighbourhood_centres__D1_5_3 C25,,True
118891,chapter-d1-neighbourhood-centres,Woollahra_DCP_2015__chapter_d1_neighbourhood_centres,Woollahra_DCP_2015__chapter_d1_neighbourhood_centres__D1_5_3 C26,,True
118863,chapter-d1-neighbourhood-centres,Woollahra_DCP_2015__chapter_d1_neighbourhood_centres,Woollahra_DCP_2015__chapter_d1_neighbourhood_centres__D1_5_3 C3,,True
118864,chapter-d1-neighbourhood-centres,Woollahra_DCP_2015__chapter_d1_neighbourhood_centres,Woollahra_DCP_2015__chapter_d1_neighbourhood_centres__D1_5_3 C4,,True
118866,chapter-d1-neighbourhood-centres,Woollahra_DCP_2015__chapter_d1_neighbourhood_centres,Woollahra_DCP_2015__chapter_d1_neighbourhood_centres__D1_5_3 C5,,True
118867,chapter-d1-neighbourhood-centres,Woollahra_DCP_2015__chapter_d1_neighbourhood_centres,Woollahra_DCP_2015__chapter_d1_neighbourhood_centres__D1_5_3 C6,,True
118868,chapter-d1-neighbourhood-centres,Woollahra_DCP_2015__chapter_d1_neighbourhood_centres,Woollahra_DCP_2015__chapter_d1_neighbourhood_centres__D1_5_3 C7,,True
118870,chapter-d1-neighbourhood-centres,Woollahra_DCP_2015__chapter_d1_neighbourhood_centres,Woollahra_DCP_2015__chapter_d1_neighbourhood_centres__D1_5_3 C8,,True
118871,chapter-d1-neighbourhood-centres,Woollahra_DCP_2015__chapter_d1_neighbourhood_centres,Woollahra_DCP_2015__chapter_d1_neighbourhood_centres__D1_5_3 C9,,True
118860,chapter-d1-neighbourhood-centres,Woollahra_DCP_2015__chapter_d1_neighbourhood_centres,Woollahra_DCP_2015__chapter_d1_neighbourhood_centres__D1_5_3 O1,,True
118865,chapter-d1-neighbourhood-centres,Woollahra_DCP_2015__chapter_d1_neighbourhood_centres,Woollahra_DCP_2015__chapter_d1_neighbourhood_centres__D1_5_3 O2,,True
118869,chapter-d1-neighbourhood-centres,Woollahra_DCP_2015__chapter_d1_neighbourhood_centres,Woollahra_DCP_2015__chapter_d1_neighbourhood_centres__D1_5_3 O3,,True
118882,chapter-d1-neighbourhood-centres,Woollahra_DCP_2015__chapter_d1_neighbourhood_centres,Woollahra_DCP_2015__chapter_d1_neighbourhood_centres__D1_5_3 O4,,True
118886,chapter-d1-neighbourhood-centres,Woollahra_DCP_2015__chapter_d1_neighbourhood_centres,Woollahra_DCP_2015__chapter_d1_neighbourhood_centres__D1_5_3 O5,,True
118888,chapter-d1-neighbourhood-centres,Woollahra_DCP_2015__chapter_d1_neighbourhood_centres,Woollahra_DCP_2015__chapter_d1_neighbourhood_centres__D1_5_3 O6,,True
118893,chapter-d1-neighbourhood-centres,Woollahra_DCP_2015__chapter_d1_neighbourhood_centres,Woollahra_DCP_2015__chapter_d1_neighbourhood_centres__D1_6_3 C1,,True
118895,chapter-d1-neighbourhood-centres,Woollahra_DCP_2015__chapter_d1_neighbourhood_centres,Woollahra_DCP_2015__chapter_d1_neighbourhood_centres__D1_6_3 C2,,True
118896,chapter-d1-neighbourhood-centres,Woollahra_DCP_2015__chapter_d1_neighbourhood_centres,Woollahra_DCP_2015__chapter_d1_neighbourhood_centres__D1_6_3 C3,,True
118898,chapter-d1-neighbourhood-centres,Woollahra_DCP_2015__chapter_d1_neighbourhood_centres,Woollahra_DCP_2015__chapter_d1_neighbourhood_centres__D1_6_3 C4,,True
118899,chapter-d1-neighbourhood-centres,Woollahra_DCP_2015__chapter_d1_neighbourhood_centres,Woollahra_DCP_2015__chapter_d1_neighbourhood_centres__D1_6_3 C5,,True
118901,chapter-d1-neighbourhood-centres,Woollahra_DCP_2015__chapter_d1_neighbourhood_centres,Woollahra_DCP_2015__chapter_d1_neighbourhood_centres__D1_6_3 C6,,True
118902,chapter-d1-neighbourhood-centres,Woollahra_DCP_2015__chapter_d1_neighbourhood_centres,Woollahra_DCP_2015__chapter_d1_neighbourhood_centres__D1_6_3 C7,,True
118904,chapter-d1-neighbourhood-centres,Woollahra_DCP_2015__chapter_d1_neighbourhood_centres,Woollahra_DCP_2015__chapter_d1_neighbourhood_centres__D1_6_3 C8,,True
118892,chapter-d1-neighbourhood-centres,Woollahra_DCP_2015__chapter_d1_neighbourhood_centres,Woollahra_DCP_2015__chapter_d1_neighbourhood_centres__D1_6_3 O1,,True
118894,chapter-d1-neighbourhood-centres,Woollahra_DCP_2015__chapter_d1_neighbourhood_centres,Woollahra_DCP_2015__chapter_d1_neighbourhood_centres__D1_6_3 O2,,True
118897,chapter-d1-neighbourhood-centres,Woollahra_DCP_2015__chapter_d1_neighbourhood_centres,Woollahra_DCP_2015__chapter_d1_neighbourhood_centres__D1_6_3 O3,,True
118900,chapter-d1-neighbourhood-centres,Woollahra_DCP_2015__chapter_d1_neighbourhood_centres,Woollahra_DCP_2015__chapter_d1_neighbourhood_centres__D1_6_3 O4,,True
118903,chapter-d1-neighbourhood-centres,Woollahra_DCP_2015__chapter_d1_neighbourhood_centres,Woollahra_DCP_2015__chapter_d1_neighbourhood_centres__D1_6_3 O5,,True
118906,chapter-d1-neighbourhood-centres,Woollahra_DCP_2015__chapter_d1_neighbourhood_centres,Woollahra_DCP_2015__chapter_d1_neighbourhood_centres__D1_7_3 C1,,True
118917,chapter-d1-neighbourhood-centres,Woollahra_DCP_2015__chapter_d1_neighbourhood_centres,Woollahra_DCP_2015__chapter_d1_neighbourhood_centres__D1_7_3 C10,,True
118918,chapter-d1-neighbourhood-centres,Woollahra_DCP_2015__chapter_d1_neighbourhood_centres,Woollahra_DCP_2015__chapter_d1_neighbourhood_centres__D1_7_3 C11,,True
118919,chapter-d1-neighbourhood-centres,Woollahra_DCP_2015__chapter_d1_neighbourhood_centres,Woollahra_DCP_2015__chapter_d1_neighbourhood_centres__D1_7_3 C12,,True
118920,chapter-d1-neighbourhood-centres,Woollahra_DCP_2015__chapter_d1_neighbourhood_centres,Woollahra_DCP_2015__chapter_d1_neighbourhood_centres__D1_7_3 C13,,True
118922,chapter-d1-neighbourhood-centres,Woollahra_DCP_2015__chapter_d1_neighbourhood_centres,Woollahra_DCP_2015__chapter_d1_neighbourhood_centres__D1_7_3 C14,,True
118923,chapter-d1-neighbourhood-centres,Woollahra_DCP_2015__chapter_d1_neighbourhood_centres,Woollahra_DCP_2015__chapter_d1_neighbourhood_centres__D1_7_3 C15,,True
118925,chapter-d1-neighbourhood-centres,Woollahra_DCP_2015__chapter_d1_neighbourhood_centres,Woollahra_DCP_2015__chapter_d1_neighbourhood_centres__D1_7_3 C16,,True
118927,chapter-d1-neighbourhood-centres,Woollahra_DCP_2015__chapter_d1_neighbourhood_centres,Woollahra_DCP_2015__chapter_d1_neighbourhood_centres__D1_7_3 C17,,True
118928,chapter-d1-neighbourhood-centres,Woollahra_DCP_2015__chapter_d1_neighbourhood_centres,Woollahra_DCP_2015__chapter_d1_neighbourhood_centres__D1_7_3 C18,,True
118929,chapter-d1-neighbourhood-centres,Woollahra_DCP_2015__chapter_d1_neighbourhood_centres,Woollahra_DCP_2015__chapter_d1_neighbourhood_centres__D1_7_3 C19,,True
118907,chapter-d1-neighbourhood-centres,Woollahra_DCP_2015__chapter_d1_neighbourhood_centres,Woollahra_DCP_2015__chapter_d1_neighbourhood_centres__D1_7_3 C2,,True
118931,chapter-d1-neighbourhood-centres,Woollahra_DCP_2015__chapter_d1_neighbourhood_centres,Woollahra_DCP_2015__chapter_d1_neighbourhood_centres__D1_7_3 C20,,True
118932,chapter-d1-neighbourhood-centres,Woollahra_DCP_2015__chapter_d1_neighbourhood_centres,Woollahra_DCP_2015__chapter_d1_neighbourhood_centres__D1_7_3 C21,,True
118908,chapter-d1-neighbourhood-centres,Woollahra_DCP_2015__chapter_d1_neighbourhood_centres,Woollahra_DCP_2015__chapter_d1_neighbourhood_centres__D1_7_3 C3,,True
118909,chapter-d1-neighbourhood-centres,Woollahra_DCP_2015__chapter_d1_neighbourhood_centres,Woollahra_DCP_2015__chapter_d1_neighbourhood_centres__D1_7_3 C4,,True
118911,chapter-d1-neighbourhood-centres,Woollahra_DCP_2015__chapter_d1_neighbourhood_centres,Woollahra_DCP_2015__chapter_d1_neighbourhood_centres__D1_7_3 C5,,True
118912,chapter-d1-neighbourhood-centres,Woollahra_DCP_2015__chapter_d1_neighbourhood_centres,Woollahra_DCP_2015__chapter_d1_neighbourhood_centres__D1_7_3 C6,,True
118913,chapter-d1-neighbourhood-centres,Woollahra_DCP_2015__chapter_d1_neighbourhood_centres,Woollahra_DCP_2015__chapter_d1_neighbourhood_centres__D1_7_3 C7,,True
118914,chapter-d1-neighbourhood-centres,Woollahra_DCP_2015__chapter_d1_neighbourhood_centres,Woollahra_DCP_2015__chapter_d1_neighbourhood_centres__D1_7_3 C8,,True
118915,chapter-d1-neighbourhood-centres,Woollahra_DCP_2015__chapter_d1_neighbourhood_centres,Woollahra_DCP_2015__chapter_d1_neighbourhood_centres__D1_7_3 C9,,True
118905,chapter-d1-neighbourhood-centres,Woollahra_DCP_2015__chapter_d1_neighbourhood_centres,Woollahra_DCP_2015__chapter_d1_neighbourhood_centres__D1_7_3 O1,,True
118910,chapter-d1-neighbourhood-centres,Woollahra_DCP_2015__chapter_d1_neighbourhood_centres,Woollahra_DCP_2015__chapter_d1_neighbourhood_centres__D1_7_3 O2,,True
118916,chapter-d1-neighbourhood-centres,Woollahra_DCP_2015__chapter_d1_neighbourhood_centres,Woollahra_DCP_2015__chapter_d1_neighbourhood_centres__D1_7_3 O3,,True
118921,chapter-d1-neighbourhood-centres,Woollahra_DCP_2015__chapter_d1_neighbourhood_centres,Woollahra_DCP_2015__chapter_d1_neighbourhood_centres__D1_7_3 O4,,True
118924,chapter-d1-neighbourhood-centres,Woollahra_DCP_2015__chapter_d1_neighbourhood_centres,Woollahra_DCP_2015__chapter_d1_neighbourhood_centres__D1_7_3 O5,,True
118926,chapter-d1-neighbourhood-centres,Woollahra_DCP_2015__chapter_d1_neighbourhood_centres,Woollahra_DCP_2015__chapter_d1_neighbourhood_centres__D1_7_3 O6,,True
118930,chapter-d1-neighbourhood-centres,Woollahra_DCP_2015__chapter_d1_neighbourhood_centres,Woollahra_DCP_2015__chapter_d1_neighbourhood_centres__D1_7_3 O7,,True
118934,chapter-d1-neighbourhood-centres,Woollahra_DCP_2015__chapter_d1_neighbourhood_centres,Woollahra_DCP_2015__chapter_d1_neighbourhood_centres__D1_8_3 C1,,True
118946,chapter-d1-neighbourhood-centres,Woollahra_DCP_2015__chapter_d1_neighbourhood_centres,Woollahra_DCP_2015__chapter_d1_neighbourhood_centres__D1_8_3 C10,,True
118948,chapter-d1-neighbourhood-centres,Woollahra_DCP_2015__chapter_d1_neighbourhood_centres,Woollahra_DCP_2015__chapter_d1_neighbourhood_centres__D1_8_3 C11,,True
118949,chapter-d1-neighbourhood-centres,Woollahra_DCP_2015__chapter_d1_neighbourhood_centres,Woollahra_DCP_2015__chapter_d1_neighbourhood_centres__D1_8_3 C12,,True
118951,chapter-d1-neighbourhood-centres,Woollahra_DCP_2015__chapter_d1_neighbourhood_centres,Woollahra_DCP_2015__chapter_d1_neighbourhood_centres__D1_8_3 C13,,True
118952,chapter-d1-neighbourhood-centres,Woollahra_DCP_2015__chapter_d1_neighbourhood_centres,Woollahra_DCP_2015__chapter_d1_neighbourhood_centres__D1_8_3 C14,,True
118953,chapter-d1-neighbourhood-centres,Woollahra_DCP_2015__chapter_d1_neighbourhood_centres,Woollahra_DCP_2015__chapter_d1_neighbourhood_centres__D1_8_3 C15,,True
118955,chapter-d1-neighbourhood-centres,Woollahra_DCP_2015__chapter_d1_neighbourhood_centres,Woollahra_DCP_2015__chapter_d1_neighbourhood_centres__D1_8_3 C16,,True
118956,chapter-d1-neighbourhood-centres,Woollahra_DCP_2015__chapter_d1_neighbourhood_centres,Woollahra_DCP_2015__chapter_d1_neighbourhood_centres__D1_8_3 C18,,True
118957,chapter-d1-neighbourhood-centres,Woollahra_DCP_2015__chapter_d1_neighbourhood_centres,Woollahra_DCP_2015__chapter_d1_neighbourhood_centres__D1_8_3 C19,,True
118936,chapter-d1-neighbourhood-centres,Woollahra_DCP_2015__chapter_d1_neighbourhood_centres,Woollahra_DCP_2015__chapter_d1_neighbourhood_centres__D1_8_3 C2,,True
118937,chapter-d1-neighbourhood-centres,Woollahra_DCP_2015__chapter_d1_neighbourhood_centres,Woollahra_DCP_2015__chapter_d1_neighbourhood_centres__D1_8_3 C3,,True
118938,chapter-d1-neighbourhood-centres,Woollahra_DCP_2015__chapter_d1_neighbourhood_centres,Woollahra_DCP_2015__chapter_d1_neighbourhood_centres__D1_8_3 C4,,True
118939,chapter-d1-neighbourhood-centres,Woollahra_DCP_2015__chapter_d1_neighbourhood_centres,Woollahra_DCP_2015__chapter_d1_neighbourhood_centres__D1_8_3 C5,,True
118941,chapter-d1-neighbourhood-centres,Woollahra_DCP_2015__chapter_d1_neighbourhood_centres,Woollahra_DCP_2015__chapter_d1_neighbourhood_centres__D1_8_3 C6,,True
118942,chapter-d1-neighbourhood-centres,Woollahra_DCP_2015__chapter_d1_neighbourhood_centres,Woollahra_DCP_2015__chapter_d1_neighbourhood_centres__D1_8_3 C7,,True
118943,chapter-d1-neighbourhood-centres,Woollahra_DCP_2015__chapter_d1_neighbourhood_centres,Woollahra_DCP_2015__chapter_d1_neighbourhood_centres__D1_8_3 C8,,True
118944,chapter-d1-neighbourhood-centres,Woollahra_DCP_2015__chapter_d1_neighbourhood_centres,Woollahra_DCP_2015__chapter_d1_neighbourhood_centres__D1_8_3 C9,,True
118933,chapter-d1-neighbourhood-centres,Woollahra_DCP_2015__chapter_d1_neighbourhood_centres,Woollahra_DCP_2015__chapter_d1_neighbourhood_centres__D1_8_3 O1,,True
118935,chapter-d1-neighbourhood-centres,Woollahra_DCP_2015__chapter_d1_neighbourhood_centres,Woollahra_DCP_2015__chapter_d1_neighbourhood_centres__D1_8_3 O2,,True
118940,chapter-d1-neighbourhood-centres,Woollahra_DCP_2015__chapter_d1_neighbourhood_centres,Woollahra_DCP_2015__chapter_d1_neighbourhood_centres__D1_8_3 O3,,True
118945,chapter-d1-neighbourhood-centres,Woollahra_DCP_2015__chapter_d1_neighbourhood_centres,Woollahra_DCP_2015__chapter_d1_neighbourhood_centres__D1_8_3 O4,,True
118947,chapter-d1-neighbourhood-centres,Woollahra_DCP_2015__chapter_d1_neighbourhood_centres,Woollahra_DCP_2015__chapter_d1_neighbourhood_centres__D1_8_3 O5,,True
118950,chapter-d1-neighbourhood-centres,Woollahra_DCP_2015__chapter_d1_neighbourhood_centres,Woollahra_DCP_2015__chapter_d1_neighbourhood_centres__D1_8_3 O6,,True
118954,chapter-d1-neighbourhood-centres,Woollahra_DCP_2015__chapter_d1_neighbourhood_centres,Woollahra_DCP_2015__chapter_d1_neighbourhood_centres__D1_8_3 O7,,True
118959,chapter-d1-neighbourhood-centres,Woollahra_DCP_2015__chapter_d1_neighbourhood_centres,Woollahra_DCP_2015__chapter_d1_neighbourhood_centres__D1_9_3 C1,,True
118972,chapter-d1-neighbourhood-centres,Woollahra_DCP_2015__chapter_d1_neighbourhood_centres,Woollahra_DCP_2015__chapter_d1_neighbourhood_centres__D1_9_3 C10,,True
118973,chapter-d1-neighbourhood-centres,Woollahra_DCP_2015__chapter_d1_neighbourhood_centres,Woollahra_DCP_2015__chapter_d1_neighbourhood_centres__D1_9_3 C11,,True
118975,chapter-d1-neighbourhood-centres,Woollahra_DCP_2015__chapter_d1_neighbourhood_centres,Woollahra_DCP_2015__chapter_d1_neighbourhood_centres__D1_9_3 C12,,True
118977,chapter-d1-neighbourhood-centres,Woollahra_DCP_2015__chapter_d1_neighbourhood_centres,Woollahra_DCP_2015__chapter_d1_neighbourhood_centres__D1_9_3 C13,,True
118979,chapter-d1-neighbourhood-centres,Woollahra_DCP_2015__chapter_d1_neighbourhood_centres,Woollahra_DCP_2015__chapter_d1_neighbourhood_centres__D1_9_3 C14,,True
118980,chapter-d1-neighbourhood-centres,Woollahra_DCP_2015__chapter_d1_neighbourhood_centres,Woollahra_DCP_2015__chapter_d1_neighbourhood_centres__D1_9_3 C15,,True
118982,chapter-d1-neighbourhood-centres,Woollahra_DCP_2015__chapter_d1_neighbourhood_centres,Woollahra_DCP_2015__chapter_d1_neighbourhood_centres__D1_9_3 C16,,True
118960,chapter-d1-neighbourhood-centres,Woollahra_DCP_2015__chapter_d1_neighbourhood_centres,Woollahra_DCP_2015__chapter_d1_neighbourhood_centres__D1_9_3 C2,,True
118961,chapter-d1-neighbourhood-centres,Woollahra_DCP_2015__chapter_d1_neighbourhood_centres,Woollahra_DCP_2015__chapter_d1_neighbourhood_centres__D1_9_3 C3,,True
118963,chapter-d1-neighbourhood-centres,Woollahra_DCP_2015__chapter_d1_neighbourhood_centres,Woollahra_DCP_2015__chapter_d1_neighbourhood_centres__D1_9_3 C4,,True
118965,chapter-d1-neighbourhood-centres,Woollahra_DCP_2015__chapter_d1_neighbourhood_centres,Woollahra_DCP_2015__chapter_d1_neighbourhood_centres__D1_9_3 C5,,True
118967,chapter-d1-neighbourhood-centres,Woollahra_DCP_2015__chapter_d1_neighbourhood_centres,Woollahra_DCP_2015__chapter_d1_neighbourhood_centres__D1_9_3 C6,,True
118968,chapter-d1-neighbourhood-centres,Woollahra_DCP_2015__chapter_d1_neighbourhood_centres,Woollahra_DCP_2015__chapter_d1_neighbourhood_centres__D1_9_3 C7,,True
118969,chapter-d1-neighbourhood-centres,Woollahra_DCP_2015__chapter_d1_neighbourhood_centres,Woollahra_DCP_2015__chapter_d1_neighbourhood_centres__D1_9_3 C8,,True
118971,chapter-d1-neighbourhood-centres,Woollahra_DCP_2015__chapter_d1_neighbourhood_centres,Woollahra_DCP_2015__chapter_d1_neighbourhood_centres__D1_9_3 C9,,True
118958,chapter-d1-neighbourhood-centres,Woollahra_DCP_2015__chapter_d1_neighbourhood_centres,Woollahra_DCP_2015__chapter_d1_neighbourhood_centres__D1_9_3 O1,,True
118962,chapter-d1-neighbourhood-centres,Woollahra_DCP_2015__chapter_d1_neighbourhood_centres,Woollahra_DCP_2015__chapter_d1_neighbourhood_centres__D1_9_3 O2,,True
118964,chapter-d1-neighbourhood-centres,Woollahra_DCP_2015__chapter_d1_neighbourhood_centres,Woollahra_DCP_2015__chapter_d1_neighbourhood_centres__D1_9_3 O3,,True
118966,chapter-d1-neighbourhood-centres,Woollahra_DCP_2015__chapter_d1_neighbourhood_centres,Woollahra_DCP_2015__chapter_d1_neighbourhood_centres__D1_9_3 O4,,True
118970,chapter-d1-neighbourhood-centres,Woollahra_DCP_2015__chapter_d1_neighbourhood_centres,Woollahra_DCP_2015__chapter_d1_neighbourhood_centres__D1_9_3 O5,,True
118974,chapter-d1-neighbourhood-centres,Woollahra_DCP_2015__chapter_d1_neighbourhood_centres,Woollahra_DCP_2015__chapter_d1_neighbourhood_centres__D1_9_3 O6,,True
118976,chapter-d1-neighbourhood-centres,Woollahra_DCP_2015__chapter_d1_neighbourhood_centres,Woollahra_DCP_2015__chapter_d1_neighbourhood_centres__D1_9_3 O7,,True
118978,chapter-d1-neighbourhood-centres,Woollahra_DCP_2015__chapter_d1_neighbourhood_centres,Woollahra_DCP_2015__chapter_d1_neighbourhood_centres__D1_9_3 O8,,True
118981,chapter-d1-neighbourhood-centres,Woollahra_DCP_2015__chapter_d1_neighbourhood_centres,Woollahra_DCP_2015__chapter_d1_neighbourhood_centres__D1_9_3 O9,,True
119011,chapter-d2-mixed-use-centres,Woollahra_DCP_2015__chapter_d2_mixed_use_centres,Woollahra_DCP_2015__chapter_d2_mixed_use_centres__D2_1_3 C10,,True
119012,chapter-d2-mixed-use-centres,Woollahra_DCP_2015__chapter_d2_mixed_use_centres,Woollahra_DCP_2015__chapter_d2_mixed_use_centres__D2_1_3 C11,,True
119013,chapter-d2-mixed-use-centres,Woollahra_DCP_2015__chapter_d2_mixed_use_centres,Woollahra_DCP_2015__chapter_d2_mixed_use_centres__D2_1_3 C12,,True
119014,chapter-d2-mixed-use-centres,Woollahra_DCP_2015__chapter_d2_mixed_use_centres,Woollahra_DCP_2015__chapter_d2_mixed_use_centres__D2_1_3 C13,,True
119015,chapter-d2-mixed-use-centres,Woollahra_DCP_2015__chapter_d2_mixed_use_centres,Woollahra_DCP_2015__chapter_d2_mixed_use_centres__D2_1_3 C14,,True
119016,chapter-d2-mixed-use-centres,Woollahra_DCP_2015__chapter_d2_mixed_use_centres,Woollahra_DCP_2015__chapter_d2_mixed_use_centres__D2_1_3 C15,,True
119017,chapter-d2-mixed-use-centres,Woollahra_DCP_2015__chapter_d2_mixed_use_centres,Woollahra_DCP_2015__chapter_d2_mixed_use_centres__D2_1_3 C16,,True
119018,chapter-d2-mixed-use-centres,Woollahra_DCP_2015__chapter_d2_mixed_use_centres,Woollahra_DCP_2015__chapter_d2_mixed_use_centres__D2_1_3 C17,,True
119019,chapter-d2-mixed-use-centres,Woollahra_DCP_2015__chapter_d2_mixed_use_centres,Woollahra_DCP_2015__chapter_d2_mixed_use_centres__D2_1_3 C18,,True
119020,chapter-d2-mixed-use-centres,Woollahra_DCP_2015__chapter_d2_mixed_use_centres,Woollahra_DCP_2015__chapter_d2_mixed_use_centres__D2_1_3 C19,,True
119021,chapter-d2-mixed-use-centres,Woollahra_DCP_2015__chapter_d2_mixed_use_centres,Woollahra_DCP_2015__chapter_d2_mixed_use_centres__D2_1_3 C20,,True
119022,chapter-d2-mixed-use-centres,Woollahra_DCP_2015__chapter_d2_mixed_use_centres,Woollahra_DCP_2015__chapter_d2_mixed_use_centres__D2_1_3 C21,,True
118998,chapter-d2-mixed-use-centres,Woollahra_DCP_2015__chapter_d2_mixed_use_centres,Woollahra_DCP_2015__chapter_d2_mixed_use_centres__D2_1_3 O1,,True
119007,chapter-d2-mixed-use-centres,Woollahra_DCP_2015__chapter_d2_mixed_use_centres,Woollahra_DCP_2015__chapter_d2_mixed_use_centres__D2_1_3 O10,,True
119008,chapter-d2-mixed-use-centres,Woollahra_DCP_2015__chapter_d2_mixed_use_centres,Woollahra_DCP_2015__chapter_d2_mixed_use_centres__D2_1_3 O11,,True
119009,chapter-d2-mixed-use-centres,Woollahra_DCP_2015__chapter_d2_mixed_use_centres,Woollahra_DCP_2015__chapter_d2_mixed_use_centres__D2_1_3 O12,,True
119010,chapter-d2-mixed-use-centres,Woollahra_DCP_2015__chapter_d2_mixed_use_centres,Woollahra_DCP_2015__chapter_d2_mixed_use_centres__D2_1_3 O13,,True
118999,chapter-d2-mixed-use-centres,Woollahra_DCP_2015__chapter_d2_mixed_use_centres,Woollahra_DCP_2015__chapter_d2_mixed_use_centres__D2_1_3 O2,,True
119000,chapter-d2-mixed-use-centres,Woollahra_DCP_2015__chapter_d2_mixed_use_centres,Woollahra_DCP_2015__chapter_d2_mixed_use_centres__D2_1_3 O3,,True
119001,chapter-d2-mixed-use-centres,Woollahra_DCP_2015__chapter_d2_mixed_use_centres,Woollahra_DCP_2015__chapter_d2_mixed_use_centres__D2_1_3 O4,,True
119002,chapter-d2-mixed-use-centres,Woollahra_DCP_2015__chapter_d2_mixed_use_centres,Woollahra_DCP_2015__chapter_d2_mixed_use_centres__D2_1_3 O5,,True
119003,chapter-d2-mixed-use-centres,Woollahra_DCP_2015__chapter_d2_mixed_use_centres,Woollahra_DCP_2015__chapter_d2_mixed_use_centres__D2_1_3 O6,,True
119004,chapter-d2-mixed-use-centres,Woollahra_DCP_2015__chapter_d2_mixed_use_centres,Woollahra_DCP_2015__chapter_d2_mixed_use_centres__D2_1_3 O7,,True
119005,chapter-d2-mixed-use-centres,Woollahra_DCP_2015__chapter_d2_mixed_use_centres,Woollahra_DCP_2015__chapter_d2_mixed_use_centres__D2_1_3 O8,,True
119006,chapter-d2-mixed-use-centres,Woollahra_DCP_2015__chapter_d2_mixed_use_centres,Woollahra_DCP_2015__chapter_d2_mixed_use_centres__D2_1_3 O9,,True
119024,chapter-d2-mixed-use-centres,Woollahra_DCP_2015__chapter_d2_mixed_use_centres,Woollahra_DCP_2015__chapter_d2_mixed_use_centres__D2_3_3 C1,,True
119037,chapter-d2-mixed-use-centres,Woollahra_DCP_2015__chapter_d2_mixed_use_centres,Woollahra_DCP_2015__chapter_d2_mixed_use_centres__D2_3_3 C10,,True
119039,chapter-d2-mixed-use-centres,Woollahra_DCP_2015__chapter_d2_mixed_use_centres,Woollahra_DCP_2015__chapter_d2_mixed_use_centres__D2_3_3 C11,,True
119040,chapter-d2-mixed-use-centres,Woollahra_DCP_2015__chapter_d2_mixed_use_centres,Woollahra_DCP_2015__chapter_d2_mixed_use_centres__D2_3_3 C12,,True
119041,chapter-d2-mixed-use-centres,Woollahra_DCP_2015__chapter_d2_mixed_use_centres,Woollahra_DCP_2015__chapter_d2_mixed_use_centres__D2_3_3 C13,,True
119025,chapter-d2-mixed-use-centres,Woollahra_DCP_2015__chapter_d2_mixed_use_centres,Woollahra_DCP_2015__chapter_d2_mixed_use_centres__D2_3_3 C2,,True
119027,chapter-d2-mixed-use-centres,Woollahra_DCP_2015__chapter_d2_mixed_use_centres,Woollahra_DCP_2015__chapter_d2_mixed_use_centres__D2_3_3 C3,,True
119028,chapter-d2-mixed-use-centres,Woollahra_DCP_2015__chapter_d2_mixed_use_centres,Woollahra_DCP_2015__chapter_d2_mixed_use_centres__D2_3_3 C4,,True
119029,chapter-d2-mixed-use-centres,Woollahra_DCP_2015__chapter_d2_mixed_use_centres,Woollahra_DCP_2015__chapter_d2_mixed_use_centres__D2_3_3 C5,,True
119030,chapter-d2-mixed-use-centres,Woollahra_DCP_2015__chapter_d2_mixed_use_centres,Woollahra_DCP_2015__chapter_d2_mixed_use_centres__D2_3_3 C6,,True
119032,chapter-d2-mixed-use-centres,Woollahra_DCP_2015__chapter_d2_mixed_use_centres,Woollahra_DCP_2015__chapter_d2_mixed_use_centres__D2_3_3 C7,,True
119033,chapter-d2-mixed-use-centres,Woollahra_DCP_2015__chapter_d2_mixed_use_centres,Woollahra_DCP_2015__chapter_d2_mixed_use_centres__D2_3_3 C8,,True
119035,chapter-d2-mixed-use-centres,Woollahra_DCP_2015__chapter_d2_mixed_use_centres,Woollahra_DCP_2015__chapter_d2_mixed_use_centres__D2_3_3 C9,,True
119023,chapter-d2-mixed-use-centres,Woollahra_DCP_2015__chapter_d2_mixed_use_centres,Woollahra_DCP_2015__chapter_d2_mixed_use_centres__D2_3_3 O1,,True
119026,chapter-d2-mixed-use-centres,Woollahra_DCP_2015__chapter_d2_mixed_use_centres,Woollahra_DCP_2015__chapter_d2_mixed_use_centres__D2_3_3 O2,,True
119031,chapter-d2-mixed-use-centres,Woollahra_DCP_2015__chapter_d2_mixed_use_centres,Woollahra_DCP_2015__chapter_d2_mixed_use_centres__D2_3_3 O3,,True
119034,chapter-d2-mixed-use-centres,Woollahra_DCP_2015__chapter_d2_mixed_use_centres,Woollahra_DCP_2015__chapter_d2_mixed_use_centres__D2_3_3 O4,,True
119036,chapter-d2-mixed-use-centres,Woollahra_DCP_2015__chapter_d2_mixed_use_centres,Woollahra_DCP_2015__chapter_d2_mixed_use_centres__D2_3_3 O5,,True
119038,chapter-d2-mixed-use-centres,Woollahra_DCP_2015__chapter_d2_mixed_use_centres,Woollahra_DCP_2015__chapter_d2_mixed_use_centres__D2_3_3 O6,,True
119043,chapter-d2-mixed-use-centres,Woollahra_DCP_2015__chapter_d2_mixed_use_centres,Woollahra_DCP_2015__chapter_d2_mixed_use_centres__D2_4_3 C1,,True
119057,chapter-d2-mixed-use-centres,Woollahra_DCP_2015__chapter_d2_mixed_use_centres,Woollahra_DCP_2015__chapter_d2_mixed_use_centres__D2_4_3 C10,,True
119060,chapter-d2-mixed-use-centres,Woollahra_DCP_2015__chapter_d2_mixed_use_centres,Woollahra_DCP_2015__chapter_d2_mixed_use_centres__D2_4_3 C11,,True
119062,chapter-d2-mixed-use-centres,Woollahra_DCP_2015__chapter_d2_mixed_use_centres,Woollahra_DCP_2015__chapter_d2_mixed_use_centres__D2_4_3 C12,,True
119063,chapter-d2-mixed-use-centres,Woollahra_DCP_2015__chapter_d2_mixed_use_centres,Woollahra_DCP_2015__chapter_d2_mixed_use_centres__D2_4_3 C13,,True
119044,chapter-d2-mixed-use-centres,Woollahra_DCP_2015__chapter_d2_mixed_use_centres,Woollahra_DCP_2015__chapter_d2_mixed_use_centres__D2_4_3 C2,,True
119046,chapter-d2-mixed-use-centres,Woollahra_DCP_2015__chapter_d2_mixed_use_centres,Woollahra_DCP_2015__chapter_d2_mixed_use_centres__D2_4_3 C3,,True
119047,chapter-d2-mixed-use-centres,Woollahra_DCP_2015__chapter_d2_mixed_use_centres,Woollahra_DCP_2015__chapter_d2_mixed_use_centres__D2_4_3 C4,,True
119048,chapter-d2-mixed-use-centres,Woollahra_DCP_2015__chapter_d2_mixed_use_centres,Woollahra_DCP_2015__chapter_d2_mixed_use_centres__D2_4_3 C5,,True
119049,chapter-d2-mixed-use-centres,Woollahra_DCP_2015__chapter_d2_mixed_use_centres,Woollahra_DCP_2015__chapter_d2_mixed_use_centres__D2_4_3 C6,,True
119051,chapter-d2-mixed-use-centres,Woollahra_DCP_2015__chapter_d2_mixed_use_centres,Woollahra_DCP_2015__chapter_d2_mixed_use_centres__D2_4_3 C7,,True
119054,chapter-d2-mixed-use-centres,Woollahra_DCP_2015__chapter_d2_mixed_use_centres,Woollahra_DCP_2015__chapter_d2_mixed_use_centres__D2_4_3 C8,,True
119055,chapter-d2-mixed-use-centres,Woollahra_DCP_2015__chapter_d2_mixed_use_centres,Woollahra_DCP_2015__chapter_d2_mixed_use_centres__D2_4_3 C9,,True
119042,chapter-d2-mixed-use-centres,Woollahra_DCP_2015__chapter_d2_mixed_use_centres,Woollahra_DCP_2015__chapter_d2_mixed_use_centres__D2_4_3 O1,,True
119045,chapter-d2-mixed-use-centres,Woollahra_DCP_2015__chapter_d2_mixed_use_centres,Woollahra_DCP_2015__chapter_d2_mixed_use_centres__D2_4_3 O2,,True
119050,chapter-d2-mixed-use-centres,Woollahra_DCP_2015__chapter_d2_mixed_use_centres,Woollahra_DCP_2015__chapter_d2_mixed_use_centres__D2_4_3 O3,,True
119052,chapter-d2-mixed-use-centres,Woollahra_DCP_2015__chapter_d2_mixed_use_centres,Woollahra_DCP_2015__chapter_d2_mixed_use_centres__D2_4_3 O4,,True
119053,chapter-d2-mixed-use-centres,Woollahra_DCP_2015__chapter_d2_mixed_use_centres,Woollahra_DCP_2015__chapter_d2_mixed_use_centres__D2_4_3 O5,,True
119056,chapter-d2-mixed-use-centres,Woollahra_DCP_2015__chapter_d2_mixed_use_centres,Woollahra_DCP_2015__chapter_d2_mixed_use_centres__D2_4_3 O6,,True
119058,chapter-d2-mixed-use-centres,Woollahra_DCP_2015__chapter_d2_mixed_use_centres,Woollahra_DCP_2015__chapter_d2_mixed_use_centres__D2_4_3 O7,,True
119059,chapter-d2-mixed-use-centres,Woollahra_DCP_2015__chapter_d2_mixed_use_centres,Woollahra_DCP_2015__chapter_d2_mixed_use_centres__D2_4_3 O8,,True
119061,chapter-d2-mixed-use-centres,Woollahra_DCP_2015__chapter_d2_mixed_use_centres,Woollahra_DCP_2015__chapter_d2_mixed_use_centres__D2_4_3 O9,,True
119065,chapter-d3-general-controls-for-neighbourhood-and-mixed-use-centres,Woollahra_DCP_2015__chapter_d3_general_controls_for_neighbourhood_and_mixed_use_centres,Woollahra_DCP_2015__chapter_d3_general_controls_for_neighbourhood_and_mixed_use_centres__D3_1_1,,True
119066,chapter-d3-general-controls-for-neighbourhood-and-mixed-use-centres,Woollahra_DCP_2015__chapter_d3_general_controls_for_neighbourhood_and_mixed_use_centres,Woollahra_DCP_2015__chapter_d3_general_controls_for_neighbourhood_and_mixed_use_centres__D3_1_2,,True
119064,chapter-d3-general-controls-for-neighbourhood-and-mixed-use-centres,Woollahra_DCP_2015__chapter_d3_general_controls_for_neighbourhood_and_mixed_use_centres,Woollahra_DCP_2015__chapter_d3_general_controls_for_neighbourhood_and_mixed_use_centres__D3_1_3,,True
119227,chapter-d3-general-controls-for-neighbourhood-and-mixed-use-centres,Woollahra_DCP_2015__chapter_d3_general_controls_for_neighbourhood_and_mixed_use_centres,Woollahra_DCP_2015__chapter_d3_general_controls_for_neighbourhood_and_mixed_use_centres__D3_10 C1,,True
119236,chapter-d3-general-controls-for-neighbourhood-and-mixed-use-centres,Woollahra_DCP_2015__chapter_d3_general_controls_for_neighbourhood_and_mixed_use_centres,Woollahra_DCP_2015__chapter_d3_general_controls_for_neighbourhood_and_mixed_use_centres__D3_10 C10,,True
119228,chapter-d3-general-controls-for-neighbourhood-and-mixed-use-centres,Woollahra_DCP_2015__chapter_d3_general_controls_for_neighbourhood_and_mixed_use_centres,Woollahra_DCP_2015__chapter_d3_general_controls_for_neighbourhood_and_mixed_use_centres__D3_10 C2,,True
119229,chapter-d3-general-controls-for-neighbourhood-and-mixed-use-centres,Woollahra_DCP_2015__chapter_d3_general_controls_for_neighbourhood_and_mixed_use_centres,Woollahra_DCP_2015__chapter_d3_general_controls_for_neighbourhood_and_mixed_use_centres__D3_10 C3,,True
119230,chapter-d3-general-controls-for-neighbourhood-and-mixed-use-centres,Woollahra_DCP_2015__chapter_d3_general_controls_for_neighbourhood_and_mixed_use_centres,Woollahra_DCP_2015__chapter_d3_general_controls_for_neighbourhood_and_mixed_use_centres__D3_10 C4,,True
119231,chapter-d3-general-controls-for-neighbourhood-and-mixed-use-centres,Woollahra_DCP_2015__chapter_d3_general_controls_for_neighbourhood_and_mixed_use_centres,Woollahra_DCP_2015__chapter_d3_general_controls_for_neighbourhood_and_mixed_use_centres__D3_10 C5,,True
119232,chapter-d3-general-controls-for-neighbourhood-and-mixed-use-centres,Woollahra_DCP_2015__chapter_d3_general_controls_for_neighbourhood_and_mixed_use_centres,Woollahra_DCP_2015__chapter_d3_general_controls_for_neighbourhood_and_mixed_use_centres__D3_10 C6,,True
119233,chapter-d3-general-controls-for-neighbourhood-and-mixed-use-centres,Woollahra_DCP_2015__chapter_d3_general_controls_for_neighbourhood_and_mixed_use_centres,Woollahra_DCP_2015__chapter_d3_general_controls_for_neighbourhood_and_mixed_use_centres__D3_10 C7,,True
119234,chapter-d3-general-controls-for-neighbourhood-and-mixed-use-centres,Woollahra_DCP_2015__chapter_d3_general_controls_for_neighbourhood_and_mixed_use_centres,Woollahra_DCP_2015__chapter_d3_general_controls_for_neighbourhood_and_mixed_use_centres__D3_10 C8,,True
119235,chapter-d3-general-controls-for-neighbourhood-and-mixed-use-centres,Woollahra_DCP_2015__chapter_d3_general_controls_for_neighbourhood_and_mixed_use_centres,Woollahra_DCP_2015__chapter_d3_general_controls_for_neighbourhood_and_mixed_use_centres__D3_10 C9,,True
119220,chapter-d3-general-controls-for-neighbourhood-and-mixed-use-centres,Woollahra_DCP_2015__chapter_d3_general_controls_for_neighbourhood_and_mixed_use_centres,Woollahra_DCP_2015__chapter_d3_general_controls_for_neighbourhood_and_mixed_use_centres__D3_10 O1,,True
119221,chapter-d3-general-controls-for-neighbourhood-and-mixed-use-centres,Woollahra_DCP_2015__chapter_d3_general_controls_for_neighbourhood_and_mixed_use_centres,Woollahra_DCP_2015__chapter_d3_general_controls_for_neighbourhood_and_mixed_use_centres__D3_10 O2,,True
119222,chapter-d3-general-controls-for-neighbourhood-and-mixed-use-centres,Woollahra_DCP_2015__chapter_d3_general_controls_for_neighbourhood_and_mixed_use_centres,Woollahra_DCP_2015__chapter_d3_general_controls_for_neighbourhood_and_mixed_use_centres__D3_10 O3,,True
119223,chapter-d3-general-controls-for-neighbourhood-and-mixed-use-centres,Woollahra_DCP_2015__chapter_d3_general_controls_for_neighbourhood_and_mixed_use_centres,Woollahra_DCP_2015__chapter_d3_general_controls_for_neighbourhood_and_mixed_use_centres__D3_10 O4,,True
119224,chapter-d3-general-controls-for-neighbourhood-and-mixed-use-centres,Woollahra_DCP_2015__chapter_d3_general_controls_for_neighbourhood_and_mixed_use_centres,Woollahra_DCP_2015__chapter_d3_general_controls_for_neighbourhood_and_mixed_use_centres__D3_10 O5,,True
119225,chapter-d3-general-controls-for-neighbourhood-and-mixed-use-centres,Woollahra_DCP_2015__chapter_d3_general_controls_for_neighbourhood_and_mixed_use_centres,Woollahra_DCP_2015__chapter_d3_general_controls_for_neighbourhood_and_mixed_use_centres__D3_10 O6,,True
119226,chapter-d3-general-controls-for-neighbourhood-and-mixed-use-centres,Woollahra_DCP_2015__chapter_d3_general_controls_for_neighbourhood_and_mixed_use_centres,Woollahra_DCP_2015__chapter_d3_general_controls_for_neighbourhood_and_mixed_use_centres__D3_10 O7,,True
119068,chapter-d3-general-controls-for-neighbourhood-and-mixed-use-centres,Woollahra_DCP_2015__chapter_d3_general_controls_for_neighbourhood_and_mixed_use_centres,Woollahra_DCP_2015__chapter_d3_general_controls_for_neighbourhood_and_mixed_use_centres__D3_2 C1,,True
119070,chapter-d3-general-controls-for-neighbourhood-and-mixed-use-centres,Woollahra_DCP_2015__chapter_d3_general_controls_for_neighbourhood_and_mixed_use_centres,Woollahra_DCP_2015__chapter_d3_general_controls_for_neighbourhood_and_mixed_use_centres__D3_2 C2,,True
119072,chapter-d3-general-controls-for-neighbourhood-and-mixed-use-centres,Woollahra_DCP_2015__chapter_d3_general_controls_for_neighbourhood_and_mixed_use_centres,Woollahra_DCP_2015__chapter_d3_general_controls_for_neighbourhood_and_mixed_use_centres__D3_2 C3,,True
119073,chapter-d3-general-controls-for-neighbourhood-and-mixed-use-centres,Woollahra_DCP_2015__chapter_d3_general_controls_for_neighbourhood_and_mixed_use_centres,Woollahra_DCP_2015__chapter_d3_general_controls_for_neighbourhood_and_mixed_use_centres__D3_2 C4,,True
119074,chapter-d3-general-controls-for-neighbourhood-and-mixed-use-centres,Woollahra_DCP_2015__chapter_d3_general_controls_for_neighbourhood_and_mixed_use_centres,Woollahra_DCP_2015__chapter_d3_general_controls_for_neighbourhood_and_mixed_use_centres__D3_2 C5,,True
119076,chapter-d3-general-controls-for-neighbourhood-and-mixed-use-centres,Woollahra_DCP_2015__chapter_d3_general_controls_for_neighbourhood_and_mixed_use_centres,Woollahra_DCP_2015__chapter_d3_general_controls_for_neighbourhood_and_mixed_use_centres__D3_2 C6,,True
119077,chapter-d3-general-controls-for-neighbourhood-and-mixed-use-centres,Woollahra_DCP_2015__chapter_d3_general_controls_for_neighbourhood_and_mixed_use_centres,Woollahra_DCP_2015__chapter_d3_general_controls_for_neighbourhood_and_mixed_use_centres__D3_2 C7,,True
119079,chapter-d3-general-controls-for-neighbourhood-and-mixed-use-centres,Woollahra_DCP_2015__chapter_d3_general_controls_for_neighbourhood_and_mixed_use_centres,Woollahra_DCP_2015__chapter_d3_general_controls_for_neighbourhood_and_mixed_use_centres__D3_2 C8,,True
119080,chapter-d3-general-controls-for-neighbourhood-and-mixed-use-centres,Woollahra_DCP_2015__chapter_d3_general_controls_for_neighbourhood_and_mixed_use_centres,Woollahra_DCP_2015__chapter_d3_general_controls_for_neighbourhood_and_mixed_use_centres__D3_2 C9,,True
119067,chapter-d3-general-controls-for-neighbourhood-and-mixed-use-centres,Woollahra_DCP_2015__chapter_d3_general_controls_for_neighbourhood_and_mixed_use_centres,Woollahra_DCP_2015__chapter_d3_general_controls_for_neighbourhood_and_mixed_use_centres__D3_2 O1,,True
119069,chapter-d3-general-controls-for-neighbourhood-and-mixed-use-centres,Woollahra_DCP_2015__chapter_d3_general_controls_for_neighbourhood_and_mixed_use_centres,Woollahra_DCP_2015__chapter_d3_general_controls_for_neighbourhood_and_mixed_use_centres__D3_2 O2,,True
119071,chapter-d3-general-controls-for-neighbourhood-and-mixed-use-centres,Woollahra_DCP_2015__chapter_d3_general_controls_for_neighbourhood_and_mixed_use_centres,Woollahra_DCP_2015__chapter_d3_general_controls_for_neighbourhood_and_mixed_use_centres__D3_2 O3,,True
119075,chapter-d3-general-controls-for-neighbourhood-and-mixed-use-centres,Woollahra_DCP_2015__chapter_d3_general_controls_for_neighbourhood_and_mixed_use_centres,Woollahra_DCP_2015__chapter_d3_general_controls_for_neighbourhood_and_mixed_use_centres__D3_2 O4,,True
119078,chapter-d3-general-controls-for-neighbourhood-and-mixed-use-centres,Woollahra_DCP_2015__chapter_d3_general_controls_for_neighbourhood_and_mixed_use_centres,Woollahra_DCP_2015__chapter_d3_general_controls_for_neighbourhood_and_mixed_use_centres__D3_2 O5,,True
119082,chapter-d3-general-controls-for-neighbourhood-and-mixed-use-centres,Woollahra_DCP_2015__chapter_d3_general_controls_for_neighbourhood_and_mixed_use_centres,Woollahra_DCP_2015__chapter_d3_general_controls_for_neighbourhood_and_mixed_use_centres__D3_3 C1,,True
119095,chapter-d3-general-controls-for-neighbourhood-and-mixed-use-centres,Woollahra_DCP_2015__chapter_d3_general_controls_for_neighbourhood_and_mixed_use_centres,Woollahra_DCP_2015__chapter_d3_general_controls_for_neighbourhood_and_mixed_use_centres__D3_3 C10,,True
119096,chapter-d3-general-controls-for-neighbourhood-and-mixed-use-centres,Woollahra_DCP_2015__chapter_d3_general_controls_for_neighbourhood_and_mixed_use_centres,Woollahra_DCP_2015__chapter_d3_general_controls_for_neighbourhood_and_mixed_use_centres__D3_3 C11,,True
119098,chapter-d3-general-controls-for-neighbourhood-and-mixed-use-centres,Woollahra_DCP_2015__chapter_d3_general_controls_for_neighbourhood_and_mixed_use_centres,Woollahra_DCP_2015__chapter_d3_general_controls_for_neighbourhood_and_mixed_use_centres__D3_3 C12,,True
119099,chapter-d3-general-controls-for-neighbourhood-and-mixed-use-centres,Woollahra_DCP_2015__chapter_d3_general_controls_for_neighbourhood_and_mixed_use_centres,Woollahra_DCP_2015__chapter_d3_general_controls_for_neighbourhood_and_mixed_use_centres__D3_3 C13,,True
119100,chapter-d3-general-controls-for-neighbourhood-and-mixed-use-centres,Woollahra_DCP_2015__chapter_d3_general_controls_for_neighbourhood_and_mixed_use_centres,Woollahra_DCP_2015__chapter_d3_general_controls_for_neighbourhood_and_mixed_use_centres__D3_3 C14,,True
119101,chapter-d3-general-controls-for-neighbourhood-and-mixed-use-centres,Woollahra_DCP_2015__chapter_d3_general_controls_for_neighbourhood_and_mixed_use_centres,Woollahra_DCP_2015__chapter_d3_general_controls_for_neighbourhood_and_mixed_use_centres__D3_3 C15,,True
119102,chapter-d3-general-controls-for-neighbourhood-and-mixed-use-centres,Woollahra_DCP_2015__chapter_d3_general_controls_for_neighbourhood_and_mixed_use_centres,Woollahra_DCP_2015__chapter_d3_general_controls_for_neighbourhood_and_mixed_use_centres__D3_3 C16,,True
119103,chapter-d3-general-controls-for-neighbourhood-and-mixed-use-centres,Woollahra_DCP_2015__chapter_d3_general_controls_for_neighbourhood_and_mixed_use_centres,Woollahra_DCP_2015__chapter_d3_general_controls_for_neighbourhood_and_mixed_use_centres__D3_3 C17,,True
119105,chapter-d3-general-controls-for-neighbourhood-and-mixed-use-centres,Woollahra_DCP_2015__chapter_d3_general_controls_for_neighbourhood_and_mixed_use_centres,Woollahra_DCP_2015__chapter_d3_general_controls_for_neighbourhood_and_mixed_use_centres__D3_3 C18,,True
119106,chapter-d3-general-controls-for-neighbourhood-and-mixed-use-centres,Woollahra_DCP_2015__chapter_d3_general_controls_for_neighbourhood_and_mixed_use_centres,Woollahra_DCP_2015__chapter_d3_general_controls_for_neighbourhood_and_mixed_use_centres__D3_3 C19,,True
119084,chapter-d3-general-controls-for-neighbourhood-and-mixed-use-centres,Woollahra_DCP_2015__chapter_d3_general_controls_for_neighbourhood_and_mixed_use_centres,Woollahra_DCP_2015__chapter_d3_general_controls_for_neighbourhood_and_mixed_use_centres__D3_3 C2,,True
119107,chapter-d3-general-controls-for-neighbourhood-and-mixed-use-centres,Woollahra_DCP_2015__chapter_d3_general_controls_for_neighbourhood_and_mixed_use_centres,Woollahra_DCP_2015__chapter_d3_general_controls_for_neighbourhood_and_mixed_use_centres__D3_3 C20,,True
119109,chapter-d3-general-controls-for-neighbourhood-and-mixed-use-centres,Woollahra_DCP_2015__chapter_d3_general_controls_for_neighbourhood_and_mixed_use_centres,Woollahra_DCP_2015__chapter_d3_general_controls_for_neighbourhood_and_mixed_use_centres__D3_3 C21,,True
119085,chapter-d3-general-controls-for-neighbourhood-and-mixed-use-centres,Woollahra_DCP_2015__chapter_d3_general_controls_for_neighbourhood_and_mixed_use_centres,Woollahra_DCP_2015__chapter_d3_general_controls_for_neighbourhood_and_mixed_use_centres__D3_3 C3,,True
119086,chapter-d3-general-controls-for-neighbourhood-and-mixed-use-centres,Woollahra_DCP_2015__chapter_d3_general_controls_for_neighbourhood_and_mixed_use_centres,Woollahra_DCP_2015__chapter_d3_general_controls_for_neighbourhood_and_mixed_use_centres__D3_3 C4,,True
119087,chapter-d3-general-controls-for-neighbourhood-and-mixed-use-centres,Woollahra_DCP_2015__chapter_d3_general_controls_for_neighbourhood_and_mixed_use_centres,Woollahra_DCP_2015__chapter_d3_general_controls_for_neighbourhood_and_mixed_use_centres__D3_3 C5,,True
119089,chapter-d3-general-controls-for-neighbourhood-and-mixed-use-centres,Woollahra_DCP_2015__chapter_d3_general_controls_for_neighbourhood_and_mixed_use_centres,Woollahra_DCP_2015__chapter_d3_general_controls_for_neighbourhood_and_mixed_use_centres__D3_3 C6,,True
119091,chapter-d3-general-controls-for-neighbourhood-and-mixed-use-centres,Woollahra_DCP_2015__chapter_d3_general_controls_for_neighbourhood_and_mixed_use_centres,Woollahra_DCP_2015__chapter_d3_general_controls_for_neighbourhood_and_mixed_use_centres__D3_3 C7,,True
119092,chapter-d3-general-controls-for-neighbourhood-and-mixed-use-centres,Woollahra_DCP_2015__chapter_d3_general_controls_for_neighbourhood_and_mixed_use_centres,Woollahra_DCP_2015__chapter_d3_general_controls_for_neighbourhood_and_mixed_use_centres__D3_3 C8,,True
119093,chapter-d3-general-controls-for-neighbourhood-and-mixed-use-centres,Woollahra_DCP_2015__chapter_d3_general_controls_for_neighbourhood_and_mixed_use_centres,Woollahra_DCP_2015__chapter_d3_general_controls_for_neighbourhood_and_mixed_use_centres__D3_3 C9,,True
119081,chapter-d3-general-controls-for-neighbourhood-and-mixed-use-centres,Woollahra_DCP_2015__chapter_d3_general_controls_for_neighbourhood_and_mixed_use_centres,Woollahra_DCP_2015__chapter_d3_general_controls_for_neighbourhood_and_mixed_use_centres__D3_3 O1,,True
119083,chapter-d3-general-controls-for-neighbourhood-and-mixed-use-centres,Woollahra_DCP_2015__chapter_d3_general_controls_for_neighbourhood_and_mixed_use_centres,Woollahra_DCP_2015__chapter_d3_general_controls_for_neighbourhood_and_mixed_use_centres__D3_3 O2,,True
119088,chapter-d3-general-controls-for-neighbourhood-and-mixed-use-centres,Woollahra_DCP_2015__chapter_d3_general_controls_for_neighbourhood_and_mixed_use_centres,Woollahra_DCP_2015__chapter_d3_general_controls_for_neighbourhood_and_mixed_use_centres__D3_3 O3,,True
119090,chapter-d3-general-controls-for-neighbourhood-and-mixed-use-centres,Woollahra_DCP_2015__chapter_d3_general_controls_for_neighbourhood_and_mixed_use_centres,Woollahra_DCP_2015__chapter_d3_general_controls_for_neighbourhood_and_mixed_use_centres__D3_3 O4,,True
119094,chapter-d3-general-controls-for-neighbourhood-and-mixed-use-centres,Woollahra_DCP_2015__chapter_d3_general_controls_for_neighbourhood_and_mixed_use_centres,Woollahra_DCP_2015__chapter_d3_general_controls_for_neighbourhood_and_mixed_use_centres__D3_3 O6,,True
119097,chapter-d3-general-controls-for-neighbourhood-and-mixed-use-centres,Woollahra_DCP_2015__chapter_d3_general_controls_for_neighbourhood_and_mixed_use_centres,Woollahra_DCP_2015__chapter_d3_general_controls_for_neighbourhood_and_mixed_use_centres__D3_3 O7,,True
119104,chapter-d3-general-controls-for-neighbourhood-and-mixed-use-centres,Woollahra_DCP_2015__chapter_d3_general_controls_for_neighbourhood_and_mixed_use_centres,Woollahra_DCP_2015__chapter_d3_general_controls_for_neighbourhood_and_mixed_use_centres__D3_3 O8,,True
119108,chapter-d3-general-controls-for-neighbourhood-and-mixed-use-centres,Woollahra_DCP_2015__chapter_d3_general_controls_for_neighbourhood_and_mixed_use_centres,Woollahra_DCP_2015__chapter_d3_general_controls_for_neighbourhood_and_mixed_use_centres__D3_3 O9,,True
119111,chapter-d3-general-controls-for-neighbourhood-and-mixed-use-centres,Woollahra_DCP_2015__chapter_d3_general_controls_for_neighbourhood_and_mixed_use_centres,Woollahra_DCP_2015__chapter_d3_general_controls_for_neighbourhood_and_mixed_use_centres__D3_4 C1,,True
119121,chapter-d3-general-controls-for-neighbourhood-and-mixed-use-centres,Woollahra_DCP_2015__chapter_d3_general_controls_for_neighbourhood_and_mixed_use_centres,Woollahra_DCP_2015__chapter_d3_general_controls_for_neighbourhood_and_mixed_use_centres__D3_4 C10,,True
119122,chapter-d3-general-controls-for-neighbourhood-and-mixed-use-centres,Woollahra_DCP_2015__chapter_d3_general_controls_for_neighbourhood_and_mixed_use_centres,Woollahra_DCP_2015__chapter_d3_general_controls_for_neighbourhood_and_mixed_use_centres__D3_4 C11,,True
119123,chapter-d3-general-controls-for-neighbourhood-and-mixed-use-centres,Woollahra_DCP_2015__chapter_d3_general_controls_for_neighbourhood_and_mixed_use_centres,Woollahra_DCP_2015__chapter_d3_general_controls_for_neighbourhood_and_mixed_use_centres__D3_4 C12,,True
119125,chapter-d3-general-controls-for-neighbourhood-and-mixed-use-centres,Woollahra_DCP_2015__chapter_d3_general_controls_for_neighbourhood_and_mixed_use_centres,Woollahra_DCP_2015__chapter_d3_general_controls_for_neighbourhood_and_mixed_use_centres__D3_4 C13,,True
119127,chapter-d3-general-controls-for-neighbourhood-and-mixed-use-centres,Woollahra_DCP_2015__chapter_d3_general_controls_for_neighbourhood_and_mixed_use_centres,Woollahra_DCP_2015__chapter_d3_general_controls_for_neighbourhood_and_mixed_use_centres__D3_4 C14,,True
119129,chapter-d3-general-controls-for-neighbourhood-and-mixed-use-centres,Woollahra_DCP_2015__chapter_d3_general_controls_for_neighbourhood_and_mixed_use_centres,Woollahra_DCP_2015__chapter_d3_general_controls_for_neighbourhood_and_mixed_use_centres__D3_4 C15,,True
119130,chapter-d3-general-controls-for-neighbourhood-and-mixed-use-centres,Woollahra_DCP_2015__chapter_d3_general_controls_for_neighbourhood_and_mixed_use_centres,Woollahra_DCP_2015__chapter_d3_general_controls_for_neighbourhood_and_mixed_use_centres__D3_4 C16,,True
119131,chapter-d3-general-controls-for-neighbourhood-and-mixed-use-centres,Woollahra_DCP_2015__chapter_d3_general_controls_for_neighbourhood_and_mixed_use_centres,Woollahra_DCP_2015__chapter_d3_general_controls_for_neighbourhood_and_mixed_use_centres__D3_4 C17,,True
119133,chapter-d3-general-controls-for-neighbourhood-and-mixed-use-centres,Woollahra_DCP_2015__chapter_d3_general_controls_for_neighbourhood_and_mixed_use_centres,Woollahra_DCP_2015__chapter_d3_general_controls_for_neighbourhood_and_mixed_use_centres__D3_4 C18,,True
119134,chapter-d3-general-controls-for-neighbourhood-and-mixed-use-centres,Woollahra_DCP_2015__chapter_d3_general_controls_for_neighbourhood_and_mixed_use_centres,Woollahra_DCP_2015__chapter_d3_general_controls_for_neighbourhood_and_mixed_use_centres__D3_4 C19,,True
119113,chapter-d3-general-controls-for-neighbourhood-and-mixed-use-centres,Woollahra_DCP_2015__chapter_d3_general_controls_for_neighbourhood_and_mixed_use_centres,Woollahra_DCP_2015__chapter_d3_general_controls_for_neighbourhood_and_mixed_use_centres__D3_4 C2,,True
119135,chapter-d3-general-controls-for-neighbourhood-and-mixed-use-centres,Woollahra_DCP_2015__chapter_d3_general_controls_for_neighbourhood_and_mixed_use_centres,Woollahra_DCP_2015__chapter_d3_general_controls_for_neighbourhood_and_mixed_use_centres__D3_4 C20,,True
119136,chapter-d3-general-controls-for-neighbourhood-and-mixed-use-centres,Woollahra_DCP_2015__chapter_d3_general_controls_for_neighbourhood_and_mixed_use_centres,Woollahra_DCP_2015__chapter_d3_general_controls_for_neighbourhood_and_mixed_use_centres__D3_4 C21,,True
119137,chapter-d3-general-controls-for-neighbourhood-and-mixed-use-centres,Woollahra_DCP_2015__chapter_d3_general_controls_for_neighbourhood_and_mixed_use_centres,Woollahra_DCP_2015__chapter_d3_general_controls_for_neighbourhood_and_mixed_use_centres__D3_4 C22,,True
119139,chapter-d3-general-controls-for-neighbourhood-and-mixed-use-centres,Woollahra_DCP_2015__chapter_d3_general_controls_for_neighbourhood_and_mixed_use_centres,Woollahra_DCP_2015__chapter_d3_general_controls_for_neighbourhood_and_mixed_use_centres__D3_4 C23,,True
119140,chapter-d3-general-controls-for-neighbourhood-and-mixed-use-centres,Woollahra_DCP_2015__chapter_d3_general_controls_for_neighbourhood_and_mixed_use_centres,Woollahra_DCP_2015__chapter_d3_general_controls_for_neighbourhood_and_mixed_use_centres__D3_4 C24,,True
119141,chapter-d3-general-controls-for-neighbourhood-and-mixed-use-centres,Woollahra_DCP_2015__chapter_d3_general_controls_for_neighbourhood_and_mixed_use_centres,Woollahra_DCP_2015__chapter_d3_general_controls_for_neighbourhood_and_mixed_use_centres__D3_4 C25,,True
119143,chapter-d3-general-controls-for-neighbourhood-and-mixed-use-centres,Woollahra_DCP_2015__chapter_d3_general_controls_for_neighbourhood_and_mixed_use_centres,Woollahra_DCP_2015__chapter_d3_general_controls_for_neighbourhood_and_mixed_use_centres__D3_4 C26,,True
119145,chapter-d3-general-controls-for-neighbourhood-and-mixed-use-centres,Woollahra_DCP_2015__chapter_d3_general_controls_for_neighbourhood_and_mixed_use_centres,Woollahra_DCP_2015__chapter_d3_general_controls_for_neighbourhood_and_mixed_use_centres__D3_4 C27,,True
119147,chapter-d3-general-controls-for-neighbourhood-and-mixed-use-centres,Woollahra_DCP_2015__chapter_d3_general_controls_for_neighbourhood_and_mixed_use_centres,Woollahra_DCP_2015__chapter_d3_general_controls_for_neighbourhood_and_mixed_use_centres__D3_4 C28,,True
119149,chapter-d3-general-controls-for-neighbourhood-and-mixed-use-centres,Woollahra_DCP_2015__chapter_d3_general_controls_for_neighbourhood_and_mixed_use_centres,Woollahra_DCP_2015__chapter_d3_general_controls_for_neighbourhood_and_mixed_use_centres__D3_4 C29,,True
119114,chapter-d3-general-controls-for-neighbourhood-and-mixed-use-centres,Woollahra_DCP_2015__chapter_d3_general_controls_for_neighbourhood_and_mixed_use_centres,Woollahra_DCP_2015__chapter_d3_general_controls_for_neighbourhood_and_mixed_use_centres__D3_4 C3,,True
119115,chapter-d3-general-controls-for-neighbourhood-and-mixed-use-centres,Woollahra_DCP_2015__chapter_d3_general_controls_for_neighbourhood_and_mixed_use_centres,Woollahra_DCP_2015__chapter_d3_general_controls_for_neighbourhood_and_mixed_use_centres__D3_4 C4,,True
119116,chapter-d3-general-controls-for-neighbourhood-and-mixed-use-centres,Woollahra_DCP_2015__chapter_d3_general_controls_for_neighbourhood_and_mixed_use_centres,Woollahra_DCP_2015__chapter_d3_general_controls_for_neighbourhood_and_mixed_use_centres__D3_4 C5,,True
119117,chapter-d3-general-controls-for-neighbourhood-and-mixed-use-centres,Woollahra_DCP_2015__chapter_d3_general_controls_for_neighbourhood_and_mixed_use_centres,Woollahra_DCP_2015__chapter_d3_general_controls_for_neighbourhood_and_mixed_use_centres__D3_4 C6,,True
119118,chapter-d3-general-controls-for-neighbourhood-and-mixed-use-centres,Woollahra_DCP_2015__chapter_d3_general_controls_for_neighbourhood_and_mixed_use_centres,Woollahra_DCP_2015__chapter_d3_general_controls_for_neighbourhood_and_mixed_use_centres__D3_4 C7,,True
119119,chapter-d3-general-controls-for-neighbourhood-and-mixed-use-centres,Woollahra_DCP_2015__chapter_d3_general_controls_for_neighbourhood_and_mixed_use_centres,Woollahra_DCP_2015__chapter_d3_general_controls_for_neighbourhood_and_mixed_use_centres__D3_4 C8,,True
119120,chapter-d3-general-controls-for-neighbourhood-and-mixed-use-centres,Woollahra_DCP_2015__chapter_d3_general_controls_for_neighbourhood_and_mixed_use_centres,Woollahra_DCP_2015__chapter_d3_general_controls_for_neighbourhood_and_mixed_use_centres__D3_4 C9,,True
119110,chapter-d3-general-controls-for-neighbourhood-and-mixed-use-centres,Woollahra_DCP_2015__chapter_d3_general_controls_for_neighbourhood_and_mixed_use_centres,Woollahra_DCP_2015__chapter_d3_general_controls_for_neighbourhood_and_mixed_use_centres__D3_4 O1,,True
119146,chapter-d3-general-controls-for-neighbourhood-and-mixed-use-centres,Woollahra_DCP_2015__chapter_d3_general_controls_for_neighbourhood_and_mixed_use_centres,Woollahra_DCP_2015__chapter_d3_general_controls_for_neighbourhood_and_mixed_use_centres__D3_4 O10,,True
119148,chapter-d3-general-controls-for-neighbourhood-and-mixed-use-centres,Woollahra_DCP_2015__chapter_d3_general_controls_for_neighbourhood_and_mixed_use_centres,Woollahra_DCP_2015__chapter_d3_general_controls_for_neighbourhood_and_mixed_use_centres__D3_4 O11,,True
119150,chapter-d3-general-controls-for-neighbourhood-and-mixed-use-centres,Woollahra_DCP_2015__chapter_d3_general_controls_for_neighbourhood_and_mixed_use_centres,Woollahra_DCP_2015__chapter_d3_general_controls_for_neighbourhood_and_mixed_use_centres__D3_4 O12,,True
119112,chapter-d3-general-controls-for-neighbourhood-and-mixed-use-centres,Woollahra_DCP_2015__chapter_d3_general_controls_for_neighbourhood_and_mixed_use_centres,Woollahra_DCP_2015__chapter_d3_general_controls_for_neighbourhood_and_mixed_use_centres__D3_4 O2,,True
119124,chapter-d3-general-controls-for-neighbourhood-and-mixed-use-centres,Woollahra_DCP_2015__chapter_d3_general_controls_for_neighbourhood_and_mixed_use_centres,Woollahra_DCP_2015__chapter_d3_general_controls_for_neighbourhood_and_mixed_use_centres__D3_4 O3,,True
119126,chapter-d3-general-controls-for-neighbourhood-and-mixed-use-centres,Woollahra_DCP_2015__chapter_d3_general_controls_for_neighbourhood_and_mixed_use_centres,Woollahra_DCP_2015__chapter_d3_general_controls_for_neighbourhood_and_mixed_use_centres__D3_4 O4,,True
119128,chapter-d3-general-controls-for-neighbourhood-and-mixed-use-centres,Woollahra_DCP_2015__chapter_d3_general_controls_for_neighbourhood_and_mixed_use_centres,Woollahra_DCP_2015__chapter_d3_general_controls_for_neighbourhood_and_mixed_use_centres__D3_4 O5,,True
119132,chapter-d3-general-controls-for-neighbourhood-and-mixed-use-centres,Woollahra_DCP_2015__chapter_d3_general_controls_for_neighbourhood_and_mixed_use_centres,Woollahra_DCP_2015__chapter_d3_general_controls_for_neighbourhood_and_mixed_use_centres__D3_4 O6,,True
119138,chapter-d3-general-controls-for-neighbourhood-and-mixed-use-centres,Woollahra_DCP_2015__chapter_d3_general_controls_for_neighbourhood_and_mixed_use_centres,Woollahra_DCP_2015__chapter_d3_general_controls_for_neighbourhood_and_mixed_use_centres__D3_4 O7,,True
119142,chapter-d3-general-controls-for-neighbourhood-and-mixed-use-centres,Woollahra_DCP_2015__chapter_d3_general_controls_for_neighbourhood_and_mixed_use_centres,Woollahra_DCP_2015__chapter_d3_general_controls_for_neighbourhood_and_mixed_use_centres__D3_4 O8,,True
119144,chapter-d3-general-controls-for-neighbourhood-and-mixed-use-centres,Woollahra_DCP_2015__chapter_d3_general_controls_for_neighbourhood_and_mixed_use_centres,Woollahra_DCP_2015__chapter_d3_general_controls_for_neighbourhood_and_mixed_use_centres__D3_4 O9,,True
119152,chapter-d3-general-controls-for-neighbourhood-and-mixed-use-centres,Woollahra_DCP_2015__chapter_d3_general_controls_for_neighbourhood_and_mixed_use_centres,Woollahra_DCP_2015__chapter_d3_general_controls_for_neighbourhood_and_mixed_use_centres__D3_5 C1,,True
119154,chapter-d3-general-controls-for-neighbourhood-and-mixed-use-centres,Woollahra_DCP_2015__chapter_d3_general_controls_for_neighbourhood_and_mixed_use_centres,Woollahra_DCP_2015__chapter_d3_general_controls_for_neighbourhood_and_mixed_use_centres__D3_5 C2,,True
119155,chapter-d3-general-controls-for-neighbourhood-and-mixed-use-centres,Woollahra_DCP_2015__chapter_d3_general_controls_for_neighbourhood_and_mixed_use_centres,Woollahra_DCP_2015__chapter_d3_general_controls_for_neighbourhood_and_mixed_use_centres__D3_5 C3,,True
119156,chapter-d3-general-controls-for-neighbourhood-and-mixed-use-centres,Woollahra_DCP_2015__chapter_d3_general_controls_for_neighbourhood_and_mixed_use_centres,Woollahra_DCP_2015__chapter_d3_general_controls_for_neighbourhood_and_mixed_use_centres__D3_5 C4,,True
119157,chapter-d3-general-controls-for-neighbourhood-and-mixed-use-centres,Woollahra_DCP_2015__chapter_d3_general_controls_for_neighbourhood_and_mixed_use_centres,Woollahra_DCP_2015__chapter_d3_general_controls_for_neighbourhood_and_mixed_use_centres__D3_5 C5,,True
119158,chapter-d3-general-controls-for-neighbourhood-and-mixed-use-centres,Woollahra_DCP_2015__chapter_d3_general_controls_for_neighbourhood_and_mixed_use_centres,Woollahra_DCP_2015__chapter_d3_general_controls_for_neighbourhood_and_mixed_use_centres__D3_5 C6,,True
119151,chapter-d3-general-controls-for-neighbourhood-and-mixed-use-centres,Woollahra_DCP_2015__chapter_d3_general_controls_for_neighbourhood_and_mixed_use_centres,Woollahra_DCP_2015__chapter_d3_general_controls_for_neighbourhood_and_mixed_use_centres__D3_5 O1,,True
119153,chapter-d3-general-controls-for-neighbourhood-and-mixed-use-centres,Woollahra_DCP_2015__chapter_d3_general_controls_for_neighbourhood_and_mixed_use_centres,Woollahra_DCP_2015__chapter_d3_general_controls_for_neighbourhood_and_mixed_use_centres__D3_5 O2,,True
119160,chapter-d3-general-controls-for-neighbourhood-and-mixed-use-centres,Woollahra_DCP_2015__chapter_d3_general_controls_for_neighbourhood_and_mixed_use_centres,Woollahra_DCP_2015__chapter_d3_general_controls_for_neighbourhood_and_mixed_use_centres__D3_6 C1,,True
119162,chapter-d3-general-controls-for-neighbourhood-and-mixed-use-centres,Woollahra_DCP_2015__chapter_d3_general_controls_for_neighbourhood_and_mixed_use_centres,Woollahra_DCP_2015__chapter_d3_general_controls_for_neighbourhood_and_mixed_use_centres__D3_6 C2,,True
119164,chapter-d3-general-controls-for-neighbourhood-and-mixed-use-centres,Woollahra_DCP_2015__chapter_d3_general_controls_for_neighbourhood_and_mixed_use_centres,Woollahra_DCP_2015__chapter_d3_general_controls_for_neighbourhood_and_mixed_use_centres__D3_6 C3,,True
119165,chapter-d3-general-controls-for-neighbourhood-and-mixed-use-centres,Woollahra_DCP_2015__chapter_d3_general_controls_for_neighbourhood_and_mixed_use_centres,Woollahra_DCP_2015__chapter_d3_general_controls_for_neighbourhood_and_mixed_use_centres__D3_6 C4,,True
119166,chapter-d3-general-controls-for-neighbourhood-and-mixed-use-centres,Woollahra_DCP_2015__chapter_d3_general_controls_for_neighbourhood_and_mixed_use_centres,Woollahra_DCP_2015__chapter_d3_general_controls_for_neighbourhood_and_mixed_use_centres__D3_6 C5,,True
119159,chapter-d3-general-controls-for-neighbourhood-and-mixed-use-centres,Woollahra_DCP_2015__chapter_d3_general_controls_for_neighbourhood_and_mixed_use_centres,Woollahra_DCP_2015__chapter_d3_general_controls_for_neighbourhood_and_mixed_use_centres__D3_6 O1,,True
119161,chapter-d3-general-controls-for-neighbourhood-and-mixed-use-centres,Woollahra_DCP_2015__chapter_d3_general_controls_for_neighbourhood_and_mixed_use_centres,Woollahra_DCP_2015__chapter_d3_general_controls_for_neighbourhood_and_mixed_use_centres__D3_6 O2,,True
119163,chapter-d3-general-controls-for-neighbourhood-and-mixed-use-centres,Woollahra_DCP_2015__chapter_d3_general_controls_for_neighbourhood_and_mixed_use_centres,Woollahra_DCP_2015__chapter_d3_general_controls_for_neighbourhood_and_mixed_use_centres__D3_6 O3,,True
119168,chapter-d3-general-controls-for-neighbourhood-and-mixed-use-centres,Woollahra_DCP_2015__chapter_d3_general_controls_for_neighbourhood_and_mixed_use_centres,Woollahra_DCP_2015__chapter_d3_general_controls_for_neighbourhood_and_mixed_use_centres__D3_7 C1,,True
119179,chapter-d3-general-controls-for-neighbourhood-and-mixed-use-centres,Woollahra_DCP_2015__chapter_d3_general_controls_for_neighbourhood_and_mixed_use_centres,Woollahra_DCP_2015__chapter_d3_general_controls_for_neighbourhood_and_mixed_use_centres__D3_7 C10,,True
119180,chapter-d3-general-controls-for-neighbourhood-and-mixed-use-centres,Woollahra_DCP_2015__chapter_d3_general_controls_for_neighbourhood_and_mixed_use_centres,Woollahra_DCP_2015__chapter_d3_general_controls_for_neighbourhood_and_mixed_use_centres__D3_7 C11,,True
119169,chapter-d3-general-controls-for-neighbourhood-and-mixed-use-centres,Woollahra_DCP_2015__chapter_d3_general_controls_for_neighbourhood_and_mixed_use_centres,Woollahra_DCP_2015__chapter_d3_general_controls_for_neighbourhood_and_mixed_use_centres__D3_7 C2,,True
119171,chapter-d3-general-controls-for-neighbourhood-and-mixed-use-centres,Woollahra_DCP_2015__chapter_d3_general_controls_for_neighbourhood_and_mixed_use_centres,Woollahra_DCP_2015__chapter_d3_general_controls_for_neighbourhood_and_mixed_use_centres__D3_7 C3,,True
119172,chapter-d3-general-controls-for-neighbourhood-and-mixed-use-centres,Woollahra_DCP_2015__chapter_d3_general_controls_for_neighbourhood_and_mixed_use_centres,Woollahra_DCP_2015__chapter_d3_general_controls_for_neighbourhood_and_mixed_use_centres__D3_7 C4,,True
119173,chapter-d3-general-controls-for-neighbourhood-and-mixed-use-centres,Woollahra_DCP_2015__chapter_d3_general_controls_for_neighbourhood_and_mixed_use_centres,Woollahra_DCP_2015__chapter_d3_general_controls_for_neighbourhood_and_mixed_use_centres__D3_7 C5,,True
119174,chapter-d3-general-controls-for-neighbourhood-and-mixed-use-centres,Woollahra_DCP_2015__chapter_d3_general_controls_for_neighbourhood_and_mixed_use_centres,Woollahra_DCP_2015__chapter_d3_general_controls_for_neighbourhood_and_mixed_use_centres__D3_7 C6,,True
119175,chapter-d3-general-controls-for-neighbourhood-and-mixed-use-centres,Woollahra_DCP_2015__chapter_d3_general_controls_for_neighbourhood_and_mixed_use_centres,Woollahra_DCP_2015__chapter_d3_general_controls_for_neighbourhood_and_mixed_use_centres__D3_7 C7,,True
119177,chapter-d3-general-controls-for-neighbourhood-and-mixed-use-centres,Woollahra_DCP_2015__chapter_d3_general_controls_for_neighbourhood_and_mixed_use_centres,Woollahra_DCP_2015__chapter_d3_general_controls_for_neighbourhood_and_mixed_use_centres__D3_7 C8,,True
119178,chapter-d3-general-controls-for-neighbourhood-and-mixed-use-centres,Woollahra_DCP_2015__chapter_d3_general_controls_for_neighbourhood_and_mixed_use_centres,Woollahra_DCP_2015__chapter_d3_general_controls_for_neighbourhood_and_mixed_use_centres__D3_7 C9,,True
119167,chapter-d3-general-controls-for-neighbourhood-and-mixed-use-centres,Woollahra_DCP_2015__chapter_d3_general_controls_for_neighbourhood_and_mixed_use_centres,Woollahra_DCP_2015__chapter_d3_general_controls_for_neighbourhood_and_mixed_use_centres__D3_7 O1,,True
119170,chapter-d3-general-controls-for-neighbourhood-and-mixed-use-centres,Woollahra_DCP_2015__chapter_d3_general_controls_for_neighbourhood_and_mixed_use_centres,Woollahra_DCP_2015__chapter_d3_general_controls_for_neighbourhood_and_mixed_use_centres__D3_7 O3,,True
119176,chapter-d3-general-controls-for-neighbourhood-and-mixed-use-centres,Woollahra_DCP_2015__chapter_d3_general_controls_for_neighbourhood_and_mixed_use_centres,Woollahra_DCP_2015__chapter_d3_general_controls_for_neighbourhood_and_mixed_use_centres__D3_7 O4,,True
119187,chapter-d3-general-controls-for-neighbourhood-and-mixed-use-centres,Woollahra_DCP_2015__chapter_d3_general_controls_for_neighbourhood_and_mixed_use_centres,Woollahra_DCP_2015__chapter_d3_general_controls_for_neighbourhood_and_mixed_use_centres__D3_8 C1,,True
119188,chapter-d3-general-controls-for-neighbourhood-and-mixed-use-centres,Woollahra_DCP_2015__chapter_d3_general_controls_for_neighbourhood_and_mixed_use_centres,Woollahra_DCP_2015__chapter_d3_general_controls_for_neighbourhood_and_mixed_use_centres__D3_8 C2,,True
119189,chapter-d3-general-controls-for-neighbourhood-and-mixed-use-centres,Woollahra_DCP_2015__chapter_d3_general_controls_for_neighbourhood_and_mixed_use_centres,Woollahra_DCP_2015__chapter_d3_general_controls_for_neighbourhood_and_mixed_use_centres__D3_8 C3,,True
119190,chapter-d3-general-controls-for-neighbourhood-and-mixed-use-centres,Woollahra_DCP_2015__chapter_d3_general_controls_for_neighbourhood_and_mixed_use_centres,Woollahra_DCP_2015__chapter_d3_general_controls_for_neighbourhood_and_mixed_use_centres__D3_8 C4,,True
119191,chapter-d3-general-controls-for-neighbourhood-and-mixed-use-centres,Woollahra_DCP_2015__chapter_d3_general_controls_for_neighbourhood_and_mixed_use_centres,Woollahra_DCP_2015__chapter_d3_general_controls_for_neighbourhood_and_mixed_use_centres__D3_8 C5,,True
119192,chapter-d3-general-controls-for-neighbourhood-and-mixed-use-centres,Woollahra_DCP_2015__chapter_d3_general_controls_for_neighbourhood_and_mixed_use_centres,Woollahra_DCP_2015__chapter_d3_general_controls_for_neighbourhood_and_mixed_use_centres__D3_8 C6,,True
119193,chapter-d3-general-controls-for-neighbourhood-and-mixed-use-centres,Woollahra_DCP_2015__chapter_d3_general_controls_for_neighbourhood_and_mixed_use_centres,Woollahra_DCP_2015__chapter_d3_general_controls_for_neighbourhood_and_mixed_use_centres__D3_8 C7,,True
119194,chapter-d3-general-controls-for-neighbourhood-and-mixed-use-centres,Woollahra_DCP_2015__chapter_d3_general_controls_for_neighbourhood_and_mixed_use_centres,Woollahra_DCP_2015__chapter_d3_general_controls_for_neighbourhood_and_mixed_use_centres__D3_8 C8,,True
119181,chapter-d3-general-controls-for-neighbourhood-and-mixed-use-centres,Woollahra_DCP_2015__chapter_d3_general_controls_for_neighbourhood_and_mixed_use_centres,Woollahra_DCP_2015__chapter_d3_general_controls_for_neighbourhood_and_mixed_use_centres__D3_8 O1,,True
119182,chapter-d3-general-controls-for-neighbourhood-and-mixed-use-centres,Woollahra_DCP_2015__chapter_d3_general_controls_for_neighbourhood_and_mixed_use_centres,Woollahra_DCP_2015__chapter_d3_general_controls_for_neighbourhood_and_mixed_use_centres__D3_8 O2,,True
119183,chapter-d3-general-controls-for-neighbourhood-and-mixed-use-centres,Woollahra_DCP_2015__chapter_d3_general_controls_for_neighbourhood_and_mixed_use_centres,Woollahra_DCP_2015__chapter_d3_general_controls_for_neighbourhood_and_mixed_use_centres__D3_8 O3,,True
119184,chapter-d3-general-controls-for-neighbourhood-and-mixed-use-centres,Woollahra_DCP_2015__chapter_d3_general_controls_for_neighbourhood_and_mixed_use_centres,Woollahra_DCP_2015__chapter_d3_general_controls_for_neighbourhood_and_mixed_use_centres__D3_8 O4,,True
119185,chapter-d3-general-controls-for-neighbourhood-and-mixed-use-centres,Woollahra_DCP_2015__chapter_d3_general_controls_for_neighbourhood_and_mixed_use_centres,Woollahra_DCP_2015__chapter_d3_general_controls_for_neighbourhood_and_mixed_use_centres__D3_8 O5,,True
119186,chapter-d3-general-controls-for-neighbourhood-and-mixed-use-centres,Woollahra_DCP_2015__chapter_d3_general_controls_for_neighbourhood_and_mixed_use_centres,Woollahra_DCP_2015__chapter_d3_general_controls_for_neighbourhood_and_mixed_use_centres__D3_8 O6,,True
119204,chapter-d3-general-controls-for-neighbourhood-and-mixed-use-centres,Woollahra_DCP_2015__chapter_d3_general_controls_for_neighbourhood_and_mixed_use_centres,Woollahra_DCP_2015__chapter_d3_general_controls_for_neighbourhood_and_mixed_use_centres__D3_9 C1,,True
119213,chapter-d3-general-controls-for-neighbourhood-and-mixed-use-centres,Woollahra_DCP_2015__chapter_d3_general_controls_for_neighbourhood_and_mixed_use_centres,Woollahra_DCP_2015__chapter_d3_general_controls_for_neighbourhood_and_mixed_use_centres__D3_9 C10,,True
119214,chapter-d3-general-controls-for-neighbourhood-and-mixed-use-centres,Woollahra_DCP_2015__chapter_d3_general_controls_for_neighbourhood_and_mixed_use_centres,Woollahra_DCP_2015__chapter_d3_general_controls_for_neighbourhood_and_mixed_use_centres__D3_9 C11,,True
119215,chapter-d3-general-controls-for-neighbourhood-and-mixed-use-centres,Woollahra_DCP_2015__chapter_d3_general_controls_for_neighbourhood_and_mixed_use_centres,Woollahra_DCP_2015__chapter_d3_general_controls_for_neighbourhood_and_mixed_use_centres__D3_9 C12,,True
119216,chapter-d3-general-controls-for-neighbourhood-and-mixed-use-centres,Woollahra_DCP_2015__chapter_d3_general_controls_for_neighbourhood_and_mixed_use_centres,Woollahra_DCP_2015__chapter_d3_general_controls_for_neighbourhood_and_mixed_use_centres__D3_9 C13,,True
119217,chapter-d3-general-controls-for-neighbourhood-and-mixed-use-centres,Woollahra_DCP_2015__chapter_d3_general_controls_for_neighbourhood_and_mixed_use_centres,Woollahra_DCP_2015__chapter_d3_general_controls_for_neighbourhood_and_mixed_use_centres__D3_9 C14,,True
119218,chapter-d3-general-controls-for-neighbourhood-and-mixed-use-centres,Woollahra_DCP_2015__chapter_d3_general_controls_for_neighbourhood_and_mixed_use_centres,Woollahra_DCP_2015__chapter_d3_general_controls_for_neighbourhood_and_mixed_use_centres__D3_9 C15,,True
119219,chapter-d3-general-controls-for-neighbourhood-and-mixed-use-centres,Woollahra_DCP_2015__chapter_d3_general_controls_for_neighbourhood_and_mixed_use_centres,Woollahra_DCP_2015__chapter_d3_general_controls_for_neighbourhood_and_mixed_use_centres__D3_9 C16,,True
119205,chapter-d3-general-controls-for-neighbourhood-and-mixed-use-centres,Woollahra_DCP_2015__chapter_d3_general_controls_for_neighbourhood_and_mixed_use_centres,Woollahra_DCP_2015__chapter_d3_general_controls_for_neighbourhood_and_mixed_use_centres__D3_9 C2,,True
119206,chapter-d3-general-controls-for-neighbourhood-and-mixed-use-centres,Woollahra_DCP_2015__chapter_d3_general_controls_for_neighbourhood_and_mixed_use_centres,Woollahra_DCP_2015__chapter_d3_general_controls_for_neighbourhood_and_mixed_use_centres__D3_9 C3,,True
119207,chapter-d3-general-controls-for-neighbourhood-and-mixed-use-centres,Woollahra_DCP_2015__chapter_d3_general_controls_for_neighbourhood_and_mixed_use_centres,Woollahra_DCP_2015__chapter_d3_general_controls_for_neighbourhood_and_mixed_use_centres__D3_9 C4,,True
119208,chapter-d3-general-controls-for-neighbourhood-and-mixed-use-centres,Woollahra_DCP_2015__chapter_d3_general_controls_for_neighbourhood_and_mixed_use_centres,Woollahra_DCP_2015__chapter_d3_general_controls_for_neighbourhood_and_mixed_use_centres__D3_9 C5,,True
119209,chapter-d3-general-controls-for-neighbourhood-and-mixed-use-centres,Woollahra_DCP_2015__chapter_d3_general_controls_for_neighbourhood_and_mixed_use_centres,Woollahra_DCP_2015__chapter_d3_general_controls_for_neighbourhood_and_mixed_use_centres__D3_9 C6,,True
119210,chapter-d3-general-controls-for-neighbourhood-and-mixed-use-centres,Woollahra_DCP_2015__chapter_d3_general_controls_for_neighbourhood_and_mixed_use_centres,Woollahra_DCP_2015__chapter_d3_general_controls_for_neighbourhood_and_mixed_use_centres__D3_9 C7,,True
119211,chapter-d3-general-controls-for-neighbourhood-and-mixed-use-centres,Woollahra_DCP_2015__chapter_d3_general_controls_for_neighbourhood_and_mixed_use_centres,Woollahra_DCP_2015__chapter_d3_general_controls_for_neighbourhood_and_mixed_use_centres__D3_9 C8,,True
119212,chapter-d3-general-controls-for-neighbourhood-and-mixed-use-centres,Woollahra_DCP_2015__chapter_d3_general_controls_for_neighbourhood_and_mixed_use_centres,Woollahra_DCP_2015__chapter_d3_general_controls_for_neighbourhood_and_mixed_use_centres__D3_9 C9,,True
119195,chapter-d3-general-controls-for-neighbourhood-and-mixed-use-centres,Woollahra_DCP_2015__chapter_d3_general_controls_for_neighbourhood_and_mixed_use_centres,Woollahra_DCP_2015__chapter_d3_general_controls_for_neighbourhood_and_mixed_use_centres__D3_9 O1,,True
119196,chapter-d3-general-controls-for-neighbourhood-and-mixed-use-centres,Woollahra_DCP_2015__chapter_d3_general_controls_for_neighbourhood_and_mixed_use_centres,Woollahra_DCP_2015__chapter_d3_general_controls_for_neighbourhood_and_mixed_use_centres__D3_9 O2,,True
119197,chapter-d3-general-controls-for-neighbourhood-and-mixed-use-centres,Woollahra_DCP_2015__chapter_d3_general_controls_for_neighbourhood_and_mixed_use_centres,Woollahra_DCP_2015__chapter_d3_general_controls_for_neighbourhood_and_mixed_use_centres__D3_9 O3,,True
119198,chapter-d3-general-controls-for-neighbourhood-and-mixed-use-centres,Woollahra_DCP_2015__chapter_d3_general_controls_for_neighbourhood_and_mixed_use_centres,Woollahra_DCP_2015__chapter_d3_general_controls_for_neighbourhood_and_mixed_use_centres__D3_9 O4,,True
119199,chapter-d3-general-controls-for-neighbourhood-and-mixed-use-centres,Woollahra_DCP_2015__chapter_d3_general_controls_for_neighbourhood_and_mixed_use_centres,Woollahra_DCP_2015__chapter_d3_general_controls_for_neighbourhood_and_mixed_use_centres__D3_9 O5,,True
119200,chapter-d3-general-controls-for-neighbourhood-and-mixed-use-centres,Woollahra_DCP_2015__chapter_d3_general_controls_for_neighbourhood_and_mixed_use_centres,Woollahra_DCP_2015__chapter_d3_general_controls_for_neighbourhood_and_mixed_use_centres__D3_9 O6,,True
119201,chapter-d3-general-controls-for-neighbourhood-and-mixed-use-centres,Woollahra_DCP_2015__chapter_d3_general_controls_for_neighbourhood_and_mixed_use_centres,Woollahra_DCP_2015__chapter_d3_general_controls_for_neighbourhood_and_mixed_use_centres__D3_9 O7,,True
119202,chapter-d3-general-controls-for-neighbourhood-and-mixed-use-centres,Woollahra_DCP_2015__chapter_d3_general_controls_for_neighbourhood_and_mixed_use_centres,Woollahra_DCP_2015__chapter_d3_general_controls_for_neighbourhood_and_mixed_use_centres__D3_9 O8,,True
119203,chapter-d3-general-controls-for-neighbourhood-and-mixed-use-centres,Woollahra_DCP_2015__chapter_d3_general_controls_for_neighbourhood_and_mixed_use_centres,Woollahra_DCP_2015__chapter_d3_general_controls_for_neighbourhood_and_mixed_use_centres__D3_9 O9,,True
119237,chapter-d4-edgecliff-centre,Woollahra_DCP_2015__chapter_d4_edgecliff_centre,Woollahra_DCP_2015__chapter_d4_edgecliff_centre__D4_1_3 O1,,True
119238,chapter-d4-edgecliff-centre,Woollahra_DCP_2015__chapter_d4_edgecliff_centre,Woollahra_DCP_2015__chapter_d4_edgecliff_centre__D4_1_3 O2,,True
119239,chapter-d4-edgecliff-centre,Woollahra_DCP_2015__chapter_d4_edgecliff_centre,Woollahra_DCP_2015__chapter_d4_edgecliff_centre__D4_1_3 O3,,True
119240,chapter-d4-edgecliff-centre,Woollahra_DCP_2015__chapter_d4_edgecliff_centre,Woollahra_DCP_2015__chapter_d4_edgecliff_centre__D4_1_3 O4,,True
119241,chapter-d4-edgecliff-centre,Woollahra_DCP_2015__chapter_d4_edgecliff_centre,Woollahra_DCP_2015__chapter_d4_edgecliff_centre__D4_1_3 O5,,True
119242,chapter-d4-edgecliff-centre,Woollahra_DCP_2015__chapter_d4_edgecliff_centre,Woollahra_DCP_2015__chapter_d4_edgecliff_centre__D4_1_3 O6,,True
119243,chapter-d4-edgecliff-centre,Woollahra_DCP_2015__chapter_d4_edgecliff_centre,Woollahra_DCP_2015__chapter_d4_edgecliff_centre__D4_2_3 C1,,True
119252,chapter-d4-edgecliff-centre,Woollahra_DCP_2015__chapter_d4_edgecliff_centre,Woollahra_DCP_2015__chapter_d4_edgecliff_centre__D4_2_3 C10,,True
119253,chapter-d4-edgecliff-centre,Woollahra_DCP_2015__chapter_d4_edgecliff_centre,Woollahra_DCP_2015__chapter_d4_edgecliff_centre__D4_2_3 C11,,True
119254,chapter-d4-edgecliff-centre,Woollahra_DCP_2015__chapter_d4_edgecliff_centre,Woollahra_DCP_2015__chapter_d4_edgecliff_centre__D4_2_3 C12,,True
119255,chapter-d4-edgecliff-centre,Woollahra_DCP_2015__chapter_d4_edgecliff_centre,Woollahra_DCP_2015__chapter_d4_edgecliff_centre__D4_2_3 C13,,True
119256,chapter-d4-edgecliff-centre,Woollahra_DCP_2015__chapter_d4_edgecliff_centre,Woollahra_DCP_2015__chapter_d4_edgecliff_centre__D4_2_3 C14,,True
119257,chapter-d4-edgecliff-centre,Woollahra_DCP_2015__chapter_d4_edgecliff_centre,Woollahra_DCP_2015__chapter_d4_edgecliff_centre__D4_2_3 C15,,True
119258,chapter-d4-edgecliff-centre,Woollahra_DCP_2015__chapter_d4_edgecliff_centre,Woollahra_DCP_2015__chapter_d4_edgecliff_centre__D4_2_3 C16,,True
119260,chapter-d4-edgecliff-centre,Woollahra_DCP_2015__chapter_d4_edgecliff_centre,Woollahra_DCP_2015__chapter_d4_edgecliff_centre__D4_2_3 C17,,True
119261,chapter-d4-edgecliff-centre,Woollahra_DCP_2015__chapter_d4_edgecliff_centre,Woollahra_DCP_2015__chapter_d4_edgecliff_centre__D4_2_3 C18,,True
119263,chapter-d4-edgecliff-centre,Woollahra_DCP_2015__chapter_d4_edgecliff_centre,Woollahra_DCP_2015__chapter_d4_edgecliff_centre__D4_2_3 C19,,True
119244,chapter-d4-edgecliff-centre,Woollahra_DCP_2015__chapter_d4_edgecliff_centre,Woollahra_DCP_2015__chapter_d4_edgecliff_centre__D4_2_3 C2,,True
119264,chapter-d4-edgecliff-centre,Woollahra_DCP_2015__chapter_d4_edgecliff_centre,Woollahra_DCP_2015__chapter_d4_edgecliff_centre__D4_2_3 C20,,True
119268,chapter-d4-edgecliff-centre,Woollahra_DCP_2015__chapter_d4_edgecliff_centre,Woollahra_DCP_2015__chapter_d4_edgecliff_centre__D4_2_3 C21,,True
119270,chapter-d4-edgecliff-centre,Woollahra_DCP_2015__chapter_d4_edgecliff_centre,Woollahra_DCP_2015__chapter_d4_edgecliff_centre__D4_2_3 C22,,True
119271,chapter-d4-edgecliff-centre,Woollahra_DCP_2015__chapter_d4_edgecliff_centre,Woollahra_DCP_2015__chapter_d4_edgecliff_centre__D4_2_3 C23,,True
119245,chapter-d4-edgecliff-centre,Woollahra_DCP_2015__chapter_d4_edgecliff_centre,Woollahra_DCP_2015__chapter_d4_edgecliff_centre__D4_2_3 C3,,True
119246,chapter-d4-edgecliff-centre,Woollahra_DCP_2015__chapter_d4_edgecliff_centre,Woollahra_DCP_2015__chapter_d4_edgecliff_centre__D4_2_3 C4,,True
119247,chapter-d4-edgecliff-centre,Woollahra_DCP_2015__chapter_d4_edgecliff_centre,Woollahra_DCP_2015__chapter_d4_edgecliff_centre__D4_2_3 C5,,True
119248,chapter-d4-edgecliff-centre,Woollahra_DCP_2015__chapter_d4_edgecliff_centre,Woollahra_DCP_2015__chapter_d4_edgecliff_centre__D4_2_3 C6,,True
119249,chapter-d4-edgecliff-centre,Woollahra_DCP_2015__chapter_d4_edgecliff_centre,Woollahra_DCP_2015__chapter_d4_edgecliff_centre__D4_2_3 C7,,True
119250,chapter-d4-edgecliff-centre,Woollahra_DCP_2015__chapter_d4_edgecliff_centre,Woollahra_DCP_2015__chapter_d4_edgecliff_centre__D4_2_3 C8,,True
119251,chapter-d4-edgecliff-centre,Woollahra_DCP_2015__chapter_d4_edgecliff_centre,Woollahra_DCP_2015__chapter_d4_edgecliff_centre__D4_2_3 C9,,True
119266,chapter-d4-edgecliff-centre,Woollahra_DCP_2015__chapter_d4_edgecliff_centre,Woollahra_DCP_2015__chapter_d4_edgecliff_centre__D4_2_3 Note1,,True
119265,chapter-d4-edgecliff-centre,Woollahra_DCP_2015__chapter_d4_edgecliff_centre,Woollahra_DCP_2015__chapter_d4_edgecliff_centre__D4_2_3 O10,,True
119267,chapter-d4-edgecliff-centre,Woollahra_DCP_2015__chapter_d4_edgecliff_centre,Woollahra_DCP_2015__chapter_d4_edgecliff_centre__D4_2_3 O11,,True
119269,chapter-d4-edgecliff-centre,Woollahra_DCP_2015__chapter_d4_edgecliff_centre,Woollahra_DCP_2015__chapter_d4_edgecliff_centre__D4_2_3 O12,,True
119259,chapter-d4-edgecliff-centre,Woollahra_DCP_2015__chapter_d4_edgecliff_centre,Woollahra_DCP_2015__chapter_d4_edgecliff_centre__D4_2_3 O8,,True
119262,chapter-d4-edgecliff-centre,Woollahra_DCP_2015__chapter_d4_edgecliff_centre,Woollahra_DCP_2015__chapter_d4_edgecliff_centre__D4_2_3 O9,,True
119272,chapter-d6-rose-bay-centre,Woollahra_DCP_2015__chapter_d6_rose_bay_centre,Woollahra_DCP_2015__chapter_d6_rose_bay_centre__D6_1_3 O1,,True
119273,chapter-d6-rose-bay-centre,Woollahra_DCP_2015__chapter_d6_rose_bay_centre,Woollahra_DCP_2015__chapter_d6_rose_bay_centre__D6_1_3 O2,,True
119274,chapter-d6-rose-bay-centre,Woollahra_DCP_2015__chapter_d6_rose_bay_centre,Woollahra_DCP_2015__chapter_d6_rose_bay_centre__D6_1_3 O3,,True
119275,chapter-d6-rose-bay-centre,Woollahra_DCP_2015__chapter_d6_rose_bay_centre,Woollahra_DCP_2015__chapter_d6_rose_bay_centre__D6_1_3 O4,,True
119276,chapter-d6-rose-bay-centre,Woollahra_DCP_2015__chapter_d6_rose_bay_centre,Woollahra_DCP_2015__chapter_d6_rose_bay_centre__D6_1_3 O5,,True
119277,chapter-d6-rose-bay-centre,Woollahra_DCP_2015__chapter_d6_rose_bay_centre,Woollahra_DCP_2015__chapter_d6_rose_bay_centre__D6_1_3 O6,,True
119278,chapter-d6-rose-bay-centre,Woollahra_DCP_2015__chapter_d6_rose_bay_centre,Woollahra_DCP_2015__chapter_d6_rose_bay_centre__D6_1_3 O7,,True
119279,chapter-d6-rose-bay-centre,Woollahra_DCP_2015__chapter_d6_rose_bay_centre,Woollahra_DCP_2015__chapter_d6_rose_bay_centre__D6_1_3 O8,,True
119280,chapter-d6-rose-bay-centre,Woollahra_DCP_2015__chapter_d6_rose_bay_centre,Woollahra_DCP_2015__chapter_d6_rose_bay_centre__D6_1_3 O9,,True
119288,chapter-d6-rose-bay-centre,Woollahra_DCP_2015__chapter_d6_rose_bay_centre,Woollahra_DCP_2015__chapter_d6_rose_bay_centre__D6_3 C1,,True
119289,chapter-d6-rose-bay-centre,Woollahra_DCP_2015__chapter_d6_rose_bay_centre,Woollahra_DCP_2015__chapter_d6_rose_bay_centre__D6_3 C2,,True
119290,chapter-d6-rose-bay-centre,Woollahra_DCP_2015__chapter_d6_rose_bay_centre,Woollahra_DCP_2015__chapter_d6_rose_bay_centre__D6_3 C3,,True
119291,chapter-d6-rose-bay-centre,Woollahra_DCP_2015__chapter_d6_rose_bay_centre,Woollahra_DCP_2015__chapter_d6_rose_bay_centre__D6_3 C4,,True
119292,chapter-d6-rose-bay-centre,Woollahra_DCP_2015__chapter_d6_rose_bay_centre,Woollahra_DCP_2015__chapter_d6_rose_bay_centre__D6_3 C5,,True
119293,chapter-d6-rose-bay-centre,Woollahra_DCP_2015__chapter_d6_rose_bay_centre,Woollahra_DCP_2015__chapter_d6_rose_bay_centre__D6_3 C6,,True
119294,chapter-d6-rose-bay-centre,Woollahra_DCP_2015__chapter_d6_rose_bay_centre,Woollahra_DCP_2015__chapter_d6_rose_bay_centre__D6_3 C7,,True
119281,chapter-d6-rose-bay-centre,Woollahra_DCP_2015__chapter_d6_rose_bay_centre,Woollahra_DCP_2015__chapter_d6_rose_bay_centre__D6_3 O1,,True
119282,chapter-d6-rose-bay-centre,Woollahra_DCP_2015__chapter_d6_rose_bay_centre,Woollahra_DCP_2015__chapter_d6_rose_bay_centre__D6_3 O2,,True
119283,chapter-d6-rose-bay-centre,Woollahra_DCP_2015__chapter_d6_rose_bay_centre,Woollahra_DCP_2015__chapter_d6_rose_bay_centre__D6_3 O3,,True
119284,chapter-d6-rose-bay-centre,Woollahra_DCP_2015__chapter_d6_rose_bay_centre,Woollahra_DCP_2015__chapter_d6_rose_bay_centre__D6_3 O4,,True
119285,chapter-d6-rose-bay-centre,Woollahra_DCP_2015__chapter_d6_rose_bay_centre,Woollahra_DCP_2015__chapter_d6_rose_bay_centre__D6_3 O5,,True
119286,chapter-d6-rose-bay-centre,Woollahra_DCP_2015__chapter_d6_rose_bay_centre,Woollahra_DCP_2015__chapter_d6_rose_bay_centre__D6_3 O6,,True
119287,chapter-d6-rose-bay-centre,Woollahra_DCP_2015__chapter_d6_rose_bay_centre,Woollahra_DCP_2015__chapter_d6_rose_bay_centre__D6_3 O7,,True
119295,chapter-d6-rose-bay-centre,Woollahra_DCP_2015__chapter_d6_rose_bay_centre,Woollahra_DCP_2015__chapter_d6_rose_bay_centre__D6_4 O1,,True
119296,chapter-d6-rose-bay-centre,Woollahra_DCP_2015__chapter_d6_rose_bay_centre,Woollahra_DCP_2015__chapter_d6_rose_bay_centre__D6_4 O2,,True
119297,chapter-d6-rose-bay-centre,Woollahra_DCP_2015__chapter_d6_rose_bay_centre,Woollahra_DCP_2015__chapter_d6_rose_bay_centre__D6_4 O3,,True
119298,chapter-d6-rose-bay-centre,Woollahra_DCP_2015__chapter_d6_rose_bay_centre,Woollahra_DCP_2015__chapter_d6_rose_bay_centre__D6_4 O4,,True
119300,chapter-d6-rose-bay-centre,Woollahra_DCP_2015__chapter_d6_rose_bay_centre,Woollahra_DCP_2015__chapter_d6_rose_bay_centre__D6_4_1 C1,,True
119301,chapter-d6-rose-bay-centre,Woollahra_DCP_2015__chapter_d6_rose_bay_centre,Woollahra_DCP_2015__chapter_d6_rose_bay_centre__D6_4_1 C2,,True
119303,chapter-d6-rose-bay-centre,Woollahra_DCP_2015__chapter_d6_rose_bay_centre,Woollahra_DCP_2015__chapter_d6_rose_bay_centre__D6_4_1 C3,,True
119304,chapter-d6-rose-bay-centre,Woollahra_DCP_2015__chapter_d6_rose_bay_centre,Woollahra_DCP_2015__chapter_d6_rose_bay_centre__D6_4_1 C4,,True
119299,chapter-d6-rose-bay-centre,Woollahra_DCP_2015__chapter_d6_rose_bay_centre,Woollahra_DCP_2015__chapter_d6_rose_bay_centre__D6_4_1 O1,,True
119302,chapter-d6-rose-bay-centre,Woollahra_DCP_2015__chapter_d6_rose_bay_centre,Woollahra_DCP_2015__chapter_d6_rose_bay_centre__D6_4_1 O2,,True
119335,chapter-d6-rose-bay-centre,Woollahra_DCP_2015__chapter_d6_rose_bay_centre,Woollahra_DCP_2015__chapter_d6_rose_bay_centre__D6_4_10 Strategy,,True
119306,chapter-d6-rose-bay-centre,Woollahra_DCP_2015__chapter_d6_rose_bay_centre,Woollahra_DCP_2015__chapter_d6_rose_bay_centre__D6_4_2 C1,,True
119307,chapter-d6-rose-bay-centre,Woollahra_DCP_2015__chapter_d6_rose_bay_centre,Woollahra_DCP_2015__chapter_d6_rose_bay_centre__D6_4_2 C2,,True
119309,chapter-d6-rose-bay-centre,Woollahra_DCP_2015__chapter_d6_rose_bay_centre,Woollahra_DCP_2015__chapter_d6_rose_bay_centre__D6_4_2 C3,,True
119310,chapter-d6-rose-bay-centre,Woollahra_DCP_2015__chapter_d6_rose_bay_centre,Woollahra_DCP_2015__chapter_d6_rose_bay_centre__D6_4_2 C4,,True
119305,chapter-d6-rose-bay-centre,Woollahra_DCP_2015__chapter_d6_rose_bay_centre,Woollahra_DCP_2015__chapter_d6_rose_bay_centre__D6_4_2 O1,,True
119308,chapter-d6-rose-bay-centre,Woollahra_DCP_2015__chapter_d6_rose_bay_centre,Woollahra_DCP_2015__chapter_d6_rose_bay_centre__D6_4_2 O2,,True
119312,chapter-d6-rose-bay-centre,Woollahra_DCP_2015__chapter_d6_rose_bay_centre,Woollahra_DCP_2015__chapter_d6_rose_bay_centre__D6_4_3 C1,,True
119313,chapter-d6-rose-bay-centre,Woollahra_DCP_2015__chapter_d6_rose_bay_centre,Woollahra_DCP_2015__chapter_d6_rose_bay_centre__D6_4_3 C2,,True
119311,chapter-d6-rose-bay-centre,Woollahra_DCP_2015__chapter_d6_rose_bay_centre,Woollahra_DCP_2015__chapter_d6_rose_bay_centre__D6_4_3 O1,,True
119315,chapter-d6-rose-bay-centre,Woollahra_DCP_2015__chapter_d6_rose_bay_centre,Woollahra_DCP_2015__chapter_d6_rose_bay_centre__D6_4_4 C1,,True
119316,chapter-d6-rose-bay-centre,Woollahra_DCP_2015__chapter_d6_rose_bay_centre,Woollahra_DCP_2015__chapter_d6_rose_bay_centre__D6_4_4 C2,,True
119314,chapter-d6-rose-bay-centre,Woollahra_DCP_2015__chapter_d6_rose_bay_centre,Woollahra_DCP_2015__chapter_d6_rose_bay_centre__D6_4_4 O1,,True
119318,chapter-d6-rose-bay-centre,Woollahra_DCP_2015__chapter_d6_rose_bay_centre,Woollahra_DCP_2015__chapter_d6_rose_bay_centre__D6_4_5 C1,,True
119319,chapter-d6-rose-bay-centre,Woollahra_DCP_2015__chapter_d6_rose_bay_centre,Woollahra_DCP_2015__chapter_d6_rose_bay_centre__D6_4_5 C2,,True
119317,chapter-d6-rose-bay-centre,Woollahra_DCP_2015__chapter_d6_rose_bay_centre,Woollahra_DCP_2015__chapter_d6_rose_bay_centre__D6_4_5 O1,,True
119321,chapter-d6-rose-bay-centre,Woollahra_DCP_2015__chapter_d6_rose_bay_centre,Woollahra_DCP_2015__chapter_d6_rose_bay_centre__D6_4_6 C1,,True
119322,chapter-d6-rose-bay-centre,Woollahra_DCP_2015__chapter_d6_rose_bay_centre,Woollahra_DCP_2015__chapter_d6_rose_bay_centre__D6_4_6 C2,,True
119320,chapter-d6-rose-bay-centre,Woollahra_DCP_2015__chapter_d6_rose_bay_centre,Woollahra_DCP_2015__chapter_d6_rose_bay_centre__D6_4_6 O1,,True
119324,chapter-d6-rose-bay-centre,Woollahra_DCP_2015__chapter_d6_rose_bay_centre,Woollahra_DCP_2015__chapter_d6_rose_bay_centre__D6_4_7 C1,,True
119325,chapter-d6-rose-bay-centre,Woollahra_DCP_2015__chapter_d6_rose_bay_centre,Woollahra_DCP_2015__chapter_d6_rose_bay_centre__D6_4_7 C2,,True
119323,chapter-d6-rose-bay-centre,Woollahra_DCP_2015__chapter_d6_rose_bay_centre,Woollahra_DCP_2015__chapter_d6_rose_bay_centre__D6_4_7 O1,,True
119327,chapter-d6-rose-bay-centre,Woollahra_DCP_2015__chapter_d6_rose_bay_centre,Woollahra_DCP_2015__chapter_d6_rose_bay_centre__D6_4_8 C1,,True
119328,chapter-d6-rose-bay-centre,Woollahra_DCP_2015__chapter_d6_rose_bay_centre,Woollahra_DCP_2015__chapter_d6_rose_bay_centre__D6_4_8 C2,,True
119329,chapter-d6-rose-bay-centre,Woollahra_DCP_2015__chapter_d6_rose_bay_centre,Woollahra_DCP_2015__chapter_d6_rose_bay_centre__D6_4_8 C3,,True
119330,chapter-d6-rose-bay-centre,Woollahra_DCP_2015__chapter_d6_rose_bay_centre,Woollahra_DCP_2015__chapter_d6_rose_bay_centre__D6_4_8 C4,,True
119331,chapter-d6-rose-bay-centre,Woollahra_DCP_2015__chapter_d6_rose_bay_centre,Woollahra_DCP_2015__chapter_d6_rose_bay_centre__D6_4_8 C5,,True
119332,chapter-d6-rose-bay-centre,Woollahra_DCP_2015__chapter_d6_rose_bay_centre,Woollahra_DCP_2015__chapter_d6_rose_bay_centre__D6_4_8 C6,,True
119333,chapter-d6-rose-bay-centre,Woollahra_DCP_2015__chapter_d6_rose_bay_centre,Woollahra_DCP_2015__chapter_d6_rose_bay_centre__D6_4_8 C7,,True
119326,chapter-d6-rose-bay-centre,Woollahra_DCP_2015__chapter_d6_rose_bay_centre,Woollahra_DCP_2015__chapter_d6_rose_bay_centre__D6_4_8 O1,,True
119334,chapter-d6-rose-bay-centre,Woollahra_DCP_2015__chapter_d6_rose_bay_centre,Woollahra_DCP_2015__chapter_d6_rose_bay_centre__D6_4_9 Strategy,,True
119338,chapter-d6-rose-bay-centre,Woollahra_DCP_2015__chapter_d6_rose_bay_centre,Woollahra_DCP_2015__chapter_d6_rose_bay_centre__D6_5_1 C1,,True
119339,chapter-d6-rose-bay-centre,Woollahra_DCP_2015__chapter_d6_rose_bay_centre,Woollahra_DCP_2015__chapter_d6_rose_bay_centre__D6_5_1 C2,,True
119340,chapter-d6-rose-bay-centre,Woollahra_DCP_2015__chapter_d6_rose_bay_centre,Woollahra_DCP_2015__chapter_d6_rose_bay_centre__D6_5_1 C3,,True
119341,chapter-d6-rose-bay-centre,Woollahra_DCP_2015__chapter_d6_rose_bay_centre,Woollahra_DCP_2015__chapter_d6_rose_bay_centre__D6_5_1 C4,,True
119336,chapter-d6-rose-bay-centre,Woollahra_DCP_2015__chapter_d6_rose_bay_centre,Woollahra_DCP_2015__chapter_d6_rose_bay_centre__D6_5_1 O1,,True
119337,chapter-d6-rose-bay-centre,Woollahra_DCP_2015__chapter_d6_rose_bay_centre,Woollahra_DCP_2015__chapter_d6_rose_bay_centre__D6_5_1 O2,,True
119342,chapter-d6-rose-bay-centre,Woollahra_DCP_2015__chapter_d6_rose_bay_centre,Woollahra_DCP_2015__chapter_d6_rose_bay_centre__D6_5_2 C1,,True
119343,chapter-d6-rose-bay-centre,Woollahra_DCP_2015__chapter_d6_rose_bay_centre,Woollahra_DCP_2015__chapter_d6_rose_bay_centre__D6_5_2 C2,,True
119344,chapter-d6-rose-bay-centre,Woollahra_DCP_2015__chapter_d6_rose_bay_centre,Woollahra_DCP_2015__chapter_d6_rose_bay_centre__D6_5_2 C3,,True
119345,chapter-d6-rose-bay-centre,Woollahra_DCP_2015__chapter_d6_rose_bay_centre,Woollahra_DCP_2015__chapter_d6_rose_bay_centre__D6_5_2 C4,,True
119346,chapter-d6-rose-bay-centre,Woollahra_DCP_2015__chapter_d6_rose_bay_centre,Woollahra_DCP_2015__chapter_d6_rose_bay_centre__D6_5_2 C5,,True
119347,chapter-d6-rose-bay-centre,Woollahra_DCP_2015__chapter_d6_rose_bay_centre,Woollahra_DCP_2015__chapter_d6_rose_bay_centre__D6_5_2 C6,,True
119348,chapter-d6-rose-bay-centre,Woollahra_DCP_2015__chapter_d6_rose_bay_centre,Woollahra_DCP_2015__chapter_d6_rose_bay_centre__D6_5_2 C7,,True
119349,chapter-d6-rose-bay-centre,Woollahra_DCP_2015__chapter_d6_rose_bay_centre,Woollahra_DCP_2015__chapter_d6_rose_bay_centre__D6_5_2 C8,,True
119352,chapter-d6-rose-bay-centre,Woollahra_DCP_2015__chapter_d6_rose_bay_centre,Woollahra_DCP_2015__chapter_d6_rose_bay_centre__D6_6_1 C1,,True
119353,chapter-d6-rose-bay-centre,Woollahra_DCP_2015__chapter_d6_rose_bay_centre,Woollahra_DCP_2015__chapter_d6_rose_bay_centre__D6_6_1 C2,,True
119354,chapter-d6-rose-bay-centre,Woollahra_DCP_2015__chapter_d6_rose_bay_centre,Woollahra_DCP_2015__chapter_d6_rose_bay_centre__D6_6_1 C3,,True
119355,chapter-d6-rose-bay-centre,Woollahra_DCP_2015__chapter_d6_rose_bay_centre,Woollahra_DCP_2015__chapter_d6_rose_bay_centre__D6_6_1 C4,,True
119350,chapter-d6-rose-bay-centre,Woollahra_DCP_2015__chapter_d6_rose_bay_centre,Woollahra_DCP_2015__chapter_d6_rose_bay_centre__D6_6_1 O1,,True
119351,chapter-d6-rose-bay-centre,Woollahra_DCP_2015__chapter_d6_rose_bay_centre,Woollahra_DCP_2015__chapter_d6_rose_bay_centre__D6_6_1 O2,,True
119504,chapter-d6-rose-bay-centre,Woollahra_DCP_2015__chapter_d6_rose_bay_centre,Woollahra_DCP_2015__chapter_d6_rose_bay_centre__D6_6_10 C1,,True
119503,chapter-d6-rose-bay-centre,Woollahra_DCP_2015__chapter_d6_rose_bay_centre,Woollahra_DCP_2015__chapter_d6_rose_bay_centre__D6_6_10 D1,,True
119507,chapter-d6-rose-bay-centre,Woollahra_DCP_2015__chapter_d6_rose_bay_centre,Woollahra_DCP_2015__chapter_d6_rose_bay_centre__D6_6_10_1 C1,,True
119516,chapter-d6-rose-bay-centre,Woollahra_DCP_2015__chapter_d6_rose_bay_centre,Woollahra_DCP_2015__chapter_d6_rose_bay_centre__D6_6_10_1 C10,,True
119517,chapter-d6-rose-bay-centre,Woollahra_DCP_2015__chapter_d6_rose_bay_centre,Woollahra_DCP_2015__chapter_d6_rose_bay_centre__D6_6_10_1 C11,,True
119518,chapter-d6-rose-bay-centre,Woollahra_DCP_2015__chapter_d6_rose_bay_centre,Woollahra_DCP_2015__chapter_d6_rose_bay_centre__D6_6_10_1 C12,,True
119519,chapter-d6-rose-bay-centre,Woollahra_DCP_2015__chapter_d6_rose_bay_centre,Woollahra_DCP_2015__chapter_d6_rose_bay_centre__D6_6_10_1 C13,,True
119520,chapter-d6-rose-bay-centre,Woollahra_DCP_2015__chapter_d6_rose_bay_centre,Woollahra_DCP_2015__chapter_d6_rose_bay_centre__D6_6_10_1 C14,,True
119521,chapter-d6-rose-bay-centre,Woollahra_DCP_2015__chapter_d6_rose_bay_centre,Woollahra_DCP_2015__chapter_d6_rose_bay_centre__D6_6_10_1 C15,,True
119508,chapter-d6-rose-bay-centre,Woollahra_DCP_2015__chapter_d6_rose_bay_centre,Woollahra_DCP_2015__chapter_d6_rose_bay_centre__D6_6_10_1 C2,,True
119509,chapter-d6-rose-bay-centre,Woollahra_DCP_2015__chapter_d6_rose_bay_centre,Woollahra_DCP_2015__chapter_d6_rose_bay_centre__D6_6_10_1 C3,,True
119510,chapter-d6-rose-bay-centre,Woollahra_DCP_2015__chapter_d6_rose_bay_centre,Woollahra_DCP_2015__chapter_d6_rose_bay_centre__D6_6_10_1 C4,,True
119511,chapter-d6-rose-bay-centre,Woollahra_DCP_2015__chapter_d6_rose_bay_centre,Woollahra_DCP_2015__chapter_d6_rose_bay_centre__D6_6_10_1 C5,,True
119512,chapter-d6-rose-bay-centre,Woollahra_DCP_2015__chapter_d6_rose_bay_centre,Woollahra_DCP_2015__chapter_d6_rose_bay_centre__D6_6_10_1 C6,,True
119513,chapter-d6-rose-bay-centre,Woollahra_DCP_2015__chapter_d6_rose_bay_centre,Woollahra_DCP_2015__chapter_d6_rose_bay_centre__D6_6_10_1 C7,,True
119514,chapter-d6-rose-bay-centre,Woollahra_DCP_2015__chapter_d6_rose_bay_centre,Woollahra_DCP_2015__chapter_d6_rose_bay_centre__D6_6_10_1 C8,,True
119515,chapter-d6-rose-bay-centre,Woollahra_DCP_2015__chapter_d6_rose_bay_centre,Woollahra_DCP_2015__chapter_d6_rose_bay_centre__D6_6_10_1 C9,,True
119522,chapter-d6-rose-bay-centre,Woollahra_DCP_2015__chapter_d6_rose_bay_centre,Woollahra_DCP_2015__chapter_d6_rose_bay_centre__D6_6_10_1 I1,,True
119523,chapter-d6-rose-bay-centre,Woollahra_DCP_2015__chapter_d6_rose_bay_centre,Woollahra_DCP_2015__chapter_d6_rose_bay_centre__D6_6_10_1 I2,,True
119524,chapter-d6-rose-bay-centre,Woollahra_DCP_2015__chapter_d6_rose_bay_centre,Woollahra_DCP_2015__chapter_d6_rose_bay_centre__D6_6_10_1 I3,,True
119525,chapter-d6-rose-bay-centre,Woollahra_DCP_2015__chapter_d6_rose_bay_centre,Woollahra_DCP_2015__chapter_d6_rose_bay_centre__D6_6_10_1 I4,,True
119505,chapter-d6-rose-bay-centre,Woollahra_DCP_2015__chapter_d6_rose_bay_centre,Woollahra_DCP_2015__chapter_d6_rose_bay_centre__D6_6_10_1 O1,,True
119506,chapter-d6-rose-bay-centre,Woollahra_DCP_2015__chapter_d6_rose_bay_centre,Woollahra_DCP_2015__chapter_d6_rose_bay_centre__D6_6_10_1 O2,,True
119529,chapter-d6-rose-bay-centre,Woollahra_DCP_2015__chapter_d6_rose_bay_centre,Woollahra_DCP_2015__chapter_d6_rose_bay_centre__D6_6_10_2 C1,,True
119538,chapter-d6-rose-bay-centre,Woollahra_DCP_2015__chapter_d6_rose_bay_centre,Woollahra_DCP_2015__chapter_d6_rose_bay_centre__D6_6_10_2 C10,,True
119539,chapter-d6-rose-bay-centre,Woollahra_DCP_2015__chapter_d6_rose_bay_centre,Woollahra_DCP_2015__chapter_d6_rose_bay_centre__D6_6_10_2 C11,,True
119530,chapter-d6-rose-bay-centre,Woollahra_DCP_2015__chapter_d6_rose_bay_centre,Woollahra_DCP_2015__chapter_d6_rose_bay_centre__D6_6_10_2 C2,,True
119531,chapter-d6-rose-bay-centre,Woollahra_DCP_2015__chapter_d6_rose_bay_centre,Woollahra_DCP_2015__chapter_d6_rose_bay_centre__D6_6_10_2 C3,,True
119532,chapter-d6-rose-bay-centre,Woollahra_DCP_2015__chapter_d6_rose_bay_centre,Woollahra_DCP_2015__chapter_d6_rose_bay_centre__D6_6_10_2 C4,,True
119533,chapter-d6-rose-bay-centre,Woollahra_DCP_2015__chapter_d6_rose_bay_centre,Woollahra_DCP_2015__chapter_d6_rose_bay_centre__D6_6_10_2 C5,,True
119534,chapter-d6-rose-bay-centre,Woollahra_DCP_2015__chapter_d6_rose_bay_centre,Woollahra_DCP_2015__chapter_d6_rose_bay_centre__D6_6_10_2 C6,,True
119535,chapter-d6-rose-bay-centre,Woollahra_DCP_2015__chapter_d6_rose_bay_centre,Woollahra_DCP_2015__chapter_d6_rose_bay_centre__D6_6_10_2 C7,,True
119536,chapter-d6-rose-bay-centre,Woollahra_DCP_2015__chapter_d6_rose_bay_centre,Woollahra_DCP_2015__chapter_d6_rose_bay_centre__D6_6_10_2 C8,,True
119537,chapter-d6-rose-bay-centre,Woollahra_DCP_2015__chapter_d6_rose_bay_centre,Woollahra_DCP_2015__chapter_d6_rose_bay_centre__D6_6_10_2 C9,,True
119526,chapter-d6-rose-bay-centre,Woollahra_DCP_2015__chapter_d6_rose_bay_centre,Woollahra_DCP_2015__chapter_d6_rose_bay_centre__D6_6_10_2 O1,,True
119527,chapter-d6-rose-bay-centre,Woollahra_DCP_2015__chapter_d6_rose_bay_centre,Woollahra_DCP_2015__chapter_d6_rose_bay_centre__D6_6_10_2 O2,,True
119528,chapter-d6-rose-bay-centre,Woollahra_DCP_2015__chapter_d6_rose_bay_centre,Woollahra_DCP_2015__chapter_d6_rose_bay_centre__D6_6_10_2 O3,,True
119542,chapter-d6-rose-bay-centre,Woollahra_DCP_2015__chapter_d6_rose_bay_centre,Woollahra_DCP_2015__chapter_d6_rose_bay_centre__D6_6_10_3 C1,,True
119543,chapter-d6-rose-bay-centre,Woollahra_DCP_2015__chapter_d6_rose_bay_centre,Woollahra_DCP_2015__chapter_d6_rose_bay_centre__D6_6_10_3 C2,,True
119544,chapter-d6-rose-bay-centre,Woollahra_DCP_2015__chapter_d6_rose_bay_centre,Woollahra_DCP_2015__chapter_d6_rose_bay_centre__D6_6_10_3 C3,,True
119545,chapter-d6-rose-bay-centre,Woollahra_DCP_2015__chapter_d6_rose_bay_centre,Woollahra_DCP_2015__chapter_d6_rose_bay_centre__D6_6_10_3 C4,,True
119546,chapter-d6-rose-bay-centre,Woollahra_DCP_2015__chapter_d6_rose_bay_centre,Woollahra_DCP_2015__chapter_d6_rose_bay_centre__D6_6_10_3 C5,,True
119547,chapter-d6-rose-bay-centre,Woollahra_DCP_2015__chapter_d6_rose_bay_centre,Woollahra_DCP_2015__chapter_d6_rose_bay_centre__D6_6_10_3 C6,,True
119548,chapter-d6-rose-bay-centre,Woollahra_DCP_2015__chapter_d6_rose_bay_centre,Woollahra_DCP_2015__chapter_d6_rose_bay_centre__D6_6_10_3 C7,,True
119540,chapter-d6-rose-bay-centre,Woollahra_DCP_2015__chapter_d6_rose_bay_centre,Woollahra_DCP_2015__chapter_d6_rose_bay_centre__D6_6_10_3 O1,,True
119541,chapter-d6-rose-bay-centre,Woollahra_DCP_2015__chapter_d6_rose_bay_centre,Woollahra_DCP_2015__chapter_d6_rose_bay_centre__D6_6_10_3 O2,,True
119359,chapter-d6-rose-bay-centre,Woollahra_DCP_2015__chapter_d6_rose_bay_centre,Woollahra_DCP_2015__chapter_d6_rose_bay_centre__D6_6_2 C1,,True
119360,chapter-d6-rose-bay-centre,Woollahra_DCP_2015__chapter_d6_rose_bay_centre,Woollahra_DCP_2015__chapter_d6_rose_bay_centre__D6_6_2 C2,,True
119361,chapter-d6-rose-bay-centre,Woollahra_DCP_2015__chapter_d6_rose_bay_centre,Woollahra_DCP_2015__chapter_d6_rose_bay_centre__D6_6_2 C3,,True
119362,chapter-d6-rose-bay-centre,Woollahra_DCP_2015__chapter_d6_rose_bay_centre,Woollahra_DCP_2015__chapter_d6_rose_bay_centre__D6_6_2 C4,,True
119363,chapter-d6-rose-bay-centre,Woollahra_DCP_2015__chapter_d6_rose_bay_centre,Woollahra_DCP_2015__chapter_d6_rose_bay_centre__D6_6_2 C5,,True
119356,chapter-d6-rose-bay-centre,Woollahra_DCP_2015__chapter_d6_rose_bay_centre,Woollahra_DCP_2015__chapter_d6_rose_bay_centre__D6_6_2 O1,,True
119357,chapter-d6-rose-bay-centre,Woollahra_DCP_2015__chapter_d6_rose_bay_centre,Woollahra_DCP_2015__chapter_d6_rose_bay_centre__D6_6_2 O2,,True
119358,chapter-d6-rose-bay-centre,Woollahra_DCP_2015__chapter_d6_rose_bay_centre,Woollahra_DCP_2015__chapter_d6_rose_bay_centre__D6_6_2 O3,,True
119369,chapter-d6-rose-bay-centre,Woollahra_DCP_2015__chapter_d6_rose_bay_centre,Woollahra_DCP_2015__chapter_d6_rose_bay_centre__D6_6_3_1 C1,,True
119370,chapter-d6-rose-bay-centre,Woollahra_DCP_2015__chapter_d6_rose_bay_centre,Woollahra_DCP_2015__chapter_d6_rose_bay_centre__D6_6_3_1 C2,,True
119371,chapter-d6-rose-bay-centre,Woollahra_DCP_2015__chapter_d6_rose_bay_centre,Woollahra_DCP_2015__chapter_d6_rose_bay_centre__D6_6_3_1 C3,,True
119372,chapter-d6-rose-bay-centre,Woollahra_DCP_2015__chapter_d6_rose_bay_centre,Woollahra_DCP_2015__chapter_d6_rose_bay_centre__D6_6_3_1 C4,,True
119373,chapter-d6-rose-bay-centre,Woollahra_DCP_2015__chapter_d6_rose_bay_centre,Woollahra_DCP_2015__chapter_d6_rose_bay_centre__D6_6_3_1 C5,,True
119364,chapter-d6-rose-bay-centre,Woollahra_DCP_2015__chapter_d6_rose_bay_centre,Woollahra_DCP_2015__chapter_d6_rose_bay_centre__D6_6_3_1 O1,,True
119365,chapter-d6-rose-bay-centre,Woollahra_DCP_2015__chapter_d6_rose_bay_centre,Woollahra_DCP_2015__chapter_d6_rose_bay_centre__D6_6_3_1 O2,,True
119366,chapter-d6-rose-bay-centre,Woollahra_DCP_2015__chapter_d6_rose_bay_centre,Woollahra_DCP_2015__chapter_d6_rose_bay_centre__D6_6_3_1 O3,,True
119367,chapter-d6-rose-bay-centre,Woollahra_DCP_2015__chapter_d6_rose_bay_centre,Woollahra_DCP_2015__chapter_d6_rose_bay_centre__D6_6_3_1 O4,,True
119368,chapter-d6-rose-bay-centre,Woollahra_DCP_2015__chapter_d6_rose_bay_centre,Woollahra_DCP_2015__chapter_d6_rose_bay_centre__D6_6_3_1 O5,,True
119375,chapter-d6-rose-bay-centre,Woollahra_DCP_2015__chapter_d6_rose_bay_centre,Woollahra_DCP_2015__chapter_d6_rose_bay_centre__D6_6_3_2 C1,,True
119376,chapter-d6-rose-bay-centre,Woollahra_DCP_2015__chapter_d6_rose_bay_centre,Woollahra_DCP_2015__chapter_d6_rose_bay_centre__D6_6_3_2 C2,,True
119377,chapter-d6-rose-bay-centre,Woollahra_DCP_2015__chapter_d6_rose_bay_centre,Woollahra_DCP_2015__chapter_d6_rose_bay_centre__D6_6_3_2 C3,,True
119378,chapter-d6-rose-bay-centre,Woollahra_DCP_2015__chapter_d6_rose_bay_centre,Woollahra_DCP_2015__chapter_d6_rose_bay_centre__D6_6_3_2 C4,,True
119379,chapter-d6-rose-bay-centre,Woollahra_DCP_2015__chapter_d6_rose_bay_centre,Woollahra_DCP_2015__chapter_d6_rose_bay_centre__D6_6_3_2 C5,,True
119380,chapter-d6-rose-bay-centre,Woollahra_DCP_2015__chapter_d6_rose_bay_centre,Woollahra_DCP_2015__chapter_d6_rose_bay_centre__D6_6_3_2 C6,,True
119374,chapter-d6-rose-bay-centre,Woollahra_DCP_2015__chapter_d6_rose_bay_centre,Woollahra_DCP_2015__chapter_d6_rose_bay_centre__D6_6_3_2 O1,,True
119386,chapter-d6-rose-bay-centre,Woollahra_DCP_2015__chapter_d6_rose_bay_centre,Woollahra_DCP_2015__chapter_d6_rose_bay_centre__D6_6_3_3 C1,,True
119381,chapter-d6-rose-bay-centre,Woollahra_DCP_2015__chapter_d6_rose_bay_centre,Woollahra_DCP_2015__chapter_d6_rose_bay_centre__D6_6_3_3 O1,,True
119382,chapter-d6-rose-bay-centre,Woollahra_DCP_2015__chapter_d6_rose_bay_centre,Woollahra_DCP_2015__chapter_d6_rose_bay_centre__D6_6_3_3 O2,,True
119383,chapter-d6-rose-bay-centre,Woollahra_DCP_2015__chapter_d6_rose_bay_centre,Woollahra_DCP_2015__chapter_d6_rose_bay_centre__D6_6_3_3 O3,,True
119384,chapter-d6-rose-bay-centre,Woollahra_DCP_2015__chapter_d6_rose_bay_centre,Woollahra_DCP_2015__chapter_d6_rose_bay_centre__D6_6_3_3 O4,,True
119385,chapter-d6-rose-bay-centre,Woollahra_DCP_2015__chapter_d6_rose_bay_centre,Woollahra_DCP_2015__chapter_d6_rose_bay_centre__D6_6_3_3 O5,,True
119389,chapter-d6-rose-bay-centre,Woollahra_DCP_2015__chapter_d6_rose_bay_centre,Woollahra_DCP_2015__chapter_d6_rose_bay_centre__D6_6_3_4 C1,,True
119390,chapter-d6-rose-bay-centre,Woollahra_DCP_2015__chapter_d6_rose_bay_centre,Woollahra_DCP_2015__chapter_d6_rose_bay_centre__D6_6_3_4 C2,,True
119391,chapter-d6-rose-bay-centre,Woollahra_DCP_2015__chapter_d6_rose_bay_centre,Woollahra_DCP_2015__chapter_d6_rose_bay_centre__D6_6_3_4 C3,,True
119387,chapter-d6-rose-bay-centre,Woollahra_DCP_2015__chapter_d6_rose_bay_centre,Woollahra_DCP_2015__chapter_d6_rose_bay_centre__D6_6_3_4 O1,,True
119388,chapter-d6-rose-bay-centre,Woollahra_DCP_2015__chapter_d6_rose_bay_centre,Woollahra_DCP_2015__chapter_d6_rose_bay_centre__D6_6_3_4 O2,,True
119396,chapter-d6-rose-bay-centre,Woollahra_DCP_2015__chapter_d6_rose_bay_centre,Woollahra_DCP_2015__chapter_d6_rose_bay_centre__D6_6_3_5 C1,,True
119405,chapter-d6-rose-bay-centre,Woollahra_DCP_2015__chapter_d6_rose_bay_centre,Woollahra_DCP_2015__chapter_d6_rose_bay_centre__D6_6_3_5 C10,,True
119406,chapter-d6-rose-bay-centre,Woollahra_DCP_2015__chapter_d6_rose_bay_centre,Woollahra_DCP_2015__chapter_d6_rose_bay_centre__D6_6_3_5 C11,,True
119407,chapter-d6-rose-bay-centre,Woollahra_DCP_2015__chapter_d6_rose_bay_centre,Woollahra_DCP_2015__chapter_d6_rose_bay_centre__D6_6_3_5 C12,,True
119408,chapter-d6-rose-bay-centre,Woollahra_DCP_2015__chapter_d6_rose_bay_centre,Woollahra_DCP_2015__chapter_d6_rose_bay_centre__D6_6_3_5 C13,,True
119409,chapter-d6-rose-bay-centre,Woollahra_DCP_2015__chapter_d6_rose_bay_centre,Woollahra_DCP_2015__chapter_d6_rose_bay_centre__D6_6_3_5 C14,,True
119410,chapter-d6-rose-bay-centre,Woollahra_DCP_2015__chapter_d6_rose_bay_centre,Woollahra_DCP_2015__chapter_d6_rose_bay_centre__D6_6_3_5 C15,,True
119397,chapter-d6-rose-bay-centre,Woollahra_DCP_2015__chapter_d6_rose_bay_centre,Woollahra_DCP_2015__chapter_d6_rose_bay_centre__D6_6_3_5 C2,,True
119398,chapter-d6-rose-bay-centre,Woollahra_DCP_2015__chapter_d6_rose_bay_centre,Woollahra_DCP_2015__chapter_d6_rose_bay_centre__D6_6_3_5 C3,,True
119399,chapter-d6-rose-bay-centre,Woollahra_DCP_2015__chapter_d6_rose_bay_centre,Woollahra_DCP_2015__chapter_d6_rose_bay_centre__D6_6_3_5 C4,,True
119400,chapter-d6-rose-bay-centre,Woollahra_DCP_2015__chapter_d6_rose_bay_centre,Woollahra_DCP_2015__chapter_d6_rose_bay_centre__D6_6_3_5 C5,,True
119401,chapter-d6-rose-bay-centre,Woollahra_DCP_2015__chapter_d6_rose_bay_centre,Woollahra_DCP_2015__chapter_d6_rose_bay_centre__D6_6_3_5 C6,,True
119402,chapter-d6-rose-bay-centre,Woollahra_DCP_2015__chapter_d6_rose_bay_centre,Woollahra_DCP_2015__chapter_d6_rose_bay_centre__D6_6_3_5 C7,,True
119403,chapter-d6-rose-bay-centre,Woollahra_DCP_2015__chapter_d6_rose_bay_centre,Woollahra_DCP_2015__chapter_d6_rose_bay_centre__D6_6_3_5 C8,,True
119404,chapter-d6-rose-bay-centre,Woollahra_DCP_2015__chapter_d6_rose_bay_centre,Woollahra_DCP_2015__chapter_d6_rose_bay_centre__D6_6_3_5 C9,,True
119392,chapter-d6-rose-bay-centre,Woollahra_DCP_2015__chapter_d6_rose_bay_centre,Woollahra_DCP_2015__chapter_d6_rose_bay_centre__D6_6_3_5 O1,,True
119393,chapter-d6-rose-bay-centre,Woollahra_DCP_2015__chapter_d6_rose_bay_centre,Woollahra_DCP_2015__chapter_d6_rose_bay_centre__D6_6_3_5 O2,,True
119394,chapter-d6-rose-bay-centre,Woollahra_DCP_2015__chapter_d6_rose_bay_centre,Woollahra_DCP_2015__chapter_d6_rose_bay_centre__D6_6_3_5 O3,,True
119395,chapter-d6-rose-bay-centre,Woollahra_DCP_2015__chapter_d6_rose_bay_centre,Woollahra_DCP_2015__chapter_d6_rose_bay_centre__D6_6_3_5 O4,,True
119413,chapter-d6-rose-bay-centre,Woollahra_DCP_2015__chapter_d6_rose_bay_centre,Woollahra_DCP_2015__chapter_d6_rose_bay_centre__D6_6_3_6 C1,,True
119414,chapter-d6-rose-bay-centre,Woollahra_DCP_2015__chapter_d6_rose_bay_centre,Woollahra_DCP_2015__chapter_d6_rose_bay_centre__D6_6_3_6 C2,,True
119415,chapter-d6-rose-bay-centre,Woollahra_DCP_2015__chapter_d6_rose_bay_centre,Woollahra_DCP_2015__chapter_d6_rose_bay_centre__D6_6_3_6 C3,,True
119416,chapter-d6-rose-bay-centre,Woollahra_DCP_2015__chapter_d6_rose_bay_centre,Woollahra_DCP_2015__chapter_d6_rose_bay_centre__D6_6_3_6 C4,,True
119417,chapter-d6-rose-bay-centre,Woollahra_DCP_2015__chapter_d6_rose_bay_centre,Woollahra_DCP_2015__chapter_d6_rose_bay_centre__D6_6_3_6 C5,,True
119418,chapter-d6-rose-bay-centre,Woollahra_DCP_2015__chapter_d6_rose_bay_centre,Woollahra_DCP_2015__chapter_d6_rose_bay_centre__D6_6_3_6 C6,,True
119411,chapter-d6-rose-bay-centre,Woollahra_DCP_2015__chapter_d6_rose_bay_centre,Woollahra_DCP_2015__chapter_d6_rose_bay_centre__D6_6_3_6 O1,,True
119412,chapter-d6-rose-bay-centre,Woollahra_DCP_2015__chapter_d6_rose_bay_centre,Woollahra_DCP_2015__chapter_d6_rose_bay_centre__D6_6_3_6 O2,,True
119421,chapter-d6-rose-bay-centre,Woollahra_DCP_2015__chapter_d6_rose_bay_centre,Woollahra_DCP_2015__chapter_d6_rose_bay_centre__D6_6_3_7 C1,,True
119422,chapter-d6-rose-bay-centre,Woollahra_DCP_2015__chapter_d6_rose_bay_centre,Woollahra_DCP_2015__chapter_d6_rose_bay_centre__D6_6_3_7 C2,,True
119423,chapter-d6-rose-bay-centre,Woollahra_DCP_2015__chapter_d6_rose_bay_centre,Woollahra_DCP_2015__chapter_d6_rose_bay_centre__D6_6_3_7 C3,,True
119424,chapter-d6-rose-bay-centre,Woollahra_DCP_2015__chapter_d6_rose_bay_centre,Woollahra_DCP_2015__chapter_d6_rose_bay_centre__D6_6_3_7 C4,,True
119419,chapter-d6-rose-bay-centre,Woollahra_DCP_2015__chapter_d6_rose_bay_centre,Woollahra_DCP_2015__chapter_d6_rose_bay_centre__D6_6_3_7 O1,,True
119420,chapter-d6-rose-bay-centre,Woollahra_DCP_2015__chapter_d6_rose_bay_centre,Woollahra_DCP_2015__chapter_d6_rose_bay_centre__D6_6_3_7 O2,,True
119427,chapter-d6-rose-bay-centre,Woollahra_DCP_2015__chapter_d6_rose_bay_centre,Woollahra_DCP_2015__chapter_d6_rose_bay_centre__D6_6_4 C1,,True
119428,chapter-d6-rose-bay-centre,Woollahra_DCP_2015__chapter_d6_rose_bay_centre,Woollahra_DCP_2015__chapter_d6_rose_bay_centre__D6_6_4 C2,,True
119429,chapter-d6-rose-bay-centre,Woollahra_DCP_2015__chapter_d6_rose_bay_centre,Woollahra_DCP_2015__chapter_d6_rose_bay_centre__D6_6_4 C3,,True
119430,chapter-d6-rose-bay-centre,Woollahra_DCP_2015__chapter_d6_rose_bay_centre,Woollahra_DCP_2015__chapter_d6_rose_bay_centre__D6_6_4 C4,,True
119431,chapter-d6-rose-bay-centre,Woollahra_DCP_2015__chapter_d6_rose_bay_centre,Woollahra_DCP_2015__chapter_d6_rose_bay_centre__D6_6_4 C5,,True
119432,chapter-d6-rose-bay-centre,Woollahra_DCP_2015__chapter_d6_rose_bay_centre,Woollahra_DCP_2015__chapter_d6_rose_bay_centre__D6_6_4 C6,,True
119433,chapter-d6-rose-bay-centre,Woollahra_DCP_2015__chapter_d6_rose_bay_centre,Woollahra_DCP_2015__chapter_d6_rose_bay_centre__D6_6_4 C7,,True
119434,chapter-d6-rose-bay-centre,Woollahra_DCP_2015__chapter_d6_rose_bay_centre,Woollahra_DCP_2015__chapter_d6_rose_bay_centre__D6_6_4 C8,,True
119425,chapter-d6-rose-bay-centre,Woollahra_DCP_2015__chapter_d6_rose_bay_centre,Woollahra_DCP_2015__chapter_d6_rose_bay_centre__D6_6_4 O1,,True
119426,chapter-d6-rose-bay-centre,Woollahra_DCP_2015__chapter_d6_rose_bay_centre,Woollahra_DCP_2015__chapter_d6_rose_bay_centre__D6_6_4 O2,,True
119440,chapter-d6-rose-bay-centre,Woollahra_DCP_2015__chapter_d6_rose_bay_centre,Woollahra_DCP_2015__chapter_d6_rose_bay_centre__D6_6_5_1 C1,,True
119449,chapter-d6-rose-bay-centre,Woollahra_DCP_2015__chapter_d6_rose_bay_centre,Woollahra_DCP_2015__chapter_d6_rose_bay_centre__D6_6_5_1 C10,,True
119450,chapter-d6-rose-bay-centre,Woollahra_DCP_2015__chapter_d6_rose_bay_centre,Woollahra_DCP_2015__chapter_d6_rose_bay_centre__D6_6_5_1 C11,,True
119441,chapter-d6-rose-bay-centre,Woollahra_DCP_2015__chapter_d6_rose_bay_centre,Woollahra_DCP_2015__chapter_d6_rose_bay_centre__D6_6_5_1 C2,,True
119442,chapter-d6-rose-bay-centre,Woollahra_DCP_2015__chapter_d6_rose_bay_centre,Woollahra_DCP_2015__chapter_d6_rose_bay_centre__D6_6_5_1 C3,,True
119443,chapter-d6-rose-bay-centre,Woollahra_DCP_2015__chapter_d6_rose_bay_centre,Woollahra_DCP_2015__chapter_d6_rose_bay_centre__D6_6_5_1 C4,,True
119444,chapter-d6-rose-bay-centre,Woollahra_DCP_2015__chapter_d6_rose_bay_centre,Woollahra_DCP_2015__chapter_d6_rose_bay_centre__D6_6_5_1 C5,,True
119445,chapter-d6-rose-bay-centre,Woollahra_DCP_2015__chapter_d6_rose_bay_centre,Woollahra_DCP_2015__chapter_d6_rose_bay_centre__D6_6_5_1 C6,,True
119446,chapter-d6-rose-bay-centre,Woollahra_DCP_2015__chapter_d6_rose_bay_centre,Woollahra_DCP_2015__chapter_d6_rose_bay_centre__D6_6_5_1 C7,,True
119447,chapter-d6-rose-bay-centre,Woollahra_DCP_2015__chapter_d6_rose_bay_centre,Woollahra_DCP_2015__chapter_d6_rose_bay_centre__D6_6_5_1 C8,,True
119448,chapter-d6-rose-bay-centre,Woollahra_DCP_2015__chapter_d6_rose_bay_centre,Woollahra_DCP_2015__chapter_d6_rose_bay_centre__D6_6_5_1 C9,,True
119435,chapter-d6-rose-bay-centre,Woollahra_DCP_2015__chapter_d6_rose_bay_centre,Woollahra_DCP_2015__chapter_d6_rose_bay_centre__D6_6_5_1 O1,,True
119436,chapter-d6-rose-bay-centre,Woollahra_DCP_2015__chapter_d6_rose_bay_centre,Woollahra_DCP_2015__chapter_d6_rose_bay_centre__D6_6_5_1 O2,,True
119437,chapter-d6-rose-bay-centre,Woollahra_DCP_2015__chapter_d6_rose_bay_centre,Woollahra_DCP_2015__chapter_d6_rose_bay_centre__D6_6_5_1 O3,,True
119438,chapter-d6-rose-bay-centre,Woollahra_DCP_2015__chapter_d6_rose_bay_centre,Woollahra_DCP_2015__chapter_d6_rose_bay_centre__D6_6_5_1 O4,,True
119439,chapter-d6-rose-bay-centre,Woollahra_DCP_2015__chapter_d6_rose_bay_centre,Woollahra_DCP_2015__chapter_d6_rose_bay_centre__D6_6_5_1 O5,,True
119453,chapter-d6-rose-bay-centre,Woollahra_DCP_2015__chapter_d6_rose_bay_centre,Woollahra_DCP_2015__chapter_d6_rose_bay_centre__D6_6_5_2 C1,,True
119454,chapter-d6-rose-bay-centre,Woollahra_DCP_2015__chapter_d6_rose_bay_centre,Woollahra_DCP_2015__chapter_d6_rose_bay_centre__D6_6_5_2 C2,,True
119455,chapter-d6-rose-bay-centre,Woollahra_DCP_2015__chapter_d6_rose_bay_centre,Woollahra_DCP_2015__chapter_d6_rose_bay_centre__D6_6_5_2 C3,,True
119456,chapter-d6-rose-bay-centre,Woollahra_DCP_2015__chapter_d6_rose_bay_centre,Woollahra_DCP_2015__chapter_d6_rose_bay_centre__D6_6_5_2 C4,,True
119457,chapter-d6-rose-bay-centre,Woollahra_DCP_2015__chapter_d6_rose_bay_centre,Woollahra_DCP_2015__chapter_d6_rose_bay_centre__D6_6_5_2 C5,,True
119451,chapter-d6-rose-bay-centre,Woollahra_DCP_2015__chapter_d6_rose_bay_centre,Woollahra_DCP_2015__chapter_d6_rose_bay_centre__D6_6_5_2 O1,,True
119452,chapter-d6-rose-bay-centre,Woollahra_DCP_2015__chapter_d6_rose_bay_centre,Woollahra_DCP_2015__chapter_d6_rose_bay_centre__D6_6_5_2 O2,,True
119460,chapter-d6-rose-bay-centre,Woollahra_DCP_2015__chapter_d6_rose_bay_centre,Woollahra_DCP_2015__chapter_d6_rose_bay_centre__D6_6_5_3 C1,,True
119461,chapter-d6-rose-bay-centre,Woollahra_DCP_2015__chapter_d6_rose_bay_centre,Woollahra_DCP_2015__chapter_d6_rose_bay_centre__D6_6_5_3 C2,,True
119462,chapter-d6-rose-bay-centre,Woollahra_DCP_2015__chapter_d6_rose_bay_centre,Woollahra_DCP_2015__chapter_d6_rose_bay_centre__D6_6_5_3 C3,,True
119458,chapter-d6-rose-bay-centre,Woollahra_DCP_2015__chapter_d6_rose_bay_centre,Woollahra_DCP_2015__chapter_d6_rose_bay_centre__D6_6_5_3 O1,,True
119459,chapter-d6-rose-bay-centre,Woollahra_DCP_2015__chapter_d6_rose_bay_centre,Woollahra_DCP_2015__chapter_d6_rose_bay_centre__D6_6_5_3 O2,,True
119465,chapter-d6-rose-bay-centre,Woollahra_DCP_2015__chapter_d6_rose_bay_centre,Woollahra_DCP_2015__chapter_d6_rose_bay_centre__D6_6_6_1 C1,,True
119466,chapter-d6-rose-bay-centre,Woollahra_DCP_2015__chapter_d6_rose_bay_centre,Woollahra_DCP_2015__chapter_d6_rose_bay_centre__D6_6_6_1 C2,,True
119467,chapter-d6-rose-bay-centre,Woollahra_DCP_2015__chapter_d6_rose_bay_centre,Woollahra_DCP_2015__chapter_d6_rose_bay_centre__D6_6_6_1 C3,,True
119468,chapter-d6-rose-bay-centre,Woollahra_DCP_2015__chapter_d6_rose_bay_centre,Woollahra_DCP_2015__chapter_d6_rose_bay_centre__D6_6_6_1 C4,,True
119469,chapter-d6-rose-bay-centre,Woollahra_DCP_2015__chapter_d6_rose_bay_centre,Woollahra_DCP_2015__chapter_d6_rose_bay_centre__D6_6_6_1 C5,,True
119470,chapter-d6-rose-bay-centre,Woollahra_DCP_2015__chapter_d6_rose_bay_centre,Woollahra_DCP_2015__chapter_d6_rose_bay_centre__D6_6_6_1 C6,,True
119463,chapter-d6-rose-bay-centre,Woollahra_DCP_2015__chapter_d6_rose_bay_centre,Woollahra_DCP_2015__chapter_d6_rose_bay_centre__D6_6_6_1 O1,,True
119464,chapter-d6-rose-bay-centre,Woollahra_DCP_2015__chapter_d6_rose_bay_centre,Woollahra_DCP_2015__chapter_d6_rose_bay_centre__D6_6_6_1 O2,,True
119471,chapter-d6-rose-bay-centre,Woollahra_DCP_2015__chapter_d6_rose_bay_centre,Woollahra_DCP_2015__chapter_d6_rose_bay_centre__D6_6_6_2 C1,,True
119472,chapter-d6-rose-bay-centre,Woollahra_DCP_2015__chapter_d6_rose_bay_centre,Woollahra_DCP_2015__chapter_d6_rose_bay_centre__D6_6_6_2 C2,,True
119477,chapter-d6-rose-bay-centre,Woollahra_DCP_2015__chapter_d6_rose_bay_centre,Woollahra_DCP_2015__chapter_d6_rose_bay_centre__D6_6_7_1 C1,,True
119478,chapter-d6-rose-bay-centre,Woollahra_DCP_2015__chapter_d6_rose_bay_centre,Woollahra_DCP_2015__chapter_d6_rose_bay_centre__D6_6_7_1 C2,,True
119479,chapter-d6-rose-bay-centre,Woollahra_DCP_2015__chapter_d6_rose_bay_centre,Woollahra_DCP_2015__chapter_d6_rose_bay_centre__D6_6_7_1 C3,,True
119480,chapter-d6-rose-bay-centre,Woollahra_DCP_2015__chapter_d6_rose_bay_centre,Woollahra_DCP_2015__chapter_d6_rose_bay_centre__D6_6_7_1 C4,,True
119481,chapter-d6-rose-bay-centre,Woollahra_DCP_2015__chapter_d6_rose_bay_centre,Woollahra_DCP_2015__chapter_d6_rose_bay_centre__D6_6_7_1 C5,,True
119482,chapter-d6-rose-bay-centre,Woollahra_DCP_2015__chapter_d6_rose_bay_centre,Woollahra_DCP_2015__chapter_d6_rose_bay_centre__D6_6_7_1 C6,,True
119483,chapter-d6-rose-bay-centre,Woollahra_DCP_2015__chapter_d6_rose_bay_centre,Woollahra_DCP_2015__chapter_d6_rose_bay_centre__D6_6_7_1 C7,,True
119473,chapter-d6-rose-bay-centre,Woollahra_DCP_2015__chapter_d6_rose_bay_centre,Woollahra_DCP_2015__chapter_d6_rose_bay_centre__D6_6_7_1 O1,,True
119474,chapter-d6-rose-bay-centre,Woollahra_DCP_2015__chapter_d6_rose_bay_centre,Woollahra_DCP_2015__chapter_d6_rose_bay_centre__D6_6_7_1 O2,,True
119475,chapter-d6-rose-bay-centre,Woollahra_DCP_2015__chapter_d6_rose_bay_centre,Woollahra_DCP_2015__chapter_d6_rose_bay_centre__D6_6_7_1 O3,,True
119476,chapter-d6-rose-bay-centre,Woollahra_DCP_2015__chapter_d6_rose_bay_centre,Woollahra_DCP_2015__chapter_d6_rose_bay_centre__D6_6_7_1 O4,,True
119487,chapter-d6-rose-bay-centre,Woollahra_DCP_2015__chapter_d6_rose_bay_centre,Woollahra_DCP_2015__chapter_d6_rose_bay_centre__D6_6_7_2 C1,,True
119488,chapter-d6-rose-bay-centre,Woollahra_DCP_2015__chapter_d6_rose_bay_centre,Woollahra_DCP_2015__chapter_d6_rose_bay_centre__D6_6_7_2 C2,,True
119489,chapter-d6-rose-bay-centre,Woollahra_DCP_2015__chapter_d6_rose_bay_centre,Woollahra_DCP_2015__chapter_d6_rose_bay_centre__D6_6_7_2 C3,,True
119490,chapter-d6-rose-bay-centre,Woollahra_DCP_2015__chapter_d6_rose_bay_centre,Woollahra_DCP_2015__chapter_d6_rose_bay_centre__D6_6_7_2 C4,,True
119491,chapter-d6-rose-bay-centre,Woollahra_DCP_2015__chapter_d6_rose_bay_centre,Woollahra_DCP_2015__chapter_d6_rose_bay_centre__D6_6_7_2 C5,,True
119492,chapter-d6-rose-bay-centre,Woollahra_DCP_2015__chapter_d6_rose_bay_centre,Woollahra_DCP_2015__chapter_d6_rose_bay_centre__D6_6_7_2 C6,,True
119493,chapter-d6-rose-bay-centre,Woollahra_DCP_2015__chapter_d6_rose_bay_centre,Woollahra_DCP_2015__chapter_d6_rose_bay_centre__D6_6_7_2 C7,,True
119484,chapter-d6-rose-bay-centre,Woollahra_DCP_2015__chapter_d6_rose_bay_centre,Woollahra_DCP_2015__chapter_d6_rose_bay_centre__D6_6_7_2 O1,,True
119485,chapter-d6-rose-bay-centre,Woollahra_DCP_2015__chapter_d6_rose_bay_centre,Woollahra_DCP_2015__chapter_d6_rose_bay_centre__D6_6_7_2 O2,,True
119486,chapter-d6-rose-bay-centre,Woollahra_DCP_2015__chapter_d6_rose_bay_centre,Woollahra_DCP_2015__chapter_d6_rose_bay_centre__D6_6_7_2 O3,,True
119495,chapter-d6-rose-bay-centre,Woollahra_DCP_2015__chapter_d6_rose_bay_centre,Woollahra_DCP_2015__chapter_d6_rose_bay_centre__D6_6_8 C1,,True
119494,chapter-d6-rose-bay-centre,Woollahra_DCP_2015__chapter_d6_rose_bay_centre,Woollahra_DCP_2015__chapter_d6_rose_bay_centre__D6_6_8 O1,,True
119498,chapter-d6-rose-bay-centre,Woollahra_DCP_2015__chapter_d6_rose_bay_centre,Woollahra_DCP_2015__chapter_d6_rose_bay_centre__D6_6_9 C1,,True
119499,chapter-d6-rose-bay-centre,Woollahra_DCP_2015__chapter_d6_rose_bay_centre,Woollahra_DCP_2015__chapter_d6_rose_bay_centre__D6_6_9 C2,,True
119500,chapter-d6-rose-bay-centre,Woollahra_DCP_2015__chapter_d6_rose_bay_centre,Woollahra_DCP_2015__chapter_d6_rose_bay_centre__D6_6_9 C3,,True
119501,chapter-d6-rose-bay-centre,Woollahra_DCP_2015__chapter_d6_rose_bay_centre,Woollahra_DCP_2015__chapter_d6_rose_bay_centre__D6_6_9 C4,,True
119502,chapter-d6-rose-bay-centre,Woollahra_DCP_2015__chapter_d6_rose_bay_centre,Woollahra_DCP_2015__chapter_d6_rose_bay_centre__D6_6_9 C5,,True
119496,chapter-d6-rose-bay-centre,Woollahra_DCP_2015__chapter_d6_rose_bay_centre,Woollahra_DCP_2015__chapter_d6_rose_bay_centre__D6_6_9 O1,,True
119497,chapter-d6-rose-bay-centre,Woollahra_DCP_2015__chapter_d6_rose_bay_centre,Woollahra_DCP_2015__chapter_d6_rose_bay_centre__D6_6_9 O2,,True
119838,chapter-e3-tree-management,Woollahra_DCP_2015__chapter_e3_tree_management,Woollahra_DCP_2015__chapter_e3_tree_management__E3_1_3 O1,,True
119839,chapter-e3-tree-management,Woollahra_DCP_2015__chapter_e3_tree_management,Woollahra_DCP_2015__chapter_e3_tree_management__E3_1_3 O2,,True
119840,chapter-e3-tree-management,Woollahra_DCP_2015__chapter_e3_tree_management,Woollahra_DCP_2015__chapter_e3_tree_management__E3_1_3 O3,,True
119841,chapter-e3-tree-management,Woollahra_DCP_2015__chapter_e3_tree_management,Woollahra_DCP_2015__chapter_e3_tree_management__E3_1_3 O4,,True
119842,chapter-e3-tree-management,Woollahra_DCP_2015__chapter_e3_tree_management,Woollahra_DCP_2015__chapter_e3_tree_management__E3_1_3 O5,,True
119843,chapter-e3-tree-management,Woollahra_DCP_2015__chapter_e3_tree_management,Woollahra_DCP_2015__chapter_e3_tree_management__E3_2_1 1,,True
119844,chapter-e3-tree-management,Woollahra_DCP_2015__chapter_e3_tree_management,Woollahra_DCP_2015__chapter_e3_tree_management__E3_2_1 2,,True
119845,chapter-e3-tree-management,Woollahra_DCP_2015__chapter_e3_tree_management,Woollahra_DCP_2015__chapter_e3_tree_management__E3_2_1 3,,True
119846,chapter-e3-tree-management,Woollahra_DCP_2015__chapter_e3_tree_management,Woollahra_DCP_2015__chapter_e3_tree_management__E3_2_1 4,,True
119847,chapter-e3-tree-management,Woollahra_DCP_2015__chapter_e3_tree_management,Woollahra_DCP_2015__chapter_e3_tree_management__E3_2_1 5,,True
119848,chapter-e3-tree-management,Woollahra_DCP_2015__chapter_e3_tree_management,Woollahra_DCP_2015__chapter_e3_tree_management__E3_2_2 1,,True
119849,chapter-e3-tree-management,Woollahra_DCP_2015__chapter_e3_tree_management,Woollahra_DCP_2015__chapter_e3_tree_management__E3_2_2 2,,True
119850,chapter-e3-tree-management,Woollahra_DCP_2015__chapter_e3_tree_management,Woollahra_DCP_2015__chapter_e3_tree_management__E3_2_2 3,,True
119851,chapter-e3-tree-management,Woollahra_DCP_2015__chapter_e3_tree_management,Woollahra_DCP_2015__chapter_e3_tree_management__E3_2_3 1,,True
119852,chapter-e3-tree-management,Woollahra_DCP_2015__chapter_e3_tree_management,Woollahra_DCP_2015__chapter_e3_tree_management__E3_2_3 2,,True
119853,chapter-e3-tree-management,Woollahra_DCP_2015__chapter_e3_tree_management,Woollahra_DCP_2015__chapter_e3_tree_management__E3_3_1 1,,True
119854,chapter-e3-tree-management,Woollahra_DCP_2015__chapter_e3_tree_management,Woollahra_DCP_2015__chapter_e3_tree_management__E3_3_1 2,,True
119855,chapter-e3-tree-management,Woollahra_DCP_2015__chapter_e3_tree_management,Woollahra_DCP_2015__chapter_e3_tree_management__E3_3_1 3,,True
119856,chapter-e3-tree-management,Woollahra_DCP_2015__chapter_e3_tree_management,Woollahra_DCP_2015__chapter_e3_tree_management__E3_3_1 a,,True
119857,chapter-e3-tree-management,Woollahra_DCP_2015__chapter_e3_tree_management,Woollahra_DCP_2015__chapter_e3_tree_management__E3_3_1 b,,True
119858,chapter-e3-tree-management,Woollahra_DCP_2015__chapter_e3_tree_management,Woollahra_DCP_2015__chapter_e3_tree_management__E3_3_1 c,,True
119859,chapter-e3-tree-management,Woollahra_DCP_2015__chapter_e3_tree_management,Woollahra_DCP_2015__chapter_e3_tree_management__E3_3_2 1,,True
119860,chapter-e3-tree-management,Woollahra_DCP_2015__chapter_e3_tree_management,Woollahra_DCP_2015__chapter_e3_tree_management__E3_3_2 2,,True
119861,chapter-e3-tree-management,Woollahra_DCP_2015__chapter_e3_tree_management,Woollahra_DCP_2015__chapter_e3_tree_management__E3_3_2 3,,True
119862,chapter-e3-tree-management,Woollahra_DCP_2015__chapter_e3_tree_management,Woollahra_DCP_2015__chapter_e3_tree_management__E3_3_2 4,,True
119863,chapter-e3-tree-management,Woollahra_DCP_2015__chapter_e3_tree_management,Woollahra_DCP_2015__chapter_e3_tree_management__E3_3_2 5,,True
119864,chapter-e3-tree-management,Woollahra_DCP_2015__chapter_e3_tree_management,Woollahra_DCP_2015__chapter_e3_tree_management__E3_3_2 6,,True
119865,chapter-e3-tree-management,Woollahra_DCP_2015__chapter_e3_tree_management,Woollahra_DCP_2015__chapter_e3_tree_management__E3_3_2 7,,True
119866,chapter-e3-tree-management,Woollahra_DCP_2015__chapter_e3_tree_management,Woollahra_DCP_2015__chapter_e3_tree_management__E3_3_2 8,,True
119867,chapter-e3-tree-management,Woollahra_DCP_2015__chapter_e3_tree_management,Woollahra_DCP_2015__chapter_e3_tree_management__E3_3_3 1,,True
119868,chapter-e3-tree-management,Woollahra_DCP_2015__chapter_e3_tree_management,Woollahra_DCP_2015__chapter_e3_tree_management__E3_3_3 2,,True
119869,chapter-e3-tree-management,Woollahra_DCP_2015__chapter_e3_tree_management,Woollahra_DCP_2015__chapter_e3_tree_management__E3_3_3 3,,True
119870,chapter-e3-tree-management,Woollahra_DCP_2015__chapter_e3_tree_management,Woollahra_DCP_2015__chapter_e3_tree_management__E3_4_1 1,,True
119871,chapter-e3-tree-management,Woollahra_DCP_2015__chapter_e3_tree_management,Woollahra_DCP_2015__chapter_e3_tree_management__E3_4_1 2,,True
119872,chapter-e3-tree-management,Woollahra_DCP_2015__chapter_e3_tree_management,Woollahra_DCP_2015__chapter_e3_tree_management__E3_4_1 O1,,True
119873,chapter-e3-tree-management,Woollahra_DCP_2015__chapter_e3_tree_management,Woollahra_DCP_2015__chapter_e3_tree_management__E3_4_2 C1,,True
119874,chapter-e3-tree-management,Woollahra_DCP_2015__chapter_e3_tree_management,Woollahra_DCP_2015__chapter_e3_tree_management__E3_4_2 C2,,True
119875,chapter-e3-tree-management,Woollahra_DCP_2015__chapter_e3_tree_management,Woollahra_DCP_2015__chapter_e3_tree_management__E3_4_2 C3,,True
119876,chapter-e3-tree-management,Woollahra_DCP_2015__chapter_e3_tree_management,Woollahra_DCP_2015__chapter_e3_tree_management__E3_4_2 C4,,True
119877,chapter-e3-tree-management,Woollahra_DCP_2015__chapter_e3_tree_management,Woollahra_DCP_2015__chapter_e3_tree_management__E3_4_2 C5,,True
119878,chapter-e3-tree-management,Woollahra_DCP_2015__chapter_e3_tree_management,Woollahra_DCP_2015__chapter_e3_tree_management__E3_4_2 C6,,True
119879,chapter-e5-waste-management,Woollahra_DCP_2015__chapter_e5_waste_management,Woollahra_DCP_2015__chapter_e5_waste_management__E5_1_4 O1,,True
119880,chapter-e5-waste-management,Woollahra_DCP_2015__chapter_e5_waste_management,Woollahra_DCP_2015__chapter_e5_waste_management__E5_1_4 O2,,True
119881,chapter-e5-waste-management,Woollahra_DCP_2015__chapter_e5_waste_management,Woollahra_DCP_2015__chapter_e5_waste_management__E5_1_4 O3,,True
119883,chapter-e5-waste-management,Woollahra_DCP_2015__chapter_e5_waste_management,Woollahra_DCP_2015__chapter_e5_waste_management__E5_2 C1,,True
119885,chapter-e5-waste-management,Woollahra_DCP_2015__chapter_e5_waste_management,Woollahra_DCP_2015__chapter_e5_waste_management__E5_2 C2,,True
119886,chapter-e5-waste-management,Woollahra_DCP_2015__chapter_e5_waste_management,Woollahra_DCP_2015__chapter_e5_waste_management__E5_2 C3,,True
119888,chapter-e5-waste-management,Woollahra_DCP_2015__chapter_e5_waste_management,Woollahra_DCP_2015__chapter_e5_waste_management__E5_2 C4,,True
119889,chapter-e5-waste-management,Woollahra_DCP_2015__chapter_e5_waste_management,Woollahra_DCP_2015__chapter_e5_waste_management__E5_2 C5,,True
119882,chapter-e5-waste-management,Woollahra_DCP_2015__chapter_e5_waste_management,Woollahra_DCP_2015__chapter_e5_waste_management__E5_2 O1,,True
119884,chapter-e5-waste-management,Woollahra_DCP_2015__chapter_e5_waste_management,Woollahra_DCP_2015__chapter_e5_waste_management__E5_2 O2,,True
119887,chapter-e5-waste-management,Woollahra_DCP_2015__chapter_e5_waste_management,Woollahra_DCP_2015__chapter_e5_waste_management__E5_2 O3,,True
119891,chapter-e5-waste-management,Woollahra_DCP_2015__chapter_e5_waste_management,Woollahra_DCP_2015__chapter_e5_waste_management__E5_3 C1,,True
119903,chapter-e5-waste-management,Woollahra_DCP_2015__chapter_e5_waste_management,Woollahra_DCP_2015__chapter_e5_waste_management__E5_3 C10,,True
119893,chapter-e5-waste-management,Woollahra_DCP_2015__chapter_e5_waste_management,Woollahra_DCP_2015__chapter_e5_waste_management__E5_3 C2,,True
119895,chapter-e5-waste-management,Woollahra_DCP_2015__chapter_e5_waste_management,Woollahra_DCP_2015__chapter_e5_waste_management__E5_3 C3,,True
119896,chapter-e5-waste-management,Woollahra_DCP_2015__chapter_e5_waste_management,Woollahra_DCP_2015__chapter_e5_waste_management__E5_3 C4,,True
119897,chapter-e5-waste-management,Woollahra_DCP_2015__chapter_e5_waste_management,Woollahra_DCP_2015__chapter_e5_waste_management__E5_3 C5,,True
119898,chapter-e5-waste-management,Woollahra_DCP_2015__chapter_e5_waste_management,Woollahra_DCP_2015__chapter_e5_waste_management__E5_3 C6,,True
119900,chapter-e5-waste-management,Woollahra_DCP_2015__chapter_e5_waste_management,Woollahra_DCP_2015__chapter_e5_waste_management__E5_3 C7,,True
119901,chapter-e5-waste-management,Woollahra_DCP_2015__chapter_e5_waste_management,Woollahra_DCP_2015__chapter_e5_waste_management__E5_3 C8,,True
119902,chapter-e5-waste-management,Woollahra_DCP_2015__chapter_e5_waste_management,Woollahra_DCP_2015__chapter_e5_waste_management__E5_3 C9,,True
119890,chapter-e5-waste-management,Woollahra_DCP_2015__chapter_e5_waste_management,Woollahra_DCP_2015__chapter_e5_waste_management__E5_3 O1,,True
119892,chapter-e5-waste-management,Woollahra_DCP_2015__chapter_e5_waste_management,Woollahra_DCP_2015__chapter_e5_waste_management__E5_3 O2,,True
119894,chapter-e5-waste-management,Woollahra_DCP_2015__chapter_e5_waste_management,Woollahra_DCP_2015__chapter_e5_waste_management__E5_3 O3,,True
119899,chapter-e5-waste-management,Woollahra_DCP_2015__chapter_e5_waste_management,Woollahra_DCP_2015__chapter_e5_waste_management__E5_3 O4,,True
119905,chapter-e5-waste-management,Woollahra_DCP_2015__chapter_e5_waste_management,Woollahra_DCP_2015__chapter_e5_waste_management__E5_4 C1,,True
119906,chapter-e5-waste-management,Woollahra_DCP_2015__chapter_e5_waste_management,Woollahra_DCP_2015__chapter_e5_waste_management__E5_4 C2,,True
119907,chapter-e5-waste-management,Woollahra_DCP_2015__chapter_e5_waste_management,Woollahra_DCP_2015__chapter_e5_waste_management__E5_4 C3,,True
119908,chapter-e5-waste-management,Woollahra_DCP_2015__chapter_e5_waste_management,Woollahra_DCP_2015__chapter_e5_waste_management__E5_4 C4,,True
119909,chapter-e5-waste-management,Woollahra_DCP_2015__chapter_e5_waste_management,Woollahra_DCP_2015__chapter_e5_waste_management__E5_4 C5,,True
119904,chapter-e5-waste-management,Woollahra_DCP_2015__chapter_e5_waste_management,Woollahra_DCP_2015__chapter_e5_waste_management__E5_4 O1,,True
119911,chapter-e5-waste-management,Woollahra_DCP_2015__chapter_e5_waste_management,Woollahra_DCP_2015__chapter_e5_waste_management__E5_5 C1,,True
119921,chapter-e5-waste-management,Woollahra_DCP_2015__chapter_e5_waste_management,Woollahra_DCP_2015__chapter_e5_waste_management__E5_5 C10,,True
119922,chapter-e5-waste-management,Woollahra_DCP_2015__chapter_e5_waste_management,Woollahra_DCP_2015__chapter_e5_waste_management__E5_5 C11,,True
119923,chapter-e5-waste-management,Woollahra_DCP_2015__chapter_e5_waste_management,Woollahra_DCP_2015__chapter_e5_waste_management__E5_5 C12,,True
119912,chapter-e5-waste-management,Woollahra_DCP_2015__chapter_e5_waste_management,Woollahra_DCP_2015__chapter_e5_waste_management__E5_5 C2,,True
119913,chapter-e5-waste-management,Woollahra_DCP_2015__chapter_e5_waste_management,Woollahra_DCP_2015__chapter_e5_waste_management__E5_5 C3,,True
119914,chapter-e5-waste-management,Woollahra_DCP_2015__chapter_e5_waste_management,Woollahra_DCP_2015__chapter_e5_waste_management__E5_5 C4,,True
119915,chapter-e5-waste-management,Woollahra_DCP_2015__chapter_e5_waste_management,Woollahra_DCP_2015__chapter_e5_waste_management__E5_5 C5,,True
119916,chapter-e5-waste-management,Woollahra_DCP_2015__chapter_e5_waste_management,Woollahra_DCP_2015__chapter_e5_waste_management__E5_5 C6,,True
119917,chapter-e5-waste-management,Woollahra_DCP_2015__chapter_e5_waste_management,Woollahra_DCP_2015__chapter_e5_waste_management__E5_5 C7,,True
119919,chapter-e5-waste-management,Woollahra_DCP_2015__chapter_e5_waste_management,Woollahra_DCP_2015__chapter_e5_waste_management__E5_5 C8,,True
119920,chapter-e5-waste-management,Woollahra_DCP_2015__chapter_e5_waste_management,Woollahra_DCP_2015__chapter_e5_waste_management__E5_5 C9,,True
119910,chapter-e5-waste-management,Woollahra_DCP_2015__chapter_e5_waste_management,Woollahra_DCP_2015__chapter_e5_waste_management__E5_5 O1,,True
119918,chapter-e5-waste-management,Woollahra_DCP_2015__chapter_e5_waste_management,Woollahra_DCP_2015__chapter_e5_waste_management__E5_5 O2,,True
119925,chapter-e5-waste-management,Woollahra_DCP_2015__chapter_e5_waste_management,Woollahra_DCP_2015__chapter_e5_waste_management__E5_6 C1,,True
119926,chapter-e5-waste-management,Woollahra_DCP_2015__chapter_e5_waste_management,Woollahra_DCP_2015__chapter_e5_waste_management__E5_6 C2,,True
119927,chapter-e5-waste-management,Woollahra_DCP_2015__chapter_e5_waste_management,Woollahra_DCP_2015__chapter_e5_waste_management__E5_6 C3,,True
119928,chapter-e5-waste-management,Woollahra_DCP_2015__chapter_e5_waste_management,Woollahra_DCP_2015__chapter_e5_waste_management__E5_6 C4,,True
119929,chapter-e5-waste-management,Woollahra_DCP_2015__chapter_e5_waste_management,Woollahra_DCP_2015__chapter_e5_waste_management__E5_6 C5,,True
119930,chapter-e5-waste-management,Woollahra_DCP_2015__chapter_e5_waste_management,Woollahra_DCP_2015__chapter_e5_waste_management__E5_6 C6,,True
119924,chapter-e5-waste-management,Woollahra_DCP_2015__chapter_e5_waste_management,Woollahra_DCP_2015__chapter_e5_waste_management__E5_6 O1,,True
119932,chapter-e5-waste-management,Woollahra_DCP_2015__chapter_e5_waste_management,Woollahra_DCP_2015__chapter_e5_waste_management__E5_7 C1,,True
119933,chapter-e5-waste-management,Woollahra_DCP_2015__chapter_e5_waste_management,Woollahra_DCP_2015__chapter_e5_waste_management__E5_7 C2,,True
119934,chapter-e5-waste-management,Woollahra_DCP_2015__chapter_e5_waste_management,Woollahra_DCP_2015__chapter_e5_waste_management__E5_7 C3,,True
119931,chapter-e5-waste-management,Woollahra_DCP_2015__chapter_e5_waste_management,Woollahra_DCP_2015__chapter_e5_waste_management__E5_7 O1,,True
119938,chapter-e6-sustainability,Woollahra_DCP_2015__chapter_e6_sustainability,Woollahra_DCP_2015__chapter_e6_sustainability__E6_1_1,,True
119939,chapter-e6-sustainability,Woollahra_DCP_2015__chapter_e6_sustainability,Woollahra_DCP_2015__chapter_e6_sustainability__E6_1_2,,True
119940,chapter-e6-sustainability,Woollahra_DCP_2015__chapter_e6_sustainability,Woollahra_DCP_2015__chapter_e6_sustainability__E6_1_3,,True
119941,chapter-e6-sustainability,Woollahra_DCP_2015__chapter_e6_sustainability,Woollahra_DCP_2015__chapter_e6_sustainability__E6_1_4 O1,,True
119942,chapter-e6-sustainability,Woollahra_DCP_2015__chapter_e6_sustainability,Woollahra_DCP_2015__chapter_e6_sustainability__E6_1_4 O2,,True
119943,chapter-e6-sustainability,Woollahra_DCP_2015__chapter_e6_sustainability,Woollahra_DCP_2015__chapter_e6_sustainability__E6_1_4 O3,,True
119944,chapter-e6-sustainability,Woollahra_DCP_2015__chapter_e6_sustainability,Woollahra_DCP_2015__chapter_e6_sustainability__E6_1_4 O4,,True
119935,chapter-e6-sustainability,Woollahra_DCP_2015__chapter_e6_sustainability,Woollahra_DCP_2015__chapter_e6_sustainability__E6_1_5,,True
119945,chapter-e6-sustainability,Woollahra_DCP_2015__chapter_e6_sustainability,Woollahra_DCP_2015__chapter_e6_sustainability__E6_1_6,,True
119936,chapter-e6-sustainability,Woollahra_DCP_2015__chapter_e6_sustainability,Woollahra_DCP_2015__chapter_e6_sustainability__E6_2,,True
119947,chapter-e6-sustainability,Woollahra_DCP_2015__chapter_e6_sustainability,Woollahra_DCP_2015__chapter_e6_sustainability__E6_2 C1,,True
119960,chapter-e6-sustainability,Woollahra_DCP_2015__chapter_e6_sustainability,Woollahra_DCP_2015__chapter_e6_sustainability__E6_2 C10,,True
119961,chapter-e6-sustainability,Woollahra_DCP_2015__chapter_e6_sustainability,Woollahra_DCP_2015__chapter_e6_sustainability__E6_2 C11,,True
119963,chapter-e6-sustainability,Woollahra_DCP_2015__chapter_e6_sustainability,Woollahra_DCP_2015__chapter_e6_sustainability__E6_2 C12,,True
119964,chapter-e6-sustainability,Woollahra_DCP_2015__chapter_e6_sustainability,Woollahra_DCP_2015__chapter_e6_sustainability__E6_2 C13,,True
119949,chapter-e6-sustainability,Woollahra_DCP_2015__chapter_e6_sustainability,Woollahra_DCP_2015__chapter_e6_sustainability__E6_2 C2,,True
119950,chapter-e6-sustainability,Woollahra_DCP_2015__chapter_e6_sustainability,Woollahra_DCP_2015__chapter_e6_sustainability__E6_2 C3,,True
119951,chapter-e6-sustainability,Woollahra_DCP_2015__chapter_e6_sustainability,Woollahra_DCP_2015__chapter_e6_sustainability__E6_2 C4,,True
119953,chapter-e6-sustainability,Woollahra_DCP_2015__chapter_e6_sustainability,Woollahra_DCP_2015__chapter_e6_sustainability__E6_2 C5,,True
119954,chapter-e6-sustainability,Woollahra_DCP_2015__chapter_e6_sustainability,Woollahra_DCP_2015__chapter_e6_sustainability__E6_2 C6,,True
119955,chapter-e6-sustainability,Woollahra_DCP_2015__chapter_e6_sustainability,Woollahra_DCP_2015__chapter_e6_sustainability__E6_2 C7,,True
119957,chapter-e6-sustainability,Woollahra_DCP_2015__chapter_e6_sustainability,Woollahra_DCP_2015__chapter_e6_sustainability__E6_2 C8,,True
119958,chapter-e6-sustainability,Woollahra_DCP_2015__chapter_e6_sustainability,Woollahra_DCP_2015__chapter_e6_sustainability__E6_2 C9,,True
119946,chapter-e6-sustainability,Woollahra_DCP_2015__chapter_e6_sustainability,Woollahra_DCP_2015__chapter_e6_sustainability__E6_2 O1,,True
119948,chapter-e6-sustainability,Woollahra_DCP_2015__chapter_e6_sustainability,Woollahra_DCP_2015__chapter_e6_sustainability__E6_2 O2,,True
119952,chapter-e6-sustainability,Woollahra_DCP_2015__chapter_e6_sustainability,Woollahra_DCP_2015__chapter_e6_sustainability__E6_2 O3,,True
119956,chapter-e6-sustainability,Woollahra_DCP_2015__chapter_e6_sustainability,Woollahra_DCP_2015__chapter_e6_sustainability__E6_2 O4,,True
119959,chapter-e6-sustainability,Woollahra_DCP_2015__chapter_e6_sustainability,Woollahra_DCP_2015__chapter_e6_sustainability__E6_2 O5,,True
119962,chapter-e6-sustainability,Woollahra_DCP_2015__chapter_e6_sustainability,Woollahra_DCP_2015__chapter_e6_sustainability__E6_2 O6,,True
119937,chapter-e6-sustainability,Woollahra_DCP_2015__chapter_e6_sustainability,Woollahra_DCP_2015__chapter_e6_sustainability__E6_3,,True
119966,chapter-e6-sustainability,Woollahra_DCP_2015__chapter_e6_sustainability,Woollahra_DCP_2015__chapter_e6_sustainability__E6_3 C1,,True
119967,chapter-e6-sustainability,Woollahra_DCP_2015__chapter_e6_sustainability,Woollahra_DCP_2015__chapter_e6_sustainability__E6_3 C2,,True
119965,chapter-e6-sustainability,Woollahra_DCP_2015__chapter_e6_sustainability,Woollahra_DCP_2015__chapter_e6_sustainability__E6_3 O1,,True
120015,chapter-e7-signage,Woollahra_DCP_2015__chapter_e7_signage,Woollahra_DCP_2015__chapter_e7_signage__E7 C27,,True
120016,chapter-e7-signage,Woollahra_DCP_2015__chapter_e7_signage,Woollahra_DCP_2015__chapter_e7_signage__E7 C28,,True
120017,chapter-e7-signage,Woollahra_DCP_2015__chapter_e7_signage,Woollahra_DCP_2015__chapter_e7_signage__E7 C29,,True
120019,chapter-e7-signage,Woollahra_DCP_2015__chapter_e7_signage,Woollahra_DCP_2015__chapter_e7_signage__E7 C30,,True
120021,chapter-e7-signage,Woollahra_DCP_2015__chapter_e7_signage,Woollahra_DCP_2015__chapter_e7_signage__E7 C31,,True
120023,chapter-e7-signage,Woollahra_DCP_2015__chapter_e7_signage,Woollahra_DCP_2015__chapter_e7_signage__E7 C32,,True
120024,chapter-e7-signage,Woollahra_DCP_2015__chapter_e7_signage,Woollahra_DCP_2015__chapter_e7_signage__E7 C33,,True
120025,chapter-e7-signage,Woollahra_DCP_2015__chapter_e7_signage,Woollahra_DCP_2015__chapter_e7_signage__E7 C34,,True
120026,chapter-e7-signage,Woollahra_DCP_2015__chapter_e7_signage,Woollahra_DCP_2015__chapter_e7_signage__E7 C35,,True
120014,chapter-e7-signage,Woollahra_DCP_2015__chapter_e7_signage,Woollahra_DCP_2015__chapter_e7_signage__E7 O16,,True
120018,chapter-e7-signage,Woollahra_DCP_2015__chapter_e7_signage,Woollahra_DCP_2015__chapter_e7_signage__E7 O17,,True
120020,chapter-e7-signage,Woollahra_DCP_2015__chapter_e7_signage,Woollahra_DCP_2015__chapter_e7_signage__E7 O18,,True
120022,chapter-e7-signage,Woollahra_DCP_2015__chapter_e7_signage,Woollahra_DCP_2015__chapter_e7_signage__E7 O19,,True
119968,chapter-e7-signage,Woollahra_DCP_2015__chapter_e7_signage,Woollahra_DCP_2015__chapter_e7_signage__E7_1_3 O1,,True
119969,chapter-e7-signage,Woollahra_DCP_2015__chapter_e7_signage,Woollahra_DCP_2015__chapter_e7_signage__E7_1_3 O2,,True
119970,chapter-e7-signage,Woollahra_DCP_2015__chapter_e7_signage,Woollahra_DCP_2015__chapter_e7_signage__E7_1_3 O3,,True
119971,chapter-e7-signage,Woollahra_DCP_2015__chapter_e7_signage,Woollahra_DCP_2015__chapter_e7_signage__E7_1_3 O4,,True
119972,chapter-e7-signage,Woollahra_DCP_2015__chapter_e7_signage,Woollahra_DCP_2015__chapter_e7_signage__E7_1_3 O5,,True
119988,chapter-e7-signage,Woollahra_DCP_2015__chapter_e7_signage,Woollahra_DCP_2015__chapter_e7_signage__E7_2_1 C1,,True
119997,chapter-e7-signage,Woollahra_DCP_2015__chapter_e7_signage,Woollahra_DCP_2015__chapter_e7_signage__E7_2_1 C10,,True
119998,chapter-e7-signage,Woollahra_DCP_2015__chapter_e7_signage,Woollahra_DCP_2015__chapter_e7_signage__E7_2_1 C11,,True
119999,chapter-e7-signage,Woollahra_DCP_2015__chapter_e7_signage,Woollahra_DCP_2015__chapter_e7_signage__E7_2_1 C12,,True
120000,chapter-e7-signage,Woollahra_DCP_2015__chapter_e7_signage,Woollahra_DCP_2015__chapter_e7_signage__E7_2_1 C13,,True
120001,chapter-e7-signage,Woollahra_DCP_2015__chapter_e7_signage,Woollahra_DCP_2015__chapter_e7_signage__E7_2_1 C14,,True
120002,chapter-e7-signage,Woollahra_DCP_2015__chapter_e7_signage,Woollahra_DCP_2015__chapter_e7_signage__E7_2_1 C15,,True
120003,chapter-e7-signage,Woollahra_DCP_2015__chapter_e7_signage,Woollahra_DCP_2015__chapter_e7_signage__E7_2_1 C16,,True
120004,chapter-e7-signage,Woollahra_DCP_2015__chapter_e7_signage,Woollahra_DCP_2015__chapter_e7_signage__E7_2_1 C17,,True
120005,chapter-e7-signage,Woollahra_DCP_2015__chapter_e7_signage,Woollahra_DCP_2015__chapter_e7_signage__E7_2_1 C18,,True
120006,chapter-e7-signage,Woollahra_DCP_2015__chapter_e7_signage,Woollahra_DCP_2015__chapter_e7_signage__E7_2_1 C19,,True
119989,chapter-e7-signage,Woollahra_DCP_2015__chapter_e7_signage,Woollahra_DCP_2015__chapter_e7_signage__E7_2_1 C2,,True
120007,chapter-e7-signage,Woollahra_DCP_2015__chapter_e7_signage,Woollahra_DCP_2015__chapter_e7_signage__E7_2_1 C20,,True
120008,chapter-e7-signage,Woollahra_DCP_2015__chapter_e7_signage,Woollahra_DCP_2015__chapter_e7_signage__E7_2_1 C21,,True
120009,chapter-e7-signage,Woollahra_DCP_2015__chapter_e7_signage,Woollahra_DCP_2015__chapter_e7_signage__E7_2_1 C22,,True
120010,chapter-e7-signage,Woollahra_DCP_2015__chapter_e7_signage,Woollahra_DCP_2015__chapter_e7_signage__E7_2_1 C23,,True
120011,chapter-e7-signage,Woollahra_DCP_2015__chapter_e7_signage,Woollahra_DCP_2015__chapter_e7_signage__E7_2_1 C24,,True
120012,chapter-e7-signage,Woollahra_DCP_2015__chapter_e7_signage,Woollahra_DCP_2015__chapter_e7_signage__E7_2_1 C25,,True
120013,chapter-e7-signage,Woollahra_DCP_2015__chapter_e7_signage,Woollahra_DCP_2015__chapter_e7_signage__E7_2_1 C26,,True
119990,chapter-e7-signage,Woollahra_DCP_2015__chapter_e7_signage,Woollahra_DCP_2015__chapter_e7_signage__E7_2_1 C3,,True
119991,chapter-e7-signage,Woollahra_DCP_2015__chapter_e7_signage,Woollahra_DCP_2015__chapter_e7_signage__E7_2_1 C4,,True
119992,chapter-e7-signage,Woollahra_DCP_2015__chapter_e7_signage,Woollahra_DCP_2015__chapter_e7_signage__E7_2_1 C5,,True
119993,chapter-e7-signage,Woollahra_DCP_2015__chapter_e7_signage,Woollahra_DCP_2015__chapter_e7_signage__E7_2_1 C6,,True
119994,chapter-e7-signage,Woollahra_DCP_2015__chapter_e7_signage,Woollahra_DCP_2015__chapter_e7_signage__E7_2_1 C7,,True
119995,chapter-e7-signage,Woollahra_DCP_2015__chapter_e7_signage,Woollahra_DCP_2015__chapter_e7_signage__E7_2_1 C8,,True
119996,chapter-e7-signage,Woollahra_DCP_2015__chapter_e7_signage,Woollahra_DCP_2015__chapter_e7_signage__E7_2_1 C9,,True
119973,chapter-e7-signage,Woollahra_DCP_2015__chapter_e7_signage,Woollahra_DCP_2015__chapter_e7_signage__E7_2_1 O1,,True
119982,chapter-e7-signage,Woollahra_DCP_2015__chapter_e7_signage,Woollahra_DCP_2015__chapter_e7_signage__E7_2_1 O10,,True
119983,chapter-e7-signage,Woollahra_DCP_2015__chapter_e7_signage,Woollahra_DCP_2015__chapter_e7_signage__E7_2_1 O11,,True
119984,chapter-e7-signage,Woollahra_DCP_2015__chapter_e7_signage,Woollahra_DCP_2015__chapter_e7_signage__E7_2_1 O12,,True
119985,chapter-e7-signage,Woollahra_DCP_2015__chapter_e7_signage,Woollahra_DCP_2015__chapter_e7_signage__E7_2_1 O13,,True
119986,chapter-e7-signage,Woollahra_DCP_2015__chapter_e7_signage,Woollahra_DCP_2015__chapter_e7_signage__E7_2_1 O14,,True
119987,chapter-e7-signage,Woollahra_DCP_2015__chapter_e7_signage,Woollahra_DCP_2015__chapter_e7_signage__E7_2_1 O15,,True
119974,chapter-e7-signage,Woollahra_DCP_2015__chapter_e7_signage,Woollahra_DCP_2015__chapter_e7_signage__E7_2_1 O2,,True
119975,chapter-e7-signage,Woollahra_DCP_2015__chapter_e7_signage,Woollahra_DCP_2015__chapter_e7_signage__E7_2_1 O3,,True
119976,chapter-e7-signage,Woollahra_DCP_2015__chapter_e7_signage,Woollahra_DCP_2015__chapter_e7_signage__E7_2_1 O4,,True
119977,chapter-e7-signage,Woollahra_DCP_2015__chapter_e7_signage,Woollahra_DCP_2015__chapter_e7_signage__E7_2_1 O5,,True
119978,chapter-e7-signage,Woollahra_DCP_2015__chapter_e7_signage,Woollahra_DCP_2015__chapter_e7_signage__E7_2_1 O6,,True
119979,chapter-e7-signage,Woollahra_DCP_2015__chapter_e7_signage,Woollahra_DCP_2015__chapter_e7_signage__E7_2_1 O7,,True
119980,chapter-e7-signage,Woollahra_DCP_2015__chapter_e7_signage,Woollahra_DCP_2015__chapter_e7_signage__E7_2_1 O8,,True
119981,chapter-e7-signage,Woollahra_DCP_2015__chapter_e7_signage,Woollahra_DCP_2015__chapter_e7_signage__E7_2_1 O9,,True
120030,chapter-e7-signage,Woollahra_DCP_2015__chapter_e7_signage,Woollahra_DCP_2015__chapter_e7_signage__E7_2_2 C1,,True
120031,chapter-e7-signage,Woollahra_DCP_2015__chapter_e7_signage,Woollahra_DCP_2015__chapter_e7_signage__E7_2_2 C2,,True
120032,chapter-e7-signage,Woollahra_DCP_2015__chapter_e7_signage,Woollahra_DCP_2015__chapter_e7_signage__E7_2_2 C3,,True
120027,chapter-e7-signage,Woollahra_DCP_2015__chapter_e7_signage,Woollahra_DCP_2015__chapter_e7_signage__E7_2_2 O1,,True
120028,chapter-e7-signage,Woollahra_DCP_2015__chapter_e7_signage,Woollahra_DCP_2015__chapter_e7_signage__E7_2_2 O2,,True
120029,chapter-e7-signage,Woollahra_DCP_2015__chapter_e7_signage,Woollahra_DCP_2015__chapter_e7_signage__E7_2_2 O3,,True
120034,chapter-e7-signage,Woollahra_DCP_2015__chapter_e7_signage,Woollahra_DCP_2015__chapter_e7_signage__E7_3 C1,,True
120048,chapter-e7-signage,Woollahra_DCP_2015__chapter_e7_signage,Woollahra_DCP_2015__chapter_e7_signage__E7_3 C10,,True
120050,chapter-e7-signage,Woollahra_DCP_2015__chapter_e7_signage,Woollahra_DCP_2015__chapter_e7_signage__E7_3 C11,,True
120051,chapter-e7-signage,Woollahra_DCP_2015__chapter_e7_signage,Woollahra_DCP_2015__chapter_e7_signage__E7_3 C12,,True
120052,chapter-e7-signage,Woollahra_DCP_2015__chapter_e7_signage,Woollahra_DCP_2015__chapter_e7_signage__E7_3 C13,,True
120053,chapter-e7-signage,Woollahra_DCP_2015__chapter_e7_signage,Woollahra_DCP_2015__chapter_e7_signage__E7_3 C14,,True
120054,chapter-e7-signage,Woollahra_DCP_2015__chapter_e7_signage,Woollahra_DCP_2015__chapter_e7_signage__E7_3 C15,,True
120055,chapter-e7-signage,Woollahra_DCP_2015__chapter_e7_signage,Woollahra_DCP_2015__chapter_e7_signage__E7_3 C16,,True
120056,chapter-e7-signage,Woollahra_DCP_2015__chapter_e7_signage,Woollahra_DCP_2015__chapter_e7_signage__E7_3 C17,,True
120057,chapter-e7-signage,Woollahra_DCP_2015__chapter_e7_signage,Woollahra_DCP_2015__chapter_e7_signage__E7_3 C18,,True
120059,chapter-e7-signage,Woollahra_DCP_2015__chapter_e7_signage,Woollahra_DCP_2015__chapter_e7_signage__E7_3 C19,,True
120037,chapter-e7-signage,Woollahra_DCP_2015__chapter_e7_signage,Woollahra_DCP_2015__chapter_e7_signage__E7_3 C2,,True
120060,chapter-e7-signage,Woollahra_DCP_2015__chapter_e7_signage,Woollahra_DCP_2015__chapter_e7_signage__E7_3 C20,,True
120038,chapter-e7-signage,Woollahra_DCP_2015__chapter_e7_signage,Woollahra_DCP_2015__chapter_e7_signage__E7_3 C3,,True
120040,chapter-e7-signage,Woollahra_DCP_2015__chapter_e7_signage,Woollahra_DCP_2015__chapter_e7_signage__E7_3 C4,,True
120041,chapter-e7-signage,Woollahra_DCP_2015__chapter_e7_signage,Woollahra_DCP_2015__chapter_e7_signage__E7_3 C5,,True
120043,chapter-e7-signage,Woollahra_DCP_2015__chapter_e7_signage,Woollahra_DCP_2015__chapter_e7_signage__E7_3 C6,,True
120044,chapter-e7-signage,Woollahra_DCP_2015__chapter_e7_signage,Woollahra_DCP_2015__chapter_e7_signage__E7_3 C7,,True
120046,chapter-e7-signage,Woollahra_DCP_2015__chapter_e7_signage,Woollahra_DCP_2015__chapter_e7_signage__E7_3 C8,,True
120047,chapter-e7-signage,Woollahra_DCP_2015__chapter_e7_signage,Woollahra_DCP_2015__chapter_e7_signage__E7_3 C9,,True
120033,chapter-e7-signage,Woollahra_DCP_2015__chapter_e7_signage,Woollahra_DCP_2015__chapter_e7_signage__E7_3 O1,,True
120035,chapter-e7-signage,Woollahra_DCP_2015__chapter_e7_signage,Woollahra_DCP_2015__chapter_e7_signage__E7_3 O2,,True
120036,chapter-e7-signage,Woollahra_DCP_2015__chapter_e7_signage,Woollahra_DCP_2015__chapter_e7_signage__E7_3 O3,,True
120039,chapter-e7-signage,Woollahra_DCP_2015__chapter_e7_signage,Woollahra_DCP_2015__chapter_e7_signage__E7_3 O4,,True
120042,chapter-e7-signage,Woollahra_DCP_2015__chapter_e7_signage,Woollahra_DCP_2015__chapter_e7_signage__E7_3 O5,,True
120045,chapter-e7-signage,Woollahra_DCP_2015__chapter_e7_signage,Woollahra_DCP_2015__chapter_e7_signage__E7_3 O6,,True
120049,chapter-e7-signage,Woollahra_DCP_2015__chapter_e7_signage,Woollahra_DCP_2015__chapter_e7_signage__E7_3 O7,,True
120058,chapter-e7-signage,Woollahra_DCP_2015__chapter_e7_signage,Woollahra_DCP_2015__chapter_e7_signage__E7_3 O8,,True
120071,chapter-f1-child-care-centres,Woollahra_DCP_2015__chapter_f1_child_care_centres,Woollahra_DCP_2015__chapter_f1_child_care_centres__1_1,,True
120072,chapter-f1-child-care-centres,Woollahra_DCP_2015__chapter_f1_child_care_centres,Woollahra_DCP_2015__chapter_f1_child_care_centres__1_2,,True
120073,chapter-f1-child-care-centres,Woollahra_DCP_2015__chapter_f1_child_care_centres,Woollahra_DCP_2015__chapter_f1_child_care_centres__1_3,,True
120074,chapter-f1-child-care-centres,Woollahra_DCP_2015__chapter_f1_child_care_centres,Woollahra_DCP_2015__chapter_f1_child_care_centres__1_4,,True
120075,chapter-f1-child-care-centres,Woollahra_DCP_2015__chapter_f1_child_care_centres,Woollahra_DCP_2015__chapter_f1_child_care_centres__1_5 O1,,True
120076,chapter-f1-child-care-centres,Woollahra_DCP_2015__chapter_f1_child_care_centres,Woollahra_DCP_2015__chapter_f1_child_care_centres__1_5 O2,,True
120077,chapter-f1-child-care-centres,Woollahra_DCP_2015__chapter_f1_child_care_centres,Woollahra_DCP_2015__chapter_f1_child_care_centres__1_5 O3,,True
120078,chapter-f1-child-care-centres,Woollahra_DCP_2015__chapter_f1_child_care_centres,Woollahra_DCP_2015__chapter_f1_child_care_centres__1_5 O4,,True
120079,chapter-f1-child-care-centres,Woollahra_DCP_2015__chapter_f1_child_care_centres,Woollahra_DCP_2015__chapter_f1_child_care_centres__1_5 O5,,True
120080,chapter-f1-child-care-centres,Woollahra_DCP_2015__chapter_f1_child_care_centres,Woollahra_DCP_2015__chapter_f1_child_care_centres__1_6,,True
120081,chapter-f1-child-care-centres,Woollahra_DCP_2015__chapter_f1_child_care_centres,Woollahra_DCP_2015__chapter_f1_child_care_centres__1_7,,True
120087,chapter-f1-child-care-centres,Woollahra_DCP_2015__chapter_f1_child_care_centres,Woollahra_DCP_2015__chapter_f1_child_care_centres__2_1 C1,,True
120088,chapter-f1-child-care-centres,Woollahra_DCP_2015__chapter_f1_child_care_centres,Woollahra_DCP_2015__chapter_f1_child_care_centres__2_1 C2,,True
120089,chapter-f1-child-care-centres,Woollahra_DCP_2015__chapter_f1_child_care_centres,Woollahra_DCP_2015__chapter_f1_child_care_centres__2_1 C3,,True
120090,chapter-f1-child-care-centres,Woollahra_DCP_2015__chapter_f1_child_care_centres,Woollahra_DCP_2015__chapter_f1_child_care_centres__2_1 C4,,True
120082,chapter-f1-child-care-centres,Woollahra_DCP_2015__chapter_f1_child_care_centres,Woollahra_DCP_2015__chapter_f1_child_care_centres__2_1 O1,,True
120083,chapter-f1-child-care-centres,Woollahra_DCP_2015__chapter_f1_child_care_centres,Woollahra_DCP_2015__chapter_f1_child_care_centres__2_1 O2,,True
120084,chapter-f1-child-care-centres,Woollahra_DCP_2015__chapter_f1_child_care_centres,Woollahra_DCP_2015__chapter_f1_child_care_centres__2_1 O3,,True
120085,chapter-f1-child-care-centres,Woollahra_DCP_2015__chapter_f1_child_care_centres,Woollahra_DCP_2015__chapter_f1_child_care_centres__2_1 O4,,True
120086,chapter-f1-child-care-centres,Woollahra_DCP_2015__chapter_f1_child_care_centres,Woollahra_DCP_2015__chapter_f1_child_care_centres__2_1 O5,,True
120092,chapter-f1-child-care-centres,Woollahra_DCP_2015__chapter_f1_child_care_centres,Woollahra_DCP_2015__chapter_f1_child_care_centres__2_2 C1,,True
120091,chapter-f1-child-care-centres,Woollahra_DCP_2015__chapter_f1_child_care_centres,Woollahra_DCP_2015__chapter_f1_child_care_centres__2_2 O1,,True
120095,chapter-f1-child-care-centres,Woollahra_DCP_2015__chapter_f1_child_care_centres,Woollahra_DCP_2015__chapter_f1_child_care_centres__2_3 C1,,True
120096,chapter-f1-child-care-centres,Woollahra_DCP_2015__chapter_f1_child_care_centres,Woollahra_DCP_2015__chapter_f1_child_care_centres__2_3 C2,,True
120097,chapter-f1-child-care-centres,Woollahra_DCP_2015__chapter_f1_child_care_centres,Woollahra_DCP_2015__chapter_f1_child_care_centres__2_3 C3,,True
120098,chapter-f1-child-care-centres,Woollahra_DCP_2015__chapter_f1_child_care_centres,Woollahra_DCP_2015__chapter_f1_child_care_centres__2_3 C4,,True
120093,chapter-f1-child-care-centres,Woollahra_DCP_2015__chapter_f1_child_care_centres,Woollahra_DCP_2015__chapter_f1_child_care_centres__2_3 O1,,True
120094,chapter-f1-child-care-centres,Woollahra_DCP_2015__chapter_f1_child_care_centres,Woollahra_DCP_2015__chapter_f1_child_care_centres__2_3 O2,,True
120101,chapter-f1-child-care-centres,Woollahra_DCP_2015__chapter_f1_child_care_centres,Woollahra_DCP_2015__chapter_f1_child_care_centres__2_4 C1,,True
120102,chapter-f1-child-care-centres,Woollahra_DCP_2015__chapter_f1_child_care_centres,Woollahra_DCP_2015__chapter_f1_child_care_centres__2_4 C2,,True
120103,chapter-f1-child-care-centres,Woollahra_DCP_2015__chapter_f1_child_care_centres,Woollahra_DCP_2015__chapter_f1_child_care_centres__2_4 C3,,True
120104,chapter-f1-child-care-centres,Woollahra_DCP_2015__chapter_f1_child_care_centres,Woollahra_DCP_2015__chapter_f1_child_care_centres__2_4 C4,,True
120105,chapter-f1-child-care-centres,Woollahra_DCP_2015__chapter_f1_child_care_centres,Woollahra_DCP_2015__chapter_f1_child_care_centres__2_4 C5,,True
120099,chapter-f1-child-care-centres,Woollahra_DCP_2015__chapter_f1_child_care_centres,Woollahra_DCP_2015__chapter_f1_child_care_centres__2_4 O1,,True
120100,chapter-f1-child-care-centres,Woollahra_DCP_2015__chapter_f1_child_care_centres,Woollahra_DCP_2015__chapter_f1_child_care_centres__2_4 O2,,True
120109,chapter-f1-child-care-centres,Woollahra_DCP_2015__chapter_f1_child_care_centres,Woollahra_DCP_2015__chapter_f1_child_care_centres__2_5 C1,,True
120110,chapter-f1-child-care-centres,Woollahra_DCP_2015__chapter_f1_child_care_centres,Woollahra_DCP_2015__chapter_f1_child_care_centres__2_5 C2,,True
120111,chapter-f1-child-care-centres,Woollahra_DCP_2015__chapter_f1_child_care_centres,Woollahra_DCP_2015__chapter_f1_child_care_centres__2_5 C3,,True
120112,chapter-f1-child-care-centres,Woollahra_DCP_2015__chapter_f1_child_care_centres,Woollahra_DCP_2015__chapter_f1_child_care_centres__2_5 C4,,True
120113,chapter-f1-child-care-centres,Woollahra_DCP_2015__chapter_f1_child_care_centres,Woollahra_DCP_2015__chapter_f1_child_care_centres__2_5 C5,,True
120114,chapter-f1-child-care-centres,Woollahra_DCP_2015__chapter_f1_child_care_centres,Woollahra_DCP_2015__chapter_f1_child_care_centres__2_5 C6,,True
120115,chapter-f1-child-care-centres,Woollahra_DCP_2015__chapter_f1_child_care_centres,Woollahra_DCP_2015__chapter_f1_child_care_centres__2_5 C7,,True
120106,chapter-f1-child-care-centres,Woollahra_DCP_2015__chapter_f1_child_care_centres,Woollahra_DCP_2015__chapter_f1_child_care_centres__2_5 O1,,True
120107,chapter-f1-child-care-centres,Woollahra_DCP_2015__chapter_f1_child_care_centres,Woollahra_DCP_2015__chapter_f1_child_care_centres__2_5 O2,,True
120108,chapter-f1-child-care-centres,Woollahra_DCP_2015__chapter_f1_child_care_centres,Woollahra_DCP_2015__chapter_f1_child_care_centres__2_5 O3,,True
120116,chapter-f1-child-care-centres,Woollahra_DCP_2015__chapter_f1_child_care_centres,Woollahra_DCP_2015__chapter_f1_child_care_centres__3_1,,True
120117,chapter-f1-child-care-centres,Woollahra_DCP_2015__chapter_f1_child_care_centres,Woollahra_DCP_2015__chapter_f1_child_care_centres__3_2,,True
120118,chapter-f1-child-care-centres,Woollahra_DCP_2015__chapter_f1_child_care_centres,Woollahra_DCP_2015__chapter_f1_child_care_centres__3_2 O1,,True
120119,chapter-f1-child-care-centres,Woollahra_DCP_2015__chapter_f1_child_care_centres,Woollahra_DCP_2015__chapter_f1_child_care_centres__3_2 O2,,True
120120,chapter-f1-child-care-centres,Woollahra_DCP_2015__chapter_f1_child_care_centres,Woollahra_DCP_2015__chapter_f1_child_care_centres__3_2 O3,,True
120121,chapter-f1-child-care-centres,Woollahra_DCP_2015__chapter_f1_child_care_centres,Woollahra_DCP_2015__chapter_f1_child_care_centres__3_2 O4,,True
120122,chapter-f1-child-care-centres,Woollahra_DCP_2015__chapter_f1_child_care_centres,Woollahra_DCP_2015__chapter_f1_child_care_centres__3_2 O5,,True
120123,chapter-f1-child-care-centres,Woollahra_DCP_2015__chapter_f1_child_care_centres,Woollahra_DCP_2015__chapter_f1_child_care_centres__3_2 O6,,True
120124,chapter-f1-child-care-centres,Woollahra_DCP_2015__chapter_f1_child_care_centres,Woollahra_DCP_2015__chapter_f1_child_care_centres__3_3 C1,,True
120125,chapter-f1-child-care-centres,Woollahra_DCP_2015__chapter_f1_child_care_centres,Woollahra_DCP_2015__chapter_f1_child_care_centres__3_3 C2,,True
120126,chapter-f1-child-care-centres,Woollahra_DCP_2015__chapter_f1_child_care_centres,Woollahra_DCP_2015__chapter_f1_child_care_centres__3_3 C3,,True
120127,chapter-f3-licensed-premises,Woollahra_DCP_2015__chapter_f3_licensed_premises,Woollahra_DCP_2015__chapter_f3_licensed_premises__F3_1_1,,True
120130,chapter-f3-licensed-premises,Woollahra_DCP_2015__chapter_f3_licensed_premises,Woollahra_DCP_2015__chapter_f3_licensed_premises__F3_1_2,,True
120131,chapter-f3-licensed-premises,Woollahra_DCP_2015__chapter_f3_licensed_premises,Woollahra_DCP_2015__chapter_f3_licensed_premises__F3_1_3 O1,,True
120132,chapter-f3-licensed-premises,Woollahra_DCP_2015__chapter_f3_licensed_premises,Woollahra_DCP_2015__chapter_f3_licensed_premises__F3_1_3 O2,,True
120133,chapter-f3-licensed-premises,Woollahra_DCP_2015__chapter_f3_licensed_premises,Woollahra_DCP_2015__chapter_f3_licensed_premises__F3_1_3 O3,,True
120134,chapter-f3-licensed-premises,Woollahra_DCP_2015__chapter_f3_licensed_premises,Woollahra_DCP_2015__chapter_f3_licensed_premises__F3_1_4,,True
120128,chapter-f3-licensed-premises,Woollahra_DCP_2015__chapter_f3_licensed_premises,Woollahra_DCP_2015__chapter_f3_licensed_premises__F3_1_5,,True
120129,chapter-f3-licensed-premises,Woollahra_DCP_2015__chapter_f3_licensed_premises,Woollahra_DCP_2015__chapter_f3_licensed_premises__F3_2,,True
120136,chapter-f3-licensed-premises,Woollahra_DCP_2015__chapter_f3_licensed_premises,Woollahra_DCP_2015__chapter_f3_licensed_premises__F3_3 C1,,True
120138,chapter-f3-licensed-premises,Woollahra_DCP_2015__chapter_f3_licensed_premises,Woollahra_DCP_2015__chapter_f3_licensed_premises__F3_3 C2,,True
120139,chapter-f3-licensed-premises,Woollahra_DCP_2015__chapter_f3_licensed_premises,Woollahra_DCP_2015__chapter_f3_licensed_premises__F3_3 C3,,True
120140,chapter-f3-licensed-premises,Woollahra_DCP_2015__chapter_f3_licensed_premises,Woollahra_DCP_2015__chapter_f3_licensed_premises__F3_3 C4,,True
120142,chapter-f3-licensed-premises,Woollahra_DCP_2015__chapter_f3_licensed_premises,Woollahra_DCP_2015__chapter_f3_licensed_premises__F3_3 C5,,True
120143,chapter-f3-licensed-premises,Woollahra_DCP_2015__chapter_f3_licensed_premises,Woollahra_DCP_2015__chapter_f3_licensed_premises__F3_3 C6,,True
120145,chapter-f3-licensed-premises,Woollahra_DCP_2015__chapter_f3_licensed_premises,Woollahra_DCP_2015__chapter_f3_licensed_premises__F3_3 C7,,True
120146,chapter-f3-licensed-premises,Woollahra_DCP_2015__chapter_f3_licensed_premises,Woollahra_DCP_2015__chapter_f3_licensed_premises__F3_3 C8,,True
120147,chapter-f3-licensed-premises,Woollahra_DCP_2015__chapter_f3_licensed_premises,Woollahra_DCP_2015__chapter_f3_licensed_premises__F3_3 C9,,True
120135,chapter-f3-licensed-premises,Woollahra_DCP_2015__chapter_f3_licensed_premises,Woollahra_DCP_2015__chapter_f3_licensed_premises__F3_3 O1,,True
120137,chapter-f3-licensed-premises,Woollahra_DCP_2015__chapter_f3_licensed_premises,Woollahra_DCP_2015__chapter_f3_licensed_premises__F3_3 O2,,True
120141,chapter-f3-licensed-premises,Woollahra_DCP_2015__chapter_f3_licensed_premises,Woollahra_DCP_2015__chapter_f3_licensed_premises__F3_3 O3,,True
120144,chapter-f3-licensed-premises,Woollahra_DCP_2015__chapter_f3_licensed_premises,Woollahra_DCP_2015__chapter_f3_licensed_premises__F3_3 O4,,True
120149,chapter-f3-licensed-premises,Woollahra_DCP_2015__chapter_f3_licensed_premises,Woollahra_DCP_2015__chapter_f3_licensed_premises__F3_4 C10,,True
120150,chapter-f3-licensed-premises,Woollahra_DCP_2015__chapter_f3_licensed_premises,Woollahra_DCP_2015__chapter_f3_licensed_premises__F3_4 C11,,True
120151,chapter-f3-licensed-premises,Woollahra_DCP_2015__chapter_f3_licensed_premises,Woollahra_DCP_2015__chapter_f3_licensed_premises__F3_4 C12,,True
120152,chapter-f3-licensed-premises,Woollahra_DCP_2015__chapter_f3_licensed_premises,Woollahra_DCP_2015__chapter_f3_licensed_premises__F3_4 C13,,True
120153,chapter-f3-licensed-premises,Woollahra_DCP_2015__chapter_f3_licensed_premises,Woollahra_DCP_2015__chapter_f3_licensed_premises__F3_4 C14,,True
120148,chapter-f3-licensed-premises,Woollahra_DCP_2015__chapter_f3_licensed_premises,Woollahra_DCP_2015__chapter_f3_licensed_premises__F3_4 O5,,True
