Name,Type
Marrickville DCP 2011 - 9 0 Cover.pdf,Entity
development control in Chapter A,Entity
commercial and mixed use development,Entity
Residential lots,Entity
original detailing and finishes,Entity
Habitat Elements,Entity
significant streetscape s and/or public domain elements,Entity
Water Management Statement,Entity
planning precincts,Entity
Council,Entity
Hoskins Park Precinct,Entity
Unique environmental features,Entity
Clause 4.1.6.1 - fsr_control,Entity
high biodiversity values,Entity
fencing/retaining wall material,Entity
Clause 2.7,Entity
Masterplan Area,Entity
loss of privacy and views,Entity
B2 Local Centre,Entity
North Kingston Estate Heritage Conservation Area,Entity
Social Impact,Entity
Jarvie Avenue Heritage Conservation Area,Entity
connectivity and disturbance,Entity
number of listed heritage items,Entity
Chapter G - Definitions,Entity
landscapes features,Entity
healthy soil,Entity
targets,Entity
public place,Entity
design of new buildings,Entity
Inter War Group Heritage Conservation Area,Entity
identified,Entity
noise,Entity
larger buildings,Entity
floor space ratio,Entity
front setback area,Entity
streetscape characteristics of the surrounding area,Entity
Cooling towers,Entity
The Abergeldie Estate,Entity
R3 – Medium Density Residential Zone,Entity
low to medium density resident character,Entity
development on land wholly in any of the following zones,Entity
"street level activation, passive surveillance and opportunities for social interaction",Entity
landscaping and architectural style,Entity
subsection 1,Entity
native vegetation,Entity
urban design and environmental sustainability,Entity
details,Entity
high solid walls and fences,Entity
slate roof with decorative features,Entity
existing or neighbouring properties are built to front boundaries,Entity
access/egress points,Entity
timber,Entity
Floor space ratio (FSR),Entity
environmental conservation,Entity
low-density residential neighbourhoods,Entity
BASIX,Entity
ecosystem impact,Entity
boarding house manager,Entity
Floor Space Ratio,Entity
HIS,Entity
significant buildings,Entity
Endangered Populations,Entity
Contributory buildings,Entity
T hreatened S pecies,Entity
cyclist,Entity
Planning Assessment Commission (PAC),Entity
ease of use and comfort,Entity
Parking,Entity
up to 7 storeys high,Entity
subdivision patterns,Entity
WELS Scheme,Entity
King Street and Enmore Road,Entity
heritage conservation areas,Entity
relevant controls,Entity
proposed development,Entity
State Environmental Planning Policy,Entity
policies,Entity
PV panels,Entity
Clause G5.1,Entity
environmental impacts,Entity
any redevelopment of the precinct,Entity
communal area,Entity
s3.43 of the Environmental Planning and Assessment Act 1979,Entity
control diagram in Figure 23.1c,Entity
distinctly single storey streetscapes,Entity
Development Application Guidelines,Entity
solar access,Entity
types of development,Entity
nil setback,Entity
Land owners,Entity
Section 4.1 of this DCP,Entity
side driveways,Entity
Federation and Inter-War period dwellings,Entity
trees,Entity
restaurant spaces,Entity
Individual,Entity
sensitive land uses,Entity
Part C1.8 Contamination,Entity
Precinct 75,Entity
Communal Open Space,Entity
leichhardt,Entity
Energy efficiency requirements,Entity
appropriate locations,Entity
Significant trees,Entity
air,Entity
streetscape character of the locality,Entity
eastern boundary,Entity
advertising,Entity
Multi Dwelling Housing and RFBs,Entity
provision for parking or signage,Entity
Objectives,Entity
heritage conservation management plan,Entity
lots fronting the same street,Entity
Views and vistas,Entity
HCA 7 Kingston West Heritage Conservation Area,Entity
Southern Boundary Wall,Entity
Australia Street industrial group,Entity
elevation openings,Entity
Clause 6.1,Entity
opportunities,Entity
single storey streetscape,Entity
Heritage Act 1977,Entity
The Burra Charter 2013,Entity
colours and materials,Entity
two storey industrial buildings,Entity
vistas,Entity
existing building,Entity
flood event,Entity
BASIX policy,Entity
adjoining or nearby sites,Entity
predominantly low density precinct,Entity
land-use pattern,Entity
newly proposed lots,Entity
a maximum of four storeys,Entity
sites within heritage conservation areas,Entity
information,Entity
Kingston W est Heritage Conservation Area,Entity
all advertising,Entity
sustainable and climatically responsive development,Entity
1.2 LEICHHARDT,Entity
commercial viability and vitality,Entity
innovative design,Entity
pitches,Entity
"including outdoor use, toilets, and laundry",Entity
Clause 2.3,Entity
stormwater management,Entity
significant streetscapes and/or public domain elements,Entity
Environmental Protection Agencies,Entity
Figure 1: Map of precinct,Entity
industrial development,Entity
rear lane,Entity
surrounding properties,Entity
individual Heritage Items,Entity
Childcare centres,Entity
Heritage Area,Entity
streescapes,Entity
streetscape character,Entity
The precinct,Entity
Car parking,Entity
Australia Street,Entity
Australia International Council on Monuments and Sites (ICOMOS),Entity
Alleyways,Entity
industrial units,Entity
Contents Page Amdt No 19,Entity
original parapeted roof forms,Entity
Zone R4 High Density Residential,Entity
medium to high density residential,Entity
taller development,Entity
Crown Street,Entity
Clause 5.1.3.3,Entity
finishes,Entity
EP&A Act,Entity
forms,Entity
Clause G6.11,Entity
laundry,Entity
Properties on 170 View Street,Entity
Section 2.18.11.4,Entity
water usage,Entity
public art installations,Entity
2-4 metre setbacks,Entity
buildings which retain their original built form,Entity
former factory,Entity
pedestrian and cyclist access,Entity
SEPP (Exempt and Complying Development Codes) 2008,Entity
A five storey Federation building,Entity
basement parking,Entity
native vegetation buffer,Entity
areas with high biodiversity or heritage or cultural value,Entity
condition,Entity
continuing use on the newly proposed lots,Entity
Inner West Council,Entity
King Street,Entity
the passage,Entity
unsympathetic alterations,Entity
and enhancing,Entity
amenity impacts,Entity
part of the brick factory wall,Entity
dcps,Entity
Marrickville DCP 2011 - 9 0 Cover,Entity
People,Entity
wetlands,Entity
Part 5A,Entity
Zone E5 Heavy Industrial,Entity
building mass,Entity
Stanley Street Heritage Conservation Area,Entity
public domain elements,Entity
Greenbank Street,Entity
"efficient parking, loading and access",Entity
streets,Entity
Creative industries,Entity
amendments,Entity
accommodation,Entity
New residential development,Entity
have minimal visual impact,Entity
Heritage item,Entity
Warburton Street,Entity
original sign panels,Entity
The existing industrial zoned land,Entity
pavilion with lightweight link,Entity
infrequent storms,Entity
predominantly low to medium density residential,Entity
existing developmen t at the western end of the precinct,Entity
Clause 4.1.7,Entity
Marrickville LGA,Entity
driveways,Entity
compatible development,Entity
Traffic Management,Entity
"design, siting and materials",Entity
pollution,Entity
boundary adjustment,Entity
Haberfield Heritage Conservation Area,Entity
contaminated land management,Entity
Clause PART 9 - height_limit,Entity
Heritage Conservation Area,Entity
B1 - Neighbourhood Centre,Entity
Plans,Entity
Education Sector,Entity
Water Cycle,Entity
allotment amalgamations,Entity
development control,Entity
garden beds,Entity
Carrington Road,Entity
house,Entity
sex on premises venues,Entity
pipe system,Entity
Marrickville Town Centre North,Entity
applications for dwelling or residential lots over 15,Entity
passive cooling methods,Entity
Building A,Entity
elements of the past,Entity
adjoining properties,Entity
Appendix C,Entity
safety measures,Entity
colours,Entity
the relevant controls,Entity
Murray Street,Entity
1.1 BALMAIN,Entity
100mm,Entity
Dulwich Hill Commercial Precinct,Entity
Clause 8.1.3,Entity
escarpments,Entity
Weston Street,Entity
Massing and setbacks,Entity
R3 - Medium Density Residential,Entity
curtilage,Entity
areas,Entity
areas with high biodiversity,Entity
car parking requirements,Entity
Sydenham Pit and Drainage Pumping Station,Entity
mulch depth,Entity
all residential buildings,Entity
Site Analysis,Entity
RE1 Public Recreation,Entity
48 Edith Street,Entity
Multi-Dwelling Housing,Entity
existing residential buildings,Entity
existing views and vistas,Entity
IWLEP (2022),Entity
lower scale and density buildings,Entity
setting,Entity
Union Street,Entity
o riginal detailing and finishes,Entity
vulnerable members of the community,Entity
Commercial Fronts,Entity
infill development,Entity
Amendment,Entity
precin,Entity
parapet of building facade,Entity
town centres,Entity
business centre,Entity
Abergeldie Street,Entity
Precincts Map,Entity
car parking requirements for boarding houses,Entity
New Development,Entity
medium density residential areas,Entity
Holmwood Estate Heritage Conservation Area,Entity
Clause 2.10 - parking (development_control),Entity
isolated sites,Entity
time restricted parking,Entity
Victorian style dwelling houses,Entity
outcrops,Entity
green corridors,Entity
efficient parking,Entity
coastal zone,Entity
B2 - Local Centre Zone,Entity
Chapter,Entity
sites,Entity
pockets of low density residential dwellings,Entity
Existing character buildings (groups or rows),Entity
cyclists,Entity
retained portions of contributory buildings or infill development,Entity
Bayswater Estate,Entity
existing industrial streetscape character,Entity
words and expressions,Entity
building materials,Entity
Enmore House Estate Heritage Conservation Area,Entity
ANEF contours,Entity
Open space requirements,Entity
State Environmental Planning Policy - Building Sustainability Index (BASIX),Entity
Smidmore and Murray Street,Entity
residential developments,Entity
C,Entity
building mass and height,Entity
urban housing,Entity
water meter,Entity
plant diversity,Entity
nearby or adjacent properties and occupants,Entity
Zone R2 Low Density Residential,Entity
WSUD,Entity
upper level setbacks,Entity
C54,Entity
obstacles,Entity
Marrickville Town Centre Comm Precinct,Entity
Sales Team,Entity
Vicars family,Entity
local shops,Entity
values,Entity
centre,Entity
Parks,Entity
"bulk, massing, height, separation, setbacks, amenity, articulation and modulation",Entity
heritage conservation area HCA,Entity
planning controls,Entity
Inner West Local Government Area,Entity
more specific control,Entity
commercial viability,Entity
sepps,Entity
Streets,Entity
design quality,Entity
sources,Entity
Chapter H,Entity
Clause O1 - height_limit,Entity
conductivity meter,Entity
Camperdown Park Estate Heritage Conservation Area,Entity
heritage management document,Entity
B7 - Business Park Zone,Entity
hardstand/carport,Entity
Leichhardt Council,Entity
B2 Local Centre Zone,Entity
native fauna,Entity
High-rise buildings,Entity
Industrial Zoned Land,Entity
extensions,Entity
original facade openings,Entity
overshadowing of internal and external spaces,Entity
flood control,Entity
Precinct 47,Entity
2500mm x 400mm,Entity
Contents,Entity
Residential Flat Buildings,Entity
vehicles,Entity
Figure 1,Entity
2022,Entity
R4 – High Density Residential Zone,Entity
structure,Entity
BCA energy requirements,Entity
drainage system,Entity
Mixed density residential character,Entity
Uses,Entity
walls,Entity
pedestrian footpaths,Entity
"LEP, DCP and other policies",Entity
changes,Entity
Clause 5.3.1.3,Entity
Transportation,Entity
B5 - Business Development Zone,Entity
Croydon,Entity
Waterways,Entity
detailed objectives,Entity
streeetscapes and/or public domain elements,Entity
Clause G6.10,Entity
Residential Buildings,Entity
high density development,Entity
biodiversity,Entity
Environmental protection agencies,Entity
historical use,Entity
strong definition to the street,Entity
group of buildings,Entity
period,Entity
ROZELLE,Entity
building,Entity
existing character of the streetscapes,Entity
grade,Entity
Balconies,Entity
existing developments,Entity
evidence,Entity
layout,Entity
flood control approach,Entity
dcp,Entity
fauna habitat,Entity
clause,Entity
Clause 9.33.2 - land_use_zoning,Entity
Audley Street South,Entity
On Site Detention,Entity
DCP,Entity
private properties,Entity
assessment of significance,Entity
Contributory item,Entity
Clause 6.1.1,Entity
property boundary,Entity
commercial development,Entity
environmental assets of the coast,Entity
land zoned B2 Local Centre,Entity
height_limit,Entity
control diagram in Figure 23.1b,Entity
pedestrian activity,Entity
Sydney Airport and Port Botany,Entity
Ashbury Ashfield,Entity
Heritage Values,Entity
H eritage Item s,Entity
precinct,Entity
Section 4.2,Entity
rock faced stone walling,Entity
Clause 4.1.6.2 - setback,Entity
"significant streetscapes and/or public domain elements within the precinct including landscaping, fencing, open space, sandstone kerbing and guttering, views and vistas and prevailing subdivision patterns",Entity
existing,Entity
Pedestrian Safety,Entity
Marrickville Local Environmental Plan 2011 (MLEP 2011),Entity
retention,Entity
IN1 General Industrial zone,Entity
B6 Enterprise Corridor zone,Entity
Marrickville DCP,Entity
Standard Instrument (Local Environmental Plans) Order 2006,Entity
HCA 9: Hopetoun -Roberts -Federation Streets Heritage Conservation Area,Entity
Conference,Entity
Heritage Items within the precinct,Entity
this area,Entity
Clause 5.1.3.2,Entity
State Environmental Planning Policy (SEPP),Entity
relevant heritage planning controls,Entity
surfaces,Entity
site and boundaries with adjoining sites,Entity
new developments,Entity
B5 Business Development zone,Entity
metre,Entity
Zone E4 General Industrial,Entity
urban form,Entity
Floor space ratio and height,Entity
building line,Entity
U shape building mass,Entity
Building Height,Entity
southern end,Entity
marine park,Entity
four storeys,Entity
Grove,Entity
Flood certificate,Entity
Heritage Conservation Area (HCA),Entity
mixed use development of high to medium densities and scales,Entity
Zone E3 Productivity Support,Entity
contamination at the site,Entity
height and scale,Entity
nearby and adjacent properties,Entity
Applicant,Entity
supported,Entity
single st orey streetscapes,Entity
application,Entity
IN2 – Light Industrial Zone,Entity
the use of buildings,Entity
their original built form,Entity
Water Efficiency Labelling and Standards (WELS) Scheme,Entity
"minor service retail, commercial offices and showrooms",Entity
fences on sloping sites,Entity
future residents,Entity
Signs,Entity
Airport,Entity
Commercial Precinct 35,Entity
Princes Highway,Entity
R3 – Medium Density Residential zone,Entity
lots,Entity
November 2023,Entity
Wells Avenue Heritage Conservation Area,Entity
Contaminated land,Entity
natural watercourses,Entity
Clause PART 9 - parking,Entity
Haberfield,Entity
pedestrian safety and amenity,Entity
heritage conservation area,Entity
encourage sympathetic alteration or restoration,Entity
retention of indigenous vegetation,Entity
Clause,Entity
surrounding prevailing street wall height,Entity
danger to life,Entity
Precinct 31,Entity
Tenants,Entity
Development Control Plan,Entity
Table 1 in Section 2.10 Parking,Entity
Places of Aboriginal heritage significance,Entity
Arthur Street,Entity
new development at rear upper levels,Entity
public places,Entity
surface stormwater flows,Entity
Five storey buildings,Entity
roof profile,Entity
the potential impacts to biodiversity,Entity
HCA (Heritage Conservation Area),Entity
rest areas,Entity
open spaces,Entity
facilities,Entity
side drive,Entity
locations where it will make good use of existing and planned infrastructure and services,Entity
community,Entity
Marrickville Metro shopping centre,Entity
buildings with original form,Entity
local environmental plan,Entity
roads,Entity
Australian Standards,Entity
groups or runs of buildings,Entity
retail/commercial strips,Entity
photovoltaic panels,Entity
boarding house,Entity
demolition,Entity
other controls,Entity
Inter-War period,Entity
identify,Entity
Abergeldie Estate Heritage Conservation Area,Entity
Proportion,Entity
R4 – High Density Residential,Entity
off-street car parking provision and location,Entity
R1 – General Residential zone,Entity
the premises,Entity
Clause 9.39.1,Entity
significant streetscapes and public domain elements,Entity
Type of commercial and mixed use developments,Entity
Zone B3 Commercial Core,Entity
Schedule 1 or 2,Entity
Section 4.2 of this DCP,Entity
lower scaled buildings,Entity
low density residential dwellings,Entity
the assistant,Entity
buildings on the street,Entity
minor external alterations,Entity
Public Agencies,Entity
industry standards,Entity
regulations,Entity
"landscaping, fencing, open space",Entity
objectives and controls in Section 4.3,Entity
State,Entity
vehicle access,Entity
State Significance,Entity
circulation space,Entity
unzoned land,Entity
the entire precinct,Entity
Croydon Park,Entity
Appendix 1,Entity
standards,Entity
Part 8 of this DCP,Entity
sandstone,Entity
Railway Street (Petersham) Heritage Conservation Area,Entity
clause 9.23.2 - heritage (heritage),Entity
Buildings,Entity
Inner West LEP 2022,Entity
matters,Entity
Overshadowing,Entity
minimal impact on neighbouring/adjoining properties,Entity
wetland of international significance declared under the Ramsar Convention on Wetlands,Entity
fsr_control,Entity
Clause 6.1.2.2,Entity
remnant bushlands,Entity
photovoltaic systems,Entity
residential zones,Entity
fifth level and roof set back by a distance of 3 metres,Entity
Inner West Local Environmental Plan (Inner West LEP 2022),Entity
entrances,Entity
heritage values,Entity
Aboriginal object,Entity
characteristics similar to the prevailing cadastral pattern,Entity
All residential buildings,Entity
resources,Entity
Petersham Commercial Precinct Heritage Conservation Area,Entity
streeetscapes,Entity
B1 Neighbourhood Centre Zone,Entity
max five storeys,Entity
MDCP 2011,Entity
Social Impact Assessment,Entity
masterplan structure,Entity
mulch,Entity
retained,Entity
dwellings,Entity
locations,Entity
Identified period buildings,Entity
outdoor use,Entity
Designated Development,Entity
users,Entity
May Street,Entity
Access and Mobility,Entity
"residential flat building located on No. 2B Gladstone Street, Newtown",Entity
water use fittings,Entity
public places to be inaccessible to people with a disability,Entity
Clause G6.12,Entity
infrastructure,Entity
most common,Entity
unrestricted parallel parking on both sides,Entity
developments,Entity
Section 4.1,Entity
LEP,Entity
Hoskins Park & Environs Heritage Conservation Area,Entity
this section,Entity
"factors such as location, access, streetscape and surrounding development",Entity
the foreshore area,Entity
Private Spaces,Entity
lookouts,Entity
residential development in NSW,Entity
runs of buildings,Entity
LEPs,Entity
visual clutter,Entity
pedestrian access,Entity
Zone IN1 General Industrial,Entity
Development Applications,Entity
building location and design,Entity
docs/dcps/INNERWEST,Entity
B2 - Local Centre,Entity
the 'Australia Street industrial group',Entity
short-term rental accommodation,Entity
front projections,Entity
vegetation,Entity
Public domain elements,Entity
Public Domain Elements,Entity
listed heritage items,Entity
Leichhardt DCP 2013-15,Entity
eastern corner with Cardigan Street,Entity
rainwater,Entity
building designs,Entity
RMS Guide to Traffic Generating Developments (2002),Entity
colour,Entity
individual allotments,Entity
Authority,Entity
potable water,Entity
standard,Entity
Zone MU1 Mixed Use,Entity
GreenWay Corridor,Entity
minimum access requirements for boarding houses,Entity
local streetscape,Entity
amalgamation pattern,Entity
nearby residential accommodation,Entity
local fauna,Entity
Lot,Entity
Curtilage,Entity
Scale: the size of a building in relation to surrounding buildings or landscape,Entity
LGA,Entity
RE1 - Public Recreation,Entity
parking and access for vehicles,Entity
illumination schemes,Entity
urban renewal,Entity
alterations or additions to roof areas,Entity
low and medium density residential character,Entity
Porter's Brickworks Estate Heritage Conservation Area,Entity
Clause C1 - land_use_zoning,Entity
non-retail employment,Entity
masterplans,Entity
Traditional two storey commercial streetscape,Entity
to,Entity
Busy roads,Entity
Abergeldie Estate,Entity
the operations of the shopping centre,Entity
land shaded in Figure (23.1a),Entity
all parts of the Purpose or all Performance Criteria,Entity
wellbeing,Entity
side setbacks,Entity
Setbacks,Entity
form of the new building,Entity
Creative Sector,Entity
Marrickville Station West Precinct,Entity
Equity of Access and Mobility,Entity
"scale compatible with the character, landscape and scenic qualities of the area",Entity
Kerb and guttering,Entity
the redevelopment,Entity
objectives,Entity
Richardsons Lookout,Entity
toilets,Entity
ecological principles,Entity
retained portions of contributory buildings,Entity
density,Entity
cafe,Entity
framework,Entity
be,Entity
windows of principal living areas and principal areas of open space,Entity
coastal management areas,Entity
water board site,Entity
original forms,Entity
a part of development_control,Entity
demand,Entity
neighbours,Entity
to ensure optimum circulation before discharge,Entity
appreciation of site,Entity
height,Entity
November,Entity
demolish,Entity
location,Entity
Section 7.0 Cover,Entity
Designated development,Entity
Child care centres,Entity
Heritage Council,Entity
Building Users,Entity
view of the development,Entity
Plan,Entity
Clause 5.1.3.1,Entity
adjacent lower scaled buildings,Entity
the industrial units,Entity
Marketing Department,Entity
Building Code of Australia (BCA),Entity
Legislature,Entity
heritage_protection,Entity
other relevant sections,Entity
Building B,Entity
permeability to the surrounding built environment,Entity
Height Limit,Entity
new residential flat building development,Entity
material similar in type and colour to that used for the development found on site,Entity
off street parking,Entity
Clause PART 9 - setback,Entity
road widening purposes,Entity
marine vegetation,Entity
Recreational facilities,Entity
the erection of a new building,Entity
work,Entity
distinct character,Entity
Streetscapes,Entity
R2 - Low Density Residential,Entity
destinations in the municipality,Entity
windows,Entity
flooding,Entity
Johnston Street,Entity
Cardigan Street Heritage Conservation Area,Entity
Demolish,Entity
footpaths,Entity
sympathetic alteration,Entity
strategic direction,Entity
stormwater,Entity
heritage works,Entity
corner properties,Entity
residential amenity,Entity
Camperdown Park Estate,Entity
viewers,Entity
larger scale building,Entity
Policy,Entity
Marrickville Metro,Entity
Hopetoun-Roberts-Federation Streets,Entity
parts of the precinct,Entity
Dictionary,Entity
the land,Entity
Zone IN3,Entity
Local authorities,Entity
Australian Noise Exposure Forecast (ANEF),Entity
Footpath,Entity
Properties south of Marrickville Road,Entity
road access,Entity
identified precinct,Entity
fabric of the building,Entity
performance,Entity
setbacks from street frontage,Entity
slate,Entity
sloping sites,Entity
Clause 6.1.2.7,Entity
zone,Entity
This DCP,Entity
Exempt Development Codes,Entity
compatibility,Entity
width,Entity
restoration,Entity
residential land uses,Entity
directory,Entity
Solar Access,Entity
scale,Entity
Fencing,Entity
building heights,Entity
Cooks River Sewerage Aqueduct,Entity
existing pervious surface area,Entity
adjoining development,Entity
industrial sites,Entity
their original form,Entity
occupation,Entity
pond-based aquaculture,Entity
pockets,Entity
Annandale Farm Heritage Conservation Area,Entity
Endangered P opulations,Entity
access for vehicles,Entity
Development within Heritage Conservation Areas or to Heritage Items,Entity
Decks,Entity
pedestrian,Entity
Boarding houses in B1 - Neighbourhood Centre Zone,Entity
Mill House,Entity
car parking facilities,Entity
Annanda le Farm Heritage Conservation Area,Entity
Zone B1 Neighbourhood Centre,Entity
Dwelling Houses,Entity
biodiversity including native fauna (including Threatened Species and Endangered Populations),Entity
street and public domain,Entity
Divided roads,Entity
Part 5A of the Local Land Services Act 2013,Entity
site_coverage,Entity
zero building line setbacks,Entity
sustainable transport,Entity
Railway Street (Pet ersham) Heritage Conservation Area,Entity
contextual basis,Entity
elevations,Entity
the identified values,Entity
social needs,Entity
Classified Road,Entity
Homeowners,Entity
Clause Dictionary - zoning (land_use_zoning),Entity
Massing,Entity
eastern corner with Crystal Street,Entity
heritage listed,Entity
sandstone kerbing and guttering,Entity
road infrastructure,Entity
this assistant,Entity
general industrial uses,Entity
specific development controls,Entity
activity,Entity
Public Spaces,Entity
street frontage,Entity
former industrial land,Entity
provisions,Entity
plantings,Entity
existing services,Entity
principal areas of open space,Entity
predominantly,Entity
footpath,Entity
streetscape appearance,Entity
IWLEP (Inner West Local Environment Plan),Entity
site plan,Entity
Street Building Front,Entity
residential zone,Entity
Flooding,Entity
Infill development,Entity
"Child care centres, educational establishments, hospitals, places of public worship and residential accommodation close to busy roads and rail lines",Entity
new development at the rear upper levels,Entity
existing and proposed ground and floor levels,Entity
single storey existing within the precinct,Entity
significant industrial buildings,Entity
infrequent storm events,Entity
precincts,Entity
unysmpathetic changes,Entity
Bandicoot Protection Area,Entity
Zone IN2 Light Industrial,Entity
all proposed development in the State,Entity
mixed density residential character,Entity
Indicative Site Layout,Entity
Scale,Entity
B4 - Mixed Use,Entity
organic and chemical free agricultural practice,Entity
Private open spaces of new residential development,Entity
Significant public domain elements,Entity
43 Roberts Street,Entity
Council's POM Template,Entity
artificial waterbodies,Entity
ramps and excavation,Entity
Guttering,Entity
existing zoning,Entity
Seniors,Entity
Panel Members,Entity
public open spaces,Entity
compost and well-rotted manure,Entity
IN2 Light Industrial,Entity
signs,Entity
Section 5 o f this DCP,Entity
St Peters,Entity
flood issues,Entity
frontages of allotments,Entity
setbacks,Entity
irrigation areas,Entity
"vehicles, pedestrians and cyclists",Entity
clearing of vegetation,Entity
vehicular traffic,Entity
Visual,Entity
streedape appearance,Entity
development,Entity
land,Entity
Endangered ecological community,Entity
Crown Land Management Act 2016,Entity
Planning Authorities,Entity
green walls,Entity
rural land,Entity
Integrated Water Cycle Plan,Entity
handrails,Entity
implementation,Entity
Properties,Entity
single storey streetsca pes,Entity
high solid walls,Entity
IWLEP 2022,Entity
Institutional,Entity
surrounding area,Entity
Acoustic measures,Entity
environmental targets,Entity
residential areas,Entity
Infrastructure developers,Entity
building modifications,Entity
Meeks Road,Entity
heritage significance and character of Haberfield,Entity
small to medium setbacks with landscaping and occasional parking,Entity
Thornley Street scenic protection area,Entity
cooling towers,Entity
nearby land,Entity
development_control,Entity
Solar Access and Overshadowing,Entity
desired future character,Entity
amenity loss,Entity
SIC or SIS with development application,Entity
context,Entity
street furniture,Entity
previous land use,Entity
shopfronts,Entity
New dwellings,Entity
Parramatta Road Commercial Precinct Heritage Conservation Area (HCA 5),Entity
addition,Entity
HCA 28 Dulwich Hill Commercial Precinct Heritage Conservation Area,Entity
Leichhardt DCP 2013,Entity
This Chapter,Entity
Pump System,Entity
Community,Entity
Archaeological sites,Entity
land-use,Entity
pedestrian traffic,Entity
street alignment,Entity
Campbell Street,Entity
SEPPs,Entity
Transport,Entity
flood control lots on maps in Appendix E – Part 4,Entity
industrial,Entity
West,Entity
Petersham Commercial Precinct,Entity
western side of Bridge Road,Entity
High noise sources,Entity
on street parking,Entity
Development applications,Entity
building and its setting,Entity
Period residential flat buildings,Entity
active travel options,Entity
Hospitals,Entity
Information to be submitted with a Development Application,Entity
the predominantly low density residential character,Entity
CPTED Principles,Entity
road,Entity
lodgement,Entity
site topography,Entity
setbacks to front boundary,Entity
part of Fort Street High School (William Wilkins Building),Entity
carrying out of proposed development,Entity
rear garages,Entity
private parking provision,Entity
Eastern corner with Crystal Street,Entity
Thornley Street,Entity
not adversely impact,Entity
1.3 ROZELLE,Entity
Applicants,Entity
this precinct,Entity
Cooks River,Entity
Clause C3,Entity
heritage item or heritage conservation area,Entity
residential appearance,Entity
people,Entity
Appendix F Late Night Trading Maps,Entity
rooftop car parking areas,Entity
DCP 2013,Entity
sandstone elements,Entity
B7 Business Park,Entity
The Mill House,Entity
forms and details,Entity
area of outstanding biodiversity value under the Biodiversity Conservation Act 2016,Entity
public area,Entity
Church Street,Entity
commercial zones,Entity
heritage,Entity
Lodgement of a development application,Entity
public open space,Entity
Inter-War Group Heritage Conservation Area,Entity
R4 – High Density Residential zone,Entity
car-sharing,Entity
The Olympia Milk Bar,Entity
white-way lighting,Entity
Princes Highway operation,Entity
Marrickville Road,Entity
"their roof forms, original detailing and finishes",Entity
The three Parking Areas,Entity
Document,Entity
Planning Document,Entity
boarding house manager’s accommodation,Entity
rainwater tanks,Entity
their sympathetic alteration or restoration,Entity
2 to 3 storeys,Entity
new building facades,Entity
Eco-tourist facility,Entity
Section 6 of this DCP,Entity
SECTION 1 - LATE NIGHT TRADING MAPS,Entity
industrial zoned land,Entity
existing landuse zoning,Entity
Land,Entity
urban_design,Entity
sandstone cliffs,Entity
identified period buildings,Entity
Clause C2 - land_use_zoning,Entity
The Clarence Hotel,Entity
Developments,Entity
dwelling houses,Entity
development in the foreshore area,Entity
106 dwellings,Entity
local area,Entity
B4 - Mixed Use Zone,Entity
Zone,Entity
heritage item,Entity
massing,Entity
Lewisham,Entity
other vegetation,Entity
lower scaled buildings through intermediate scale development,Entity
Dulwich,Entity
Development Types,Entity
Government,Entity
"studio, cafe and restaurant spaces",Entity
Section 2.10.4,Entity
Height,Entity
original form,Entity
Complying Development Codes,Entity
residential uses,Entity
all development,Entity
wastewater,Entity
Relevant agencies and authorities,Entity
Land Use Table,Entity
block,Entity
National Quality Framework,Entity
View Street,Entity
Heritage Conservation Area HCA 25,Entity
existing character and prevailing setbacks of the streetscape,Entity
existing infrastructure,Entity
onstreet parking,Entity
significant industrial building(s),Entity
R1 – General Residential,Entity
Views,Entity
significance,Entity
MLEP 2011,Entity
sole occupancy unit,Entity
This section of the DCP applies to development within the boundary of the precinct,Entity
development application,Entity
the skyline,Entity
local environment,Entity
parapeted roof forms,Entity
parking_rates,Entity
site analysis,Entity
Zone R1 General Residential,Entity
streetscapes and/or public domain elements,Entity
communities,Entity
Boarding houses,Entity
B7 - Business Park,Entity
Built and Natural Elements,Entity
urban design outcome,Entity
hard paved areas,Entity
page,Entity
identified values,Entity
Aircraft noise,Entity
Livingstone Road,Entity
Company,Entity
docs/dcps/INNERWEST/leichhardt/Flood Control Lot Map – Central View.pdf,Entity
a representative example of Inter-War Mediterranean Revival style public utility building,Entity
Premier Street,Entity
neighbourhoods,Entity
Goodsell Estate Heritag e Conservation Area,Entity
natural ventilation,Entity
decisions about change,Entity
additional uses,Entity
non-residential building types,Entity
Audley Street South (Bayswater Estate) Heritage Conservation Area,Entity
court walls,Entity
Prevailing subdivision patterns,Entity
principles of ecologically sustainable development,Entity
Leichhardt DCP 2013 - 10 - Part E Water,Entity
Flood Risk Management Report,Entity
none specified,Entity
community safety,Entity
development application stage,Entity
Ground Floor Uses,Entity
masterplan sites,Entity
distinctly single storey,Entity
maintenance schedule,Entity
off-street parking,Entity
"fencing, open space, sandstone kerbing and guttering, views and vistas and prevailing subdivision patterns",Entity
area,Entity
NSW Legislation-101-150.pdf,Entity
operation,Entity
railway line,Entity
Subsection (1),Entity
the Coastal Management Act 2016,Entity
Boarding houses in R4 – High Density Residential,Entity
Leichhardt,Entity
shopping centre,Entity
the site on the southern side of Smidmore Street,Entity
Inner West employees,Entity
landuses,Entity
character of the precinct,Entity
streetscape presentation,Entity
Clause 4.2,Entity
Architects,Entity
architecture,Entity
State Code,Entity
pest management and plant maintenance,Entity
medium/high density residential character,Entity
Airport Height Control,Entity
Environment,Entity
Child care centre,Entity
specific detail for fencing in heritage conservation areas,Entity
all,Entity
low density residential character,Entity
Commercial Viability,Entity
Proposed developments,Entity
identifie d period buildings,Entity
Tourism boards,Entity
the provision for ease of use and comfort,Entity
car parking,Entity
buildings not covered by the State Environmental Planning Policy - BASIX,Entity
"simple, single storey building form",Entity
zoning,Entity
photovoltaic system,Entity
Clause 4.1.6.3 - setback,Entity
Environmental protection,Entity
Areas within the precinct,Entity
planning precinct,Entity
Stormwater Drainage Concept Plan,Entity
Marrickville DCP 2011 - Cover.pdf,Entity
single storey streetscapes,Entity
predict development or land use change,Entity
substantial rock faced stone walling,Entity
ecological community (EEC),Entity
Part 8 (Heritage),Entity
low to medium density residential character,Entity
BASIX certificate,Entity
fence,Entity
Western Sydney Employment Area,Entity
Section 2.10 Parking,Entity
Draft heritage item,Entity
streedscapes,Entity
Section 4.3.3,Entity
any new development,Entity
Technology Sector,Entity
residen tial character,Entity
surrounding development,Entity
Zone B2 Local Centre,Entity
Hoskins Park & Environs Heritage Conservation Areas,Entity
fish,Entity
ridge line,Entity
Fort Street High School (William Wilkins Building),Entity
Native Fauna,Entity
function,Entity
bicycles,Entity
vehicle access ramps,Entity
significant streetscape and/or public domain elements,Entity
eastern end of the precinct,Entity
New buildings,Entity
"roof form, original detailing and finishes",Entity
PV panels and solar hot water systems,Entity
restricted premises,Entity
Rathlin Estate Heritage Conservation Area,Entity
Section 2.10,Entity
Australian Standards and SEPPs,Entity
Bandicoot,Entity
divided roads,Entity
Plan of Management,Entity
easements,Entity
landscaping,Entity
IN1 General Industrial,Entity
R3 – Medium Density Residential,Entity
Marrickville DCP 2011,Entity
Residential accommodation,Entity
Streetscape,Entity
Cardigan Str eet Heritage Conservation Area,Entity
"culture ponds, tanks and other culture facilities",Entity
R1 – General Residential Zone,Entity
public footway,Entity
height limit,Entity
energy and water efficiency,Entity
Clause 2.8,Entity
Front setbacks,Entity
associated buildings,Entity
Development_control,Entity
aqua culture,Entity
This Guideline,Entity
five storey buildings,Entity
state significance,Entity
planning controls and objectives,Entity
"Lackey Street & Simpson Park, St Peters Heritage Conservation Area",Entity
fifth level and roof,Entity
large industrial lot,Entity
a competing provision,Entity
bicycle parking provision rates,Entity
Rail lines,Entity
Parking and access,Entity
preserve,Entity
Inner West Ashfield DCP,Entity
CPTED principles,Entity
traffic generation,Entity
operations of Sydney Airport,Entity
space for parking or other purposes,Entity
residential buildings,Entity
"Annandale Farm Heritage Conservation Area, Kingston West Heritage Conservation Area, Cardigan Street Heritage Conservation Area",Entity
social factors,Entity
principal living areas,Entity
Period buildings,Entity
Surrounding buildings,Entity
standard local environmental planning instrument,Entity
streetscape and/or public domain elements,Entity
environmental protection,Entity
land use planning,Entity
local Aboriginal communities,Entity
Property Owners,Entity
Individual Heritage Items,Entity
new dwellings,Entity
fittings,Entity
commercial offices,Entity
S4.15 of the Environmental Planning and Assessment Act 1979,Entity
"roof forms, original detailing and finishes",Entity
Cyclists,Entity
State significant agricultural land,Entity
Over -the-counter verbal advice,Entity
distinctly single storey streetscapes within the precinct,Entity
Individual buildings,Entity
Clause 2.1,Entity
permitted,Entity
building and its streetscape context,Entity
The Inner West Local Environmental Plan 2022 (IWLEP 2022),Entity
Part 4,Entity
proposals,Entity
"Australian Standard AS 2021 Acoustics – aircraft noise intrusion – building, siting and construction",Entity
recreation,Entity
development consent,Entity
nearby heritage buildings,Entity
buildings which retain their original form,Entity
Precinct -specific planning controls,Entity
Guidelines,Entity
Heritage Conservation Areas (HCAs),Entity
plan,Entity
"parking, loading and access for vehicles",Entity
land listed as C54,Entity
kerb and guttering,Entity
nearby properties,Entity
visual prominence and integrity of the roof,Entity
streescape and public domain elements,Entity
setback,Entity
swamp land,Entity
western corner with Phillip Street,Entity
Marrickville Bowling & Recreation Club,Entity
Boarding houses in B4 - Mixed Use,Entity
heritage listed water board site,Entity
urban design,Entity
retailing precinct,Entity
Clause 2.2 - other (development_control),Entity
"original built form, roof forms, original detailing and finishes",Entity
WSUD provisions,Entity
Public domain,Entity
designated development,Entity
community aspirations,Entity
Port Botany,Entity
Smidmore Street,Entity
provision and location of off-street car parking,Entity
HCA 11: North Kingston Estate Heritage Conservation Area,Entity
Figure A5: Land covered by this Development Control Plan,Entity
Clause PART 9 - heritage,Entity
eastern side,Entity
Zone R3 Medium Density Residential,Entity
Section 4.15 of the Act,Entity
EP&A Regulation,Entity
Educational establishments,Entity
Olympia Milk Bar,Entity
intermediate scale,Entity
David Street Heritage Conservation Area,Entity
passive solar design,Entity
places of Aboriginal heritage significance,Entity
strata lot,Entity
proposed buildings on the land shaded in Figure (23.1a),Entity
Place Section,Entity
Section 2.7.5.2,Entity
significant features,Entity
Clause 9.1.2,Entity
services,Entity
Human Health,Entity
Morgan Street Heritage Conservation Areas,Entity
certain building types,Entity
character,Entity
proposed subdivision or amalgamation,Entity
materials,Entity
ANEF,Entity
Former industrial land,Entity
Section 4.3,Entity
childcare centres,Entity
handrails and guard-rails,Entity
other,Entity
Victorian era,Entity
Inner West,Entity
predominantly low and medium density residential character,Entity
Fisheries Management Act 1994,Entity
terrace/row housing,Entity
energy efficiency,Entity
receiving waters and adjacent land-use,Entity
desired scale of buildings on the street,Entity
natural and physical features of the land,Entity
water,Entity
Acoustic,Entity
new buildings facing onto streets,Entity
Australian Standard,Entity
South Dulwich Hill Heritage Conservation Area,Entity
active streetscape,Entity
locality,Entity
Ashbury,Entity
Western corner with Phillip Street,Entity
access within the precinct,Entity
the lot amalgamation pattern identified in Figure 3,Entity
Development Application (DA),Entity
lively retail streets,Entity
document,Entity
views and vistas,Entity
properties,Entity
State Heritage Register,Entity
streetscapes,Entity
land zoned B1 Neighbourhood Centre,Entity
conservation area,Entity
land use conflict,Entity
Unknown User,Entity
street,Entity
Leichhardt DCP,Entity
residential,Entity
R2 – Low Density Residential zone,Entity
the front portion,Entity
Short-term rental operators,Entity
rooftop parking,Entity
biodiversity impacts,Entity
Development Application,Entity
gross floor area,Entity
Red Rattler,Entity
New developments,Entity
street wall height,Entity
site coverage,Entity
Bridge Road School,Entity
Building,Entity
B1 Neighbourhood Centre,Entity
competing provision,Entity
noise sources,Entity
vehicles associated with the new development,Entity
"pedestrian and cyclist access, activity and amenity",Entity
car parking rate,Entity
Inner W est LEP 202 2,Entity
Coastal Wetlands and Littoral Rainforests Area Map,Entity
SP2 Infrastructure,Entity
Clause 6.1.2.1,Entity
identified Heritage Items,Entity
rear upper levels,Entity
residential accommodation,Entity
Northern view,Entity
elevation view,Entity
existing zero building line setbacks,Entity
compatibility with architectural design,Entity
existing character,Entity
Victoria Road,Entity
conservation areas,Entity
Local Land Services Act 2013,Entity
Clause 9.32.3.1,Entity
eco-tourist facility,Entity
site-specific areas,Entity
Biodiversity Map,Entity
Moncur Street,Entity
Zone B6 Enterprise Corridor,Entity
Kerbs and guttering,Entity
car,Entity
Goodsell Estate Heritage Conservation Area,Entity
amenity for occupants,Entity
basement level,Entity
footpath area,Entity
a type of meeting for development applications,Entity
Upper level setbacks,Entity
development within the boundary,Entity
Single story streetscapes,Entity
existing zoning and desired future character of the locality,Entity
Proposals,Entity
significant streetscape s,Entity
medium density residential character,Entity
Sewerage Pumping Station No. 271,Entity
urban design vision,Entity
employment generating landuses,Entity
sex services premises,Entity
environment,Entity
values of the Petersham South (Norwood Estate) Heritage Conservation Area,Entity
Timber cottages,Entity
front setbacks,Entity
Chapter G,Entity
front fences,Entity
Marrickville DCP 2011 - 4 0 Cover,Entity
control,Entity
circulation,Entity
private open space,Entity
"B1 - Neighbourhood Centre Zone, B2 - Local Centre Zone and B4 - Mixed Use zones",Entity
Bedroom areas,Entity
landscape plan,Entity
Kingston West Heritage Conservation Area,Entity
proposal,Entity
buildings and sites,Entity
Car Parks,Entity
Factory Theatre,Entity
No. 231 Johnston Street,Entity
Development consent,Entity
Zone E2 Commercial Centre,Entity
reduce potable water use,Entity
Summer Hill,Entity
biodiversity values of trees and other vegetation in non-rural areas of the State,Entity
Development control,Entity
DDA,Entity
signs at lower level,Entity
State Environmental Planning Policy No 1—Development Standards,Entity
Hopetoun-Roberts-Federation Streets Heritage Conservation Area,Entity
Leichhardt Community and Cultural Plan 2011-2021,Entity
IWLEP 2022 amendments,Entity
legible design and wayfinding features,Entity
new development,Entity
heritage conservation area (HCA),Entity
green roofs and green walls,Entity
floor space ratio controls,Entity
environmental impact,Entity
Levels of Government,Entity
council,Entity
Site coverage,Entity
place,Entity
freshwater,Entity
archaeological site,Entity
iron palisade,Entity
overhangs,Entity
Petersham South Precinct,Entity
docs/dcps/INNERWEST/leichhardt/Leichhardt DCP 2013 - 18 - Appendix F Late Night Trading Maps with IWLEP 2022 amendments.pdf,Entity
Clause 9.35.3,Entity
Industrial streetscape,Entity
original built form,Entity
docs/dcps/INNERWEST/leichhardt,Entity
signage,Entity
heritage significance of the item and locality,Entity
issues,Entity
residents with a reasonable level of amenity,Entity
Planning Document: Marrickville DCP 2011,Entity
ecologically sustainable development,Entity
Car parking requirements,Entity
Clause Section 2 - parking (development_control),Entity
those areas,Entity
Boarding houses in B2 - Local Centre Zone,Entity
single-storey streetscapes,Entity
infill development to the street building front,Entity
cliff faces,Entity
Verandas,Entity
Llewellyn Estate Heritage Conservation Area,Entity
distinctive environmental features,Entity
Landscaping,Entity
Building heights are mostly 2 to 3 storeys,Entity
aquaculture development,Entity
Enmore - Newtown Heritage C onservation Area,Entity
open space areas,Entity
Built Form Response,Entity
Clause 4.4A,Entity
Clause 8.1.10,Entity
intensive aquaculture,Entity
Single storey streetscapes,Entity
BASIX Certificate,Entity
density residential character,Entity
Native Vegetation,Entity
subdivision,Entity
native and exotic species,Entity
Clause 9.36.2 - heritage (development_control),Entity
office and light industrial uses,Entity
Clause 8.1.11,Entity
Significant streetscapes,Entity
Subdivision patterns,Entity
Section 4.15 of the Environmental Planning and Assessment Act 1979 (EP&A Act),Entity
Marrickville Council,Entity
built environment,Entity
law,Entity
showrooms,Entity
frequent storm events,Entity
Cover,Entity
large building,Entity
Denison Street,Entity
North Kingston Estate,Entity
a type of development control,Entity
"Vehicle access, parking, loading and services",Entity
shutters,Entity
metal,Entity
surrounding buildings,Entity
B4 - Mixed Use zone,Entity
low density residential development,Entity
low to medium density residents,Entity
east,Entity
Legislation,Entity
new buildings,Entity
Vistas,Entity
Access Control,Entity
existing character buildings (groups or rows),Entity
Section 5,Entity
docs,Entity
solar access requirements for boarding houses,Entity
Arlington Street,Entity
Figure G29,Entity
IWLEP,Entity
Identified Heritage Items,Entity
the Marrickville LGA,Entity
King Street and Enmore Road Heritage Conservation Area,Entity
Environmental Planning and Assessment Act 1979,Entity
sympathetic alteration or restoration,Entity
Future Generations,Entity
northern gateway to the precinct,Entity
adjacent landowners,Entity
residents,Entity
space,Entity
adjoining and surrounding properties,Entity
cottage,Entity
heritage significance,Entity
Section of the DCP,Entity
Off-street car parking,Entity
Streetscape value,Entity
cycling,Entity
On-street parking,Entity
Heritage Items,Entity
relevant controls in Section 4.1,Entity
native fauna (including Threatened Species and Endangered Populations),Entity
identified heritage items within the precinct,Entity
urban development,Entity
existing lots,Entity
other significant public domain elements,Entity
brick,Entity
off-street car parking,Entity
activity and amenity,Entity
existing industrial lands,Entity
environmental planning instrument,Entity
Marrickville DCP 2011-7.0 Cover,Entity
active street frontages,Entity
former Waratah flour mills,Entity
softer and more interesting street presentation,Entity
detention,Entity
non-potable demands,Entity
Applications,Entity
rocky outcrops,Entity
Map,Entity
child care centres,Entity
Section 5 of this DCP,Entity
easements required,Entity
Dulwich Hill Commercial Precinct Heritage Conservation Area,Entity
commercial buildings,Entity
Commercial Precinct 37,Entity
potential flooding issues,Entity
employment,Entity
Marrickville,Entity
the area,Entity
Development Control,Entity
plan of consolidation,Entity
Marrickville DCP 2011 - 2 6,Entity
docs/sepps/State Environmental Planning Policy (Exempt and Complying Development Codes) 2008 - NSW Legislation.pdf,Entity
Precinct 48,Entity
Petersham North Heritage Conservation Area,Entity
multi dwelling housing and residential flat buildings,Entity
Lewisham Estate Heritage Conservation Area,Entity
constraints,Entity
architectural styles,Entity
receiving waters,Entity
significant streetscapes,Entity
water management,Entity
HCA 28,Entity
commercial (business) uses,Entity
Public Areas,Entity
Clause 3.1 - other (development_control),Entity
visibility,Entity
demand on-site,Entity
groups of buildings,Entity
Enmore-Newtown Heritage Conservation Area,Entity
New dwellings close to high noise sources,Entity
scenic protection area,Entity
the map of the three Parking Areas,Entity
disturbance,Entity
the Holmwood Estate H eritage Conservation Area,Entity
northern boundary,Entity
Marrickville Local Environmental Plan 2011,Entity
social impact assessment,Entity
LEPs or local environmental plan or deemed environmental planning instrument,Entity
Burrows Road South,Entity
parking policy,Entity
Petersham South,Entity
Flood control lot,Entity
Sydney Airport,Entity
local heritage item,Entity
archaeological sites,Entity
Section 2.16.2,Entity
Precinct-specific planning controls,Entity
residential standards,Entity
design of higher density development,Entity
host building,Entity
area of outstanding biodiversity value,Entity
precinct-specific areas,Entity
streetscape s and/or public domain elements,Entity
adjoining heritage buildings,Entity
Users,Entity
"streetscape appearance, commercial viability and vitality and pedestrian safety and amenity",Entity
Building heights,Entity
Ann Street,Entity
The Burra Charter,Entity
future character,Entity
most constrained car parking rates,Entity
new fences,Entity
site and context analysis,Entity
remnant vegetation,Entity
Endangered Ecological Communities,Entity
on-street parking,Entity
Zone B5 Business Development,Entity
NSW coastal zone,Entity
relevant aquaculture industry development plan,Entity
Policies,Entity
lot boundaries,Entity
silhouette form,Entity
private parking area,Entity
private developments,Entity
medium to high-density residential character,Entity
qualities of the area,Entity
environmental features,Entity
residential flat buildings,Entity
Hordern Place,Entity
suburb,Entity
Secondary Dwellings,Entity
Habitable rooms,Entity
employment generating land uses,Entity
council's controls,Entity
Areas,Entity
Urban Design,Entity
cultural,Entity
collections of dwelling houses,Entity
Southern Boundary,Entity
9 35,Entity
Integrated Development,Entity
industrial land uses,Entity
residential lots,Entity
medium density,Entity
land_use_zoning,Entity
Clause 5.1.6,Entity
aluminium panel fencing,Entity
vehicular access,Entity
light industrial uses,Entity
South Dulwich Hill,Entity
Clause 7.3,Entity
sunlight,Entity
medium density and residential flat building development,Entity
emissions,Entity
Hordern Avenue Heritage Conservation Area,Entity
impacts to biodiversity,Entity
Site-specific planning controls,Entity
overall masterplan structure,Entity
development involving a heritage item,Entity
wall,Entity
Norwood Estate,Entity
ponds,Entity
appliances,Entity
high quality urban/public domain,Entity
Fletcher Street,Entity
New Buildings,Entity
Heritage values,Entity
Infill Development,Entity
medium to high density residential area,Entity
rail corridor,Entity
RE2 - Private Recreation,Entity
identified heritage values,Entity
heritage and conservation in NSW,Entity
residential building,Entity
surrounding low scale areas,Entity
development drainage systems,Entity
existing site,Entity
surrounding residential areas,Entity
Tempe Lands Precinct,Entity
Noise sources,Entity
streetscape quality,Entity
NSW Government,Entity
folder,Entity
Industrial,Entity
distinctly,Entity
Clause G4.4,Entity
environmental considerations,Entity
Jocelyn Avenue,Entity
Clause 9.35.4,Entity
R1 - General Residential,Entity
Clause G13.1 - other,Entity
Clause Section 2 - height_limit (development_control),Entity
Conservation,Entity
marine park under the Marine Estate Management Act 2014,Entity
outlets,Entity
different controls,Entity
Information,Entity
Planners,Entity
"streetscape, neighbourhood and land",Entity
high-rise buildings,Entity
Commercial Precinct 36,Entity
underawning signs,Entity
"values of the Petersham South ( Norwood Estate ) Heritage Conservation Area, N orwood Park Es tate Heritage Conservation Area and the Llewellyn Estate Heritage Conservation Area.",Entity
Visitors,Entity
Zone B7 Business Park,Entity
a type of development,Entity
coastal wetlands,Entity
State significance,Entity
Heritage Conservation Areas,Entity
urban environment,Entity
Clause O2,Entity
natural waterbodies,Entity
fencing,Entity
docs/sepps/NSW Legislation.pdf,Entity
other culture facilities,Entity
habitat,Entity
efficient parking and access,Entity
a five storey Federation building,Entity
CMP,Entity
scale and function of existing residential buildings on Crown Street,Entity
residential flat complex,Entity
local civic precinct,Entity
roof,Entity
SP2 Infrastructure (Classified Road),Entity
consent,Entity
Threatened Species,Entity
Zone E5,Entity
significant trees or other vegetation,Entity
Complying Development,Entity
Area,Entity
Open space,Entity
Stat e roads,Entity
building to the street,Entity
Building Typologies,Entity
Private and public spaces,Entity
retaining walls,Entity
"alterations, enlargement or extension",Entity
two storey industrial warehouse development,Entity
Places of public worship,Entity
shop top housing developments,Entity
maximum,Entity
landscape d areas,Entity
unique environmental qualities,Entity
Contributory Buildings,Entity
Inner West Local Environmental Plan 2022,Entity
public access,Entity
"employment uses associated with health, education, creative and technology sectors",Entity
formal crime risk assessment process,Entity
subject site,Entity
project,Entity
lands,Entity
principal entrances of commercial buildings,Entity
HCA,Entity
Section,Entity
IN2 - Light Industrial,Entity
access,Entity
splayed corner(s),Entity
development control plan,Entity
aquatic reserve,Entity
Clause 4.1.6.1 - height_limit,Entity
masterplan vision,Entity
adjoining public open space,Entity
fences (style and height),Entity
provision of car and bicycle parking,Entity
link,Entity
Loss of privacy,Entity
four core CPTED principles,Entity
cultural value,Entity
principles of the masterplan vision,Entity
alterations,Entity
studio,Entity
compatible,Entity
residents and community,Entity
Street,Entity
Unwins Bridge Road,Entity
June 21 at hourly intervals between 9.00am and 3.00pm from Clause C1,Entity
Clause 9.15.1,Entity
maximum building height,Entity
Hurlstone Park,Entity
Clause 5.1.1,Entity
energy,Entity
RE2 – Private Recreation Zone,Entity
Commercial Streetscape,Entity
Clause 2.5,Entity
Environmental Planning Instrument,Entity
fabric of a Heritage Item,Entity
Commercial Building,Entity
Retaining walls,Entity
economic development,Entity
the provisions of this DCP,Entity
tank-based aquaculture,Entity
the original development of the suburb,Entity
Clause Section 2 - setback (development_control),Entity
off -street car parking,Entity
Bridge Road,Entity
Barbecue areas,Entity
Zone B4 Mixed Use,Entity
John,Entity
Public Domain,Entity
principal development standards,Entity
The Abergeldie Estate Heritage Conservation Area,Entity
residential period buildings,Entity
Threatened Species Conservation Act 1995,Entity
natural foreshore processes,Entity
façade proportions,Entity
Building envelopes,Entity
residential development,Entity
premises,Entity
existing within the precinct,Entity
BCA,Entity
Industry,Entity
primary production,Entity
Norwood Park Estate,Entity
high density redevelopment,Entity
Communal Areas,Entity
parcel,Entity
Clause 8.1.5,Entity
"sandstone cliffs, outcrops and overhangs",Entity
The entire precinct,Entity
planning details,Entity
street definition,Entity
minor service retail,Entity
medium density development,Entity
occupants,Entity
Pedestrians,Entity
detailing,Entity
residential streetscape,Entity
high quality public domain,Entity
new building,Entity
Amenity,Entity
Figure 3,Entity
"streetscape appearance, commercial viability and vitality",Entity
bushland reserves,Entity
maximum floor space ratio,Entity
new development operation,Entity
"habitat elements (including their condition, structure, function, connectivity and disturbance)",Entity
Surveillance,Entity
Premises,Entity
Property,Entity
extent of work,Entity
Rainwater tanks,Entity
Low to medium density residential character,Entity
'Pre-DA' advisory panel meetings,Entity
environmental performance,Entity
Civic Precinct Heritage Conservation Area,Entity
local ecology,Entity
Shop Top Housing,Entity
retail strips,Entity
docs/dcps/INNERWEST/Marrickville,Entity
Zone R5 Large Lot Residential,Entity
landscape features,Entity
existing dwelling,Entity
Acoustic and Visual Privacy,Entity
Developers,Entity
Project Manager,Entity
parking provision rates,Entity
Section 2.9.5,Entity
22nd,Entity
facades,Entity
Semi-Detached Dwellings,Entity
docs/dcps/INNERWEST/leichhardt/Flood Control Lot Map - Southern view.pdf,Entity
species of fish,Entity
significant streetscape,Entity
R4 - High Density Residential,Entity
proportion,Entity
road safety principles,Entity
existing affordable rental housing,Entity
areas within the precinct,Entity
Section 2.5.10,Entity
Petersham,Entity
off street car parking,Entity
Sandstone kerbing,Entity
green roofs,Entity
common setbacks,Entity
development proposals,Entity
Inner West Ashfield DCP 2016,Entity
roof form,Entity
landowners,Entity
Federation style dwelling houses,Entity
development category,Entity
natural environment,Entity
Jarvie Ave nue Heritage Conservation Area,Entity
APPENDIX F Late Night Trading Maps,Entity
sandstone kerbing,Entity
Present Generation,Entity
Health Sector,Entity
proposed subdivision,Entity
Heritage Item in Schedule 5,Entity
67 and 73 – 83 Mary Street,Entity
development or land use change,Entity
retail and commercial uses,Entity
core controls,Entity
Development Control Plan (DCP),Entity
the precinct,Entity
surface flow path treatment,Entity
Exempt Development,Entity
large scale developments,Entity
applicants,Entity
people with a disability,Entity
assessment,Entity
Low income households,Entity
HCA 10: Camperdown Park Heritage Conservation Area,Entity
potential impacts to biodiversity,Entity
this DCP,Entity
land bounded by Arthur Street and the rail corridor,Entity
brick factory,Entity
views and vistas to open space areas,Entity
decision-making,Entity
B4 Mixed Use zone,Entity
Swimming pools,Entity
Lewisham Estate,Entity
existing employment generating land uses,Entity
heritage features in the public domain,Entity
recreation purposes,Entity
good urban design,Entity
Private open spaces,Entity
scenic qualities,Entity
Recreational facilities such as swimming pools and barbecue areas,Entity
development on the site to the extent of the inconsistency,Entity
Clause 2.7.1,Entity
NSW Legislation.pdf,Entity
agriculture,Entity
items of heritage significance,Entity
existing trees,Entity
Boarding houses in R3 – Medium Density Residential,Entity
quarrying history,Entity
pavilion,Entity
another environmental planning instrument,Entity
Residential flat buildings,Entity
Zone IN3 Heavy Industrial,Entity
Clause 2.2,Entity
Attached Dwellings,Entity
"landscaping, fencing, open space, sandstone kerbing and guttering, views and vistas and prevailing subdivision patterns",Entity
Leichhardt Development Control Plan 2013,Entity
Higher density development,Entity
requirements,Entity
acute corner and northern gateway to the precinct,Entity
Clause 8.1.7,Entity
BASIX SEPP,Entity
Cultural significance,Entity
urban stormwater,Entity
off-street car parking provision does not impact precinct amenity,Entity
state road,Entity
least constrained car parking rates,Entity
building form,Entity
unit,Entity
oblique views,Entity
Multi Dwelling Housing,Entity
"zones RU1, RU2 or RU3",Entity
the remaining provisions of this DCP,Entity
"Moncur, Church, Greenbank, Warburton and Fletcher Streets",Entity
Enmore Road,Entity
People with a disability,Entity
Residential,Entity
allotments,Entity
heritage protection,Entity
tactile indicators,Entity
economic factors,Entity
landscapes,Entity
rainwater infiltration,Entity
INNERWEST,Entity
Collins Street Heritage Conservation Area,Entity
Clause O4 - setback,Entity
energy efficiency requirements,Entity
Site and Context,Entity
this DCP applies,Entity
future development,Entity
biodiversity values,Entity
bicycle parking,Entity
The Inner West Local Government Area,Entity
predominantly low density residential character,Entity
prevailing streetscape height and taller building,Entity
Alexandra Canal,Entity
vacant Crown land,Entity
Parking Area 3,Entity
streaksapes and/or public domain elements,Entity
IN2 Light Industrial zone,Entity
Proposed Development,Entity
residential character,Entity
Lewisham as a village-type locality,Entity
State Environmental Planning Policies (SEPPs),Entity
External Lighting,Entity
front portion,Entity
culture ponds,Entity
fauna,Entity
minimum of 14,Entity
Proposed Developments,Entity
light industrial purposes,Entity
be compatible,Entity
Clause 7.3.1,Entity
hoods,Entity
Leichhardt DCP 2013 Part C Section 5,Entity
State Environmental Planning Policies (SEPP's),Entity
State Environmental Planning Policy (Exempt and Complying Development Codes) 2008,Entity
carshare,Entity
"R1 - General Residential, R3 - Medium Density Residential and R4 - High Density Residential zones",Entity
significant streetscape and public domain elements,Entity
Height_limit,Entity
Parking Area 1,Entity
native vegetation (including Endangered Ecological Communities),Entity
industrial activities,Entity
190 Parramatta Road,Entity
water resources,Entity
groups or runs of building,Entity
solar hot water systems,Entity
effectiveness of advertising,Entity
New development,Entity
Signage,Entity
"Zones W1, W2, W3 or W4",Entity
shadow diagrams,Entity
Clause 2.8.5,Entity
Precinct,Entity
oyster aquaculture,Entity
LEICHHARDT,Entity
adult businesses,Entity
existing streets,Entity
drainage systems,Entity
Vehicles,Entity
Open Space,Entity
Purpose and Performance Criteria,Entity
Vegetation,Entity
deep soil planting and increased canopy cover,Entity
building work,Entity
Flood Control Lot Map - Northern view.pdf,Entity
Applicable Zone,Entity
existing buildings,Entity
streetscapes that exist within the precinct,Entity
existing industrial zoned land,Entity
Amenity of the precinct,Entity
Street Frontage,Entity
outlook,Entity
deemed environmental planning instrument,Entity
between 9.00am and 3.00pm on June 21,Entity
existin g buildings,Entity
non-rural areas,Entity
this Chapter,Entity
Clause 5.1.2,Entity
architectural features,Entity
relevant provisions,Entity
Federation era,Entity
Clause 8.1.2,Entity
Low density residential character,Entity
Engineers,Entity
amenity for neighbours,Entity
sustainable agriculture,Entity
Flood Control,Entity
prevailing subdivision patterns,Entity
Inner West residents,Entity
MDCP,Entity
Articulation,Entity
pubs,Entity
substantial_development,Entity
identified heritage items,Entity
Australian Standard AS 2021 Acoustics,Entity
the identified Heritage Items,Entity
pedestrian safety,Entity
Environmental Planning & Assessment Act 1979,Entity
impacts on waterways and native vegetation,Entity
vehicle access and egress,Entity
downstream landowners,Entity
Buildings not covered by BASIX,Entity
Apartment Design Guide,Entity
Clause 6.2.3,Entity
construction,Entity
desired scale of the buildings on the street,Entity
strectsapes,Entity
title,Entity
vehicle,Entity
courtyard,Entity
unique environmental features,Entity
property,Entity
41 Roberts Street,Entity
the proposal,Entity
additions,Entity
controls,Entity
Floodplain,Entity
suitable amenity for occupants of those developments,Entity
child care centre,Entity
amenity,Entity
timber cottages,Entity
Values,Entity
R2 – Low Density Residential Zone,Entity
suitable amenity,Entity
Sandstone kerbing and guttering,Entity
Clause G5.10,Entity
Site,Entity
building height limit,Entity
existing conflicts,Entity
Residential flat complex,Entity
steep slopes,Entity
gradients,Entity
public environment,Entity
applicant,Entity
Figure 26.1,Entity
this Development Control Plan,Entity
prevailing streetscape height,Entity
public domain,Entity
"new, modern industrial developments",Entity
Parking Rates,Entity
development_application,Entity
orderly development,Entity
bedroom areas,Entity
site,Entity
private cars,Entity
transport,Entity
Historians,Entity
Zone B8 Metropolitan Centre,Entity
parking space,Entity
Lewisham industrial area,Entity
habitat elements,Entity
amenity of the precinct,Entity
controls in Figure 26.1,Entity
control diagram(s),Entity
environmental heritage,Entity
parking,Entity
Clause G6.23,Entity
Clause 9.35.5,Entity
Original form,Entity
Biodiversity,Entity
nocturnal fauna,Entity
New development on the site,Entity
Leichhardt DCP 2013 - 17 - Appendix E Water Guidelines,Entity
Marrickville Town Centre South,Entity
Development,Entity
new residential flat buildings,Entity
item or area,Entity
information about energy efficiency,Entity
aquaculture,Entity
contributory buildings,Entity
Front projections,Entity
Development Category,Entity
Building height,Entity
lift,Entity
McGill Street precinct,Entity
cultural significance,Entity
buildings,Entity
State Environmental Planning Policy (Transport and Infrastructure) 2021,Entity
parking spaces,Entity
new housing development,Entity
Urban Framework Plans,Entity
Integrated development,Entity
Clause G2.3,Entity
Streetscape Appearance,Entity
fences,Entity
Parking provision rates,Entity
This precinct,Entity
Building Bulk,Entity
Parking Area 2,Entity
Laneways,Entity
fences over 1.2 meters high,Entity
provision and location of off -street car parking,Entity
heritage items,Entity
streetscape,Entity
Rear Upper Levels,Entity
framework plans,Entity
side driveway,Entity
Map 1,Entity
Eastern Channel 1 North and East sub catchments,Entity
Ann Street and Arthur Street area,Entity
Coastal Management Act 2016,Entity
eaves height,Entity
amendment,Entity
Norwood Park Estate Heritage Conservation Area,Entity
garages,Entity
water conservation and stormwater quality targets,Entity
Foreshore Area,Entity
"laneways, alleyways, parks and open spaces",Entity
proposed buildings,Entity
LE9962_1,Entity
housing,Entity
new development in the foreshore area,Entity
urban housing impact,Entity
redevelopment,Entity
Open Spaces,Entity
the identified period buildings,Entity
Boarding houses in R1 – General Residential,Entity
Clause 9.33.2 - heritage,Entity
"Zones C1, C2 or C3",Entity
Sewer Ventilation Stack,Entity
heriage conservation area,Entity
Barwon Park Road,Entity
Ferncourt Public School,Entity
Petersham Inn Hotel,Entity
HCA 30,Entity
streetscape characteristics,Entity
rear wing,Entity
the amenity of the precinct,Entity
values of the Civic Precinct H eritage C onservation A rea,Entity
Residential building,Entity
"their condition, structure, function, connectivity and disturbance",Entity
Wildlife Corridor,Entity
land use zones and development standards and controls,Entity
Planning,Entity
May Street and Campbell Street,Entity
"Decks, balconies and verandas alongside boundaries and noisy walking surfaces or elevated side passages",Entity
Specific developments,Entity
aquatic reserve under the Marine Estate Management Act 2014,Entity
"groups or runs of buildings which retain their original built form including roof forms, original detailing and finishes",Entity
part of the Enmore House Estate Heritage Conservation Area,Entity
building alignment,Entity
architectural design,Entity
small lot sizes and era of housing,Entity
roof top parking,Entity
development in foreshore area,Entity
higher building forms,Entity
structures,Entity
Table 1,Entity
Clause 6.1.2.5,Entity
Building setbacks,Entity
environmental vehicles,Entity
floors,Entity
"original shape, height, proportion and scale or architectural character of the existing building",Entity
parts,Entity
existing streetscapes,Entity
features,Entity
building height,Entity
Original sign panels,Entity
Minimum access requirements,Entity
the amenity,Entity
microclimates,Entity
kerbs and guttering,Entity
four storeys in appearance,Entity
people's way of life,Entity
groups,Entity
Conservation Area,Entity
Maps in Appendix E,Entity
Threatened Species and Endangered Populations,Entity
rear wing addition,Entity
contributory and period buildings,Entity
Gravity Pipe System,Entity
the user,Entity
Zone RU5 Village,Entity
Eaves height,Entity
particular land,Entity
Clause 9.33.2 - other (development_control),Entity
internal alterations,Entity
architectural character,Entity
achieving desired future character,Entity
Building modifications,Entity
specific developments,Entity
Clause 2.4,Entity
south western section of the precinct,Entity
June 21,Entity
connectivity,Entity
dwelling proposal,Entity
other buildings,Entity
Petersham South (Norwood Estate) Heritage Conservation Area,Entity
overshadowing,Entity
districts,Entity
Princes Highway and Barwon Park Road,Entity
"high, blank or solid fences",Entity
period buildings,Entity
pedestrians,Entity
tanks,Entity
Heritage,Entity
Provisions,Entity
Development Application Lodgement Process,Entity
floor space ratio and site coverage,Entity
Ashfield,Entity
amalgamation application,Entity
provision,Entity
Planning Secretary,Entity
map,Entity
rear lane or via a side driveway,Entity
principles,Entity
Heritage Item,Entity
driveways or garages,Entity
Zone E1 Local Centre,Entity
alteration,Entity
Endangered Ecological C ommunities,Entity
Clause 9.33.2 - parking (development_control),Entity
period buildings within the precinct,Entity
Clause 8.1.7.2,Entity
Aboriginal places of heritage significance,Entity
use of public transport,Entity
stormwater quality targets,Entity
the street fronting portion of the existing building,Entity
environmental sustainability,Entity
industrial uses,Entity
Items of Heritage Significance,Entity
existing fences,Entity
Enmore - Newtown Heritage Conservation Area,Entity
single storey,Entity
potential adverse environmental impact,Entity
garden settings,Entity
physical environment,Entity
environmental_protection,Entity
public domain quality,Entity
Privacy,Entity
open space,Entity
Table,Entity
B5 - Business Development,Entity
use of buildings,Entity
adequate parking on site,Entity
architectural style,Entity
low density residential areas,Entity
Map 1 in Chapter A of this DCP,Entity
Petersham South (Norwood Estate),Entity
a building,Entity
the LGA,Entity
neighbourhood,Entity
land shaded in Figure 23.1a,Entity
advertising signs,Entity
Period Buildings,Entity
Construction Certificate stage,Entity
Kingston South Heritage Conservation Area,Entity
Wells Ave nue Heritage Conservation Area,Entity
commercial fronts,Entity
Exempt and Complying Development,Entity
frequent storms,Entity
Aircraft noise intrusion,Entity
development applications,Entity
walking,Entity
the objectives of the applicable zone,Entity
B1 - Neighbourhood Centre Zone,Entity
guttering,Entity
City Council,Entity
trees and other vegetation in non-rural areas of the State,Entity
R2 - Low Density Residential zone,Entity
Substantial rock faced stone walling,Entity
50-52 Edith Street,Entity
Chapter A of this DCP,Entity
Zone IN4 Working Waterfront,Entity
the character of the local area,Entity
guard-rails,Entity
Precinct 47 – Victoria Road,Entity
southern boundary,Entity
low density residential,Entity
Eastern corner with Cardigan Street,Entity
roof forms,Entity
EnmoreNewtown Heritage Conservation Area,Entity
substantial development,Entity
design,Entity
building energy and water metering system,Entity
ANEF affected area,Entity
performance outcomes,Entity
Solar access requirements,Entity
boarding houses,Entity
Aboriginal heritage significance,Entity
Commercial,Entity
1:100 ARI flood event,Entity
original façade openings,Entity
Marrickville DCP 2004,Entity
Boarding houses in R2 – Low Density Residential zone,Entity
Leichhardt DCP 2013 - 6 - Part C Place Section 2 - Reduced Size.pdf,Entity
consent authority,Entity
habit elements,Entity
Building facade,Entity
Access,Entity
public transport,Entity
figure,Entity
resident numbers,Entity
Part 8,Entity
a small setback or no setback,Entity
higher density development,Entity
Council supports,Entity
Edith Street,Entity
Lot Map,Entity
sandstone cutting,Entity
single storey buildings,Entity
area's quarrying history,Entity
Remnant sandstone elements,Entity
corporate logos,Entity
Parramatta Road,Entity
residential amenity of adjoining and surrounding properties,Entity
landscape,Entity
Underawning signs,Entity
all buildings,Entity
Clause 8.1.8,Entity
BALMAIN,Entity
RMS Guide,Entity
original detailing,Entity
adjoining sites,Entity
carriageway,Entity
recycling facility,Entity
DCP 2011 - 4 0 Cover.pdf,Entity
Las Vegas,Entity
private domain,Entity
streescape character,Entity
minimum of 6,Entity
mechanical cooling,Entity
views,Entity
foreshore area,Entity
Landlords,Entity
insufficient off-street parking,Entity
amendments from IWLEP 2022,Entity
an eco-tourist facility means a building or place that— (a) provides temporary or short-term accommodation to visitors on a commercial basis,Event
In areas of the precinct where off street parking is provided it is most frequently a side drive to a hardstand/carport behind the building line.,Event
ensure optimal power output,Event
Ensure buildings along Edith Street respect their interface with low density residential development,Event
Building heights are mostly 2 to 3 storeys according to Clause PART 9 - height_limit,Event
This is a State Heritage Item.,Event
The document is in PDF format.,Event
The population has been growing rapidly over the years.,Event
Applicants must refer to the National Quality Framework before submitting a development application.,Event
Two vehicle access ramps accessed off Smidmore and Murray Street provide car access to the roof top parking.,Event
Setbacks from the street frontage greater than zero are only generally acceptable where that setback...,Event
"to reduce land use conflict and sterilisation of rural land by balancing primary production, residential development and the protection of native vegetation, biodiversity and water resources",Event
Planning documents were stored in a folder.,Event
Certain proposed developments may be classified as either under ‘designated development’ or an ‘integrated development’ under the EP&A Act or the EP&A Regulation in which case more EIS and public participation procedures apply.,Event
To facilitate urban renewal in appropriate locations.,Event
"there are also some examples of new, modern industrial developments containing a number of tenancies utilising the same access point and providing on-site parking and loading facilities",Event
The precinct contains two Heritage Conservation Areas being the Audley Street South (Bayswater Estate) Heritage Conservation Area and the majority of the Norwood Park Estate Heritage Conservation Area.,Event
"The Stormwater Drainage Concept Plan includes existing and proposed ground and floor levels, surface flow path treatment, easements required, on-site detention storages, and details of internal piped systems.",Event
"It must be consulted in conjunction with other relevant sections of the DCP that provide applicable controls and objectives like parking, landscaping, fencing or solar access.",Event
The planning document is located in docs/dcps/INNERWEST/Marrickville/,Event
assessing a development application.,Event
The Planning Document is titled as Inner West Local Environmental Plan 2022.,Event
The document name is Marrickville DCP 2011 - Cover.pdf,Event
To protect the identified heritage values of the Dulwich Hill Commercial Precinct Heritage Conservation Area.,Event
The entire precinct is affected by flooding.,Event
Clause 9.25.2 - heritage (heritage): To protect the identified values of the Goodsell Estate Heritage Conservation Area .,Event
Shift the focus of water management from the traditional flood control approach to a sustainable stormwater management approach.,Event
The Planning Document: Marrickville DCP 2011 is available for viewing.,Event
The Planning Document is named.,Event
Clause 2.4 - height_limit (development_control) is described,Event
To minimise or negate disruption and/or danger to both pedestrian and vehicular traffic that may be caused by otherwise uncontrolled surface stormwater flows resulting from frequent storm events.,Event
"To facilitate urban renewal in appropriate locations (predominantly on masterplan sites), allowing substantial change to the streetscape character while resulting in a high quality public domain.",Event
To maintain the heritage significance of Haberfield and remove detrimental works where possible,Event
the clearing of native vegetation within the meaning of Part 5A of the Local Land Services Act 2013 may be carried out with development consent,Event
To preserve the predominantly low to medium density residential character of the precinct.,Event
The original document was created in 2016.,Event
"MLEP 2011 specifically regulates where sex services premises (IN1 General Industrial zone, IN2 Light Industrial zone and B6 Enterprise Corridor zone) and restricted premises (B4 Mixed Use zone and B5 Business Development zone) may be located.",Event
"To protect, preserve and enhance contributory and period buildings within the precinct and require their sympathetic alteration or restoration.",Event
a five storey Federation building on the eastern corner with Cardigan Street which has recently being redeveloped and Bridge Road School,Event
The planning document is titled Inner West Ashfield DCP 2016.,Event
Buildings across the precinct are limited due to the applicable ANEF contours.,Event
Clause 2.2 - public_domain (development_control) is described,Event
The premises should remain residential in external appearance and finishes and be consistent with the nearby residential streetscape and landscape,Event
To ensure that development in the foreshore area will not impact on natural foreshore processes or affect the significance and amenity of the area,Event
This Development Control Plan (DCP) is consistent with the Australia International Council on Monuments and Sites (ICOMOS) Charter for Conservation of Places of Cultural Significance (The Burra Charter) 2013.,Event
Private parking provision in the precinct is generally good and most sites have off-street parking provided either at grade or at basement level and accessed from Bridge Road.,Event
See relevant zone objectives and setback maps,Event
Enhance the character and heritage significance of heritage items,Event
Do no locate a child care centre on a state road,Event
Zone E1 Local Centre is defined,Event
When assessing a development application Council must take into account the following matters as relevant to the application:,Event
it deals with Public Domain,Event
The DCP establishes a framework to guide development in Precinct 31.,Event
To ensure that potential flooding issues are addressed as part of any new development.,Event
This DCP applies to the Inner West Local Government Area for the extent of land shown on Map 1.,Event
"Must not be carried out on the following land, except for the purposes of minimal infrastructure to support the extraction of water from, and discharge of water to, the land concerned",Event
"Development applications for boarding houses in R1 – General Residential, R3 – Medium Density Residential and R4 – High Density Residential zones will be assessed",Event
Clause 4.3.3 - other (development_control): Open space requirements for boarding houses are detailed in Section 2.18.11.4.,Event
"Development applications for boarding houses in B1 - Neighbourhood Centre Zone, B2 - Local Centre Zone and B4 - Mixed Use zones will be assessed",Event
IWLEP 2022 amendments were finalized on that date.,Event
To protect the identified values of the King Street and Enmore Road Heritage Conservation Area .,Event
Flood control lots are identified on the maps in Appendix E of this Development Control Plan (DCP).,Event
Ensure Building A and Building B are setback adequately to respect their interface with 48 Edith Street and 41 Roberts Street.,Event
BALMAIN was documented as a late night trading zone.,Event
"Corner properties must have splayed corner(s) for road widening purposes and to improve sight lines at intersections for vehicles, pedestrians and cyclists",Event
Off street parking is generally provided on both sides of streets within the precinct,Event
Clause 9.35.3 - heritage (heritage): Heritage Conservation Areas (HCAs),Event
"To protect groups or runs of buildings which retain their original built form including roof forms, original detailing and finishes.",Event
"Original building materials such as brick, sandstone, timber and slate should be retained and repaired where possible",Event
"Properties south of Marrickville Road, with frontages onto Meeks Road are zoned for office and light industrial uses,",Event
The purpose of this DCP is to supplement the provisions of Inner West LEP 2022 and provide more detailed provisions to guide development.,Event
Clause G6.11 is about BUILDING BULK,Event
All buildings not covered by the State Environmental Planning Policy - BASIX: i. that are installing any water use fittings must meet minimum standards defined by the Water Efficiency Labelling and Standards (WELS) Scheme.,Event
"To ensure that development provides for a public footway along its entire street frontage that is well designed, accessible to all, safe, comfortable, attractive and functional.",Event
The consent authority must take into consideration any response received from the Heritage Council within 28 days after the notice is sent.,Event
The Planning Document is titled Leichhardt DCP 2013 - Contents Page Amdt No 19 - November 2023.pdf.,Event
The entire precinct is reserved SP2 Infrastructure (Classified Road),Event
"Clause G2.3 is about ACCESS, TRAFFIC MANAGEMENT AND PARKING",Event
"Amenity means the enjoyment of the environment whether by the community or an individual arising from the day to day use of property including dwellings or publicly accessible land, community facilities or open space.",Event
take into consideration any response received within 28 days after the notice is sent,Event
These changes were made in conjunction with the IWLEP 2022 amendments.,Event
The precinct contains one heritage item being the former factory at 2-6 Bridge Road.,Event
Any new development must preserve and protect any existing trees on site.,Event
Heritage conservation is addressed.,Event
"Clause 7.3.1 - other (development_control) aims to ensure adult businesses, restricted premises, sex on premises venues and sex services premises are located, designed and operated in a manner that protects the amenity of the locality.",Event
An exception to maximum floor space ratio is made for active street frontages as per Clause 4.4A,Event
The redevelopment of the land shaded in Figure (23.1a) must wherever possible conform to the amalgamation pattern in the control diagram in Figure (23.1b).,Event
Development within the scenic protection area must be designed and located to minimise potential adverse environmental impact.,Event
To ensure that the redevelopment of the Marrickville Metro shopping centre addresses existing conflicts between the operation of the centre and the amenity of surrounding residential areas.,Event
"To ensure that development: reinforces the desired future character and distinct sense of place of the streetscape, neighbourhood and land where this DCP applies,",Event
"To ensure individual dwelling entries in multi dwelling housing, and the main building entry in other forms of residential buildings, are clearly visible from the street frontage or other vantage point offering natural surveillance to enhance the safety and security of building users.",Event
Planning Document has been created,Event
The consent authority must notify the local Aboriginal communities about the application.,Event
To protect existing industrial lands required to service Sydney Airport and Port Botany.,Event
"result in negative impacts on amenity, building fabric or heritage values of the building and its setting including streetscape",Event
To ensure signage does not dominate or detract from the architectural features of the building and from the white-way lighting found along some retail strips.,Event
Energy efficiency requirements for boarding houses are detailed,Event
The Planning Document is titled 'Foreshore Flood Control Lot Map - Central view'.,Event
The substantial rock faced stone walling located in many streets within the precinct are heritage listed and provide a direct link to the area’s quarrying history.,Event
"To minimise amenity impacts upon adjoining land uses, particularly residential and other sensitive land uses.",Event
Clause 4.2.10 - heritage (development_control): 4.2.10 Period residential flat buildings...... .. 13,Event
The Leichhardt Council adopted the plan in 2011.,Event
To maintain distinctly single storey streetscapes within the precinct,Event
Clause 4.3.3 - parking (development_control): Minimum access requirements for boarding houses are provided in Section 2.5.10.,Event
To ensure that the design of higher density development demonstrates good urban design and environmental sustainability and provides suitable amenity for occupants of those developments.,Event
Words and expressions used in this Chapter have (subject to this section) the same meaning as they have in the standard local environmental planning instrument prescribed by the Standard Instrument (Local Environmental Plans) Order 2006.,Event
"Another directory is created inside it, called 'leichhardt/'",Event
"Additions to an existing building are generally: a. located to the rear or the side of the existing building when viewed from the principal street frontage, and b. subservient to the form of the existing building, and c. maintain the form, fenestration, roof forms and chimneys of the existing building when viewed from the principal street frontage, and d. of a design which is compatible with but does not compete with the architectural character of the existing building or the Building Typologies, and e. of a scale, proportion (including proportion of doors and openings) and material which is compatible with the existing building.",Event
"that is, flood prone land.",Event
Land use zones are defined in Clause 2.1,Event
To preserve the predominantly low density residen tial character of the pre cinct,Event
"Council supports urban design that accommodates active travel options such as walking, cycling and public transport between homes, workplaces, centres and attractions.",Event
Development adjoining public open space must be set back from open space,Event
Retain existing views and vistas to open space areas adjacent to the Cooks River and maintain public access to those areas.,Event
Map 1 is located in Chapter A of this DCP.,Event
Clause 2.3 - zoning (land_use_zoning): Zone objectives and Land Use Table is outlined.,Event
Must not be carried out on land declared an area of outstanding biodiversity value under the Biodiversity Conservation Act 2016.,Event
"Heritage planning aims to ensure that the significant buildings, sites and elements of the past are appropriately managed and respected when planning for new development",Event
Site and Context Analysis was conducted,Event
This DCP applies to the whole of the Inner West Local Government Area for the extent of land shown on Figure 1 : Extent of land where this DCP applies.,Event
public comment on the document has been invited.,Event
the relevant controls in Section 5 of this DCP relating to commercial and mixed use development and the relevant objectives and controls in Section 7.1.,Event
Car parking requirements for boarding houses are detailed in Table 1 in Section 2.10 Parking,Event
Marrickville DCP 2011 - 2 16 Energy Efficiency.pdf is a document related to energy efficiency.,Event
The document included an acoustic and visual privacy plan.,Event
The McGill Street precinct is located in the Lewisham industrial area.,Event
"Clause 4.2.1 - environmental_protection (environmental_protection): To ensure new development considers the principles of ecologically sustainable development, in particular energy, water and stormwater efficiency, solar access, natural ventilation, waste reduction and local biodiversity.",Event
"Clause 7.3.1 - other (development_control) aims to ensure sufficient separation between adult businesses, restricted premises, sex on premises venues and sex services premises.",Event
The document's contents have been updated in November 2023.,Event
To ensure that any new development does not negatively impact on the operation of the Princes Highway,Event
Clause 2.1 - zoning (land_use_zoning): Land use zones is described.,Event
"Safety measures, including contrasting colours for points of danger, slip resistant travel surfaces and appropriate positioning of street furniture, public art installations, signage or any other obstacles, including those in the public domain,",Event
Clause G5.1 is about HERITAGE,Event
"The precinct does contain a number of listed heritage items, one of State Significance.",Event
Parramatta Road (Commercial Precinct 35),Event
Zone B6 Enterprise Corridor is defined,Event
Refer to Part 8 (Heritage) of this DCP for detailed c ontrols and guidelines.,Event
Signs at a lower level than 2600mm above the footpath are regulated.,Event
the relevant controls in Section 6 of this DCP relating to industrial development and the relevant objectives and controls in Section 7.1.,Event
there is a specific clause related to environmental protection (Clause C1),Event
Shadow diagrams must show the effect in plan and elevation view of existing and proposed overshadowing for June 21 at hourly intervals between 9.00am and 3.00pm.,Event
Off street parking is generally provided on both sides of streets within the precinct.,Event
To ensure that the provision and location of off-street car parking does not adversely impact the amenity of the precinct.,Event
PV panels and solar hot water systems must receive a minimum four hours of direct sunlight between 9.00am and 3.00pm during midwinter.,Event
The controls in Section 4.2 relate to multi dwelling housing and residential flat buildings and objectives in Section 4.3.,Event
To preserve the predominantly medium density residential character of the precinct.,Event
"As it is redeveloped, the precinct will fit appropriately into the heart of Lewisham as a village-type locality.",Event
Off street parking is typically a side driveway except where lots are too small and on-street parking prevails.,Event
"Development applications for boarding houses in the B1 - Neighbourhood Centre Zone, B2 - Local Centre Zone and B4 - Mixed Use zones will be assessed",Event
restrict the development potential of nearby and adjacent properties,Event
This precinct also contains a small part of the HCA 28 Dulwich Hill Commercial Precinct Heritage Conservation Area located on Marrickville Road.,Event
Car parking requirements for boarding houses are lower than for residential flat buildings to reflect an expected lower car ownership rate and to facilitate housing affordability.,Event
"This Chapter applies to development, other than development for the purposes of residential accommodation, that involves—",Event
Clause 8.1.7 - heritage (development_control) deals with Heritage Items,Event
Fences and walls should be compatible with the architectural style and materials of existing buildings in the HCA,Event
"The Draft Plan proposed changes to reduce building heights and increase setbacks along certain parts of streets in Leichhardt, Camperdown and Petersham.",Event
parking provision rates for boarding houses are lower than for residential flat buildings to reflect an expected lower car ownership rate and to facilitate housing affordability,Event
Council is required to consider the relevant provisions of this DCP when assessing a development application,Event
The precinct contains two Heritage Conservation Areas,Event
"Five storey buildings fronting the Princes Highway are to have the fifth level and roof (including any open pergolas) set back from the external wall of the floor below by a distance of 3 metres, measured from the building alignment facing the Princes Highway.",Event
LOWDENSITY RESIDENTIAL DEVELOPMENT,Event
It is also used in private properties predominantly as a fencing/retaining wall material.,Event
To protect significant streetscapes and/or public domain elements within the precinct,Event
The substantial rock faced stone walling located in many streets within the precinct are heritage listed and provide a direct link to the area's quarrying history.,Event
"To ensure that where new buildings can be constructed, they are carefully designed to fit in with the heritage significance and character of Haberfield as a whole",Event
Floods have been a recurring problem in the area.,Event
All buildings not covered by the State Environmental Planning Policy - BASIX must meet minimum standards defined by the Water Efficiency Labelling and Standards (WELS) Scheme,Event
To encourage restoration and sympathetic alterations and additions to residential period buildings in a manner that retains and enhances their architectural character and streetscape presentation.,Event
This Chapter aims to protect and enhance the land for employment purposes.,Event
It was published in NSW Legislation-101-150.pdf.,Event
"Council assesses each application according to: S4.15 of the Environmental Planning and Assessment Act 1979, the statutory provisions of Inner West LEP 2022 and any relevant SEPPs,",Event
"A detached pavilion with lightweight link, one or two storeys maintains the integrity of the simple, single storey building form and its roof profile when set back on the site.",Event
"Any court walls facing a communal area or public place or road (that must be constructed of a material similar in type and colour to that used for the development found on site),",Event
The planning document includes clause G2.3 about parking.,Event
The Draft Plan was exhibited for public comment from 25 November to 23 December 2010.,Event
To promote high density redevelopment on the land bounded by Arthur Street and the rail corridor.,Event
Increased transparency can lead to more informed decision-making processes.,Event
"The site on the southern side of Smidmore Street from the Marrickville Metro shopping centre is a large industrial lot, containing a two storey industrial warehouse development built to the boundary and associated car parking.",Event
The planning document is dated April 24.,Event
"Clause 4.4A - fsr_control (development_control) implements specific development standards, including those related to demolition.",Event
The precinct contains three Heritage Conservation Areas.,Event
"To retain, as a minimum, the front portion of contributory buildings where they are contributory to the heritage conservation area (HCA) and streetscapes.",Event
a concentration of those premises in any one locality should be avoided.,Event
To ensure that new development considers all potential i mpacts to biodiversity.,Event
it was published as a document titled NSW Legislation.pdf.,Event
"Residential development is not to have an adverse effect on: a. the amenity, setting or cultural significance of the place, including the portion of the existing building to be retained, and b. the relationship of any Heritage Item or Heritage Conservation Area to its place, setting and cultural significance.",Event
To ensure new development is compatible with the existing zoning and desired future character of the locality.,Event
the consent authority may require the submission of a heritage conservation management plan before granting consent under this clause,Event
It was prepared as part of the Marrickville Local Environmental Plan 2011.,Event
Clause 9.16.2 - heritage (heritage): To protect the identified Heritage Items within the precinct.,Event
To provide for current and future demand for bicycle parking and to ensure bicycle parking is well designed and located.,Event
"Period buildings within the precinct are to be protected and preserved, encouraging sympathetic alteration or restoration.",Event
This is followed by Clause 9.4.2 which deals with specific details of this section,Event
A document was created for Flood Control purposes.,Event
"New development should address the GreenWay Corridor, recognising the space as an active frontage with substantial visual and environmental benefits, as well as an active transport corridor, and provide opportunities for street activation and/or public art and animation.",Event
Building height .. . 3,Event
"To ensure that development: a. reinforces the desired future character and distinct sense of place of the streetscape, neighbourhood and land where this DCP applies, b. emphasises the street and public domain as a vibrant, safe and attractive place for activity and community interaction, c. complements the siting, scale and form of adjoining development, and d. creates a high level of residential amenity for the site and protects existing or enhances residential amenity of adjoining sites in terms of visual and acoustic privacy, air circulation, solar access, daylight, outlook and views.",Event
Clause 2.12 specifies Council’s objectives and requirements for the erection and display of advertising signs.,Event
The document can be found in the NSW Legislation PDF file.,Event
"Development applications for boarding houses in the R1 – General Residential, R3 – Medium Density Residential and R4 – High Density Residential zones will be assessed in accordance with the relevant controls.",Event
The document is titled Planning Document.,Event
"Commercial, Industrial, and Institutional uses are exempt from Clause 2.25.2",Event
being the Sydenham Pit and Drainage Pumping Station.,Event
Clause 4.2.2 - setback (development_control): Ensure new development maintains the same setback and enhances the streetscape character of the locality,Event
"This Chapter prevails over LEPs In the event of an inconsistency between this Chapter and a local environmental plan or deemed environmental planning instrument that applies to the land to which this Chapter applies,",Event
"To ensure sufficient separation between adult businesses, restricted premises, sex on premises venues and sex services premises",Event
On Site Detention is required for developments under Clause 2.25.2,Event
"curtilage, in relation to a heritage item or conservation area, means the area of land (including land covered by water) surrounding a heritage item, a heritage conservation area, or building, work or place within a heritage conservation area",Event
These developments are governed by specific codes and guidelines.,Event
The project deadline was extended by two weeks.,Event
"In larger developments, and in some smaller developments where appropriate, a key action for improved management of parking is prioritising targeted users of parking space - for efficiency, equity and environmental reasons.",Event
The premises should remain residential in external appearance and finishes and be consistent with the nearby residential streetscape and landscape.,Event
To protect the identified values of the King Street and Enmore Road Heritage Conservation Area.,Event
Clause 6.2.3 - environmental_protection (environmental_protection): Environmental protection.... . 12,Event
ensuring new housing development provides residents with a reasonable level of amenity,Event
"Development applications for child care centres in B1 - Neighbourhood Centre Zone, B2 - Local Centre Zone, B4 - Mixed Use Zone, B5 - Business Development Zone and B7 - Business Park Zone will be assessed in accordance with Section 5 of this DCP.",Event
Some of the industrial units in Hordern Place have a small setback with parking in front.,Event
the document is relevant to the Inner West region.,Event
To preserve the predominantly low to medium density residential character of the precinct,Event
"Extensions are only permitted to the rear of the existing dwelling, extensions are not permitted to the side of an existing dwelling. Extensions to the rear of the existing dwelling must not be any wider than the existing dwelling, i.e., the rear extension should not be visible when the dwelling is viewed from the street",Event
The total number of car spaces for residents and visitors shall equate to the minimum required by the plan.,Event
Parramatta Road is a significant arterial road,Event
"To retain, as a minimum, the front portion of contributory buildings where they are contributory to the heritage conservation area (HCA) and/or streetsca pe.",Event
"To support pedestrian and cyclist access, activity and amenity including maintaining and enhancing the public domain quality",Event
The document is named State Environmental Planning Policy (Transport and Infrastructure) 2021.,Event
Information to be submitted with a Development Application is required.,Event
"Conservation may include the process of maintenance, preservation, restoration, reconstruction, adaptation and interpretation.",Event
"retain the presentation and form of the building to the street, single storey scale, roof form and façade proportions,",Event
The Planning Document is titled Marrickville DCP 2011 - 2.,Event
To minimise the extent of hard paved areas and facilitate rainwater infiltration.,Event
Clause 5.1 - heritage (heritage),Event
The Marrickville Council prepared the planning document.,Event
Site-specific planning controls are mentioned in Clause 9.35.5,Event
Encouraging the use of external lighting to improve the safety and security of property by increasing opportunities for casual surveillance and deterring illegal access,Event
Clause 2.7 - solar_access (development_control) is also described,Event
The document is located in the folder docs/dcps/INNERWEST/Marrickville/,Event
"The harm of mangroves, saltmarshes, seagrass meadows, coastal dunes, and other ecological communities within the meaning of Part 5A of the Local Land Services Act 2013, may be carried out on land identified as “coastal wetlands” or “littoral rainforest” on the Coastal Wetlands and Littoral Rainforests Area Map only with development consent.",Event
The Development Application Lodgement Process can begin.,Event
Clause 4.3.3 - other (development_control): Solar access requirements for boarding houses are detailed in Section 2.7.5.2,Event
The Marrickville Council adopted Marrickville DCP 2011 on 23 February 2010.,Event
"A perceived single storey streetscape must be maintained on Moncur, Church, Greenbank, Warburton and Fletcher Streets.",Event
SECTION 1 - LATE NIGHT TRADING MAPS was included in the APPENDIX F.,Event
Roof forms and pitches of new development should be compatible with existing buildings in the HCA,Event
Off street car parking for dwellings to the north of Victoria Road is either not present due to the small lot sizes and era of housing or via rear laneway access only.,Event
To ensure that all residential development is consistent with the density of the local area as established by the Inner West LEP 2022.,Event
Eaves height is specified as part of the height_limit requirements.,Event
"To facilitate efficient parking, loading and access for vehicles that minimises impact to streetscape appearance, commercial viability and vitality and pedestrian safety and amenity",Event
Open space requirements for boarding houses are detailed in Section 2.18.11.4.,Event
"Sandstone cliffs, outcrops and overhangs must be retained in situ and integrated into the design of new development",Event
The document has an appendix C that outlines the Urban Framework Plans.,Event
"Generally, off street parking is also available within the precinct.",Event
Submission of written comments closed on 28 March 2013.,Event
Development applications for boarding houses in the R2 – Low Density Residential zone will be assessed in accordance with Section 4.1 and Section 4.3,Event
The document is attached to the planning application.,Event
All development should be designed and constructed in accordance with the controls in this section.,Event
"To retain, as a minimum, the front portion of contributory buildings where they are contributory to the heritage conservation area (HCA) and/or streetscape.",Event
Clause 8.1.8 - heritage (development_control) deals with Requirement for a HIS or CMP,Event
"To ensure adult businesses, restricted premises, sex on premises venues and sex services premises are located in a manner that protects the amenity of the locality",Event
"or alterations, enlargement or extension of an existing building, if the development has an estimated development cost of $10 million or more",Event
Urban Design was done,Event
minimising adverse climate and environmental impacts of new housing development,Event
A Water Management Statement is to be included with all development applications where building works or subdivision is proposed.,Event
To ensure the provision and location of off -street car p arking does not adversely impact t he amenity of the precinct.,Event
To preserve the predominantly medium density residential character comprising terrace/row housing on individual allotments within the precinct.,Event
'Pre-DA' advisory panel meetings are held.,Event
"Development must provide a visual transition between open space, bushland reserves or other public spaces and buildings.",Event
Not be reduced to less than two hours between 9.00am and 3.00pm on 21 June,Event
it was adopted in 2011,Event
Development applications for child care centres in the R2 – Low Density Residential Zone will be assessed.,Event
This planning document is titled Marrickville DCP 2011 - 9 0 Cover.,Event
The Inner West Local Environment Plan (IWLEP) was also being formulated in 2016.,Event
"This Development Control Plan does not apply to an application under the Environmental Planning and Assessment Act 1979 which was lodged with Council, but not determined before, the commencement of this Development Control Plan.",Event
"demolish, in relation to a heritage item or an Aboriginal object, or a building, work, relic or tree within a heritage conservation area, means wholly or partly destroy",Event
are to incorporate passive cooling methods that rely on improved natural ventilation to supplement or preclude mechanical cooling.,Event
To protect the identified Heritage Items within the prec inct.,Event
Contaminated land presents a risk of harm to human health or any other aspect of the environment.,Event
To maintain single storey streetscapes that existing within the precinct,Event
1.1 BALMAIN and 1.2 LEICHHARDT were listed as sections under SECTION 1.,Event
State Environmental Planning Policy No 1—Development Standards does not apply to the land to which this Chapter applies,Event
Part E1 applies to sites which are listed as Heritage Items in the Inner West LEP 2022,Event
any such private open space not being provided within the front setback area,Event
Refer to Section 2.16.2 for energy efficiency requirements.,Event
"All outlets from culture ponds, tanks and other culture facilities must be screened to avoid the escape of fish.",Event
"Subdivision must not compromise the significant features of the existing site or adjoining sites, including streetscape, landscape features, trees, fences and rocky outcrops.",Event
The pumping station is a representative example of Inter-War Mediterranean Revival style public utility building.,Event
Zone R5 Large Lot Residential is defined,Event
Clause 2.5 - access (development_control) is described,Event
Applicants are to submit a development application to Council for development of a Community Garden on private land or land owned by or control vested in Council.,Event
Chapter G deals with definitions,Event
Ensure Building A and Building B are setback adequately to respect their interface with 48 Edith Street and 41 Roberts Street,Event
The planning document is titled Leichhardt DCP 2013-15.,Event
"Splays will generally be as follows: 3 metres x 3 metres at street and street corner,",Event
"For pond-based aquaculture and tank-based aquaculture that is also intensive aquaculture—no discharge of freshwater used to intensively cultivate or keep fish to natural waterbodies or wetlands is permitted, except freshwater discharge from open flow through systems",Event
"Additions to an existing building are generally maintain the form, fenestration, roof forms and chimneys of the existing building when viewed from the principal street frontage, and",Event
"It is essential that development within the precinct considers the potential impacts to biodiversity including habitat elements (including their condition, structure, function, connectivity and disturbance).",Event
It incorporates amendments made by the IWLEP in 2022.,Event
Heritage conservation is controlled by Clause 5.10,Event
Installation of a photovoltaic system on a property located in a Heritage Conservation Area or that is listed as a Heritage Item in Schedule 5 of the Inner West LEP 2022 may be granted development consent where it can be shown,Event
Floor space ratio (FSR) was controlled by Clause 5.1.3.1,Event
The document focuses on Parramatta Road,Event
"Floodplain means an area of land which is subject to inundation by floods up to and including the probable maximum flood event,",Event
"Corner properties must have splayed corners for road widening purposes and to improve sight lines at intersections for vehicles, pedestrians and cyclists.",Event
Demolition of buildings that positively contribute to the character of the HCA will generally not be supported,Event
"vehicle access, parking, loading and services are regulated",Event
New building facades should be compatible with the architectural style and materials of existing buildings in the HCA.,Event
Public Domain is dealt with in Clause 2.2,Event
"Buildings on the eastern side are generally built to the street alignment, with the exception of a large building mid way which has a medium setback with car parking spaces occupying the front and a small amount of landscaping along the front boundary.",Event
The document discusses Clause 9.4.3 which deals with heritage.,Event
"It is essential that development within those areas considers the potential impacts to biodiversity including native fauna (including Threatened Species and Endangered Populations), native vegetation (including Endangered Ecological Communities), and habitat elements (including their condition, structure, function, connectivity and disturbance).",Event
Subsection (1) does not—,Event
To protect the identified heritage values of the Petersham Commercial Precinct Heritage Conservation Area .,Event
"To accommodate new residential flat building development to reflect the existing developments at the western end of the precinct bounded by Livingstone Road, Arthur Street and the rail corridor.",Event
Original forms and details are to be reconstructed where there is evidence that they existed at that property.,Event
"to identify State significant agricultural land for the purpose of ensuring the ongoing viability of agriculture on that land, having regard to social, economic and environmental considerations",Event
Residential lots either contain a small setback or no setback from the road,Event
To ensure the design of higher density development protects the residential amenity of adjoining and surrounding properties .,Event
Compliance with the provisions of this DCP does not mean that a Development Application (DA) will be routinely approved.,Event
To preserve the predominantly medium to high density residential character of the precinct.,Event
"The enjoyment of sunlight, privacy and views is included in amenity.",Event
Zone IN4 Working Waterfront is defined,Event
The planning document is placed inside this directory.,Event
the Marrickville DCP was implemented,Event
To minimise impacts to the surrounding low-density residential neighbourhoods.,Event
This DCP is to be read in conjunction with Inner West Local Environmental Plan 2022,Event
"Council’s controls are designed to ensure that adult businesses, restricted premises and sex services premises operate in appropriate locations",Event
Clause 2.5 - access (development_control) is also described,Event
Resident numbers will be determined based on the gross floor area of the boarding room (excluding any area used for the purposes of private kitchen or bathroom facilities).,Event
New development should respect the scale and massing of existing buildings in the HCA,Event
Buildings must be located to provide an outlook to public open space without appearing to privatise that space.,Event
The precinct contains the Petersham South (Norwood Estate) and the Morgan Street Heritage Conservation Areas.,Event
The document was created for the Inner West Council area.,Event
An application is made under the Environmental Planning and Assessment Act 1979 for consent or permission to carry out development.,Event
"To ensure orderly development on masterplan sites in accordance with the principles of the masterplan vision, including allotment amalgamations, where required, that are not detrimental to achieving the overall masterplan structure and achieve an efficient and high quality built outcome.",Event
Direct solar access to windows of principal living areas and principal areas of open space of nearby residential accommodation must:,Event
"To ensure that new development respect s local fauna by minimising lighting impacts on nocturnal fauna, reinforcing the permeability of the GreenWay Corridor to the surrounding built environment for local fauna, and providing a minimum 3 metre native vegetation buffer between the GreenWay Corridor and any new development.",Event
the development within those areas considers the potential impacts to biodiversity.,Event
Words and expressions have the same meaning as they do in the standard local environmental planning instrument prescribed by the Standard Instrument (Local Environmental Plans) Order 2006,Event
"It is essential that all remnant sandstone elements including retaining walls, sandstone cutting, divided roads and kerb and guttering be retained.",Event
The average height in the precinct is one to three storeys.,Event
The document has amendments from IWLEP 2022.,Event
Heritage conservation does not preclude change but does require heritage values to be retained and managed,Event
Parking provision rates for boarding houses are lower than for residential flat buildings,Event
protect groups or runs of buildings which retain their original form,Event
The controls for 2.2 Haberfield Heritage Conservation Area apply to the land listed as C54,Event
To ensure that any new development does not negatively impact on the operation of the Princes Highway.,Event
A development application is not required for any proposed development classified as ‘exempt development or ‘complying development’ under Inner West LEP 2022,Event
To encourage active commercial fronts facing streets at ground floor level to create a vibrant and safe streetscape.,Event
Vehicular access and egress is to be no less than 6m in width.,Event
The planning document is named 'Flood Control Lot Map - Northern view.pdf'.,Event
To ensure new development at rear upper levels is a maximum of five storeys and is designed to be subservient to retained portions of co ntributory buildings or infill development to the street building front.,Event
Development must minimise impacts on waterways and native vegetation.,Event
"A landscape plan and maintenance schedule must be submitted with any development application for residential, commercial and industrial development that requires landscaping.",Event
it deals with Site and Context Analysis,Event
New building facades should be compatible with the architectural style and materials of existing buildings in the HCA,Event
an eco-tourist facility means a building or place that— (b) is located in or adjacent to an area with special ecological or cultural features,Event
Side setbacks,Event
The company will attend the conference in Las Vegas.,Event
Development consent must be sought for any continuing use on the newly proposed lots.,Event
Ensuring all development applications are assessed against the four core CPTED principles to enhance community safety,Event
"Development applications for boarding houses in the R1 – General Residential, R3 – Medium Density Residential and R4 – High Density Residential zones will be assessed in accordance with Section 4.2 and Section 4.3",Event
development on other lands may be subject to different regulations,Event
"Of a scale compatible with the character, landscape and scenic qualities of the area",Event
John from marketing has confirmed his attendance to the conference in Las Vegas.,Event
designing housing to reflect its locality,Event
The document is titled Marrickville DCP 2011.,Event
Zone B7 Business Park is defined,Event
"To incorporate setbacks which support an active, pedestrian-focused development",Event
Most streets are able to accommodate off street parking without restricting vehicular access,Event
"This Chapter to prevail over LEPs In the event of an inconsistency between this Chapter and a local environmental plan or deemed environmental planning instrument that applies to the land to which this Chapter applies,",Event
"Development applications for boarding houses in the B1 - Neighbourhood Centre Zone, B2 - Local Centre Zone and B4 - Mixed Use zones will be assessed in accordance with the relevant controls.",Event
"To protect groups or runs of buildings which retain their original built form including roof forms, original detailing and finishes",Event
Specific developments are required to meet water conservation and stormwater quality targets that have been established for land where this DCP applies.,Event
"The clearing of native vegetation within the meaning of Part 5A of the Local Land Services Act 2013, may be carried out on land identified as “coastal wetlands” or “littoral rainforest” on the Coastal Wetlands and Littoral Rainforests Area Map only with development consent.",Event
Clause 2.1 aims to protect biodiversity and preserve amenity through environmental protection.,Event
The most notable building within the precinct is the ‘Australia Street industrial group’ heritage item located between Denison Street and Australia Street.,Event
Council supports the use of organic and chemical free agricultural practice in pest management and plant maintenance.,Event
To ensure that the higher density development protects the residential amenity of adjoining and surrounding properties.,Event
Clause 9.16.2 - height_limit (development_control): To maintain distinctly single storey streetscapes that exist within the precinct.,Event
"To protect significant str eetscapes and/or public domain elements within the precinct including landscaping, fencing, open space, sandstone kerbing and guttering, views and vistas and prevailing subdivision patterns",Event
To protect the identified values of the Wells Avenue Heritage Conservation Area and the Stanley Street Heritage Conservation Area.,Event
Subdivision is defined as development that seeks division of land into two or more parts.,Event
The building will sit comfortably with surrounding buildings in terms of its massing.,Event
This DCP has been made in accordance with Section 3.43 of the Environmental Planning & Assessment Act 1979 (the Act) and must also be read in conjunction with the provisions of the LEP.,Event
The precinct has been identified as having high biodiversity values.,Event
Council determines that a building is contributory,Event
the applicant has notified the consent authority of the proposed development,Event
Child care centres in a residential zone will only be acceptable where adverse impacts on the amenity of residents in the neighbourhood can be are avoided or minimised to an acceptable level.,Event
The historical use of sandstone is highly significant and should be retained and maintained.,Event
"Clause G5.10 is about ACCESS, TRAFFIC MANAGEMENT AND PARKING",Event
Originally the precinct was a large tract of swamp land that was seen as an impediment to development in the area.,Event
This part generally applies to all land within the IN1 General Industrial zone,Event
Many of the building modifications which have occurred to date are unsympathetic with their heritage values. Reversal of unsympathetic alterations and modifications is encouraged.,Event
reinforcing the importance of designing housing in a way that reflects and enhances its locality,Event
Part of the brick factory wall was retained and is still visible along Victoria Road.,Event
"The passage mentions Clause 5.1.6 dealing with vehicle access, parking, loading and services.",Event
The lodgement of a development application is required for any proposed development where Inner West Local Environmental Plan (Inner West LEP 2022) or any other environmental planning instrument specifies that a proposed development may only be carried out with development consent upon the land to which the instrument applies.,Event
Clause 5.1.3.2 addresses height limits.,Event
The document has contents with a date of November 22nd,Event
"To ensure that n ew development respects local fauna by minimising lighting impacts on nocturnal fauna, reinforcing the permeability of the GreenWay Corridor to the surrounding built environment for local fauna, and providing a minimum 3 metre native vegetation buffer between the GreenWay C orridor and any new development.",Event
See relevant zone objectives and height control maps,Event
traffic as vehicles must cross pedestrian footpaths to access parking.,Event
"support pedestrian and cyclist access, activity and amenity including maintaining and enhancing the public domain quality",Event
Roof forms and pitches of new development should be compatible with existing buildings in the HCA.,Event
The aim of this Chapter is to promote an integrated and co-ordinated approach to land use planning in the coastal zone.,Event
so that these requirements can be incorporated into the design of the child care centre.,Event
"To allow and encourage a greater scale of development and increased residential density on masterplan sites that provides new dwellings near local shops, services and public transport, to meet the market demand, create the opportunity for high access housing choice and support sustainable living.",Event
"Clause 9.16.2 - heritage (heritage): To protect significant streetscape s and/or public domain elements within the precinct including landscaping, fencing, open space, sandstone kerbing and guttering, views and vistas and prevailing subdivision patterns.",Event
"Overshadowing, loss of privacy and views must be minimised.",Event
Industrial activities are permissible under the provisions of Inner West LEP 2022,Event
"Attached Dwellings, Dwelling Houses, Secondary Dwellings and Semi-Detached Dwellings are affected by Clause 2.25.2",Event
A flood certificate is obtained from Council which provides flooding information for the area in the vicinity of a particular property.,Event
The precinct contains The Abergeldie Estate Heritage Conservation Area.,Event
Development within that part of the site highlighted in red on the view cone on Figure G29 is to be limited to a maximum height of RL17.70.,Event
Child care centres in a residential zone will be assessed for impact on residential amenity.,Event
Clause 6.3.2 - setback (development_control): Setbacks.... . 14,Event
Draft heritage item has the same meaning as in State Environmental Planning Policy (Exempt and Complying Development Codes) 2008.,Event
New development on land within an ANEF affected area must be designed and constructed in accordance with the relevant Australian Standard and other guidelines issued by relevant agencies and authorities,Event
the relevant controls in Section 4.2 of this DCP relating to multi dwelling housing and residential flat buildings and the relevant objectives and controls in Section 7.1.,Event
"the Clarence Hotel on the eastern corner with Crystal Street,",Event
Additional permitted uses for particular land are listed.,Event
Specific detail for fencing in heritage conservation areas is provided in Part 8 of this DCP.,Event
The document is named Flood Control Lot Map - Northern view.pdf.,Event
"Development applications for boarding houses in the B1 - Neighbourhood Centre Zone, B2 - Local Centre Zone and B4 - Mixed Use zones will be assessed in accordance with the relevant controls in Section 5 of this DCP relating to commercial and mixed use development and the relevant objectives and controls in Section 4.3.",Event
Parramatta Road is designated as Commercial Precinct 35.,Event
Where development or use of a number of existing lots is proposed,Event
"To protect significant streetscape s and/or public domain elements within the precinct including landsc aping, fencing, open space, sandstone kerbing and guttering, views and vistas and prevailing subdivision patter ns.",Event
Stormwater Drainage Concept Plan (SDCP) is a site plan of a development demonstrating the feasibility of the proposed drainage systems within the site,Event
Clause 2.6 - privacy (development_control) is also described,Event
Unless otherwise stated all development should be designed and constructed in accordance with the controls in this section.,Event
Car parking requirements for boarding houses are detailed in Table 1 in Section 2.10 Parking and parking provision rates for boarding houses are lower than for residential flat buildings,Event
Floor space ratio on Dulwich Grove land is controlled.,Event
"Where required, to protect, preserve and enhance the existing character of the streetscape, where only compatible development is permitted.",Event
"To ensure new development considers the principles of ecologically sustainable development, in particular energy, water and stormwater efficiency, solar access, natural ventilation, waste reduction and local biodiversity.",Event
The environmental performance of the site must consider matters such as energy demand reduction.,Event
"It is essential that development within those areas considers the potential impacts to biodiversity including native fauna (including Threatened Species and Endangered Populations),",Event
The planning document is titled Leichhardt DCP 2013 - 6 - Part C Place Section 2.,Event
"Clause G4.4 is also about TRANSPORT, TRAFFIC AND PARKING",Event
Clause PART 9 - setback (development_control): a nil setback,Event
Additional permitted uses for particular land are specified in Clause 2.5 - zoning (land_use_zoning).,Event
To preserve the predominantly medium/high density residential character of the precinct whilst protecting pockets of low density residential dwellings.,Event
Refer to Clause 6.20 of the Inner West Local Environmental Plan 2022 for additional controls on landscaped area and built form that apply to C54 - Haberfield Heritage Conservation Area.,Event
"Inner West Council encourages applicants to go beyond the requirements of BASIX, and to incorporate as many sustainable design principles as possible",Event
and the control of major development drainage systems,Event
Marrickville DCP 2004 was reviewed and updated to produce Marrickville DCP 2011.,Event
Front setbacks are mostly 0-2 metres,Event
Clause 8.1.11 - heritage (environmental_protection) deals with Places of Aboriginal heritage significance,Event
Clause 8.1.2 - heritage (development_control) deals with Heritage Items,Event
To ensure the provision and location of off-street car parking does not adversely impact the amenity of the precinct.,Event
This section is titled Heritage Conservation Areas (HCAs),Event
A public exhibition of the draft DCP was held for 8 weeks.,Event
A draft of the document was also made available online for public review and comment.,Event
"All residential buildings are to demonstrate compliance with State Environmental Planning Policy - Building Sustainability Index (BASIX), as required.",Event
The height of proposed buildings on the land shaded in Figure (23.1a) must conform to the control diagram(s) in Figures (23.1b) and (23.1c).,Event
"To ensure sufficient separation between adult businesses, restricted premises, sex on premises venues and sex services premises.",Event
"Ground floor uses are to provide street level activation, passive surveillance and opportunities for social interaction around.",Event
Site topography and other natural and physical features of the land must be considered.,Event
Heritage Conservation Areas are mentioned in Clause 8.1.3.,Event
The precinct contains a heritage listed water board site in Weston Street which is substantially vacant except for a small brick building.,Event
"No discharge of freshwater used to intensively cultivate or keep fish to natural waterbodies or wetlands is permitted, except freshwater discharge from open flow through systems for pond-based aquaculture and tank-based aquaculture that is also intensive aquaculture",Event
promoting the planning and delivery of housing in locations where it will make good use of existing and planned infrastructure and services,Event
The planning document contains information about flood control lots in the Northern view area.,Event
Clause 2.2 - zoning (land_use_zoning): Zoning of land to which Plan applies is also discussed.,Event
To preserve the predominan tly low and m edium density residential character of the precinct,Event
Clause 2.3 - zoning (land_use_zoning): Zone objectives and Land Use Table sets the framework for such specifications.,Event
To encourage the use of passive solar design,Event
"The precinct’s public domain is characterised by the consistent use of sandstone, particularly relating to road infrastructure such as divided roads, retaining walls and kerbs and guttering.",Event
Stormwater Drainage System must be designed to comply with Part E of this Development Control Plan.,Event
Landscaping should be used to enhance the character of the HCA,Event
"The precinct's public domain is characterised by the consistent use of sandstone, particularly relating to road infrastructure such as divided roads, retaining walls and kerbs and guttering.",Event
This precinct has been identified as having high biodiversity values.,Event
"Off street parking is typically a side driveway except where lots are too small and onstreet parking prevails (for example, parts of Union, Arlington and Abergeldie Streets).",Event
The Floor space ratio and height is discussed in Clause 4.1.6.1.,Event
"Development along the Johnston Street frontage is to have a maximum wall height of 4m and maximum building height of $7.5 m$ (i.e. two storeys) above Johnston Street, except for the portion of the site adjoining the southern boundary where development is to have a maximum wall height of 4m (i.e. one storey plus attic) above Johnston Street.",Event
The document is a NSW Legislation pdf file.,Event
it is located in or adjacent to an area with special ecological or cultural features,Event
Clause 9.4.5 is about site-specific planning controls,Event
"It deals with vehicle access, parking, loading and services.",Event
A BASIX certificate is required to be submitted to Council with each development application and this certificate certifies that the dwelling proposal will meet the required environmental targets.,Event
setbacks site coverage,Event
"PC6. To ensure that development provides for a public footway along its entire street frontage that is well designed, accessible to all, safe, comfortable, attractive and functional",Event
Land use zones are defined.,Event
The passage also mentions Clause 5.1.6 as part of development control.,Event
The WSUD provisions within this chapter apply to new development and redevelopment within the area,Event
The Civic Precinct Heritage Conservation Area is a high quality and substantially intact example of the local civic precinct.,Event
The planning document includes clause G5.10 about parking and traffic management.,Event
Additional objectives and controls also apply to land in the Thornley Street Scenic Protection Area.,Event
The precinct contains the Petersham Commercial Precinct Heritage Conservation Area HCA 25.,Event
will not have an adverse impact on the amenity and solar access of the property or nearby or adjacent properties and occupants,Event
The provisions of Inner West LEP 2022 shall prevail to the extent of the inconsistency,Event
LEICHHARDT was documented as a late night trading zone.,Event
land identified as being critical habitat under the Threatened Species Conservation Act 1995 or Part 7A of the Fisheries Management Act 1994.,Event
Solar access requirements fo r boarding houses are detailed in Section 2.7.5.2,Event
"To ensure that development provides for a public footway along its entire street frontage that is well designed, accessible to all, safe, comfortable, attractive and functional",Event
The building is well proportioned as an individual element and within the streetscape.,Event
A Flood Risk Management Report is required for applications that are identified as flood control lots on the maps in Appendix E – Part 4: Flood Control Lot Maps.,Event
"Additions to an existing building are generally located to the rear or the side of the existing building when viewed from the principal street frontage, and",Event
The document is titled 'Flood Control Lot Map – Central View'.,Event
All bicycle parking is to comply with the provisions contained in the ‘Parking’ section of this Plan.,Event
To protect groups or runs of buildings which retain their original built form,Event
The passage describes Clause 5.1.3.2 of the planning document.,Event
To maintain distinctly single storey streetsca pes that exist within the precinct.,Event
existing predominantly traditional two storey commercial st reetscape,Event
It has a previous version without this amendment.,Event
"Areas within parts of the precinct have been identified as having high biodiversity values within the LGA . It is essential that development within those areas considers the potential impacts to biodiversity including native fauna (including Threatened Species and Endangered Populations), native vegetation (including Endangered Ecological Communities), and habitat elements (including their condition, structure, function, connectivity and disturbance).",Event
to negate or reduce to an acceptable frequency the possibility of flooding buildings and/or the danger to life at any location,Event
"To protect the quality of receiving waters, adjacent and downstream land-use and the rights of adjacent and downstream landowners.",Event
To protect the urban environment from the effects of otherwise uncontrolled surface stormwater flows resulting from infrequent (and lesser) storm events.,Event
The precinct contains the HCA 30: Civic Precinct Heritage Conservation Area . See Part 8 (Heritage) of this DCP for detailed controls and guidelines.,Event
"The precinct contains three Heritage Conservation Areas being the Porter’s Brickworks Estate Heritage Conservation Area, Jarvie Avenue Heritage Conservation Area and the Rathlin Estate Heritage Conservation Area.",Event
Private open spaces of new residential development must be located and designed to offer a reasonable level of privacy for their users,Event
It is located in the development control section of the document.,Event
"However, the precinct does contain a number of listed heritage items, one of State Significance.",Event
Zone R2 Low Density Residential is defined,Event
"Clause 9.16.2 - heritage (heritage): To protect groups or runs of buildings which retain their original form including roof forms, original detail ing and finishes.",Event
Eaves height must be limited.,Event
"The Development Control Plan creates the framework to ensure that while carrying out its planning functions, Council considers the possibility that a previous land use or environmental factors surrounding a specific site have caused contamination at the site.",Event
Fences over 1.2 metres high are generally inappropriate as they reduce visibility of the garden setting and the heritage item or period building.,Event
The DCP supports the Inner West LEP 2022 by providing guidelines that will encourage good urban design,Event
A directory exists with the path 'docs/dcps/INNERWEST/leichhardt/'.,Event
Clause 2.8 - other (development_control) is also described,Event
development with the precinct considers the potential impacts to biodiversity,Event
The project team held a meeting.,Event
"Development for the purpose of child care centres, educational establishments, hospitals, places of public worship and residential accommodation close to busy roads and rail lines must also comply with the relevant Australian Standards and State Environmental Planning Policies (SEPPs)",Event
It was adopted by the Marrickville Council in 2011.,Event
To preserve the predominantly low to medium density resident ial character of the precinct,Event
being a presence that presents a risk of harm to human health or any other aspect of the environment.,Event
The precinct contains part of the South Dulwich Hill Heritage Conservation Area.,Event
"To protect groups or runs of buildings which retain their original built form including roof forms, o riginal detailing and finishes.",Event
To protect significant streetscape and/or public domain elements within the precinct.,Event
"A Stormwater Drainage Concept Plan is required for all applications that include alterations or additions to existing roof areas, new roof areas",Event
"Clause 5.1.3.1, which is about floor space ratio (FSR), comes before it.",Event
"It is essential that development within the precinct consider the potential impacts to biodiversity including native fauna (including Threatened Species and Endangered Populations),",Event
The proposal will also need to comply with the relevant heritage controls contained in Part 8 of this DCP,Event
Additional permitted uses for Dulwich Grove land are listed in Clause 7.4,Event
Clause 9.16.2 - zoning (land_use_zoning): To preserve the predo minantly low density residen tial character of the precinct.,Event
"to reduce consumption of mains-supplied potable water or greenhouse gas emissions related to the use of a building,",Event
The development control clause is related to floor space ratio.,Event
a BASIX Certificate is required to form part of a development application or a construction certificate for a residential development in NSW.,Event
To ensure that higher density development demonstrates good urban design and environmental sustainability and provides suitable amenity for occupants of those developments,Event
"Ensure that heritage significance is considered for development involving: heritage items, buildings and sites within heritage conservation areas, and archaeological sites and places of Aboriginal heritage significance.",Event
Any development within the scenic protection area must have minimal visual impact when viewed from any adjoining public open space,Event
The precinct also contains several examples of timber cottages which are considered rare for the area and should be retained.,Event
The consent authority must notify the Heritage Council about the application.,Event
To ensure new development is compatible with the operations of Sydney Airport.,Event
Sets out detailed objectives and controls for CPTED against which Council will assess all developments,Event
The precinct contains three heritage conservation areas (HCAs),Event
To protect the identified heritage values of the Civic Precinct Heritage Conservation Area.,Event
Clause 2.7 - solar_access (development_control) is described,Event
He believed that it would provide a framework for sustainable development in Marrickville.,Event
"It deals with vehicle access, parking, loading and services in development control.",Event
The installation of a photovoltaic system may be granted development consent when it can be shown that the installation will not reduce the structural integrity of any building.,Event
Development must be designed and located to minimise potential adverse environmental impact,Event
Floor space ratio and height is an important aspect of development control.,Event
the development plan has been approved and buildings have been constructed,Event
it impacts the public environment,Event
Buildings must be located to provide an outlook to public open space without privatizing it.,Event
"All buildings are to install rainwater tanks to meet all non-potable demands, including outdoor use, toilets, and laundry",Event
it deals with Acoustic and Visual Privacy,Event
A plan for development category with IWLEP was added to the document in 2022.,Event
Archaeological sites are mentioned in Clause 8.1.10.,Event
This DCP applies to the whole of the Inner West Local Government Area for the extent of land shown on Figure 1,Event
"Development must provide a visual transition between open spaces, bushland reserves, and buildings.",Event
Clause 2.2 - public_domain (development_control) is also described,Event
The plans have been amended by IWLEP in 2022.,Event
The original DCP was finalized in 2013.,Event
The Marrickville DCP 2011 was Planning Document,Event
it is of a minor nature or for the maintenance of the heritage item,Event
mitigating the loss of existing affordable rental housing,Event
Such legislation is enacted by the New South Wales Parliament.,Event
"The environmental performance of the site must consider the following matters: 'energy': demand reduction, use efficiency, and generation,",Event
The stakeholders were consulted on the project scope.,Event
a study found that the area is in need of significant urban design improvements,Event
"The Mill House, built about 1860 and occupied by the Vicars family, was incorporated in the redevelopment.",Event
Clause 8.1.7.2 - heritage (development_control) deals with Development in the vicinity of a heritage item,Event
it guides the development of the local community,Event
HCA 28 Dulwich Hill Commercial Precinct Heritage Conservation Area has been identified as containing the following streetscapes: a. Retail Streetscapes.,Event
"To protect, preserve and enhance the identified period buildings within the precinct.",Event
"Demolish means wholly or partly destroy, dismantle or deface a heritage item or an Aboriginal object.",Event
The Planning Document is located in docs/dcps/INNERWEST/leichhardt/Foreshore Flood Control Lot Map - Northern view.pdf,Event
Building height is compatible with the surrounding prevailing street wall height and does not overbear the public domain.,Event
"demolish, in relation to a heritage item or an Aboriginal object, or a building, work, relic or tree within a heritage conservation area, means wholly or partly destroy, dismantle or deface the heritage item, Aboriginal object or building, work, relic or tree",Event
Planning Document: docs/dcps/INNERWEST/Marrickville/Marrickville DCP 2011 - 8.0 Heritage Conservation Areas Map.pdf was accessed,Event
The cover page is located in the docs/dcps/INNERWEST/Marrickville directory.,Event
Shadow diagrams must show the effect in plan and elevation view of existing and proposed overshadowing for June 21 at hourly intervals between 9.00am and 3.00pm,Event
Conservation may include the processes of retention or reintroduction of a use.,Event
Marrickville council has its own set of planning documents.,Event
To protect solar access enjoyed by neighbours,Event
To retain the existing employment generating land uses.,Event
The planning document includes clause G6.23 about parking rates.,Event
"To retain existing character buildings (groups or rows) and adapt, recycle and blend new with old.",Event
"The precinct contains three Heritage Conservation Areas being the David Street Heritage Conservation Area, the Inter War Group Heritage Conservation Area",Event
It outlines policies for exempt and complying development in New South Wales.,Event
"To protect the identified values of the En more-Newtown Heritage C onservation Area, Enmore House Esta.",Event
"It prescribes different car parking provision rates for three sub-sections of the LGA - highly accessible areas, moderately accessible areas and least accessible areas.",Event
"To retain, as a minimum, the front portion of contributory buildings where they are contributory to the heritage conservation area (HCA) and streetscape s.",Event
"Development applications for boarding houses in the B1 - Neighbour hood Centre Zone, B2 - Local Centre Zone and B4 - Mixe d Use zones will be assessed in accordance with the relevant controls in Section 5.",Event
"To protect significant streetscapes and/or public domain elements within the precinct including landscaping, fencing, open space, sandstone kerbing and guttering, views and vistas and prevailing subdivision patterns.",Event
This DCP is to be read in conjunction with Inner West Local Environmental Plan 2022.,Event
The precinct does not contain any Heritage Conservation Areas.,Event
It is located in docs/dcps/INNERWEST/Marrickville.,Event
IWLEP 2022 amendments were made to it.,Event
"to improve the thermal performance of development,",Event
Photovoltaic panels should be removed from the roof when obsolete and sent to a recycling facility where possible.,Event
"Subject to section 74(1) of the Act, in the event of an inconsistency between this Chapter and another environmental planning instrument, whether made before or after the commencement of this Chapter, this Chapter prevails to the extent of the inconsistency.",Event
"Commercial, Industrial and Institutional developments require stormwater management",Event
Any such private open space not being provided within the front setback area.,Event
submission of written comments closed on 28 March 2013.,Event
Setbacks are required with a minimum of 14,Event
The planning document is available in the docs/lep directory.,Event
"land, places, buildings or structures listed on the State Heritage Register under the Heritage Act 1977,",Event
Any space for parking or other purposes forming a part of a sole occupancy unit must be included in the same strata lot as the unit,Event
"Heritage Items within the precinct include part of Fort Street High School (William Wilkins Building),",Event
"The precinct contains three Heritage Conservation Areas being the Camperdown Park Estate Heritage Conservation Area, North Kingston Estate Heritage Conservation Area and the Hopetoun-Roberts-Federation Streets Heritage Conservation Area.",Event
"Massing and setbacks are also regulated, as seen in Clause 5.1.3.3.",Event
The project manager will meet with the sales team at 2 PM today.,Event
Each precinct has an existing and desired future character to guide development within the area.,Event
Heritage Items are mentioned again in Clause 8.1.7.,Event
Areas within the precinct have been identified as having high biodiversity,Event
The precinct contains the Llewellyn Esta te Heritage Conservation Area and part of the Enmore House Estate Heritage Conservation Area.,Event
Clause 2.3.1 - environmental_protection (environmental_protection) outlines environmental considerations,Event
Signage on high-rise buildings (in excess of 15 metres) is regulated.,Event
"Development along the Johnston Street frontage is to have a maximum wall height of $7 m$ (i.e. two storeys) above footpath level, with the exception of the existing commercial building.",Event
"be of a design, siting and materials, including colour of trim, that is sympathetic to the character of the building and its streetscape context",Event
While a maximum building height has been set under MLEP 2011 it does not mean it can always be achieved or is desirable. All development must fit within its context and not impact adversely on adjoining properties.,Event
Clause 2.6 - privacy (development_control) is described,Event
"Development applications for boarding houses in the B1 - Neighbourhood Centre Zone, B2 - Local Centre Zone and B4 - Mixed Use zones will be assessed in accordance with the relevant controls in Section 5 of this DCP.",Event
"Advertising signs clearly indicate retail and commercial uses, and contribute to lively retail streets.",Event
to encourage sustainable agriculture,Event
The document is a PDF file.,Event
"It prescribes different car parking provision rates for three sub-sections of the LGA - highly accessible areas (Parking Area 1), moderately accessible areas (Parking Area 2) and least accessible areas (Parking Area 3).",Event
"To ensure adequate separation between buildings for visual and acoustic privacy, solar access and air circulation.",Event
"The precinct contains three Heritage Conservation Areas being the Petersham North Heritage Conservation Area, Railway Street (Petersham) Heritage Conservation Area and the Hordern Avenue Heritage Conservation Area.",Event
Clause 6.1.2.2 - fsr_control (development_control): Floor space ratio (FSR) Error! Bookmark not defined.,Event
"Minimising overshadowing, loss of privacy and views are key objectives.",Event
Direct solar access to windows of principal living areas and principal areas of open space of nearby residential accommodation must not be reduced to less than two hours between 9.00am and 3.00pm on 21 June,Event
Clause 5.1.3.2 addresses height limits in development control.,Event
"To protect significant streetscape s and/or public domain elements within the precinct including landscaping, fencing, open space, sandstone kerb ing and guttering, views and vistas an d prevailing subdivision patterns",Event
"To protect significant streetscape and/or public domain elements within the precinct including landscaping, fencing, open space, sandstone kerbing and guttering, views and vistas and prevailing subdivision patterns",Event
"An area of private open space, at least 8 square metres with a minimum",Event
To preserve the predominantly low density residential character of the precinct.,Event
Document amendments have been made,Event
"The precinct contains three Heritage Conservation Areas being the Porter’s Brickworks Estate Heritage Conservation Area, Jarvie Ave nue Heritage Conservation Area and the Rathlin Estate Heritage Conservation Area.",Event
"Where required, to ensure there are active commercial fronts to new buildings facing onto streets to create a vibrant and safe streetscape.",Event
Zone B1 Neighbourhood Centre is defined,Event
This Chapter applies to land within the coastal zone.,Event
To maintain and enhance the environmental and cultural heritage of the Marrickville LGA,Event
They aim to increase transparency and accountability among stakeholders.,Event
In accordance with A.2.6 of MDCP 2011,Event
"The principal aim of this Development Control Plan is to facilitate development that gives effect to the aims and objectives, including the objectives of the land zones under Inner West LEP 2022, and to provide for the matters set out in s3.43 of the Environmental Planning and Assessment Act 1979.",Event
"Original façade openings and/or detailing which are visible from the street are to be retained,",Event
To ensure that significant industrial building s are retained as p art of any redevelopment of the precinct.,Event
Development must be designed to address any distinctive environmental features of the site or on adjoining nearby land.,Event
These changes reflected a shift towards more sustainable development practices.,Event
Heritage conservation does not preclude change but does require heritage values to be retained and managed when development takes place.,Event
To ensure that buildings provide strong definition to the street through retention of the existing zero building line setbacks.,Event
To protect the identified Heritage Item s within the precinct.,Event
"A development application is required to be submitted to Council for most land uses and development proposals, unless that development is identified as exempt development or complying development in Inner West LEP 2022 or SEPP (Exempt and Complying Development Codes) 2008 or other State Environmental Planning Policies (SEPP’s).",Event
Parramatta Road Commercial Precinct Heritage Conservation Area (HCA 5) is mentioned in Clause 9.32.3.1,Event
"The site and context analysis must also demonstrate that the building is well proportioned, both as an individual element and within the streetscape",Event
To ensure industrial sites have adequate landscape d areas to present a softer and more interesting street presentation and to facilitate rainwater infiltration.,Event
When a proposal involves boundary adjustment or excision of land where it is proposed to continue existing uses:,Event
The Planning Document is located in the docs/dcps/INNERWEST/leichhardt folder.,Event
Bridge Road School is mentioned in Clause PART 9 - heritage,Event
"The site and context analysis must demonstrate that the development will integrate within the streetscape when considering scale, proportion and massing.",Event
Clause 2.3 - setback (development_control) is included in these requirements,Event
"Off street parking is typically provided as a side driveway, except where lots are too small and onstreet parking prevails in parts of Union, Arlington and Abergeldie Streets.",Event
APPENDIX F: LATE NIGHT TRADING MAPS was included in the planning document.,Event
The precinct contains a number of heritage items including 'Richardsons Lookout' and 'Ferncourt Public School'.,Event
"On Site Detention Yes (3, 6)",Event
"It is essential that development with the precinct considers the potential impacts to biodiversity including native fauna (including Threatened Species and Endangered Populations), native vegetation (including Endangered Ecological Communities), and habitat elements (including their condition, structure, function, connectivity and disturbance)",Event
"This includes the following suburbs: Ashbury Ashfield, Croydon, Croydon Park, Haberfield, Hurlstone Park and Summer Hill.",Event
"The flow of stormwater from developments needs to be managed so as to negate or reduce to an acceptable frequency the possibility of flooding buildings and/or the danger to life at any location, through the storage of stormwater where appropriate in developments and the control of major development drainage systems.",Event
Precinct-specific planning controls are discussed in Clause 9.35.4,Event
"The intention of these provisions is to ensure that decisions about change are made with due regard to heritage significance, and that opportunities to improve the understanding and appreciation of this significance are taken.",Event
Clause 2.12.4.6 - height_limit (development_control) exists.,Event
Heritage Conservation Areas (HCAs) are mentioned in Clause 9.35.3,Event
Clause 2.1 emphasizes the importance of environmental protection in non-rural areas.,Event
"To orientate buildings to maximise surveillance from the street to the building, from the building to the street and between buildings.",Event
Acoustic and visual privacy were important considerations for the planning process,Event
Photovoltaic systems are prohibited on any part of a slate roof with decorative features where the property is in a Heritage Conservation Area or is identified as a Heritage Item.,Event
"Multi-Dwelling Housing, Residential Flat Buildings and Shop Top Housing are also affected by Clause 2.25.2",Event
To minimise unintended or unauthorised access to any premises by the appropriate design and location of built and natural elements.,Event
"The site and context analysis must demonstrate an appreciation of the site and its context, and the opportunities and constraints on the layout and design of the site.",Event
"To retain, as a minimum, the front portion of contributory buildings where they are contributory to the heritage conservation area (HCA) and/or streetscapes.",Event
The Lodgement of a development application can begin.,Event
Development on land identified as Wildlife Corridor must incorporate native vegetation in landscaping works.,Event
Pedestrian access is also provided from the rooftop car parking areas down into the centre.,Event
"the proposal will comply with the Education and Care Services National Law 2011 and Regulation 2011, and the National Quality Standard.",Event
"To protect the integrity and on-going retention of the existing industrial zoned land, particularly those identified as being of state significance.",Event
"Where in the B1 Neighbourhood Centre Zone or B2 Local Centre Zone, the setbacks to the front and side boundaries of the property are to reflect the existing character and prevailing setbacks of the streetscape.",Event
"To protect significant streetscapes and/or public domain elements with in the precinct including landscaping, fencing, open space, sandstone kerbing and guttering, views and vistas and prevailing subdivision patterns.",Event
"Development within the scenic protection area must be: of a scale compatible with the character, landscape and scenic qualities of the area.",Event
"To promote the design of private and public spaces which contribute to community safety, including all developments carried out by Council, other levels of government and public agencies.",Event
To protect the identified heritage values of the Civic Precinct Heritage Conservation Area .,Event
This section of the Development Control Plan (DCP) establishes a framework to guide development in Precinct 47 – Victoria Road (the precinct).,Event
To protect and preserve the identified period buildings within the precinct and encourage their sympathetic alteration or restoration,Event
IWLEP proposed these changes to the original 2016 document.,Event
Contemporary policies also meet current demand and allow for future demand for bicycle parking and parking for carshare and environmental vehicles.,Event
The document is located in a folder named 'docs/dcps/INNERWEST/leichhardt'.,Event
take into consideration any response received from the Heritage Council within 28 days after the notice is sent,Event
This section of the DCP establishes a framework to guide development in Precinct 47 – Victoria Road (the precinct).,Event
A site and context analysis must be submitted for all new development excluding internal alterations and minor external alterations and additions.,Event
it deals with Solar Access and Overshadowing,Event
"Plant diversity should be maintained through the planting of both native and exotic species that are not weed species, and are not an exempt species.",Event
"In areas of the precinct where off street parking is provided, it is most frequently at the rear of the property accessed by a rear lane or via a side driveway.",Event
it minimizes ecological or visual impact,Event
"Council supports the development of town centres and other key destinations in the municipality to provide safe, vibrant and attractive streetscapes both day and night.",Event
it does not adversely impact on any of its unique environmental features,Event
It is essential that development within the precinct considers all potential impacts to biodiversity.,Event
"Legible design and way finding features, such as signs and international symbols and indicators, to assist in determining the location of handrails, guard-rails and tactile indicators where relevant,",Event
"Modifications to the fence of a heritage item, period building or within a heritage conservation area must be designed in a manner which contributes to the historic style of the building and streetscape context.",Event
Clause 4.3.3 - other (development_control): Refer to Section 2.16.2 for energy efficiency requirements.,Event
"Residential development is not to have an adverse effect on: the amenity, setting or cultural significance of the place, including the portion of the existing building to be retained, and",Event
Provide lower scale and density buildings along Edith Street.,Event
Inner West LEP 2022 has objectives for land use zones and key (statutory) development standards that need to be complied with in addition to the guidelines in this DCP.,Event
Clause 3.4.2 - fsr_control (development_control),Event
"The following objectives, controls and design solutions apply to land that contains unique environmental features.",Event
"Development must respond to these features by appropriately considering outlook, the location of structures, design and materials.",Event
"Any endangered ecological community (EEC), significant trees or other vegetation on the site must be identified.",Event
The DCP was gazetted on 3 December 2013.,Event
"Opportunities for access through principal entrances of buildings and facilities,",Event
Minimum access requirements for boarding houses are provided in Section 2.5.10.,Event
Floor space ratio (FSR) Error! Bookmark not defined.,Event
The Leichhardt DCP 2013 was released.,Event
To ensure that ne w development considers all potential impacts to biodiversity.,Event
Some buildings in the precinct have been rendered and painted,Event
"To protect, preserve and enhance the existing character of the streetscapes where only compatible development is permitted.",Event
"Cultural significance means aesthetic, historic, scientific, social or spiritual value for past, present or future generations.",Event
No part of any site is to be separately leased from the remainder of the property for the purpose of a separate occupation or operation from an approved use,Event
Ramps and excavation required for vehicle access and egress is to be setback a minimum of 4.5m from the property boundary.,Event
Development within the scenic protection area must be designed and located to minimise potential adverse environmental impact,Event
the consent authority has advised the applicant in writing,Event
To protect the identified values of the Collins Street Heritage Conservation Area.,Event
It was created to outline precinct guidelines.,Event
Build upon Inner West LEP 2022 by providing detailed objectives and controls for development.,Event
"Encouraging development which adjoins laneways, alleyways, parks and open spaces or other public areas to contribute to the safety of those areas by maximising opportunities for surveillance",Event
To preserve the mixed density residential character of the precinct.,Event
This is where related documents are stored for easy access.,Event
Development applications for boarding houses in the R2 – Low Density Residential zone will be assessed in accordance with the relevant controls in Section 4.1.,Event
State Environmental Planning Policy No 1—Development Standards does not apply to the land to which this Chapter applies.,Event
consider the effect of the proposed development on the heritage significance of the place and any Aboriginal object known or reasonably likely to be located at the place,Event
The predominantly low density residential character of the precinct is to be preserved.,Event
The team members started working on their tasks.,Event
To encourage green roofs and green walls particularly for large scale developments.,Event
that can be preserved through conservation.,Event
"Other heritage items within the precinct include the Cooks River Sewerage Aqueduct (listed on the State Heritage Register),",Event
Promoting a high-quality urban design outcome,Event
"To encourage residential development which is sensitive to the local environment, socially responsive and which promotes a safe living environment and makes better use of existing infrastructure.",Event
To maintain distinctly single storey streetscapes within the precinct.,Event
"Use rainwater, treated urban stormwater or treated wastewater for non-potable uses where appropriate.",Event
Delays in the supply chain were encountered.,Event
The planning document is titled State Environmental Planning Policy (Transport and Infrastructure) 2021.,Event
"To encourage development which adjoins laneways, alleyways, parks and open spaces or other public areas to contribute to the safety of those areas by maximising opportunities for surveillance.",Event
"Development applications for boarding houses in the R1 – General Residential, R3 – Medium Density Residential and R4 – High Density Residential zones will be assessed",Event
The entire precinct is subject to Australian Noise Exposure Forecast (ANEF) contours between 25 and 40,Event
The following may be carried out on land identified as “coastal wetlands” or “littoral rainforest” on the Coastal Wetlands and Littoral Rainforests Area Map only with development consent.,Event
It is a NSW Legislation.,Event
"the enjoyment of sunlight, privacy and views, and residential and community life free from nuisance arising from the emission of noise, vibration, smell, fumes, smoke, vapour, steam, soot, ash, dust, waste water, waste products or grit.",Event
It is one of the oldest buildings in Marrickville and is a local heritage item.,Event
The public exhibition period for Marrickville DCP 2011 ended on 25 January 2009 and the draft was available online during this time.,Event
Clause 7.3 - environmental_protection (environmental_protection),Event
The title of the document is Acoustic and Visual Privacy.,Event
"The precinct contains three Heritage Conservation Areas being the Petersham North Heritage Conservation Area, Railway Street (Pet ersham) Heritage Conservation Area and the Hordern Avenue Heritage Conservation Area.",Event
Treat stormwater so that the area reaches the relevant stormwater quality targets for stormwater reuse and/or stormwater entering receiving waters.,Event
"Multi-Dwelling Housing, Residential Flat Buildings and Shop Top Housing require stormwater management",Event
"Building mass on the first and second storey must: a. Generally be massed in a U shape, to the southern, eastern and northern side of the property, and open as a courtyard in the middle,",Event
The passage also mentions Clause 5.1.3.1.,Event
The purpose of this section of the DCP is to guide the future development of the precinct.,Event
Planning Document: docs/lep/Inner West Local Environmental Plan 2022 - NSW Legislation.pdf is provided.,Event
"A development application is not required for any proposed development classified as ‘exempt development or ‘complying development’ under Inner West LEP 2022, any State Environmental Planning Policy (SEPP) or State Code.",Event
The Planning Document is located in docs/dcps/INNERWEST/Marrickville/,Event
To protect the identified Heritage I tems within the precinct.,Event
Clause 9.4.1 is about on-street parking and setbacks in the area.,Event
"Cultural significance has aesthetic, historic, scientific, social or spiritual value for past, present or future generations.",Event
A development control plan was needed to be created.,Event
Planning Document: docs/dcps/INNERWEST/Marrickville/Marrickville DCP 2011 - 7.0 Cover.pdf,Event
The council consulted with the community for several months before publishing them.,Event
New developments are encouraged to utilise sandstone within their design.,Event
Heritage Items are mentioned in Clause 8.1.2.,Event
To preserve the predominantly low and medium density residential character of the precinct.,Event
Applicants must demonstrate that issues have been considered in the preparation of the subdivision application.,Event
Floor space ratio (FSR) needs to be controlled,Event
Certain proposed developments may be classified as either under ‘designated development’ or an ‘integrated development’ under the EP&A Act or the EP&A Regulation in which case more EIS and public participation procedures apply,Event
"Development shall retain the presentation and form of the building to the street, single storey scale, roof form and façade proportions,",Event
Clause 4.3.3 - zoning (land_use_zoning): Development applications for boarding houses in the R2 – Low Density Residential zone will be assessed in accordance with the relevant controls in Section 4.1 of this DCP relating to low density residential development and the relevant objectives and controls in Section 4.3.,Event
To protect the identified values of the Lewisham Estate Heritage Conservation Area .,Event
existing predominantly traditional two storey commercial streetscape,Event
land within a wetland of international significance declared under the Ramsar Convention on Wetlands must also be protected,Event
Part E1 applies to sites which are listed as Heritage Items listed in the Inner West LEP 2022,Event
a draft heritage item has the same meaning as in State Environmental Planning Policy (Exempt and Complying Development Codes) 2008,Event
"Council assesses each application according to: S4.15 of the Environmental Planning and Assessment Act 1979, the statutory provisions of Inner West LEP 2022 and any relevant SEPPs, the objectives and planning controls set out in this Development Control Plan, the provisions of any other policies or guidelines adopted by Council and referred to within this Plan or identified as relevant to the development proposal, and Section 7.11 and 7.12 (formerly 94 or 94A) contributions plan or plans that apply.",Event
"RMS Guide to Traffic Generating Developments ( 2002 ), which provides guidance on parking provision rates, whilst re cognising the need to reduce those rates in accessible areas in the interests of applying travel demand management principles,",Event
It is considered appropriate to retain the predominantly low density residential character of the precinct.,Event
Additional permitted uses for particular land are listed in Clause 2.5,Event
"the precinct contains a mixed character, though, overall, it is dominated by industrial land uses.",Event
"Under Marrickville DCP, the 67 and 73 – 83 Mary Street, 43 Roberts Street and 50-52 Edith Street, St Peters is part of the Unwins Bridge Road (Precinct 31).",Event
through the storage of stormwater where appropriate in developments,Event
See relevant zone objectives and floor space ratio maps,Event
Solar access requirements for boarding houses are detailed,Event
The document has undergone amendments in 2022.,Event
Development within Heritage Conservation Areas or to Heritage Items must be responsive to the heritage significance of the item and locality.,Event
To preserve the predominantly medium to high-density residential character of the precinct.,Event
The Clarence Hotel on the eastern corner with Crystal Street is mentioned in Clause PART 9 - heritage,Event
"As part of a broader effort to develop the inner west area, including Marrickville.",Event
"To ensure communal areas in a development are well defined and have a reasonable level of surveillance of such spaces (for example, car parks and communal open space).",Event
To ensure proposals are considered in accordance with Section 4.15 of the Environmental Planning and Assessment Act 1979 (EP&A Act) and the Inner West Local Environmental Plan 2022 (IWLEP 2022) and policies.,Event
"The draft DCP included a range of new and amended policies, including those relating to heritage conservation.",Event
"Opportunities for greater building height exist along the Princes Highway, however the design of new development must respect other buildings for retention.",Event
Integrated development is processed.,Event
Development within this area is to be managed,Event
"to conserve and rehabilitate areas that have a high biodiversity or heritage or cultural value, in particular areas of remnant vegetation.",Event
Flood control lot means a lot identified as a flood control lot on the maps in Appendix E of this Development Control Plan (DCP).,Event
the relevant controls in Section 4.1 of this DCP relating to low density residential development and the relevant objectives and controls in Section 7.1.,Event
it does not contain any dedicated commercial centres.,Event
Clause 4.3.2 - development_application (development_control),Event
the entire precinct is subject to Australian Noise Exposure Forecast (ANEF) contours between 25 and 40.,Event
To protect the identified values of the Wells Avenue Heritage Conservation Area and the Stanley Street Heritage Conservation Area,Event
To maintain distinctly single storey streetscapes that exists within the precinct.,Event
"the Olympia Milk Bar at 190 Parramatta Road,",Event
The Planning Document is titled Leichhardt DCP 2013 Part C Section 5.,Event
Ensure driveways or garages do not dominate the view of the development from the street and consider alternative modes of transport and car share options to reduce on-site parking.,Event
"Opportunities for access through principal entrances of commercial buildings, pubs or other places.",Event
Planning Document: docs/dcps/INNERWEST/Marrickville/Marrickville DCP 2011 - 7.0 Cover.pdf was planned.,Event
"On Site Retention Yes (3,8)",Event
A planning document is available in the docs/dcps/INNERWEST/Marrickville directory,Event
"To protect groups or runs of buildings which retain their original form including roof forms, original detailing and finishes.",Event
"Subsection (1) does not displace a competing provision to the extent to which the provision applies to part of BASIX development or BASIX optional development that will not be used for residential purposes, or",Event
Corner properties must have splayed corners for road widening purposes.,Event
Council’s approach and responsibilities for contaminated land management are outlined within Part C1.8 Contamination of this Development Control Plan.,Event
"To promote energy efficiency in the design, construction and use of buildings",Event
Planning Document is available for review.,Event
there are unique environmental features in this area.,Event
car parking is regulated by Clause Section 2 - parking (development_control):,Event
the consent authority has advised the applicant in writing before any work is carried out that it is satisfied,Event
"Council supports private development that addresses the street and is well connected to movement systems (i.e. streets, laneways, paths, open space etc.).",Event
the consent authority must consider the effect of the proposed development on the heritage significance of the item or area concerned,Event
"Clause 5.1.6 - parking (development_control) deals with vehicle access, parking, loading and services.",Event
Change should be based on an understanding of heritage significance,Event
there is no need to protect and preserve any identified period buildings.,Event
"To protect the identified values of the Petersham South (Norwood Estate) Heritage Conservation Area, Norwood Park Estate Heritage Conservation Area and the Llewellyn Estate Heritage Conservation Area.",Event
The planning document includes clause G6.12 about setbacks and articulation.,Event
To ensure the provision and location of off-street car parking does not adversely impact the amenity of the precinct,Event
Floor space ratio on Dulwich Grove land is also regulated in Clause 7.3,Event
"This precinct contains the Goodsell Estate Heritage Conservation Area and Lackey Street & Simpson Park, St Peters Heritage Conservation Area.",Event
The planning document was created.,Event
"Clause 6.1.2.2 - zoning (land_use_zoning): Frontages of allotments to be developed for light industrial purposes (in zones where light industry is a permissible land use under Inner West LEP 2022) will be assessed on factors such as location of the site, access to the site, streetscape and surrounding development.",Event
"Buildings on the eastern side are generally built to the street alignment,",Event
The document was adopted by the Marrickville Council in 2011.,Event
"The Thornley Street scenic protection area is an area with unique environmental features and has been identified for its landscape, cultural and scenic qualities.",Event
The Planning Document is titled Inner West Ashfield DCP 2016 - Chapter H - with IWLEP 2022 amendments Apr 24.,Event
This precinct also contains the Hoskins Park & Environs Heritage Conservation Area.,Event
It can be found at docs/dcps/INNERWEST/leichhardt/,Event
"Clause 4.3.3 - zoning (land_use_zoning): Development applications for boarding houses in the B1 - Neighbourhood Centre Zone, B2 - Local Centre Zone and B4 - Mixed Use zones will be assessed in accordance with the relevant controls in Section 5 of this DCP relating to commercial and mixed use development and the relevant objectives and controls in Section 4.3.",Event
To retain existing views and vistas to open space areas adjacent to the Cooks River and maintain public access to those areas.,Event
Type of commercial and mixed use developments was controlled by Clause 5.1.2,Event
To protect the identified values of the Inter-War Group Heritage Conservation Area.,Event
Environmental protection is ensured in this clause,Event
"However, the precinct does contain a number of listed heritage items, one of State Significance., being the Sydenham Pit and Drainage Pumping Station.",Event
Solar Access and Overshadowing is dealt with in Clause 2.7,Event
The level of change should respect the heritage significance of the item or area,Event
To protect the identified values of the Audley Street South (Bayswater Estate) Heritage Conservation Area and the Norwood Park Estate Heritage Conservation Area.,Event
"Existing services, Existing vegetation, Existing easements or the need for any new easements,",Event
"RMS Guide to Traffic Generating Developments (2002), which provides guidance on parking provision rates, whilst recognising the need to reduce those rates in accessible areas in the interests of applying travel demand management principles,",Event
Clause 4.2.6 - parking (development_control): Parking and access .... .. 10,Event
To maintain non-retail employment as part of any mixed use redevelopment of former industrial land and reflect the existing industrial streetscape character in the design.,Event
To prot ect significa nt streetscape s and/or public domain elements within the precinct,Event
"Adjoining public open space provides a visual transition between open space and avoids abutting public open space with high, blank or solid fences",Event
"The provision for ease of use and comfort through appropriate gradients, rest areas, circulation space and user friendly entrances,",Event
Council’s controls are designed to ensure that adult businesses operate in appropriate locations,Event
Previous versions of the document were published in 2007 and 2009.,Event
"To protect significant str eetscapes and/or public domain elements within the precinct including landscaping, fencing, open space, sandstone kerbing and guttering, views and vistas and prevailing subdivision patterns.",Event
Direct solar access to windows must not be reduced to less than two hours between 9.00am and 3.00pm on 21 June.,Event
"Council encourages urban design that accommodates active travel options such as walking, cycling and public transport between homes, workplaces, centres and attractions.",Event
"Development is to have a zero setback where existing or neighbouring properties are built to the front or side boundaries, or the street reflects a coherent street wall with minimal separation existing between buildings.",Event
The document was initially written in 2016.,Event
"supporting short-term rental accommodation as a home-sharing activity and contributor to local economies, while managing the social and environmental impacts from this use",Event
they are explicitly excluded from the clause,Event
The shop top housing developments at the eastern end of the precinct are up to 7 store ys high.,Event
A BASIX Certificate demonstrates compliance with the NSW Government’s reduction targets for potable water consumption and greenhouse gas emissions in new residential buildings.,Event
The amenity of non-rural areas is to be preserved through the preservation of trees and other vegetation,Event
Development on land identified as Bandicoot Protection Area may be required to undertake an assessment of significance.,Event
This Development Control Plan applies to the Inner West Local Government Area for the extent of land identified in Figure A5: Land covered by this Development Control Plan.,Event
Front setbacks vary throughout the precinct with common se tbacks of less than 2 metres for dwellings that are predominantly Victorian and Federation era and 2 -4 metre se tbacks for Federation and Inter -War period dwellings.,Event
A standard specified in Schedule 1 or 2 does not apply to development involving a heritage item or in a heritage conservation area to the extent that the Planning Secretary is satisfied that the development is not capable of achieving a standard because of other development controls that apply.,Event
Management of development is to ensure that it does not adversely impact on any of its unique environmental features.,Event
Pump System Permitted No (4),Event
it is essential that development with the precinct considers the potential impacts to biodiversity,Event
Clause 9.16.1 - heritage (heritage): The precinct contains The Abergeldie Est ate Heritage Conservation Area.,Event
The DCP supports the Inner West LEP 2022 by providing guidelines that will encourage good urban design which will complement zone objectives and key development standards contained in the Inner West LEP 2022.,Event
The consent authority must take into consideration any response received from the local Aboriginal communities within 28 days after the notice is sent.,Event
The planning document can be found in the docs/lep directory.,Event
centres are detailed in Section 2.10.,Event
To locate higher building forms setback toward the centre of the site to provide transition in scale to the surrounding low scale areas.,Event
The biodiversity values of trees and other vegetation in non-rural areas are to be protected,Event
"To retain, as a minimum, the front portion of contributory buildings where they are contr ibutory to the heritage conservation area (HCA) and/or streetscapes.",Event
"Child care centres must have at least one lift access to all floors, including to any basement parking.",Event
However the design of new development must respect other buildings for retention.,Event
To ensure that new development in the foreshore area will not impact on natural foreshore processes or affect the significance and amenity of the area.,Event
Residential lots either contain a small setback or no setback from the road.,Event
"Inner West Council encourages applicants to go beyond the requirements of BASIX, and to incorporate as many sustainable design principles as possible.",Event
APPENDIX F: LATE NIGHT TRADING MAPS were documented.,Event
"On sloping sites, fences may rise to a maximum 1.5 metres before stepping down to 1.2 metres or less.",Event
The precinct contains three Heritage Conservation Areas,Event
Part 9 of this DCP divides the land where this DCP applies into 47 planning precincts.,Event
"To accommodate new residential flat building development to reflect the existing development at the western end of the precinct bounded by Livingstone Road, Arthur Street and the rail corridor.",Event
Zone objectives and Land Use Table are outlined.,Event
To protect the identified values of the Civic Precinct Heritage Conservation Area.,Event
"Decks, balconies and verandas alongside boundaries and noisy walking surfaces or elevated side passages must be avoided where they face a residential building",Event
"The development must integrate within the streetscape when considering scale, proportion and massing",Event
Car parking requirements for child care centres are detailed in Section 2.10.,Event
To ensure orderly development on masterplan sites in accordance with the principles of the masterplan vision,Event
The installation of a photovoltaic system is prohibited on any part of a slate roof with decorative features where the property is in a Heritage Conservation Area or is identified as a Heritage Item.,Event
Original forms and details are to be reconstructed where there is evidence that they existed at that property. Unsympathetic changes are to be reversed.,Event
Equity of Access and Mobility is dealt with in Clause 2.5,Event
To ensure the location and design of signs are consistent with road safety principles.,Event
The amendments were accepted and incorporated into the final document.,Event
Clause 2.3 - site_analysis (development_control) is described,Event
To protect and preserve the identified period buildings within the precinct,Event
Development must be consistent with the objectives of the applicable zone.,Event
the proposal will also need to comply with the relevant heritage controls contained in Part 8 of this DCP.,Event
Retaining direct solar access and avoiding detrimental overshadowing of internal and external spaces are significant concerns for residents where building work is proposed on adjoining or nearby sites,Event
Environmental protection is addressed in Clause 5.3.1.3 - environmental_protection (environmental_protection).,Event
"Setbacks from the street frontage greater than zero are only generally acceptable where that setback: a. would be part of the fabric of a Heritage Item, or enables greater visual access to a Heritage Item on an adjoining site, b. is for a ground floor non-residential use and the setback is no greater than 3m and allows for a semi-public space such as a courtyard that provides a high level of interaction with the street, and c. is for the provision of a new useable public domain such as a plaza.",Event
"Opportunities for access through principal entrances of commercial buildings,",Event
buildings must be located to provide an outlook to public open space,Event
"It is essential that development within the precinct considers the potential impacts to biodiversity including native vegetation (including Endangered Ecological Communities),",Event
Marrickville DCP 2011 was published.,Event
Additional permitted uses for Dulwich Grove land are specified.,Event
SECTION 1 - LATE NIGHT TRADING MAPS was repeated.,Event
To maintain and encourage compatible architectural styles within residential areas.,Event
"To incorporate setbacks which support an active, pedestrian-focused development and provide opportunities for deep soil planting and increased canopy cover.",Event
Minimum access requirements for boarding houses are provided in Section 2.5.10,Event
Development applications for boarding houses in the R2 – Low Density Residential zone will be assessed in accordance with the relevant controls.,Event
Major development drainage systems need to be controlled,Event
this Chapter prevails in case of inconsistency with another environmental planning instrument,Event
Development on land identified on the Biodiversity Map as Bandicoot Protection Area may be required to undertake an assessment of significance.,Event
Public Domain was handled,Event
"Where required, t o protect, pr eserve and enhance the existing character of the streetscape, where only compatible development is permitted.",Event
The amendment number 19 has been applied to the document.,Event
"Be setback 1 metre from the southern boundary, 1 metre from the eastern boundary, 1 metre from the northern boundary (from the north-eastern corner to a point in line with the southeastern edge of the residential flat building located on No. 2B Gladstone Street, Newtown), and 6 metres from the northern boundary (from a point in line with the south-eastern edge of the residential flat building located on No. 2B Gladstone Street, Newtown to the north-western corner of the first and second storey mass), and c. Have approximately a 15 metre envelope depth.",Event
A flood control lot map for the central view of Leichhardt was previously created.,Event
"A building in a Conservation Area can be a contributory item by virtue of age, scale, materials, details, design style or intactness.",Event
To locate higher building forms setback toward the centre of the site,Event
This precinct contains the Goodsell Estate Heritag e Conservation Area,Event
Private parking area is mentioned in Clause PART 9 - parking,Event
"It is essential that development within the precinct considers the potential impacts to biodiversity including native fauna (including Threatened Species and Endangered Populations), native vegetation (including Endangered Ecological Communities), and habitat elements (including their condition, structure, function, connectivity and disturbance).",Event
Clause 2.2 - zoning (land_use_zoning) explains its application,Event
Floor space ratio and height are controlled.,Event
the guidelines will complement zone objectives and key development standards contained in the Inner West LEP 2022.,Event
Its creation is necessary for flood control planning.,Event
PV panels and solar hot water systems must be placed on areas of a building where there is minimal or no adverse impacts on the streetscape or architectural integrity of the host building and where there is minimal or no overshadowing.,Event
New development on the Princes Highway should respond in part to the scale and function of existing residential buildings on Crown Street.,Event
King Street and Enmore Road are designated as Commercial Precinct 37.,Event
establishing a framework for land use planning to guide decision-making in the coastal zone,Event
The precinct contains the Llewellyn Estate Heritage Conservation Area and part of the Enmore House Estate Heritage Conservation Area.,Event
The Planning Document exists.,Event
New development on the site is to follow the lot amalgamation pattern identified in Figure 3.,Event
supporting short-term rental accommodation,Event
Subjecting development types to a formal crime risk assessment process under Section 2.9.5,Event
"The site shall have sufficient capacity to accommodate development, including buildings and structures, setbacks and separation distances, access, manoeuvring and parking (where required by this Development Control Plan) and landscaped open space, having regard to site characteristics such as: a. topography, b. soil conditions, c. drainage, d. natural environment, e. existing vegetation, f. built form, g. neighbouring development, h. traffic and transport corridors.",Event
Development applications for boarding houses in the R2 – Low Density Residential zone will be assessed in accordance with the relevant controls in Section 4.1 of this DCP.,Event
Front setbacks vary throughout the precinct with common setbacks of less than 2 metres for dwellings that are predominantly Victorian and Federation era and 2-4 metre setbacks for Federation and Inter-War period dwellings.,Event
"To enhance existing streets and encourage pedestrian activity, where appropriate, through improvements to road infrastructure and landscaping.",Event
"it minimizes bulk, scale and overall physical footprint and any ecological or visual impact",Event
To ensure that higher density development demonstrates good urban design and environmental sustainability and provide suitable amenity for occupants of those developments.,Event
to require consideration of the effects of all proposed development in the State on oyster aquaculture,Event
it relates to Marrickville DCP 2011 - 9 0 Cover,Event
The planning document is available online.,Event
The planning document is for Leichhardt DCP 2013,Event
A nil setback is required according to Clause PART 9 - setback,Event
The planning document includes clause G6.10 about building height.,Event
"Development within the scenic protection area must be of a scale compatible with the character, landscape and scenic qualities of the area",Event
To ensure that significant industrial building(s) are retained as part of any redevelopment of the precinct.,Event
"Thornley Street has been identified as a scenic protection area for its unique environmental features and landscape, cultural and scenic qualities including lookouts, rocky outcrops, cliff faces, remnant bushlands, steep slopes, natural watercourses and escarpments (as outlined in MDCP 2011 Section 2.14 Unique Environmental Features) . Development within this area is to be managed to ensure that it does not adversely impact on any of its unique environmental features.",Event
The following objectives apply to land that contains unique environmental features.,Event
"However, the precinct contains a number of Heritage Items, some of State significance.",Event
A five storey Federation building on the eastern corner with Cardigan Street has recently been redeveloped according to Clause PART 9 - heritage,Event
Development on land identified on the Biodiversity Map as Wildlife Corridor must incorporate native vegetation as part of any landscaping works.,Event
To ensure PV panels and solar hot water systems are located and placed to receive maximum exposure to sunlight,Event
"To protect the identified values of the David Street Heritage Conservation Area, the Inter War Group Heritage Conservation Area and the South Dulwich Hill Heritage Conservation Area.",Event
"it is mentioned as a requirement in the clause with a reference number (3, 6)",Event
"It is essential that development within the precinct considers the potential impacts to biodiversity including native fauna (including Threatened Species and Endangered Populations),",Event
"A social impact assessment (SIA) aims to predict the positive or negative impact that development or land use change may have on people’s way of life, their culture, or their community.",Event
"be of a design, siting and materials, including colour of trim, that is sympathetic to the character of the building and its streetscape context and which will have minimal visual impact",Event
This section ensures good urban design is integral to all substantial development,Event
preserve the predominantly low density residential character of the precinct,Event
The document also includes amendments made in 2022 by IWLEP.,Event
Demolition requires development consent as stated in Clause 2.7,Event
"Council supports the provision of quality open space, sporting and recreation facilities that are accessible for all.",Event
Stakeholders are better equipped to provide input on future updates and revisions to the plan.,Event
Cooling towers used in some buildings must be connected to a conductivity meter to ensure optimum circulation before discharge,Event
To protect the identified values of the South Dulwich Hill Heritage Conservation Area.,Event
Front setbacks vary throughout the precinct with common setbacks of less than 2 metres for dwellings that are predominantly Victorian and Federation era,Event
Clause 9.4.4 talks about other development controls such as precinct-specific planning controls,Event
"To balance the need to meet car parking demand on-site to avoid excessive spillover on to streets, with the need to constrain parking to maintain the area’s compact urban form and promote sustainable transport.",Event
Clearing of vegetation must be minimised and colours and materials selected that integrate with the characteristics of the area.,Event
Proposed developments need to reflect and complement the identified values of individual Heritage Items and Heritage Conservation Areas in their design.,Event
This section of the DCP guides the provision of car and bicycle parking and their design for private developments.,Event
Development applications for boarding houses in the R2 – Low Density Residential zone will be assessed,Event
Clause 8.1.3 - heritage (development_control) deals with Heritage Conservation Areas,Event
An eco-tourist facility is defined as a building or place that provides temporary accommodation to visitors on a commercial basis in an area with special ecological or cultural features.,Event
"Five storey buildings fronting the Princes Highway are to have the fifth level and roof set back from the external wall of the floor below by a distance of 3 metres, measured from the building alignment facing the Princes Highway.",Event
Side setbacks are also defined in this clause,Event
"Where Council determines that a building is contributory, as a minimum, the street fronting portion of the existing building is required to be retained.",Event
"Clause 6.1.2.1 - parking (development_control): Where there is to be a strata plan of subdivision, any space for parking or other purposes forming a part of a sole occupancy unit must be included in the same strata lot as the unit.",Event
Scale: the size of a building in relation to surrounding buildings or landscape.,Event
considering the heritage significance of a heritage item and the extent of change proposed to it,Event
to simplify the regulatory process for smaller-scale low risk artificial waterbodies,Event
To ensure that the provision and location of off-street car parking does not adversely impact the amenity of the precinct,Event
Demolition requires development consent as stated in Clause 2.7 - development_control.,Event
"to encourage sustainable agriculture, including sustainable aquaculture",Event
The precinct is a predominantly medium to high density residential area interspersed with collections of dwelling houses.,Event
Site coverage is also discussed in Clause 4.1.6.3.,Event
To maintain distinctly single-storey streetscapes that exist within the precinct.,Event
To ensure that higher density development demonstrates good urban design and environmental sustainability and provides suitable amenity for occupants of those developments.,Event
"Subdivision or site amalgamation must not compromise the significant features of the existing site or adjoining sites,",Event
Ensure that adequate separation is provided between Building A and Building B to avoid excessive overshadowing and to provide adequate amenity to residents.,Event
A dimension of 2.5 metres is required to be provided adjacent to each boarding house manager’s accommodation,Event
The storage of stormwater where appropriate in developments is necessary,Event
Most of those buildings have small to medium setbacks with landscaping and occasional parking in front.,Event
The flow of stormwater from developments needs to be managed,Event
The Inner West Ashfield DCP was updated in 2016.,Event
To provide more details in relation to the residential development provisions contained in the Inner West LEP 2022.,Event
Jocelyn Avenue is an exception for off street parking,Event
You must strictly output in the following JSON format,Event
"This Chapter to prevail over LEPs In the event of an inconsistency between this Chapter and a local environmental plan or deemed environmental planning instrument that applies to the land to which this Chapter applies, this Chapter prevails to the extent of the inconsistency",Event
This section of the DCP applies to development within the boundary of the precinct as shown in Figure 1: Map of precinct.,Event
Clause 2.12.1 specifies requirements for signage to ensure its compatibility with road safety principles.,Event
The document is called Marrickville DCP 2011 - 2 16 Energy Efficiency.pdf.,Event
Zone R3 Medium Density Residential is defined,Event
Exempt and Complying Development can be processed.,Event
Must not be carried out on land within a wetland of international significance declared under the Ramsar Convention on Wetlands.,Event
Use of mulch or similar treatments of garden beds with mulch depth not less than 100mm,Event
In the event of any inconsistency in the application of different controls the more specific control will apply,Event
"Any new fences must be consistent with the traditional designs used in the area, but using simpler detailing.",Event
The WSUD provisions within this chapter apply to new development and redevelopment within the area.,Event
The Olympia Milk Bar at 190 Parramatta Road is mentioned in Clause PART 9 - heritage,Event
"For pond-based aquaculture and tank-based aquaculture that is also intensive aquaculture—no discharge of freshwater used to intensively cultivate or keep fish to natural waterbodies or wetlands is permitted, except freshwater discharge from open flow through systems.",Event
Do not locate a child care centre on a state road.,Event
To encourage their sympathetic alteration or restoration.,Event
Retain existing views and vistas to open space areas adjace nt to the Cooks River,Event
Acoustic and Visual Privacy was maintained,Event
Clause 6.1.2 - height_limit (development_control): Building height .. . 3,Event
To protect the identified Heritage Items within the prec inct,Event
"Development shall: a. retain the curtilage and setting of the cottage,",Event
The proposed subdivision or amalgamation must have characteristics similar to the prevailing cadastral pattern of the lots fronting the same street.,Event
Petersham (Commercial Precinct 36),Event
this DCP also provides guidelines in addition to the key development standards.,Event
Child care centres in a residential zone will only be acceptable where adverse impacts on the amenity of residents in the neighbourhood can be are avoided or minimised to an acceptable level,Event
Car parking requirements for boarding houses are detailed in Table 1 in Section 2.10 Parking.,Event
To retain the existing employment generating landuses.,Event
To provide lower scale and density buildings along Edith Street.,Event
"Roads in this precinct tend to be quite narrow, with time restricted parking on both sides of the streets.",Event
The rear wing addition can preserve the streetscape presentation of the house if set below the ridge line and if it is not prominent in oblique views between buildings.,Event
"The Dulwich Hill Commercial Precinct Heritage Conservation Area is of aesthetic significance as a largely intact retailing precinct which retains original parapeted roof forms, recessed shopfronts and generally intact first floor shop facades.",Event
"Most streets are able to accommodate off street parking without restricting vehicular access, with the exception of Jocelyn Avenue.",Event
Buildings that make a positive contribution to the character of the HCA should be retained,Event
"and habitat elements (including their condition, structure, function, connectivity and disturbance).",Event
"to reduce consumption of mains-supplied potable water or greenhouse gas emissions related to the use of the land on which a building is located,",Event
The IWLEP adopted amendments to the Leichhardt DCP 2013.,Event
"The development will integrate within the streetscape when considering scale, proportion and massing.",Event
To maintain the structural and aesthetic integrity of the building.,Event
they are types of land use mentioned in the clause,Event
This precinct also contain s a small part of the HCA 28 Dulwich Hill Commercial Precinct Heritage Conservation Area located on Marrickville Road.,Event
granting consent under this clause in respect of a heritage item or heritage conservation area,Event
"To protect groups or runs of buildings which retain their original built form including roof forms, o riginal detailing and finishes",Event
The precinct contains a number of heritage items including ‘Richardsons Lookout’ and ‘Ferncourt Public School’.,Event
"Under the Environmental Planning and Assessment Act, 1979 (EP&A Act),",Event
It deals with floor space ratio (FSR) in development control.,Event
"to promote economic development and the creation of employment in the Western Sydney Employment Area by providing for development including major warehousing, distribution, freight transport, industrial, high technology and research facilities",Event
Government agencies provide public access to documents like the one described.,Event
"an eco-tourist facility means a building or place that— (c) is sensitively designed and located so as to minimize bulk, scale and overall physical footprint",Event
Modifications to the fence of a heritage item must be designed in a manner which contributes to the historic style of the building and streetscape context.,Event
Signage on high-rise buildings (in excess of 15 metres) is limited.,Event
protect significant streetscape and/or public domain elements within the precinct,Event
"the precinct houses three (3) of the Local Government Area’s (LGA) most significant live music venues: the Red Rattler, Marrickville Bowling & Recreation Club, and the Factory Theatre.",Event
public exhibition of the document took place from 25 January to 21 February 2013.,Event
"To provide building heights to fit the context with restricted heights on narrower streets and laneways and taller buildings along the Princes Highway, May Street and Campbell Street.",Event
Front fences are generally low and with the style and materials generally reflecting the period of the dwellings.,Event
To ensure that buildings provide strong definition to the street through retention of the existing nil building setbacks.,Event
"To protect groups or runs of building which retain their original built form including roof forms, original detailing and finishes.",Event
protect the identified Heritage Items within the precinct,Event
"Child care centres in two storeys, or more, buildings must have at least one lift access to all floors, including to any basement parking",Event
The Planning Document is located in the folder docs/dcps/INNERWEST/leichhardt.,Event
Ensure that heritage significance is considered for development involving heritage items,Event
"where industrial activities are permissible, under the provisions of Inner West LEP 2022",Event
Front setbacks and front projections are defined in Clause 2.3.,Event
Zone objectives and Land Use Table are explained in Clause 2.3,Event
Any development of the site must also consider matters such as water reduction and land use and ecology.,Event
"To protect grou ps or runs of buildings which retain t heir original form including roof forms, original detailing and finishes",Event
"to simplify the regulatory process for smaller-scale low risk artificial waterbodies, and routine maintenance of artificial water supply or drainage, in irrigation areas and districts, and for routine and emergency work in irrigation areas and districts",Event
There are new information and changes applied to the document.,Event
On street parking within the precinct is limited due to the large lot industrial characteristics and limited road access.,Event
To encourage their sympathetic alteration or restoration,Event
The precinct contains the HCA 30: Civic Precinct Heritage Conservation Area .,Event
"The precinct contains three Heritage Conservation Areas , being HCA 6 Annanda le Farm Heritage Conservation Area, HCA 7 Kingston West Heritage Conservation Area and HCA 8 Cardigan Street Heritage Conservation Area.",Event
"Parking rates for boarding houses are most constrained in Parking Area 1 (most of Camperdown, Newtown and Enmore area, major commercial strips and around railway stations) and least constrained in Parking Area 3 (outlying areas).",Event
The site and context analysis must demonstrate that the building will sit comfortably with surrounding buildings in terms of its massing.,Event
"Future development on the site is to include employment uses associated with health, education, creative and technology sectors.",Event
The document is part of the Marrickville DCP 2011-7.0 Cover.,Event
The Abergeldie Estate Heritage Conservation Area is contained within the precinct.,Event
To develop building envelopes to strongly define existing,Event
The document is also known as Inner West Local Environmental Plan 2022.,Event
"Under section 4.15 of the Act, Council is required to consider a number heads of consideration as well as the provisions of this DCP when assessing a development application.",Event
The Purpose and Performance Criteria identify the performance outcomes that must be achieved for council to consider granting development consent to a development application.,Event
mapping the 4 coastal management areas that comprise the NSW coastal zone,Event
"The dominant fences are brick, brick and metal, and iron palisade.",Event
To retain existing views and vistas to open space areas adjace nt to the Cooks River,Event
A previous development control plan was created in 2004.,Event
The document was originally created in 2016.,Event
NB Specific detail for fencing in heritage conservation areas (HCAs) is provided in Part 8 (Heritage) of this DCP.,Event
"It is essential that development within those areas consider the potential impacts to biodiversity including native fauna (including Threatened Species and Endangered Populations), native vegetation (including Endangered Ecological Communities), and habitat elements (including their condition, structure, function, connectivity and disturbance).",Event
"Development consent, by way of a new application must be sought for any continuing use on the newly proposed lots,",Event
"To support pedestrian and cyclist access, activity and amenity including maintaining and enhancing the public domain quality.",Event
"it is mentioned as a requirement in the clause with a reference number (3, 8)",Event
High solid walls and fences must be avoided as they detract from the streetscape and impede passive surveillance.,Event
"It is essen tial that development within tho se areas consider s the potential impacts to biodiversity including native fauna (including T hreatened S pecies and Endangered P opulations), native vegetation (including Endangered Ecological C ommunities), and habitat elements (including their condition , structure, function, connectivity and disturbance).",Event
To protect existing industrial lands required to service Sydney Airport and Port Botany,Event
Assessing all applications against basic CPTED design principles,Event
Development applications for boarding houses will be assessed,Event
It aims to revitalise and renew the area,Event
land is identified as critical habitat under the Threatened Species Conservation Act 1995 or Part 7A of the Fisheries Management Act 1994,Event
"Where there is to be a strata plan of subdivision, any space for parking or other purposes forming a part of a sole occupancy unit must be included in the same strata lot as the unit.",Event
Development within those areas considers the potential impacts to biodiversity,Event
To protect the identified values of the Petersham South (Norwood Estate) and the Morgan Street Heritage Conservation Areas.,Event
Development consent is mentioned in Clause 8.1.5.,Event
This document has undergone amendments from the IWLEP in 2022.,Event
"Contaminated land means land in, on or under which any substance is present at a concentration above the concentration at which the substance is normally present in, on or under (respectively) land in the same locality,",Event
"New dwellings close to high noise sources such as busy roads, rail lines and industry must be designed to locate habitable rooms and private open spaces away from noise sources or protect those areas with appropriate noise shielding devices",Event
Clause 4.2.1 - zoning (land_use_zoning): To ensure new development is compatible with the existing zoning and desired future character of the locality.,Event
to identify aquaculture that is to be treated as designated development using a well-defined and concise development assessment regime based on environment risks associated with site and operational factors.,Event
Car parking requirements for boarding houses are detailed,Event
Council considers the possibility that a previous land use or environmental factors surrounding a specific site have caused contamination at the site.,Event
You must **strictly output in the following JSON format**,Event
"Clause 4.3.3 - zoning (land_use_zoning): Development applications for boarding houses in the R1 – General Residential, R3 – Medium Density Residential and R4 – High Density Residential zones will be assessed in accordance with the relevant controls in Section 4.2 of this DCP relating to multi dwelling housing and residential flat buildings and the relevant objectives and controls in Section 4.3.",Event
Contemporary policies also meet current demand and allow for future demand for bicycle parking a nd parking for carshare and environmental vehicles.,Event
"Development shall retain the simple character and proportions of the elevations visible from the street,",Event
New development should respect the scale and massing of existing buildings in the HCA.,Event
Numerous buildings have allocated space for off-street parking within their respective site.,Event
"Vehicle access, parking, loading and services were controlled by Clause 5.1.6",Event
To ensure the impact of urban housing on the amenity of surrounding properties and the streetscape is a prime and initial consideration in the preparation and assessment of development proposals.,Event
Any plantings are to enhance fauna habitat and to be local species endemic to the area,Event
Specific developments are required to meet water conservation and stormwater quality targets.,Event
The document is located in the directory docs/dcps/INNERWEST/,Event
To protect the identified values of the Kingston South Heritage Conservation Area.,Event
"Ground floor uses are to provide street level activation, passive surveillance and opportunities for social interaction around:",Event
Creative industries are a type of light industry,Event
"Reduce the consumption of potable water through water efficient fittings and appliances, rainwater harvesting and wastewater reuse.",Event
Clause 5.1.2 deals with zoning for commercial and mixed use developments.,Event
Due to the history of the land in this area the vast majority of the precinct is identified as flood affected.,Event
State Environmental Planning Policy (Building Sustainability Index: BASIX) 2004 (BASIX SEPP) requires new residential developments to be energy and water efficient.,Event
Development on 170 View Street is to respect the building heights and roof forms of the adjoining View Street properties and is to have a maximum ridge height of RL14.5.,Event
"Designs for new buildings, or additions which will be visible from the street, should incorporate those features to ensure consistency with the streetscape.",Event
car parking fences (style and height),Event
The budget was approved by management.,Event
PV panels and solar hot water systems must be placed where there is minimal or no adverse impacts on the streetscape or architectural integrity of the host building.,Event
maintain distinctly single storey streetscapes that exist within the precinct,Event
"to ensure that development occurs in a logical, environmentally sensitive and cost-effective manner and only after a development control plan (including specific development controls) has been prepared for the land concerned,",Event
"the precinct contains a mixed character, though, overall, it is dominated by industrial land uses",Event
the precinct houses three (3) of the Local Government Area’s (LGA) most significant live music venues,Event
A BASIX Certificate demonstrates compliance with the NSW Government’s reduction targets for potable water consumption and greenhouse gas emissions,Event
Zone R1 General Residential is defined,Event
The precinct contains the Wells Avenue Heritage Conservation Area and the Stanley Street Heritage Conservation Area.,Event
The Planning Document is titled Marrickville DCP 2011,Event
"The design of a boarding house is to be compatible with the character of the local area, and ensure there are no negative impacts on the amenity of the local area.",Event
To protect the identified heritage items within the precinct,Event
"Councillor Sam Iskandar, Mayor of Marrickville at the time, welcomed the adoption of the DCP.",Event
The planning document is related to Marrickville DCP.,Event
To encourage complementary medium density and residential flat building development in the Ann Street and Arthur Street area.,Event
it deals with Equity of Access and Mobility,Event
Development within the precinct will need to have regard to this section of the DCP as well as other relevant provisions in the DCP.,Event
A public exhibition of the draft plan was held from October to December 2005.,Event
Refer to Part 8 (Heritage) of this DCP for detailed c ontrols and guidelines,Event
Parking spaces must be included in the same strata lot as the unit,Event
Building height is limited to 3,Event
The controls in Section 4.1 relate to low density residential development and objectives in Section 4.3.,Event
"Extensions are only permitted to the rear of the existing dwelling, extensions are not permitted to the side of an existing dwelling",Event
A child care centre is on the site of a heritage item,Event
Most buildings are built to the street with a nil setback.,Event
The arrangement of new lot boundaries must not create any non-compliances with any controls within this DCP.,Event
these buildings have historical significance.,Event
Development considers all potential impacts to biodiversity.,Event
The purpose of this DCP is to supplement the provisions of Inner West LEP 2022 and provide more detailed provisions to guide development,Event
Before submitting a development application applicants are required to refer to the National Quality Framework.,Event
"Under Section 4.15 of the EP & A Act, Council is required to consider the relevant provisions of this DCP when assessing a development application.",Event
Council is unable to approve a development application for residential development that does not achieve the minimum BASIX ratings.,Event
The document's purpose was to ensure compliance with regulations.,Event
building mass and height is regulated by Clause Section 2 - height_limit (development_control):,Event
"Legible design and way finding features, such as signs and international symbols and indicators",Event
Zoning regulations are essential for controlling such developments.,Event
Massing and setbacks were controlled by Clause 5.1.3.3,Event
Clause 7.3.1 - other (development_control) aims to protect the locality's amenity.,Event
"Ensuring the orderly, efficient and environmentally sensitive development of the precinct",Event
The Planning Document was adopted by Marrickville Council in 2010.,Event
The remaining carriageway being narrow single vehicle access,Event
Zoning of land to which Plan applies is specified.,Event
Clause 4.2.3 - fsr_control (development_control) has not been mentioned,Event
ROZELLE was documented as a late night trading zone.,Event
To protect the identified values of the Inter -War Group Heritage Conservation Area.,Event
encouraging the development of housing for vulnerable members of the community,Event
land is reserved or dedicated under the Crown Land Management Act 2016 for environmental protection purposes,Event
A HIS or CMP is required in Clause 8.1.8.,Event
To ens ure that the provision and location of off -street car parking doe s not adversely impact the amenity of the precinct.,Event
it deals with Airport Height Control,Event
"The proposal will also need to comply with the relevant heritage planning controls contained in Part 8 of this DCP, where a boarding house is on the site of a heritage item or within a heritage conservation area.",Event
The flow of stormwater from developments needs to be managed so as to negate or reduce to an acceptable frequency the possibility of flooding buildings and/or the danger to life at any location,Event
"the lots must be consolidated into one parcel, and the plan of consolidation lodged with the relevant authority",Event
Planning Document: docs/dcps/INNERWEST/Marrickville/Marrickville DCP 2011 - 2 16 Energy Efficiency.pdf,Event
it deals with Social Impact Assessment,Event
To ensure that the provision and locati on of off-street car parking does not adversely impact the amenity of the precinct.,Event
There was little consideration for its major role in maintaining the local ecology.,Event
Planning Document: docs/dcps/INNERWEST/leichhardt/Foreshore Flood Control Lot Map - Northern view.pdf was created.,Event
"For bicycles, provision rates are prescribed uniformly across the where this DCP applies.",Event
There is a consistent nil setback on the western side of Bridge Road.,Event
"However, too much signage creates visual clutter, detracts from the streetscape quality and reduces the effectiveness of advertising.",Event
To protect the identified values of the Inter -War Group Heritage Conservation Area,Event
Acoustic and Visual Privacy is dealt with in Clause 2.6,Event
Principal development standards are outlined in Part 4 of the plan,Event
"To achieve sustainable and climatically responsive development that maximises the environmental performance of buildings, facilities and infrastructure.",Event
"The block to the east contains a mix of large and smaller lots, predominantly containing two storey industrial buildings and associated car parking.",Event
The document contains a precincts map.,Event
Species of fish or marine vegetation cultivated or kept must be consistent with the relevant aquaculture industry development plan,Event
promoting the planning and delivery of housing in locations with existing infrastructure,Event
Where there is to be a strata plan of subdivision,Event
Contributory buildings were considered in Clause 5.1.1,Event
"Access control uses physical and symbolic barriers to attract, channel or restrict the movement of people in order to make it clear where people are permitted to go or not go.",Event
Ensure new development maintains the same setback and enhances the streetscape character of the locality,Event
Minimum access requirements for boarding houses are provided,Event
Landscaping should be used to enhance the character of the HCA.,Event
the controls in this section shall prevail in relation to development on the site,Event
Zone B8 Metropolitan Centre is defined,Event
Zone E3 Productivity Support is defined,Event
The Planning Document is titled Leichhardt DCP 2013-15.,Event
This Chapter promotes an integrated and co-ordinated approach to land use planning in the coastal zone by managing development in the coastal zone.,Event
"Safety measures, including contrasting colours for points of danger, slip resistant travel surfaces and appropriate positioning of street furniture, public art installations, signage or any other obstacles,",Event
The council adopted Marrickville DCP 2011 in 2006.,Event
Zone B2 Local Centre is defined,Event
"Change should be based on an understanding of heritage significance, and The level of change should respect the heritage significance of the item or area.",Event
Clause PART 9 - parking (development_control): private parking area,Event
"All outlets from culture ponds, tanks and other culture facilities must be screened to avoid the escape of fish",Event
Car parking requirements exist.,Event
On-street parking is generally on both sides of the street,Event
The installation of a photovoltaic system may be granted development consent when it can be shown that the installation will not result in negative impacts on amenity.,Event
Clause 2.4 - height_limit (development_control) is also described,Event
not result in any irreversible alteration or damage to the fabric of the building,Event
Areas within parts of the precinct have been identified as having high biodiversity values within the LGA.,Event
Development applications for child care centres in R2 – Low Density Residential Zone will be assessed in accordance with Section 4.1 of this DCP.,Event
IWLEP amended the document in 2022,Event
A Plan of Management is required for a boarding house,Event
To protect the identified Heritage Items within the precinct,Event
The changes were designed to improve amenity and livability in these areas.,Event
the WSUD provisions within this chapter apply to new development and redevelopment within the area.,Event
reduce the structural integrity or have an adverse impact on the setting or significance of any property listed as a Heritage Item in Schedule 5 of the Inner West LEP 2022,Event
Water Management Statement is to be included with all development applications where building works or subdivision is proposed.,Event
To encourage the use of external lighting to improve the safety and security of property by increasing opportunities for casual surveillance and deterring illegal access.,Event
Single storey streetscapes that exist within the precinct are to be maintained.,Event
Energy efficiency requirements fo r boarding houses are detailed in Section 2.16.2,Event
Clause 4.2.5 has not been mentioned,Event
The following maximum height limits relate to the building heights (in metres) and floor space ratio controls set in MLEP 2011.,Event
This document is related to the inner west region and the planning process.,Event
Two vehicular access/egress points are to be located per Figure G44.,Event
Unzoned land is mentioned in Clause 2.4,Event
Heritage conservation areas if located within a precinct are referenced.,Event
The flow of stormwater from developments needs to be managed so as to negate or reduce to an acceptable frequency the possibility of flooding buildings and/or the danger to life at any location.,Event
"In the event of an inconsistency between this section and the remaining provisions of this DCP,",Event
Front setbacks and front projections,Event
Setbacks.... . 14,Event
The precinct contains HCA 28 Dulwich Hill Commercial Precinct Heritage Conservation Area.,Event
Signs at a lower level than 2600mm above the footpath are restricted.,Event
Clause 2.3 - zoning (land_use_zoning): Zone objectives and Land Use Table does not cover all areas.,Event
Existing fences must be retained where they are consistent with the period style of the building.,Event
Building heights across the precinct range from single storey residential and industrial buildings to three to four storey commercial/industrial buildings and a recent six storey residential flat building on the southern corner of May Street and the Princes Highway.,Event
"When assessing a development application Council must take into account the provision for ease of use and comfort through appropriate gradients, rest areas, circulation space and user friendly entrances,",Event
The precinct contains the Petersham Commercial Precinct Heritage Conservation Area HCA 25. Refer to Part 8 (Heritage) of this DCP for detailed controls and guidelines.,Event
Designated development requires further processing.,Event
To preserve the predominantly low density residential character of the precinct,Event
Opportunities for greater building height exist along the Princes Highway,Event
Subdivision or site amalgamation must not compromise the significant features of the existing site or adjoining sites,Event
"The Leichhardt Development Control Plan 2013 will assist Council in making important decisions about the physical environment and activities within it to support the wider social and economic needs and community aspirations on land where this DCP applies, including the special and individual needs of the old, young, disabled, indigenous and those from diverse cultural backgrounds.",Event
Building heights across the precinct range from single storey residential and industrial buildings to three to four storey commercial/industrial buildings and a recent six storey residential flat building on the southern corner of Ma y Street and the Princes Highway.,Event
"Decks, balconies and verandas along side boundaries and noisy walking surfaces or elevated side passages must be avoided where they face a residential building",Event
"Building heights, setbacks, landscaping and architectural style respond to the desired future character.",Event
setbacks are regulated by Clause Section 2 - setback (development_control):,Event
Development should preserve items of heritage significance,Event
The planning document includes clause G4.4 about transport and parking.,Event
Disturbances caused by insufficient off -street parking,Event
Marrickville DCP 2011 - 7.0 Cover.pdf is a cover page of the document.,Event
"heritage items, buildings and sites within heritage conservation areas, and archaeological sites and places of Aboriginal heritage significance require consideration for development",Event
There is a height limit across the precinct.,Event
Public comment on the document has been invited.,Event
The identified Heritage Items within the precinct are to be protected.,Event
That site is a Heritage Item of State and local significance.,Event
Ponds must be capable of being drained or pumped and then completely dried for pond-based aquaculture that is also intensive aquaculture,Event
The community was invited to comment on the proposal during this period.,Event
It is essential that development within the precinct considers the potential impacts to biodiversity,Event
"In the southern end of the precinct, the larger lot sizes and later era of the housing stock means that some dwellings have access to rear garages via side driveways.",Event
Local Environmental Plans often undergo updates and revisions after initial adoption.,Event
The consent authority must consider the effect of the proposed development on the heritage significance of the place.,Event
Zone E2 Commercial Centre is defined,Event
The planning document includes clause G5.1 about heritage.,Event
Clause 2.2 - zoning (land_use_zoning): Zoning of land to which Plan applies establishes the basis for zone objectives.,Event
To protect the identified heritage values of the Petersham Commercial Precinct Heritage Conservation Area.,Event
The introduction of this policy occurred in 2008.,Event
The document was released in 2011.,Event
The document is titled 'Inner West Ashfield DCP 2016',Event
land is listed on the State Heritage Register under the Heritage Act 1977,Event
The planning document needs to be named.,Event
To protect the identified period buildings within the precinct.,Event
"This DCP encourages restoration, sympathetic alterations and additions and infill development that retains and enhances the area where this DCP applies unique character.",Event
The installation of a photovoltaic system may be granted development consent when it can be shown that the installation will not result in irreversible alteration.,Event
To protect significant streetscape and/or public domain elements within the precinct,Event
This section of the Development Control Plan (DCP) is part of the Marrickville DCP.,Event
"Thornley Street has been identified as a scenic protection area for its unique environmental features and landscape, cultural and scenic qualities including lookouts, rocky outcrops, cliff faces, remnant bushlands, steep slopes, natural watercourses and escarpments (as outlined in MDCP 2011 Section 2.14 Unique Environmental Features).",Event
Council supports the development of streets that are attractive and safe for all members of the local community.,Event
"To protect groups or runs of buildings which retain their original built form includ ing roof forms, original detailing and finishes.",Event
The heights of proposed buildings must conform to the controls in Figure 26.1.,Event
The document is located at 9 35 Parramatta Road,Event
"To facilitate efficient parking, loading and access for vehicles that minimises impact to streetscape appearance, commercial viability and vitality and pedestrian safe ty and amenity.",Event
"To protect significant streetscape s and/or public domain elements within the precinct including landscaping, fencing, open space, sandstone kerbing and guttering, views and vistas and prevailing subdivision patterns.",Event
Undertaking a crime risk assessment for specifically identified development types.,Event
The planning document is titled State Environmental Planning Policy (Exempt and Complying Development Codes).,Event
To ensure that there are active commercial fronts to new buildings facing onto streets to create a vibrant and safe streetscape.,Event
The planning document is located in Marrickville.,Event
The land-use pattern of the precinct is predominantly low density residential areas with some medium density development.,Event
Original sign panels incorporated into building facades must be retained.,Event
To ensure that development in the foreshore area will not impact on natural foreshore processes or affect the significance and amenity of the area.,Event
The planning document includes clause G6.11 about building bulk.,Event
"Council will not approve a development application that cannot meet all parts of the Purpose or all Performance Criteria, where relevant.",Event
This title reflects the plan's original creation date.,Event
"Burrows Road South contains unrestricted parallel parking on both sides, and has good pedestrian access with footpaths on both sides of the street.",Event
To maintain distinctly single storey streetscapes that exist within the precinct,Event
Planning Document: docs/dcps/INNERWEST/Marrickville/Marrickville DCP 2011 - 4 0 Cover.pdf is available for reference.,Event
To provide more details on the residential standards contained in Marrickville Local Environmental Plan 2011 (MLEP 2011).,Event
The Inner West Local Environmental Plan was first introduced in this format in 2022.,Event
Site coverage limits are set.,Event
development within the precinct considers the potential impacts to biodiversity,Event
To protect the identified values of the Lewisham Estate Heritage Conservation Area,Event
"To ensure that development is carefully designed, constructed and maintained to minimise impacts on the water cycle",Event
The planning document is named Leichhardt DCP 2013.,Event
Zone IN3 Heavy Industrial is defined,Event
"The operations of the shopping centre have the potential to impact on the amenity of residential areas by way of noise and other emissions, parking and traffic generation.",Event
Reversal of unsympathetic alterations and modifications is encouraged.,Event
To protect and enhance the identified period buildings within the precinct and encourage their sympathetic alteration or restoration.,Event
This section of the DCP sets out detailed objectives and controls for CPTED against which Council will assess all developments.,Event
There are no Heritage Conservation Areas contained within the precinct.,Event
The planning document was created in 2011.,Event
Ensure buildings along Edith Street respect their interface with low density residential development.,Event
The Council adopted the Leichhardt DCP 2013.,Event
"Development shall maintain the original form and integrity of the building as it presents to the street and public domain,",Event
"Flood certificate means a certificate obtained from Council which provides flooding information for the area in the vicinity of a particular property including peak water levels, depths and flow rates for the 100 year ARI,",Event
"For a definition and map of Parking Areas, refer to DCP Section 2.10 Parking.",Event
a dimension of 2.5 metres is required to be provided,Event
Proposed developments need to reflect and complement the identified values of individual Heritage Items.,Event
it contributes to its heritage significance,Event
encouraging the development of housing that will meet the needs of more vulnerable members of the community,Event
Must be designed or constructed on land so that it will not be inundated by the discharge of a 1:100 ARI (average recurrent interval) flood event,Event
Petersham Inn Hotel on the western corner with Phillip Street is mentioned in Clause PART 9 - heritage,Event
To preserve the predominantly low density residential character of the pre cinct.,Event
The Marrickville DCP is a planning instrument for the area.,Event
Creative industries are defined in this Dictionary.,Event
"Too much signage creates visual clutter, detracts from the streetscape quality and reduces the effectiveness of advertising.",Event
"To maintain a reasonable level of amenity for neighbours by ensuring development has minimal impact on neighbouring/adjoining properties in terms of building dominance (bulk and scale), overshadowing and privacy (both visual and acoustic).",Event
protect and preserve the identified period buildings within the precinct,Event
The policy is related to exempt and complying development codes.,Event
"To ensure all loading and unloading, turning movements, queuing and parking of vehicles occurs wholly within the site",Event
"to rezone land for employment, environmental conservation or recreation purposes",Event
"Buildings in Burrows Road South are generally contemporary, low rise (up to two storeys) industrial buildings of varying materials.",Event
Clause 2.1 - zoning (land_use_zoning) is defined,Event
Car parking requirements for child care centres must be considered.,Event
granting consent to any development on land on which a heritage item is located,Event
The document was amended by IWLEP in 2022.,Event
"To provide an appropriate built form response in terms of bulk, massing, height, separation, setbacks, amenity, articulation and modulation.",Event
To protect the identified period buildings within the precinct,Event
Zone E4 General Industrial is defined,Event
A Plan of Management is required for a boarding house.,Event
Evidence of this history is still visible today with the Sewerage Pumping Station No. 271 located at the northern section of the precinct.,Event
Heritage Items and Contributory buildings must be retained and conserved.,Event
To preserve the predominantly low density residential character o f the pr ecinct,Event
This Development Control Plan includes objectives and controls which will assist Council to implement its strategic direction as outlined in the adopted Leichhardt Community and Cultural Plan 2011-2021.,Event
"To protect the integrity and ongoing retention of the existing industrial zoned land, particularly those identified as being of state significance",Event
Parking policy is an important component of promoting sustainable transport and planning for liveable and economically viable communities.,Event
"To protect the identified values of the Annandale Farm Heritage Conservation Area, the Kingston West Heritage Conservation Area and the Cardigan Street Heritage Conservation Area .",Event
"The site and context analysis must demonstrate that the building is well proportioned, both as an individual element and within the streetscape.",Event
Clause 5.1.1 deals with heritage issues related to contributory buildings.,Event
Solar Access and Overshadowing was analyzed,Event
"are to install rainwater tanks to meet all non-potable demands, including outdoor use, toilets, and laundry.",Event
Development applications for boarding houses in R2 – Low Density Residential zone will be assessed,Event
"To protect significant streetscape s and/or public domain elements with in the precinct including landscaping, fencing, open space, sandstone kerbing and guttering, views and vistas and prevailing subdivision patterns.",Event
The planning document has specified the zones where development applications will be assessed.,Event
Gravity Pipe System is necessary for developments under Clause 2.25.2,Event
To protect the identified values of the Audley Street South (Bayswater Estate) Heritage Conservation Area and the Norwood Park Estate Heritage Conservation Area,Event
not reduce the structural integrity of or involve structural alterations to any building to which it is attached,Event
"To ensure advertising does not cause amenity loss, or have a detrimental effect on the natural or built environment or the safety, appearance or efficiency of any public area.",Event
The transition between taller development and adjacent lower scaled buildings must be done with development of an intermediate scale.,Event
It was created under the New South Wales legislation system.,Event
"It is essential that development with the precinct considers the potential impacts to biodiversity including native fauna (including Threatened Species and Endangered Populations), native vegetation (including Endangered Ecological Communities), and habitat elements (including their condition, structure, function, connectivity and disturbance).",Event
"Where adjoining a building that is substantially taller than the prevailing streetscape height, the development achieves a height that provides a transition between the taller building and the prevailing streetscape height.",Event
"Residential and community life free from nuisance arising from noise, vibration, smell, fumes, smoke, vapour, steam, soot, ash, dust, waste water, waste products or grit is included in amenity.",Event
"Development within the scenic protection area must be: of a scale compatible with the character, landscape and scenic qualities of the area",Event
IWLEP made an amendment to the document in 2022.,Event
the flow of stormwater from developments needs to be managed so as to negate or reduce to an acceptable frequency the possibility of flooding buildings and/or the danger to life at any location,Event
Over -the-counter verbal advice is provided.,Event
Airport Height Control is dealt with in Clause 2.4,Event
Clause 4.2.9 has not been mentioned,Event
The Leichhardt Development Control Plan 2013 will assist Council in making important decisions about the physical environment and activities within it,Event
The document has amendments from IWLEP in 2022,Event
Clause 3.4.1 - height_limit (development_control),Event
The top of the southern boundary wall adjacent to No. 231 Johnston Street is to be a maximum of RL18.10 to reduce the overshadowing to the rear yard of No. 231 Johnston Street.,Event
It had an amendment made by IWLEP in 2022.,Event
For pond-based aquaculture that is also intensive aquaculture—ponds must be capable of being drained or pumped and then completely dried.,Event
A Plan of Management is required for a boarding house in accordance with A.2.6 of MDCP 2011,Event
managing development in the coastal zone and protecting the environmental assets of the coast,Event
Enhance the character and heritage significance of heritage items and heritage conservation areas and ensure that infill development is designed to respond positively to the heritage character of adjoining and nearby heritage buildings and heritage features in the public domain.,Event
Must not be carried out on vacant Crown land.,Event
This document was adopted in 2022.,Event
Clause 3.4.3 - setback (development_control),Event
it can be viewed with Adobe Acrobat or other compatible software.,Event
To ensure signage retains the visual prominence and integrity of the roof and silhouette form of the business centre.,Event
Zone B5 Business Development is defined,Event
To require high quality urban design and accessible and adaptable accommodation.,Event
Clause 4.2 provides core controls and objectives relevant to multi dwelling housing and residential flat buildings.,Event
Zone B4 Mixed Use is defined,Event
Areas within the precinct have been identified as having high biodiversity values within the LGA.,Event
"To protect significant streetscape s and/or public domain elements within the precinct including landscaping, fencing, open space, sandstone kerbing and guttering, views and vistas and prevailing subdivision patterns",Event
Subdivision must not compromise the significant features of the existing site or adjoining sites.,Event
The planning document is located in a directory called 'docs/dcps/INNERWEST/leichhardt/'.,Event
not reduce the structural integrity of or involve structural alterations to any building to which it is attached that may adversely impact the significance of the building,Event
1.3 ROZELLE was also listed as a section under SECTION 1.,Event
The Planning Document was placed on public exhibition in June 2011.,Event
Development Application means an application made under the Environmental Planning and Assessment Act 1979 for consent or permission to carry out development.,Event
To protect and preserve the identified period buildings within the precinct.,Event
Any underawning sign in excess of 2500mm x 400mm is not allowed.,Event
"Non-residential areas include land zoned B1 Neighbourhood Centre, B2 Local Centre, B7 Business Park, IN1 General Industrial and IN2 Light Industrial under the Inner West LEP 2022.",Event
"Legible design and way finding features, such as signs and international symbols and indicators,",Event
vehicles must cross pedestrian footpaths to access parking,Event
Corner properties must have splayed corner(s) for road widening purposes and to improve sight lines at intersections,Event
The former Waratah flour mills and associated buildings (also heritage items) along the railway line are land mark buildings within this precinct and can be seen from a number of streets.,Event
Council needs to consider Section 4.15 of the Environmental Planning and Assessment Act 1979 (EP&A Act) and the Inner West Local Environmental Plan 2022 (IWLEP 2022) and policies.,Event
Environmental protection.... . 12,Event
"The buildings in Burrows Road South are generally contemporary, low rise (up to two storeys) industrial buildings of varying materials.",Event
Energy efficiency requirements for boarding houses are detailed in Section 4.3.3,Event
To ensure that new development at the rear upper levels is a maximum of four storeys and is designed to be subservient to retained portions of contributory buildings or infill development to the street building front.,Event
and therefore reinforces its heritage significance.,Event
There are no Heritage Conserva tion Areas contained within the precinct.,Event
"Alterations to elevation openings visible from the public domain, forms and/or detailing (including external hoods, shutters and the like) may only be approved where there is evidence that such details previously existed at that property.",Event
"Must not be carried out on the following land, except to the extent necessary to gain access to water",Event
Areas within the precinct have been identified as having high biodiversity.,Event
The map is included in the Marrickville DCP 2011 document.,Event
The front setbacks and front projections must be considered.,Event
The IWLEP amendments were made in 2022.,Event
Clause 2.3 lists different types of zones.,Event
"In the southern end of the precinct, the larger lot sizes and later era of the housing stock means that some dwellings have access to rea r garages via side driveways.",Event
To ensure new development at rear upper levels is a maximum of five storeys and is designed to be subservient to retained portions of contributory buildings or infill development to the street building front.,Event
Many of the building modifications which have occurred to date are unsympathetic with their heritage values.,Event
A timeline for the project was established.,Event
"to rezone land for employment, environmental conservation or recreation purposes,",Event
"To ensure all advertising achieves a high level of design quality and is compatible with the architectural design of the host building, the character of the streetscape and the size and juxtaposition of other signs in the immediate vicinity.",Event
Clause G6.10 is about BUILDING HEIGHT,Event
This Development Control Plan is the Leichhardt Development Control Plan 2013.,Event
Car parking requirements for boarding houses are detailed and lower than for residential flat buildings,Event
"Clause 6.1 - zoning (land_use_zoning): This part generally applies to all land within the IN1 General Industrial zone, IN2 Light Industrial zone and some commercial zones",Event
Curtilage is defined as the area of land surrounding a heritage item or conservation area.,Event
it has a cover page,Event
"Alterations and additions to existing buildings, when the extent of work exceeds 50 percent of the existing building area, are also affected.",Event
Clause 4.3.3 - parking (development_control): Car parking requirements for boarding houses are detailed in Table 1 in Section 2.10 Parking.,Event
To ensure that the design of higher density development protects the residential amenity of adjoining and surrounding properties.,Event
adjacent to each boarding house manager’s accommodation,Event
To ensure all development applications are assessed against the four core CPTED principles to enhance community safety.,Event
it is identified as a priority area for revitalisation and renewal,Event
"When obsolete, photovoltaic panels should be removed from the roof and where possible, sent to a recycling facility",Event
Each planning precinct has its own distinct character and provides an important contextual basis for establishing appropriate types of development in association with other controls within the DCP.,Event
Here is the passage.,Event
development on land wholly in any of the following zones—,Event
The DDA also makes it unlawful for public places to be inaccessible to people with a disability.,Event
"Off street parking is typically a side driveway except where lots are too small and on-street parking prevails (for example, parts of Union, Arlington and Abergeldie Streets).",Event
Clause 5.1.3.2 follows Clause 5.1.3.1.,Event
Applicants are required to lodge a statement with the development application.,Event
"To provide buildin g heights to fit the context with restricted heights on narrower streets and laneways and taller buildings along the Princes Highway, May Street and Campbell Street.",Event
It seeks to ensure that people with a disability have the same rights to equality before the law as the rest of the community.,Event
"notify the local Aboriginal communities, in writing or in such other manner as may be appropriate, about the application",Event
"To ensure all loading and unloading, turning movements, queuing and parking of vehicles, including delivery vehicles associated with the new development, occurs wholly within the site",Event
A dimension of 2.5 metres is required to be provided.,Event
All buildings are to incorporate passive cooling methods that rely on improved natural ventilation to supplement or preclude mechanical cooling,Event
"Building mass on the first and second storey must: a. Generally be massed in a U shape, to the southern, eastern and northern side of the property, and open as a courtyard in the middle, b. Be setback 1 metre from the southern boundary, 1 metre from the eastern boundary, 1 metre from the northern boundary (from the north-eastern corner to a point in line with the southeastern edge of the residential flat building located on No. 2B Gladstone Street, Newtown), and 6 metres from the northern boundary (from a point in line with the south-eastern edge of the residential flat building located on No. 2B Gladstone Street, Newtown to the north-western corner of the first and second storey mass), and c. Have approximately a 15 metre envelope depth.",Event
Zone B3 Commercial Core is defined,Event
The desired future character of the area is: To protect and preserve the identified period buildings within the precinct and encourage their sympathetic alteration or restoration.,Event
Solar access requirements for boarding houses are detailed in Section 2.7.5.2,Event
The document is for Marrickville DCP 2011.,Event
"Clause PART 9 - height_limit (development_control): Building heights are mostly 2 to 3 storeys, interspersed with some larger buildings.",Event
To ensure new development is compatible with the operations of Sydney Airport,Event
Clause 9.16.2 - heritage (heritage): To protect and preserve the identified period buildings within the precinct and encourage their sympathetic alteration or restoratio n,Event
"The parking rates for boarding houses are most constrained in Parking Area 1 (most of Camperdown, Newtown and Enmore area, major commercial strips and around railway stations) and least constrained in Parking Area 3 (outlying areas).",Event
Building setbacks are addressed in Clause 4.1.6.2.,Event
The Alexandra Canal runs generally along the eastern boundary of the precinct.,Event
The height of buildings on Dulwich Grove land is regulated by Clause 7.2,Event
To create a vibrant and safe streetscape by encouraging active commercial fronts facing streets at ground floor level.,Event
The planning document is for Marrickville DCP 2011.,Event
"The dominant fences are brick, bric k and metal, and iron palisade.",Event
Underawning signs in excess of 2500mm x 400mm are prohibited.,Event
Social Impact Assessment was performed,Event
The lots must be consolidated into one parcel,Event
curtilage has been destroyed,Event
Clause 3.1 - zoning (land_use_zoning),Event
Zone IN2 Light Industrial is defined,Event
Clause 4.1.7 deals with parking.,Event
Height limitations are established.,Event
Airport Height Control was implemented,Event
"Development applications for boarding houses in the B1 - Neighbourhood Centre Zone, B2 - Local Centre Zone and B4 - Mixed Use zones will be assessed in accordance with Section 5 and Section 4.3",Event
Other existing trees upon the site or close to boundaries with adjoining sites must also be considered,Event
"Generally, off-street parking is also available within the precinct.",Event
"To respect the values of Heritage Items, including fabric and setting.",Event
Development adjoining public open space must be set back from open space and be of a height and scale appropriate to the unique environmental qualities of the area.,Event
Equity of Access and Mobility was ensured,Event
This Chapter aims to protect and enhance the land to which this Chapter applies (the Western Sydney Employment Area) for employment purposes.,Event
Shop top housing developments at the eastern end of the precinct are up to 7 storeys high according to Clause PART 9 - height_limit,Event
Side setback areas and gardens should not be filled in,Event
MLEP 2011 specifically regulates where sex services premises may be located,Event
Development in the vicinity of a heritage item is mentioned in Clause 8.1.7.2.,Event
"Where a child care centre is on the site of a heritage item or within a heritage conservation area,",Event
"To ensure orderly development on masterplan sites in accordance with the principles of the masterplan vision, including allotment amalgamations",Event
The entire precinct is reserved SP2 Infrastructure (Classified Road).,Event
It has an amendment number and a date November 2023.,Event
The precinct contains HCA 28 Dulwich Hill Commercial Precinct Heritage Conservation Area. See Part 8 (Heritage) of this DCP for detailed controls and guidelines.,Event
"To consider building location, design and car parking in order to maximize use of public transport.",Event
Places of Aboriginal heritage significance are mentioned in Clause 8.1.11.,Event
"Frontages of allotments to be developed for light industrial purposes (in zones where light industry is a permissible land use under Inner West LEP 2022) will be assessed on factors such as location of the site, access to the site, streetscape and surrounding development.",Event
"To minimise amenity impacts upon adjoining land uses, particularly residential and other sensitive land uses",Event
"In areas of the precinct where off street parking is provided, it is most frequently at the rear of the property accessed by a rear lane or via a side driveway",Event
Undertaking a crime risk assessment for specifically identified development types,Event
MLEP 2011 specifically regulates where sex services premises may be located.,Event
"This includes the following suburbs: Ashbury, Ashfield, Croydon, Croydon Park, Haberfield, Hurlstone Park and Summer Hill.",Event
"To protect the integrity and on-going retention of the existing industrial zoned land, particularly those identified as being of State significance.",Event
To protect the identified values of the Lewisham Estate and Hoskins Park & Environs Heritage Conservation Areas.,Event
SECTION 1 - LATE NIGHT TRADING MAPS were documented.,Event
Disturbances caused by insufficient off-street parking,Event
the consent authority has advised the applicant in writing that it is satisfied with the proposed development,Event
"To balance the need to meet car parking demand on-site to avoid excessive spillover on to streets , with the need to constrain parking to maintain the area’s compact urban form and promote sustainable transport.",Event
"The precinct will accommodate some minor service retail, commercial offices and showrooms as well as studio, cafe and restaurant spaces.",Event
This Chapter applies to land within the coastal zone,Event
development must protect views to and from public open spaces (Clause C5),Event
Healthy soil is to be maintained through the incorporation of compost and well-rotted manure without excess nitrogen.,Event
there were multiple sections related to late night trading maps.,Event
To maintai n public access to tho se areas,Event
Clause 2.3 - site_analysis (development_control) is also described,Event
Marrickville DCP 2011 - 9 0 Cover is a document type,Event
"Additions to an existing building are generally of a scale, proportion (including proportion of doors and openings) and material which is compatible with the existing building.",Event
"Development shall retain the curtilage and setting of the cottage,",Event
Specific detail for fencing in heritage conservation areas is provided in Part 8 (Heritage) of this DCP.,Event
Clause 6.2 - parking (development_control),Event
except where the prior development consent of Council has been sought and obtained,Event
It deals with height limits in development control.,Event
"An Integrated Water Cycle Plan is required for all applications which are for: a. 15 or more dwellings or residential lots, or b. the provision of accommodation for 50 or more residents, occupants or employees, or c. the creation of 2,500sqm or greater of impermeable surface, or d. the subdivision of 2,500sqm or greater of land for commercial or industrial purposes, or e. proposals which are expected to generate a water demand of 5,000 litres per day or more.",Event
"To ensure that new development respects local fauna by minimising lighting impacts on nocturnal fauna, reinforcing the permeability of the GreenWay Corridor to the surrounding built environment for local fauna, and providing a minimum 3 metre native vegetation buffer between the GreenWay Corridor and any new development.",Event
"Extensions shall not conceal, dominate, or otherwise compete with the original shape, height, proportion and scale or architectural character of the existing building",Event
A directory exists with the path 'docs/dcps/INNERWEST/'.,Event
To ensure the design of higher density development protects the residential amenity of adjoining and surrounding properties.,Event
"To protect groups or runs of buildings which retain their original form including roof forms, original detailing and finishes",Event
to reduce land use conflict and sterilisation of rural land by balancing primary production,Event
To maintain single storey streetscapes that existing within the precinct.,Event
"Any endangered ecological community (EEC), significant trees or other vegetation must be considered.",Event
"Clause 8.1.9 does not exist, but Clause 8.1.3 deals with Heritage Conservation Areas",Event
The planning document is titled Flood Control Lot Map – Central View.,Event
Parking provision rates for boarding houses are lower than for residential flat buildings to reflect an expected lower car ownership rate and to facilitate housing affordability.,Event
"In the event of an inconsistency between this section and the remaining provisions of this DCP, the controls in this section shall prevail.",Event
Development applications for child care centres in IN2 – Light Industrial Zone will be assessed in accordance with Section 6 of this DCP.,Event
enabling the development of diverse housing types,Event
The planning document is stored in a directory named Marrickville.,Event
and will commonly include a combination of more than one of these.,Event
Height of buildings on Dulwich Grove land is regulated.,Event
Clause 9.32.3.1 - heritage (heritage): Parramatta Road Commercial Precinct Heritage Conservation Area (HCA 5),Event
"where cooling towers are used, they are: to be connected to a conductivity meter to ensure optimum circulation before discharge.",Event
"Restore, protect and maintain original details of the house and fence.",Event
The maximum height limits relate to the building heights (in metres) and floor space ratio controls set in MLEP 2011.,Event
"Development applications for child care centres in the B1 - Neighbourhood Centre Zone, B2 - Local Centre Zone, B4 - Mixed Use Zone, B5 - Business Development Zone and B7 - Business Park Zone will be assessed.",Event
To protect the identified Heritage Items within the precinct.,Event
To preserve the predominantly low density residential character o f the pr ecinct.,Event
Area s within the precinct have been identified as having high biodiversity .,Event
Zone R4 High Density Residential is defined,Event
"Communicating the planning, design and environmental objectives and controls against which the consent authority will assess future development applications",Event
"not result in negative impacts on amenity, building fabric or heritage values of the building and its setting in the streetscape",Event
Planning documents are used in many councils across NSW.,Event
To protect the identified Heritag e Items within the prec inct,Event
To ensure that buil dings provide strong definition to the street through retention of the existing nil building setbacks.,Event
Inner West LEP 2022 has objectives for land use zones and key (statutory) development standards that need to be complied with,Event
Planning controls and objectives have been applied to precinct-specific areas and site-specific areas (through masterplans) to assist in achieving the desired future character.,Event
The purpose of this section of the DCP is to guide the future development of the precinct by:,Event
development within this area is to be managed.,Event
Parking within the precinct is generally unrestricted where available and appears highly utilised.,Event
The planning document had already been created in 2016 before the amendments were made.,Event
aquaculture development means development for the purpose of aquaculture,Event
The Marrickville DCP 2011 was released.,Event
On Site Retention is also required for developments under Clause 2.25.2,Event
"Development shall: a. retain the simple character and proportions of the elevations visible from the street,",Event
"not result in negative impacts on amenity, building fabric or heritage values of the building and its setting",Event
Development within this area is to be managed to ensure that it does not adversely impact on any of its unique environmental features.,Event
To protect and preserve the identified period buildings within the precinct and encourage their sympathetic alteration or restoration.,Event
Clause 5.1.3.3 addresses massing and setbacks.,Event
Open space requirements for boarding houses are detailed,Event
A SIC or SIS is required with any development application if Council believes a proposed development is likely to have a significant impact on the community.,Event
To ensure that new development considers all potential impacts to biodiversity.,Event
"To ensure the provision and design of any parking and access for vehicles is appropriate for the location, efficient, minimises impact to streetscape appearance and maintains pedestrian safety and amenity.",Event
Unzoned land is identified in Clause 2.4 - zoning (land_use_zoning).,Event
Clause 8.1.10 - heritage (environmental_protection) deals with Archaeological sites,Event
To provide an adequate supply of car parking facilities for use by people with a disability.,Event
"to conserve and rehabilitate areas that have a high biodiversity or heritage or cultural value, in particular areas of remnant vegetation",Event
the consent authority must notify the Heritage Council of its intention to grant consent to the carrying out of development on an archaeological site,Event
"A SIC or SIS is required with any development application if, in the opinion of Council, a proposed development is likely to have a significant impact on the community.",Event
The planning document is called Marrickville DCP 2011 - Cover.pdf.,Event
"To ensure the use of corporate logos, colour and illumination schemes in signage are compatible with the architecture of the host building and do not adversely impact upon the local streetscape.",Event
Ensure that adequate separation is provided between Building A and Building B to avoid excessive overshadowing and to provide adequate amenity to residents,Event
"To promote sustainable transport (public transport, walking and cycling) by restricting the provision of off-street car parking, increasing provision of bicycle parking and car -sharing (off-street and on -street) and carefully managing general on -street car parking.",Event
Any new development (new building or extension to an existing building) shall produce site coverage similar in pattern and size to the site coverage established by the original development of the suburb,Event
Recreational facilities such as swimming pools and barbecue areas must be located away from the bedroom areas of adjoining dwellings,Event
The proposed development involves any work that will disturb or reduce existing pervious surface area of a site by more than 25%.,Event
"The land-use pattern of the area generally consists of a mixture of general industrial uses, some commercial (business) uses, and some light industrial uses in the south western section of the precinct.",Event
"Ensure access within the precinct is inclusive by delivering a high quality urban/public domain which is accessible beyond a minimum compliance approach and which caters for equitable, dignified, safe and easy to use access for all",Event
Height was controlled by Clause 5.1.3.2,Event
Childcare centres are permitted with consent in R1 - General Residential zones.,Event
To create a vegetated buffer between residential and industrial uses,Event
There are no Heritage Conservation Areas contained within the precinct,Event
the street fronting portion of the existing building is required to be retained,Event
"To protect groups or runs of buildings which retain their original form including roof form s, original detailing and finishes.",Event
"To protect, preserve and enhance other significant public domain elements within the precinct including landscaping, fencing, open space, kerb and guttering, views and vistas and prevailing subdivision patterns.",Event
The document outlines planning requirements for Marrickville DCP 2011.,Event
Setbacks are required with a minimum of 6,Event
Development within the precinct will need to have regard to this section of the DCP,Event
"To protect, preserve and enhance the existing character of the streetscapes, where only compatible development is permitted.",Event
Building setbacks are determined.,Event
Information to be submitted with a Development Application is provided.,Event
To create a vegetated buffer between residential and industrial uses.,Event
the original planning document was created in 2013,Event
Build upon Inner West LEP 2022 by providing detailed objectives and controls for development,Event
A detailed financial plan was submitted for review.,Event
The document is titled Leichhardt Foreshore Flood Control Lot Map - Northern view.,Event
Solar access should not be further reduced if less than two hours of sunlight is currently available on 21 June.,Event
To ensure that new development in the foreshore area will not impact on natural foreshore processes or affect the significance and amenity of the area,Event
The Marrickville Council had been working on the development control plan for several years prior to its adoption.,Event
All buildings are to include a water meter connected to a building energy and water metering system to monitor water usage,Event
To ensure that any development considers all potential impacts to biodiversity.,Event
Direct solar access to windows of principal living areas must not be reduced to less than two hours between 9.00am and 3.00pm on 21 June.,Event
To maintain distinctly single storey streetscapes that exist within the precinct.,Event
The total number of car spaces for residents and visitors shall equate to the minimum of 0.9 spaces per 2-bedroom dwelling.,Event
The majority of the land contains a residential flat complex containing 106 dwellings with basement car parking for 140 vehicles.,Event
"native vegetation (including Endangered Ecological Communities),",Event
Clause None - heritage (development_control):,Event
the introduction of this policy in 2008.,Event
There were updates needed for the development category with IWLEP 2022 amendment.,Event
Planning documents are typically reviewed by stakeholders before adoption.,Event
King Street and Enmore Road (Commercial Precinct 37),Event
"Building designs for new houses, alterations to houses, dual occupancies and residential flat buildings are required to comply with the BASIX State Environmental Planning Policy (SEPP).",Event
Site and Context Analysis is dealt with in Clause 2.3,Event
The 2022 amendments were made in response to changing community needs.,Event
Floodplain is an area of land which is subject to inundation by floods up to and including the probable maximum flood event.,Event
Clause 2.3 defines zoning categories.,Event
The proposed subdivision or amalgamation must have characteristics similar to the prevailing cadastral pattern of the lots fronting the same street,Event
"Under section 4.15 of the Act, Council is required to consider a number heads of consideration as well as the provisions of this DCP",Event
"To protect groups or runs of building which retain their original built form including roof forms, original detailing and finishes",Event
All residential buildings are to demonstrate compliance with State Environmental Planning Policy - Building Sustainability Index (BASIX),Event
All buildings not covered by the State Environmental Planning Policy - BASIX must meet minimum standards defined by the Water Efficiency Labelling and Standards (WELS) Scheme.,Event
The State Environmental Planning Policy (SEPP) was released in 2008.,Event
To preserve the predominantly low to medium density resident ial character of the precinct.,Event
"Other heritage items within the precinct include the Cooks River Sewerage Aqueduct (listed on the State Heritage Register), Sewer Ventilation Stack located along Premier Street and several good examples of intact Federation and Victorian style dwelling houses.",Event
"Development applications for boarding houses in the B1 - Neighbour hood Centre Zone, B2 - Local Centre Zone and B4 - Mixe d Use zones will be assessed",Event
Childcare centres are permitted with consent in certain zones.,Event
to facilitate the orderly economic use and development of lands for primary production,Event
it includes amendments from IWLEP 2022,Event
Heritage Items within the precinct include part of Fort Street High School (William Wilkins Building) according to Clause PART 9 - heritage,Event
The installation of a photovoltaic system may be granted development consent when it can be shown that the installation will have minimal visual impact.,Event
The Marrickville Planning Document was created.,Event
To maintain distinctly single st orey streetscapes within the precinct.,Event
To preserve the predominantly low density residential character of the pre cinct,Event
"Development applications for boarding houses in the R1 – General Residential, R3 – Medium Density Residential and R4 – High Density Residential zones will be assessed in accordance with the relevant controls in Section 4.2.",Event
Buildings in Burrows Road South are limited due to the applicable ANEF contours.,Event
To maintain distinctly single story streetscapes within the precinct.,Event
"Advertising signs clearly indicate retail and commercial uses, and contribute to lively retail strips.",Event
"The following Plans are repealed by this Development Control Plan, except to the extent that those Plans shall continue to apply to development applications saved under clause 1.8A of Inner West LEP 2022:",Event
"There are also some examples of new, modern industrial developments containing a number of tenancies utilising the same access point and providing on-site parking and loading facilities.",Event
"An Integrated Water Cycle Plan is required for all applications which are for: 15 or more dwellings or residential lots, or the provision of accommodation for 50 or more residents, occupants or employees, or the creation of 2,500sqm or greater of impermeable surface, or the subdivision of 2,500sqm or greater of land for commercial or industrial purposes, or proposals which are expected to generate a water demand of 5,000 litres per day or more.",Event
not result in any irreversible alteration or damage to the fabric of the building.,Event
are prohibited on any part of a slate roof with decorative features where the property is in a Heritage Conservation Area or is identified as a Heritage Item in Schedule 5 of the Inner West LEP 2022,Event
"Implement WSUD into the public and private domain for multiple benefits, including improving microclimates, improving habitat for local fauna and maximising the visual and recreational amenity of urban development.",Event
Zone IN1 General Industrial is defined,Event
The planning document is titled Marrickville DCP 2011.,Event
"To protect the identified values of the Enmore - Newtown Heritage Conservation Area, Enmore House Estate Heritage Conservation Area and Holmwood Estate Heritage Conservation Area.",Event
"As it is redeveloped, the precinct will fit appropriately into the heart of Lewisham as a village-type locality accommodating mixed use development of high to medium densities and scales.",Event
The consent authority must grant consent under this clause to the carrying out of development in an Aboriginal place of heritage significance.,Event
"Frontages of allotments to be developed for light industrial purposes will be assessed on factors such as location, access, streetscape and surrounding development",Event
The document is a NSW Legislation file.,Event
"to promote economic development and the creation of employment in the Western Sydney Employment Area by providing for development including major warehousing, distribution, freight transport, industrial, high technology and research facilities,",Event
the consent authority may require a heritage management document to be prepared that assesses the extent to which the carrying out of the proposed development would affect the heritage significance of the heritage item or heritage conservation area concerned,Event
Adequate parking must be provided on site to meet the needs of the development,Event
To ensure that higher density development demonstrates good urban design and environmental sustainability and provides suitable amenity for occupants of those developments .,Event
To protect the identified values of the Goodsell Estate Heritage Conservation Area .,Event
"Where a child care centre is on the site of a heritage item or within a heritage conservation area, the proposal will also need to comply with the relevant heritage controls.",Event
"To protect the identified values of the Petersham South (Norwood Estate) Heritage Conservation Area, Norwood Park Estate Heritage Conservation Area and the Llewellyn Estate Heritage Conservation Area",Event
Amalgamation of allotments must not result in any adjoining sites being isolated to the extent that it is not possible for development to occur in accordance with the urban design vision for the Masterplan Area.,Event
they are other types of land use mentioned in the clause,Event
"Clause G4.4 is also about ACCESS, TRAFFIC MANAGEMENT AND PARKING",Event
Clause 2.1 - urban_design (development_control) is described,Event
Zoning of land to which Plan applies is described in Clause 2.2,Event
Another clause mentioned in the passage is Clause 5.1.6.,Event
It has been uploaded to a planning website.,Event
Both clauses are part of the development control section.,Event
"Significant streetscape s and/or public domain elements within the precinct, including landscaping, fencing, open space, sandstone kerbing and guttering, views and vistas and prevailing subdivision patterns, are to be protected.",Event
"The purpose of this section of the DCP is to guide the future development of the precinct by: Communicating the planning, design and environmental objectives and controls against which the consent authority will assess future development applications.",Event
The Abergeldie Estate Heritage Conservation Area exists.,Event
Clause 5.1.3.2 - height_limit (development_control) specifies the building height.,Event
"To contribute to the safety of the public domain and optimise the use of public spaces and facilities by the community, through the creation of a physical environment that encourages a feeling of safety.",Event
Front setbacks are generally consistent within each street,Event
Clause 2.2 - zoning (land_use_zonation) explains its application,Event
it outlines policies for exempt and complying development in New South Wales.,Event
This is particularly important where properties are within a foreshore area or where the land is flood affected,Event
Additional permitted uses for particular land are specified in Clause 2.5,Event
To maintain and enhance the environmental and cultural heritage of the Marrickville LGA.,Event
"Must not be carried out on the following land, except to the extent necessary to gain access to water—",Event
to include a water meter connected to a building energy and water metering system to monitor water usage.,Event
All flood control lots are also within flood hazard areas as defined by the BCA.,Event
Child care centres are detailed in Section 2.10 regarding car parking requirements.,Event
To preserve the predominantly medium density residential character comprising terrace/row housing on individual allotments within the precinct,Event
"To protect significant streetscapes and/or public domain elements within the precinct including landscaping, fencing, open space, sandstone kerbing and guttering, views and vistas and prevailing subdivision patterns",Event
Development must protect views to and from public open spaces.,Event
Ensure key infrastructure is delivered for future residents and the community,Event
The Planning Document was created in 2016.,Event
There had been significant community interest in the proposed changes to the DCP since 2009.,Event
While a maximum building height has been set under MLEP 2011 it does not mean it can always be achieved or is desirable.,Event
The planning document is located in the folder docs/dcps/INNERWEST/leichhardt.,Event
Fences and walls should be compatible with the architectural style and materials of existing buildings in the HCA.,Event
Clause G6.23 is about PARKING RATES,Event
"Using physical and symbolic barriers to attract, channel or restrict the movement of people in order to make it clear where people are permitted to go or not go",Event
"It comes after the clauses dealing with height limits, FSR, and massing/setbacks.",Event
The document is located in the Inner West region.,Event
and peak water levels for the Probable Maximum Flood event.,Event
"A competing provision of an environmental planning instrument or development control plan, whenever made, is of no effect to the extent to which the provision aims—",Event
The Building Code of Australia (BCA) requires certain non-residential building types to demonstrate they will meet minimum criteria for reducing energy consumption.,Event
HCA 28 Dulwich Hill Commercial Precinct Heritage Conservation Area has been identified as containing the following streetscapes: a. Retail Streetscapes. Refer to Section 8.4 of this DCP for relevant controls.,Event
"To encourage green corridors and to require the retention of indigenous vegetation – and, in the case of new plantings, to encourage planting locally indigenous species.",Event
"Australian Standard AS 2021 Acoustics – aircraft noise intrusion – building, siting and construction provides standards for noise attenuation of buildings located within an ANEF affected area",Event
To protect the identified values of the Lewisham Estate and Hoskins Park & Environs Heritage Conservation Areas,Event
Clause 2.12.1 specifies requirements for signage to be compatible with the architectural design of the host building.,Event
"These provisions are intended to protect the significant characteristics of retail/commercial strips, neighbourhoods, buildings, streetscapes, vistas and the skyline.",Event
The document is used for planning and development purposes.,Event
Zone RU5 Village is defined,Event
The Planning Document is stored in the folder docs/dcps/INNERWEST/leichhardt.,Event
"Where there is to be a strata plan of subdivision, any space for parking or other purposes forming a part of a sole occupancy unit must be included in the same strata lot as the unit",Event
"Where less than two hours of sunlight is currently available on 21 June, solar access should not be further reduced.",Event
"To encourage design that is of a type, scale, height, bulk and character that is compatible with, and will enhance, the streetscape characteristics of the surrounding area",Event
"To protect the identified values of the Enmore -Newtown Heritage Conservation Area, Enmore House Estate Heritage Conservation Area and the Holmwood Estate Heritage Conservation Area.",Event
Car parking rates are most constrained in Parking Area 1 and least constrained in Parking Area 3.,Event
Ponds must be capable of being drained or pumped and then completely dried,Event
"Plant diversity should be maintained through the planting of both native and exotic species that are not weed species, and are not an exempt species as listed in Part C1.14 – Tree Management within this Development Control Plan",Event
The document is titled Leichhardt DCP 2013 - 17 - Appendix E Water Guidelines.,Event
To ensure that new development at rear upper levels is a maximum of four storeys in appearance and is designed to be subservient to retained portions of contributory buildings or infill development to the street building front.,Event
Energy efficiency requirements for boarding houses are referred to Section 2.16.2,Event
"Additions to an existing building are generally of a design which is compatible with but does not compete with the architectural character of the existing building or the Building Typologies, and",Event
"Subsection (1) does not apply to a competing provision that encourages, or offers incentives for, the adoption of measures beyond the measures required by provisions of the kind referred to in the definition of competing provision.",Event
The project timeline and milestones were communicated to the team.,Event
The document is located in the directory docs/sepps/.,Event
these developments are governed by specific codes and guidelines.,Event
"Attached Dwellings, Dwelling Houses, Secondary Dwellings and Semi-Detached Dwellings require stormwater management",Event
Specific developments are required to meet water conservation and stormwater quality targets that have been established for land where this DCP applies,Event
"Five storey buildings fronting the Princes Highway are to have the fifth level and roof (including any open pergolas) set back from the external wall of the floor below by a distance of 3 metres,",Event
Under Inner West LEP 2022 child care centres are permitted with consent in the following zones,Event
The Planning Assessment Commission (PAC) was consulted during the review and update process of Marrickville DCP 2004.,Event
"To protect significant streetscape and/or public domain elements within the precinct including landscaping, fencing, open space, sandstone kerbing and guttering , views and vistas and prevailing subdivision patterns.",Event
"Contributory item means a building in a Conservation Area that is not individually listed as a heritage item but by virtue of age, scale, materials, details, design style or intactness is consistent with the conservation area,",Event
traffic conflicts occur between large vehicles accessing industrial sites on streets also catering for through traffic,Event
"land reserved or dedicated under the Crown Land Management Act 2016 for the preservation of flora, fauna, geological formations or for other environmental protection purposes,",Event
Clause 9.4.3 is about heritage conservation areas.,Event
Upper level setbacks are to reinforce the desired scale of the buildings on the street.,Event
Zone MU1 Mixed Use is defined,Event
"Development applications for boarding houses in the R1 – General Residential, R3 – Medium Density Residential and R4 – High Density Residential zones will be assessed in accordance with the relevant controls in Section 4.2 of this DCP relating to multi dwelling housing and residential flat buildings and the relevant objectives and controls in Section 4.3.",Event
It includes HCA 10: Camperdown Park Heritage Conservation Area (C10),Event
All buildings not covered by the State Environmental Planning Policy - BASIX: that are installing any water use fittings must meet minimum standards defined by the Water Efficiency Labelling and Standards (WELS) Scheme.,Event
"Development applications for boarding houses in the R1 – General Residential, R3 – Medium Density Residential and R4 – High Density Residential zones will be assessed in accordance with the relevant controls in Section 4.2 of this DCP.",Event
This compliance must be shown at Construction Certificate stage.,Event
the council website contains many documents,Event
A significant portion of this precinct is reserved SP2 Infrastructure (Classified Road),Event
Petersham is designated as Commercial Precinct 36.,Event
It was adopted in 2011,Event
BASIX sets out requirements on how to achieve water conservation and energy efficiency targets for residential development.,Event
Child car parking requirements for child care centres are detailed in Section 2.10,Event
"Groups or runs of buildings which retain their original form, including roof forms, original detailing and finishes, are to be protected.",Event
"To facilitate efficient parking, loading and access for vehicles that minimises impact to streetscape appearance, commercial viability and vitality and pedestrian safety and amenity.",Event
Building Location Zone (BLZ) is the part of the subject site where it can be reasonably expected that a building can be located.,Event
Development within this area is to take place.,Event
"to reduce potable water use, and treat stormwater so that the area reaches the relevant stormwater quality targets for stormwater reuse and/or stormwater entering receiving waters.",Event
"This section of the DCP applies to development within the boundary of the precinct as shown in Figure 1: Land application - Precinct 47 – Victoria Road Precinct, Marrickville.",Event
Environmental protection was considered in Clause 5.3.1.3,Event
"Development applications for child care centres in R1 – General Residential Zone, R3 – Medium Density Residential Zone, R4 – High Density Residential Zone, RE1 - Public Recreation and RE2 – Private Recreation Zone will be assessed in accordance with Section 4.2 of this DCP.",Event
The precinct is within the Eastern Channel 1 North and East sub catchments which drain to the Cooks River.,Event
Refer to Part 8 (Heritage) of this DCP for detailed controls and guidelines.,Event
Planning Document: docs/dcps/INNERWEST/Marrickville/Marrickville DCP 2011 - 9.0 Precincts Map.pdf,Event
the document contained various clauses related to land use and zoning.,Event
"Original building materials such as brick, sandstone, timber and slate should be retained and repaired where possible.",Event
Clause 2.8 - other (development_control) is described,Event
Section 4.2 provides core controls and objectives relevant to multi dwelling housing and residential flat buildings.,Event
Urban Design is dealt with in Clause 2.1,Event
To ensure the provision and location of off -street car parking does not adversely impact the amenity of the precinct.,Event
A larger scale building at the corner of the Princes Highway and Barwon Park Road will help define this acute corner and will signify the northern gateway to the precinct.,Event
"Thornley Street has been identified as a scenic protection area for its unique environmental features and landscape, cultural and scenic qualities including lookouts, rocky outcrops, cliff faces, remnant bushlands, steep slopes, natural watercourses and escarpments (as outlined in MDC",Event
see the definition of that term in this Dictionary,Event
"the current built form of the precinct, presently meets some of the important social and cultural needs of residents and employees of the Inner West.",Event
"To ensure that development considers the principles of ecologically sustainable development, in particular energy, water and stormwater efficiency, solar access, waste reduction and local biodiversity.",Event
A significant portion of this precinct is reserved SP2 Infrastructure (Classified Road).,Event
Clause 9.16.1 - parking (development_control): Off street parking is typically a side driveway except where lots are too small and on -street parkin g prevails,Event
"result in the production of noise, air or water pollution or other adverse environmental impacts",Event
Zone E5 Heavy Industrial is defined,Event
No part of any site is to be separately leased from the remainder of the property for the purpose of a separate occupation or operation,Event
The introduction of acoustic measures to reduce aircraft noise must not unacceptably detract from the streetscape value of individual buildings,Event
Development applications for child care centres in the IN2 – Light Industrial Zone will be assessed.,Event
notify the Heritage Council about the application,Event
"Assessing all applications against basic CPTED design principles,",Event
The precinct contains three heritage conservation areas.,Event
"Ensure new development maintains the same setback and enhances the streetscape character of the locality,",Event
The development control provisions are presented in the clauses.,Event
the current built form of the precinct meets some of the important social and cultural needs of residents and employees,Event
Development within the precinct is to be undertaken in accordance with the Indicative Site Layout as shown in Figure 1 subject to compliance with relevant controls including the Apartment Design Guide.,Event
it is explicitly stated as a required system in the clause with a reference number (4),Event
Refer to Clause 6.20 of the Inner West Local Environmental Plan 2022 for additional controls on landscaped area and built form that apply to C54 - Haberfield Heritage Conservation Area,Event
Minimising unintended or unauthorised access to any premises by the appropriate design and location of built and natural elements,Event
"Properties south of Marrickville Road, with frontages onto Meeks Road are zoned for office and light industrial uses, creating a buffer between residential and industrial uses.",Event
"The site shall have sufficient capacity to accommodate development, including buildings and structures, setbacks and separation distances, access, manoeuvring and parking (where required by this Development Control Plan) and landscaped open space, having regard to site characteristics such as:",Event
it is essential that development within those areas considers the potential impacts to biodiversity.,Event
"Thornley Street has been identified as a scenic protection area for its unique environmental features and landscape, cultural and scenic qualities including lookouts, rocky outcrops, cliff faces, remnant bushlands, steep slopes, natural watercourses and escarpments (as outlined in MDC)",Event
"In order to comply with the BCA energy requirements at the Construction Certificate stage, the design of new buildings will have to be resolved “upfront” at development application stage.",Event
Front setbacks are generally consistent within each street despite the variety of buildings styles. A setback of 2 metres to 4 metres is the most common.,Event
To ensure that the provision and location of off -street car parking does not adversely impact the amenity of the precinct,Event
Development applications for boarding houses in the R2 – Low Density Residential zone will be assessed in accordance with the relevant controls in Section 4.1 of this DCP relating to low density residential development and the relevant objectives and controls in Section 4.3.,Event
It was adopted by Marrickville Council in 2011.,Event
Child care centres in a residential zone will be assessed for impact on residential amenity,Event
The Marrickville Council sought to address these concerns through the revision of the DCP.,Event
To protect the identified heritage items within the precinct.,Event
Clause 7.3 - zoning (land_use_zoning) deals with land use zoning.,Event
Applicants must demonstrate that the following issues have been considered in the preparation of the subdivision or amalgamation application.,Event
"Development applications for child care centres in the R1 – General Residential Zone, R3 – Medium Density Residential Zone, R4 – High Density Residential Zone , RE1 - Public Recreation and RE2 – Private Recreation Zone will be assessed.",Event
it deals with Urban Design,Event
To encourage innovative design that positively responds to the character and context of the locality.,Event
Provide lower scale and density buildings along Edith Street,Event
"In the event of an inconsistency between the provisions of the two documents, the provisions of Inner West LEP 2022 shall prevail to the extent of the inconsistency.",Event
To ensure that the provision and location of off -street car parking does not adversely impact the amenity of the precinct.,Event
They are related to the height limits dealt with in Clause 5.1.3.2.,Event
It was titled Marrickville DCP 2011 - 2,Event
To ensure that new development considers all potential impacts to biodiversity,Event
"that involves the erection of a new building, if the development has an estimated development cost of $5 million or more,",Event
"Petersham Inn Hotel on the western corner with Phillip Street,",Event
"Conservation may, according to circumstance, include the processes of retention or reintroduction of a use, retention of associations and meanings, maintenance, preservation, restoration, reconstruction, adaptation and interpretation,",Event
Gravity Pipe System Required Yes (4),Event
"Heritage planning aims to ensure that the significant buildings, sites and elements of the past are appropriately managed and respected when planning for new development.",Event
"to ensure that development occurs in a logical, environmentally sensitive and cost-effective manner and only after a development control plan (including specific development controls) has been prepared for the land concerned",Event
A site plan of a development demonstrating the feasibility of the proposed drainage systems within the site and connection to Council's system is created.,Event
This DCP has been made in accordance with Section 3.43 of the Environmental Planning & Assessment Act 1979 (the Act),Event
"New fences must be finished in dark or recessive materials and surfaces, and aluminium panel fencing must be avoided.",Event
"Additions to an existing building are generally subservient to the form of the existing building, and",Event
"Where a boarding house is on the site of a heritage item or within a heritage conservation area, the proposal will also need to comply with the relevant heritage planning controls contained in Part 8 of this DCP.",Event
"Each DA will be assessed having regard to the LEP, this DCP, other matters listed in Section 4.15of the Act, and any other relevant policies adopted by Council.",Event
being the Sydenham Pit and Drainage Pumping Station is a representative example of Inter-War Mediterranean Revival style public utility building.,Event
Subdivision or site amalgamation must not compromise the significant features of the existing site or adjoining sites.,Event
Inner West LEP 2022 applies to the land to which this Development Control Plan applies.,Event
"Safety measures, including contrasting colours for points of danger, slip resistant travel surfaces and appropriate positioning of street furniture, public art installations, signage or any other obstacles",Event
This Guideline applies to the Inner West Local Government Area for the extent of land show on Map 1 in Chapter A of this DCP.,Event
The DCP 2011 - 4 0 Cover.pdf file is referenced.,Event
minimise,Relation
has notified,Relation
is reserved,Relation
within a foreshore area or flood affected,Relation
enhance,Relation
have caused,Relation
be part of,Relation
install,Relation
adapt and blend with,Relation
provide opportunities for access through,Relation
produce site coverage similar in pattern and size to,Relation
refer to,Relation
will be assessed in accordance with the relevant controls,Relation
will,Relation
is separated from,Relation
considers all potential impacts to biodiversity in,Relation
maintains the integrity of,Relation
must retain,Relation
involve,Relation
comply,Relation
including,Relation
accomplish,Relation
and as a result,Relation
provides standards for noise attenuation of buildings located within an ANEF affected area.,Relation
is required for stormwater drainage,Relation
has the same meaning as,Relation
contribute to the safety of,Relation
aims,Relation
setback,Relation
apply,Relation
retain existing employment generating,Relation
is incorporated in,Relation
maintain distinctly single storey,Relation
relate to,Relation
is titled as,Relation
minimise impact to,Relation
has advised,Relation
amends,Relation
limited by,Relation
are prohibited on,Relation
support,Relation
identified,Relation
must be designed and constructed in accordance with,Relation
be done with intermediate scale between,Relation
"arising from the day to day use of property including dwellings or publicly accessible land, community facilities or open space and includes, but is not limited to, the enjoyment of: Sunlight, privacy and views, and Residential and community life free from nuisance arising from the emission of noise, vibration, smell, fumes, smoke, vapour, steam, soot, ash, dust, waste water, waste products or grit.",Relation
unsympathetic with,Relation
retains,Relation
must consider all potential impacts to,Relation
for,Relation
allows,Relation
are provided for,Relation
protect the integrity and on-going retention of,Relation
must be avoided where they face a residential building.,Relation
outlines,Relation
not impact,Relation
reflect,Relation
conform,Relation
"must be consistent with the traditional designs used in the area, but using simpler detailing",Relation
considers all potential impacts to biodiversity,Relation
must meet minimum standards defined by,Relation
must not compromise,Relation
affected by,Relation
"protect, preserve and enhance existing character",Relation
must be screened to avoid the escape of fish,Relation
encourage design that is compatible with,Relation
promoting the planning and delivery of,Relation
shown in,Relation
retain their original built form,Relation
must be designed in a manner which contributes to the historic style of the building and streetscape context,Relation
have to be resolved,Relation
"located, designed and operated in a manner that protects the amenity of the locality",Relation
at the same time as,Relation
protect and preserve,Relation
required on site yes 3 6,Relation
considering the potential impacts to,Relation
within the precinct including,Relation
located at,Relation
demonstrating the feasibility of the proposed drainage systems within the site and connection to Council's system,Relation
subservient to,Relation
"include the processes of: retention or reintroduction of a use, retention of associations and meanings, maintenance, preservation, restoration, reconstruction, adaptation and interpretation,",Relation
is located,Relation
"must be finished in dark or recessive materials and surfaces, and aluminium panel fencing must be avoided",Relation
will be assessed in accordance with the relevant control s,Relation
ensure to be subservient to,Relation
retain,Relation
protect significant and/or public domain elements within the,Relation
includes Threatened Species and Endangered Populations,Relation
appear highly utilised within,Relation
ensure does not impact,Relation
predominantly low density residential areas with some medium density development in,Relation
ensure sufficient separation between,Relation
can be found in,Relation
is on the site of,Relation
supports the use of,Relation
required on site yes 3 8,Relation
ensure appropriate provision and design,Relation
be,Relation
is sympathetic to the character of,Relation
relates to,Relation
compatible with,Relation
subject to inundation by floods up to and including the probable maximum flood event,Relation
may be required to undertake an assessment of significance,Relation
designed and operated to comply with,Relation
establishes,Relation
develop strongly to define,Relation
rezone,Relation
Minimum access requirements for,Relation
has frontage onto,Relation
assess,Relation
when,Relation
must demonstrate integration with,Relation
protects,Relation
improve,Relation
have their solar access protected by,Relation
reinforce,Relation
restrict the development potential of,Relation
respond to,Relation
must be located away from the bedroom areas of adjoining dwellings.,Relation
shows the extent of land for,Relation
assesses the extent to which,Relation
pertains to,Relation
make unlawful,Relation
promote,Relation
are assessed against,Relation
not adversely impact the amenity of the precinct by providing and locating,Relation
is proposed on,Relation
select,Relation
protects values of,Relation
may be located,Relation
is subject to,Relation
controlled,Relation
should not result in any irreversible alteration or damage to,Relation
ensures,Relation
"aesthetic, historic, scientific, social or spiritual value for past, present or future generations",Relation
supplement,Relation
also known as,Relation
selected,Relation
is controlled by,Relation
restore,Relation
must also comply with the relevant Australian Standards and State Environmental Planning Policies (SEPPs),Relation
establishing,Relation
must be located and designed to offer a reasonable level of privacy for their users.,Relation
not impact adversely,Relation
retains original built form,Relation
create a vibrant and safe streetscape with active commercial fronts to new buildings facing onto it,Relation
subserves,Relation
constructed of,Relation
open in the middle,Relation
provide transition between,Relation
is limited to,Relation
to improve sight lines at intersections for,Relation
may rise to a maximum 1.5 meters before stepping down to 1.2 metres or less,Relation
generally consistent within each,Relation
impacts,Relation
contains,Relation
is most constrained in,Relation
mixes with,Relation
must not be reduced to less than two hours,Relation
negate or reduce to an acceptable frequency the possibility of flooding at any location,Relation
need protection from effects of uncontrolled surface flows,Relation
includes,Relation
contained in,Relation
have a small setback with parking in front of,Relation
is regulated by,Relation
Retaining,Relation
needs to be managed so as to negate or reduce,Relation
zone,Relation
is to be compatible,Relation
must be retained in the,Relation
is located within,Relation
are concerned about,Relation
demonstrate compliance with,Relation
reinforce the permeability of the GreenWay Corridor to the surrounding built environment for local fauna,Relation
interspersed with,Relation
is part of,Relation
avoid a concentration of those premises in any one locality,Relation
regulated,Relation
is required for,Relation
managed so as to negate or reduce to an acceptable frequency the possibility of flooding buildings and/or the danger to life at any location,Relation
enhances by,Relation
preserve the predominantly low density residential character of,Relation
vary,Relation
consists,Relation
have been considered in the preparation of,Relation
are detailed in,Relation
repeals,Relation
because of,Relation
encourages sympathetic alteration or restoration,Relation
adverse effect on,Relation
shift focus to,Relation
values must be protected,Relation
minimises impact to,Relation
must incorporate,Relation
guide,Relation
are restricted to a maximum size of,Relation
follow,Relation
assessed against,Relation
considered rare for the area,Relation
inundated by the discharge of a 1:100 ARI flood event,Relation
define,Relation
provides,Relation
must be protected as any endangered ecological community,Relation
create a vibrant and safe,Relation
are generally consistent within each street despite the variety of buildings styles in,Relation
store stormwater through storage and control of drainage systems,Relation
occurs wholly within the site,Relation
that,Relation
to encourage,Relation
included in the same strata lot as the unit,Relation
harm,Relation
show,Relation
as a result,Relation
restricting,Relation
shows,Relation
and,Relation
"must have at least one lift access to all floors, including to any basement parking",Relation
provide strong definition to the street through retention of existing nil building setbacks,Relation
reinforces,Relation
the need for any new,Relation
maintaining,Relation
built to,Relation
meet,Relation
because,Relation
runs,Relation
needs to be managed so as to negate or reduce to an acceptable frequency,Relation
design to address,Relation
consistent with,Relation
must be protected on the site or close to its boundaries,Relation
contribute to,Relation
provides guidance on,Relation
must demonstrate good urban design and environmental sustainability,Relation
ensures compatibility with,Relation
generally applies to,Relation
"identified for its landscape, cultural and scenic qualities",Relation
consider all potential impacts to biodiversity,Relation
impact,Relation
if set below the ridge line and if it is not prominent in oblique views between buildings,Relation
applies,Relation
protect the identified values,Relation
to protect and preserve the identified period buildings within,Relation
within a heritage conservation area,Relation
is entitled to,Relation
are zoned for,Relation
controlled by,Relation
protects and preserves within the precinct,Relation
regulate,Relation
lodged with the relevant authority,Relation
permissible,Relation
part of,Relation
establishes a framework to guide development in,Relation
will assess,Relation
zoned,Relation
protect the identified,Relation
planning,Relation
being provided within,Relation
to require consideration of the effects on,Relation
relating to,Relation
certifies,Relation
provide,Relation
determines,Relation
states,Relation
retain and enhance,Relation
reinforces its heritage significance,Relation
will only be acceptable where adverse impacts on the amenity of residents in the neighbourhood can be avoided or minimised to an acceptable level,Relation
provides car access to,Relation
maintain the heritage significance of,Relation
demonstrate,Relation
must protect,Relation
may only be approved,Relation
will be assessed in accordance with,Relation
Solar access requirements for,Relation
on-site detention storages as well as details and sizes of internal piped systems,Relation
considers the potential impacts to,Relation
reduces,Relation
considering,Relation
at the same time,Relation
located between,Relation
will be assessed for impact on residential amenity,Relation
are to be connected to a conductivity meter,Relation
accessed by,Relation
along with taller buildings,Relation
shall retain the presentation and form of,Relation
submit,Relation
gravity pipe required yes 4,Relation
should,Relation
means a building or place that,Relation
managed,Relation
has potential to impact on the amenity of,Relation
according to,Relation
does not displace,Relation
guides,Relation
assessed on,Relation
separates,Relation
does not adversely impact,Relation
does not apply to,Relation
minimised,Relation
incorporate,Relation
include,Relation
limits,Relation
are to be retained,Relation
being part of,Relation
sympathetic alteration or restoration,Relation
encouraged to reverse,Relation
contains a cover page,Relation
prevails,Relation
maintain distinctly single storey streetscapes within the,Relation
required for,Relation
will be assessed,Relation
maintains distinctly within the precinct,Relation
protect values of,Relation
prevail,Relation
must have splayed corner(s),Relation
identified within the precinct and,Relation
protect within,Relation
maintain and enhance,Relation
enabling,Relation
avoid excessive overshadowing and to provide adequate amenity to residents,Relation
to ensure the ongoing viability of,Relation
respond,Relation
requires,Relation
of the precinct where off street parking is provided,Relation
implement,Relation
regulated by,Relation
create a buffer between,Relation
must be consolidated into one parcel,Relation
regulates,Relation
and the relevant,Relation
increase,Relation
exceeds,Relation
houses,Relation
conserves,Relation
minimising,Relation
Car parking requirements for,Relation
compromise,Relation
have a setback of 2 metres to 4 metres,Relation
one of,Relation
requires minimising,Relation
setback adequately to respect their interface with,Relation
respect by minimising lighting impacts on nocturnal fauna,Relation
respond in part,Relation
provide an appropriate built form response,Relation
exist,Relation
may require submission of,Relation
service,Relation
use,Relation
should be located to receive maximum exposure to sunlight from,Relation
considers the potential impacts to biodiversity,Relation
sets,Relation
set back from,Relation
is titled,Relation
limited,Relation
must cross,Relation
prescribed,Relation
impact on natural processes,Relation
take into account,Relation
conform to,Relation
contr ibute to,Relation
"protects including roof forms, original detailing and finishes",Relation
achieve,Relation
consulted,Relation
would not adversely affect,Relation
shall retain,Relation
may be required to undertake,Relation
must not result in,Relation
have,Relation
not adversely impact,Relation
must show the effect of overshadowing for,Relation
complement,Relation
may be granted development consent where it can be shown that the installation will,Relation
ensure provision and location does not adversely impact amenity,Relation
reuse,Relation
named,Relation
when set back on,Relation
treat,Relation
relationship to,Relation
need to comply with,Relation
notify,Relation
before,Relation
assesses,Relation
consume,Relation
exist within,Relation
must protect views to and from,Relation
aim to,Relation
have been identified as having,Relation
encourage the use of,Relation
protects and preserves period buildings,Relation
accommodate,Relation
"of a scale compatible with the character, landscape and scenic qualities of the area",Relation
to maintain distinctly single storey streetscapes within the precinct,Relation
provide safe and vibrant streetscapes,Relation
fronting,Relation
preserve and alter,Relation
within,Relation
on land,Relation
"vibrant, safe and attractive place for activity and community interaction",Relation
sets out,Relation
defined in,Relation
will not impact on,Relation
is one of,Relation
be sensitive to,Relation
must be consistent with,Relation
delivers,Relation
compatible with the character and scenic qualities of,Relation
provide a minimum 3 metre between the GreenWay Corridor and any new development,Relation
are lower than for,Relation
protects the integrity of,Relation
minimising adverse climate and environmental impacts of,Relation
safe ty and amenity for,Relation
inconsistency,Relation
must not be reduced,Relation
applies to,Relation
should remain residential in external appearance and finishes and be consistent with the nearby residential streetscape and landscape,Relation
addressed by,Relation
encouraging,Relation
declared,Relation
in order to achieve that,Relation
reserved,Relation
are permitted with consent in,Relation
have signage that is limited by,Relation
will accommodate,Relation
located in,Relation
detailed in,Relation
are detailed,Relation
Refer to for,Relation
be compatible with,Relation
must be conserved,Relation
means,Relation
deliver,Relation
classified as,Relation
is affected by,Relation
-with-,Relation
not reduce the structural integrity of,Relation
specifies,Relation
"must facilitate efficient parking, loading and access for",Relation
approve,Relation
reflects and enhances its locality by designing in a way that,Relation
are to be reversed,Relation
accommodates,Relation
are permitted with consent,Relation
must be avoided as they detract from the streetscape and impede passive surveillance,Relation
meets,Relation
maintain,Relation
to facilitate,Relation
presents a risk of harm to human health or any other aspect of the environment,Relation
considered in,Relation
must not have any overshadowing,Relation
-includes-,Relation
adversely impacts upon,Relation
ensure,Relation
build upon,Relation
require,Relation
affect,Relation
must be located above,Relation
existing,Relation
specified in,Relation
are associated with,Relation
means development for the purpose of,Relation
deals with,Relation
related to,Relation
ensure provision and location does not impact,Relation
considers,Relation
will not impact on natural foreshore processes or affect the significance and amenity of the area,Relation
is least constrained in,Relation
are protected by,Relation
relate,Relation
exists,Relation
will be determined,Relation
land mark buildings within,Relation
listed,Relation
are referenced,Relation
referenced,Relation
ensure provision and location of off-street car parking does not adversely impact the amenity of the,Relation
be designed and located to minimise potential adverse environmental impact,Relation
involves any work that will disturb or reduce existing pervious surface area of a site by more than 25%,Relation
prevail over,Relation
present,Relation
must be maintained,Relation
be set back,Relation
are determined by,Relation
and the,Relation
conserve and rehabilitate,Relation
must not unacceptably detract from the street scape value of individual builings.,Relation
managed so as to negate or reduce to an acceptable frequency,Relation
to protect within,Relation
treat stormwater so that the area reaches,Relation
will not,Relation
protect identified values of,Relation
comply with,Relation
respects by minimising lighting impacts on nocturnal fauna,Relation
must be retained,Relation
addresses,Relation
need to reflect,Relation
majority of the,Relation
integrate,Relation
respond to by considering,Relation
to minimize,Relation
"obtained to any such lease, occupation or operation",Relation
shall retain the curtilage and setting of,Relation
consider,Relation
not less than,Relation
must be responsive,Relation
has been identified as having high biodiversity values,Relation
are prescribed uniformly across,Relation
is compatible with,Relation
meet all non-potable demands,Relation
do not dominate,Relation
adversely impact,Relation
must,Relation
to reduce,Relation
covers,Relation
change,Relation
drain to,Relation
transition with,Relation
preserve and enhance,Relation
encourage sympathetic alteration or restoration,Relation
retain in situ and integrate into design,Relation
after,Relation
restrict,Relation
subject to,Relation
refers to,Relation
involves,Relation
prepared,Relation
zoning,Relation
retain as part of any redevelopment,Relation
included in,Relation
enhancing and maintaining,Relation
of,Relation
provision of quality,Relation
protected by,Relation
does not adversely impact the amenity of,Relation
supports,Relation
encourages,Relation
must be designed to locate habitable rooms and private open spaces away from noise sources or protect those areas with appropriate noise shielding devices.,Relation
to determine,Relation
may adversely impact the significance of,Relation
facilitate,Relation
has,Relation
are affected by,Relation
are setback adequately to respect their interface with,Relation
"result in negative impacts on amenity, building fabric or heritage values of",Relation
has a large industrial lot adjacent to,Relation
as a result of,Relation
identified as a flood control lot on the maps in Appendix E of this Development Control Plan (DCP),Relation
mitigate,Relation
describes,Relation
with,Relation
must be retained where they are consistent with the period style of the building,Relation
list,Relation
is a high quality and substantially intact example of the local civic precinct,Relation
is most constrained,Relation
is defined as,Relation
promotes,Relation
address potential flooding issues as part of any,Relation
have zero setback where,Relation
must not be developed in the vicinity of,Relation
locate,Relation
facilitate efficient,Relation
complements,Relation
be proportioned,Relation
designed to be subservient to,Relation
is,Relation
outlined,Relation
are generally inappropriate as they reduce visibility of the garden setting and the heritage item or period building,Relation
protect identified within the precinct,Relation
designs,Relation
dominates,Relation
should be maintained through planting of,Relation
may have,Relation
apply to,Relation
retain the front portion of contributory buildings,Relation
is required for stormwater management,Relation
address,Relation
are applied to,Relation
have an adverse impact on,Relation
are located in,Relation
applied,Relation
protect,Relation
access,Relation
has been updated,Relation
provided,Relation
encourage,Relation
are,Relation
have been identified as having high biodiversity,Relation
maintained through incorporation of,Relation
same as,Relation
fits into,Relation
retain the front portion where they are contributory to the heritage conservation area (HCA) and/or streetscape,Relation
considered,Relation
located,Relation
must provide an outlook to,Relation
"not conceal, dominate, or otherwise compete with",Relation
"provides flooding information for the area in the vicinity of a particular property including peak water levels, depths and flow rates for the 100 year ARI and peak water levels for the Probable Maximum Flood event",Relation
separately leased from the remainder of the property,Relation
preserves,Relation
"supporting as a home-sharing activity and contributor to local economies, while managing the social and environmental impacts from this use",Relation
be appropriate to,Relation
carefully designed to fit in with,Relation
predominantly low density residential,Relation
must be placed on areas of a building where there is minimal or no adverse impacts,Relation
preserve predominantly medium density residential character,Relation
is participated by,Relation
"facilitate efficient parking, loading and access for",Relation
has approach for,Relation
protect the identified values within,Relation
are refered to in,Relation
may be disrupted by uncontrolled surface flows,Relation
mitigating the loss of,Relation
believes,Relation
"protects within the precinct including landscaping, fencing, open space, sandstone kerbing and guttering, views and vistas and prevailing subdivision patterns",Relation
has limited,Relation
contain,Relation
respond to notice from consent authority,Relation
may be classified as,Relation
amended by,Relation
assist,Relation
preserve,Relation
respect,Relation
maintains,Relation
ensure does not adversely impact,Relation
incorporate setbacks which support an active pedestrian-focused development,Relation
must sit comfortably with surrounding buildings in terms of massing,Relation
required,Relation
being,Relation
maximise,Relation
cause uncontrolled surface flows,Relation
retained,Relation
are to be reconstructed,Relation
be capable of being drained or pumped and then completely dried,Relation
must be well proportioned as an individual element,Relation
reach,Relation
impact on,Relation
enhance fauna habitat and be local species endemic to,Relation
is located in,Relation
protects and preserves,Relation
reduce,Relation
do not result in a loss of,Relation
encourage sympathetic alteration or restoration of,Relation
divides,Relation
set in,Relation
