:START_ID,:END_ID,:TYPE
Signage,e5852e5cdfc12d22f469eeffb3aaee7b32d28cbadc811b8c02edd5a12f1f642e,Source
development_control,e5852e5cdfc12d22f469eeffb3aaee7b32d28cbadc811b8c02edd5a12f1f642e,Source
high-rise buildings,e5852e5cdfc12d22f469eeffb3aaee7b32d28cbadc811b8c02edd5a12f1f642e,Source
height_limit,e5852e5cdfc12d22f469eeffb3aaee7b32d28cbadc811b8c02edd5a12f1f642e,Source
underawning signs,e5852e5cdfc12d22f469eeffb3aaee7b32d28cbadc811b8c02edd5a12f1f642e,Source
2500mm x 400mm,e5852e5cdfc12d22f469eeffb3aaee7b32d28cbadc811b8c02edd5a12f1f642e,Source
signs at lower level,e5852e5cdfc12d22f469eeffb3aaee7b32d28cbadc811b8c02edd5a12f1f642e,Source
footpath,e5852e5cdfc12d22f469eeffb3aaee7b32d28cbadc811b8c02edd5a12f1f642e,Source
original sign panels,e5852e5cdfc12d22f469eeffb3aaee7b32d28cbadc811b8c02edd5a12f1f642e,Source
parapet of building facade,e5852e5cdfc12d22f469eeffb3aaee7b32d28cbadc811b8c02edd5a12f1f642e,Source
Signage on high-rise buildings (in excess of 15 metres) is limited.,e5852e5cdfc12d22f469eeffb3aaee7b32d28cbadc811b8c02edd5a12f1f642e,Source
Clause 2.12.4.6 - height_limit (development_control) exists.,e5852e5cdfc12d22f469eeffb3aaee7b32d28cbadc811b8c02edd5a12f1f642e,Source
Any underawning sign in excess of 2500mm x 400mm is not allowed.,e5852e5cdfc12d22f469eeffb3aaee7b32d28cbadc811b8c02edd5a12f1f642e,Source
Signs at a lower level than 2600mm above the footpath are restricted.,e5852e5cdfc12d22f469eeffb3aaee7b32d28cbadc811b8c02edd5a12f1f642e,Source
Original sign panels incorporated into building facades must be retained.,e5852e5cdfc12d22f469eeffb3aaee7b32d28cbadc811b8c02edd5a12f1f642e,Source
Signage on high-rise buildings (in excess of 15 metres) is regulated.,e5852e5cdfc12d22f469eeffb3aaee7b32d28cbadc811b8c02edd5a12f1f642e,Source
High-rise buildings,e5852e5cdfc12d22f469eeffb3aaee7b32d28cbadc811b8c02edd5a12f1f642e,Source
Underawning signs in excess of 2500mm x 400mm are prohibited.,e5852e5cdfc12d22f469eeffb3aaee7b32d28cbadc811b8c02edd5a12f1f642e,Source
Underawning signs,e5852e5cdfc12d22f469eeffb3aaee7b32d28cbadc811b8c02edd5a12f1f642e,Source
Signs at a lower level than 2600mm above the footpath are regulated.,e5852e5cdfc12d22f469eeffb3aaee7b32d28cbadc811b8c02edd5a12f1f642e,Source
Signs,e5852e5cdfc12d22f469eeffb3aaee7b32d28cbadc811b8c02edd5a12f1f642e,Source
Footpath,e5852e5cdfc12d22f469eeffb3aaee7b32d28cbadc811b8c02edd5a12f1f642e,Source
Building facade,e5852e5cdfc12d22f469eeffb3aaee7b32d28cbadc811b8c02edd5a12f1f642e,Source
Original sign panels,e5852e5cdfc12d22f469eeffb3aaee7b32d28cbadc811b8c02edd5a12f1f642e,Source
Development,7de7863e3eb097534f36032c7ce77ac48ec8f29b2dde6a862ab3a70205d5bb1c,Source
assessment of significance,7de7863e3eb097534f36032c7ce77ac48ec8f29b2dde6a862ab3a70205d5bb1c,Source
native vegetation,7de7863e3eb097534f36032c7ce77ac48ec8f29b2dde6a862ab3a70205d5bb1c,Source
Buildings,7de7863e3eb097534f36032c7ce77ac48ec8f29b2dde6a862ab3a70205d5bb1c,Source
public open space,7de7863e3eb097534f36032c7ce77ac48ec8f29b2dde6a862ab3a70205d5bb1c,Source
public open spaces,7de7863e3eb097534f36032c7ce77ac48ec8f29b2dde6a862ab3a70205d5bb1c,Source
Development on land identified on the Biodiversity Map as Bandicoot Protection Area may be required to undertake an assessment of significance.,7de7863e3eb097534f36032c7ce77ac48ec8f29b2dde6a862ab3a70205d5bb1c,Source
there is a specific clause related to environmental protection (Clause C1),7de7863e3eb097534f36032c7ce77ac48ec8f29b2dde6a862ab3a70205d5bb1c,Source
Development on land identified on the Biodiversity Map as Wildlife Corridor must incorporate native vegetation as part of any landscaping works.,7de7863e3eb097534f36032c7ce77ac48ec8f29b2dde6a862ab3a70205d5bb1c,Source
development on other lands may be subject to different regulations,7de7863e3eb097534f36032c7ce77ac48ec8f29b2dde6a862ab3a70205d5bb1c,Source
Buildings must be located to provide an outlook to public open space without appearing to privatise that space.,7de7863e3eb097534f36032c7ce77ac48ec8f29b2dde6a862ab3a70205d5bb1c,Source
the development plan has been approved and buildings have been constructed,7de7863e3eb097534f36032c7ce77ac48ec8f29b2dde6a862ab3a70205d5bb1c,Source
"Development must provide a visual transition between open space, bushland reserves or other public spaces and buildings.",7de7863e3eb097534f36032c7ce77ac48ec8f29b2dde6a862ab3a70205d5bb1c,Source
development must protect views to and from public open spaces (Clause C5),7de7863e3eb097534f36032c7ce77ac48ec8f29b2dde6a862ab3a70205d5bb1c,Source
Development must protect views to and from public open spaces.,7de7863e3eb097534f36032c7ce77ac48ec8f29b2dde6a862ab3a70205d5bb1c,Source
buildings must be located to provide an outlook to public open space,7de7863e3eb097534f36032c7ce77ac48ec8f29b2dde6a862ab3a70205d5bb1c,Source
Development on land identified as Bandicoot Protection Area may be required to undertake an assessment of significance.,7de7863e3eb097534f36032c7ce77ac48ec8f29b2dde6a862ab3a70205d5bb1c,Source
Bandicoot,7de7863e3eb097534f36032c7ce77ac48ec8f29b2dde6a862ab3a70205d5bb1c,Source
land,7de7863e3eb097534f36032c7ce77ac48ec8f29b2dde6a862ab3a70205d5bb1c,Source
Development on land identified as Wildlife Corridor must incorporate native vegetation in landscaping works.,7de7863e3eb097534f36032c7ce77ac48ec8f29b2dde6a862ab3a70205d5bb1c,Source
Wildlife Corridor,7de7863e3eb097534f36032c7ce77ac48ec8f29b2dde6a862ab3a70205d5bb1c,Source
Buildings must be located to provide an outlook to public open space without privatizing it.,7de7863e3eb097534f36032c7ce77ac48ec8f29b2dde6a862ab3a70205d5bb1c,Source
buildings,7de7863e3eb097534f36032c7ce77ac48ec8f29b2dde6a862ab3a70205d5bb1c,Source
"Development must provide a visual transition between open spaces, bushland reserves, and buildings.",7de7863e3eb097534f36032c7ce77ac48ec8f29b2dde6a862ab3a70205d5bb1c,Source
open spaces,7de7863e3eb097534f36032c7ce77ac48ec8f29b2dde6a862ab3a70205d5bb1c,Source
bushland reserves,7de7863e3eb097534f36032c7ce77ac48ec8f29b2dde6a862ab3a70205d5bb1c,Source
development,7de7863e3eb097534f36032c7ce77ac48ec8f29b2dde6a862ab3a70205d5bb1c,Source
views,7de7863e3eb097534f36032c7ce77ac48ec8f29b2dde6a862ab3a70205d5bb1c,Source
be,59a9fc5eb910b62893713973b3f90a5833729099846f311073f98f92b8ea680e,Source
open space,59a9fc5eb910b62893713973b3f90a5833729099846f311073f98f92b8ea680e,Source
height and scale,59a9fc5eb910b62893713973b3f90a5833729099846f311073f98f92b8ea680e,Source
unique environmental qualities,59a9fc5eb910b62893713973b3f90a5833729099846f311073f98f92b8ea680e,Source
properties,59a9fc5eb910b62893713973b3f90a5833729099846f311073f98f92b8ea680e,Source
environmental impact,59a9fc5eb910b62893713973b3f90a5833729099846f311073f98f92b8ea680e,Source
landscapes,59a9fc5eb910b62893713973b3f90a5833729099846f311073f98f92b8ea680e,Source
area,59a9fc5eb910b62893713973b3f90a5833729099846f311073f98f92b8ea680e,Source
"sandstone cliffs, outcrops and overhangs",59a9fc5eb910b62893713973b3f90a5833729099846f311073f98f92b8ea680e,Source
plantings,59a9fc5eb910b62893713973b3f90a5833729099846f311073f98f92b8ea680e,Source
Development adjoining public open space must be set back from open space,59a9fc5eb910b62893713973b3f90a5833729099846f311073f98f92b8ea680e,Source
This is particularly important where properties are within a foreshore area or where the land is flood affected,59a9fc5eb910b62893713973b3f90a5833729099846f311073f98f92b8ea680e,Source
Development must be designed and located to minimise potential adverse environmental impact,59a9fc5eb910b62893713973b3f90a5833729099846f311073f98f92b8ea680e,Source
"Development within the scenic protection area must be: of a scale compatible with the character, landscape and scenic qualities of the area",59a9fc5eb910b62893713973b3f90a5833729099846f311073f98f92b8ea680e,Source
Any plantings are to enhance fauna habitat and to be local species endemic to the area,59a9fc5eb910b62893713973b3f90a5833729099846f311073f98f92b8ea680e,Source
"Sandstone cliffs, outcrops and overhangs must be retained in situ and integrated into the design of new development",59a9fc5eb910b62893713973b3f90a5833729099846f311073f98f92b8ea680e,Source
Development within the scenic protection area must be designed and located to minimise potential adverse environmental impact,59a9fc5eb910b62893713973b3f90a5833729099846f311073f98f92b8ea680e,Source
scenic protection area,59a9fc5eb910b62893713973b3f90a5833729099846f311073f98f92b8ea680e,Source
foreshore area,59a9fc5eb910b62893713973b3f90a5833729099846f311073f98f92b8ea680e,Source
"Development within the scenic protection area must be of a scale compatible with the character, landscape and scenic qualities of the area",59a9fc5eb910b62893713973b3f90a5833729099846f311073f98f92b8ea680e,Source
character,59a9fc5eb910b62893713973b3f90a5833729099846f311073f98f92b8ea680e,Source
landscape,59a9fc5eb910b62893713973b3f90a5833729099846f311073f98f92b8ea680e,Source
qualities of the area,59a9fc5eb910b62893713973b3f90a5833729099846f311073f98f92b8ea680e,Source
Any development within the scenic protection area must have minimal visual impact when viewed from any adjoining public open space,59a9fc5eb910b62893713973b3f90a5833729099846f311073f98f92b8ea680e,Source
"Adjoining public open space provides a visual transition between open space and avoids abutting public open space with high, blank or solid fences",59a9fc5eb910b62893713973b3f90a5833729099846f311073f98f92b8ea680e,Source
adjoining public open space,59a9fc5eb910b62893713973b3f90a5833729099846f311073f98f92b8ea680e,Source
"high, blank or solid fences",59a9fc5eb910b62893713973b3f90a5833729099846f311073f98f92b8ea680e,Source
sandstone cliffs,59a9fc5eb910b62893713973b3f90a5833729099846f311073f98f92b8ea680e,Source
outcrops,59a9fc5eb910b62893713973b3f90a5833729099846f311073f98f92b8ea680e,Source
overhangs,59a9fc5eb910b62893713973b3f90a5833729099846f311073f98f92b8ea680e,Source
new development,59a9fc5eb910b62893713973b3f90a5833729099846f311073f98f92b8ea680e,Source
fauna habitat,59a9fc5eb910b62893713973b3f90a5833729099846f311073f98f92b8ea680e,Source
WSUD provisions,21f316011e29c1f84bb215923d2a8f81b2db15ee4b8e5de33bbcefc564d66b84,Source
reduce potable water use,21f316011e29c1f84bb215923d2a8f81b2db15ee4b8e5de33bbcefc564d66b84,Source
stormwater quality targets,21f316011e29c1f84bb215923d2a8f81b2db15ee4b8e5de33bbcefc564d66b84,Source
Specific developments,21f316011e29c1f84bb215923d2a8f81b2db15ee4b8e5de33bbcefc564d66b84,Source
water conservation and stormwater quality targets,21f316011e29c1f84bb215923d2a8f81b2db15ee4b8e5de33bbcefc564d66b84,Source
All residential buildings,21f316011e29c1f84bb215923d2a8f81b2db15ee4b8e5de33bbcefc564d66b84,Source
State Environmental Planning Policy - Building Sustainability Index (BASIX),21f316011e29c1f84bb215923d2a8f81b2db15ee4b8e5de33bbcefc564d66b84,Source
Buildings not covered by BASIX,21f316011e29c1f84bb215923d2a8f81b2db15ee4b8e5de33bbcefc564d66b84,Source
Water Efficiency Labelling and Standards (WELS) Scheme,21f316011e29c1f84bb215923d2a8f81b2db15ee4b8e5de33bbcefc564d66b84,Source
Rainwater tanks,21f316011e29c1f84bb215923d2a8f81b2db15ee4b8e5de33bbcefc564d66b84,Source
"including outdoor use, toilets, and laundry",21f316011e29c1f84bb215923d2a8f81b2db15ee4b8e5de33bbcefc564d66b84,Source
Cooling towers,21f316011e29c1f84bb215923d2a8f81b2db15ee4b8e5de33bbcefc564d66b84,Source
to ensure optimum circulation before discharge,21f316011e29c1f84bb215923d2a8f81b2db15ee4b8e5de33bbcefc564d66b84,Source
The WSUD provisions within this chapter apply to new development and redevelopment within the area.,21f316011e29c1f84bb215923d2a8f81b2db15ee4b8e5de33bbcefc564d66b84,Source
"to reduce potable water use, and treat stormwater so that the area reaches the relevant stormwater quality targets for stormwater reuse and/or stormwater entering receiving waters.",21f316011e29c1f84bb215923d2a8f81b2db15ee4b8e5de33bbcefc564d66b84,Source
Specific developments are required to meet water conservation and stormwater quality targets.,21f316011e29c1f84bb215923d2a8f81b2db15ee4b8e5de33bbcefc564d66b84,Source
the WSUD provisions within this chapter apply to new development and redevelopment within the area.,21f316011e29c1f84bb215923d2a8f81b2db15ee4b8e5de33bbcefc564d66b84,Source
"All residential buildings are to demonstrate compliance with State Environmental Planning Policy - Building Sustainability Index (BASIX), as required.",21f316011e29c1f84bb215923d2a8f81b2db15ee4b8e5de33bbcefc564d66b84,Source
All buildings not covered by the State Environmental Planning Policy - BASIX must meet minimum standards defined by the Water Efficiency Labelling and Standards (WELS) Scheme.,21f316011e29c1f84bb215923d2a8f81b2db15ee4b8e5de33bbcefc564d66b84,Source
"are to install rainwater tanks to meet all non-potable demands, including outdoor use, toilets, and laundry.",21f316011e29c1f84bb215923d2a8f81b2db15ee4b8e5de33bbcefc564d66b84,Source
are to incorporate passive cooling methods that rely on improved natural ventilation to supplement or preclude mechanical cooling.,21f316011e29c1f84bb215923d2a8f81b2db15ee4b8e5de33bbcefc564d66b84,Source
"where cooling towers are used, they are: to be connected to a conductivity meter to ensure optimum circulation before discharge.",21f316011e29c1f84bb215923d2a8f81b2db15ee4b8e5de33bbcefc564d66b84,Source
to include a water meter connected to a building energy and water metering system to monitor water usage.,21f316011e29c1f84bb215923d2a8f81b2db15ee4b8e5de33bbcefc564d66b84,Source
The WSUD provisions within this chapter apply to new development and redevelopment within the area,21f316011e29c1f84bb215923d2a8f81b2db15ee4b8e5de33bbcefc564d66b84,Source
redevelopment,21f316011e29c1f84bb215923d2a8f81b2db15ee4b8e5de33bbcefc564d66b84,Source
the area,21f316011e29c1f84bb215923d2a8f81b2db15ee4b8e5de33bbcefc564d66b84,Source
Specific developments are required to meet water conservation and stormwater quality targets that have been established for land where this DCP applies,21f316011e29c1f84bb215923d2a8f81b2db15ee4b8e5de33bbcefc564d66b84,Source
specific developments,21f316011e29c1f84bb215923d2a8f81b2db15ee4b8e5de33bbcefc564d66b84,Source
DCP,21f316011e29c1f84bb215923d2a8f81b2db15ee4b8e5de33bbcefc564d66b84,Source
All residential buildings are to demonstrate compliance with State Environmental Planning Policy - Building Sustainability Index (BASIX),21f316011e29c1f84bb215923d2a8f81b2db15ee4b8e5de33bbcefc564d66b84,Source
all residential buildings,21f316011e29c1f84bb215923d2a8f81b2db15ee4b8e5de33bbcefc564d66b84,Source
All buildings not covered by the State Environmental Planning Policy - BASIX must meet minimum standards defined by the Water Efficiency Labelling and Standards (WELS) Scheme,21f316011e29c1f84bb215923d2a8f81b2db15ee4b8e5de33bbcefc564d66b84,Source
buildings not covered by the State Environmental Planning Policy - BASIX,21f316011e29c1f84bb215923d2a8f81b2db15ee4b8e5de33bbcefc564d66b84,Source
"All buildings are to install rainwater tanks to meet all non-potable demands, including outdoor use, toilets, and laundry",21f316011e29c1f84bb215923d2a8f81b2db15ee4b8e5de33bbcefc564d66b84,Source
all buildings,21f316011e29c1f84bb215923d2a8f81b2db15ee4b8e5de33bbcefc564d66b84,Source
rainwater tanks,21f316011e29c1f84bb215923d2a8f81b2db15ee4b8e5de33bbcefc564d66b84,Source
non-potable demands,21f316011e29c1f84bb215923d2a8f81b2db15ee4b8e5de33bbcefc564d66b84,Source
outdoor use,21f316011e29c1f84bb215923d2a8f81b2db15ee4b8e5de33bbcefc564d66b84,Source
toilets,21f316011e29c1f84bb215923d2a8f81b2db15ee4b8e5de33bbcefc564d66b84,Source
laundry,21f316011e29c1f84bb215923d2a8f81b2db15ee4b8e5de33bbcefc564d66b84,Source
All buildings are to incorporate passive cooling methods that rely on improved natural ventilation to supplement or preclude mechanical cooling,21f316011e29c1f84bb215923d2a8f81b2db15ee4b8e5de33bbcefc564d66b84,Source
passive cooling methods,21f316011e29c1f84bb215923d2a8f81b2db15ee4b8e5de33bbcefc564d66b84,Source
natural ventilation,21f316011e29c1f84bb215923d2a8f81b2db15ee4b8e5de33bbcefc564d66b84,Source
mechanical cooling,21f316011e29c1f84bb215923d2a8f81b2db15ee4b8e5de33bbcefc564d66b84,Source
Cooling towers used in some buildings must be connected to a conductivity meter to ensure optimum circulation before discharge,21f316011e29c1f84bb215923d2a8f81b2db15ee4b8e5de33bbcefc564d66b84,Source
cooling towers,21f316011e29c1f84bb215923d2a8f81b2db15ee4b8e5de33bbcefc564d66b84,Source
conductivity meter,21f316011e29c1f84bb215923d2a8f81b2db15ee4b8e5de33bbcefc564d66b84,Source
circulation,21f316011e29c1f84bb215923d2a8f81b2db15ee4b8e5de33bbcefc564d66b84,Source
All buildings are to include a water meter connected to a building energy and water metering system to monitor water usage,21f316011e29c1f84bb215923d2a8f81b2db15ee4b8e5de33bbcefc564d66b84,Source
water meter,21f316011e29c1f84bb215923d2a8f81b2db15ee4b8e5de33bbcefc564d66b84,Source
building energy and water metering system,21f316011e29c1f84bb215923d2a8f81b2db15ee4b8e5de33bbcefc564d66b84,Source
water usage,21f316011e29c1f84bb215923d2a8f81b2db15ee4b8e5de33bbcefc564d66b84,Source
existing trees,5749edd7368b578efeea00cd0949ded397b1bf519708601446f088cb6223a7a7,Source
hard paved areas,5749edd7368b578efeea00cd0949ded397b1bf519708601446f088cb6223a7a7,Source
rainwater infiltration,5749edd7368b578efeea00cd0949ded397b1bf519708601446f088cb6223a7a7,Source
green roofs,5749edd7368b578efeea00cd0949ded397b1bf519708601446f088cb6223a7a7,Source
large scale developments,5749edd7368b578efeea00cd0949ded397b1bf519708601446f088cb6223a7a7,Source
landscape plan,5749edd7368b578efeea00cd0949ded397b1bf519708601446f088cb6223a7a7,Source
development application,5749edd7368b578efeea00cd0949ded397b1bf519708601446f088cb6223a7a7,Source
mulch depth,5749edd7368b578efeea00cd0949ded397b1bf519708601446f088cb6223a7a7,Source
100mm,5749edd7368b578efeea00cd0949ded397b1bf519708601446f088cb6223a7a7,Source
court walls,5749edd7368b578efeea00cd0949ded397b1bf519708601446f088cb6223a7a7,Source
material similar in type and colour to that used for the development found on site,5749edd7368b578efeea00cd0949ded397b1bf519708601446f088cb6223a7a7,Source
Any new development must preserve and protect any existing trees on site.,5749edd7368b578efeea00cd0949ded397b1bf519708601446f088cb6223a7a7,Source
To minimise the extent of hard paved areas and facilitate rainwater infiltration.,5749edd7368b578efeea00cd0949ded397b1bf519708601446f088cb6223a7a7,Source
To encourage green roofs and green walls particularly for large scale developments.,5749edd7368b578efeea00cd0949ded397b1bf519708601446f088cb6223a7a7,Source
"A landscape plan and maintenance schedule must be submitted with any development application for residential, commercial and industrial development that requires landscaping.",5749edd7368b578efeea00cd0949ded397b1bf519708601446f088cb6223a7a7,Source
Use of mulch or similar treatments of garden beds with mulch depth not less than 100mm,5749edd7368b578efeea00cd0949ded397b1bf519708601446f088cb6223a7a7,Source
"Any court walls facing a communal area or public place or road (that must be constructed of a material similar in type and colour to that used for the development found on site),",5749edd7368b578efeea00cd0949ded397b1bf519708601446f088cb6223a7a7,Source
rainwater,5749edd7368b578efeea00cd0949ded397b1bf519708601446f088cb6223a7a7,Source
green walls,5749edd7368b578efeea00cd0949ded397b1bf519708601446f088cb6223a7a7,Source
maintenance schedule,5749edd7368b578efeea00cd0949ded397b1bf519708601446f088cb6223a7a7,Source
residential development,5749edd7368b578efeea00cd0949ded397b1bf519708601446f088cb6223a7a7,Source
commercial development,5749edd7368b578efeea00cd0949ded397b1bf519708601446f088cb6223a7a7,Source
industrial development,5749edd7368b578efeea00cd0949ded397b1bf519708601446f088cb6223a7a7,Source
landscaping,5749edd7368b578efeea00cd0949ded397b1bf519708601446f088cb6223a7a7,Source
mulch,5749edd7368b578efeea00cd0949ded397b1bf519708601446f088cb6223a7a7,Source
garden beds,5749edd7368b578efeea00cd0949ded397b1bf519708601446f088cb6223a7a7,Source
communal area,5749edd7368b578efeea00cd0949ded397b1bf519708601446f088cb6223a7a7,Source
public place,5749edd7368b578efeea00cd0949ded397b1bf519708601446f088cb6223a7a7,Source
road,5749edd7368b578efeea00cd0949ded397b1bf519708601446f088cb6223a7a7,Source
stormwater,337f42c94de20ff6f5502760a8af2637b4825945eaae1901a16864899bee2787,Source
flooding,337f42c94de20ff6f5502760a8af2637b4825945eaae1901a16864899bee2787,Source
developments,337f42c94de20ff6f5502760a8af2637b4825945eaae1901a16864899bee2787,Source
receiving waters,337f42c94de20ff6f5502760a8af2637b4825945eaae1901a16864899bee2787,Source
infrequent storms,337f42c94de20ff6f5502760a8af2637b4825945eaae1901a16864899bee2787,Source
urban environment,337f42c94de20ff6f5502760a8af2637b4825945eaae1901a16864899bee2787,Source
pedestrian traffic,337f42c94de20ff6f5502760a8af2637b4825945eaae1901a16864899bee2787,Source
frequent storms,337f42c94de20ff6f5502760a8af2637b4825945eaae1901a16864899bee2787,Source
landowners,337f42c94de20ff6f5502760a8af2637b4825945eaae1901a16864899bee2787,Source
receiving waters and adjacent land-use,337f42c94de20ff6f5502760a8af2637b4825945eaae1901a16864899bee2787,Source
On Site Detention,337f42c94de20ff6f5502760a8af2637b4825945eaae1901a16864899bee2787,Source
Gravity Pipe System,337f42c94de20ff6f5502760a8af2637b4825945eaae1901a16864899bee2787,Source
The flow of stormwater from developments needs to be managed so as to negate or reduce to an acceptable frequency the possibility of flooding buildings and/or the danger to life at any location.,337f42c94de20ff6f5502760a8af2637b4825945eaae1901a16864899bee2787,Source
To protect the urban environment from the effects of otherwise uncontrolled surface stormwater flows resulting from infrequent (and lesser) storm events.,337f42c94de20ff6f5502760a8af2637b4825945eaae1901a16864899bee2787,Source
To minimise or negate disruption and/or danger to both pedestrian and vehicular traffic that may be caused by otherwise uncontrolled surface stormwater flows resulting from frequent storm events.,337f42c94de20ff6f5502760a8af2637b4825945eaae1901a16864899bee2787,Source
"To protect the quality of receiving waters, adjacent and downstream land-use and the rights of adjacent and downstream landowners.",337f42c94de20ff6f5502760a8af2637b4825945eaae1901a16864899bee2787,Source
"On Site Detention Yes (3, 6)",337f42c94de20ff6f5502760a8af2637b4825945eaae1901a16864899bee2787,Source
"On Site Retention Yes (3,8)",337f42c94de20ff6f5502760a8af2637b4825945eaae1901a16864899bee2787,Source
Gravity Pipe System Required Yes (4),337f42c94de20ff6f5502760a8af2637b4825945eaae1901a16864899bee2787,Source
Pump System Permitted No (4),337f42c94de20ff6f5502760a8af2637b4825945eaae1901a16864899bee2787,Source
"The flow of stormwater from developments needs to be managed so as to negate or reduce to an acceptable frequency the possibility of flooding buildings and/or the danger to life at any location, through the storage of stormwater where appropriate in developments and the control of major development drainage systems.",337f42c94de20ff6f5502760a8af2637b4825945eaae1901a16864899bee2787,Source
infrequent storm events,337f42c94de20ff6f5502760a8af2637b4825945eaae1901a16864899bee2787,Source
surface stormwater flows,337f42c94de20ff6f5502760a8af2637b4825945eaae1901a16864899bee2787,Source
vehicular traffic,337f42c94de20ff6f5502760a8af2637b4825945eaae1901a16864899bee2787,Source
frequent storm events,337f42c94de20ff6f5502760a8af2637b4825945eaae1901a16864899bee2787,Source
land-use,337f42c94de20ff6f5502760a8af2637b4825945eaae1901a16864899bee2787,Source
adjacent landowners,337f42c94de20ff6f5502760a8af2637b4825945eaae1901a16864899bee2787,Source
downstream landowners,337f42c94de20ff6f5502760a8af2637b4825945eaae1901a16864899bee2787,Source
Pump System,337f42c94de20ff6f5502760a8af2637b4825945eaae1901a16864899bee2787,Source
Marrickville DCP 2011,0a8debeb73ef9421193d58cf2b2f27bc0e0fa2c80b37bbfb3ee41c7ed01d32d4,Source
Clause 2.3,0a8debeb73ef9421193d58cf2b2f27bc0e0fa2c80b37bbfb3ee41c7ed01d32d4,Source
setback,0a8debeb73ef9421193d58cf2b2f27bc0e0fa2c80b37bbfb3ee41c7ed01d32d4,Source
front projections,0a8debeb73ef9421193d58cf2b2f27bc0e0fa2c80b37bbfb3ee41c7ed01d32d4,Source
side setbacks,0a8debeb73ef9421193d58cf2b2f27bc0e0fa2c80b37bbfb3ee41c7ed01d32d4,Source
height limit,0a8debeb73ef9421193d58cf2b2f27bc0e0fa2c80b37bbfb3ee41c7ed01d32d4,Source
eaves height,0a8debeb73ef9421193d58cf2b2f27bc0e0fa2c80b37bbfb3ee41c7ed01d32d4,Source
environmental protection,0a8debeb73ef9421193d58cf2b2f27bc0e0fa2c80b37bbfb3ee41c7ed01d32d4,Source
overshadowing,0a8debeb73ef9421193d58cf2b2f27bc0e0fa2c80b37bbfb3ee41c7ed01d32d4,Source
loss of privacy and views,0a8debeb73ef9421193d58cf2b2f27bc0e0fa2c80b37bbfb3ee41c7ed01d32d4,Source
site analysis,0a8debeb73ef9421193d58cf2b2f27bc0e0fa2c80b37bbfb3ee41c7ed01d32d4,Source
streetscape,0a8debeb73ef9421193d58cf2b2f27bc0e0fa2c80b37bbfb3ee41c7ed01d32d4,Source
building,0a8debeb73ef9421193d58cf2b2f27bc0e0fa2c80b37bbfb3ee41c7ed01d32d4,Source
surrounding buildings,0a8debeb73ef9421193d58cf2b2f27bc0e0fa2c80b37bbfb3ee41c7ed01d32d4,Source
ecological community (EEC),0a8debeb73ef9421193d58cf2b2f27bc0e0fa2c80b37bbfb3ee41c7ed01d32d4,Source
site and boundaries with adjoining sites,0a8debeb73ef9421193d58cf2b2f27bc0e0fa2c80b37bbfb3ee41c7ed01d32d4,Source
significant trees or other vegetation,0a8debeb73ef9421193d58cf2b2f27bc0e0fa2c80b37bbfb3ee41c7ed01d32d4,Source
adjoining sites,0a8debeb73ef9421193d58cf2b2f27bc0e0fa2c80b37bbfb3ee41c7ed01d32d4,Source
The document outlines planning requirements for Marrickville DCP 2011.,0a8debeb73ef9421193d58cf2b2f27bc0e0fa2c80b37bbfb3ee41c7ed01d32d4,Source
Clause 2.3 - setback (development_control) is included in these requirements,0a8debeb73ef9421193d58cf2b2f27bc0e0fa2c80b37bbfb3ee41c7ed01d32d4,Source
Front setbacks and front projections are defined in Clause 2.3.,0a8debeb73ef9421193d58cf2b2f27bc0e0fa2c80b37bbfb3ee41c7ed01d32d4,Source
Side setbacks are also defined in this clause,0a8debeb73ef9421193d58cf2b2f27bc0e0fa2c80b37bbfb3ee41c7ed01d32d4,Source
Eaves height is specified as part of the height_limit requirements.,0a8debeb73ef9421193d58cf2b2f27bc0e0fa2c80b37bbfb3ee41c7ed01d32d4,Source
Clause 2.3.1 - environmental_protection (environmental_protection) outlines environmental considerations,0a8debeb73ef9421193d58cf2b2f27bc0e0fa2c80b37bbfb3ee41c7ed01d32d4,Source
"Minimising overshadowing, loss of privacy and views are key objectives.",0a8debeb73ef9421193d58cf2b2f27bc0e0fa2c80b37bbfb3ee41c7ed01d32d4,Source
"The development must integrate within the streetscape when considering scale, proportion and massing",0a8debeb73ef9421193d58cf2b2f27bc0e0fa2c80b37bbfb3ee41c7ed01d32d4,Source
The site and context analysis must demonstrate that the building will sit comfortably with surrounding buildings in terms of its massing.,0a8debeb73ef9421193d58cf2b2f27bc0e0fa2c80b37bbfb3ee41c7ed01d32d4,Source
"The site and context analysis must also demonstrate that the building is well proportioned, both as an individual element and within the streetscape",0a8debeb73ef9421193d58cf2b2f27bc0e0fa2c80b37bbfb3ee41c7ed01d32d4,Source
"Any endangered ecological community (EEC), significant trees or other vegetation on the site must be identified.",0a8debeb73ef9421193d58cf2b2f27bc0e0fa2c80b37bbfb3ee41c7ed01d32d4,Source
Other existing trees upon the site or close to boundaries with adjoining sites must also be considered,0a8debeb73ef9421193d58cf2b2f27bc0e0fa2c80b37bbfb3ee41c7ed01d32d4,Source
The front setbacks and front projections must be considered.,0a8debeb73ef9421193d58cf2b2f27bc0e0fa2c80b37bbfb3ee41c7ed01d32d4,Source
Front setbacks,0a8debeb73ef9421193d58cf2b2f27bc0e0fa2c80b37bbfb3ee41c7ed01d32d4,Source
Front projections,0a8debeb73ef9421193d58cf2b2f27bc0e0fa2c80b37bbfb3ee41c7ed01d32d4,Source
Eaves height must be limited.,0a8debeb73ef9421193d58cf2b2f27bc0e0fa2c80b37bbfb3ee41c7ed01d32d4,Source
Eaves height,0a8debeb73ef9421193d58cf2b2f27bc0e0fa2c80b37bbfb3ee41c7ed01d32d4,Source
"Overshadowing, loss of privacy and views must be minimised.",0a8debeb73ef9421193d58cf2b2f27bc0e0fa2c80b37bbfb3ee41c7ed01d32d4,Source
Overshadowing,0a8debeb73ef9421193d58cf2b2f27bc0e0fa2c80b37bbfb3ee41c7ed01d32d4,Source
Loss of privacy,0a8debeb73ef9421193d58cf2b2f27bc0e0fa2c80b37bbfb3ee41c7ed01d32d4,Source
Views,0a8debeb73ef9421193d58cf2b2f27bc0e0fa2c80b37bbfb3ee41c7ed01d32d4,Source
"The development will integrate within the streetscape when considering scale, proportion and massing.",0a8debeb73ef9421193d58cf2b2f27bc0e0fa2c80b37bbfb3ee41c7ed01d32d4,Source
Streetscape,0a8debeb73ef9421193d58cf2b2f27bc0e0fa2c80b37bbfb3ee41c7ed01d32d4,Source
Scale,0a8debeb73ef9421193d58cf2b2f27bc0e0fa2c80b37bbfb3ee41c7ed01d32d4,Source
Proportion,0a8debeb73ef9421193d58cf2b2f27bc0e0fa2c80b37bbfb3ee41c7ed01d32d4,Source
Massing,0a8debeb73ef9421193d58cf2b2f27bc0e0fa2c80b37bbfb3ee41c7ed01d32d4,Source
The building is well proportioned as an individual element and within the streetscape.,0a8debeb73ef9421193d58cf2b2f27bc0e0fa2c80b37bbfb3ee41c7ed01d32d4,Source
Building,0a8debeb73ef9421193d58cf2b2f27bc0e0fa2c80b37bbfb3ee41c7ed01d32d4,Source
The building will sit comfortably with surrounding buildings in terms of its massing.,0a8debeb73ef9421193d58cf2b2f27bc0e0fa2c80b37bbfb3ee41c7ed01d32d4,Source
Surrounding buildings,0a8debeb73ef9421193d58cf2b2f27bc0e0fa2c80b37bbfb3ee41c7ed01d32d4,Source
"Any endangered ecological community (EEC), significant trees or other vegetation must be considered.",0a8debeb73ef9421193d58cf2b2f27bc0e0fa2c80b37bbfb3ee41c7ed01d32d4,Source
Endangered ecological community,0a8debeb73ef9421193d58cf2b2f27bc0e0fa2c80b37bbfb3ee41c7ed01d32d4,Source
Significant trees,0a8debeb73ef9421193d58cf2b2f27bc0e0fa2c80b37bbfb3ee41c7ed01d32d4,Source
Vegetation,0a8debeb73ef9421193d58cf2b2f27bc0e0fa2c80b37bbfb3ee41c7ed01d32d4,Source
Unique environmental features,0a8debeb73ef9421193d58cf2b2f27bc0e0fa2c80b37bbfb3ee41c7ed01d32d4,Source
people with a disability,902f4a45c64b806594f7392b51ce8dafb2859a37359cb64a6e874f40ac8424d0,Source
car parking facilities,902f4a45c64b806594f7392b51ce8dafb2859a37359cb64a6e874f40ac8424d0,Source
Council,902f4a45c64b806594f7392b51ce8dafb2859a37359cb64a6e874f40ac8424d0,Source
the provision for ease of use and comfort,902f4a45c64b806594f7392b51ce8dafb2859a37359cb64a6e874f40ac8424d0,Source
safety measures,902f4a45c64b806594f7392b51ce8dafb2859a37359cb64a6e874f40ac8424d0,Source
circulation space,902f4a45c64b806594f7392b51ce8dafb2859a37359cb64a6e874f40ac8424d0,Source
street furniture,902f4a45c64b806594f7392b51ce8dafb2859a37359cb64a6e874f40ac8424d0,Source
signage,902f4a45c64b806594f7392b51ce8dafb2859a37359cb64a6e874f40ac8424d0,Source
obstacles,902f4a45c64b806594f7392b51ce8dafb2859a37359cb64a6e874f40ac8424d0,Source
principal entrances of commercial buildings,902f4a45c64b806594f7392b51ce8dafb2859a37359cb64a6e874f40ac8424d0,Source
handrails and guard-rails,902f4a45c64b806594f7392b51ce8dafb2859a37359cb64a6e874f40ac8424d0,Source
To provide an adequate supply of car parking facilities for use by people with a disability.,902f4a45c64b806594f7392b51ce8dafb2859a37359cb64a6e874f40ac8424d0,Source
"The provision for ease of use and comfort through appropriate gradients, rest areas, circulation space and user friendly entrances,",902f4a45c64b806594f7392b51ce8dafb2859a37359cb64a6e874f40ac8424d0,Source
When assessing a development application Council must take into account the following matters as relevant to the application:,902f4a45c64b806594f7392b51ce8dafb2859a37359cb64a6e874f40ac8424d0,Source
"Safety measures, including contrasting colours for points of danger, slip resistant travel surfaces and appropriate positioning of street furniture, public art installations, signage or any other obstacles,",902f4a45c64b806594f7392b51ce8dafb2859a37359cb64a6e874f40ac8424d0,Source
"Safety measures, including contrasting colours for points of danger, slip resistant travel surfaces and appropriate positioning of street furniture, public art installations, signage or any other obstacles",902f4a45c64b806594f7392b51ce8dafb2859a37359cb64a6e874f40ac8424d0,Source
"Legible design and way finding features, such as signs and international symbols and indicators,",902f4a45c64b806594f7392b51ce8dafb2859a37359cb64a6e874f40ac8424d0,Source
"Legible design and way finding features, such as signs and international symbols and indicators",902f4a45c64b806594f7392b51ce8dafb2859a37359cb64a6e874f40ac8424d0,Source
"Opportunities for access through principal entrances of commercial buildings,",902f4a45c64b806594f7392b51ce8dafb2859a37359cb64a6e874f40ac8424d0,Source
car,902f4a45c64b806594f7392b51ce8dafb2859a37359cb64a6e874f40ac8424d0,Source
"When assessing a development application Council must take into account the provision for ease of use and comfort through appropriate gradients, rest areas, circulation space and user friendly entrances,",902f4a45c64b806594f7392b51ce8dafb2859a37359cb64a6e874f40ac8424d0,Source
"Safety measures, including contrasting colours for points of danger, slip resistant travel surfaces and appropriate positioning of street furniture, public art installations, signage or any other obstacles, including those in the public domain,",902f4a45c64b806594f7392b51ce8dafb2859a37359cb64a6e874f40ac8424d0,Source
public art installations,902f4a45c64b806594f7392b51ce8dafb2859a37359cb64a6e874f40ac8424d0,Source
"Legible design and way finding features, such as signs and international symbols and indicators, to assist in determining the location of handrails, guard-rails and tactile indicators where relevant,",902f4a45c64b806594f7392b51ce8dafb2859a37359cb64a6e874f40ac8424d0,Source
handrails,902f4a45c64b806594f7392b51ce8dafb2859a37359cb64a6e874f40ac8424d0,Source
guard-rails,902f4a45c64b806594f7392b51ce8dafb2859a37359cb64a6e874f40ac8424d0,Source
tactile indicators,902f4a45c64b806594f7392b51ce8dafb2859a37359cb64a6e874f40ac8424d0,Source
signs,902f4a45c64b806594f7392b51ce8dafb2859a37359cb64a6e874f40ac8424d0,Source
"Opportunities for access through principal entrances of commercial buildings, pubs or other places.",902f4a45c64b806594f7392b51ce8dafb2859a37359cb64a6e874f40ac8424d0,Source
commercial buildings,902f4a45c64b806594f7392b51ce8dafb2859a37359cb64a6e874f40ac8424d0,Source
pubs,902f4a45c64b806594f7392b51ce8dafb2859a37359cb64a6e874f40ac8424d0,Source
Document,285a0607986de14e249b7ed622b00bd819de963bc49e1a372a29caa029c0b6bb,Source
Acoustic,285a0607986de14e249b7ed622b00bd819de963bc49e1a372a29caa029c0b6bb,Source
Visual,285a0607986de14e249b7ed622b00bd819de963bc49e1a372a29caa029c0b6bb,Source
Marrickville DCP 2011 - 2 6,285a0607986de14e249b7ed622b00bd819de963bc49e1a372a29caa029c0b6bb,Source
The planning document was created.,285a0607986de14e249b7ed622b00bd819de963bc49e1a372a29caa029c0b6bb,Source
It was titled Marrickville DCP 2011 - 2,285a0607986de14e249b7ed622b00bd819de963bc49e1a372a29caa029c0b6bb,Source
The document included an acoustic and visual privacy plan.,285a0607986de14e249b7ed622b00bd819de963bc49e1a372a29caa029c0b6bb,Source
Acoustic and visual privacy were important considerations for the planning process,285a0607986de14e249b7ed622b00bd819de963bc49e1a372a29caa029c0b6bb,Source
The document's purpose was to ensure compliance with regulations.,285a0607986de14e249b7ed622b00bd819de963bc49e1a372a29caa029c0b6bb,Source
The Planning Document is titled Marrickville DCP 2011 - 2.,285a0607986de14e249b7ed622b00bd819de963bc49e1a372a29caa029c0b6bb,Source
Marrickville,285a0607986de14e249b7ed622b00bd819de963bc49e1a372a29caa029c0b6bb,Source
The title of the document is Acoustic and Visual Privacy.,285a0607986de14e249b7ed622b00bd819de963bc49e1a372a29caa029c0b6bb,Source
Privacy,285a0607986de14e249b7ed622b00bd819de963bc49e1a372a29caa029c0b6bb,Source
windows,f877657ae707f4029dc705d372402c01ce3377e9f031f340c4f24e9aab95865b,Source
sunlight,f877657ae707f4029dc705d372402c01ce3377e9f031f340c4f24e9aab95865b,Source
PV panels,f877657ae707f4029dc705d372402c01ce3377e9f031f340c4f24e9aab95865b,Source
solar hot water systems,f877657ae707f4029dc705d372402c01ce3377e9f031f340c4f24e9aab95865b,Source
Direct solar access to windows must not be reduced to less than two hours between 9.00am and 3.00pm on 21 June.,f877657ae707f4029dc705d372402c01ce3377e9f031f340c4f24e9aab95865b,Source
"Where less than two hours of sunlight is currently available on 21 June, solar access should not be further reduced.",f877657ae707f4029dc705d372402c01ce3377e9f031f340c4f24e9aab95865b,Source
PV panels and solar hot water systems must receive a minimum four hours of direct sunlight between 9.00am and 3.00pm during midwinter.,f877657ae707f4029dc705d372402c01ce3377e9f031f340c4f24e9aab95865b,Source
PV panels and solar hot water systems must be placed on areas of a building where there is minimal or no adverse impacts on the streetscape or architectural integrity of the host building and where there is minimal or no overshadowing.,f877657ae707f4029dc705d372402c01ce3377e9f031f340c4f24e9aab95865b,Source
Direct solar access to windows of principal living areas must not be reduced to less than two hours between 9.00am and 3.00pm on 21 June.,f877657ae707f4029dc705d372402c01ce3377e9f031f340c4f24e9aab95865b,Source
residential accommodation,f877657ae707f4029dc705d372402c01ce3377e9f031f340c4f24e9aab95865b,Source
principal living areas,f877657ae707f4029dc705d372402c01ce3377e9f031f340c4f24e9aab95865b,Source
Solar access should not be further reduced if less than two hours of sunlight is currently available on 21 June.,f877657ae707f4029dc705d372402c01ce3377e9f031f340c4f24e9aab95865b,Source
PV panels and solar hot water systems must be placed where there is minimal or no adverse impacts on the streetscape or architectural integrity of the host building.,f877657ae707f4029dc705d372402c01ce3377e9f031f340c4f24e9aab95865b,Source
host building,f877657ae707f4029dc705d372402c01ce3377e9f031f340c4f24e9aab95865b,Source
Clause 2.8,25f525e73c6fd192ab7b50244d580c8adf873382d6cd2591aa5ecb8c8f95ddb4,Source
social impact assessment,25f525e73c6fd192ab7b50244d580c8adf873382d6cd2591aa5ecb8c8f95ddb4,Source
predict development or land use change,25f525e73c6fd192ab7b50244d580c8adf873382d6cd2591aa5ecb8c8f95ddb4,Source
development or land use change,25f525e73c6fd192ab7b50244d580c8adf873382d6cd2591aa5ecb8c8f95ddb4,Source
people's way of life,25f525e73c6fd192ab7b50244d580c8adf873382d6cd2591aa5ecb8c8f95ddb4,Source
Clause 2.8.5,25f525e73c6fd192ab7b50244d580c8adf873382d6cd2591aa5ecb8c8f95ddb4,Source
SIC or SIS with development application,25f525e73c6fd192ab7b50244d580c8adf873382d6cd2591aa5ecb8c8f95ddb4,Source
"A social impact assessment (SIA) aims to predict the positive or negative impact that development or land use change may have on people’s way of life, their culture, or their community.",25f525e73c6fd192ab7b50244d580c8adf873382d6cd2591aa5ecb8c8f95ddb4,Source
"A SIC or SIS is required with any development application if, in the opinion of Council, a proposed development is likely to have a significant impact on the community.",25f525e73c6fd192ab7b50244d580c8adf873382d6cd2591aa5ecb8c8f95ddb4,Source
people,25f525e73c6fd192ab7b50244d580c8adf873382d6cd2591aa5ecb8c8f95ddb4,Source
community,25f525e73c6fd192ab7b50244d580c8adf873382d6cd2591aa5ecb8c8f95ddb4,Source
Development applications,2349aef23539c8a977f320a6626197b4a3633c4a42b0b1c3cab99a6e03e611b8,Source
four core CPTED principles,2349aef23539c8a977f320a6626197b4a3633c4a42b0b1c3cab99a6e03e611b8,Source
Private and public spaces,2349aef23539c8a977f320a6626197b4a3633c4a42b0b1c3cab99a6e03e611b8,Source
community safety,2349aef23539c8a977f320a6626197b4a3633c4a42b0b1c3cab99a6e03e611b8,Source
"To contribute to the safety of the public domain and optimise the use of public spaces and facilities by the community, through the creation of a physical environment that encourages a feeling of safety.",2349aef23539c8a977f320a6626197b4a3633c4a42b0b1c3cab99a6e03e611b8,Source
To ensure all development applications are assessed against the four core CPTED principles to enhance community safety.,2349aef23539c8a977f320a6626197b4a3633c4a42b0b1c3cab99a6e03e611b8,Source
"To promote the design of private and public spaces which contribute to community safety, including all developments carried out by Council, other levels of government and public agencies.",2349aef23539c8a977f320a6626197b4a3633c4a42b0b1c3cab99a6e03e611b8,Source
"To orientate buildings to maximise surveillance from the street to the building, from the building to the street and between buildings.",2349aef23539c8a977f320a6626197b4a3633c4a42b0b1c3cab99a6e03e611b8,Source
"To ensure individual dwelling entries in multi dwelling housing, and the main building entry in other forms of residential buildings, are clearly visible from the street frontage or other vantage point offering natural surveillance to enhance the safety and security of building users.",2349aef23539c8a977f320a6626197b4a3633c4a42b0b1c3cab99a6e03e611b8,Source
"To ensure communal areas in a development are well defined and have a reasonable level of surveillance of such spaces (for example, car parks and communal open space).",2349aef23539c8a977f320a6626197b4a3633c4a42b0b1c3cab99a6e03e611b8,Source
"To encourage development which adjoins laneways, alleyways, parks and open spaces or other public areas to contribute to the safety of those areas by maximising opportunities for surveillance.",2349aef23539c8a977f320a6626197b4a3633c4a42b0b1c3cab99a6e03e611b8,Source
To encourage the use of external lighting to improve the safety and security of property by increasing opportunities for casual surveillance and deterring illegal access.,2349aef23539c8a977f320a6626197b4a3633c4a42b0b1c3cab99a6e03e611b8,Source
Community,2349aef23539c8a977f320a6626197b4a3633c4a42b0b1c3cab99a6e03e611b8,Source
Public Domain,2349aef23539c8a977f320a6626197b4a3633c4a42b0b1c3cab99a6e03e611b8,Source
Development Applications,2349aef23539c8a977f320a6626197b4a3633c4a42b0b1c3cab99a6e03e611b8,Source
CPTED Principles,2349aef23539c8a977f320a6626197b4a3633c4a42b0b1c3cab99a6e03e611b8,Source
Levels of Government,2349aef23539c8a977f320a6626197b4a3633c4a42b0b1c3cab99a6e03e611b8,Source
Public Agencies,2349aef23539c8a977f320a6626197b4a3633c4a42b0b1c3cab99a6e03e611b8,Source
Private Spaces,2349aef23539c8a977f320a6626197b4a3633c4a42b0b1c3cab99a6e03e611b8,Source
Public Spaces,2349aef23539c8a977f320a6626197b4a3633c4a42b0b1c3cab99a6e03e611b8,Source
Street,2349aef23539c8a977f320a6626197b4a3633c4a42b0b1c3cab99a6e03e611b8,Source
Surveillance,2349aef23539c8a977f320a6626197b4a3633c4a42b0b1c3cab99a6e03e611b8,Source
Multi Dwelling Housing,2349aef23539c8a977f320a6626197b4a3633c4a42b0b1c3cab99a6e03e611b8,Source
Residential Buildings,2349aef23539c8a977f320a6626197b4a3633c4a42b0b1c3cab99a6e03e611b8,Source
Street Frontage,2349aef23539c8a977f320a6626197b4a3633c4a42b0b1c3cab99a6e03e611b8,Source
Building Users,2349aef23539c8a977f320a6626197b4a3633c4a42b0b1c3cab99a6e03e611b8,Source
Communal Areas,2349aef23539c8a977f320a6626197b4a3633c4a42b0b1c3cab99a6e03e611b8,Source
Car Parks,2349aef23539c8a977f320a6626197b4a3633c4a42b0b1c3cab99a6e03e611b8,Source
Communal Open Space,2349aef23539c8a977f320a6626197b4a3633c4a42b0b1c3cab99a6e03e611b8,Source
Laneways,2349aef23539c8a977f320a6626197b4a3633c4a42b0b1c3cab99a6e03e611b8,Source
Alleyways,2349aef23539c8a977f320a6626197b4a3633c4a42b0b1c3cab99a6e03e611b8,Source
Parks,2349aef23539c8a977f320a6626197b4a3633c4a42b0b1c3cab99a6e03e611b8,Source
Open Spaces,2349aef23539c8a977f320a6626197b4a3633c4a42b0b1c3cab99a6e03e611b8,Source
Public Areas,2349aef23539c8a977f320a6626197b4a3633c4a42b0b1c3cab99a6e03e611b8,Source
External Lighting,2349aef23539c8a977f320a6626197b4a3633c4a42b0b1c3cab99a6e03e611b8,Source
Property,2349aef23539c8a977f320a6626197b4a3633c4a42b0b1c3cab99a6e03e611b8,Source
site,9ce9fb83ab70f19b5bb1058bad8ce96b27c04f9669e085b62136e9c4fff85ef5,Source
features,9ce9fb83ab70f19b5bb1058bad8ce96b27c04f9669e085b62136e9c4fff85ef5,Source
landscape features,9ce9fb83ab70f19b5bb1058bad8ce96b27c04f9669e085b62136e9c4fff85ef5,Source
landscapes features,9ce9fb83ab70f19b5bb1058bad8ce96b27c04f9669e085b62136e9c4fff85ef5,Source
trees,9ce9fb83ab70f19b5bb1058bad8ce96b27c04f9669e085b62136e9c4fff85ef5,Source
corner properties,9ce9fb83ab70f19b5bb1058bad8ce96b27c04f9669e085b62136e9c4fff85ef5,Source
splayed corner(s),9ce9fb83ab70f19b5bb1058bad8ce96b27c04f9669e085b62136e9c4fff85ef5,Source
proposed subdivision,9ce9fb83ab70f19b5bb1058bad8ce96b27c04f9669e085b62136e9c4fff85ef5,Source
characteristics similar to the prevailing cadastral pattern,9ce9fb83ab70f19b5bb1058bad8ce96b27c04f9669e085b62136e9c4fff85ef5,Source
Subdivision or site amalgamation must not compromise the significant features of the existing site or adjoining sites.,9ce9fb83ab70f19b5bb1058bad8ce96b27c04f9669e085b62136e9c4fff85ef5,Source
"Corner properties must have splayed corner(s) for road widening purposes and to improve sight lines at intersections for vehicles, pedestrians and cyclists",9ce9fb83ab70f19b5bb1058bad8ce96b27c04f9669e085b62136e9c4fff85ef5,Source
The proposed subdivision or amalgamation must have characteristics similar to the prevailing cadastral pattern of the lots fronting the same street.,9ce9fb83ab70f19b5bb1058bad8ce96b27c04f9669e085b62136e9c4fff85ef5,Source
The proposed subdivision or amalgamation must have characteristics similar to the prevailing cadastral pattern of the lots fronting the same street,9ce9fb83ab70f19b5bb1058bad8ce96b27c04f9669e085b62136e9c4fff85ef5,Source
Subdivision or site amalgamation must not compromise the significant features of the existing site or adjoining sites,9ce9fb83ab70f19b5bb1058bad8ce96b27c04f9669e085b62136e9c4fff85ef5,Source
existing site,9ce9fb83ab70f19b5bb1058bad8ce96b27c04f9669e085b62136e9c4fff85ef5,Source
Corner properties must have splayed corner(s) for road widening purposes and to improve sight lines at intersections,9ce9fb83ab70f19b5bb1058bad8ce96b27c04f9669e085b62136e9c4fff85ef5,Source
vehicles,9ce9fb83ab70f19b5bb1058bad8ce96b27c04f9669e085b62136e9c4fff85ef5,Source
pedestrians,9ce9fb83ab70f19b5bb1058bad8ce96b27c04f9669e085b62136e9c4fff85ef5,Source
cyclists,9ce9fb83ab70f19b5bb1058bad8ce96b27c04f9669e085b62136e9c4fff85ef5,Source
proposed subdivision or amalgamation,9ce9fb83ab70f19b5bb1058bad8ce96b27c04f9669e085b62136e9c4fff85ef5,Source
lots fronting the same street,9ce9fb83ab70f19b5bb1058bad8ce96b27c04f9669e085b62136e9c4fff85ef5,Source
Planning,ff9de959b9fc79ae2c39bfe9e75bb862a8694eb9d207e7082882e13111843221,Source
Marrickville DCP 2011 - 4 0 Cover,ff9de959b9fc79ae2c39bfe9e75bb862a8694eb9d207e7082882e13111843221,Source
Marrickville DCP 2011 was published.,ff9de959b9fc79ae2c39bfe9e75bb862a8694eb9d207e7082882e13111843221,Source
The council adopted Marrickville DCP 2011 in 2006.,ff9de959b9fc79ae2c39bfe9e75bb862a8694eb9d207e7082882e13111843221,Source
A public exhibition of the draft plan was held from October to December 2005.,ff9de959b9fc79ae2c39bfe9e75bb862a8694eb9d207e7082882e13111843221,Source
The community was invited to comment on the proposal during this period.,ff9de959b9fc79ae2c39bfe9e75bb862a8694eb9d207e7082882e13111843221,Source
The Planning Document: Marrickville DCP 2011 is available for viewing.,ff9de959b9fc79ae2c39bfe9e75bb862a8694eb9d207e7082882e13111843221,Source
Planning Document: Marrickville DCP 2011,ff9de959b9fc79ae2c39bfe9e75bb862a8694eb9d207e7082882e13111843221,Source
viewers,ff9de959b9fc79ae2c39bfe9e75bb862a8694eb9d207e7082882e13111843221,Source
Multi Dwelling Housing and RFBs,38c54cebcc19462d9ccd537eeb34e6466320c2d3c35218f2730e522dee591935,Source
building heights,38c54cebcc19462d9ccd537eeb34e6466320c2d3c35218f2730e522dee591935,Source
Building setbacks,38c54cebcc19462d9ccd537eeb34e6466320c2d3c35218f2730e522dee591935,Source
floor space ratio and site coverage,38c54cebcc19462d9ccd537eeb34e6466320c2d3c35218f2730e522dee591935,Source
Parking and access,38c54cebcc19462d9ccd537eeb34e6466320c2d3c35218f2730e522dee591935,Source
Period residential flat buildings,38c54cebcc19462d9ccd537eeb34e6466320c2d3c35218f2730e522dee591935,Source
heritage,38c54cebcc19462d9ccd537eeb34e6466320c2d3c35218f2730e522dee591935,Source
zoning,38c54cebcc19462d9ccd537eeb34e6466320c2d3c35218f2730e522dee591935,Source
existing zoning and desired future character of the locality,38c54cebcc19462d9ccd537eeb34e6466320c2d3c35218f2730e522dee591935,Source
ecologically sustainable development,38c54cebcc19462d9ccd537eeb34e6466320c2d3c35218f2730e522dee591935,Source
streetscape character of the locality,38c54cebcc19462d9ccd537eeb34e6466320c2d3c35218f2730e522dee591935,Source
Clause 4.2.1 - zoning (land_use_zoning): To ensure new development is compatible with the existing zoning and desired future character of the locality.,38c54cebcc19462d9ccd537eeb34e6466320c2d3c35218f2730e522dee591935,Source
"Clause 4.2.1 - environmental_protection (environmental_protection): To ensure new development considers the principles of ecologically sustainable development, in particular energy, water and stormwater efficiency, solar access, natural ventilation, waste reduction and local biodiversity.",38c54cebcc19462d9ccd537eeb34e6466320c2d3c35218f2730e522dee591935,Source
Clause 4.2.2 - setback (development_control): Ensure new development maintains the same setback and enhances the streetscape character of the locality,38c54cebcc19462d9ccd537eeb34e6466320c2d3c35218f2730e522dee591935,Source
Clause 4.2.3 - fsr_control (development_control) has not been mentioned,38c54cebcc19462d9ccd537eeb34e6466320c2d3c35218f2730e522dee591935,Source
Clause 4.2.6 - parking (development_control): Parking and access .... .. 10,38c54cebcc19462d9ccd537eeb34e6466320c2d3c35218f2730e522dee591935,Source
Clause 4.2.5 has not been mentioned,38c54cebcc19462d9ccd537eeb34e6466320c2d3c35218f2730e522dee591935,Source
Clause 4.2.10 - heritage (development_control): 4.2.10 Period residential flat buildings...... .. 13,38c54cebcc19462d9ccd537eeb34e6466320c2d3c35218f2730e522dee591935,Source
Clause 4.2.9 has not been mentioned,38c54cebcc19462d9ccd537eeb34e6466320c2d3c35218f2730e522dee591935,Source
To ensure new development is compatible with the existing zoning and desired future character of the locality.,38c54cebcc19462d9ccd537eeb34e6466320c2d3c35218f2730e522dee591935,Source
locality,38c54cebcc19462d9ccd537eeb34e6466320c2d3c35218f2730e522dee591935,Source
"To ensure new development considers the principles of ecologically sustainable development, in particular energy, water and stormwater efficiency, solar access, natural ventilation, waste reduction and local biodiversity.",38c54cebcc19462d9ccd537eeb34e6466320c2d3c35218f2730e522dee591935,Source
Ensure new development maintains the same setback and enhances the streetscape character of the locality,38c54cebcc19462d9ccd537eeb34e6466320c2d3c35218f2730e522dee591935,Source
the relevant controls,77ba4428337d5208112f27b98ddfcec209554256d629f6cffa422d440fee9636,Source
boarding houses,77ba4428337d5208112f27b98ddfcec209554256d629f6cffa422d440fee9636,Source
Table 1 in Section 2.10 Parking,77ba4428337d5208112f27b98ddfcec209554256d629f6cffa422d440fee9636,Source
Parking Area 1,77ba4428337d5208112f27b98ddfcec209554256d629f6cffa422d440fee9636,Source
Parking Area 3,77ba4428337d5208112f27b98ddfcec209554256d629f6cffa422d440fee9636,Source
heritage item,77ba4428337d5208112f27b98ddfcec209554256d629f6cffa422d440fee9636,Source
relevant heritage planning controls,77ba4428337d5208112f27b98ddfcec209554256d629f6cffa422d440fee9636,Source
boarding house,77ba4428337d5208112f27b98ddfcec209554256d629f6cffa422d440fee9636,Source
the character of the local area,77ba4428337d5208112f27b98ddfcec209554256d629f6cffa422d440fee9636,Source
gross floor area,77ba4428337d5208112f27b98ddfcec209554256d629f6cffa422d440fee9636,Source
resident numbers,77ba4428337d5208112f27b98ddfcec209554256d629f6cffa422d440fee9636,Source
Development applications for boarding houses in the R2 – Low Density Residential zone will be assessed in accordance with the relevant controls in Section 4.1 of this DCP.,77ba4428337d5208112f27b98ddfcec209554256d629f6cffa422d440fee9636,Source
The controls in Section 4.1 relate to low density residential development and objectives in Section 4.3.,77ba4428337d5208112f27b98ddfcec209554256d629f6cffa422d440fee9636,Source
"Development applications for boarding houses in the R1 – General Residential, R3 – Medium Density Residential and R4 – High Density Residential zones will be assessed in accordance with the relevant controls in Section 4.2 of this DCP.",77ba4428337d5208112f27b98ddfcec209554256d629f6cffa422d440fee9636,Source
The controls in Section 4.2 relate to multi dwelling housing and residential flat buildings and objectives in Section 4.3.,77ba4428337d5208112f27b98ddfcec209554256d629f6cffa422d440fee9636,Source
"Development applications for boarding houses in the B1 - Neighbourhood Centre Zone, B2 - Local Centre Zone and B4 - Mixed Use zones will be assessed in accordance with the relevant controls in Section 5 of this DCP.",77ba4428337d5208112f27b98ddfcec209554256d629f6cffa422d440fee9636,Source
Car parking requirements for boarding houses are detailed in Table 1 in Section 2.10 Parking.,77ba4428337d5208112f27b98ddfcec209554256d629f6cffa422d440fee9636,Source
The planning document has specified the zones where development applications will be assessed.,77ba4428337d5208112f27b98ddfcec209554256d629f6cffa422d440fee9636,Source
Parking provision rates for boarding houses are lower than for residential flat buildings to reflect an expected lower car ownership rate and to facilitate housing affordability.,77ba4428337d5208112f27b98ddfcec209554256d629f6cffa422d440fee9636,Source
"The parking rates for boarding houses are most constrained in Parking Area 1 (most of Camperdown, Newtown and Enmore area, major commercial strips and around railway stations) and least constrained in Parking Area 3 (outlying areas).",77ba4428337d5208112f27b98ddfcec209554256d629f6cffa422d440fee9636,Source
"Where a boarding house is on the site of a heritage item or within a heritage conservation area, the proposal will also need to comply with the relevant heritage planning controls contained in Part 8 of this DCP.",77ba4428337d5208112f27b98ddfcec209554256d629f6cffa422d440fee9636,Source
"The design of a boarding house is to be compatible with the character of the local area, and ensure there are no negative impacts on the amenity of the local area.",77ba4428337d5208112f27b98ddfcec209554256d629f6cffa422d440fee9636,Source
Resident numbers will be determined based on the gross floor area of the boarding room (excluding any area used for the purposes of private kitchen or bathroom facilities).,77ba4428337d5208112f27b98ddfcec209554256d629f6cffa422d440fee9636,Source
"An area of private open space, at least 8 square metres with a minimum",77ba4428337d5208112f27b98ddfcec209554256d629f6cffa422d440fee9636,Source
Development applications for boarding houses in the R2 – Low Density Residential zone will be assessed in accordance with the relevant controls.,77ba4428337d5208112f27b98ddfcec209554256d629f6cffa422d440fee9636,Source
R2 – Low Density Residential zone,77ba4428337d5208112f27b98ddfcec209554256d629f6cffa422d440fee9636,Source
Section 4.1 of this DCP,77ba4428337d5208112f27b98ddfcec209554256d629f6cffa422d440fee9636,Source
"Development applications for boarding houses in the R1 – General Residential, R3 – Medium Density Residential and R4 – High Density Residential zones will be assessed in accordance with the relevant controls.",77ba4428337d5208112f27b98ddfcec209554256d629f6cffa422d440fee9636,Source
R1 – General Residential zone,77ba4428337d5208112f27b98ddfcec209554256d629f6cffa422d440fee9636,Source
R3 – Medium Density Residential zone,77ba4428337d5208112f27b98ddfcec209554256d629f6cffa422d440fee9636,Source
R4 – High Density Residential zone,77ba4428337d5208112f27b98ddfcec209554256d629f6cffa422d440fee9636,Source
Section 4.2 of this DCP,77ba4428337d5208112f27b98ddfcec209554256d629f6cffa422d440fee9636,Source
"Development applications for boarding houses in the B1 - Neighbourhood Centre Zone, B2 - Local Centre Zone and B4 - Mixed Use zones will be assessed in accordance with the relevant controls.",77ba4428337d5208112f27b98ddfcec209554256d629f6cffa422d440fee9636,Source
B1 - Neighbourhood Centre Zone,77ba4428337d5208112f27b98ddfcec209554256d629f6cffa422d440fee9636,Source
B2 - Local Centre Zone,77ba4428337d5208112f27b98ddfcec209554256d629f6cffa422d440fee9636,Source
B4 - Mixed Use zone,77ba4428337d5208112f27b98ddfcec209554256d629f6cffa422d440fee9636,Source
Section 5 of this DCP,77ba4428337d5208112f27b98ddfcec209554256d629f6cffa422d440fee9636,Source
"Parking rates for boarding houses are most constrained in Parking Area 1 (most of Camperdown, Newtown and Enmore area, major commercial strips and around railway stations) and least constrained in Parking Area 3 (outlying areas).",77ba4428337d5208112f27b98ddfcec209554256d629f6cffa422d440fee9636,Source
"The proposal will also need to comply with the relevant heritage planning controls contained in Part 8 of this DCP, where a boarding house is on the site of a heritage item or within a heritage conservation area.",77ba4428337d5208112f27b98ddfcec209554256d629f6cffa422d440fee9636,Source
Part 8 of this DCP,77ba4428337d5208112f27b98ddfcec209554256d629f6cffa422d440fee9636,Source
heritage conservation area,77ba4428337d5208112f27b98ddfcec209554256d629f6cffa422d440fee9636,Source
boarding house manager,ff11ed2ec1cac070a243c5807d67d215e2dd30213fc7d6b27030af5f05fa36f1,Source
accommodation,ff11ed2ec1cac070a243c5807d67d215e2dd30213fc7d6b27030af5f05fa36f1,Source
private open space,ff11ed2ec1cac070a243c5807d67d215e2dd30213fc7d6b27030af5f05fa36f1,Source
front setback area,ff11ed2ec1cac070a243c5807d67d215e2dd30213fc7d6b27030af5f05fa36f1,Source
A dimension of 2.5 metres is required to be provided.,ff11ed2ec1cac070a243c5807d67d215e2dd30213fc7d6b27030af5f05fa36f1,Source
adjacent to each boarding house manager’s accommodation,ff11ed2ec1cac070a243c5807d67d215e2dd30213fc7d6b27030af5f05fa36f1,Source
Any such private open space not being provided within the front setback area.,ff11ed2ec1cac070a243c5807d67d215e2dd30213fc7d6b27030af5f05fa36f1,Source
A dimension of 2.5 metres is required to be provided adjacent to each boarding house manager’s accommodation,ff11ed2ec1cac070a243c5807d67d215e2dd30213fc7d6b27030af5f05fa36f1,Source
a dimension of 2.5 metres is required to be provided,ff11ed2ec1cac070a243c5807d67d215e2dd30213fc7d6b27030af5f05fa36f1,Source
boarding house manager’s accommodation,ff11ed2ec1cac070a243c5807d67d215e2dd30213fc7d6b27030af5f05fa36f1,Source
any such private open space not being provided within the front setback area,ff11ed2ec1cac070a243c5807d67d215e2dd30213fc7d6b27030af5f05fa36f1,Source
low density residential development,f194bd6446d2f1a522f55842fd03c59f2881d89cdd06e937fa791dc26f83d09f,Source
relevant controls,f194bd6446d2f1a522f55842fd03c59f2881d89cdd06e937fa791dc26f83d09f,Source
Boarding houses,f194bd6446d2f1a522f55842fd03c59f2881d89cdd06e937fa791dc26f83d09f,Source
Minimum access requirements,f194bd6446d2f1a522f55842fd03c59f2881d89cdd06e937fa791dc26f83d09f,Source
Solar access requirements,f194bd6446d2f1a522f55842fd03c59f2881d89cdd06e937fa791dc26f83d09f,Source
Section 2.7.5.2,f194bd6446d2f1a522f55842fd03c59f2881d89cdd06e937fa791dc26f83d09f,Source
Car parking requirements,f194bd6446d2f1a522f55842fd03c59f2881d89cdd06e937fa791dc26f83d09f,Source
Parking provision rates,f194bd6446d2f1a522f55842fd03c59f2881d89cdd06e937fa791dc26f83d09f,Source
residential flat buildings,f194bd6446d2f1a522f55842fd03c59f2881d89cdd06e937fa791dc26f83d09f,Source
Open space requirements,f194bd6446d2f1a522f55842fd03c59f2881d89cdd06e937fa791dc26f83d09f,Source
Section 2.18.11.4,f194bd6446d2f1a522f55842fd03c59f2881d89cdd06e937fa791dc26f83d09f,Source
Energy efficiency requirements,f194bd6446d2f1a522f55842fd03c59f2881d89cdd06e937fa791dc26f83d09f,Source
Section 2.16.2,f194bd6446d2f1a522f55842fd03c59f2881d89cdd06e937fa791dc26f83d09f,Source
Development applications for boarding houses in the R2 – Low Density Residential zone will be assessed in accordance with the relevant controls in Section 4.1 of this DCP relating to low density residential development and the relevant objectives and controls in Section 4.3.,f194bd6446d2f1a522f55842fd03c59f2881d89cdd06e937fa791dc26f83d09f,Source
Clause 4.3.3 - zoning (land_use_zoning): Development applications for boarding houses in the R2 – Low Density Residential zone will be assessed in accordance with the relevant controls in Section 4.1 of this DCP relating to low density residential development and the relevant objectives and controls in Section 4.3.,f194bd6446d2f1a522f55842fd03c59f2881d89cdd06e937fa791dc26f83d09f,Source
"Development applications for boarding houses in the R1 – General Residential, R3 – Medium Density Residential and R4 – High Density Residential zones will be assessed in accordance with the relevant controls in Section 4.2 of this DCP relating to multi dwelling housing and residential flat buildings and the relevant objectives and controls in Section 4.3.",f194bd6446d2f1a522f55842fd03c59f2881d89cdd06e937fa791dc26f83d09f,Source
"Clause 4.3.3 - zoning (land_use_zoning): Development applications for boarding houses in the R1 – General Residential, R3 – Medium Density Residential and R4 – High Density Residential zones will be assessed in accordance with the relevant controls in Section 4.2 of this DCP relating to multi dwelling housing and residential flat buildings and the relevant objectives and controls in Section 4.3.",f194bd6446d2f1a522f55842fd03c59f2881d89cdd06e937fa791dc26f83d09f,Source
"Development applications for boarding houses in the B1 - Neighbourhood Centre Zone, B2 - Local Centre Zone and B4 - Mixed Use zones will be assessed in accordance with the relevant controls in Section 5 of this DCP relating to commercial and mixed use development and the relevant objectives and controls in Section 4.3.",f194bd6446d2f1a522f55842fd03c59f2881d89cdd06e937fa791dc26f83d09f,Source
"Clause 4.3.3 - zoning (land_use_zoning): Development applications for boarding houses in the B1 - Neighbourhood Centre Zone, B2 - Local Centre Zone and B4 - Mixed Use zones will be assessed in accordance with the relevant controls in Section 5 of this DCP relating to commercial and mixed use development and the relevant objectives and controls in Section 4.3.",f194bd6446d2f1a522f55842fd03c59f2881d89cdd06e937fa791dc26f83d09f,Source
Minimum access requirements for boarding houses are provided in Section 2.5.10.,f194bd6446d2f1a522f55842fd03c59f2881d89cdd06e937fa791dc26f83d09f,Source
Clause 4.3.3 - parking (development_control): Minimum access requirements for boarding houses are provided in Section 2.5.10.,f194bd6446d2f1a522f55842fd03c59f2881d89cdd06e937fa791dc26f83d09f,Source
Solar access requirements for boarding houses are detailed in Section 2.7.5.2,f194bd6446d2f1a522f55842fd03c59f2881d89cdd06e937fa791dc26f83d09f,Source
Clause 4.3.3 - other (development_control): Solar access requirements for boarding houses are detailed in Section 2.7.5.2,f194bd6446d2f1a522f55842fd03c59f2881d89cdd06e937fa791dc26f83d09f,Source
Clause 4.3.3 - parking (development_control): Car parking requirements for boarding houses are detailed in Table 1 in Section 2.10 Parking.,f194bd6446d2f1a522f55842fd03c59f2881d89cdd06e937fa791dc26f83d09f,Source
"For a definition and map of Parking Areas, refer to DCP Section 2.10 Parking.",f194bd6446d2f1a522f55842fd03c59f2881d89cdd06e937fa791dc26f83d09f,Source
Refer to Section 2.16.2 for energy efficiency requirements.,f194bd6446d2f1a522f55842fd03c59f2881d89cdd06e937fa791dc26f83d09f,Source
Clause 4.3.3 - other (development_control): Refer to Section 2.16.2 for energy efficiency requirements.,f194bd6446d2f1a522f55842fd03c59f2881d89cdd06e937fa791dc26f83d09f,Source
Open space requirements for boarding houses are detailed in Section 2.18.11.4.,f194bd6446d2f1a522f55842fd03c59f2881d89cdd06e937fa791dc26f83d09f,Source
Clause 4.3.3 - other (development_control): Open space requirements for boarding houses are detailed in Section 2.18.11.4.,f194bd6446d2f1a522f55842fd03c59f2881d89cdd06e937fa791dc26f83d09f,Source
Development applications for boarding houses in the R2 – Low Density Residential zone will be assessed,f194bd6446d2f1a522f55842fd03c59f2881d89cdd06e937fa791dc26f83d09f,Source
"Development applications for boarding houses in the R1 – General Residential, R3 – Medium Density Residential and R4 – High Density Residential zones will be assessed",f194bd6446d2f1a522f55842fd03c59f2881d89cdd06e937fa791dc26f83d09f,Source
R1 – General Residential,f194bd6446d2f1a522f55842fd03c59f2881d89cdd06e937fa791dc26f83d09f,Source
R3 – Medium Density Residential,f194bd6446d2f1a522f55842fd03c59f2881d89cdd06e937fa791dc26f83d09f,Source
R4 – High Density Residential,f194bd6446d2f1a522f55842fd03c59f2881d89cdd06e937fa791dc26f83d09f,Source
"Development applications for boarding houses in the B1 - Neighbourhood Centre Zone, B2 - Local Centre Zone and B4 - Mixed Use zones will be assessed",f194bd6446d2f1a522f55842fd03c59f2881d89cdd06e937fa791dc26f83d09f,Source
Minimum access requirements for boarding houses are provided,f194bd6446d2f1a522f55842fd03c59f2881d89cdd06e937fa791dc26f83d09f,Source
Section 2.5.10,f194bd6446d2f1a522f55842fd03c59f2881d89cdd06e937fa791dc26f83d09f,Source
Solar access requirements for boarding houses are detailed,f194bd6446d2f1a522f55842fd03c59f2881d89cdd06e937fa791dc26f83d09f,Source
Car parking requirements for boarding houses are detailed,f194bd6446d2f1a522f55842fd03c59f2881d89cdd06e937fa791dc26f83d09f,Source
Parking provision rates for boarding houses are lower than for residential flat buildings,f194bd6446d2f1a522f55842fd03c59f2881d89cdd06e937fa791dc26f83d09f,Source
Energy efficiency requirements for boarding houses are detailed,f194bd6446d2f1a522f55842fd03c59f2881d89cdd06e937fa791dc26f83d09f,Source
Open space requirements for boarding houses are detailed,f194bd6446d2f1a522f55842fd03c59f2881d89cdd06e937fa791dc26f83d09f,Source
residential standards,6e9dfb651c768bd6849955c61d1835fd85920f27822667a2f9a3c03766dd6c86,Source
Marrickville Local Environmental Plan 2011 (MLEP 2011),6e9dfb651c768bd6849955c61d1835fd85920f27822667a2f9a3c03766dd6c86,Source
architectural styles,6e9dfb651c768bd6849955c61d1835fd85920f27822667a2f9a3c03766dd6c86,Source
compatibility,6e9dfb651c768bd6849955c61d1835fd85920f27822667a2f9a3c03766dd6c86,Source
local environment,6e9dfb651c768bd6849955c61d1835fd85920f27822667a2f9a3c03766dd6c86,Source
urban housing,6e9dfb651c768bd6849955c61d1835fd85920f27822667a2f9a3c03766dd6c86,Source
surrounding properties,6e9dfb651c768bd6849955c61d1835fd85920f27822667a2f9a3c03766dd6c86,Source
residential period buildings,6e9dfb651c768bd6849955c61d1835fd85920f27822667a2f9a3c03766dd6c86,Source
architectural character,6e9dfb651c768bd6849955c61d1835fd85920f27822667a2f9a3c03766dd6c86,Source
development proposals,6e9dfb651c768bd6849955c61d1835fd85920f27822667a2f9a3c03766dd6c86,Source
urban housing impact,6e9dfb651c768bd6849955c61d1835fd85920f27822667a2f9a3c03766dd6c86,Source
To provide more details on the residential standards contained in Marrickville Local Environmental Plan 2011 (MLEP 2011).,6e9dfb651c768bd6849955c61d1835fd85920f27822667a2f9a3c03766dd6c86,Source
LOWDENSITY RESIDENTIAL DEVELOPMENT,6e9dfb651c768bd6849955c61d1835fd85920f27822667a2f9a3c03766dd6c86,Source
To maintain and encourage compatible architectural styles within residential areas.,6e9dfb651c768bd6849955c61d1835fd85920f27822667a2f9a3c03766dd6c86,Source
"To encourage residential development which is sensitive to the local environment, socially responsive and which promotes a safe living environment and makes better use of existing infrastructure.",6e9dfb651c768bd6849955c61d1835fd85920f27822667a2f9a3c03766dd6c86,Source
To ensure the impact of urban housing on the amenity of surrounding properties and the streetscape is a prime and initial consideration in the preparation and assessment of development proposals.,6e9dfb651c768bd6849955c61d1835fd85920f27822667a2f9a3c03766dd6c86,Source
To encourage restoration and sympathetic alterations and additions to residential period buildings in a manner that retains and enhances their architectural character and streetscape presentation.,6e9dfb651c768bd6849955c61d1835fd85920f27822667a2f9a3c03766dd6c86,Source
To require high quality urban design and accessible and adaptable accommodation.,6e9dfb651c768bd6849955c61d1835fd85920f27822667a2f9a3c03766dd6c86,Source
To encourage innovative design that positively responds to the character and context of the locality.,6e9dfb651c768bd6849955c61d1835fd85920f27822667a2f9a3c03766dd6c86,Source
Marrickville Local Environmental Plan 2011,6e9dfb651c768bd6849955c61d1835fd85920f27822667a2f9a3c03766dd6c86,Source
residential areas,6e9dfb651c768bd6849955c61d1835fd85920f27822667a2f9a3c03766dd6c86,Source
existing infrastructure,6e9dfb651c768bd6849955c61d1835fd85920f27822667a2f9a3c03766dd6c86,Source
streetscape presentation,6e9dfb651c768bd6849955c61d1835fd85920f27822667a2f9a3c03766dd6c86,Source
urban design,6e9dfb651c768bd6849955c61d1835fd85920f27822667a2f9a3c03766dd6c86,Source
innovative design,6e9dfb651c768bd6849955c61d1835fd85920f27822667a2f9a3c03766dd6c86,Source
IWLEP 2022 amendments,ed593337cd9aef4eb5cd67e6fefa3b33865f78e07d229a0213a2f76d837f508e,Source
Floor space ratio (FSR),ed593337cd9aef4eb5cd67e6fefa3b33865f78e07d229a0213a2f76d837f508e,Source
development control,ed593337cd9aef4eb5cd67e6fefa3b33865f78e07d229a0213a2f76d837f508e,Source
Height,ed593337cd9aef4eb5cd67e6fefa3b33865f78e07d229a0213a2f76d837f508e,Source
Massing and setbacks,ed593337cd9aef4eb5cd67e6fefa3b33865f78e07d229a0213a2f76d837f508e,Source
"Vehicle access, parking, loading and services",ed593337cd9aef4eb5cd67e6fefa3b33865f78e07d229a0213a2f76d837f508e,Source
contributory buildings,ed593337cd9aef4eb5cd67e6fefa3b33865f78e07d229a0213a2f76d837f508e,Source
the street fronting portion of the existing building,ed593337cd9aef4eb5cd67e6fefa3b33865f78e07d229a0213a2f76d837f508e,Source
Environmental protection,ed593337cd9aef4eb5cd67e6fefa3b33865f78e07d229a0213a2f76d837f508e,Source
The development control clause is related to floor space ratio.,ed593337cd9aef4eb5cd67e6fefa3b33865f78e07d229a0213a2f76d837f508e,Source
Clause 5.1.3.2 - height_limit (development_control) specifies the building height.,ed593337cd9aef4eb5cd67e6fefa3b33865f78e07d229a0213a2f76d837f508e,Source
"Clause 5.1.6 - parking (development_control) deals with vehicle access, parking, loading and services.",ed593337cd9aef4eb5cd67e6fefa3b33865f78e07d229a0213a2f76d837f508e,Source
"Where Council determines that a building is contributory, as a minimum, the street fronting portion of the existing building is required to be retained.",ed593337cd9aef4eb5cd67e6fefa3b33865f78e07d229a0213a2f76d837f508e,Source
To maintain the structural and aesthetic integrity of the building.,ed593337cd9aef4eb5cd67e6fefa3b33865f78e07d229a0213a2f76d837f508e,Source
Environmental protection is addressed in Clause 5.3.1.3 - environmental_protection (environmental_protection).,ed593337cd9aef4eb5cd67e6fefa3b33865f78e07d229a0213a2f76d837f508e,Source
Council determines that a building is contributory,ed593337cd9aef4eb5cd67e6fefa3b33865f78e07d229a0213a2f76d837f508e,Source
a building,ed593337cd9aef4eb5cd67e6fefa3b33865f78e07d229a0213a2f76d837f508e,Source
the street fronting portion of the existing building is required to be retained,ed593337cd9aef4eb5cd67e6fefa3b33865f78e07d229a0213a2f76d837f508e,Source
"vehicle access, parking, loading and services are regulated",ed593337cd9aef4eb5cd67e6fefa3b33865f78e07d229a0213a2f76d837f508e,Source
Clause 6.1,d8552677e26eed759b7fbcf61c1292266332c088dea58cd4d44cb6a4242e1639,Source
land_use_zoning,d8552677e26eed759b7fbcf61c1292266332c088dea58cd4d44cb6a4242e1639,Source
industrial activities,d8552677e26eed759b7fbcf61c1292266332c088dea58cd4d44cb6a4242e1639,Source
Building height,d8552677e26eed759b7fbcf61c1292266332c088dea58cd4d44cb6a4242e1639,Source
Clause 6.1.2.5,d8552677e26eed759b7fbcf61c1292266332c088dea58cd4d44cb6a4242e1639,Source
Clause 6.1.2.2,d8552677e26eed759b7fbcf61c1292266332c088dea58cd4d44cb6a4242e1639,Source
Setbacks,d8552677e26eed759b7fbcf61c1292266332c088dea58cd4d44cb6a4242e1639,Source
Clause 6.1.2.7,d8552677e26eed759b7fbcf61c1292266332c088dea58cd4d44cb6a4242e1639,Source
Clause 6.2.3,d8552677e26eed759b7fbcf61c1292266332c088dea58cd4d44cb6a4242e1639,Source
parking space,d8552677e26eed759b7fbcf61c1292266332c088dea58cd4d44cb6a4242e1639,Source
strata lot,d8552677e26eed759b7fbcf61c1292266332c088dea58cd4d44cb6a4242e1639,Source
frontages of allotments,d8552677e26eed759b7fbcf61c1292266332c088dea58cd4d44cb6a4242e1639,Source
"factors such as location, access, streetscape and surrounding development",d8552677e26eed759b7fbcf61c1292266332c088dea58cd4d44cb6a4242e1639,Source
This part generally applies to all land within the IN1 General Industrial zone,d8552677e26eed759b7fbcf61c1292266332c088dea58cd4d44cb6a4242e1639,Source
"Clause 6.1 - zoning (land_use_zoning): This part generally applies to all land within the IN1 General Industrial zone, IN2 Light Industrial zone and some commercial zones",d8552677e26eed759b7fbcf61c1292266332c088dea58cd4d44cb6a4242e1639,Source
Building height .. . 3,d8552677e26eed759b7fbcf61c1292266332c088dea58cd4d44cb6a4242e1639,Source
Clause 6.1.2 - height_limit (development_control): Building height .. . 3,d8552677e26eed759b7fbcf61c1292266332c088dea58cd4d44cb6a4242e1639,Source
Floor space ratio (FSR) Error! Bookmark not defined.,d8552677e26eed759b7fbcf61c1292266332c088dea58cd4d44cb6a4242e1639,Source
Clause 6.1.2.2 - fsr_control (development_control): Floor space ratio (FSR) Error! Bookmark not defined.,d8552677e26eed759b7fbcf61c1292266332c088dea58cd4d44cb6a4242e1639,Source
Setbacks.... . 14,d8552677e26eed759b7fbcf61c1292266332c088dea58cd4d44cb6a4242e1639,Source
Clause 6.3.2 - setback (development_control): Setbacks.... . 14,d8552677e26eed759b7fbcf61c1292266332c088dea58cd4d44cb6a4242e1639,Source
Environmental protection.... . 12,d8552677e26eed759b7fbcf61c1292266332c088dea58cd4d44cb6a4242e1639,Source
Clause 6.2.3 - environmental_protection (environmental_protection): Environmental protection.... . 12,d8552677e26eed759b7fbcf61c1292266332c088dea58cd4d44cb6a4242e1639,Source
"Where there is to be a strata plan of subdivision, any space for parking or other purposes forming a part of a sole occupancy unit must be included in the same strata lot as the unit.",d8552677e26eed759b7fbcf61c1292266332c088dea58cd4d44cb6a4242e1639,Source
"Clause 6.1.2.1 - parking (development_control): Where there is to be a strata plan of subdivision, any space for parking or other purposes forming a part of a sole occupancy unit must be included in the same strata lot as the unit.",d8552677e26eed759b7fbcf61c1292266332c088dea58cd4d44cb6a4242e1639,Source
"Frontages of allotments to be developed for light industrial purposes (in zones where light industry is a permissible land use under Inner West LEP 2022) will be assessed on factors such as location of the site, access to the site, streetscape and surrounding development.",d8552677e26eed759b7fbcf61c1292266332c088dea58cd4d44cb6a4242e1639,Source
"Clause 6.1.2.2 - zoning (land_use_zoning): Frontages of allotments to be developed for light industrial purposes (in zones where light industry is a permissible land use under Inner West LEP 2022) will be assessed on factors such as location of the site, access to the site, streetscape and surrounding development.",d8552677e26eed759b7fbcf61c1292266332c088dea58cd4d44cb6a4242e1639,Source
IN1 General Industrial zone,d8552677e26eed759b7fbcf61c1292266332c088dea58cd4d44cb6a4242e1639,Source
Industrial activities are permissible under the provisions of Inner West LEP 2022,d8552677e26eed759b7fbcf61c1292266332c088dea58cd4d44cb6a4242e1639,Source
Inner West LEP 2022,d8552677e26eed759b7fbcf61c1292266332c088dea58cd4d44cb6a4242e1639,Source
Building height is limited to 3,d8552677e26eed759b7fbcf61c1292266332c088dea58cd4d44cb6a4242e1639,Source
building height limit,d8552677e26eed759b7fbcf61c1292266332c088dea58cd4d44cb6a4242e1639,Source
Floor space ratio (FSR) needs to be controlled,d8552677e26eed759b7fbcf61c1292266332c088dea58cd4d44cb6a4242e1639,Source
floor space ratio,d8552677e26eed759b7fbcf61c1292266332c088dea58cd4d44cb6a4242e1639,Source
control,d8552677e26eed759b7fbcf61c1292266332c088dea58cd4d44cb6a4242e1639,Source
Setbacks are required with a minimum of 6,d8552677e26eed759b7fbcf61c1292266332c088dea58cd4d44cb6a4242e1639,Source
setbacks,d8552677e26eed759b7fbcf61c1292266332c088dea58cd4d44cb6a4242e1639,Source
minimum of 6,d8552677e26eed759b7fbcf61c1292266332c088dea58cd4d44cb6a4242e1639,Source
Setbacks are required with a minimum of 14,d8552677e26eed759b7fbcf61c1292266332c088dea58cd4d44cb6a4242e1639,Source
minimum of 14,d8552677e26eed759b7fbcf61c1292266332c088dea58cd4d44cb6a4242e1639,Source
Environmental protection is ensured in this clause,d8552677e26eed759b7fbcf61c1292266332c088dea58cd4d44cb6a4242e1639,Source
Parking spaces must be included in the same strata lot as the unit,d8552677e26eed759b7fbcf61c1292266332c088dea58cd4d44cb6a4242e1639,Source
parking spaces,d8552677e26eed759b7fbcf61c1292266332c088dea58cd4d44cb6a4242e1639,Source
unit,d8552677e26eed759b7fbcf61c1292266332c088dea58cd4d44cb6a4242e1639,Source
"Frontages of allotments to be developed for light industrial purposes will be assessed on factors such as location, access, streetscape and surrounding development",d8552677e26eed759b7fbcf61c1292266332c088dea58cd4d44cb6a4242e1639,Source
light industrial purposes,d8552677e26eed759b7fbcf61c1292266332c088dea58cd4d44cb6a4242e1639,Source
location,d8552677e26eed759b7fbcf61c1292266332c088dea58cd4d44cb6a4242e1639,Source
access,d8552677e26eed759b7fbcf61c1292266332c088dea58cd4d44cb6a4242e1639,Source
surrounding development,d8552677e26eed759b7fbcf61c1292266332c088dea58cd4d44cb6a4242e1639,Source
Childcare centres,fcbd5439e7551b9b625e286c630ae7c390ce0acdbcda54485c21744b5d33b12f,Source
R1 - General Residential,fcbd5439e7551b9b625e286c630ae7c390ce0acdbcda54485c21744b5d33b12f,Source
R2 - Low Density Residential,fcbd5439e7551b9b625e286c630ae7c390ce0acdbcda54485c21744b5d33b12f,Source
R3 - Medium Density Residential,fcbd5439e7551b9b625e286c630ae7c390ce0acdbcda54485c21744b5d33b12f,Source
R4 - High Density Residential,fcbd5439e7551b9b625e286c630ae7c390ce0acdbcda54485c21744b5d33b12f,Source
B1 - Neighbourhood Centre,fcbd5439e7551b9b625e286c630ae7c390ce0acdbcda54485c21744b5d33b12f,Source
B2 - Local Centre,fcbd5439e7551b9b625e286c630ae7c390ce0acdbcda54485c21744b5d33b12f,Source
B4 - Mixed Use,fcbd5439e7551b9b625e286c630ae7c390ce0acdbcda54485c21744b5d33b12f,Source
B5 - Business Development,fcbd5439e7551b9b625e286c630ae7c390ce0acdbcda54485c21744b5d33b12f,Source
B7 - Business Park,fcbd5439e7551b9b625e286c630ae7c390ce0acdbcda54485c21744b5d33b12f,Source
IN2 - Light Industrial,fcbd5439e7551b9b625e286c630ae7c390ce0acdbcda54485c21744b5d33b12f,Source
RE1 Public Recreation,fcbd5439e7551b9b625e286c630ae7c390ce0acdbcda54485c21744b5d33b12f,Source
RE2 - Private Recreation,fcbd5439e7551b9b625e286c630ae7c390ce0acdbcda54485c21744b5d33b12f,Source
Child care centres,fcbd5439e7551b9b625e286c630ae7c390ce0acdbcda54485c21744b5d33b12f,Source
residential zones,fcbd5439e7551b9b625e286c630ae7c390ce0acdbcda54485c21744b5d33b12f,Source
Child care centre,fcbd5439e7551b9b625e286c630ae7c390ce0acdbcda54485c21744b5d33b12f,Source
premises,fcbd5439e7551b9b625e286c630ae7c390ce0acdbcda54485c21744b5d33b12f,Source
Childcare centres are permitted with consent in R1 - General Residential zones.,fcbd5439e7551b9b625e286c630ae7c390ce0acdbcda54485c21744b5d33b12f,Source
Child care centres are detailed in Section 2.10 regarding car parking requirements.,fcbd5439e7551b9b625e286c630ae7c390ce0acdbcda54485c21744b5d33b12f,Source
Car parking requirements for child care centres are detailed in Section 2.10.,fcbd5439e7551b9b625e286c630ae7c390ce0acdbcda54485c21744b5d33b12f,Source
"Where a child care centre is on the site of a heritage item or within a heritage conservation area, the proposal will also need to comply with the relevant heritage controls.",fcbd5439e7551b9b625e286c630ae7c390ce0acdbcda54485c21744b5d33b12f,Source
"Child care centres must have at least one lift access to all floors, including to any basement parking.",fcbd5439e7551b9b625e286c630ae7c390ce0acdbcda54485c21744b5d33b12f,Source
The premises should remain residential in external appearance and finishes and be consistent with the nearby residential streetscape and landscape.,fcbd5439e7551b9b625e286c630ae7c390ce0acdbcda54485c21744b5d33b12f,Source
Child care centres in a residential zone will be assessed for impact on residential amenity.,fcbd5439e7551b9b625e286c630ae7c390ce0acdbcda54485c21744b5d33b12f,Source
Child care centres in a residential zone will only be acceptable where adverse impacts on the amenity of residents in the neighbourhood can be are avoided or minimised to an acceptable level.,fcbd5439e7551b9b625e286c630ae7c390ce0acdbcda54485c21744b5d33b12f,Source
Do not locate a child care centre on a state road.,fcbd5439e7551b9b625e286c630ae7c390ce0acdbcda54485c21744b5d33b12f,Source
Under Inner West LEP 2022 child care centres are permitted with consent in the following zones,fcbd5439e7551b9b625e286c630ae7c390ce0acdbcda54485c21744b5d33b12f,Source
child care centres,fcbd5439e7551b9b625e286c630ae7c390ce0acdbcda54485c21744b5d33b12f,Source
Child car parking requirements for child care centres are detailed in Section 2.10,fcbd5439e7551b9b625e286c630ae7c390ce0acdbcda54485c21744b5d33b12f,Source
Section 2.10,fcbd5439e7551b9b625e286c630ae7c390ce0acdbcda54485c21744b5d33b12f,Source
The proposal will also need to comply with the relevant heritage controls contained in Part 8 of this DCP,fcbd5439e7551b9b625e286c630ae7c390ce0acdbcda54485c21744b5d33b12f,Source
the proposal,fcbd5439e7551b9b625e286c630ae7c390ce0acdbcda54485c21744b5d33b12f,Source
heritage item or heritage conservation area,fcbd5439e7551b9b625e286c630ae7c390ce0acdbcda54485c21744b5d33b12f,Source
"Child care centres in two storeys, or more, buildings must have at least one lift access to all floors, including to any basement parking",fcbd5439e7551b9b625e286c630ae7c390ce0acdbcda54485c21744b5d33b12f,Source
lift,fcbd5439e7551b9b625e286c630ae7c390ce0acdbcda54485c21744b5d33b12f,Source
floors,fcbd5439e7551b9b625e286c630ae7c390ce0acdbcda54485c21744b5d33b12f,Source
basement parking,fcbd5439e7551b9b625e286c630ae7c390ce0acdbcda54485c21744b5d33b12f,Source
The premises should remain residential in external appearance and finishes and be consistent with the nearby residential streetscape and landscape,fcbd5439e7551b9b625e286c630ae7c390ce0acdbcda54485c21744b5d33b12f,Source
the premises,fcbd5439e7551b9b625e286c630ae7c390ce0acdbcda54485c21744b5d33b12f,Source
residential appearance,fcbd5439e7551b9b625e286c630ae7c390ce0acdbcda54485c21744b5d33b12f,Source
residential streetscape,fcbd5439e7551b9b625e286c630ae7c390ce0acdbcda54485c21744b5d33b12f,Source
Child care centres in a residential zone will be assessed for impact on residential amenity,fcbd5439e7551b9b625e286c630ae7c390ce0acdbcda54485c21744b5d33b12f,Source
residential zone,fcbd5439e7551b9b625e286c630ae7c390ce0acdbcda54485c21744b5d33b12f,Source
residential amenity,fcbd5439e7551b9b625e286c630ae7c390ce0acdbcda54485c21744b5d33b12f,Source
Child care centres in a residential zone will only be acceptable where adverse impacts on the amenity of residents in the neighbourhood can be are avoided or minimised to an acceptable level,fcbd5439e7551b9b625e286c630ae7c390ce0acdbcda54485c21744b5d33b12f,Source
residents,fcbd5439e7551b9b625e286c630ae7c390ce0acdbcda54485c21744b5d33b12f,Source
neighbourhood,fcbd5439e7551b9b625e286c630ae7c390ce0acdbcda54485c21744b5d33b12f,Source
Do no locate a child care centre on a state road,fcbd5439e7551b9b625e286c630ae7c390ce0acdbcda54485c21744b5d33b12f,Source
child care centre,fcbd5439e7551b9b625e286c630ae7c390ce0acdbcda54485c21744b5d33b12f,Source
state road,fcbd5439e7551b9b625e286c630ae7c390ce0acdbcda54485c21744b5d33b12f,Source
document,daf1893eec2ce4ff87d848e6f9053de9f4b32b39ecdecdc731d0008dd7ae5ec5,Source
Marrickville DCP,daf1893eec2ce4ff87d848e6f9053de9f4b32b39ecdecdc731d0008dd7ae5ec5,Source
The planning document was created in 2011.,daf1893eec2ce4ff87d848e6f9053de9f4b32b39ecdecdc731d0008dd7ae5ec5,Source
The Marrickville DCP 2011 was released.,daf1893eec2ce4ff87d848e6f9053de9f4b32b39ecdecdc731d0008dd7ae5ec5,Source
The Marrickville Council prepared the planning document.,daf1893eec2ce4ff87d848e6f9053de9f4b32b39ecdecdc731d0008dd7ae5ec5,Source
Marrickville Council,daf1893eec2ce4ff87d848e6f9053de9f4b32b39ecdecdc731d0008dd7ae5ec5,Source
The document is part of the Marrickville DCP 2011-7.0 Cover.,daf1893eec2ce4ff87d848e6f9053de9f4b32b39ecdecdc731d0008dd7ae5ec5,Source
Marrickville DCP 2011-7.0 Cover,daf1893eec2ce4ff87d848e6f9053de9f4b32b39ecdecdc731d0008dd7ae5ec5,Source
Clause 7.3,e5fdc95050125be21d9694a8c979ab2222687e6ffba519733e358863ba25d317,Source
sex services premises,e5fdc95050125be21d9694a8c979ab2222687e6ffba519733e358863ba25d317,Source
IN2 Light Industrial zone,e5fdc95050125be21d9694a8c979ab2222687e6ffba519733e358863ba25d317,Source
B6 Enterprise Corridor zone,e5fdc95050125be21d9694a8c979ab2222687e6ffba519733e358863ba25d317,Source
B4 Mixed Use zone,e5fdc95050125be21d9694a8c979ab2222687e6ffba519733e358863ba25d317,Source
B5 Business Development zone,e5fdc95050125be21d9694a8c979ab2222687e6ffba519733e358863ba25d317,Source
adult businesses,e5fdc95050125be21d9694a8c979ab2222687e6ffba519733e358863ba25d317,Source
restricted premises,e5fdc95050125be21d9694a8c979ab2222687e6ffba519733e358863ba25d317,Source
sex on premises venues,e5fdc95050125be21d9694a8c979ab2222687e6ffba519733e358863ba25d317,Source
Clause 7.3.1,e5fdc95050125be21d9694a8c979ab2222687e6ffba519733e358863ba25d317,Source
MLEP 2011 specifically regulates where sex services premises may be located.,e5fdc95050125be21d9694a8c979ab2222687e6ffba519733e358863ba25d317,Source
Clause 7.3 - zoning (land_use_zoning) deals with land use zoning.,e5fdc95050125be21d9694a8c979ab2222687e6ffba519733e358863ba25d317,Source
"Clause 7.3.1 - other (development_control) aims to ensure sufficient separation between adult businesses, restricted premises, sex on premises venues and sex services premises.",e5fdc95050125be21d9694a8c979ab2222687e6ffba519733e358863ba25d317,Source
Clause 7.3.1 - other (development_control) aims to protect the locality's amenity.,e5fdc95050125be21d9694a8c979ab2222687e6ffba519733e358863ba25d317,Source
"To ensure sufficient separation between adult businesses, restricted premises, sex on premises venues and sex services premises.",e5fdc95050125be21d9694a8c979ab2222687e6ffba519733e358863ba25d317,Source
a concentration of those premises in any one locality should be avoided.,e5fdc95050125be21d9694a8c979ab2222687e6ffba519733e358863ba25d317,Source
"Clause 7.3.1 - other (development_control) aims to ensure adult businesses, restricted premises, sex on premises venues and sex services premises are located, designed and operated in a manner that protects the amenity of the locality.",e5fdc95050125be21d9694a8c979ab2222687e6ffba519733e358863ba25d317,Source
MLEP 2011 specifically regulates where sex services premises may be located,e5fdc95050125be21d9694a8c979ab2222687e6ffba519733e358863ba25d317,Source
MLEP 2011,e5fdc95050125be21d9694a8c979ab2222687e6ffba519733e358863ba25d317,Source
"To ensure sufficient separation between adult businesses, restricted premises, sex on premises venues and sex services premises",e5fdc95050125be21d9694a8c979ab2222687e6ffba519733e358863ba25d317,Source
"To ensure adult businesses, restricted premises, sex on premises venues and sex services premises are located in a manner that protects the amenity of the locality",e5fdc95050125be21d9694a8c979ab2222687e6ffba519733e358863ba25d317,Source
supported,4e8b32259fd70f7822ec12306c4bc2c3e4de4189d4c02bf1a0a1c511f9d268a4,Source
building materials,4e8b32259fd70f7822ec12306c4bc2c3e4de4189d4c02bf1a0a1c511f9d268a4,Source
retained,4e8b32259fd70f7822ec12306c4bc2c3e4de4189d4c02bf1a0a1c511f9d268a4,Source
scale,4e8b32259fd70f7822ec12306c4bc2c3e4de4189d4c02bf1a0a1c511f9d268a4,Source
facades,4e8b32259fd70f7822ec12306c4bc2c3e4de4189d4c02bf1a0a1c511f9d268a4,Source
compatible,4e8b32259fd70f7822ec12306c4bc2c3e4de4189d4c02bf1a0a1c511f9d268a4,Source
roof forms,4e8b32259fd70f7822ec12306c4bc2c3e4de4189d4c02bf1a0a1c511f9d268a4,Source
be compatible,4e8b32259fd70f7822ec12306c4bc2c3e4de4189d4c02bf1a0a1c511f9d268a4,Source
fences,4e8b32259fd70f7822ec12306c4bc2c3e4de4189d4c02bf1a0a1c511f9d268a4,Source
Buildings that make a positive contribution to the character of the HCA should be retained,4e8b32259fd70f7822ec12306c4bc2c3e4de4189d4c02bf1a0a1c511f9d268a4,Source
Demolition of buildings that positively contribute to the character of the HCA will generally not be supported,4e8b32259fd70f7822ec12306c4bc2c3e4de4189d4c02bf1a0a1c511f9d268a4,Source
"Original building materials such as brick, sandstone, timber and slate should be retained and repaired where possible.",4e8b32259fd70f7822ec12306c4bc2c3e4de4189d4c02bf1a0a1c511f9d268a4,Source
New development should respect the scale and massing of existing buildings in the HCA.,4e8b32259fd70f7822ec12306c4bc2c3e4de4189d4c02bf1a0a1c511f9d268a4,Source
New building facades should be compatible with the architectural style and materials of existing buildings in the HCA.,4e8b32259fd70f7822ec12306c4bc2c3e4de4189d4c02bf1a0a1c511f9d268a4,Source
Roof forms and pitches of new development should be compatible with existing buildings in the HCA.,4e8b32259fd70f7822ec12306c4bc2c3e4de4189d4c02bf1a0a1c511f9d268a4,Source
Landscaping should be used to enhance the character of the HCA.,4e8b32259fd70f7822ec12306c4bc2c3e4de4189d4c02bf1a0a1c511f9d268a4,Source
Roof forms and pitches of new development should be compatible with existing buildings in the HCA,4e8b32259fd70f7822ec12306c4bc2c3e4de4189d4c02bf1a0a1c511f9d268a4,Source
Fences and walls should be compatible with the architectural style and materials of existing buildings in the HCA.,4e8b32259fd70f7822ec12306c4bc2c3e4de4189d4c02bf1a0a1c511f9d268a4,Source
New building facades should be compatible with the architectural style and materials of existing buildings in the HCA,4e8b32259fd70f7822ec12306c4bc2c3e4de4189d4c02bf1a0a1c511f9d268a4,Source
HCA,4e8b32259fd70f7822ec12306c4bc2c3e4de4189d4c02bf1a0a1c511f9d268a4,Source
demolition,4e8b32259fd70f7822ec12306c4bc2c3e4de4189d4c02bf1a0a1c511f9d268a4,Source
"Original building materials such as brick, sandstone, timber and slate should be retained and repaired where possible",4e8b32259fd70f7822ec12306c4bc2c3e4de4189d4c02bf1a0a1c511f9d268a4,Source
brick,4e8b32259fd70f7822ec12306c4bc2c3e4de4189d4c02bf1a0a1c511f9d268a4,Source
sandstone,4e8b32259fd70f7822ec12306c4bc2c3e4de4189d4c02bf1a0a1c511f9d268a4,Source
timber,4e8b32259fd70f7822ec12306c4bc2c3e4de4189d4c02bf1a0a1c511f9d268a4,Source
slate,4e8b32259fd70f7822ec12306c4bc2c3e4de4189d4c02bf1a0a1c511f9d268a4,Source
New development should respect the scale and massing of existing buildings in the HCA,4e8b32259fd70f7822ec12306c4bc2c3e4de4189d4c02bf1a0a1c511f9d268a4,Source
existing buildings,4e8b32259fd70f7822ec12306c4bc2c3e4de4189d4c02bf1a0a1c511f9d268a4,Source
new building facades,4e8b32259fd70f7822ec12306c4bc2c3e4de4189d4c02bf1a0a1c511f9d268a4,Source
architectural style,4e8b32259fd70f7822ec12306c4bc2c3e4de4189d4c02bf1a0a1c511f9d268a4,Source
materials,4e8b32259fd70f7822ec12306c4bc2c3e4de4189d4c02bf1a0a1c511f9d268a4,Source
pitches,4e8b32259fd70f7822ec12306c4bc2c3e4de4189d4c02bf1a0a1c511f9d268a4,Source
Landscaping should be used to enhance the character of the HCA,4e8b32259fd70f7822ec12306c4bc2c3e4de4189d4c02bf1a0a1c511f9d268a4,Source
Fences and walls should be compatible with the architectural style and materials of existing buildings in the HCA,4e8b32259fd70f7822ec12306c4bc2c3e4de4189d4c02bf1a0a1c511f9d268a4,Source
walls,4e8b32259fd70f7822ec12306c4bc2c3e4de4189d4c02bf1a0a1c511f9d268a4,Source
page,abaf2242da7be47c094242959fe803e3af4f83588399592f57ec99668d7e71d1,Source
This planning document is titled Marrickville DCP 2011 - 9 0 Cover.,abaf2242da7be47c094242959fe803e3af4f83588399592f57ec99668d7e71d1,Source
Marrickville DCP 2011 - 9 0 Cover,abaf2242da7be47c094242959fe803e3af4f83588399592f57ec99668d7e71d1,Source
Planning Document,eebc6e25c643d3f5ea65901f10dd71ea1ea090de9ab9d6032c7026cab0aeb130,Source
planning precincts,eebc6e25c643d3f5ea65901f10dd71ea1ea090de9ab9d6032c7026cab0aeb130,Source
distinct character,eebc6e25c643d3f5ea65901f10dd71ea1ea090de9ab9d6032c7026cab0aeb130,Source
precincts,eebc6e25c643d3f5ea65901f10dd71ea1ea090de9ab9d6032c7026cab0aeb130,Source
contextual basis,eebc6e25c643d3f5ea65901f10dd71ea1ea090de9ab9d6032c7026cab0aeb130,Source
types of development,eebc6e25c643d3f5ea65901f10dd71ea1ea090de9ab9d6032c7026cab0aeb130,Source
other controls,eebc6e25c643d3f5ea65901f10dd71ea1ea090de9ab9d6032c7026cab0aeb130,Source
existing character,eebc6e25c643d3f5ea65901f10dd71ea1ea090de9ab9d6032c7026cab0aeb130,Source
planning controls and objectives,eebc6e25c643d3f5ea65901f10dd71ea1ea090de9ab9d6032c7026cab0aeb130,Source
precinct-specific areas,eebc6e25c643d3f5ea65901f10dd71ea1ea090de9ab9d6032c7026cab0aeb130,Source
heritage conservation areas,eebc6e25c643d3f5ea65901f10dd71ea1ea090de9ab9d6032c7026cab0aeb130,Source
Parramatta Road,eebc6e25c643d3f5ea65901f10dd71ea1ea090de9ab9d6032c7026cab0aeb130,Source
Commercial Precinct 35,eebc6e25c643d3f5ea65901f10dd71ea1ea090de9ab9d6032c7026cab0aeb130,Source
Petersham,eebc6e25c643d3f5ea65901f10dd71ea1ea090de9ab9d6032c7026cab0aeb130,Source
Commercial Precinct 36,eebc6e25c643d3f5ea65901f10dd71ea1ea090de9ab9d6032c7026cab0aeb130,Source
King Street and Enmore Road,eebc6e25c643d3f5ea65901f10dd71ea1ea090de9ab9d6032c7026cab0aeb130,Source
Commercial Precinct 37,eebc6e25c643d3f5ea65901f10dd71ea1ea090de9ab9d6032c7026cab0aeb130,Source
Part 9 of this DCP divides the land where this DCP applies into 47 planning precincts.,eebc6e25c643d3f5ea65901f10dd71ea1ea090de9ab9d6032c7026cab0aeb130,Source
Each planning precinct has its own distinct character and provides an important contextual basis for establishing appropriate types of development in association with other controls within the DCP.,eebc6e25c643d3f5ea65901f10dd71ea1ea090de9ab9d6032c7026cab0aeb130,Source
Each precinct has an existing and desired future character to guide development within the area.,eebc6e25c643d3f5ea65901f10dd71ea1ea090de9ab9d6032c7026cab0aeb130,Source
Planning controls and objectives have been applied to precinct-specific areas and site-specific areas (through masterplans) to assist in achieving the desired future character.,eebc6e25c643d3f5ea65901f10dd71ea1ea090de9ab9d6032c7026cab0aeb130,Source
Heritage conservation areas if located within a precinct are referenced.,eebc6e25c643d3f5ea65901f10dd71ea1ea090de9ab9d6032c7026cab0aeb130,Source
Parramatta Road (Commercial Precinct 35),eebc6e25c643d3f5ea65901f10dd71ea1ea090de9ab9d6032c7026cab0aeb130,Source
Petersham (Commercial Precinct 36),eebc6e25c643d3f5ea65901f10dd71ea1ea090de9ab9d6032c7026cab0aeb130,Source
King Street and Enmore Road (Commercial Precinct 37),eebc6e25c643d3f5ea65901f10dd71ea1ea090de9ab9d6032c7026cab0aeb130,Source
planning controls,eebc6e25c643d3f5ea65901f10dd71ea1ea090de9ab9d6032c7026cab0aeb130,Source
objectives,eebc6e25c643d3f5ea65901f10dd71ea1ea090de9ab9d6032c7026cab0aeb130,Source
site-specific areas,eebc6e25c643d3f5ea65901f10dd71ea1ea090de9ab9d6032c7026cab0aeb130,Source
masterplans,eebc6e25c643d3f5ea65901f10dd71ea1ea090de9ab9d6032c7026cab0aeb130,Source
Parramatta Road is designated as Commercial Precinct 35.,eebc6e25c643d3f5ea65901f10dd71ea1ea090de9ab9d6032c7026cab0aeb130,Source
Petersham is designated as Commercial Precinct 36.,eebc6e25c643d3f5ea65901f10dd71ea1ea090de9ab9d6032c7026cab0aeb130,Source
King Street and Enmore Road are designated as Commercial Precinct 37.,eebc6e25c643d3f5ea65901f10dd71ea1ea090de9ab9d6032c7026cab0aeb130,Source
King Street,eebc6e25c643d3f5ea65901f10dd71ea1ea090de9ab9d6032c7026cab0aeb130,Source
Enmore Road,eebc6e25c643d3f5ea65901f10dd71ea1ea090de9ab9d6032c7026cab0aeb130,Source
precinct,8b6ff4ee7d780c45970af270220cdc8f23ac0166ecf53bbc5d1dfca515b7cc94,Source
period buildings,8b6ff4ee7d780c45970af270220cdc8f23ac0166ecf53bbc5d1dfca515b7cc94,Source
sympathetic alteration or restoration,8b6ff4ee7d780c45970af270220cdc8f23ac0166ecf53bbc5d1dfca515b7cc94,Source
heritage items,8b6ff4ee7d780c45970af270220cdc8f23ac0166ecf53bbc5d1dfca515b7cc94,Source
streetscapes,8b6ff4ee7d780c45970af270220cdc8f23ac0166ecf53bbc5d1dfca515b7cc94,Source
single storey streetscapes,8b6ff4ee7d780c45970af270220cdc8f23ac0166ecf53bbc5d1dfca515b7cc94,Source
significant streetscapes,8b6ff4ee7d780c45970af270220cdc8f23ac0166ecf53bbc5d1dfca515b7cc94,Source
public domain elements,8b6ff4ee7d780c45970af270220cdc8f23ac0166ecf53bbc5d1dfca515b7cc94,Source
biodiversity impacts,8b6ff4ee7d780c45970af270220cdc8f23ac0166ecf53bbc5d1dfca515b7cc94,Source
low density residential character,8b6ff4ee7d780c45970af270220cdc8f23ac0166ecf53bbc5d1dfca515b7cc94,Source
off-street car parking,8b6ff4ee7d780c45970af270220cdc8f23ac0166ecf53bbc5d1dfca515b7cc94,Source
amenity of the precinct,8b6ff4ee7d780c45970af270220cdc8f23ac0166ecf53bbc5d1dfca515b7cc94,Source
GreenWay Corridor,8b6ff4ee7d780c45970af270220cdc8f23ac0166ecf53bbc5d1dfca515b7cc94,Source
To protect and preserve the identified period buildings within the precinct,8b6ff4ee7d780c45970af270220cdc8f23ac0166ecf53bbc5d1dfca515b7cc94,Source
To protect the identified heritage items within the precinct,8b6ff4ee7d780c45970af270220cdc8f23ac0166ecf53bbc5d1dfca515b7cc94,Source
To maintain distinctly single storey streetscapes that exist within the precinct,8b6ff4ee7d780c45970af270220cdc8f23ac0166ecf53bbc5d1dfca515b7cc94,Source
"To protect significant streetscapes and/or public domain elements within the precinct including landscaping, fencing, open space, sandstone kerbing and guttering, views and vistas and prevailing subdivision patterns",8b6ff4ee7d780c45970af270220cdc8f23ac0166ecf53bbc5d1dfca515b7cc94,Source
To ensure that new development considers all potential impacts to biodiversity,8b6ff4ee7d780c45970af270220cdc8f23ac0166ecf53bbc5d1dfca515b7cc94,Source
To preserve the predominantly low density residential character of the precinct,8b6ff4ee7d780c45970af270220cdc8f23ac0166ecf53bbc5d1dfca515b7cc94,Source
To ensure that the provision and location of off-street car parking does not adversely impact the amenity of the precinct,8b6ff4ee7d780c45970af270220cdc8f23ac0166ecf53bbc5d1dfca515b7cc94,Source
"New development should address the GreenWay Corridor, recognising the space as an active frontage with substantial visual and environmental benefits, as well as an active transport corridor, and provide opportunities for street activation and/or public art and animation.",8b6ff4ee7d780c45970af270220cdc8f23ac0166ecf53bbc5d1dfca515b7cc94,Source
To protect and preserve the identified period buildings within the precinct and encourage their sympathetic alteration or restoration.,8b6ff4ee7d780c45970af270220cdc8f23ac0166ecf53bbc5d1dfca515b7cc94,Source
To protect the identified heritage items within the precinct.,8b6ff4ee7d780c45970af270220cdc8f23ac0166ecf53bbc5d1dfca515b7cc94,Source
To maintain distinctly single storey streetscapes that exist within the precinct.,8b6ff4ee7d780c45970af270220cdc8f23ac0166ecf53bbc5d1dfca515b7cc94,Source
"To protect significant streetscapes and/or public domain elements within the precinct including landscaping, fencing, open space, sandstone kerbing and guttering, views and vistas and prevailing subdivision patterns.",8b6ff4ee7d780c45970af270220cdc8f23ac0166ecf53bbc5d1dfca515b7cc94,Source
fencing,8b6ff4ee7d780c45970af270220cdc8f23ac0166ecf53bbc5d1dfca515b7cc94,Source
sandstone kerbing,8b6ff4ee7d780c45970af270220cdc8f23ac0166ecf53bbc5d1dfca515b7cc94,Source
guttering,8b6ff4ee7d780c45970af270220cdc8f23ac0166ecf53bbc5d1dfca515b7cc94,Source
vistas,8b6ff4ee7d780c45970af270220cdc8f23ac0166ecf53bbc5d1dfca515b7cc94,Source
subdivision patterns,8b6ff4ee7d780c45970af270220cdc8f23ac0166ecf53bbc5d1dfca515b7cc94,Source
To ensure that new development considers all potential impacts to biodiversity.,8b6ff4ee7d780c45970af270220cdc8f23ac0166ecf53bbc5d1dfca515b7cc94,Source
biodiversity,8b6ff4ee7d780c45970af270220cdc8f23ac0166ecf53bbc5d1dfca515b7cc94,Source
To preserve the predominantly low density residential character of the precinct.,8b6ff4ee7d780c45970af270220cdc8f23ac0166ecf53bbc5d1dfca515b7cc94,Source
To ensure that the provision and location of off-street car parking does not adversely impact the amenity of the precinct.,8b6ff4ee7d780c45970af270220cdc8f23ac0166ecf53bbc5d1dfca515b7cc94,Source
amenity,8b6ff4ee7d780c45970af270220cdc8f23ac0166ecf53bbc5d1dfca515b7cc94,Source
heritage listed water board site,281f9b9327302b3b395dfc9e224e53bc1c462fb1c2911b1d66e18eb6396f32e5,Source
former Waratah flour mills,281f9b9327302b3b395dfc9e224e53bc1c462fb1c2911b1d66e18eb6396f32e5,Source
Heritage Items,281f9b9327302b3b395dfc9e224e53bc1c462fb1c2911b1d66e18eb6396f32e5,Source
low density residential areas,281f9b9327302b3b395dfc9e224e53bc1c462fb1c2911b1d66e18eb6396f32e5,Source
environmental_protection,281f9b9327302b3b395dfc9e224e53bc1c462fb1c2911b1d66e18eb6396f32e5,Source
The precinct contains a heritage listed water board site in Weston Street which is substantially vacant except for a small brick building.,281f9b9327302b3b395dfc9e224e53bc1c462fb1c2911b1d66e18eb6396f32e5,Source
The former Waratah flour mills and associated buildings (also heritage items) along the railway line are land mark buildings within this precinct and can be seen from a number of streets.,281f9b9327302b3b395dfc9e224e53bc1c462fb1c2911b1d66e18eb6396f32e5,Source
The land-use pattern of the precinct is predominantly low density residential areas with some medium density development.,281f9b9327302b3b395dfc9e224e53bc1c462fb1c2911b1d66e18eb6396f32e5,Source
Front setbacks are generally consistent within each street despite the variety of buildings styles. A setback of 2 metres to 4 metres is the most common.,281f9b9327302b3b395dfc9e224e53bc1c462fb1c2911b1d66e18eb6396f32e5,Source
In areas of the precinct where off street parking is provided it is most frequently a side drive to a hardstand/carport behind the building line.,281f9b9327302b3b395dfc9e224e53bc1c462fb1c2911b1d66e18eb6396f32e5,Source
To protect the identified Heritage Items within the precinct.,281f9b9327302b3b395dfc9e224e53bc1c462fb1c2911b1d66e18eb6396f32e5,Source
water board site,281f9b9327302b3b395dfc9e224e53bc1c462fb1c2911b1d66e18eb6396f32e5,Source
Weston Street,281f9b9327302b3b395dfc9e224e53bc1c462fb1c2911b1d66e18eb6396f32e5,Source
associated buildings,281f9b9327302b3b395dfc9e224e53bc1c462fb1c2911b1d66e18eb6396f32e5,Source
railway line,281f9b9327302b3b395dfc9e224e53bc1c462fb1c2911b1d66e18eb6396f32e5,Source
medium density development,281f9b9327302b3b395dfc9e224e53bc1c462fb1c2911b1d66e18eb6396f32e5,Source
street,281f9b9327302b3b395dfc9e224e53bc1c462fb1c2911b1d66e18eb6396f32e5,Source
off street parking,281f9b9327302b3b395dfc9e224e53bc1c462fb1c2911b1d66e18eb6396f32e5,Source
side drive,281f9b9327302b3b395dfc9e224e53bc1c462fb1c2911b1d66e18eb6396f32e5,Source
hardstand/carport,281f9b9327302b3b395dfc9e224e53bc1c462fb1c2911b1d66e18eb6396f32e5,Source
building line,281f9b9327302b3b395dfc9e224e53bc1c462fb1c2911b1d66e18eb6396f32e5,Source
Hoskins Park & Environs Heritage Conservation Area,656a66f97b9376208aa4511dd0328416e211f846df84c8f5ea4aa363def2d893,Source
native fauna,656a66f97b9376208aa4511dd0328416e211f846df84c8f5ea4aa363def2d893,Source
Threatened Species and Endangered Populations,656a66f97b9376208aa4511dd0328416e211f846df84c8f5ea4aa363def2d893,Source
Endangered Ecological Communities,656a66f97b9376208aa4511dd0328416e211f846df84c8f5ea4aa363def2d893,Source
habitat elements,656a66f97b9376208aa4511dd0328416e211f846df84c8f5ea4aa363def2d893,Source
connectivity and disturbance,656a66f97b9376208aa4511dd0328416e211f846df84c8f5ea4aa363def2d893,Source
streetscapes and/or public domain elements,656a66f97b9376208aa4511dd0328416e211f846df84c8f5ea4aa363def2d893,Source
This precinct also contains the Hoskins Park & Environs Heritage Conservation Area.,656a66f97b9376208aa4511dd0328416e211f846df84c8f5ea4aa363def2d893,Source
"It is essential that development within the precinct considers the potential impacts to biodiversity including native fauna (including Threatened Species and Endangered Populations), native vegetation (including Endangered Ecological Communities), and habitat elements (including their condition, structure, function, connectivity and disturbance).",656a66f97b9376208aa4511dd0328416e211f846df84c8f5ea4aa363def2d893,Source
To ensure that any development considers all potential impacts to biodiversity.,656a66f97b9376208aa4511dd0328416e211f846df84c8f5ea4aa363def2d893,Source
To ensure the provision and location of off-street car parking does not adversely impact the amenity of the precinct.,656a66f97b9376208aa4511dd0328416e211f846df84c8f5ea4aa363def2d893,Source
To protect the identified values of the Lewisham Estate and Hoskins Park & Environs Heritage Conservation Areas.,656a66f97b9376208aa4511dd0328416e211f846df84c8f5ea4aa363def2d893,Source
Lewisham Estate,656a66f97b9376208aa4511dd0328416e211f846df84c8f5ea4aa363def2d893,Source
Hoskins Park & Environs Heritage Conservation Areas,656a66f97b9376208aa4511dd0328416e211f846df84c8f5ea4aa363def2d893,Source
Porter's Brickworks Estate Heritage Conservation Area,809bcd6db96ad551331b0b7cfaa74afe4cb5e14c6435ed533d095f46dc50ffc4,Source
Jarvie Avenue Heritage Conservation Area,809bcd6db96ad551331b0b7cfaa74afe4cb5e14c6435ed533d095f46dc50ffc4,Source
Rathlin Estate Heritage Conservation Area,809bcd6db96ad551331b0b7cfaa74afe4cb5e14c6435ed533d095f46dc50ffc4,Source
HCA 28 Dulwich Hill Commercial Precinct Heritage Conservation Area,809bcd6db96ad551331b0b7cfaa74afe4cb5e14c6435ed533d095f46dc50ffc4,Source
buildings with original form,809bcd6db96ad551331b0b7cfaa74afe4cb5e14c6435ed533d095f46dc50ffc4,Source
prevailing subdivision patterns,809bcd6db96ad551331b0b7cfaa74afe4cb5e14c6435ed533d095f46dc50ffc4,Source
"The precinct contains three Heritage Conservation Areas being the Porter’s Brickworks Estate Heritage Conservation Area, Jarvie Avenue Heritage Conservation Area and the Rathlin Estate Heritage Conservation Area.",809bcd6db96ad551331b0b7cfaa74afe4cb5e14c6435ed533d095f46dc50ffc4,Source
This precinct also contains a small part of the HCA 28 Dulwich Hill Commercial Precinct Heritage Conservation Area located on Marrickville Road.,809bcd6db96ad551331b0b7cfaa74afe4cb5e14c6435ed533d095f46dc50ffc4,Source
"To protect groups or runs of buildings which retain their original form including roof forms, original detailing and finishes.",809bcd6db96ad551331b0b7cfaa74afe4cb5e14c6435ed533d095f46dc50ffc4,Source
groups or runs of buildings,809bcd6db96ad551331b0b7cfaa74afe4cb5e14c6435ed533d095f46dc50ffc4,Source
original detailing,809bcd6db96ad551331b0b7cfaa74afe4cb5e14c6435ed533d095f46dc50ffc4,Source
finishes,809bcd6db96ad551331b0b7cfaa74afe4cb5e14c6435ed533d095f46dc50ffc4,Source
Heritage Conservation Areas,3c67716ddb9c40ecdd5170039da418a461c11f112039dbe7b300b48602037732,Source
Audley Street South (Bayswater Estate) Heritage Conservation Area,3c67716ddb9c40ecdd5170039da418a461c11f112039dbe7b300b48602037732,Source
Norwood Park Estate Heritage Conservation Area,3c67716ddb9c40ecdd5170039da418a461c11f112039dbe7b300b48602037732,Source
streets,3c67716ddb9c40ecdd5170039da418a461c11f112039dbe7b300b48602037732,Source
front setbacks,3c67716ddb9c40ecdd5170039da418a461c11f112039dbe7b300b48602037732,Source
most common,3c67716ddb9c40ecdd5170039da418a461c11f112039dbe7b300b48602037732,Source
areas,3c67716ddb9c40ecdd5170039da418a461c11f112039dbe7b300b48602037732,Source
rear lane or via a side driveway,3c67716ddb9c40ecdd5170039da418a461c11f112039dbe7b300b48602037732,Source
encourage sympathetic alteration or restoration,3c67716ddb9c40ecdd5170039da418a461c11f112039dbe7b300b48602037732,Source
to,3c67716ddb9c40ecdd5170039da418a461c11f112039dbe7b300b48602037732,Source
streetscapes that exist within the precinct,3c67716ddb9c40ecdd5170039da418a461c11f112039dbe7b300b48602037732,Source
"groups or runs of buildings which retain their original built form including roof forms, original detailing and finishes",3c67716ddb9c40ecdd5170039da418a461c11f112039dbe7b300b48602037732,Source
"significant streetscapes and/or public domain elements within the precinct including landscaping, fencing, open space, sandstone kerbing and guttering, views and vistas and prevailing subdivision patterns",3c67716ddb9c40ecdd5170039da418a461c11f112039dbe7b300b48602037732,Source
The precinct contains two Heritage Conservation Areas,3c67716ddb9c40ecdd5170039da418a461c11f112039dbe7b300b48602037732,Source
Front setbacks are generally consistent within each street,3c67716ddb9c40ecdd5170039da418a461c11f112039dbe7b300b48602037732,Source
"In areas of the precinct where off street parking is provided, it is most frequently at the rear of the property accessed by a rear lane or via a side driveway",3c67716ddb9c40ecdd5170039da418a461c11f112039dbe7b300b48602037732,Source
To protect the identified Heritage Items within the precinct,3c67716ddb9c40ecdd5170039da418a461c11f112039dbe7b300b48602037732,Source
"To protect groups or runs of buildings which retain their original built form including roof forms, original detailing and finishes",3c67716ddb9c40ecdd5170039da418a461c11f112039dbe7b300b48602037732,Source
To protect significant streetscapes and/or public domain elements within the precinct,3c67716ddb9c40ecdd5170039da418a461c11f112039dbe7b300b48602037732,Source
The precinct contains two Heritage Conservation Areas being the Audley Street South (Bayswater Estate) Heritage Conservation Area and the majority of the Norwood Park Estate Heritage Conservation Area.,3c67716ddb9c40ecdd5170039da418a461c11f112039dbe7b300b48602037732,Source
Audley Street South,3c67716ddb9c40ecdd5170039da418a461c11f112039dbe7b300b48602037732,Source
Bayswater Estate,3c67716ddb9c40ecdd5170039da418a461c11f112039dbe7b300b48602037732,Source
Norwood Park Estate,3c67716ddb9c40ecdd5170039da418a461c11f112039dbe7b300b48602037732,Source
"In areas of the precinct where off street parking is provided, it is most frequently at the rear of the property accessed by a rear lane or via a side driveway.",3c67716ddb9c40ecdd5170039da418a461c11f112039dbe7b300b48602037732,Source
rear lane,3c67716ddb9c40ecdd5170039da418a461c11f112039dbe7b300b48602037732,Source
side driveway,3c67716ddb9c40ecdd5170039da418a461c11f112039dbe7b300b48602037732,Source
"To protect groups or runs of buildings which retain their original built form including roof forms, original detailing and finishes.",3c67716ddb9c40ecdd5170039da418a461c11f112039dbe7b300b48602037732,Source
EnmoreNewtown Heritage Conservation Area,9450160dfbd8bfd1bc8b72154c27b28d490559937d099c97f6c9e60ac67ecb85,Source
Enmore House Estate Heritage Conservation Area,9450160dfbd8bfd1bc8b72154c27b28d490559937d099c97f6c9e60ac67ecb85,Source
Holmwood Estate Heritage Conservation Area,9450160dfbd8bfd1bc8b72154c27b28d490559937d099c97f6c9e60ac67ecb85,Source
streedscapes,9450160dfbd8bfd1bc8b72154c27b28d490559937d099c97f6c9e60ac67ecb85,Source
low to medium density residential character,9450160dfbd8bfd1bc8b72154c27b28d490559937d099c97f6c9e60ac67ecb85,Source
Enmore-Newtown Heritage Conservation Area,9450160dfbd8bfd1bc8b72154c27b28d490559937d099c97f6c9e60ac67ecb85,Source
The precinct contains three heritage conservation areas (HCAs),9450160dfbd8bfd1bc8b72154c27b28d490559937d099c97f6c9e60ac67ecb85,Source
To ensure the provision and location of off-street car parking does not adversely impact the amenity of the precinct,9450160dfbd8bfd1bc8b72154c27b28d490559937d099c97f6c9e60ac67ecb85,Source
To preserve the predominantly low to medium density residential character of the precinct,9450160dfbd8bfd1bc8b72154c27b28d490559937d099c97f6c9e60ac67ecb85,Source
part of the Enmore House Estate Heritage Conservation Area,9450160dfbd8bfd1bc8b72154c27b28d490559937d099c97f6c9e60ac67ecb85,Source
the Holmwood Estate H eritage Conservation Area,9450160dfbd8bfd1bc8b72154c27b28d490559937d099c97f6c9e60ac67ecb85,Source
identified period buildings,9450160dfbd8bfd1bc8b72154c27b28d490559937d099c97f6c9e60ac67ecb85,Source
identified Heritage Items,9450160dfbd8bfd1bc8b72154c27b28d490559937d099c97f6c9e60ac67ecb85,Source
"To protect the identified values of the Enmore -Newtown Heritage Conservation Area, Enmore House Estate Heritage Conservation Area and the Holmwood Estate Heritage Conservation Area.",9450160dfbd8bfd1bc8b72154c27b28d490559937d099c97f6c9e60ac67ecb85,Source
Clause 9.15.1,8b892dde8f50b3e03f2492346ad75916a7349c8571fb808aa1ae4b5048d57023,Source
dwellings,8b892dde8f50b3e03f2492346ad75916a7349c8571fb808aa1ae4b5048d57023,Source
common setbacks,8b892dde8f50b3e03f2492346ad75916a7349c8571fb808aa1ae4b5048d57023,Source
Federation and Inter-War period dwellings,8b892dde8f50b3e03f2492346ad75916a7349c8571fb808aa1ae4b5048d57023,Source
2-4 metre setbacks,8b892dde8f50b3e03f2492346ad75916a7349c8571fb808aa1ae4b5048d57023,Source
identify,8b892dde8f50b3e03f2492346ad75916a7349c8571fb808aa1ae4b5048d57023,Source
single storey,8b892dde8f50b3e03f2492346ad75916a7349c8571fb808aa1ae4b5048d57023,Source
original built form,8b892dde8f50b3e03f2492346ad75916a7349c8571fb808aa1ae4b5048d57023,Source
not adversely impact,8b892dde8f50b3e03f2492346ad75916a7349c8571fb808aa1ae4b5048d57023,Source
Front setbacks vary throughout the precinct with common setbacks of less than 2 metres for dwellings that are predominantly Victorian and Federation era,8b892dde8f50b3e03f2492346ad75916a7349c8571fb808aa1ae4b5048d57023,Source
To protect and preserve the identified period buildings within the precinct and encourage their sympathetic alteration or restoration,8b892dde8f50b3e03f2492346ad75916a7349c8571fb808aa1ae4b5048d57023,Source
Victorian era,8b892dde8f50b3e03f2492346ad75916a7349c8571fb808aa1ae4b5048d57023,Source
Federation era,8b892dde8f50b3e03f2492346ad75916a7349c8571fb808aa1ae4b5048d57023,Source
Abergeldie Estate Heritage Conservation Area,495b60460ce05c9312cbc388d35d42f67a00e8a9cce80da150791e71920d59b8,Source
The Abergeldie Estate,495b60460ce05c9312cbc388d35d42f67a00e8a9cce80da150791e71920d59b8,Source
on-street parking,495b60460ce05c9312cbc388d35d42f67a00e8a9cce80da150791e71920d59b8,Source
their sympathetic alteration or restoration,495b60460ce05c9312cbc388d35d42f67a00e8a9cce80da150791e71920d59b8,Source
the precinct,495b60460ce05c9312cbc388d35d42f67a00e8a9cce80da150791e71920d59b8,Source
distinctly,495b60460ce05c9312cbc388d35d42f67a00e8a9cce80da150791e71920d59b8,Source
buildings which retain their original form,495b60460ce05c9312cbc388d35d42f67a00e8a9cce80da150791e71920d59b8,Source
"their roof forms, original detailing and finishes",495b60460ce05c9312cbc388d35d42f67a00e8a9cce80da150791e71920d59b8,Source
significant streetscape s and/or public domain elements,495b60460ce05c9312cbc388d35d42f67a00e8a9cce80da150791e71920d59b8,Source
The precinct contains The Abergeldie Estate Heritage Conservation Area.,495b60460ce05c9312cbc388d35d42f67a00e8a9cce80da150791e71920d59b8,Source
"Off street parking is typically a side driveway except where lots are too small and onstreet parking prevails (for example, parts of Union, Arlington and Abergeldie Streets).",495b60460ce05c9312cbc388d35d42f67a00e8a9cce80da150791e71920d59b8,Source
"To protect significant streetscape s and/or public domain elements within the precinct including landscaping, fencing, open space, sandstone kerbing and guttering, views and vistas and prevailing subdivision patterns.",495b60460ce05c9312cbc388d35d42f67a00e8a9cce80da150791e71920d59b8,Source
The Abergeldie Estate Heritage Conservation Area is contained within the precinct.,495b60460ce05c9312cbc388d35d42f67a00e8a9cce80da150791e71920d59b8,Source
The Abergeldie Estate Heritage Conservation Area,495b60460ce05c9312cbc388d35d42f67a00e8a9cce80da150791e71920d59b8,Source
"Off street parking is typically provided as a side driveway, except where lots are too small and onstreet parking prevails in parts of Union, Arlington and Abergeldie Streets.",495b60460ce05c9312cbc388d35d42f67a00e8a9cce80da150791e71920d59b8,Source
side driveways,495b60460ce05c9312cbc388d35d42f67a00e8a9cce80da150791e71920d59b8,Source
lots,495b60460ce05c9312cbc388d35d42f67a00e8a9cce80da150791e71920d59b8,Source
onstreet parking,495b60460ce05c9312cbc388d35d42f67a00e8a9cce80da150791e71920d59b8,Source
Union Street,495b60460ce05c9312cbc388d35d42f67a00e8a9cce80da150791e71920d59b8,Source
Arlington Street,495b60460ce05c9312cbc388d35d42f67a00e8a9cce80da150791e71920d59b8,Source
Abergeldie Street,495b60460ce05c9312cbc388d35d42f67a00e8a9cce80da150791e71920d59b8,Source
"Period buildings within the precinct are to be protected and preserved, encouraging sympathetic alteration or restoration.",495b60460ce05c9312cbc388d35d42f67a00e8a9cce80da150791e71920d59b8,Source
The identified Heritage Items within the precinct are to be protected.,495b60460ce05c9312cbc388d35d42f67a00e8a9cce80da150791e71920d59b8,Source
Single storey streetscapes that exist within the precinct are to be maintained.,495b60460ce05c9312cbc388d35d42f67a00e8a9cce80da150791e71920d59b8,Source
"Groups or runs of buildings which retain their original form, including roof forms, original detailing and finishes, are to be protected.",495b60460ce05c9312cbc388d35d42f67a00e8a9cce80da150791e71920d59b8,Source
original form,495b60460ce05c9312cbc388d35d42f67a00e8a9cce80da150791e71920d59b8,Source
"Significant streetscape s and/or public domain elements within the precinct, including landscaping, fencing, open space, sandstone kerbing and guttering, views and vistas and prevailing subdivision patterns, are to be protected.",495b60460ce05c9312cbc388d35d42f67a00e8a9cce80da150791e71920d59b8,Source
The predominantly low density residential character of the precinct is to be preserved.,495b60460ce05c9312cbc388d35d42f67a00e8a9cce80da150791e71920d59b8,Source
predominantly low density residential character,495b60460ce05c9312cbc388d35d42f67a00e8a9cce80da150791e71920d59b8,Source
original detailing and finishes,6b6848507594ba775f158fdea0a868fffa581ed43d6efbbc97050482441d22b5,Source
streetscape s and/or public domain elements,6b6848507594ba775f158fdea0a868fffa581ed43d6efbbc97050482441d22b5,Source
medium/high density residential character,6b6848507594ba775f158fdea0a868fffa581ed43d6efbbc97050482441d22b5,Source
low density residential dwellings,6b6848507594ba775f158fdea0a868fffa581ed43d6efbbc97050482441d22b5,Source
pockets,6b6848507594ba775f158fdea0a868fffa581ed43d6efbbc97050482441d22b5,Source
local fauna,6b6848507594ba775f158fdea0a868fffa581ed43d6efbbc97050482441d22b5,Source
built environment,6b6848507594ba775f158fdea0a868fffa581ed43d6efbbc97050482441d22b5,Source
native vegetation buffer,6b6848507594ba775f158fdea0a868fffa581ed43d6efbbc97050482441d22b5,Source
To protect and preserve the identified period buildings within the precinct.,6b6848507594ba775f158fdea0a868fffa581ed43d6efbbc97050482441d22b5,Source
To encourage their sympathetic alteration or restoration.,6b6848507594ba775f158fdea0a868fffa581ed43d6efbbc97050482441d22b5,Source
To preserve the predominantly medium/high density residential character of the precinct whilst protecting pockets of low density residential dwellings.,6b6848507594ba775f158fdea0a868fffa581ed43d6efbbc97050482441d22b5,Source
"To ensure that new development respect s local fauna by minimising lighting impacts on nocturnal fauna, reinforcing the permeability of the GreenWay Corridor to the surrounding built environment for local fauna, and providing a minimum 3 metre native vegetation buffer between the GreenWay Corridor and any new development.",6b6848507594ba775f158fdea0a868fffa581ed43d6efbbc97050482441d22b5,Source
sandstone kerbing and guttering,6b6848507594ba775f158fdea0a868fffa581ed43d6efbbc97050482441d22b5,Source
"To ensure that new development respects local fauna by minimising lighting impacts on nocturnal fauna, reinforcing the permeability of the GreenWay Corridor to the surrounding built environment for local fauna, and providing a minimum 3 metre native vegetation buffer between the GreenWay Corridor and any new development.",6b6848507594ba775f158fdea0a868fffa581ed43d6efbbc97050482441d22b5,Source
nocturnal fauna,6b6848507594ba775f158fdea0a868fffa581ed43d6efbbc97050482441d22b5,Source
South Dulwich Hill Heritage Conservation Area,04c922bf3e1f9c028e47c0cbda5dab9eab5a87ef2e909b6ab891ce09d9a722b3,Source
potential impacts to biodiversity,04c922bf3e1f9c028e47c0cbda5dab9eab5a87ef2e909b6ab891ce09d9a722b3,Source
The precinct contains part of the South Dulwich Hill Heritage Conservation Area.,04c922bf3e1f9c028e47c0cbda5dab9eab5a87ef2e909b6ab891ce09d9a722b3,Source
To protect the identified values of the South Dulwich Hill Heritage Conservation Area.,04c922bf3e1f9c028e47c0cbda5dab9eab5a87ef2e909b6ab891ce09d9a722b3,Source
residential character,04c922bf3e1f9c028e47c0cbda5dab9eab5a87ef2e909b6ab891ce09d9a722b3,Source
identified values,04c922bf3e1f9c028e47c0cbda5dab9eab5a87ef2e909b6ab891ce09d9a722b3,Source
distinctly single storey,14bbd3d1b9e08e72e5f52a8026b592938b907218216692aa3d9495066148f150,Source
predominantly low to medium density residential,14bbd3d1b9e08e72e5f52a8026b592938b907218216692aa3d9495066148f150,Source
car parking,14bbd3d1b9e08e72e5f52a8026b592938b907218216692aa3d9495066148f150,Source
Inter-War Group Heritage Conservation Area,14bbd3d1b9e08e72e5f52a8026b592938b907218216692aa3d9495066148f150,Source
identified heritage items,14bbd3d1b9e08e72e5f52a8026b592938b907218216692aa3d9495066148f150,Source
To preserve the predominantly low to medium density residential character of the precinct.,14bbd3d1b9e08e72e5f52a8026b592938b907218216692aa3d9495066148f150,Source
To protect the identified values of the Inter-War Group Heritage Conservation Area.,14bbd3d1b9e08e72e5f52a8026b592938b907218216692aa3d9495066148f150,Source
Refer to Part 8 (Heritage) of this DCP for detailed controls and guidelines.,14bbd3d1b9e08e72e5f52a8026b592938b907218216692aa3d9495066148f150,Source
values,14bbd3d1b9e08e72e5f52a8026b592938b907218216692aa3d9495066148f150,Source
Part 8 (Heritage),14bbd3d1b9e08e72e5f52a8026b592938b907218216692aa3d9495066148f150,Source
Petersham North Heritage Conservation Area,97d3b81808fd4b46397ed71370663fcdeb310c26c1ef566169ec0733d1895fb7,Source
Railway Street (Petersham) Heritage Conservation Area,97d3b81808fd4b46397ed71370663fcdeb310c26c1ef566169ec0733d1895fb7,Source
Hordern Avenue Heritage Conservation Area,97d3b81808fd4b46397ed71370663fcdeb310c26c1ef566169ec0733d1895fb7,Source
Areas within the precinct,97d3b81808fd4b46397ed71370663fcdeb310c26c1ef566169ec0733d1895fb7,Source
native fauna (including Threatened Species and Endangered Populations),97d3b81808fd4b46397ed71370663fcdeb310c26c1ef566169ec0733d1895fb7,Source
biodiversity including native fauna (including Threatened Species and Endangered Populations),97d3b81808fd4b46397ed71370663fcdeb310c26c1ef566169ec0733d1895fb7,Source
native vegetation (including Endangered Ecological Communities),97d3b81808fd4b46397ed71370663fcdeb310c26c1ef566169ec0733d1895fb7,Source
"habitat elements (including their condition, structure, function, connectivity and disturbance)",97d3b81808fd4b46397ed71370663fcdeb310c26c1ef566169ec0733d1895fb7,Source
period buildings within the precinct,97d3b81808fd4b46397ed71370663fcdeb310c26c1ef566169ec0733d1895fb7,Source
identified,97d3b81808fd4b46397ed71370663fcdeb310c26c1ef566169ec0733d1895fb7,Source
distinctly single storey streetscapes within the precinct,97d3b81808fd4b46397ed71370663fcdeb310c26c1ef566169ec0733d1895fb7,Source
significant streetscapes and/or public domain elements,97d3b81808fd4b46397ed71370663fcdeb310c26c1ef566169ec0733d1895fb7,Source
"The precinct contains three Heritage Conservation Areas being the Petersham North Heritage Conservation Area, Railway Street (Petersham) Heritage Conservation Area and the Hordern Avenue Heritage Conservation Area.",97d3b81808fd4b46397ed71370663fcdeb310c26c1ef566169ec0733d1895fb7,Source
Areas within the precinct have been identified as having high biodiversity.,97d3b81808fd4b46397ed71370663fcdeb310c26c1ef566169ec0733d1895fb7,Source
"It is essential that development within those areas considers the potential impacts to biodiversity including native fauna (including Threatened Species and Endangered Populations), native vegetation (including Endangered Ecological Communities), and habitat elements (including their condition, structure, function, connectivity and disturbance).",97d3b81808fd4b46397ed71370663fcdeb310c26c1ef566169ec0733d1895fb7,Source
The precinct contains three Heritage Conservation Areas,97d3b81808fd4b46397ed71370663fcdeb310c26c1ef566169ec0733d1895fb7,Source
Areas within the precinct have been identified as having high biodiversity,97d3b81808fd4b46397ed71370663fcdeb310c26c1ef566169ec0733d1895fb7,Source
areas within the precinct,97d3b81808fd4b46397ed71370663fcdeb310c26c1ef566169ec0733d1895fb7,Source
Development within those areas considers the potential impacts to biodiversity,97d3b81808fd4b46397ed71370663fcdeb310c26c1ef566169ec0733d1895fb7,Source
To protect groups or runs of buildings which retain their original built form,97d3b81808fd4b46397ed71370663fcdeb310c26c1ef566169ec0733d1895fb7,Source
Marrickville Town Centre North,bbc166761b3964ff08f8e690ff62d0981cc5e0f29feb03479c4b7e15a33d7d45,Source
their original built form,bbc166761b3964ff08f8e690ff62d0981cc5e0f29feb03479c4b7e15a33d7d45,Source
streaksapes and/or public domain elements,bbc166761b3964ff08f8e690ff62d0981cc5e0f29feb03479c4b7e15a33d7d45,Source
public domain quality,bbc166761b3964ff08f8e690ff62d0981cc5e0f29feb03479c4b7e15a33d7d45,Source
"pedestrian and cyclist access, activity and amenity",bbc166761b3964ff08f8e690ff62d0981cc5e0f29feb03479c4b7e15a33d7d45,Source
the amenity of the precinct,bbc166761b3964ff08f8e690ff62d0981cc5e0f29feb03479c4b7e15a33d7d45,Source
To encourage their sympathetic alteration or restoration,bbc166761b3964ff08f8e690ff62d0981cc5e0f29feb03479c4b7e15a33d7d45,Source
"To support pedestrian and cyclist access, activity and amenity including maintaining and enhancing the public domain quality",bbc166761b3964ff08f8e690ff62d0981cc5e0f29feb03479c4b7e15a33d7d45,Source
distinctly single storey streetscapes,bbc166761b3964ff08f8e690ff62d0981cc5e0f29feb03479c4b7e15a33d7d45,Source
views and vistas,bbc166761b3964ff08f8e690ff62d0981cc5e0f29feb03479c4b7e15a33d7d45,Source
"To support pedestrian and cyclist access, activity and amenity including maintaining and enhancing the public domain quality.",bbc166761b3964ff08f8e690ff62d0981cc5e0f29feb03479c4b7e15a33d7d45,Source
pedestrian and cyclist access,bbc166761b3964ff08f8e690ff62d0981cc5e0f29feb03479c4b7e15a33d7d45,Source
activity,bbc166761b3964ff08f8e690ff62d0981cc5e0f29feb03479c4b7e15a33d7d45,Source
David Street Heritage Conservation Area,31af617e6298698d55d3fbcd73a8db9726e50866cb925ae3d54ca6b68b7f5d30,Source
"To protect the identified values of the David Street Heritage Conservation Area, the Inter War Group Heritage Conservation Area and the South Dulwich Hill Heritage Conservation Area.",31af617e6298698d55d3fbcd73a8db9726e50866cb925ae3d54ca6b68b7f5d30,Source
Inter War Group Heritage Conservation Area,31af617e6298698d55d3fbcd73a8db9726e50866cb925ae3d54ca6b68b7f5d30,Source
strectsapes,a82e26c9eac923026c9bc0ee97290bfb828400f0f5bf8893a2594b5c93d2756e,Source
design,a82e26c9eac923026c9bc0ee97290bfb828400f0f5bf8893a2594b5c93d2756e,Source
To maintain distinctly single storey streetscapes that exists within the precinct.,a82e26c9eac923026c9bc0ee97290bfb828400f0f5bf8893a2594b5c93d2756e,Source
To protect and enhance the identified period buildings within the precinct and encourage their sympathetic alteration or restoration.,a82e26c9eac923026c9bc0ee97290bfb828400f0f5bf8893a2594b5c93d2756e,Source
To ensure that higher density development demonstrates good urban design and environmental sustainability and provides suitable amenity for occupants of those developments,a82e26c9eac923026c9bc0ee97290bfb828400f0f5bf8893a2594b5c93d2756e,Source
To ensure the design of higher density development protects the residential amenity of adjoining and surrounding properties.,a82e26c9eac923026c9bc0ee97290bfb828400f0f5bf8893a2594b5c93d2756e,Source
the identified values,a82e26c9eac923026c9bc0ee97290bfb828400f0f5bf8893a2594b5c93d2756e,Source
the identified period buildings,a82e26c9eac923026c9bc0ee97290bfb828400f0f5bf8893a2594b5c93d2756e,Source
To ensure that higher density development demonstrates good urban design and environmental sustainability and provides suitable amenity for occupants of those developments .,a82e26c9eac923026c9bc0ee97290bfb828400f0f5bf8893a2594b5c93d2756e,Source
higher density development,a82e26c9eac923026c9bc0ee97290bfb828400f0f5bf8893a2594b5c93d2756e,Source
To ensure the design of higher density development protects the residential amenity of adjoining and surrounding properties .,a82e26c9eac923026c9bc0ee97290bfb828400f0f5bf8893a2594b5c93d2756e,Source
adjoining and surrounding properties,a82e26c9eac923026c9bc0ee97290bfb828400f0f5bf8893a2594b5c93d2756e,Source
Marrickville Station West Precinct,c4eb13318298050435fa5cf10109ad455edeba38bfcef04d64e3f42bd0e6baf3,Source
Civic Precinct Heritage Conservation Area,c4eb13318298050435fa5cf10109ad455edeba38bfcef04d64e3f42bd0e6baf3,Source
"Moncur, Church, Greenbank, Warburton and Fletcher Streets",c4eb13318298050435fa5cf10109ad455edeba38bfcef04d64e3f42bd0e6baf3,Source
single storey streetscape,c4eb13318298050435fa5cf10109ad455edeba38bfcef04d64e3f42bd0e6baf3,Source
land shaded in Figure (23.1a),c4eb13318298050435fa5cf10109ad455edeba38bfcef04d64e3f42bd0e6baf3,Source
amalgamation pattern,c4eb13318298050435fa5cf10109ad455edeba38bfcef04d64e3f42bd0e6baf3,Source
allotments,c4eb13318298050435fa5cf10109ad455edeba38bfcef04d64e3f42bd0e6baf3,Source
isolated sites,c4eb13318298050435fa5cf10109ad455edeba38bfcef04d64e3f42bd0e6baf3,Source
proposed buildings on the land shaded in Figure (23.1a),c4eb13318298050435fa5cf10109ad455edeba38bfcef04d64e3f42bd0e6baf3,Source
control diagram(s),c4eb13318298050435fa5cf10109ad455edeba38bfcef04d64e3f42bd0e6baf3,Source
To protect the identified values of the Civic Precinct Heritage Conservation Area.,c4eb13318298050435fa5cf10109ad455edeba38bfcef04d64e3f42bd0e6baf3,Source
To maintain distinctly single storey streetscapes within the precinct.,c4eb13318298050435fa5cf10109ad455edeba38bfcef04d64e3f42bd0e6baf3,Source
"A perceived single storey streetscape must be maintained on Moncur, Church, Greenbank, Warburton and Fletcher Streets.",c4eb13318298050435fa5cf10109ad455edeba38bfcef04d64e3f42bd0e6baf3,Source
The redevelopment of the land shaded in Figure (23.1a) must wherever possible conform to the amalgamation pattern in the control diagram in Figure (23.1b).,c4eb13318298050435fa5cf10109ad455edeba38bfcef04d64e3f42bd0e6baf3,Source
Amalgamation of allotments must not result in any adjoining sites being isolated to the extent that it is not possible for development to occur in accordance with the urban design vision for the Masterplan Area.,c4eb13318298050435fa5cf10109ad455edeba38bfcef04d64e3f42bd0e6baf3,Source
The height of proposed buildings on the land shaded in Figure (23.1a) must conform to the control diagram(s) in Figures (23.1b) and (23.1c).,c4eb13318298050435fa5cf10109ad455edeba38bfcef04d64e3f42bd0e6baf3,Source
Moncur Street,c4eb13318298050435fa5cf10109ad455edeba38bfcef04d64e3f42bd0e6baf3,Source
Church Street,c4eb13318298050435fa5cf10109ad455edeba38bfcef04d64e3f42bd0e6baf3,Source
Greenbank Street,c4eb13318298050435fa5cf10109ad455edeba38bfcef04d64e3f42bd0e6baf3,Source
Warburton Street,c4eb13318298050435fa5cf10109ad455edeba38bfcef04d64e3f42bd0e6baf3,Source
Fletcher Street,c4eb13318298050435fa5cf10109ad455edeba38bfcef04d64e3f42bd0e6baf3,Source
land shaded in Figure 23.1a,c4eb13318298050435fa5cf10109ad455edeba38bfcef04d64e3f42bd0e6baf3,Source
control diagram in Figure 23.1b,c4eb13318298050435fa5cf10109ad455edeba38bfcef04d64e3f42bd0e6baf3,Source
urban design vision,c4eb13318298050435fa5cf10109ad455edeba38bfcef04d64e3f42bd0e6baf3,Source
Masterplan Area,c4eb13318298050435fa5cf10109ad455edeba38bfcef04d64e3f42bd0e6baf3,Source
proposed buildings,c4eb13318298050435fa5cf10109ad455edeba38bfcef04d64e3f42bd0e6baf3,Source
control diagram in Figure 23.1c,c4eb13318298050435fa5cf10109ad455edeba38bfcef04d64e3f42bd0e6baf3,Source
Marrickville Town Centre South,d92f7d5fcffc0c7eff7a70460574b8100400c7b6f08cd3b8937b3c81bc77592d,Source
Goodsell Estate Heritage Conservation Area,10cfb4f0a076f78e811b33c91d80b85063f0df2f8a000d0b36d5a9188d0a10f0,Source
"Lackey Street & Simpson Park, St Peters Heritage Conservation Area",10cfb4f0a076f78e811b33c91d80b85063f0df2f8a000d0b36d5a9188d0a10f0,Source
Princes Highway,10cfb4f0a076f78e811b33c91d80b85063f0df2f8a000d0b36d5a9188d0a10f0,Source
May Street and Campbell Street,10cfb4f0a076f78e811b33c91d80b85063f0df2f8a000d0b36d5a9188d0a10f0,Source
"This precinct contains the Goodsell Estate Heritage Conservation Area and Lackey Street & Simpson Park, St Peters Heritage Conservation Area.",10cfb4f0a076f78e811b33c91d80b85063f0df2f8a000d0b36d5a9188d0a10f0,Source
To protect the identified values of the Goodsell Estate Heritage Conservation Area .,10cfb4f0a076f78e811b33c91d80b85063f0df2f8a000d0b36d5a9188d0a10f0,Source
Clause 9.25.2 - heritage (heritage): To protect the identified values of the Goodsell Estate Heritage Conservation Area .,10cfb4f0a076f78e811b33c91d80b85063f0df2f8a000d0b36d5a9188d0a10f0,Source
"To provide building heights to fit the context with restricted heights on narrower streets and laneways and taller buildings along the Princes Highway, May Street and Campbell Street.",10cfb4f0a076f78e811b33c91d80b85063f0df2f8a000d0b36d5a9188d0a10f0,Source
May Street,10cfb4f0a076f78e811b33c91d80b85063f0df2f8a000d0b36d5a9188d0a10f0,Source
Campbell Street,10cfb4f0a076f78e811b33c91d80b85063f0df2f8a000d0b36d5a9188d0a10f0,Source
floor space ratio controls,29d0a7d1ad76ae2ed0cf16d6a8f6a465b4b7970655f0f6ec29e8feae6af0a612,Source
controls in Figure 26.1,29d0a7d1ad76ae2ed0cf16d6a8f6a465b4b7970655f0f6ec29e8feae6af0a612,Source
Five storey buildings,29d0a7d1ad76ae2ed0cf16d6a8f6a465b4b7970655f0f6ec29e8feae6af0a612,Source
fifth level and roof,29d0a7d1ad76ae2ed0cf16d6a8f6a465b4b7970655f0f6ec29e8feae6af0a612,Source
Upper level setbacks,29d0a7d1ad76ae2ed0cf16d6a8f6a465b4b7970655f0f6ec29e8feae6af0a612,Source
desired scale of buildings on the street,29d0a7d1ad76ae2ed0cf16d6a8f6a465b4b7970655f0f6ec29e8feae6af0a612,Source
larger scale building,29d0a7d1ad76ae2ed0cf16d6a8f6a465b4b7970655f0f6ec29e8feae6af0a612,Source
acute corner and northern gateway to the precinct,29d0a7d1ad76ae2ed0cf16d6a8f6a465b4b7970655f0f6ec29e8feae6af0a612,Source
scale and function of existing residential buildings on Crown Street,29d0a7d1ad76ae2ed0cf16d6a8f6a465b4b7970655f0f6ec29e8feae6af0a612,Source
taller development,29d0a7d1ad76ae2ed0cf16d6a8f6a465b4b7970655f0f6ec29e8feae6af0a612,Source
lower scaled buildings,29d0a7d1ad76ae2ed0cf16d6a8f6a465b4b7970655f0f6ec29e8feae6af0a612,Source
The heights of proposed buildings must conform to the controls in Figure 26.1.,29d0a7d1ad76ae2ed0cf16d6a8f6a465b4b7970655f0f6ec29e8feae6af0a612,Source
The following maximum height limits relate to the building heights (in metres) and floor space ratio controls set in MLEP 2011.,29d0a7d1ad76ae2ed0cf16d6a8f6a465b4b7970655f0f6ec29e8feae6af0a612,Source
"Five storey buildings fronting the Princes Highway are to have the fifth level and roof (including any open pergolas) set back from the external wall of the floor below by a distance of 3 metres, measured from the building alignment facing the Princes Highway.",29d0a7d1ad76ae2ed0cf16d6a8f6a465b4b7970655f0f6ec29e8feae6af0a612,Source
However the design of new development must respect other buildings for retention.,29d0a7d1ad76ae2ed0cf16d6a8f6a465b4b7970655f0f6ec29e8feae6af0a612,Source
Opportunities for greater building height exist along the Princes Highway,29d0a7d1ad76ae2ed0cf16d6a8f6a465b4b7970655f0f6ec29e8feae6af0a612,Source
Upper level setbacks are to reinforce the desired scale of the buildings on the street.,29d0a7d1ad76ae2ed0cf16d6a8f6a465b4b7970655f0f6ec29e8feae6af0a612,Source
A larger scale building at the corner of the Princes Highway and Barwon Park Road will help define this acute corner and will signify the northern gateway to the precinct.,29d0a7d1ad76ae2ed0cf16d6a8f6a465b4b7970655f0f6ec29e8feae6af0a612,Source
New development on the Princes Highway should respond in part to the scale and function of existing residential buildings on Crown Street.,29d0a7d1ad76ae2ed0cf16d6a8f6a465b4b7970655f0f6ec29e8feae6af0a612,Source
The transition between taller development and adjacent lower scaled buildings must be done with development of an intermediate scale.,29d0a7d1ad76ae2ed0cf16d6a8f6a465b4b7970655f0f6ec29e8feae6af0a612,Source
The maximum height limits relate to the building heights (in metres) and floor space ratio controls set in MLEP 2011.,29d0a7d1ad76ae2ed0cf16d6a8f6a465b4b7970655f0f6ec29e8feae6af0a612,Source
Figure 26.1,29d0a7d1ad76ae2ed0cf16d6a8f6a465b4b7970655f0f6ec29e8feae6af0a612,Source
five storey buildings,29d0a7d1ad76ae2ed0cf16d6a8f6a465b4b7970655f0f6ec29e8feae6af0a612,Source
building alignment,29d0a7d1ad76ae2ed0cf16d6a8f6a465b4b7970655f0f6ec29e8feae6af0a612,Source
"Opportunities for greater building height exist along the Princes Highway, however the design of new development must respect other buildings for retention.",29d0a7d1ad76ae2ed0cf16d6a8f6a465b4b7970655f0f6ec29e8feae6af0a612,Source
other buildings,29d0a7d1ad76ae2ed0cf16d6a8f6a465b4b7970655f0f6ec29e8feae6af0a612,Source
upper level setbacks,29d0a7d1ad76ae2ed0cf16d6a8f6a465b4b7970655f0f6ec29e8feae6af0a612,Source
buildings on the street,29d0a7d1ad76ae2ed0cf16d6a8f6a465b4b7970655f0f6ec29e8feae6af0a612,Source
Barwon Park Road,29d0a7d1ad76ae2ed0cf16d6a8f6a465b4b7970655f0f6ec29e8feae6af0a612,Source
existing residential buildings,29d0a7d1ad76ae2ed0cf16d6a8f6a465b4b7970655f0f6ec29e8feae6af0a612,Source
Crown Street,29d0a7d1ad76ae2ed0cf16d6a8f6a465b4b7970655f0f6ec29e8feae6af0a612,Source
adjacent lower scaled buildings,29d0a7d1ad76ae2ed0cf16d6a8f6a465b4b7970655f0f6ec29e8feae6af0a612,Source
intermediate scale,29d0a7d1ad76ae2ed0cf16d6a8f6a465b4b7970655f0f6ec29e8feae6af0a612,Source
SP2 Infrastructure,2a9685a95232082432115726fda1f03ec4c6059241afb9054ed7be706f6c82f6,Source
preserve,2a9685a95232082432115726fda1f03ec4c6059241afb9054ed7be706f6c82f6,Source
alteration,2a9685a95232082432115726fda1f03ec4c6059241afb9054ed7be706f6c82f6,Source
The entire precinct is reserved SP2 Infrastructure (Classified Road).,2a9685a95232082432115726fda1f03ec4c6059241afb9054ed7be706f6c82f6,Source
Residential lots either contain a small setback or no setback from the road.,2a9685a95232082432115726fda1f03ec4c6059241afb9054ed7be706f6c82f6,Source
There are no Heritage Conservation Areas contained within the precinct.,2a9685a95232082432115726fda1f03ec4c6059241afb9054ed7be706f6c82f6,Source
To maintain single storey streetscapes that existing within the precinct.,2a9685a95232082432115726fda1f03ec4c6059241afb9054ed7be706f6c82f6,Source
residential lots,2a9685a95232082432115726fda1f03ec4c6059241afb9054ed7be706f6c82f6,Source
open space areas,04141f9f7fabb7738abac54b323cb3cc8feb07c94355a394580864ae016f1777,Source
natural foreshore processes,04141f9f7fabb7738abac54b323cb3cc8feb07c94355a394580864ae016f1777,Source
low and medium density residential character,04141f9f7fabb7738abac54b323cb3cc8feb07c94355a394580864ae016f1777,Source
"To protect groups or runs of building which retain their original built form including roof forms, original detailing and finishes.",04141f9f7fabb7738abac54b323cb3cc8feb07c94355a394580864ae016f1777,Source
Retain existing views and vistas to open space areas adjacent to the Cooks River and maintain public access to those areas.,04141f9f7fabb7738abac54b323cb3cc8feb07c94355a394580864ae016f1777,Source
To ensure that new development in the foreshore area will not impact on natural foreshore processes or affect the significance and amenity of the area.,04141f9f7fabb7738abac54b323cb3cc8feb07c94355a394580864ae016f1777,Source
To preserve the predominantly low and medium density residential character of the precinct.,04141f9f7fabb7738abac54b323cb3cc8feb07c94355a394580864ae016f1777,Source
groups or runs of building,04141f9f7fabb7738abac54b323cb3cc8feb07c94355a394580864ae016f1777,Source
existing views and vistas,04141f9f7fabb7738abac54b323cb3cc8feb07c94355a394580864ae016f1777,Source
Cooks River,04141f9f7fabb7738abac54b323cb3cc8feb07c94355a394580864ae016f1777,Source
public access,04141f9f7fabb7738abac54b323cb3cc8feb07c94355a394580864ae016f1777,Source
significance,04141f9f7fabb7738abac54b323cb3cc8feb07c94355a394580864ae016f1777,Source
predominantly low and medium density residential character,04141f9f7fabb7738abac54b323cb3cc8feb07c94355a394580864ae016f1777,Source
dwelling houses,d97f04a9835c5cbf0f28b9f4ecdf75674a4abd5f61e0c1a205085c12eec98930,Source
The precinct is a predominantly medium to high density residential area interspersed with collections of dwelling houses.,d97f04a9835c5cbf0f28b9f4ecdf75674a4abd5f61e0c1a205085c12eec98930,Source
it does not contain any dedicated commercial centres.,d97f04a9835c5cbf0f28b9f4ecdf75674a4abd5f61e0c1a205085c12eec98930,Source
Areas within parts of the precinct have been identified as having high biodiversity values within the LGA.,d97f04a9835c5cbf0f28b9f4ecdf75674a4abd5f61e0c1a205085c12eec98930,Source
the development within those areas considers the potential impacts to biodiversity.,d97f04a9835c5cbf0f28b9f4ecdf75674a4abd5f61e0c1a205085c12eec98930,Source
there is no need to protect and preserve any identified period buildings.,d97f04a9835c5cbf0f28b9f4ecdf75674a4abd5f61e0c1a205085c12eec98930,Source
these buildings have historical significance.,d97f04a9835c5cbf0f28b9f4ecdf75674a4abd5f61e0c1a205085c12eec98930,Source
it is essential that development within those areas considers the potential impacts to biodiversity.,d97f04a9835c5cbf0f28b9f4ecdf75674a4abd5f61e0c1a205085c12eec98930,Source
medium to high density residential area,d97f04a9835c5cbf0f28b9f4ecdf75674a4abd5f61e0c1a205085c12eec98930,Source
collections of dwelling houses,d97f04a9835c5cbf0f28b9f4ecdf75674a4abd5f61e0c1a205085c12eec98930,Source
parts of the precinct,d97f04a9835c5cbf0f28b9f4ecdf75674a4abd5f61e0c1a205085c12eec98930,Source
LGA,d97f04a9835c5cbf0f28b9f4ecdf75674a4abd5f61e0c1a205085c12eec98930,Source
Threatened Species,d97f04a9835c5cbf0f28b9f4ecdf75674a4abd5f61e0c1a205085c12eec98930,Source
Endangered Populations,d97f04a9835c5cbf0f28b9f4ecdf75674a4abd5f61e0c1a205085c12eec98930,Source
streescapes,2f4c82e45d81758f4acf9f2d21ebbc1674e73e2617d01baaee24573ba99f2f8c,Source
"landscaping, fencing, open space",2f4c82e45d81758f4acf9f2d21ebbc1674e73e2617d01baaee24573ba99f2f8c,Source
"Annandale Farm Heritage Conservation Area, Kingston West Heritage Conservation Area, Cardigan Street Heritage Conservation Area",2f4c82e45d81758f4acf9f2d21ebbc1674e73e2617d01baaee24573ba99f2f8c,Source
To protect the identified period buildings within the precinct.,2f4c82e45d81758f4acf9f2d21ebbc1674e73e2617d01baaee24573ba99f2f8c,Source
groups,2f4c82e45d81758f4acf9f2d21ebbc1674e73e2617d01baaee24573ba99f2f8c,Source
runs of buildings,2f4c82e45d81758f4acf9f2d21ebbc1674e73e2617d01baaee24573ba99f2f8c,Source
"To protect the identified values of the Annandale Farm Heritage Conservation Area, the Kingston West Heritage Conservation Area and the Cardigan Street Heritage Conservation Area .",2f4c82e45d81758f4acf9f2d21ebbc1674e73e2617d01baaee24573ba99f2f8c,Source
Annandale Farm Heritage Conservation Area,2f4c82e45d81758f4acf9f2d21ebbc1674e73e2617d01baaee24573ba99f2f8c,Source
Kingston West Heritage Conservation Area,2f4c82e45d81758f4acf9f2d21ebbc1674e73e2617d01baaee24573ba99f2f8c,Source
Cardigan Street Heritage Conservation Area,2f4c82e45d81758f4acf9f2d21ebbc1674e73e2617d01baaee24573ba99f2f8c,Source
Precinct,a7378b2d0acf7b37fd50ed75ca4eceb64faf776e50946b15e80e025eb9b17697,Source
Richardsons Lookout,a7378b2d0acf7b37fd50ed75ca4eceb64faf776e50946b15e80e025eb9b17697,Source
Ferncourt Public School,a7378b2d0acf7b37fd50ed75ca4eceb64faf776e50946b15e80e025eb9b17697,Source
Cooks River Sewerage Aqueduct,a7378b2d0acf7b37fd50ed75ca4eceb64faf776e50946b15e80e025eb9b17697,Source
State Heritage Register,a7378b2d0acf7b37fd50ed75ca4eceb64faf776e50946b15e80e025eb9b17697,Source
Sewer Ventilation Stack,a7378b2d0acf7b37fd50ed75ca4eceb64faf776e50946b15e80e025eb9b17697,Source
Premier Street,a7378b2d0acf7b37fd50ed75ca4eceb64faf776e50946b15e80e025eb9b17697,Source
Divided roads,a7378b2d0acf7b37fd50ed75ca4eceb64faf776e50946b15e80e025eb9b17697,Source
Retaining walls,a7378b2d0acf7b37fd50ed75ca4eceb64faf776e50946b15e80e025eb9b17697,Source
Kerbs and guttering,a7378b2d0acf7b37fd50ed75ca4eceb64faf776e50946b15e80e025eb9b17697,Source
Substantial rock faced stone walling,a7378b2d0acf7b37fd50ed75ca4eceb64faf776e50946b15e80e025eb9b17697,Source
area's quarrying history,a7378b2d0acf7b37fd50ed75ca4eceb64faf776e50946b15e80e025eb9b17697,Source
Low density residential character,a7378b2d0acf7b37fd50ed75ca4eceb64faf776e50946b15e80e025eb9b17697,Source
predominantly,a7378b2d0acf7b37fd50ed75ca4eceb64faf776e50946b15e80e025eb9b17697,Source
Residential flat complex,a7378b2d0acf7b37fd50ed75ca4eceb64faf776e50946b15e80e025eb9b17697,Source
106 dwellings,a7378b2d0acf7b37fd50ed75ca4eceb64faf776e50946b15e80e025eb9b17697,Source
Remnant sandstone elements,a7378b2d0acf7b37fd50ed75ca4eceb64faf776e50946b15e80e025eb9b17697,Source
New developments,a7378b2d0acf7b37fd50ed75ca4eceb64faf776e50946b15e80e025eb9b17697,Source
Building modifications,a7378b2d0acf7b37fd50ed75ca4eceb64faf776e50946b15e80e025eb9b17697,Source
Heritage values,a7378b2d0acf7b37fd50ed75ca4eceb64faf776e50946b15e80e025eb9b17697,Source
Timber cottages,a7378b2d0acf7b37fd50ed75ca4eceb64faf776e50946b15e80e025eb9b17697,Source
The precinct contains a number of heritage items including ‘Richardsons Lookout’ and ‘Ferncourt Public School’.,a7378b2d0acf7b37fd50ed75ca4eceb64faf776e50946b15e80e025eb9b17697,Source
"Other heritage items within the precinct include the Cooks River Sewerage Aqueduct (listed on the State Heritage Register),",a7378b2d0acf7b37fd50ed75ca4eceb64faf776e50946b15e80e025eb9b17697,Source
"The precinct’s public domain is characterised by the consistent use of sandstone, particularly relating to road infrastructure such as divided roads, retaining walls and kerbs and guttering.",a7378b2d0acf7b37fd50ed75ca4eceb64faf776e50946b15e80e025eb9b17697,Source
It is also used in private properties predominantly as a fencing/retaining wall material.,a7378b2d0acf7b37fd50ed75ca4eceb64faf776e50946b15e80e025eb9b17697,Source
The historical use of sandstone is highly significant and should be retained and maintained.,a7378b2d0acf7b37fd50ed75ca4eceb64faf776e50946b15e80e025eb9b17697,Source
The substantial rock faced stone walling located in many streets within the precinct are heritage listed and provide a direct link to the area’s quarrying history.,a7378b2d0acf7b37fd50ed75ca4eceb64faf776e50946b15e80e025eb9b17697,Source
It is considered appropriate to retain the predominantly low density residential character of the precinct.,a7378b2d0acf7b37fd50ed75ca4eceb64faf776e50946b15e80e025eb9b17697,Source
The majority of the land contains a residential flat complex containing 106 dwellings with basement car parking for 140 vehicles.,a7378b2d0acf7b37fd50ed75ca4eceb64faf776e50946b15e80e025eb9b17697,Source
Many of the building modifications which have occurred to date are unsympathetic with their heritage values.,a7378b2d0acf7b37fd50ed75ca4eceb64faf776e50946b15e80e025eb9b17697,Source
Reversal of unsympathetic alterations and modifications is encouraged.,a7378b2d0acf7b37fd50ed75ca4eceb64faf776e50946b15e80e025eb9b17697,Source
"Thornley Street has been identified as a scenic protection area for its unique environmental features and landscape, cultural and scenic qualities including lookouts, rocky outcrops, cliff faces, remnant bushlands, steep slopes, natural watercourses and escarpments (as outlined in MDC",a7378b2d0acf7b37fd50ed75ca4eceb64faf776e50946b15e80e025eb9b17697,Source
"It is essential that all remnant sandstone elements including retaining walls, sandstone cutting, divided roads and kerb and guttering be retained.",a7378b2d0acf7b37fd50ed75ca4eceb64faf776e50946b15e80e025eb9b17697,Source
The precinct contains a number of heritage items including 'Richardsons Lookout' and 'Ferncourt Public School'.,a7378b2d0acf7b37fd50ed75ca4eceb64faf776e50946b15e80e025eb9b17697,Source
"Other heritage items within the precinct include the Cooks River Sewerage Aqueduct (listed on the State Heritage Register), Sewer Ventilation Stack located along Premier Street and several good examples of intact Federation and Victorian style dwelling houses.",a7378b2d0acf7b37fd50ed75ca4eceb64faf776e50946b15e80e025eb9b17697,Source
Federation style dwelling houses,a7378b2d0acf7b37fd50ed75ca4eceb64faf776e50946b15e80e025eb9b17697,Source
Victorian style dwelling houses,a7378b2d0acf7b37fd50ed75ca4eceb64faf776e50946b15e80e025eb9b17697,Source
"The precinct's public domain is characterised by the consistent use of sandstone, particularly relating to road infrastructure such as divided roads, retaining walls and kerbs and guttering.",a7378b2d0acf7b37fd50ed75ca4eceb64faf776e50946b15e80e025eb9b17697,Source
road infrastructure,a7378b2d0acf7b37fd50ed75ca4eceb64faf776e50946b15e80e025eb9b17697,Source
divided roads,a7378b2d0acf7b37fd50ed75ca4eceb64faf776e50946b15e80e025eb9b17697,Source
retaining walls,a7378b2d0acf7b37fd50ed75ca4eceb64faf776e50946b15e80e025eb9b17697,Source
kerbs and guttering,a7378b2d0acf7b37fd50ed75ca4eceb64faf776e50946b15e80e025eb9b17697,Source
private properties,a7378b2d0acf7b37fd50ed75ca4eceb64faf776e50946b15e80e025eb9b17697,Source
fencing/retaining wall material,a7378b2d0acf7b37fd50ed75ca4eceb64faf776e50946b15e80e025eb9b17697,Source
The substantial rock faced stone walling located in many streets within the precinct are heritage listed and provide a direct link to the area's quarrying history.,a7378b2d0acf7b37fd50ed75ca4eceb64faf776e50946b15e80e025eb9b17697,Source
rock faced stone walling,a7378b2d0acf7b37fd50ed75ca4eceb64faf776e50946b15e80e025eb9b17697,Source
heritage listed,a7378b2d0acf7b37fd50ed75ca4eceb64faf776e50946b15e80e025eb9b17697,Source
quarrying history,a7378b2d0acf7b37fd50ed75ca4eceb64faf776e50946b15e80e025eb9b17697,Source
residential flat complex,a7378b2d0acf7b37fd50ed75ca4eceb64faf776e50946b15e80e025eb9b17697,Source
sandstone elements,a7378b2d0acf7b37fd50ed75ca4eceb64faf776e50946b15e80e025eb9b17697,Source
sandstone cutting,a7378b2d0acf7b37fd50ed75ca4eceb64faf776e50946b15e80e025eb9b17697,Source
kerb and guttering,a7378b2d0acf7b37fd50ed75ca4eceb64faf776e50946b15e80e025eb9b17697,Source
New developments are encouraged to utilise sandstone within their design.,a7378b2d0acf7b37fd50ed75ca4eceb64faf776e50946b15e80e025eb9b17697,Source
new developments,a7378b2d0acf7b37fd50ed75ca4eceb64faf776e50946b15e80e025eb9b17697,Source
building modifications,a7378b2d0acf7b37fd50ed75ca4eceb64faf776e50946b15e80e025eb9b17697,Source
heritage values,a7378b2d0acf7b37fd50ed75ca4eceb64faf776e50946b15e80e025eb9b17697,Source
The precinct also contains several examples of timber cottages which are considered rare for the area and should be retained.,a7378b2d0acf7b37fd50ed75ca4eceb64faf776e50946b15e80e025eb9b17697,Source
timber cottages,a7378b2d0acf7b37fd50ed75ca4eceb64faf776e50946b15e80e025eb9b17697,Source
biodiversity values,a7378b2d0acf7b37fd50ed75ca4eceb64faf776e50946b15e80e025eb9b17697,Source
"Thornley Street has been identified as a scenic protection area for its unique environmental features and landscape, cultural and scenic qualities including lookouts, rocky outcrops, cliff faces, remnant bushlands, steep slopes, natural watercourses and escarpments (as outlined in MDC)",a7378b2d0acf7b37fd50ed75ca4eceb64faf776e50946b15e80e025eb9b17697,Source
Thornley Street,a7378b2d0acf7b37fd50ed75ca4eceb64faf776e50946b15e80e025eb9b17697,Source
environmental features,89377c03b1ba871a33a95b66912269eb3561b33d7a28ad16d3c4a5cacaf2a006,Source
unique environmental features,89377c03b1ba871a33a95b66912269eb3561b33d7a28ad16d3c4a5cacaf2a006,Source
Development within this area is to take place.,89377c03b1ba871a33a95b66912269eb3561b33d7a28ad16d3c4a5cacaf2a006,Source
there are unique environmental features in this area.,89377c03b1ba871a33a95b66912269eb3561b33d7a28ad16d3c4a5cacaf2a006,Source
Management of development is to ensure that it does not adversely impact on any of its unique environmental features.,89377c03b1ba871a33a95b66912269eb3561b33d7a28ad16d3c4a5cacaf2a006,Source
development within this area is to be managed.,89377c03b1ba871a33a95b66912269eb3561b33d7a28ad16d3c4a5cacaf2a006,Source
Development within this area is to be managed,89377c03b1ba871a33a95b66912269eb3561b33d7a28ad16d3c4a5cacaf2a006,Source
this area,89377c03b1ba871a33a95b66912269eb3561b33d7a28ad16d3c4a5cacaf2a006,Source
it does not adversely impact on any of its unique environmental features,89377c03b1ba871a33a95b66912269eb3561b33d7a28ad16d3c4a5cacaf2a006,Source
public domain,67e629551d79a04b6927d4657d766ba7fd453d29991a3d3578e3c48c107ba68c,Source
provision and location of off-street car parking,67e629551d79a04b6927d4657d766ba7fd453d29991a3d3578e3c48c107ba68c,Source
the predominantly low density residential character,67e629551d79a04b6927d4657d766ba7fd453d29991a3d3578e3c48c107ba68c,Source
activity and amenity,67e629551d79a04b6927d4657d766ba7fd453d29991a3d3578e3c48c107ba68c,Source
the amenity,67e629551d79a04b6927d4657d766ba7fd453d29991a3d3578e3c48c107ba68c,Source
Wells Avenue Heritage Conservation Area,5acc40a331ac1fbeb36f822e6339b1d2081522f7a89a537a23e08c2044f5d1a0,Source
Stanley Street Heritage Conservation Area,5acc40a331ac1fbeb36f822e6339b1d2081522f7a89a537a23e08c2044f5d1a0,Source
condition,5acc40a331ac1fbeb36f822e6339b1d2081522f7a89a537a23e08c2044f5d1a0,Source
structure,5acc40a331ac1fbeb36f822e6339b1d2081522f7a89a537a23e08c2044f5d1a0,Source
function,5acc40a331ac1fbeb36f822e6339b1d2081522f7a89a537a23e08c2044f5d1a0,Source
connectivity,5acc40a331ac1fbeb36f822e6339b1d2081522f7a89a537a23e08c2044f5d1a0,Source
disturbance,5acc40a331ac1fbeb36f822e6339b1d2081522f7a89a537a23e08c2044f5d1a0,Source
The precinct contains the Wells Avenue Heritage Conservation Area and the Stanley Street Heritage Conservation Area.,5acc40a331ac1fbeb36f822e6339b1d2081522f7a89a537a23e08c2044f5d1a0,Source
"It is essential that development within those areas considers the potential impacts to biodiversity including native fauna (including Threatened Species and Endangered Populations),",5acc40a331ac1fbeb36f822e6339b1d2081522f7a89a537a23e08c2044f5d1a0,Source
"native vegetation (including Endangered Ecological Communities),",5acc40a331ac1fbeb36f822e6339b1d2081522f7a89a537a23e08c2044f5d1a0,Source
"and habitat elements (including their condition, structure, function, connectivity and disturbance).",5acc40a331ac1fbeb36f822e6339b1d2081522f7a89a537a23e08c2044f5d1a0,Source
Princes Highway operation,0081b80f4c85839532f97c95a61166b8d0482295e889e3cb3aeaa98867861f41,Source
To ensure that any new development does not negatively impact on the operation of the Princes Highway.,0081b80f4c85839532f97c95a61166b8d0482295e889e3cb3aeaa98867861f41,Source
development in the foreshore area,49621e5d31578e51152e47b7d4ec65423fbfe6c5277c0a24e8dad3ffe2576d01,Source
The precinct has been identified as having high biodiversity values.,49621e5d31578e51152e47b7d4ec65423fbfe6c5277c0a24e8dad3ffe2576d01,Source
it is essential that development with the precinct considers the potential impacts to biodiversity,49621e5d31578e51152e47b7d4ec65423fbfe6c5277c0a24e8dad3ffe2576d01,Source
To ensure that development in the foreshore area will not impact on natural foreshore processes or affect the significance and amenity of the area.,49621e5d31578e51152e47b7d4ec65423fbfe6c5277c0a24e8dad3ffe2576d01,Source
Biodiversity,49621e5d31578e51152e47b7d4ec65423fbfe6c5277c0a24e8dad3ffe2576d01,Source
"It is essential that development with the precinct considers the potential impacts to biodiversity including native fauna (including Threatened Species and Endangered Populations), native vegetation (including Endangered Ecological Communities), and habitat elements (including their condition, structure, function, connectivity and disturbance).",49621e5d31578e51152e47b7d4ec65423fbfe6c5277c0a24e8dad3ffe2576d01,Source
Native Fauna,49621e5d31578e51152e47b7d4ec65423fbfe6c5277c0a24e8dad3ffe2576d01,Source
Native Vegetation,49621e5d31578e51152e47b7d4ec65423fbfe6c5277c0a24e8dad3ffe2576d01,Source
Habitat Elements,49621e5d31578e51152e47b7d4ec65423fbfe6c5277c0a24e8dad3ffe2576d01,Source
Period Buildings,49621e5d31578e51152e47b7d4ec65423fbfe6c5277c0a24e8dad3ffe2576d01,Source
Streetscapes,49621e5d31578e51152e47b7d4ec65423fbfe6c5277c0a24e8dad3ffe2576d01,Source
Public Domain Elements,49621e5d31578e51152e47b7d4ec65423fbfe6c5277c0a24e8dad3ffe2576d01,Source
Landscaping,49621e5d31578e51152e47b7d4ec65423fbfe6c5277c0a24e8dad3ffe2576d01,Source
Fencing,49621e5d31578e51152e47b7d4ec65423fbfe6c5277c0a24e8dad3ffe2576d01,Source
Open Space,49621e5d31578e51152e47b7d4ec65423fbfe6c5277c0a24e8dad3ffe2576d01,Source
Foreshore Area,49621e5d31578e51152e47b7d4ec65423fbfe6c5277c0a24e8dad3ffe2576d01,Source
Area,49621e5d31578e51152e47b7d4ec65423fbfe6c5277c0a24e8dad3ffe2576d01,Source
Plan,25959f9a2bfe12f7723f72a50022a3a4d68f5b96649393b39f03f320e90602ac,Source
The Planning Document is titled Marrickville DCP 2011,25959f9a2bfe12f7723f72a50022a3a4d68f5b96649393b39f03f320e90602ac,Source
it was adopted in 2011,25959f9a2bfe12f7723f72a50022a3a4d68f5b96649393b39f03f320e90602ac,Source
It was adopted in 2011,25959f9a2bfe12f7723f72a50022a3a4d68f5b96649393b39f03f320e90602ac,Source
Parramatta Road is a significant arterial road,25959f9a2bfe12f7723f72a50022a3a4d68f5b96649393b39f03f320e90602ac,Source
The document focuses on Parramatta Road,25959f9a2bfe12f7723f72a50022a3a4d68f5b96649393b39f03f320e90602ac,Source
it is identified as a priority area for revitalisation and renewal,25959f9a2bfe12f7723f72a50022a3a4d68f5b96649393b39f03f320e90602ac,Source
It aims to revitalise and renew the area,25959f9a2bfe12f7723f72a50022a3a4d68f5b96649393b39f03f320e90602ac,Source
a study found that the area is in need of significant urban design improvements,25959f9a2bfe12f7723f72a50022a3a4d68f5b96649393b39f03f320e90602ac,Source
The document is located at 9 35 Parramatta Road,25959f9a2bfe12f7723f72a50022a3a4d68f5b96649393b39f03f320e90602ac,Source
9 35,25959f9a2bfe12f7723f72a50022a3a4d68f5b96649393b39f03f320e90602ac,Source
Petersham Commercial Precinct Heritage Conservation Area,7fbe48e5e51704d8e155c03acba1439dd07dc446b4ead7f1eaf33b7d6112cec1,Source
The precinct,7fbe48e5e51704d8e155c03acba1439dd07dc446b4ead7f1eaf33b7d6112cec1,Source
Clause 9.36.2 - heritage (development_control),7fbe48e5e51704d8e155c03acba1439dd07dc446b4ead7f1eaf33b7d6112cec1,Source
the front portion,7fbe48e5e51704d8e155c03acba1439dd07dc446b4ead7f1eaf33b7d6112cec1,Source
new development at the rear upper levels,7fbe48e5e51704d8e155c03acba1439dd07dc446b4ead7f1eaf33b7d6112cec1,Source
a maximum of four storeys,7fbe48e5e51704d8e155c03acba1439dd07dc446b4ead7f1eaf33b7d6112cec1,Source
infill development to the street building front,7fbe48e5e51704d8e155c03acba1439dd07dc446b4ead7f1eaf33b7d6112cec1,Source
retained portions of contributory buildings,7fbe48e5e51704d8e155c03acba1439dd07dc446b4ead7f1eaf33b7d6112cec1,Source
"efficient parking, loading and access",7fbe48e5e51704d8e155c03acba1439dd07dc446b4ead7f1eaf33b7d6112cec1,Source
The precinct contains the Petersham Commercial Precinct Heritage Conservation Area HCA 25.,7fbe48e5e51704d8e155c03acba1439dd07dc446b4ead7f1eaf33b7d6112cec1,Source
"To retain, as a minimum, the front portion of contributory buildings where they are contributory to the heritage conservation area (HCA) and streetscapes.",7fbe48e5e51704d8e155c03acba1439dd07dc446b4ead7f1eaf33b7d6112cec1,Source
To protect the identified heritage values of the Petersham Commercial Precinct Heritage Conservation Area.,7fbe48e5e51704d8e155c03acba1439dd07dc446b4ead7f1eaf33b7d6112cec1,Source
To ensure that new development at the rear upper levels is a maximum of four storeys and is designed to be subservient to retained portions of contributory buildings or infill development to the street building front.,7fbe48e5e51704d8e155c03acba1439dd07dc446b4ead7f1eaf33b7d6112cec1,Source
"To facilitate efficient parking, loading and access for vehicles that minimises impact to streetscape appearance, commercial viability and vitality and pedestrian safety and amenity.",7fbe48e5e51704d8e155c03acba1439dd07dc446b4ead7f1eaf33b7d6112cec1,Source
Petersham Commercial Precinct,7fbe48e5e51704d8e155c03acba1439dd07dc446b4ead7f1eaf33b7d6112cec1,Source
Heritage Conservation Area HCA 25,7fbe48e5e51704d8e155c03acba1439dd07dc446b4ead7f1eaf33b7d6112cec1,Source
heritage conservation area HCA,7fbe48e5e51704d8e155c03acba1439dd07dc446b4ead7f1eaf33b7d6112cec1,Source
infill development,7fbe48e5e51704d8e155c03acba1439dd07dc446b4ead7f1eaf33b7d6112cec1,Source
Contributory buildings,c8498ecf6bdcfd10293a8a1514424ff6e6f74711a36c8e325947584a761fe638,Source
King Street and Enmore Road Heritage Conservation Area,c8498ecf6bdcfd10293a8a1514424ff6e6f74711a36c8e325947584a761fe638,Source
compatible development,c8498ecf6bdcfd10293a8a1514424ff6e6f74711a36c8e325947584a761fe638,Source
Heritage Items and Contributory buildings must be retained and conserved.,c8498ecf6bdcfd10293a8a1514424ff6e6f74711a36c8e325947584a761fe638,Source
To protect the identified values of the King Street and Enmore Road Heritage Conservation Area.,c8498ecf6bdcfd10293a8a1514424ff6e6f74711a36c8e325947584a761fe638,Source
To ensure that buildings provide strong definition to the street through retention of the existing nil building setbacks.,c8498ecf6bdcfd10293a8a1514424ff6e6f74711a36c8e325947584a761fe638,Source
"To retain, as a minimum, the front portion of contributory buildings where they are contributory to the heritage conservation area (HCA) and/or streetscape.",c8498ecf6bdcfd10293a8a1514424ff6e6f74711a36c8e325947584a761fe638,Source
"Where required, to protect, preserve and enhance the existing character of the streetscape, where only compatible development is permitted.",c8498ecf6bdcfd10293a8a1514424ff6e6f74711a36c8e325947584a761fe638,Source
existing predominantly traditional two storey commercial streetscape,c8498ecf6bdcfd10293a8a1514424ff6e6f74711a36c8e325947584a761fe638,Source
To ensure that there are active commercial fronts to new buildings facing onto streets to create a vibrant and safe streetscape.,c8498ecf6bdcfd10293a8a1514424ff6e6f74711a36c8e325947584a761fe638,Source
Heritage Conservation Area,c8498ecf6bdcfd10293a8a1514424ff6e6f74711a36c8e325947584a761fe638,Source
Commercial Streetscape,c8498ecf6bdcfd10293a8a1514424ff6e6f74711a36c8e325947584a761fe638,Source
Streets,c8498ecf6bdcfd10293a8a1514424ff6e6f74711a36c8e325947584a761fe638,Source
Dulwich Hill Commercial Precinct,12ac065a319e56470909184fcfd3a3c62818b840bdbaaef8d6e5f7553d9fba64,Source
front portion,12ac065a319e56470909184fcfd3a3c62818b840bdbaaef8d6e5f7553d9fba64,Source
Dulwich Hill Commercial Precinct Heritage Conservation Area,12ac065a319e56470909184fcfd3a3c62818b840bdbaaef8d6e5f7553d9fba64,Source
four storeys,12ac065a319e56470909184fcfd3a3c62818b840bdbaaef8d6e5f7553d9fba64,Source
"streetscape appearance, commercial viability and vitality and pedestrian safety and amenity",12ac065a319e56470909184fcfd3a3c62818b840bdbaaef8d6e5f7553d9fba64,Source
The precinct contains HCA 28 Dulwich Hill Commercial Precinct Heritage Conservation Area.,12ac065a319e56470909184fcfd3a3c62818b840bdbaaef8d6e5f7553d9fba64,Source
HCA 28 Dulwich Hill Commercial Precinct Heritage Conservation Area has been identified as containing the following streetscapes: a. Retail Streetscapes.,12ac065a319e56470909184fcfd3a3c62818b840bdbaaef8d6e5f7553d9fba64,Source
To protect the identified heritage values of the Dulwich Hill Commercial Precinct Heritage Conservation Area.,12ac065a319e56470909184fcfd3a3c62818b840bdbaaef8d6e5f7553d9fba64,Source
To ensure that new development at rear upper levels is a maximum of four storeys in appearance and is designed to be subservient to retained portions of contributory buildings or infill development to the street building front.,12ac065a319e56470909184fcfd3a3c62818b840bdbaaef8d6e5f7553d9fba64,Source
heritage conservation area (HCA),12ac065a319e56470909184fcfd3a3c62818b840bdbaaef8d6e5f7553d9fba64,Source
The precinct contains HCA 28 Dulwich Hill Commercial Precinct Heritage Conservation Area. See Part 8 (Heritage) of this DCP for detailed controls and guidelines.,12ac065a319e56470909184fcfd3a3c62818b840bdbaaef8d6e5f7553d9fba64,Source
HCA 28 Dulwich Hill Commercial Precinct Heritage Conservation Area has been identified as containing the following streetscapes: a. Retail Streetscapes. Refer to Section 8.4 of this DCP for relevant controls.,12ac065a319e56470909184fcfd3a3c62818b840bdbaaef8d6e5f7553d9fba64,Source
Marrickville Metro,e7362eb0a5bb29a88afd9100d2ec7208fb47114d014255b972595c921fa7a5a4,Source
existing conflicts,e7362eb0a5bb29a88afd9100d2ec7208fb47114d014255b972595c921fa7a5a4,Source
surrounding residential areas,e7362eb0a5bb29a88afd9100d2ec7208fb47114d014255b972595c921fa7a5a4,Source
"fencing, open space, sandstone kerbing and guttering, views and vistas and prevailing subdivision patterns",e7362eb0a5bb29a88afd9100d2ec7208fb47114d014255b972595c921fa7a5a4,Source
existing streets,e7362eb0a5bb29a88afd9100d2ec7208fb47114d014255b972595c921fa7a5a4,Source
pedestrian activity,e7362eb0a5bb29a88afd9100d2ec7208fb47114d014255b972595c921fa7a5a4,Source
and enhancing,e7362eb0a5bb29a88afd9100d2ec7208fb47114d014255b972595c921fa7a5a4,Source
To retain the existing employment generating land uses.,e7362eb0a5bb29a88afd9100d2ec7208fb47114d014255b972595c921fa7a5a4,Source
"To protect the integrity and on-going retention of the existing industrial zoned land, particularly those identified as being of State significance.",e7362eb0a5bb29a88afd9100d2ec7208fb47114d014255b972595c921fa7a5a4,Source
"To enhance existing streets and encourage pedestrian activity, where appropriate, through improvements to road infrastructure and landscaping.",e7362eb0a5bb29a88afd9100d2ec7208fb47114d014255b972595c921fa7a5a4,Source
existing industrial zoned land,e7362eb0a5bb29a88afd9100d2ec7208fb47114d014255b972595c921fa7a5a4,Source
State significance,e7362eb0a5bb29a88afd9100d2ec7208fb47114d014255b972595c921fa7a5a4,Source
employment generating land uses,e7362eb0a5bb29a88afd9100d2ec7208fb47114d014255b972595c921fa7a5a4,Source
To ensure that the redevelopment of the Marrickville Metro shopping centre addresses existing conflicts between the operation of the centre and the amenity of surrounding residential areas.,e7362eb0a5bb29a88afd9100d2ec7208fb47114d014255b972595c921fa7a5a4,Source
Marrickville Metro shopping centre,e7362eb0a5bb29a88afd9100d2ec7208fb47114d014255b972595c921fa7a5a4,Source
streetscape appearance,e7362eb0a5bb29a88afd9100d2ec7208fb47114d014255b972595c921fa7a5a4,Source
commercial viability,e7362eb0a5bb29a88afd9100d2ec7208fb47114d014255b972595c921fa7a5a4,Source
pedestrian safety and amenity,e7362eb0a5bb29a88afd9100d2ec7208fb47114d014255b972595c921fa7a5a4,Source
Camperdown Park Estate Heritage Conservation Area,0a19dc09635c9011b5f5d4f50e127f1b9a639d0020bb8e759ee70945f6dffdea,Source
North Kingston Estate Heritage Conservation Area,0a19dc09635c9011b5f5d4f50e127f1b9a639d0020bb8e759ee70945f6dffdea,Source
Hopetoun-Roberts-Federation Streets Heritage Conservation Area,0a19dc09635c9011b5f5d4f50e127f1b9a639d0020bb8e759ee70945f6dffdea,Source
"roof forms, original detailing and finishes",0a19dc09635c9011b5f5d4f50e127f1b9a639d0020bb8e759ee70945f6dffdea,Source
precin,0a19dc09635c9011b5f5d4f50e127f1b9a639d0020bb8e759ee70945f6dffdea,Source
"The precinct contains three Heritage Conservation Areas being the Camperdown Park Estate Heritage Conservation Area, North Kingston Estate Heritage Conservation Area and the Hopetoun-Roberts-Federation Streets Heritage Conservation Area.",0a19dc09635c9011b5f5d4f50e127f1b9a639d0020bb8e759ee70945f6dffdea,Source
To preserve the predominantly medium density residential character of the precinct.,0a19dc09635c9011b5f5d4f50e127f1b9a639d0020bb8e759ee70945f6dffdea,Source
Camperdown Park Estate,0a19dc09635c9011b5f5d4f50e127f1b9a639d0020bb8e759ee70945f6dffdea,Source
North Kingston Estate,0a19dc09635c9011b5f5d4f50e127f1b9a639d0020bb8e759ee70945f6dffdea,Source
Hopetoun-Roberts-Federation Streets,0a19dc09635c9011b5f5d4f50e127f1b9a639d0020bb8e759ee70945f6dffdea,Source
Marrickville Town Centre Comm Precinct,286ef3192e9cae3bd2fc1b118996c5417ee9f85aba9ce9e5a7b6ca7b1bd4b531,Source
max five storeys,286ef3192e9cae3bd2fc1b118996c5417ee9f85aba9ce9e5a7b6ca7b1bd4b531,Source
local civic precinct,286ef3192e9cae3bd2fc1b118996c5417ee9f85aba9ce9e5a7b6ca7b1bd4b531,Source
"To retain, as a minimum, the front portion of contributory buildings where they are contributory to the heritage conservation area (HCA) and/or streetscapes.",286ef3192e9cae3bd2fc1b118996c5417ee9f85aba9ce9e5a7b6ca7b1bd4b531,Source
To protect the identified heritage values of the Civic Precinct Heritage Conservation Area.,286ef3192e9cae3bd2fc1b118996c5417ee9f85aba9ce9e5a7b6ca7b1bd4b531,Source
The precinct contains the HCA 30: Civic Precinct Heritage Conservation Area .,286ef3192e9cae3bd2fc1b118996c5417ee9f85aba9ce9e5a7b6ca7b1bd4b531,Source
The Civic Precinct Heritage Conservation Area is a high quality and substantially intact example of the local civic precinct.,286ef3192e9cae3bd2fc1b118996c5417ee9f85aba9ce9e5a7b6ca7b1bd4b531,Source
To ensure new development at rear upper levels is a maximum of five storeys and is designed to be subservient to retained portions of contributory buildings or infill development to the street building front.,286ef3192e9cae3bd2fc1b118996c5417ee9f85aba9ce9e5a7b6ca7b1bd4b531,Source
The precinct contains the HCA 30: Civic Precinct Heritage Conservation Area . See Part 8 (Heritage) of this DCP for detailed controls and guidelines.,286ef3192e9cae3bd2fc1b118996c5417ee9f85aba9ce9e5a7b6ca7b1bd4b531,Source
HCA 30,286ef3192e9cae3bd2fc1b118996c5417ee9f85aba9ce9e5a7b6ca7b1bd4b531,Source
former factory,3ff89b3873953ee01f415abb232c61493122fddba7d3bd0746cecab7475a4329,Source
strong definition to the street,3ff89b3873953ee01f415abb232c61493122fddba7d3bd0746cecab7475a4329,Source
existing zero building line setbacks,3ff89b3873953ee01f415abb232c61493122fddba7d3bd0746cecab7475a4329,Source
There is a consistent nil setback on the western side of Bridge Road.,3ff89b3873953ee01f415abb232c61493122fddba7d3bd0746cecab7475a4329,Source
"Buildings on the eastern side are generally built to the street alignment,",3ff89b3873953ee01f415abb232c61493122fddba7d3bd0746cecab7475a4329,Source
"Buildings on the eastern side are generally built to the street alignment, with the exception of a large building mid way which has a medium setback with car parking spaces occupying the front and a small amount of landscaping along the front boundary.",3ff89b3873953ee01f415abb232c61493122fddba7d3bd0746cecab7475a4329,Source
The precinct contains one heritage item being the former factory at 2-6 Bridge Road.,3ff89b3873953ee01f415abb232c61493122fddba7d3bd0746cecab7475a4329,Source
Private parking provision in the precinct is generally good and most sites have off-street parking provided either at grade or at basement level and accessed from Bridge Road.,3ff89b3873953ee01f415abb232c61493122fddba7d3bd0746cecab7475a4329,Source
To ensure that buildings provide strong definition to the street through retention of the existing zero building line setbacks.,3ff89b3873953ee01f415abb232c61493122fddba7d3bd0746cecab7475a4329,Source
nil setback,3ff89b3873953ee01f415abb232c61493122fddba7d3bd0746cecab7475a4329,Source
western side of Bridge Road,3ff89b3873953ee01f415abb232c61493122fddba7d3bd0746cecab7475a4329,Source
eastern side,3ff89b3873953ee01f415abb232c61493122fddba7d3bd0746cecab7475a4329,Source
street alignment,3ff89b3873953ee01f415abb232c61493122fddba7d3bd0746cecab7475a4329,Source
large building,3ff89b3873953ee01f415abb232c61493122fddba7d3bd0746cecab7475a4329,Source
Bridge Road,3ff89b3873953ee01f415abb232c61493122fddba7d3bd0746cecab7475a4329,Source
private parking provision,3ff89b3873953ee01f415abb232c61493122fddba7d3bd0746cecab7475a4329,Source
sites,3ff89b3873953ee01f415abb232c61493122fddba7d3bd0746cecab7475a4329,Source
off-street parking,3ff89b3873953ee01f415abb232c61493122fddba7d3bd0746cecab7475a4329,Source
grade,3ff89b3873953ee01f415abb232c61493122fddba7d3bd0746cecab7475a4329,Source
basement level,3ff89b3873953ee01f415abb232c61493122fddba7d3bd0746cecab7475a4329,Source
zero building line setbacks,3ff89b3873953ee01f415abb232c61493122fddba7d3bd0746cecab7475a4329,Source
Australia Street industrial group,2495b33287d1f6304ced931b4ac805cde1c598fe0bcec8a89be8caaa85215af9,Source
Denison Street,2495b33287d1f6304ced931b4ac805cde1c598fe0bcec8a89be8caaa85215af9,Source
industrial units,2495b33287d1f6304ced931b4ac805cde1c598fe0bcec8a89be8caaa85215af9,Source
Hordern Place,2495b33287d1f6304ced931b4ac805cde1c598fe0bcec8a89be8caaa85215af9,Source
identified precinct,2495b33287d1f6304ced931b4ac805cde1c598fe0bcec8a89be8caaa85215af9,Source
landuses,2495b33287d1f6304ced931b4ac805cde1c598fe0bcec8a89be8caaa85215af9,Source
existing landuse zoning,2495b33287d1f6304ced931b4ac805cde1c598fe0bcec8a89be8caaa85215af9,Source
The most notable building within the precinct is the ‘Australia Street industrial group’ heritage item located between Denison Street and Australia Street.,2495b33287d1f6304ced931b4ac805cde1c598fe0bcec8a89be8caaa85215af9,Source
Most buildings are built to the street with a nil setback.,2495b33287d1f6304ced931b4ac805cde1c598fe0bcec8a89be8caaa85215af9,Source
Some of the industrial units in Hordern Place have a small setback with parking in front.,2495b33287d1f6304ced931b4ac805cde1c598fe0bcec8a89be8caaa85215af9,Source
Parking within the precinct is generally unrestricted where available and appears highly utilised.,2495b33287d1f6304ced931b4ac805cde1c598fe0bcec8a89be8caaa85215af9,Source
To retain the existing employment generating landuses.,2495b33287d1f6304ced931b4ac805cde1c598fe0bcec8a89be8caaa85215af9,Source
Australia Street,2495b33287d1f6304ced931b4ac805cde1c598fe0bcec8a89be8caaa85215af9,Source
the 'Australia Street industrial group',2495b33287d1f6304ced931b4ac805cde1c598fe0bcec8a89be8caaa85215af9,Source
the industrial units,2495b33287d1f6304ced931b4ac805cde1c598fe0bcec8a89be8caaa85215af9,Source
the identified Heritage Items,2495b33287d1f6304ced931b4ac805cde1c598fe0bcec8a89be8caaa85215af9,Source
Carrington Road,11fe28923451a7d454c01e4f03446d07020b93c213d057b9b3cf0bb441f4af7c,Source
Sewerage Pumping Station No. 271,11fe28923451a7d454c01e4f03446d07020b93c213d057b9b3cf0bb441f4af7c,Source
flood issues,11fe28923451a7d454c01e4f03446d07020b93c213d057b9b3cf0bb441f4af7c,Source
Evidence of this history is still visible today with the Sewerage Pumping Station No. 271 located at the northern section of the precinct.,11fe28923451a7d454c01e4f03446d07020b93c213d057b9b3cf0bb441f4af7c,Source
That site is a Heritage Item of State and local significance.,11fe28923451a7d454c01e4f03446d07020b93c213d057b9b3cf0bb441f4af7c,Source
Due to the history of the land in this area the vast majority of the precinct is identified as flood affected.,11fe28923451a7d454c01e4f03446d07020b93c213d057b9b3cf0bb441f4af7c,Source
"However, the precinct contains a number of Heritage Items, some of State significance.",11fe28923451a7d454c01e4f03446d07020b93c213d057b9b3cf0bb441f4af7c,Source
"To protect, preserve and enhance the identified period buildings within the precinct.",11fe28923451a7d454c01e4f03446d07020b93c213d057b9b3cf0bb441f4af7c,Source
To ensure that potential flooding issues are addressed as part of any new development.,11fe28923451a7d454c01e4f03446d07020b93c213d057b9b3cf0bb441f4af7c,Source
the land,11fe28923451a7d454c01e4f03446d07020b93c213d057b9b3cf0bb441f4af7c,Source
potential flooding issues,11fe28923451a7d454c01e4f03446d07020b93c213d057b9b3cf0bb441f4af7c,Source
any new development,11fe28923451a7d454c01e4f03446d07020b93c213d057b9b3cf0bb441f4af7c,Source
McGill Street precinct,a653be8d8db563dd4d58516eed963690d43f386f3e1aadb2e272dba39552cbb1,Source
Lewisham industrial area,a653be8d8db563dd4d58516eed963690d43f386f3e1aadb2e272dba39552cbb1,Source
minor service retail,a653be8d8db563dd4d58516eed963690d43f386f3e1aadb2e272dba39552cbb1,Source
commercial offices,a653be8d8db563dd4d58516eed963690d43f386f3e1aadb2e272dba39552cbb1,Source
showrooms,a653be8d8db563dd4d58516eed963690d43f386f3e1aadb2e272dba39552cbb1,Source
"studio, cafe and restaurant spaces",a653be8d8db563dd4d58516eed963690d43f386f3e1aadb2e272dba39552cbb1,Source
The McGill Street precinct is located in the Lewisham industrial area.,a653be8d8db563dd4d58516eed963690d43f386f3e1aadb2e272dba39552cbb1,Source
This precinct has been identified as having high biodiversity values.,a653be8d8db563dd4d58516eed963690d43f386f3e1aadb2e272dba39552cbb1,Source
"The precinct will accommodate some minor service retail, commercial offices and showrooms as well as studio, cafe and restaurant spaces.",a653be8d8db563dd4d58516eed963690d43f386f3e1aadb2e272dba39552cbb1,Source
To ensure that higher density development demonstrates good urban design and environmental sustainability and provide suitable amenity for occupants of those developments.,a653be8d8db563dd4d58516eed963690d43f386f3e1aadb2e272dba39552cbb1,Source
To ensure that the design of higher density development protects the residential amenity of adjoining and surrounding properties.,a653be8d8db563dd4d58516eed963690d43f386f3e1aadb2e272dba39552cbb1,Source
this precinct,a653be8d8db563dd4d58516eed963690d43f386f3e1aadb2e272dba39552cbb1,Source
studio,a653be8d8db563dd4d58516eed963690d43f386f3e1aadb2e272dba39552cbb1,Source
cafe,a653be8d8db563dd4d58516eed963690d43f386f3e1aadb2e272dba39552cbb1,Source
restaurant spaces,a653be8d8db563dd4d58516eed963690d43f386f3e1aadb2e272dba39552cbb1,Source
environmental sustainability,a653be8d8db563dd4d58516eed963690d43f386f3e1aadb2e272dba39552cbb1,Source
occupants,a653be8d8db563dd4d58516eed963690d43f386f3e1aadb2e272dba39552cbb1,Source
design of higher density development,a653be8d8db563dd4d58516eed963690d43f386f3e1aadb2e272dba39552cbb1,Source
adjoining properties,a653be8d8db563dd4d58516eed963690d43f386f3e1aadb2e272dba39552cbb1,Source
Tempe Lands Precinct,03346aee3f24c1dd77ab5225911c10e02a56b628cf3884b5d6f0babd3b4146f1,Source
Alexandra Canal,03346aee3f24c1dd77ab5225911c10e02a56b628cf3884b5d6f0babd3b4146f1,Source
eastern boundary,03346aee3f24c1dd77ab5225911c10e02a56b628cf3884b5d6f0babd3b4146f1,Source
SP2 Infrastructure (Classified Road),03346aee3f24c1dd77ab5225911c10e02a56b628cf3884b5d6f0babd3b4146f1,Source
ANEF contours,03346aee3f24c1dd77ab5225911c10e02a56b628cf3884b5d6f0babd3b4146f1,Source
Burrows Road South,03346aee3f24c1dd77ab5225911c10e02a56b628cf3884b5d6f0babd3b4146f1,Source
small to medium setbacks with landscaping and occasional parking,03346aee3f24c1dd77ab5225911c10e02a56b628cf3884b5d6f0babd3b4146f1,Source
on street parking,03346aee3f24c1dd77ab5225911c10e02a56b628cf3884b5d6f0babd3b4146f1,Source
unrestricted parallel parking on both sides,03346aee3f24c1dd77ab5225911c10e02a56b628cf3884b5d6f0babd3b4146f1,Source
The Alexandra Canal runs generally along the eastern boundary of the precinct.,03346aee3f24c1dd77ab5225911c10e02a56b628cf3884b5d6f0babd3b4146f1,Source
This is a State Heritage Item.,03346aee3f24c1dd77ab5225911c10e02a56b628cf3884b5d6f0babd3b4146f1,Source
A significant portion of this precinct is reserved SP2 Infrastructure (Classified Road).,03346aee3f24c1dd77ab5225911c10e02a56b628cf3884b5d6f0babd3b4146f1,Source
Buildings in Burrows Road South are limited due to the applicable ANEF contours.,03346aee3f24c1dd77ab5225911c10e02a56b628cf3884b5d6f0babd3b4146f1,Source
There is a height limit across the precinct.,03346aee3f24c1dd77ab5225911c10e02a56b628cf3884b5d6f0babd3b4146f1,Source
Most of those buildings have small to medium setbacks with landscaping and occasional parking in front.,03346aee3f24c1dd77ab5225911c10e02a56b628cf3884b5d6f0babd3b4146f1,Source
"Buildings in Burrows Road South are generally contemporary, low rise (up to two storeys) industrial buildings of varying materials.",03346aee3f24c1dd77ab5225911c10e02a56b628cf3884b5d6f0babd3b4146f1,Source
On street parking within the precinct is limited due to the large lot industrial characteristics and limited road access.,03346aee3f24c1dd77ab5225911c10e02a56b628cf3884b5d6f0babd3b4146f1,Source
"Burrows Road South contains unrestricted parallel parking on both sides, and has good pedestrian access with footpaths on both sides of the street.",03346aee3f24c1dd77ab5225911c10e02a56b628cf3884b5d6f0babd3b4146f1,Source
"To protect the integrity and on-going retention of the existing industrial zoned land, particularly those identified as being of state significance.",03346aee3f24c1dd77ab5225911c10e02a56b628cf3884b5d6f0babd3b4146f1,Source
Classified Road,03346aee3f24c1dd77ab5225911c10e02a56b628cf3884b5d6f0babd3b4146f1,Source
Buildings across the precinct are limited due to the applicable ANEF contours.,03346aee3f24c1dd77ab5225911c10e02a56b628cf3884b5d6f0babd3b4146f1,Source
"The buildings in Burrows Road South are generally contemporary, low rise (up to two storeys) industrial buildings of varying materials.",03346aee3f24c1dd77ab5225911c10e02a56b628cf3884b5d6f0babd3b4146f1,Source
parking,03346aee3f24c1dd77ab5225911c10e02a56b628cf3884b5d6f0babd3b4146f1,Source
road access,03346aee3f24c1dd77ab5225911c10e02a56b628cf3884b5d6f0babd3b4146f1,Source
pedestrian access,03346aee3f24c1dd77ab5225911c10e02a56b628cf3884b5d6f0babd3b4146f1,Source
footpaths,03346aee3f24c1dd77ab5225911c10e02a56b628cf3884b5d6f0babd3b4146f1,Source
industrial zoned land,03346aee3f24c1dd77ab5225911c10e02a56b628cf3884b5d6f0babd3b4146f1,Source
industrial land uses,7594e5ca858e72058a27792feb5a22ac7948660c20ee7e2feaa3977e9e30d8f2,Source
Red Rattler,7594e5ca858e72058a27792feb5a22ac7948660c20ee7e2feaa3977e9e30d8f2,Source
Marrickville Bowling & Recreation Club,7594e5ca858e72058a27792feb5a22ac7948660c20ee7e2feaa3977e9e30d8f2,Source
Factory Theatre,7594e5ca858e72058a27792feb5a22ac7948660c20ee7e2feaa3977e9e30d8f2,Source
industrial sites,7594e5ca858e72058a27792feb5a22ac7948660c20ee7e2feaa3977e9e30d8f2,Source
pedestrian footpaths,7594e5ca858e72058a27792feb5a22ac7948660c20ee7e2feaa3977e9e30d8f2,Source
Development within the precinct will need to have regard to this section of the DCP,7594e5ca858e72058a27792feb5a22ac7948660c20ee7e2feaa3977e9e30d8f2,Source
"the precinct contains a mixed character, though, overall, it is dominated by industrial land uses",7594e5ca858e72058a27792feb5a22ac7948660c20ee7e2feaa3977e9e30d8f2,Source
Some buildings in the precinct have been rendered and painted,7594e5ca858e72058a27792feb5a22ac7948660c20ee7e2feaa3977e9e30d8f2,Source
"there are also some examples of new, modern industrial developments containing a number of tenancies utilising the same access point and providing on-site parking and loading facilities",7594e5ca858e72058a27792feb5a22ac7948660c20ee7e2feaa3977e9e30d8f2,Source
the current built form of the precinct meets some of the important social and cultural needs of residents and employees,7594e5ca858e72058a27792feb5a22ac7948660c20ee7e2feaa3977e9e30d8f2,Source
the precinct houses three (3) of the Local Government Area’s (LGA) most significant live music venues,7594e5ca858e72058a27792feb5a22ac7948660c20ee7e2feaa3977e9e30d8f2,Source
traffic conflicts occur between large vehicles accessing industrial sites on streets also catering for through traffic,7594e5ca858e72058a27792feb5a22ac7948660c20ee7e2feaa3977e9e30d8f2,Source
vehicles must cross pedestrian footpaths to access parking,7594e5ca858e72058a27792feb5a22ac7948660c20ee7e2feaa3977e9e30d8f2,Source
Development within the precinct will need to have regard to this section of the DCP as well as other relevant provisions in the DCP.,7594e5ca858e72058a27792feb5a22ac7948660c20ee7e2feaa3977e9e30d8f2,Source
"the precinct contains a mixed character, though, overall, it is dominated by industrial land uses.",7594e5ca858e72058a27792feb5a22ac7948660c20ee7e2feaa3977e9e30d8f2,Source
"There are also some examples of new, modern industrial developments containing a number of tenancies utilising the same access point and providing on-site parking and loading facilities.",7594e5ca858e72058a27792feb5a22ac7948660c20ee7e2feaa3977e9e30d8f2,Source
"new, modern industrial developments",7594e5ca858e72058a27792feb5a22ac7948660c20ee7e2feaa3977e9e30d8f2,Source
"the current built form of the precinct, presently meets some of the important social and cultural needs of residents and employees of the Inner West.",7594e5ca858e72058a27792feb5a22ac7948660c20ee7e2feaa3977e9e30d8f2,Source
Inner West residents,7594e5ca858e72058a27792feb5a22ac7948660c20ee7e2feaa3977e9e30d8f2,Source
Inner West employees,7594e5ca858e72058a27792feb5a22ac7948660c20ee7e2feaa3977e9e30d8f2,Source
"the precinct houses three (3) of the Local Government Area’s (LGA) most significant live music venues: the Red Rattler, Marrickville Bowling & Recreation Club, and the Factory Theatre.",7594e5ca858e72058a27792feb5a22ac7948660c20ee7e2feaa3977e9e30d8f2,Source
traffic as vehicles must cross pedestrian footpaths to access parking.,7594e5ca858e72058a27792feb5a22ac7948660c20ee7e2feaa3977e9e30d8f2,Source
Lewisham Estate Heritage Conservation Area,b0dea9eba219f6a9e80e079f41dba4b54686f4dbc9c9ac76815800a88b96b708,Source
urban design and environmental sustainability,b0dea9eba219f6a9e80e079f41dba4b54686f4dbc9c9ac76815800a88b96b708,Source
suitable amenity for occupants of those developments,b0dea9eba219f6a9e80e079f41dba4b54686f4dbc9c9ac76815800a88b96b708,Source
residential amenity of adjoining and surrounding properties,b0dea9eba219f6a9e80e079f41dba4b54686f4dbc9c9ac76815800a88b96b708,Source
To protect the identified values of the Lewisham Estate Heritage Conservation Area .,b0dea9eba219f6a9e80e079f41dba4b54686f4dbc9c9ac76815800a88b96b708,Source
To ensure that ne w development considers all potential impacts to biodiversity.,b0dea9eba219f6a9e80e079f41dba4b54686f4dbc9c9ac76815800a88b96b708,Source
To ensure that higher density development demonstrates good urban design and environmental sustainability and provides suitable amenity for occupants of those developments.,b0dea9eba219f6a9e80e079f41dba4b54686f4dbc9c9ac76815800a88b96b708,Source
Petersham South Precinct,49ac921eeb178e2fbcd1e417039783b2bad7d2f6d7db08eb72d075ed023c3808,Source
streescape character,49ac921eeb178e2fbcd1e417039783b2bad7d2f6d7db08eb72d075ed023c3808,Source
Petersham South (Norwood Estate),49ac921eeb178e2fbcd1e417039783b2bad7d2f6d7db08eb72d075ed023c3808,Source
Morgan Street Heritage Conservation Areas,49ac921eeb178e2fbcd1e417039783b2bad7d2f6d7db08eb72d075ed023c3808,Source
masterplan sites,49ac921eeb178e2fbcd1e417039783b2bad7d2f6d7db08eb72d075ed023c3808,Source
urban renewal,49ac921eeb178e2fbcd1e417039783b2bad7d2f6d7db08eb72d075ed023c3808,Source
streetscape character,49ac921eeb178e2fbcd1e417039783b2bad7d2f6d7db08eb72d075ed023c3808,Source
high quality public domain,49ac921eeb178e2fbcd1e417039783b2bad7d2f6d7db08eb72d075ed023c3808,Source
"To protect, preserve and enhance contributory and period buildings within the precinct and require their sympathetic alteration or restoration.",49ac921eeb178e2fbcd1e417039783b2bad7d2f6d7db08eb72d075ed023c3808,Source
"To protect, preserve and enhance other significant public domain elements within the precinct including landscaping, fencing, open space, kerb and guttering, views and vistas and prevailing subdivision patterns.",49ac921eeb178e2fbcd1e417039783b2bad7d2f6d7db08eb72d075ed023c3808,Source
"To protect, preserve and enhance the existing character of the streetscapes, where only compatible development is permitted.",49ac921eeb178e2fbcd1e417039783b2bad7d2f6d7db08eb72d075ed023c3808,Source
To protect the identified values of the Petersham South (Norwood Estate) and the Morgan Street Heritage Conservation Areas.,49ac921eeb178e2fbcd1e417039783b2bad7d2f6d7db08eb72d075ed023c3808,Source
"To facilitate urban renewal in appropriate locations (predominantly on masterplan sites), allowing substantial change to the streetscape character while resulting in a high quality public domain.",49ac921eeb178e2fbcd1e417039783b2bad7d2f6d7db08eb72d075ed023c3808,Source
"To allow and encourage a greater scale of development and increased residential density on masterplan sites that provides new dwellings near local shops, services and public transport, to meet the market demand, create the opportunity for high access housing choice and support sustainable living.",49ac921eeb178e2fbcd1e417039783b2bad7d2f6d7db08eb72d075ed023c3808,Source
contributory and period buildings,49ac921eeb178e2fbcd1e417039783b2bad7d2f6d7db08eb72d075ed023c3808,Source
other significant public domain elements,49ac921eeb178e2fbcd1e417039783b2bad7d2f6d7db08eb72d075ed023c3808,Source
existing character of the streetscapes,49ac921eeb178e2fbcd1e417039783b2bad7d2f6d7db08eb72d075ed023c3808,Source
appropriate locations,49ac921eeb178e2fbcd1e417039783b2bad7d2f6d7db08eb72d075ed023c3808,Source
new dwellings,49ac921eeb178e2fbcd1e417039783b2bad7d2f6d7db08eb72d075ed023c3808,Source
local shops,49ac921eeb178e2fbcd1e417039783b2bad7d2f6d7db08eb72d075ed023c3808,Source
services,49ac921eeb178e2fbcd1e417039783b2bad7d2f6d7db08eb72d075ed023c3808,Source
public transport,49ac921eeb178e2fbcd1e417039783b2bad7d2f6d7db08eb72d075ed023c3808,Source
Period buildings,ca8dec9bb148a17e6e5a3759d35b21bc435252b230b803522f44d09b42838488,Source
Single storey streetscapes,ca8dec9bb148a17e6e5a3759d35b21bc435252b230b803522f44d09b42838488,Source
Development control,ca8dec9bb148a17e6e5a3759d35b21bc435252b230b803522f44d09b42838488,Source
Original form,ca8dec9bb148a17e6e5a3759d35b21bc435252b230b803522f44d09b42838488,Source
Public domain elements,ca8dec9bb148a17e6e5a3759d35b21bc435252b230b803522f44d09b42838488,Source
Mixed density residential character,ca8dec9bb148a17e6e5a3759d35b21bc435252b230b803522f44d09b42838488,Source
Car parking,ca8dec9bb148a17e6e5a3759d35b21bc435252b230b803522f44d09b42838488,Source
Amenity of the precinct,ca8dec9bb148a17e6e5a3759d35b21bc435252b230b803522f44d09b42838488,Source
Kingston South Heritage Conservation Area,ca8dec9bb148a17e6e5a3759d35b21bc435252b230b803522f44d09b42838488,Source
Values,ca8dec9bb148a17e6e5a3759d35b21bc435252b230b803522f44d09b42838488,Source
To preserve the mixed density residential character of the precinct.,ca8dec9bb148a17e6e5a3759d35b21bc435252b230b803522f44d09b42838488,Source
mixed density residential character,ca8dec9bb148a17e6e5a3759d35b21bc435252b230b803522f44d09b42838488,Source
To protect the identified values of the Kingston South Heritage Conservation Area.,ca8dec9bb148a17e6e5a3759d35b21bc435252b230b803522f44d09b42838488,Source
existing streetscapes,52a5f46d37265d4d02dc1f4bbed9d40d49f234e9b7726aff952ddecac8f22e2c,Source
bicycle parking,52a5f46d37265d4d02dc1f4bbed9d40d49f234e9b7726aff952ddecac8f22e2c,Source
car-sharing,52a5f46d37265d4d02dc1f4bbed9d40d49f234e9b7726aff952ddecac8f22e2c,Source
sustainable transport,52a5f46d37265d4d02dc1f4bbed9d40d49f234e9b7726aff952ddecac8f22e2c,Source
parking and access for vehicles,52a5f46d37265d4d02dc1f4bbed9d40d49f234e9b7726aff952ddecac8f22e2c,Source
building mass,52a5f46d37265d4d02dc1f4bbed9d40d49f234e9b7726aff952ddecac8f22e2c,Source
southern boundary,52a5f46d37265d4d02dc1f4bbed9d40d49f234e9b7726aff952ddecac8f22e2c,Source
courtyard,52a5f46d37265d4d02dc1f4bbed9d40d49f234e9b7726aff952ddecac8f22e2c,Source
U shape building mass,52a5f46d37265d4d02dc1f4bbed9d40d49f234e9b7726aff952ddecac8f22e2c,Source
"To protect, preserve and enhance the existing character of the streetscapes where only compatible development is permitted.",52a5f46d37265d4d02dc1f4bbed9d40d49f234e9b7726aff952ddecac8f22e2c,Source
"To promote sustainable transport (public transport, walking and cycling) by restricting the provision of off-street car parking, increasing provision of bicycle parking and car -sharing (off-street and on -street) and carefully managing general on -street car parking.",52a5f46d37265d4d02dc1f4bbed9d40d49f234e9b7726aff952ddecac8f22e2c,Source
"To ensure the provision and design of any parking and access for vehicles is appropriate for the location, efficient, minimises impact to streetscape appearance and maintains pedestrian safety and amenity.",52a5f46d37265d4d02dc1f4bbed9d40d49f234e9b7726aff952ddecac8f22e2c,Source
"Building mass on the first and second storey must: a. Generally be massed in a U shape, to the southern, eastern and northern side of the property, and open as a courtyard in the middle,",52a5f46d37265d4d02dc1f4bbed9d40d49f234e9b7726aff952ddecac8f22e2c,Source
"Be setback 1 metre from the southern boundary, 1 metre from the eastern boundary, 1 metre from the northern boundary (from the north-eastern corner to a point in line with the southeastern edge of the residential flat building located on No. 2B Gladstone Street, Newtown), and 6 metres from the northern boundary (from a point in line with the south-eastern edge of the residential flat building located on No. 2B Gladstone Street, Newtown to the north-western corner of the first and second storey mass), and c. Have approximately a 15 metre envelope depth.",52a5f46d37265d4d02dc1f4bbed9d40d49f234e9b7726aff952ddecac8f22e2c,Source
walking,52a5f46d37265d4d02dc1f4bbed9d40d49f234e9b7726aff952ddecac8f22e2c,Source
cycling,52a5f46d37265d4d02dc1f4bbed9d40d49f234e9b7726aff952ddecac8f22e2c,Source
access for vehicles,52a5f46d37265d4d02dc1f4bbed9d40d49f234e9b7726aff952ddecac8f22e2c,Source
pedestrian safety,52a5f46d37265d4d02dc1f4bbed9d40d49f234e9b7726aff952ddecac8f22e2c,Source
"Building mass on the first and second storey must: a. Generally be massed in a U shape, to the southern, eastern and northern side of the property, and open as a courtyard in the middle, b. Be setback 1 metre from the southern boundary, 1 metre from the eastern boundary, 1 metre from the northern boundary (from the north-eastern corner to a point in line with the southeastern edge of the residential flat building located on No. 2B Gladstone Street, Newtown), and 6 metres from the northern boundary (from a point in line with the south-eastern edge of the residential flat building located on No. 2B Gladstone Street, Newtown to the north-western corner of the first and second storey mass), and c. Have approximately a 15 metre envelope depth.",52a5f46d37265d4d02dc1f4bbed9d40d49f234e9b7726aff952ddecac8f22e2c,Source
property,52a5f46d37265d4d02dc1f4bbed9d40d49f234e9b7726aff952ddecac8f22e2c,Source
northern boundary,52a5f46d37265d4d02dc1f4bbed9d40d49f234e9b7726aff952ddecac8f22e2c,Source
"residential flat building located on No. 2B Gladstone Street, Newtown",52a5f46d37265d4d02dc1f4bbed9d40d49f234e9b7726aff952ddecac8f22e2c,Source
single storey buildings,5459297c55c10b992d0c54f010f0103dc103c66df40548a2673713e6cb1a2139,Source
streeetscapes and/or public domain elements,5459297c55c10b992d0c54f010f0103dc103c66df40548a2673713e6cb1a2139,Source
character of the precinct,5459297c55c10b992d0c54f010f0103dc103c66df40548a2673713e6cb1a2139,Source
low density residential,5459297c55c10b992d0c54f010f0103dc103c66df40548a2673713e6cb1a2139,Source
values of the Petersham South (Norwood Estate) Heritage Conservation Area,5459297c55c10b992d0c54f010f0103dc103c66df40548a2673713e6cb1a2139,Source
Llewellyn Estate Heritage Conservation Area,5459297c55c10b992d0c54f010f0103dc103c66df40548a2673713e6cb1a2139,Source
"To protect the identified values of the Petersham South (Norwood Estate) Heritage Conservation Area, Norwood Park Estate Heritage Conservation Area and the Llewellyn Estate Heritage Conservation Area.",5459297c55c10b992d0c54f010f0103dc103c66df40548a2673713e6cb1a2139,Source
Petersham South (Norwood Estate) Heritage Conservation Area,5459297c55c10b992d0c54f010f0103dc103c66df40548a2673713e6cb1a2139,Source
Precincts Map,220c0bab2885e9f11cf19f8fbef21c851436716f9dff4baaa223ce473f1fd4a4,Source
The Marrickville DCP 2011 was Planning Document,220c0bab2885e9f11cf19f8fbef21c851436716f9dff4baaa223ce473f1fd4a4,Source
land-use pattern,d75dbe252b61d79761ba73891b0415c184a780bae30d4f82df48facfcd9d4799,Source
general industrial uses,d75dbe252b61d79761ba73891b0415c184a780bae30d4f82df48facfcd9d4799,Source
commercial (business) uses,d75dbe252b61d79761ba73891b0415c184a780bae30d4f82df48facfcd9d4799,Source
light industrial uses,d75dbe252b61d79761ba73891b0415c184a780bae30d4f82df48facfcd9d4799,Source
south western section of the precinct,d75dbe252b61d79761ba73891b0415c184a780bae30d4f82df48facfcd9d4799,Source
Properties south of Marrickville Road,d75dbe252b61d79761ba73891b0415c184a780bae30d4f82df48facfcd9d4799,Source
office and light industrial uses,d75dbe252b61d79761ba73891b0415c184a780bae30d4f82df48facfcd9d4799,Source
residential uses,d75dbe252b61d79761ba73891b0415c184a780bae30d4f82df48facfcd9d4799,Source
industrial uses,d75dbe252b61d79761ba73891b0415c184a780bae30d4f82df48facfcd9d4799,Source
Marrickville Road,d75dbe252b61d79761ba73891b0415c184a780bae30d4f82df48facfcd9d4799,Source
Meeks Road,d75dbe252b61d79761ba73891b0415c184a780bae30d4f82df48facfcd9d4799,Source
listed heritage items,d75dbe252b61d79761ba73891b0415c184a780bae30d4f82df48facfcd9d4799,Source
Sydenham Pit and Drainage Pumping Station,d75dbe252b61d79761ba73891b0415c184a780bae30d4f82df48facfcd9d4799,Source
number of listed heritage items,d75dbe252b61d79761ba73891b0415c184a780bae30d4f82df48facfcd9d4799,Source
"The land-use pattern of the area generally consists of a mixture of general industrial uses, some commercial (business) uses, and some light industrial uses in the south western section of the precinct.",d75dbe252b61d79761ba73891b0415c184a780bae30d4f82df48facfcd9d4799,Source
"Properties south of Marrickville Road, with frontages onto Meeks Road are zoned for office and light industrial uses,",d75dbe252b61d79761ba73891b0415c184a780bae30d4f82df48facfcd9d4799,Source
The average height in the precinct is one to three storeys.,d75dbe252b61d79761ba73891b0415c184a780bae30d4f82df48facfcd9d4799,Source
"However, the precinct does contain a number of listed heritage items, one of State Significance., being the Sydenham Pit and Drainage Pumping Station.",d75dbe252b61d79761ba73891b0415c184a780bae30d4f82df48facfcd9d4799,Source
The entire precinct is affected by flooding.,d75dbe252b61d79761ba73891b0415c184a780bae30d4f82df48facfcd9d4799,Source
"Properties south of Marrickville Road, with frontages onto Meeks Road are zoned for office and light industrial uses, creating a buffer between residential and industrial uses.",d75dbe252b61d79761ba73891b0415c184a780bae30d4f82df48facfcd9d4799,Source
Residential,d75dbe252b61d79761ba73891b0415c184a780bae30d4f82df48facfcd9d4799,Source
Industrial,d75dbe252b61d79761ba73891b0415c184a780bae30d4f82df48facfcd9d4799,Source
Flooding,d75dbe252b61d79761ba73891b0415c184a780bae30d4f82df48facfcd9d4799,Source
Industrial Zoned Land,d75dbe252b61d79761ba73891b0415c184a780bae30d4f82df48facfcd9d4799,Source
State Significance,d75dbe252b61d79761ba73891b0415c184a780bae30d4f82df48facfcd9d4799,Source
Building A,6b5d6366cf0db41a8963390303f0d618584af789f54294c1421f6ed3ab4ca447,Source
48 Edith Street,6b5d6366cf0db41a8963390303f0d618584af789f54294c1421f6ed3ab4ca447,Source
Building B,6b5d6366cf0db41a8963390303f0d618584af789f54294c1421f6ed3ab4ca447,Source
41 Roberts Street,6b5d6366cf0db41a8963390303f0d618584af789f54294c1421f6ed3ab4ca447,Source
To locate higher building forms setback toward the centre of the site to provide transition in scale to the surrounding low scale areas.,6b5d6366cf0db41a8963390303f0d618584af789f54294c1421f6ed3ab4ca447,Source
Provide lower scale and density buildings along Edith Street.,6b5d6366cf0db41a8963390303f0d618584af789f54294c1421f6ed3ab4ca447,Source
Ensure buildings along Edith Street respect their interface with low density residential development.,6b5d6366cf0db41a8963390303f0d618584af789f54294c1421f6ed3ab4ca447,Source
Ensure Building A and Building B are setback adequately to respect their interface with 48 Edith Street and 41 Roberts Street.,6b5d6366cf0db41a8963390303f0d618584af789f54294c1421f6ed3ab4ca447,Source
Ensure that adequate separation is provided between Building A and Building B to avoid excessive overshadowing and to provide adequate amenity to residents.,6b5d6366cf0db41a8963390303f0d618584af789f54294c1421f6ed3ab4ca447,Source
To locate higher building forms setback toward the centre of the site,6b5d6366cf0db41a8963390303f0d618584af789f54294c1421f6ed3ab4ca447,Source
higher building forms,6b5d6366cf0db41a8963390303f0d618584af789f54294c1421f6ed3ab4ca447,Source
Provide lower scale and density buildings along Edith Street,6b5d6366cf0db41a8963390303f0d618584af789f54294c1421f6ed3ab4ca447,Source
lower scale and density buildings,6b5d6366cf0db41a8963390303f0d618584af789f54294c1421f6ed3ab4ca447,Source
Edith Street,6b5d6366cf0db41a8963390303f0d618584af789f54294c1421f6ed3ab4ca447,Source
Ensure buildings along Edith Street respect their interface with low density residential development,6b5d6366cf0db41a8963390303f0d618584af789f54294c1421f6ed3ab4ca447,Source
Ensure Building A and Building B are setback adequately to respect their interface with 48 Edith Street and 41 Roberts Street,6b5d6366cf0db41a8963390303f0d618584af789f54294c1421f6ed3ab4ca447,Source
Ensure that adequate separation is provided between Building A and Building B to avoid excessive overshadowing and to provide adequate amenity to residents,6b5d6366cf0db41a8963390303f0d618584af789f54294c1421f6ed3ab4ca447,Source
Cover,9590c98e3065b3beb08b2ffd66b0556b9324b2aa3bc03edb432e648eebeff613,Source
The Planning Document was adopted by Marrickville Council in 2010.,9590c98e3065b3beb08b2ffd66b0556b9324b2aa3bc03edb432e648eebeff613,Source
A public exhibition of the draft DCP was held for 8 weeks.,9590c98e3065b3beb08b2ffd66b0556b9324b2aa3bc03edb432e648eebeff613,Source
The Planning Document was placed on public exhibition in June 2011.,9590c98e3065b3beb08b2ffd66b0556b9324b2aa3bc03edb432e648eebeff613,Source
"The draft DCP included a range of new and amended policies, including those relating to heritage conservation.",9590c98e3065b3beb08b2ffd66b0556b9324b2aa3bc03edb432e648eebeff613,Source
There had been significant community interest in the proposed changes to the DCP since 2009.,9590c98e3065b3beb08b2ffd66b0556b9324b2aa3bc03edb432e648eebeff613,Source
The Marrickville Council sought to address these concerns through the revision of the DCP.,9590c98e3065b3beb08b2ffd66b0556b9324b2aa3bc03edb432e648eebeff613,Source
The Marrickville Council adopted Marrickville DCP 2011 on 23 February 2010.,9590c98e3065b3beb08b2ffd66b0556b9324b2aa3bc03edb432e648eebeff613,Source
Marrickville DCP 2004 was reviewed and updated to produce Marrickville DCP 2011.,9590c98e3065b3beb08b2ffd66b0556b9324b2aa3bc03edb432e648eebeff613,Source
Marrickville DCP 2004,9590c98e3065b3beb08b2ffd66b0556b9324b2aa3bc03edb432e648eebeff613,Source
The Planning Assessment Commission (PAC) was consulted during the review and update process of Marrickville DCP 2004.,9590c98e3065b3beb08b2ffd66b0556b9324b2aa3bc03edb432e648eebeff613,Source
Planning Assessment Commission (PAC),9590c98e3065b3beb08b2ffd66b0556b9324b2aa3bc03edb432e648eebeff613,Source
The public exhibition period for Marrickville DCP 2011 ended on 25 January 2009 and the draft was available online during this time.,9590c98e3065b3beb08b2ffd66b0556b9324b2aa3bc03edb432e648eebeff613,Source
Development Application Guidelines,f80043698a492a651b41a02d0c36a58ab27b7883fa39150bf079eb6d73b10d2a,Source
lodgement,f80043698a492a651b41a02d0c36a58ab27b7883fa39150bf079eb6d73b10d2a,Source
Exempt Development,f80043698a492a651b41a02d0c36a58ab27b7883fa39150bf079eb6d73b10d2a,Source
Complying Development,f80043698a492a651b41a02d0c36a58ab27b7883fa39150bf079eb6d73b10d2a,Source
State Environmental Planning Policy,f80043698a492a651b41a02d0c36a58ab27b7883fa39150bf079eb6d73b10d2a,Source
Designated Development,f80043698a492a651b41a02d0c36a58ab27b7883fa39150bf079eb6d73b10d2a,Source
EP&A Act,f80043698a492a651b41a02d0c36a58ab27b7883fa39150bf079eb6d73b10d2a,Source
Integrated Development,f80043698a492a651b41a02d0c36a58ab27b7883fa39150bf079eb6d73b10d2a,Source
EP&A Regulation,f80043698a492a651b41a02d0c36a58ab27b7883fa39150bf079eb6d73b10d2a,Source
A development application is not required for any proposed development classified as ‘exempt development or ‘complying development’ under Inner West LEP 2022,f80043698a492a651b41a02d0c36a58ab27b7883fa39150bf079eb6d73b10d2a,Source
The lodgement of a development application is required for any proposed development where Inner West Local Environmental Plan (Inner West LEP 2022) or any other environmental planning instrument specifies that a proposed development may only be carried out with development consent upon the land to which the instrument applies.,f80043698a492a651b41a02d0c36a58ab27b7883fa39150bf079eb6d73b10d2a,Source
Certain proposed developments may be classified as either under ‘designated development’ or an ‘integrated development’ under the EP&A Act or the EP&A Regulation in which case more EIS and public participation procedures apply,f80043698a492a651b41a02d0c36a58ab27b7883fa39150bf079eb6d73b10d2a,Source
"A development application is not required for any proposed development classified as ‘exempt development or ‘complying development’ under Inner West LEP 2022, any State Environmental Planning Policy (SEPP) or State Code.",f80043698a492a651b41a02d0c36a58ab27b7883fa39150bf079eb6d73b10d2a,Source
Development Application,f80043698a492a651b41a02d0c36a58ab27b7883fa39150bf079eb6d73b10d2a,Source
Inner West Local Environmental Plan (Inner West LEP 2022),f80043698a492a651b41a02d0c36a58ab27b7883fa39150bf079eb6d73b10d2a,Source
Environmental Planning Instrument,f80043698a492a651b41a02d0c36a58ab27b7883fa39150bf079eb6d73b10d2a,Source
State Environmental Planning Policy (SEPP),f80043698a492a651b41a02d0c36a58ab27b7883fa39150bf079eb6d73b10d2a,Source
State Code,f80043698a492a651b41a02d0c36a58ab27b7883fa39150bf079eb6d73b10d2a,Source
Certain proposed developments may be classified as either under ‘designated development’ or an ‘integrated development’ under the EP&A Act or the EP&A Regulation in which case more EIS and public participation procedures apply.,f80043698a492a651b41a02d0c36a58ab27b7883fa39150bf079eb6d73b10d2a,Source
Proposed Developments,f80043698a492a651b41a02d0c36a58ab27b7883fa39150bf079eb6d73b10d2a,Source
LE9962_1,d1974c8673903bc7a991713888aecad915b587130d1dcc2adda6a793b9b8ab73,Source
information,d1974c8673903bc7a991713888aecad915b587130d1dcc2adda6a793b9b8ab73,Source
Information,d1974c8673903bc7a991713888aecad915b587130d1dcc2adda6a793b9b8ab73,Source
planning details,d1974c8673903bc7a991713888aecad915b587130d1dcc2adda6a793b9b8ab73,Source
A timeline for the project was established.,d1974c8673903bc7a991713888aecad915b587130d1dcc2adda6a793b9b8ab73,Source
The project team held a meeting.,d1974c8673903bc7a991713888aecad915b587130d1dcc2adda6a793b9b8ab73,Source
The stakeholders were consulted on the project scope.,d1974c8673903bc7a991713888aecad915b587130d1dcc2adda6a793b9b8ab73,Source
The budget was approved by management.,d1974c8673903bc7a991713888aecad915b587130d1dcc2adda6a793b9b8ab73,Source
A detailed financial plan was submitted for review.,d1974c8673903bc7a991713888aecad915b587130d1dcc2adda6a793b9b8ab73,Source
The team members started working on their tasks.,d1974c8673903bc7a991713888aecad915b587130d1dcc2adda6a793b9b8ab73,Source
The project timeline and milestones were communicated to the team.,d1974c8673903bc7a991713888aecad915b587130d1dcc2adda6a793b9b8ab73,Source
Delays in the supply chain were encountered.,d1974c8673903bc7a991713888aecad915b587130d1dcc2adda6a793b9b8ab73,Source
The project deadline was extended by two weeks.,d1974c8673903bc7a991713888aecad915b587130d1dcc2adda6a793b9b8ab73,Source
The company will attend the conference in Las Vegas.,d1974c8673903bc7a991713888aecad915b587130d1dcc2adda6a793b9b8ab73,Source
Company,d1974c8673903bc7a991713888aecad915b587130d1dcc2adda6a793b9b8ab73,Source
Conference,d1974c8673903bc7a991713888aecad915b587130d1dcc2adda6a793b9b8ab73,Source
Las Vegas,d1974c8673903bc7a991713888aecad915b587130d1dcc2adda6a793b9b8ab73,Source
The project manager will meet with the sales team at 2 PM today.,d1974c8673903bc7a991713888aecad915b587130d1dcc2adda6a793b9b8ab73,Source
Project Manager,d1974c8673903bc7a991713888aecad915b587130d1dcc2adda6a793b9b8ab73,Source
Sales Team,d1974c8673903bc7a991713888aecad915b587130d1dcc2adda6a793b9b8ab73,Source
John from marketing has confirmed his attendance to the conference in Las Vegas.,d1974c8673903bc7a991713888aecad915b587130d1dcc2adda6a793b9b8ab73,Source
John,d1974c8673903bc7a991713888aecad915b587130d1dcc2adda6a793b9b8ab73,Source
Marketing Department,d1974c8673903bc7a991713888aecad915b587130d1dcc2adda6a793b9b8ab73,Source
Haberfield Heritage Conservation Area,608fe0df03f538e825ba3c5db398630f2076fa183252f3cedaf78570fccb1272,Source
land listed as C54,608fe0df03f538e825ba3c5db398630f2076fa183252f3cedaf78570fccb1272,Source
different controls,608fe0df03f538e825ba3c5db398630f2076fa183252f3cedaf78570fccb1272,Source
more specific control,608fe0df03f538e825ba3c5db398630f2076fa183252f3cedaf78570fccb1272,Source
Haberfield,608fe0df03f538e825ba3c5db398630f2076fa183252f3cedaf78570fccb1272,Source
heritage works,608fe0df03f538e825ba3c5db398630f2076fa183252f3cedaf78570fccb1272,Source
new buildings,608fe0df03f538e825ba3c5db398630f2076fa183252f3cedaf78570fccb1272,Source
heritage significance and character of Haberfield,608fe0df03f538e825ba3c5db398630f2076fa183252f3cedaf78570fccb1272,Source
the original development of the suburb,608fe0df03f538e825ba3c5db398630f2076fa183252f3cedaf78570fccb1272,Source
extensions,608fe0df03f538e825ba3c5db398630f2076fa183252f3cedaf78570fccb1272,Source
"original shape, height, proportion and scale or architectural character of the existing building",608fe0df03f538e825ba3c5db398630f2076fa183252f3cedaf78570fccb1272,Source
The controls for 2.2 Haberfield Heritage Conservation Area apply to the land listed as C54,608fe0df03f538e825ba3c5db398630f2076fa183252f3cedaf78570fccb1272,Source
Refer to Clause 6.20 of the Inner West Local Environmental Plan 2022 for additional controls on landscaped area and built form that apply to C54 - Haberfield Heritage Conservation Area.,608fe0df03f538e825ba3c5db398630f2076fa183252f3cedaf78570fccb1272,Source
In the event of any inconsistency in the application of different controls the more specific control will apply,608fe0df03f538e825ba3c5db398630f2076fa183252f3cedaf78570fccb1272,Source
To maintain the heritage significance of Haberfield and remove detrimental works where possible,608fe0df03f538e825ba3c5db398630f2076fa183252f3cedaf78570fccb1272,Source
"To ensure that where new buildings can be constructed, they are carefully designed to fit in with the heritage significance and character of Haberfield as a whole",608fe0df03f538e825ba3c5db398630f2076fa183252f3cedaf78570fccb1272,Source
Any new development (new building or extension to an existing building) shall produce site coverage similar in pattern and size to the site coverage established by the original development of the suburb,608fe0df03f538e825ba3c5db398630f2076fa183252f3cedaf78570fccb1272,Source
"Extensions shall not conceal, dominate, or otherwise compete with the original shape, height, proportion and scale or architectural character of the existing building",608fe0df03f538e825ba3c5db398630f2076fa183252f3cedaf78570fccb1272,Source
"Extensions are only permitted to the rear of the existing dwelling, extensions are not permitted to the side of an existing dwelling",608fe0df03f538e825ba3c5db398630f2076fa183252f3cedaf78570fccb1272,Source
Side setback areas and gardens should not be filled in,608fe0df03f538e825ba3c5db398630f2076fa183252f3cedaf78570fccb1272,Source
C54,608fe0df03f538e825ba3c5db398630f2076fa183252f3cedaf78570fccb1272,Source
suburb,608fe0df03f538e825ba3c5db398630f2076fa183252f3cedaf78570fccb1272,Source
existing building,608fe0df03f538e825ba3c5db398630f2076fa183252f3cedaf78570fccb1272,Source
new building,608fe0df03f538e825ba3c5db398630f2076fa183252f3cedaf78570fccb1272,Source
"Extensions are only permitted to the rear of the existing dwelling, extensions are not permitted to the side of an existing dwelling. Extensions to the rear of the existing dwelling must not be any wider than the existing dwelling, i.e., the rear extension should not be visible when the dwelling is viewed from the street",608fe0df03f538e825ba3c5db398630f2076fa183252f3cedaf78570fccb1272,Source
existing dwelling,608fe0df03f538e825ba3c5db398630f2076fa183252f3cedaf78570fccb1272,Source
Refer to Clause 6.20 of the Inner West Local Environmental Plan 2022 for additional controls on landscaped area and built form that apply to C54 - Haberfield Heritage Conservation Area,608fe0df03f538e825ba3c5db398630f2076fa183252f3cedaf78570fccb1272,Source
Inner West Local Environmental Plan 2022,608fe0df03f538e825ba3c5db398630f2076fa183252f3cedaf78570fccb1272,Source
Inner West Local Government Area,0a63f01fbd4ee82a77b786aaec4433d1559c0861ad91a9fc7b4491d7ace7f1b0,Source
Map 1,0a63f01fbd4ee82a77b786aaec4433d1559c0861ad91a9fc7b4491d7ace7f1b0,Source
Ashbury Ashfield,0a63f01fbd4ee82a77b786aaec4433d1559c0861ad91a9fc7b4491d7ace7f1b0,Source
Croydon,0a63f01fbd4ee82a77b786aaec4433d1559c0861ad91a9fc7b4491d7ace7f1b0,Source
Croydon Park,0a63f01fbd4ee82a77b786aaec4433d1559c0861ad91a9fc7b4491d7ace7f1b0,Source
Hurlstone Park,0a63f01fbd4ee82a77b786aaec4433d1559c0861ad91a9fc7b4491d7ace7f1b0,Source
Summer Hill,0a63f01fbd4ee82a77b786aaec4433d1559c0861ad91a9fc7b4491d7ace7f1b0,Source
Development Application (DA),0a63f01fbd4ee82a77b786aaec4433d1559c0861ad91a9fc7b4491d7ace7f1b0,Source
"LEP, DCP and other policies",0a63f01fbd4ee82a77b786aaec4433d1559c0861ad91a9fc7b4491d7ace7f1b0,Source
BASIX Certificate,0a63f01fbd4ee82a77b786aaec4433d1559c0861ad91a9fc7b4491d7ace7f1b0,Source
residential development in NSW,0a63f01fbd4ee82a77b786aaec4433d1559c0861ad91a9fc7b4491d7ace7f1b0,Source
This DCP applies to the Inner West Local Government Area for the extent of land shown on Map 1.,0a63f01fbd4ee82a77b786aaec4433d1559c0861ad91a9fc7b4491d7ace7f1b0,Source
"This includes the following suburbs: Ashbury Ashfield, Croydon, Croydon Park, Haberfield, Hurlstone Park and Summer Hill.",0a63f01fbd4ee82a77b786aaec4433d1559c0861ad91a9fc7b4491d7ace7f1b0,Source
This DCP has been made in accordance with Section 3.43 of the Environmental Planning & Assessment Act 1979 (the Act),0a63f01fbd4ee82a77b786aaec4433d1559c0861ad91a9fc7b4491d7ace7f1b0,Source
Compliance with the provisions of this DCP does not mean that a Development Application (DA) will be routinely approved.,0a63f01fbd4ee82a77b786aaec4433d1559c0861ad91a9fc7b4491d7ace7f1b0,Source
Inner West LEP 2022 has objectives for land use zones and key (statutory) development standards that need to be complied with,0a63f01fbd4ee82a77b786aaec4433d1559c0861ad91a9fc7b4491d7ace7f1b0,Source
this DCP also provides guidelines in addition to the key development standards.,0a63f01fbd4ee82a77b786aaec4433d1559c0861ad91a9fc7b4491d7ace7f1b0,Source
"Under section 4.15 of the Act, Council is required to consider a number heads of consideration as well as the provisions of this DCP",0a63f01fbd4ee82a77b786aaec4433d1559c0861ad91a9fc7b4491d7ace7f1b0,Source
assessing a development application.,0a63f01fbd4ee82a77b786aaec4433d1559c0861ad91a9fc7b4491d7ace7f1b0,Source
A BASIX Certificate demonstrates compliance with the NSW Government’s reduction targets for potable water consumption and greenhouse gas emissions,0a63f01fbd4ee82a77b786aaec4433d1559c0861ad91a9fc7b4491d7ace7f1b0,Source
a BASIX Certificate is required to form part of a development application or a construction certificate for a residential development in NSW.,0a63f01fbd4ee82a77b786aaec4433d1559c0861ad91a9fc7b4491d7ace7f1b0,Source
The DCP supports the Inner West LEP 2022 by providing guidelines that will encourage good urban design,0a63f01fbd4ee82a77b786aaec4433d1559c0861ad91a9fc7b4491d7ace7f1b0,Source
the guidelines will complement zone objectives and key development standards contained in the Inner West LEP 2022.,0a63f01fbd4ee82a77b786aaec4433d1559c0861ad91a9fc7b4491d7ace7f1b0,Source
"This includes the following suburbs: Ashbury, Ashfield, Croydon, Croydon Park, Haberfield, Hurlstone Park and Summer Hill.",0a63f01fbd4ee82a77b786aaec4433d1559c0861ad91a9fc7b4491d7ace7f1b0,Source
Ashbury,0a63f01fbd4ee82a77b786aaec4433d1559c0861ad91a9fc7b4491d7ace7f1b0,Source
Ashfield,0a63f01fbd4ee82a77b786aaec4433d1559c0861ad91a9fc7b4491d7ace7f1b0,Source
This DCP has been made in accordance with Section 3.43 of the Environmental Planning & Assessment Act 1979 (the Act) and must also be read in conjunction with the provisions of the LEP.,0a63f01fbd4ee82a77b786aaec4433d1559c0861ad91a9fc7b4491d7ace7f1b0,Source
Environmental Planning & Assessment Act 1979,0a63f01fbd4ee82a77b786aaec4433d1559c0861ad91a9fc7b4491d7ace7f1b0,Source
LEP,0a63f01fbd4ee82a77b786aaec4433d1559c0861ad91a9fc7b4491d7ace7f1b0,Source
"Each DA will be assessed having regard to the LEP, this DCP, other matters listed in Section 4.15of the Act, and any other relevant policies adopted by Council.",0a63f01fbd4ee82a77b786aaec4433d1559c0861ad91a9fc7b4491d7ace7f1b0,Source
Section 4.15 of the Act,0a63f01fbd4ee82a77b786aaec4433d1559c0861ad91a9fc7b4491d7ace7f1b0,Source
Inner West LEP 2022 has objectives for land use zones and key (statutory) development standards that need to be complied with in addition to the guidelines in this DCP.,0a63f01fbd4ee82a77b786aaec4433d1559c0861ad91a9fc7b4491d7ace7f1b0,Source
"Under section 4.15 of the Act, Council is required to consider a number heads of consideration as well as the provisions of this DCP when assessing a development application.",0a63f01fbd4ee82a77b786aaec4433d1559c0861ad91a9fc7b4491d7ace7f1b0,Source
A BASIX Certificate demonstrates compliance with the NSW Government’s reduction targets for potable water consumption and greenhouse gas emissions in new residential buildings.,0a63f01fbd4ee82a77b786aaec4433d1559c0861ad91a9fc7b4491d7ace7f1b0,Source
NSW Government,0a63f01fbd4ee82a77b786aaec4433d1559c0861ad91a9fc7b4491d7ace7f1b0,Source
The DCP supports the Inner West LEP 2022 by providing guidelines that will encourage good urban design which will complement zone objectives and key development standards contained in the Inner West LEP 2022.,0a63f01fbd4ee82a77b786aaec4433d1559c0861ad91a9fc7b4491d7ace7f1b0,Source
This Guideline,e773525023bbbb98631b5d56cc2228bc5b878c74695a147404241af53587c7ce,Source
this DCP,e773525023bbbb98631b5d56cc2228bc5b878c74695a147404241af53587c7ce,Source
building mass and height,e773525023bbbb98631b5d56cc2228bc5b878c74695a147404241af53587c7ce,Source
development control in Chapter A,e773525023bbbb98631b5d56cc2228bc5b878c74695a147404241af53587c7ce,Source
site coverage,e773525023bbbb98631b5d56cc2228bc5b878c74695a147404241af53587c7ce,Source
fences (style and height),e773525023bbbb98631b5d56cc2228bc5b878c74695a147404241af53587c7ce,Source
This Guideline applies to the Inner West Local Government Area for the extent of land show on Map 1 in Chapter A of this DCP.,e773525023bbbb98631b5d56cc2228bc5b878c74695a147404241af53587c7ce,Source
setbacks site coverage,e773525023bbbb98631b5d56cc2228bc5b878c74695a147404241af53587c7ce,Source
car parking fences (style and height),e773525023bbbb98631b5d56cc2228bc5b878c74695a147404241af53587c7ce,Source
The Inner West Local Government Area,e773525023bbbb98631b5d56cc2228bc5b878c74695a147404241af53587c7ce,Source
Map 1 in Chapter A of this DCP,e773525023bbbb98631b5d56cc2228bc5b878c74695a147404241af53587c7ce,Source
building mass and height is regulated by Clause Section 2 - height_limit (development_control):,e773525023bbbb98631b5d56cc2228bc5b878c74695a147404241af53587c7ce,Source
Clause Section 2 - height_limit (development_control),e773525023bbbb98631b5d56cc2228bc5b878c74695a147404241af53587c7ce,Source
setbacks are regulated by Clause Section 2 - setback (development_control):,e773525023bbbb98631b5d56cc2228bc5b878c74695a147404241af53587c7ce,Source
Clause Section 2 - setback (development_control),e773525023bbbb98631b5d56cc2228bc5b878c74695a147404241af53587c7ce,Source
car parking is regulated by Clause Section 2 - parking (development_control):,e773525023bbbb98631b5d56cc2228bc5b878c74695a147404241af53587c7ce,Source
Clause Section 2 - parking (development_control),e773525023bbbb98631b5d56cc2228bc5b878c74695a147404241af53587c7ce,Source
Purpose and Performance Criteria,a87ea5da749dec91475ddb33adc867da960592a8999a5cffed19402b0583a2f4,Source
all parts of the Purpose or all Performance Criteria,a87ea5da749dec91475ddb33adc867da960592a8999a5cffed19402b0583a2f4,Source
Map 1 is located in Chapter A of this DCP.,a87ea5da749dec91475ddb33adc867da960592a8999a5cffed19402b0583a2f4,Source
The Purpose and Performance Criteria identify the performance outcomes that must be achieved for council to consider granting development consent to a development application.,a87ea5da749dec91475ddb33adc867da960592a8999a5cffed19402b0583a2f4,Source
"Council will not approve a development application that cannot meet all parts of the Purpose or all Performance Criteria, where relevant.",a87ea5da749dec91475ddb33adc867da960592a8999a5cffed19402b0583a2f4,Source
"PC6. To ensure that development provides for a public footway along its entire street frontage that is well designed, accessible to all, safe, comfortable, attractive and functional",a87ea5da749dec91475ddb33adc867da960592a8999a5cffed19402b0583a2f4,Source
"To ensure that development provides for a public footway along its entire street frontage that is well designed, accessible to all, safe, comfortable, attractive and functional.",a87ea5da749dec91475ddb33adc867da960592a8999a5cffed19402b0583a2f4,Source
Chapter A of this DCP,a87ea5da749dec91475ddb33adc867da960592a8999a5cffed19402b0583a2f4,Source
council,a87ea5da749dec91475ddb33adc867da960592a8999a5cffed19402b0583a2f4,Source
performance outcomes,a87ea5da749dec91475ddb33adc867da960592a8999a5cffed19402b0583a2f4,Source
"To ensure that development provides for a public footway along its entire street frontage that is well designed, accessible to all, safe, comfortable, attractive and functional",a87ea5da749dec91475ddb33adc867da960592a8999a5cffed19402b0583a2f4,Source
public footway,a87ea5da749dec91475ddb33adc867da960592a8999a5cffed19402b0583a2f4,Source
street frontage,a87ea5da749dec91475ddb33adc867da960592a8999a5cffed19402b0583a2f4,Source
BASIX,e3c989eaadbf1328063159724870ae92c4e77bfdfe917f9ef44cb71e0eaf2c5f,Source
requirements,e3c989eaadbf1328063159724870ae92c4e77bfdfe917f9ef44cb71e0eaf2c5f,Source
BASIX certificate,e3c989eaadbf1328063159724870ae92c4e77bfdfe917f9ef44cb71e0eaf2c5f,Source
environmental targets,e3c989eaadbf1328063159724870ae92c4e77bfdfe917f9ef44cb71e0eaf2c5f,Source
BCA,e3c989eaadbf1328063159724870ae92c4e77bfdfe917f9ef44cb71e0eaf2c5f,Source
certain building types,e3c989eaadbf1328063159724870ae92c4e77bfdfe917f9ef44cb71e0eaf2c5f,Source
development application stage,e3c989eaadbf1328063159724870ae92c4e77bfdfe917f9ef44cb71e0eaf2c5f,Source
design of new buildings,e3c989eaadbf1328063159724870ae92c4e77bfdfe917f9ef44cb71e0eaf2c5f,Source
Inner West Council,e3c989eaadbf1328063159724870ae92c4e77bfdfe917f9ef44cb71e0eaf2c5f,Source
applicants,e3c989eaadbf1328063159724870ae92c4e77bfdfe917f9ef44cb71e0eaf2c5f,Source
"Building designs for new houses, alterations to houses, dual occupancies and residential flat buildings are required to comply with the BASIX State Environmental Planning Policy (SEPP).",e3c989eaadbf1328063159724870ae92c4e77bfdfe917f9ef44cb71e0eaf2c5f,Source
Council is unable to approve a development application for residential development that does not achieve the minimum BASIX ratings.,e3c989eaadbf1328063159724870ae92c4e77bfdfe917f9ef44cb71e0eaf2c5f,Source
A BASIX certificate is required to be submitted to Council with each development application and this certificate certifies that the dwelling proposal will meet the required environmental targets.,e3c989eaadbf1328063159724870ae92c4e77bfdfe917f9ef44cb71e0eaf2c5f,Source
The Building Code of Australia (BCA) requires certain non-residential building types to demonstrate they will meet minimum criteria for reducing energy consumption.,e3c989eaadbf1328063159724870ae92c4e77bfdfe917f9ef44cb71e0eaf2c5f,Source
"Inner West Council encourages applicants to go beyond the requirements of BASIX, and to incorporate as many sustainable design principles as possible",e3c989eaadbf1328063159724870ae92c4e77bfdfe917f9ef44cb71e0eaf2c5f,Source
This compliance must be shown at Construction Certificate stage.,e3c989eaadbf1328063159724870ae92c4e77bfdfe917f9ef44cb71e0eaf2c5f,Source
"Alterations and additions to existing buildings, when the extent of work exceeds 50 percent of the existing building area, are also affected.",e3c989eaadbf1328063159724870ae92c4e77bfdfe917f9ef44cb71e0eaf2c5f,Source
"In order to comply with the BCA energy requirements at the Construction Certificate stage, the design of new buildings will have to be resolved “upfront” at development application stage.",e3c989eaadbf1328063159724870ae92c4e77bfdfe917f9ef44cb71e0eaf2c5f,Source
building designs,e3c989eaadbf1328063159724870ae92c4e77bfdfe917f9ef44cb71e0eaf2c5f,Source
BASIX sets out requirements on how to achieve water conservation and energy efficiency targets for residential development.,e3c989eaadbf1328063159724870ae92c4e77bfdfe917f9ef44cb71e0eaf2c5f,Source
dwelling proposal,e3c989eaadbf1328063159724870ae92c4e77bfdfe917f9ef44cb71e0eaf2c5f,Source
Building Code of Australia (BCA),e3c989eaadbf1328063159724870ae92c4e77bfdfe917f9ef44cb71e0eaf2c5f,Source
non-residential building types,e3c989eaadbf1328063159724870ae92c4e77bfdfe917f9ef44cb71e0eaf2c5f,Source
Construction Certificate stage,e3c989eaadbf1328063159724870ae92c4e77bfdfe917f9ef44cb71e0eaf2c5f,Source
extent of work,e3c989eaadbf1328063159724870ae92c4e77bfdfe917f9ef44cb71e0eaf2c5f,Source
BCA energy requirements,e3c989eaadbf1328063159724870ae92c4e77bfdfe917f9ef44cb71e0eaf2c5f,Source
"Inner West Council encourages applicants to go beyond the requirements of BASIX, and to incorporate as many sustainable design principles as possible.",e3c989eaadbf1328063159724870ae92c4e77bfdfe917f9ef44cb71e0eaf2c5f,Source
Guidelines,ae32179d0bb8cb4604c5f450010aa6a7d3619925562bfb354c0eaff47ce59ba4,Source
amendment,ae32179d0bb8cb4604c5f450010aa6a7d3619925562bfb354c0eaff47ce59ba4,Source
Chapter,ae32179d0bb8cb4604c5f450010aa6a7d3619925562bfb354c0eaff47ce59ba4,Source
The document is titled Planning Document.,ae32179d0bb8cb4604c5f450010aa6a7d3619925562bfb354c0eaff47ce59ba4,Source
It was created to outline precinct guidelines.,ae32179d0bb8cb4604c5f450010aa6a7d3619925562bfb354c0eaff47ce59ba4,Source
The document also includes amendments made in 2022 by IWLEP.,ae32179d0bb8cb4604c5f450010aa6a7d3619925562bfb354c0eaff47ce59ba4,Source
IWLEP proposed these changes to the original 2016 document.,ae32179d0bb8cb4604c5f450010aa6a7d3619925562bfb354c0eaff47ce59ba4,Source
The 2022 amendments were made in response to changing community needs.,ae32179d0bb8cb4604c5f450010aa6a7d3619925562bfb354c0eaff47ce59ba4,Source
These changes reflected a shift towards more sustainable development practices.,ae32179d0bb8cb4604c5f450010aa6a7d3619925562bfb354c0eaff47ce59ba4,Source
The amendments were accepted and incorporated into the final document.,ae32179d0bb8cb4604c5f450010aa6a7d3619925562bfb354c0eaff47ce59ba4,Source
Planning Document has been created,ae32179d0bb8cb4604c5f450010aa6a7d3619925562bfb354c0eaff47ce59ba4,Source
City Council,ae32179d0bb8cb4604c5f450010aa6a7d3619925562bfb354c0eaff47ce59ba4,Source
Inner West Ashfield DCP,ae32179d0bb8cb4604c5f450010aa6a7d3619925562bfb354c0eaff47ce59ba4,Source
Document amendments have been made,ae32179d0bb8cb4604c5f450010aa6a7d3619925562bfb354c0eaff47ce59ba4,Source
IWLEP (Inner West Local Environment Plan),ae32179d0bb8cb4604c5f450010aa6a7d3619925562bfb354c0eaff47ce59ba4,Source
2022,ae32179d0bb8cb4604c5f450010aa6a7d3619925562bfb354c0eaff47ce59ba4,Source
buildings and sites,ab59c71153b36b3a31c41a8630d8a48a9746b14902e53abffbe110c0456c09c6,Source
archaeological sites,ab59c71153b36b3a31c41a8630d8a48a9746b14902e53abffbe110c0456c09c6,Source
Aboriginal heritage significance,ab59c71153b36b3a31c41a8630d8a48a9746b14902e53abffbe110c0456c09c6,Source
The Burra Charter,ab59c71153b36b3a31c41a8630d8a48a9746b14902e53abffbe110c0456c09c6,Source
heritage and conservation in NSW,ab59c71153b36b3a31c41a8630d8a48a9746b14902e53abffbe110c0456c09c6,Source
Part E1 applies to sites which are listed as Heritage Items in the Inner West LEP 2022,ab59c71153b36b3a31c41a8630d8a48a9746b14902e53abffbe110c0456c09c6,Source
"heritage items, buildings and sites within heritage conservation areas, and archaeological sites and places of Aboriginal heritage significance require consideration for development",ab59c71153b36b3a31c41a8630d8a48a9746b14902e53abffbe110c0456c09c6,Source
Ensure that heritage significance is considered for development involving heritage items,ab59c71153b36b3a31c41a8630d8a48a9746b14902e53abffbe110c0456c09c6,Source
Enhance the character and heritage significance of heritage items,ab59c71153b36b3a31c41a8630d8a48a9746b14902e53abffbe110c0456c09c6,Source
"Heritage planning aims to ensure that the significant buildings, sites and elements of the past are appropriately managed and respected when planning for new development",ab59c71153b36b3a31c41a8630d8a48a9746b14902e53abffbe110c0456c09c6,Source
Heritage conservation does not preclude change but does require heritage values to be retained and managed,ab59c71153b36b3a31c41a8630d8a48a9746b14902e53abffbe110c0456c09c6,Source
Change should be based on an understanding of heritage significance,ab59c71153b36b3a31c41a8630d8a48a9746b14902e53abffbe110c0456c09c6,Source
The level of change should respect the heritage significance of the item or area,ab59c71153b36b3a31c41a8630d8a48a9746b14902e53abffbe110c0456c09c6,Source
Part E1 applies to sites which are listed as Heritage Items listed in the Inner West LEP 2022,ab59c71153b36b3a31c41a8630d8a48a9746b14902e53abffbe110c0456c09c6,Source
"Ensure that heritage significance is considered for development involving: heritage items, buildings and sites within heritage conservation areas, and archaeological sites and places of Aboriginal heritage significance.",ab59c71153b36b3a31c41a8630d8a48a9746b14902e53abffbe110c0456c09c6,Source
sites within heritage conservation areas,ab59c71153b36b3a31c41a8630d8a48a9746b14902e53abffbe110c0456c09c6,Source
places of Aboriginal heritage significance,ab59c71153b36b3a31c41a8630d8a48a9746b14902e53abffbe110c0456c09c6,Source
Enhance the character and heritage significance of heritage items and heritage conservation areas and ensure that infill development is designed to respond positively to the heritage character of adjoining and nearby heritage buildings and heritage features in the public domain.,ab59c71153b36b3a31c41a8630d8a48a9746b14902e53abffbe110c0456c09c6,Source
adjoining heritage buildings,ab59c71153b36b3a31c41a8630d8a48a9746b14902e53abffbe110c0456c09c6,Source
nearby heritage buildings,ab59c71153b36b3a31c41a8630d8a48a9746b14902e53abffbe110c0456c09c6,Source
heritage features in the public domain,ab59c71153b36b3a31c41a8630d8a48a9746b14902e53abffbe110c0456c09c6,Source
"Heritage planning aims to ensure that the significant buildings, sites and elements of the past are appropriately managed and respected when planning for new development.",ab59c71153b36b3a31c41a8630d8a48a9746b14902e53abffbe110c0456c09c6,Source
significant buildings,ab59c71153b36b3a31c41a8630d8a48a9746b14902e53abffbe110c0456c09c6,Source
elements of the past,ab59c71153b36b3a31c41a8630d8a48a9746b14902e53abffbe110c0456c09c6,Source
Heritage conservation does not preclude change but does require heritage values to be retained and managed when development takes place.,ab59c71153b36b3a31c41a8630d8a48a9746b14902e53abffbe110c0456c09c6,Source
This Development Control Plan (DCP) is consistent with the Australia International Council on Monuments and Sites (ICOMOS) Charter for Conservation of Places of Cultural Significance (The Burra Charter) 2013.,ab59c71153b36b3a31c41a8630d8a48a9746b14902e53abffbe110c0456c09c6,Source
Australia International Council on Monuments and Sites (ICOMOS),ab59c71153b36b3a31c41a8630d8a48a9746b14902e53abffbe110c0456c09c6,Source
The Burra Charter 2013,ab59c71153b36b3a31c41a8630d8a48a9746b14902e53abffbe110c0456c09c6,Source
"Change should be based on an understanding of heritage significance, and The level of change should respect the heritage significance of the item or area.",ab59c71153b36b3a31c41a8630d8a48a9746b14902e53abffbe110c0456c09c6,Source
heritage significance,ab59c71153b36b3a31c41a8630d8a48a9746b14902e53abffbe110c0456c09c6,Source
item or area,ab59c71153b36b3a31c41a8630d8a48a9746b14902e53abffbe110c0456c09c6,Source
"The intention of these provisions is to ensure that decisions about change are made with due regard to heritage significance, and that opportunities to improve the understanding and appreciation of this significance are taken.",ab59c71153b36b3a31c41a8630d8a48a9746b14902e53abffbe110c0456c09c6,Source
decisions about change,ab59c71153b36b3a31c41a8630d8a48a9746b14902e53abffbe110c0456c09c6,Source
Amendment,c4bce62d03a71e28bceef53dfed235f7005469d480ca9f46c4fcf97683d9c8b4,Source
Development Category,c4bce62d03a71e28bceef53dfed235f7005469d480ca9f46c4fcf97683d9c8b4,Source
IWLEP 2022,c4bce62d03a71e28bceef53dfed235f7005469d480ca9f46c4fcf97683d9c8b4,Source
The Planning Document was created in 2016.,c4bce62d03a71e28bceef53dfed235f7005469d480ca9f46c4fcf97683d9c8b4,Source
It had an amendment made by IWLEP in 2022.,c4bce62d03a71e28bceef53dfed235f7005469d480ca9f46c4fcf97683d9c8b4,Source
The document was amended by IWLEP in 2022.,c4bce62d03a71e28bceef53dfed235f7005469d480ca9f46c4fcf97683d9c8b4,Source
The original document was created in 2016.,c4bce62d03a71e28bceef53dfed235f7005469d480ca9f46c4fcf97683d9c8b4,Source
IWLEP made an amendment to the document in 2022.,c4bce62d03a71e28bceef53dfed235f7005469d480ca9f46c4fcf97683d9c8b4,Source
There were updates needed for the development category with IWLEP 2022 amendment.,c4bce62d03a71e28bceef53dfed235f7005469d480ca9f46c4fcf97683d9c8b4,Source
The Inner West Ashfield DCP was updated in 2016.,c4bce62d03a71e28bceef53dfed235f7005469d480ca9f46c4fcf97683d9c8b4,Source
IWLEP (2022),c4bce62d03a71e28bceef53dfed235f7005469d480ca9f46c4fcf97683d9c8b4,Source
A plan for development category with IWLEP was added to the document in 2022.,c4bce62d03a71e28bceef53dfed235f7005469d480ca9f46c4fcf97683d9c8b4,Source
IWLEP,c4bce62d03a71e28bceef53dfed235f7005469d480ca9f46c4fcf97683d9c8b4,Source
development category,c4bce62d03a71e28bceef53dfed235f7005469d480ca9f46c4fcf97683d9c8b4,Source
Chapter G - Definitions,e12f969547ed4cbd5e6c6d7049d8d69642120fef95cfdf4ddcc49bca7b94b76d,Source
amendments from IWLEP 2022,e12f969547ed4cbd5e6c6d7049d8d69642120fef95cfdf4ddcc49bca7b94b76d,Source
The planning document is titled Inner West Ashfield DCP 2016.,e12f969547ed4cbd5e6c6d7049d8d69642120fef95cfdf4ddcc49bca7b94b76d,Source
This document has undergone amendments from the IWLEP in 2022.,e12f969547ed4cbd5e6c6d7049d8d69642120fef95cfdf4ddcc49bca7b94b76d,Source
The document was originally created in 2016.,e12f969547ed4cbd5e6c6d7049d8d69642120fef95cfdf4ddcc49bca7b94b76d,Source
The Inner West Local Environment Plan (IWLEP) was also being formulated in 2016.,e12f969547ed4cbd5e6c6d7049d8d69642120fef95cfdf4ddcc49bca7b94b76d,Source
The IWLEP amendments were made in 2022.,e12f969547ed4cbd5e6c6d7049d8d69642120fef95cfdf4ddcc49bca7b94b76d,Source
The planning document had already been created in 2016 before the amendments were made.,e12f969547ed4cbd5e6c6d7049d8d69642120fef95cfdf4ddcc49bca7b94b76d,Source
The document is titled 'Inner West Ashfield DCP 2016',e12f969547ed4cbd5e6c6d7049d8d69642120fef95cfdf4ddcc49bca7b94b76d,Source
docs/dcps/INNERWEST,e12f969547ed4cbd5e6c6d7049d8d69642120fef95cfdf4ddcc49bca7b94b76d,Source
Inner West Ashfield DCP 2016,e12f969547ed4cbd5e6c6d7049d8d69642120fef95cfdf4ddcc49bca7b94b76d,Source
Chapter G deals with definitions,e12f969547ed4cbd5e6c6d7049d8d69642120fef95cfdf4ddcc49bca7b94b76d,Source
Chapter G,e12f969547ed4cbd5e6c6d7049d8d69642120fef95cfdf4ddcc49bca7b94b76d,Source
The document has amendments from IWLEP in 2022,e12f969547ed4cbd5e6c6d7049d8d69642120fef95cfdf4ddcc49bca7b94b76d,Source
The planning document is dated April 24.,dd74620bb1213bc7ce47e10bf2e8a46e435d8bb799ed85451d660e184a460345,Source
IWLEP 2022 amendments were made to it.,dd74620bb1213bc7ce47e10bf2e8a46e435d8bb799ed85451d660e184a460345,Source
The document was initially written in 2016.,dd74620bb1213bc7ce47e10bf2e8a46e435d8bb799ed85451d660e184a460345,Source
IWLEP 2022 amendments were finalized on that date.,dd74620bb1213bc7ce47e10bf2e8a46e435d8bb799ed85451d660e184a460345,Source
The Planning Document is titled Inner West Ashfield DCP 2016 - Chapter H - with IWLEP 2022 amendments Apr 24.,dd74620bb1213bc7ce47e10bf2e8a46e435d8bb799ed85451d660e184a460345,Source
Chapter H,dd74620bb1213bc7ce47e10bf2e8a46e435d8bb799ed85451d660e184a460345,Source
The document is located in the directory docs/dcps/INNERWEST/,dd74620bb1213bc7ce47e10bf2e8a46e435d8bb799ed85451d660e184a460345,Source
docs,dd74620bb1213bc7ce47e10bf2e8a46e435d8bb799ed85451d660e184a460345,Source
dcps,dd74620bb1213bc7ce47e10bf2e8a46e435d8bb799ed85451d660e184a460345,Source
INNERWEST,dd74620bb1213bc7ce47e10bf2e8a46e435d8bb799ed85451d660e184a460345,Source
Contents,7dccecec8c4d4e6da0c2335ef71e94a7b18ce033f5cd9c1b256351eb5f2e617e,Source
docs/dcps/INNERWEST/Marrickville,7dccecec8c4d4e6da0c2335ef71e94a7b18ce033f5cd9c1b256351eb5f2e617e,Source
The planning document is for Marrickville DCP 2011.,7dccecec8c4d4e6da0c2335ef71e94a7b18ce033f5cd9c1b256351eb5f2e617e,Source
A development control plan was needed to be created.,7dccecec8c4d4e6da0c2335ef71e94a7b18ce033f5cd9c1b256351eb5f2e617e,Source
Planning documents are used in many councils across NSW.,7dccecec8c4d4e6da0c2335ef71e94a7b18ce033f5cd9c1b256351eb5f2e617e,Source
Marrickville council has its own set of planning documents.,7dccecec8c4d4e6da0c2335ef71e94a7b18ce033f5cd9c1b256351eb5f2e617e,Source
The document is for Marrickville DCP 2011.,7dccecec8c4d4e6da0c2335ef71e94a7b18ce033f5cd9c1b256351eb5f2e617e,Source
A previous development control plan was created in 2004.,7dccecec8c4d4e6da0c2335ef71e94a7b18ce033f5cd9c1b256351eb5f2e617e,Source
The document has contents with a date of November 22nd,7dccecec8c4d4e6da0c2335ef71e94a7b18ce033f5cd9c1b256351eb5f2e617e,Source
November,7dccecec8c4d4e6da0c2335ef71e94a7b18ce033f5cd9c1b256351eb5f2e617e,Source
22nd,7dccecec8c4d4e6da0c2335ef71e94a7b18ce033f5cd9c1b256351eb5f2e617e,Source
A planning document is available in the docs/dcps/INNERWEST/Marrickville directory,7dccecec8c4d4e6da0c2335ef71e94a7b18ce033f5cd9c1b256351eb5f2e617e,Source
directory,7dccecec8c4d4e6da0c2335ef71e94a7b18ce033f5cd9c1b256351eb5f2e617e,Source
Flood Control,fbcbd5e78ecfe07e2baae2fe1b7a24e368e2319e34e0a78c83b0789f25c2d117,Source
Lot Map,fbcbd5e78ecfe07e2baae2fe1b7a24e368e2319e34e0a78c83b0789f25c2d117,Source
Northern view,fbcbd5e78ecfe07e2baae2fe1b7a24e368e2319e34e0a78c83b0789f25c2d117,Source
The planning document is named 'Flood Control Lot Map - Northern view.pdf'.,fbcbd5e78ecfe07e2baae2fe1b7a24e368e2319e34e0a78c83b0789f25c2d117,Source
The planning document is located in a directory called 'docs/dcps/INNERWEST/leichhardt/'.,fbcbd5e78ecfe07e2baae2fe1b7a24e368e2319e34e0a78c83b0789f25c2d117,Source
A directory exists with the path 'docs/dcps/INNERWEST/leichhardt/'.,fbcbd5e78ecfe07e2baae2fe1b7a24e368e2319e34e0a78c83b0789f25c2d117,Source
The planning document is placed inside this directory.,fbcbd5e78ecfe07e2baae2fe1b7a24e368e2319e34e0a78c83b0789f25c2d117,Source
The planning document needs to be named.,fbcbd5e78ecfe07e2baae2fe1b7a24e368e2319e34e0a78c83b0789f25c2d117,Source
The planning document contains information about flood control lots in the Northern view area.,fbcbd5e78ecfe07e2baae2fe1b7a24e368e2319e34e0a78c83b0789f25c2d117,Source
A directory exists with the path 'docs/dcps/INNERWEST/'.,fbcbd5e78ecfe07e2baae2fe1b7a24e368e2319e34e0a78c83b0789f25c2d117,Source
"Another directory is created inside it, called 'leichhardt/'",fbcbd5e78ecfe07e2baae2fe1b7a24e368e2319e34e0a78c83b0789f25c2d117,Source
The Planning Document is located in the folder docs/dcps/INNERWEST/leichhardt.,fbcbd5e78ecfe07e2baae2fe1b7a24e368e2319e34e0a78c83b0789f25c2d117,Source
docs/dcps/INNERWEST/leichhardt,fbcbd5e78ecfe07e2baae2fe1b7a24e368e2319e34e0a78c83b0789f25c2d117,Source
The document is named Flood Control Lot Map - Northern view.pdf.,fbcbd5e78ecfe07e2baae2fe1b7a24e368e2319e34e0a78c83b0789f25c2d117,Source
Flood Control Lot Map - Northern view.pdf,fbcbd5e78ecfe07e2baae2fe1b7a24e368e2319e34e0a78c83b0789f25c2d117,Source
Map,d716ea67bef5acab404d8cbffd53d41b9c8ce17e6e757ca10154de204b595b3a,Source
The Planning Document exists.,d716ea67bef5acab404d8cbffd53d41b9c8ce17e6e757ca10154de204b595b3a,Source
Its creation is necessary for flood control planning.,d716ea67bef5acab404d8cbffd53d41b9c8ce17e6e757ca10154de204b595b3a,Source
Floods have been a recurring problem in the area.,d716ea67bef5acab404d8cbffd53d41b9c8ce17e6e757ca10154de204b595b3a,Source
The population has been growing rapidly over the years.,d716ea67bef5acab404d8cbffd53d41b9c8ce17e6e757ca10154de204b595b3a,Source
The Planning Document is named.,d716ea67bef5acab404d8cbffd53d41b9c8ce17e6e757ca10154de204b595b3a,Source
docs/dcps/INNERWEST/leichhardt/Flood Control Lot Map - Southern view.pdf,d716ea67bef5acab404d8cbffd53d41b9c8ce17e6e757ca10154de204b595b3a,Source
A document was created for Flood Control purposes.,d716ea67bef5acab404d8cbffd53d41b9c8ce17e6e757ca10154de204b595b3a,Source
Lot,10edf3b1e1bc868f189198d957551323b08a42a3391133f49e20a96ed1f37392,Source
The planning document is titled Flood Control Lot Map – Central View.,10edf3b1e1bc868f189198d957551323b08a42a3391133f49e20a96ed1f37392,Source
A flood control lot map for the central view of Leichhardt was previously created.,10edf3b1e1bc868f189198d957551323b08a42a3391133f49e20a96ed1f37392,Source
This document is related to the inner west region and the planning process.,10edf3b1e1bc868f189198d957551323b08a42a3391133f49e20a96ed1f37392,Source
The document is titled 'Flood Control Lot Map – Central View'.,10edf3b1e1bc868f189198d957551323b08a42a3391133f49e20a96ed1f37392,Source
docs/dcps/INNERWEST/leichhardt/Flood Control Lot Map – Central View.pdf,10edf3b1e1bc868f189198d957551323b08a42a3391133f49e20a96ed1f37392,Source
The planning document is located in the folder docs/dcps/INNERWEST/leichhardt.,4b0882caa9733741c962c2db35d2fc5260bbfa1da7d4fb72acfe047000591a0c,Source
the document is relevant to the Inner West region.,4b0882caa9733741c962c2db35d2fc5260bbfa1da7d4fb72acfe047000591a0c,Source
The document is a PDF file.,4b0882caa9733741c962c2db35d2fc5260bbfa1da7d4fb72acfe047000591a0c,Source
it can be viewed with Adobe Acrobat or other compatible software.,4b0882caa9733741c962c2db35d2fc5260bbfa1da7d4fb72acfe047000591a0c,Source
The Planning Document is titled 'Foreshore Flood Control Lot Map - Central view'.,4b0882caa9733741c962c2db35d2fc5260bbfa1da7d4fb72acfe047000591a0c,Source
title,4b0882caa9733741c962c2db35d2fc5260bbfa1da7d4fb72acfe047000591a0c,Source
The document is located in a folder named 'docs/dcps/INNERWEST/leichhardt'.,4b0882caa9733741c962c2db35d2fc5260bbfa1da7d4fb72acfe047000591a0c,Source
folder,4b0882caa9733741c962c2db35d2fc5260bbfa1da7d4fb72acfe047000591a0c,Source
plan,2520b882018473830295a34aa462e2425b09d564dd5e93d65bebe2308b56b520,Source
The document is titled Leichhardt Foreshore Flood Control Lot Map - Northern view.,2520b882018473830295a34aa462e2425b09d564dd5e93d65bebe2308b56b520,Source
Planning Document: docs/dcps/INNERWEST/leichhardt/Foreshore Flood Control Lot Map - Northern view.pdf was created.,2520b882018473830295a34aa462e2425b09d564dd5e93d65bebe2308b56b520,Source
The Planning Document is located in docs/dcps/INNERWEST/leichhardt/Foreshore Flood Control Lot Map - Northern view.pdf,2520b882018473830295a34aa462e2425b09d564dd5e93d65bebe2308b56b520,Source
the objectives of the applicable zone,67ded95aa2a18970ca74fa26cb1039f7bca1b76beae1aedc1a5c4c20870745f3,Source
items of heritage significance,67ded95aa2a18970ca74fa26cb1039f7bca1b76beae1aedc1a5c4c20870745f3,Source
adequate parking on site,67ded95aa2a18970ca74fa26cb1039f7bca1b76beae1aedc1a5c4c20870745f3,Source
impacts on waterways and native vegetation,67ded95aa2a18970ca74fa26cb1039f7bca1b76beae1aedc1a5c4c20870745f3,Source
See relevant zone objectives and height control maps,67ded95aa2a18970ca74fa26cb1039f7bca1b76beae1aedc1a5c4c20870745f3,Source
Clause 3.4.1 - height_limit (development_control),67ded95aa2a18970ca74fa26cb1039f7bca1b76beae1aedc1a5c4c20870745f3,Source
See relevant zone objectives and floor space ratio maps,67ded95aa2a18970ca74fa26cb1039f7bca1b76beae1aedc1a5c4c20870745f3,Source
Clause 3.4.2 - fsr_control (development_control),67ded95aa2a18970ca74fa26cb1039f7bca1b76beae1aedc1a5c4c20870745f3,Source
See relevant zone objectives and setback maps,67ded95aa2a18970ca74fa26cb1039f7bca1b76beae1aedc1a5c4c20870745f3,Source
Clause 3.4.3 - setback (development_control),67ded95aa2a18970ca74fa26cb1039f7bca1b76beae1aedc1a5c4c20870745f3,Source
Development must be consistent with the objectives of the applicable zone.,67ded95aa2a18970ca74fa26cb1039f7bca1b76beae1aedc1a5c4c20870745f3,Source
Clause 3.1 - zoning (land_use_zoning),67ded95aa2a18970ca74fa26cb1039f7bca1b76beae1aedc1a5c4c20870745f3,Source
Clause 5.1 - heritage (heritage),67ded95aa2a18970ca74fa26cb1039f7bca1b76beae1aedc1a5c4c20870745f3,Source
Adequate parking must be provided on site to meet the needs of the development,67ded95aa2a18970ca74fa26cb1039f7bca1b76beae1aedc1a5c4c20870745f3,Source
Clause 6.2 - parking (development_control),67ded95aa2a18970ca74fa26cb1039f7bca1b76beae1aedc1a5c4c20870745f3,Source
Development should preserve items of heritage significance,67ded95aa2a18970ca74fa26cb1039f7bca1b76beae1aedc1a5c4c20870745f3,Source
Clause 7.3 - environmental_protection (environmental_protection),67ded95aa2a18970ca74fa26cb1039f7bca1b76beae1aedc1a5c4c20870745f3,Source
Zone,67ded95aa2a18970ca74fa26cb1039f7bca1b76beae1aedc1a5c4c20870745f3,Source
Applicable Zone,67ded95aa2a18970ca74fa26cb1039f7bca1b76beae1aedc1a5c4c20870745f3,Source
Parking,67ded95aa2a18970ca74fa26cb1039f7bca1b76beae1aedc1a5c4c20870745f3,Source
Site,67ded95aa2a18970ca74fa26cb1039f7bca1b76beae1aedc1a5c4c20870745f3,Source
Heritage,67ded95aa2a18970ca74fa26cb1039f7bca1b76beae1aedc1a5c4c20870745f3,Source
Items of Heritage Significance,67ded95aa2a18970ca74fa26cb1039f7bca1b76beae1aedc1a5c4c20870745f3,Source
Development must minimise impacts on waterways and native vegetation.,67ded95aa2a18970ca74fa26cb1039f7bca1b76beae1aedc1a5c4c20870745f3,Source
Waterways,67ded95aa2a18970ca74fa26cb1039f7bca1b76beae1aedc1a5c4c20870745f3,Source
Leichhardt DCP 2013 - 10 - Part E Water,f47808250e653b0264b971dca6468566a3ea1215ab976d4c005b420201412e29,Source
Water Management Statement,f47808250e653b0264b971dca6468566a3ea1215ab976d4c005b420201412e29,Source
Integrated Water Cycle Plan,f47808250e653b0264b971dca6468566a3ea1215ab976d4c005b420201412e29,Source
applications for dwelling or residential lots over 15,f47808250e653b0264b971dca6468566a3ea1215ab976d4c005b420201412e29,Source
Stormwater Drainage Concept Plan,f47808250e653b0264b971dca6468566a3ea1215ab976d4c005b420201412e29,Source
alterations or additions to roof areas,f47808250e653b0264b971dca6468566a3ea1215ab976d4c005b420201412e29,Source
Flood Risk Management Report,f47808250e653b0264b971dca6468566a3ea1215ab976d4c005b420201412e29,Source
flood control lots on maps in Appendix E – Part 4,f47808250e653b0264b971dca6468566a3ea1215ab976d4c005b420201412e29,Source
"To ensure that development is carefully designed, constructed and maintained to minimise impacts on the water cycle",f47808250e653b0264b971dca6468566a3ea1215ab976d4c005b420201412e29,Source
A Water Management Statement is to be included with all development applications where building works or subdivision is proposed.,f47808250e653b0264b971dca6468566a3ea1215ab976d4c005b420201412e29,Source
Water Management Statement is to be included with all development applications where building works or subdivision is proposed.,f47808250e653b0264b971dca6468566a3ea1215ab976d4c005b420201412e29,Source
"An Integrated Water Cycle Plan is required for all applications which are for: 15 or more dwellings or residential lots, or the provision of accommodation for 50 or more residents, occupants or employees, or the creation of 2,500sqm or greater of impermeable surface, or the subdivision of 2,500sqm or greater of land for commercial or industrial purposes, or proposals which are expected to generate a water demand of 5,000 litres per day or more.",f47808250e653b0264b971dca6468566a3ea1215ab976d4c005b420201412e29,Source
"A Stormwater Drainage Concept Plan is required for all applications that include alterations or additions to existing roof areas, new roof areas",f47808250e653b0264b971dca6468566a3ea1215ab976d4c005b420201412e29,Source
A Flood Risk Management Report is required for applications that are identified as flood control lots on the maps in Appendix E – Part 4: Flood Control Lot Maps.,f47808250e653b0264b971dca6468566a3ea1215ab976d4c005b420201412e29,Source
Water Cycle,f47808250e653b0264b971dca6468566a3ea1215ab976d4c005b420201412e29,Source
"An Integrated Water Cycle Plan is required for all applications which are for: a. 15 or more dwellings or residential lots, or b. the provision of accommodation for 50 or more residents, occupants or employees, or c. the creation of 2,500sqm or greater of impermeable surface, or d. the subdivision of 2,500sqm or greater of land for commercial or industrial purposes, or e. proposals which are expected to generate a water demand of 5,000 litres per day or more.",f47808250e653b0264b971dca6468566a3ea1215ab976d4c005b420201412e29,Source
Applications,f47808250e653b0264b971dca6468566a3ea1215ab976d4c005b420201412e29,Source
Maps in Appendix E,f47808250e653b0264b971dca6468566a3ea1215ab976d4c005b420201412e29,Source
Leichhardt DCP 2013,045cd954ce8f14a4265476c6b7f6822878f26d155eb1406e43fefebb5c572be9,Source
contaminated land management,045cd954ce8f14a4265476c6b7f6822878f26d155eb1406e43fefebb5c572be9,Source
Part C1.8 Contamination,045cd954ce8f14a4265476c6b7f6822878f26d155eb1406e43fefebb5c572be9,Source
previous land use,045cd954ce8f14a4265476c6b7f6822878f26d155eb1406e43fefebb5c572be9,Source
contamination at the site,045cd954ce8f14a4265476c6b7f6822878f26d155eb1406e43fefebb5c572be9,Source
compost and well-rotted manure,045cd954ce8f14a4265476c6b7f6822878f26d155eb1406e43fefebb5c572be9,Source
healthy soil,045cd954ce8f14a4265476c6b7f6822878f26d155eb1406e43fefebb5c572be9,Source
native and exotic species,045cd954ce8f14a4265476c6b7f6822878f26d155eb1406e43fefebb5c572be9,Source
plant diversity,045cd954ce8f14a4265476c6b7f6822878f26d155eb1406e43fefebb5c572be9,Source
organic and chemical free agricultural practice,045cd954ce8f14a4265476c6b7f6822878f26d155eb1406e43fefebb5c572be9,Source
pest management and plant maintenance,045cd954ce8f14a4265476c6b7f6822878f26d155eb1406e43fefebb5c572be9,Source
"The Development Control Plan creates the framework to ensure that while carrying out its planning functions, Council considers the possibility that a previous land use or environmental factors surrounding a specific site have caused contamination at the site.",045cd954ce8f14a4265476c6b7f6822878f26d155eb1406e43fefebb5c572be9,Source
Council’s approach and responsibilities for contaminated land management are outlined within Part C1.8 Contamination of this Development Control Plan.,045cd954ce8f14a4265476c6b7f6822878f26d155eb1406e43fefebb5c572be9,Source
Council supports the use of organic and chemical free agricultural practice in pest management and plant maintenance.,045cd954ce8f14a4265476c6b7f6822878f26d155eb1406e43fefebb5c572be9,Source
"Plant diversity should be maintained through the planting of both native and exotic species that are not weed species, and are not an exempt species as listed in Part C1.14 – Tree Management within this Development Control Plan",045cd954ce8f14a4265476c6b7f6822878f26d155eb1406e43fefebb5c572be9,Source
Applicants are to submit a development application to Council for development of a Community Garden on private land or land owned by or control vested in Council.,045cd954ce8f14a4265476c6b7f6822878f26d155eb1406e43fefebb5c572be9,Source
Healthy soil is to be maintained through the incorporation of compost and well-rotted manure without excess nitrogen.,045cd954ce8f14a4265476c6b7f6822878f26d155eb1406e43fefebb5c572be9,Source
Council considers the possibility that a previous land use or environmental factors surrounding a specific site have caused contamination at the site.,045cd954ce8f14a4265476c6b7f6822878f26d155eb1406e43fefebb5c572be9,Source
Leichhardt Council,045cd954ce8f14a4265476c6b7f6822878f26d155eb1406e43fefebb5c572be9,Source
Land owners,045cd954ce8f14a4265476c6b7f6822878f26d155eb1406e43fefebb5c572be9,Source
"Plant diversity should be maintained through the planting of both native and exotic species that are not weed species, and are not an exempt species.",045cd954ce8f14a4265476c6b7f6822878f26d155eb1406e43fefebb5c572be9,Source
Applicants,045cd954ce8f14a4265476c6b7f6822878f26d155eb1406e43fefebb5c572be9,Source
Clause,e4ab1db647db390f9d974a339ec0e822cf6ce4cf6e19eed92d59c2048e0da0fd,Source
other,e4ab1db647db390f9d974a339ec0e822cf6ce4cf6e19eed92d59c2048e0da0fd,Source
parking_rates,e4ab1db647db390f9d974a339ec0e822cf6ce4cf6e19eed92d59c2048e0da0fd,Source
"Clause G2.3 is about ACCESS, TRAFFIC MANAGEMENT AND PARKING",e4ab1db647db390f9d974a339ec0e822cf6ce4cf6e19eed92d59c2048e0da0fd,Source
"Clause G4.4 is also about ACCESS, TRAFFIC MANAGEMENT AND PARKING",e4ab1db647db390f9d974a339ec0e822cf6ce4cf6e19eed92d59c2048e0da0fd,Source
Clause G5.1 is about HERITAGE,e4ab1db647db390f9d974a339ec0e822cf6ce4cf6e19eed92d59c2048e0da0fd,Source
"Clause G5.10 is about ACCESS, TRAFFIC MANAGEMENT AND PARKING",e4ab1db647db390f9d974a339ec0e822cf6ce4cf6e19eed92d59c2048e0da0fd,Source
Clause G6.10 is about BUILDING HEIGHT,e4ab1db647db390f9d974a339ec0e822cf6ce4cf6e19eed92d59c2048e0da0fd,Source
Clause G6.11 is about BUILDING BULK,e4ab1db647db390f9d974a339ec0e822cf6ce4cf6e19eed92d59c2048e0da0fd,Source
"Clause G4.4 is also about TRANSPORT, TRAFFIC AND PARKING",e4ab1db647db390f9d974a339ec0e822cf6ce4cf6e19eed92d59c2048e0da0fd,Source
Clause G6.23 is about PARKING RATES,e4ab1db647db390f9d974a339ec0e822cf6ce4cf6e19eed92d59c2048e0da0fd,Source
The planning document includes clause G2.3 about parking.,e4ab1db647db390f9d974a339ec0e822cf6ce4cf6e19eed92d59c2048e0da0fd,Source
Clause G2.3,e4ab1db647db390f9d974a339ec0e822cf6ce4cf6e19eed92d59c2048e0da0fd,Source
The planning document includes clause G4.4 about transport and parking.,e4ab1db647db390f9d974a339ec0e822cf6ce4cf6e19eed92d59c2048e0da0fd,Source
Clause G4.4,e4ab1db647db390f9d974a339ec0e822cf6ce4cf6e19eed92d59c2048e0da0fd,Source
Transport,e4ab1db647db390f9d974a339ec0e822cf6ce4cf6e19eed92d59c2048e0da0fd,Source
The planning document includes clause G5.1 about heritage.,e4ab1db647db390f9d974a339ec0e822cf6ce4cf6e19eed92d59c2048e0da0fd,Source
Clause G5.1,e4ab1db647db390f9d974a339ec0e822cf6ce4cf6e19eed92d59c2048e0da0fd,Source
The planning document includes clause G5.10 about parking and traffic management.,e4ab1db647db390f9d974a339ec0e822cf6ce4cf6e19eed92d59c2048e0da0fd,Source
Clause G5.10,e4ab1db647db390f9d974a339ec0e822cf6ce4cf6e19eed92d59c2048e0da0fd,Source
Traffic Management,e4ab1db647db390f9d974a339ec0e822cf6ce4cf6e19eed92d59c2048e0da0fd,Source
The planning document includes clause G6.10 about building height.,e4ab1db647db390f9d974a339ec0e822cf6ce4cf6e19eed92d59c2048e0da0fd,Source
Clause G6.10,e4ab1db647db390f9d974a339ec0e822cf6ce4cf6e19eed92d59c2048e0da0fd,Source
Building Height,e4ab1db647db390f9d974a339ec0e822cf6ce4cf6e19eed92d59c2048e0da0fd,Source
The planning document includes clause G6.11 about building bulk.,e4ab1db647db390f9d974a339ec0e822cf6ce4cf6e19eed92d59c2048e0da0fd,Source
Clause G6.11,e4ab1db647db390f9d974a339ec0e822cf6ce4cf6e19eed92d59c2048e0da0fd,Source
Building Bulk,e4ab1db647db390f9d974a339ec0e822cf6ce4cf6e19eed92d59c2048e0da0fd,Source
The planning document includes clause G6.12 about setbacks and articulation.,e4ab1db647db390f9d974a339ec0e822cf6ce4cf6e19eed92d59c2048e0da0fd,Source
Clause G6.12,e4ab1db647db390f9d974a339ec0e822cf6ce4cf6e19eed92d59c2048e0da0fd,Source
Articulation,e4ab1db647db390f9d974a339ec0e822cf6ce4cf6e19eed92d59c2048e0da0fd,Source
The planning document includes clause G6.23 about parking rates.,e4ab1db647db390f9d974a339ec0e822cf6ce4cf6e19eed92d59c2048e0da0fd,Source
Clause G6.23,e4ab1db647db390f9d974a339ec0e822cf6ce4cf6e19eed92d59c2048e0da0fd,Source
Parking Rates,e4ab1db647db390f9d974a339ec0e822cf6ce4cf6e19eed92d59c2048e0da0fd,Source
matters,f88c1bbef80a1f84b1c549f4f3a950ae10667f5c4fcca2524ae65ffad24a99a9,Source
energy,f88c1bbef80a1f84b1c549f4f3a950ae10667f5c4fcca2524ae65ffad24a99a9,Source
demand,f88c1bbef80a1f84b1c549f4f3a950ae10667f5c4fcca2524ae65ffad24a99a9,Source
water,f88c1bbef80a1f84b1c549f4f3a950ae10667f5c4fcca2524ae65ffad24a99a9,Source
sources,f88c1bbef80a1f84b1c549f4f3a950ae10667f5c4fcca2524ae65ffad24a99a9,Source
project,f88c1bbef80a1f84b1c549f4f3a950ae10667f5c4fcca2524ae65ffad24a99a9,Source
principles,f88c1bbef80a1f84b1c549f4f3a950ae10667f5c4fcca2524ae65ffad24a99a9,Source
performance,f88c1bbef80a1f84b1c549f4f3a950ae10667f5c4fcca2524ae65ffad24a99a9,Source
wellbeing,f88c1bbef80a1f84b1c549f4f3a950ae10667f5c4fcca2524ae65ffad24a99a9,Source
transport,f88c1bbef80a1f84b1c549f4f3a950ae10667f5c4fcca2524ae65ffad24a99a9,Source
private cars,f88c1bbef80a1f84b1c549f4f3a950ae10667f5c4fcca2524ae65ffad24a99a9,Source
resources,f88c1bbef80a1f84b1c549f4f3a950ae10667f5c4fcca2524ae65ffad24a99a9,Source
emissions,f88c1bbef80a1f84b1c549f4f3a950ae10667f5c4fcca2524ae65ffad24a99a9,Source
pollution,f88c1bbef80a1f84b1c549f4f3a950ae10667f5c4fcca2524ae65ffad24a99a9,Source
drainage system,f88c1bbef80a1f84b1c549f4f3a950ae10667f5c4fcca2524ae65ffad24a99a9,Source
ecosystem impact,f88c1bbef80a1f84b1c549f4f3a950ae10667f5c4fcca2524ae65ffad24a99a9,Source
access/egress points,f88c1bbef80a1f84b1c549f4f3a950ae10667f5c4fcca2524ae65ffad24a99a9,Source
figure,f88c1bbef80a1f84b1c549f4f3a950ae10667f5c4fcca2524ae65ffad24a99a9,Source
ramps and excavation,f88c1bbef80a1f84b1c549f4f3a950ae10667f5c4fcca2524ae65ffad24a99a9,Source
property boundary,f88c1bbef80a1f84b1c549f4f3a950ae10667f5c4fcca2524ae65ffad24a99a9,Source
vehicle access and egress,f88c1bbef80a1f84b1c549f4f3a950ae10667f5c4fcca2524ae65ffad24a99a9,Source
width,f88c1bbef80a1f84b1c549f4f3a950ae10667f5c4fcca2524ae65ffad24a99a9,Source
The environmental performance of the site must consider matters such as energy demand reduction.,f88c1bbef80a1f84b1c549f4f3a950ae10667f5c4fcca2524ae65ffad24a99a9,Source
Stormwater Drainage System must be designed to comply with Part E of this Development Control Plan.,f88c1bbef80a1f84b1c549f4f3a950ae10667f5c4fcca2524ae65ffad24a99a9,Source
Any development of the site must also consider matters such as water reduction and land use and ecology.,f88c1bbef80a1f84b1c549f4f3a950ae10667f5c4fcca2524ae65ffad24a99a9,Source
Two vehicular access/egress points are to be located per Figure G44.,f88c1bbef80a1f84b1c549f4f3a950ae10667f5c4fcca2524ae65ffad24a99a9,Source
The total number of car spaces for residents and visitors shall equate to the minimum required by the plan.,f88c1bbef80a1f84b1c549f4f3a950ae10667f5c4fcca2524ae65ffad24a99a9,Source
Ramps and excavation required for vehicle access and egress is to be setback a minimum of 4.5m from the property boundary.,f88c1bbef80a1f84b1c549f4f3a950ae10667f5c4fcca2524ae65ffad24a99a9,Source
Vehicular access and egress is to be no less than 6m in width.,f88c1bbef80a1f84b1c549f4f3a950ae10667f5c4fcca2524ae65ffad24a99a9,Source
The total number of car spaces for residents and visitors shall equate to the minimum of 0.9 spaces per 2-bedroom dwelling.,f88c1bbef80a1f84b1c549f4f3a950ae10667f5c4fcca2524ae65ffad24a99a9,Source
All bicycle parking is to comply with the provisions contained in the ‘Parking’ section of this Plan.,f88c1bbef80a1f84b1c549f4f3a950ae10667f5c4fcca2524ae65ffad24a99a9,Source
"The environmental performance of the site must consider the following matters: 'energy': demand reduction, use efficiency, and generation,",f88c1bbef80a1f84b1c549f4f3a950ae10667f5c4fcca2524ae65ffad24a99a9,Source
environment,f88c1bbef80a1f84b1c549f4f3a950ae10667f5c4fcca2524ae65ffad24a99a9,Source
Leichhardt DCP,31cd6a0dd0c9c423d376cc0bb414d3159305c7e34a3c7b7051c6ffc7659e364f,Source
Development within that part of the site highlighted in red on the view cone on Figure G29 is to be limited to a maximum height of RL17.70.,31cd6a0dd0c9c423d376cc0bb414d3159305c7e34a3c7b7051c6ffc7659e364f,Source
Figure G29,31cd6a0dd0c9c423d376cc0bb414d3159305c7e34a3c7b7051c6ffc7659e364f,Source
"Development along the Johnston Street frontage is to have a maximum wall height of $7 m$ (i.e. two storeys) above footpath level, with the exception of the existing commercial building.",31cd6a0dd0c9c423d376cc0bb414d3159305c7e34a3c7b7051c6ffc7659e364f,Source
Johnston Street,31cd6a0dd0c9c423d376cc0bb414d3159305c7e34a3c7b7051c6ffc7659e364f,Source
Commercial Building,31cd6a0dd0c9c423d376cc0bb414d3159305c7e34a3c7b7051c6ffc7659e364f,Source
Development on 170 View Street is to respect the building heights and roof forms of the adjoining View Street properties and is to have a maximum ridge height of RL14.5.,31cd6a0dd0c9c423d376cc0bb414d3159305c7e34a3c7b7051c6ffc7659e364f,Source
View Street,31cd6a0dd0c9c423d376cc0bb414d3159305c7e34a3c7b7051c6ffc7659e364f,Source
Properties on 170 View Street,31cd6a0dd0c9c423d376cc0bb414d3159305c7e34a3c7b7051c6ffc7659e364f,Source
"Development along the Johnston Street frontage is to have a maximum wall height of 4m and maximum building height of $7.5 m$ (i.e. two storeys) above Johnston Street, except for the portion of the site adjoining the southern boundary where development is to have a maximum wall height of 4m (i.e. one storey plus attic) above Johnston Street.",31cd6a0dd0c9c423d376cc0bb414d3159305c7e34a3c7b7051c6ffc7659e364f,Source
Southern Boundary,31cd6a0dd0c9c423d376cc0bb414d3159305c7e34a3c7b7051c6ffc7659e364f,Source
The top of the southern boundary wall adjacent to No. 231 Johnston Street is to be a maximum of RL18.10 to reduce the overshadowing to the rear yard of No. 231 Johnston Street.,31cd6a0dd0c9c423d376cc0bb414d3159305c7e34a3c7b7051c6ffc7659e364f,Source
No. 231 Johnston Street,31cd6a0dd0c9c423d376cc0bb414d3159305c7e34a3c7b7051c6ffc7659e364f,Source
Southern Boundary Wall,31cd6a0dd0c9c423d376cc0bb414d3159305c7e34a3c7b7051c6ffc7659e364f,Source
Clause G13.1 - other,0451156cc041038dec744466e34524834b21e3413b5eba9eddb9f5718b7cf41d,Source
the remaining provisions of this DCP,0451156cc041038dec744466e34524834b21e3413b5eba9eddb9f5718b7cf41d,Source
this section,0451156cc041038dec744466e34524834b21e3413b5eba9eddb9f5718b7cf41d,Source
development on the site to the extent of the inconsistency,0451156cc041038dec744466e34524834b21e3413b5eba9eddb9f5718b7cf41d,Source
Clause C1 - land_use_zoning,0451156cc041038dec744466e34524834b21e3413b5eba9eddb9f5718b7cf41d,Source
"employment uses associated with health, education, creative and technology sectors",0451156cc041038dec744466e34524834b21e3413b5eba9eddb9f5718b7cf41d,Source
Clause C2 - land_use_zoning,0451156cc041038dec744466e34524834b21e3413b5eba9eddb9f5718b7cf41d,Source
"street level activation, passive surveillance and opportunities for social interaction",0451156cc041038dec744466e34524834b21e3413b5eba9eddb9f5718b7cf41d,Source
New development on the site,0451156cc041038dec744466e34524834b21e3413b5eba9eddb9f5718b7cf41d,Source
the lot amalgamation pattern identified in Figure 3,0451156cc041038dec744466e34524834b21e3413b5eba9eddb9f5718b7cf41d,Source
Clause O1 - height_limit,0451156cc041038dec744466e34524834b21e3413b5eba9eddb9f5718b7cf41d,Source
"bulk, massing, height, separation, setbacks, amenity, articulation and modulation",0451156cc041038dec744466e34524834b21e3413b5eba9eddb9f5718b7cf41d,Source
Clause O4 - setback,0451156cc041038dec744466e34524834b21e3413b5eba9eddb9f5718b7cf41d,Source
deep soil planting and increased canopy cover,0451156cc041038dec744466e34524834b21e3413b5eba9eddb9f5718b7cf41d,Source
Unless otherwise stated all development should be designed and constructed in accordance with the controls in this section.,0451156cc041038dec744466e34524834b21e3413b5eba9eddb9f5718b7cf41d,Source
"In the event of an inconsistency between this section and the remaining provisions of this DCP,",0451156cc041038dec744466e34524834b21e3413b5eba9eddb9f5718b7cf41d,Source
the controls in this section shall prevail in relation to development on the site,0451156cc041038dec744466e34524834b21e3413b5eba9eddb9f5718b7cf41d,Source
"Future development on the site is to include employment uses associated with health, education, creative and technology sectors.",0451156cc041038dec744466e34524834b21e3413b5eba9eddb9f5718b7cf41d,Source
"Ground floor uses are to provide street level activation, passive surveillance and opportunities for social interaction around:",0451156cc041038dec744466e34524834b21e3413b5eba9eddb9f5718b7cf41d,Source
New development on the site is to follow the lot amalgamation pattern identified in Figure 3.,0451156cc041038dec744466e34524834b21e3413b5eba9eddb9f5718b7cf41d,Source
"To incorporate setbacks which support an active, pedestrian-focused development",0451156cc041038dec744466e34524834b21e3413b5eba9eddb9f5718b7cf41d,Source
"To provide an appropriate built form response in terms of bulk, massing, height, separation, setbacks, amenity, articulation and modulation.",0451156cc041038dec744466e34524834b21e3413b5eba9eddb9f5718b7cf41d,Source
All development should be designed and constructed in accordance with the controls in this section.,0451156cc041038dec744466e34524834b21e3413b5eba9eddb9f5718b7cf41d,Source
Developments,0451156cc041038dec744466e34524834b21e3413b5eba9eddb9f5718b7cf41d,Source
"In the event of an inconsistency between this section and the remaining provisions of this DCP, the controls in this section shall prevail.",0451156cc041038dec744466e34524834b21e3413b5eba9eddb9f5718b7cf41d,Source
Provisions,0451156cc041038dec744466e34524834b21e3413b5eba9eddb9f5718b7cf41d,Source
Health Sector,0451156cc041038dec744466e34524834b21e3413b5eba9eddb9f5718b7cf41d,Source
Education Sector,0451156cc041038dec744466e34524834b21e3413b5eba9eddb9f5718b7cf41d,Source
Creative Sector,0451156cc041038dec744466e34524834b21e3413b5eba9eddb9f5718b7cf41d,Source
Technology Sector,0451156cc041038dec744466e34524834b21e3413b5eba9eddb9f5718b7cf41d,Source
"Ground floor uses are to provide street level activation, passive surveillance and opportunities for social interaction around.",0451156cc041038dec744466e34524834b21e3413b5eba9eddb9f5718b7cf41d,Source
Ground Floor Uses,0451156cc041038dec744466e34524834b21e3413b5eba9eddb9f5718b7cf41d,Source
Figure 3,0451156cc041038dec744466e34524834b21e3413b5eba9eddb9f5718b7cf41d,Source
Built Form Response,0451156cc041038dec744466e34524834b21e3413b5eba9eddb9f5718b7cf41d,Source
"To incorporate setbacks which support an active, pedestrian-focused development and provide opportunities for deep soil planting and increased canopy cover.",0451156cc041038dec744466e34524834b21e3413b5eba9eddb9f5718b7cf41d,Source
Pedestrians,0451156cc041038dec744466e34524834b21e3413b5eba9eddb9f5718b7cf41d,Source
Amenity,53c13b983665ff26d3da688f01dce36924ff8f47738cc075f3d25157128dfe1a,Source
Environment,53c13b983665ff26d3da688f01dce36924ff8f47738cc075f3d25157128dfe1a,Source
Conservation,53c13b983665ff26d3da688f01dce36924ff8f47738cc075f3d25157128dfe1a,Source
Heritage Area,53c13b983665ff26d3da688f01dce36924ff8f47738cc075f3d25157128dfe1a,Source
Contaminated land,53c13b983665ff26d3da688f01dce36924ff8f47738cc075f3d25157128dfe1a,Source
Contributory item,53c13b983665ff26d3da688f01dce36924ff8f47738cc075f3d25157128dfe1a,Source
Conservation Area,53c13b983665ff26d3da688f01dce36924ff8f47738cc075f3d25157128dfe1a,Source
Cultural significance,53c13b983665ff26d3da688f01dce36924ff8f47738cc075f3d25157128dfe1a,Source
Heritage Item,53c13b983665ff26d3da688f01dce36924ff8f47738cc075f3d25157128dfe1a,Source
Flood certificate,53c13b983665ff26d3da688f01dce36924ff8f47738cc075f3d25157128dfe1a,Source
Flood control lot,53c13b983665ff26d3da688f01dce36924ff8f47738cc075f3d25157128dfe1a,Source
Floodplain,53c13b983665ff26d3da688f01dce36924ff8f47738cc075f3d25157128dfe1a,Source
Land,53c13b983665ff26d3da688f01dce36924ff8f47738cc075f3d25157128dfe1a,Source
"Amenity means the enjoyment of the environment whether by the community or an individual arising from the day to day use of property including dwellings or publicly accessible land, community facilities or open space.",53c13b983665ff26d3da688f01dce36924ff8f47738cc075f3d25157128dfe1a,Source
"the enjoyment of sunlight, privacy and views, and residential and community life free from nuisance arising from the emission of noise, vibration, smell, fumes, smoke, vapour, steam, soot, ash, dust, waste water, waste products or grit.",53c13b983665ff26d3da688f01dce36924ff8f47738cc075f3d25157128dfe1a,Source
"Conservation may, according to circumstance, include the processes of retention or reintroduction of a use, retention of associations and meanings, maintenance, preservation, restoration, reconstruction, adaptation and interpretation,",53c13b983665ff26d3da688f01dce36924ff8f47738cc075f3d25157128dfe1a,Source
and will commonly include a combination of more than one of these.,53c13b983665ff26d3da688f01dce36924ff8f47738cc075f3d25157128dfe1a,Source
"Contaminated land means land in, on or under which any substance is present at a concentration above the concentration at which the substance is normally present in, on or under (respectively) land in the same locality,",53c13b983665ff26d3da688f01dce36924ff8f47738cc075f3d25157128dfe1a,Source
being a presence that presents a risk of harm to human health or any other aspect of the environment.,53c13b983665ff26d3da688f01dce36924ff8f47738cc075f3d25157128dfe1a,Source
"Contributory item means a building in a Conservation Area that is not individually listed as a heritage item but by virtue of age, scale, materials, details, design style or intactness is consistent with the conservation area,",53c13b983665ff26d3da688f01dce36924ff8f47738cc075f3d25157128dfe1a,Source
and therefore reinforces its heritage significance.,53c13b983665ff26d3da688f01dce36924ff8f47738cc075f3d25157128dfe1a,Source
"Cultural significance means aesthetic, historic, scientific, social or spiritual value for past, present or future generations.",53c13b983665ff26d3da688f01dce36924ff8f47738cc075f3d25157128dfe1a,Source
that can be preserved through conservation.,53c13b983665ff26d3da688f01dce36924ff8f47738cc075f3d25157128dfe1a,Source
"Flood certificate means a certificate obtained from Council which provides flooding information for the area in the vicinity of a particular property including peak water levels, depths and flow rates for the 100 year ARI,",53c13b983665ff26d3da688f01dce36924ff8f47738cc075f3d25157128dfe1a,Source
and peak water levels for the Probable Maximum Flood event.,53c13b983665ff26d3da688f01dce36924ff8f47738cc075f3d25157128dfe1a,Source
Flood control lot means a lot identified as a flood control lot on the maps in Appendix E of this Development Control Plan (DCP).,53c13b983665ff26d3da688f01dce36924ff8f47738cc075f3d25157128dfe1a,Source
All flood control lots are also within flood hazard areas as defined by the BCA.,53c13b983665ff26d3da688f01dce36924ff8f47738cc075f3d25157128dfe1a,Source
"Floodplain means an area of land which is subject to inundation by floods up to and including the probable maximum flood event,",53c13b983665ff26d3da688f01dce36924ff8f47738cc075f3d25157128dfe1a,Source
"that is, flood prone land.",53c13b983665ff26d3da688f01dce36924ff8f47738cc075f3d25157128dfe1a,Source
"The enjoyment of sunlight, privacy and views is included in amenity.",53c13b983665ff26d3da688f01dce36924ff8f47738cc075f3d25157128dfe1a,Source
Individual,53c13b983665ff26d3da688f01dce36924ff8f47738cc075f3d25157128dfe1a,Source
"Residential and community life free from nuisance arising from noise, vibration, smell, fumes, smoke, vapour, steam, soot, ash, dust, waste water, waste products or grit is included in amenity.",53c13b983665ff26d3da688f01dce36924ff8f47738cc075f3d25157128dfe1a,Source
Conservation may include the processes of retention or reintroduction of a use.,53c13b983665ff26d3da688f01dce36924ff8f47738cc075f3d25157128dfe1a,Source
Authority,53c13b983665ff26d3da688f01dce36924ff8f47738cc075f3d25157128dfe1a,Source
Planners,53c13b983665ff26d3da688f01dce36924ff8f47738cc075f3d25157128dfe1a,Source
"Conservation may include the process of maintenance, preservation, restoration, reconstruction, adaptation and interpretation.",53c13b983665ff26d3da688f01dce36924ff8f47738cc075f3d25157128dfe1a,Source
Contaminated land presents a risk of harm to human health or any other aspect of the environment.,53c13b983665ff26d3da688f01dce36924ff8f47738cc075f3d25157128dfe1a,Source
Human Health,53c13b983665ff26d3da688f01dce36924ff8f47738cc075f3d25157128dfe1a,Source
"A building in a Conservation Area can be a contributory item by virtue of age, scale, materials, details, design style or intactness.",53c13b983665ff26d3da688f01dce36924ff8f47738cc075f3d25157128dfe1a,Source
"Cultural significance has aesthetic, historic, scientific, social or spiritual value for past, present or future generations.",53c13b983665ff26d3da688f01dce36924ff8f47738cc075f3d25157128dfe1a,Source
Future Generations,53c13b983665ff26d3da688f01dce36924ff8f47738cc075f3d25157128dfe1a,Source
Present Generation,53c13b983665ff26d3da688f01dce36924ff8f47738cc075f3d25157128dfe1a,Source
A flood certificate is obtained from Council which provides flooding information for the area in the vicinity of a particular property.,53c13b983665ff26d3da688f01dce36924ff8f47738cc075f3d25157128dfe1a,Source
Property Owners,53c13b983665ff26d3da688f01dce36924ff8f47738cc075f3d25157128dfe1a,Source
Flood control lots are identified on the maps in Appendix E of this Development Control Plan (DCP).,53c13b983665ff26d3da688f01dce36924ff8f47738cc075f3d25157128dfe1a,Source
Development Control Plan,53c13b983665ff26d3da688f01dce36924ff8f47738cc075f3d25157128dfe1a,Source
Floodplain is an area of land which is subject to inundation by floods up to and including the probable maximum flood event.,53c13b983665ff26d3da688f01dce36924ff8f47738cc075f3d25157128dfe1a,Source
Development_control,5a75208f91eec8206a1bc6fc95ab9c51f01138b2ea1bb27a9ea1b2abdbb7bbbd,Source
elevations,5a75208f91eec8206a1bc6fc95ab9c51f01138b2ea1bb27a9ea1b2abdbb7bbbd,Source
details,5a75208f91eec8206a1bc6fc95ab9c51f01138b2ea1bb27a9ea1b2abdbb7bbbd,Source
original façade openings,5a75208f91eec8206a1bc6fc95ab9c51f01138b2ea1bb27a9ea1b2abdbb7bbbd,Source
alterations,5a75208f91eec8206a1bc6fc95ab9c51f01138b2ea1bb27a9ea1b2abdbb7bbbd,Source
evidence,5a75208f91eec8206a1bc6fc95ab9c51f01138b2ea1bb27a9ea1b2abdbb7bbbd,Source
forms and details,5a75208f91eec8206a1bc6fc95ab9c51f01138b2ea1bb27a9ea1b2abdbb7bbbd,Source
unysmpathetic changes,5a75208f91eec8206a1bc6fc95ab9c51f01138b2ea1bb27a9ea1b2abdbb7bbbd,Source
changes,5a75208f91eec8206a1bc6fc95ab9c51f01138b2ea1bb27a9ea1b2abdbb7bbbd,Source
building form,5a75208f91eec8206a1bc6fc95ab9c51f01138b2ea1bb27a9ea1b2abdbb7bbbd,Source
"simple, single storey building form",5a75208f91eec8206a1bc6fc95ab9c51f01138b2ea1bb27a9ea1b2abdbb7bbbd,Source
pavilion with lightweight link,5a75208f91eec8206a1bc6fc95ab9c51f01138b2ea1bb27a9ea1b2abdbb7bbbd,Source
house,5a75208f91eec8206a1bc6fc95ab9c51f01138b2ea1bb27a9ea1b2abdbb7bbbd,Source
rear wing addition,5a75208f91eec8206a1bc6fc95ab9c51f01138b2ea1bb27a9ea1b2abdbb7bbbd,Source
cottage,5a75208f91eec8206a1bc6fc95ab9c51f01138b2ea1bb27a9ea1b2abdbb7bbbd,Source
building to the street,5a75208f91eec8206a1bc6fc95ab9c51f01138b2ea1bb27a9ea1b2abdbb7bbbd,Source
Original forms and details are to be reconstructed where there is evidence that they existed at that property.,5a75208f91eec8206a1bc6fc95ab9c51f01138b2ea1bb27a9ea1b2abdbb7bbbd,Source
"Alterations to elevation openings visible from the public domain, forms and/or detailing (including external hoods, shutters and the like) may only be approved where there is evidence that such details previously existed at that property.",5a75208f91eec8206a1bc6fc95ab9c51f01138b2ea1bb27a9ea1b2abdbb7bbbd,Source
"Development shall: a. retain the curtilage and setting of the cottage,",5a75208f91eec8206a1bc6fc95ab9c51f01138b2ea1bb27a9ea1b2abdbb7bbbd,Source
"retain the presentation and form of the building to the street, single storey scale, roof form and façade proportions,",5a75208f91eec8206a1bc6fc95ab9c51f01138b2ea1bb27a9ea1b2abdbb7bbbd,Source
"Original façade openings and/or detailing which are visible from the street are to be retained,",5a75208f91eec8206a1bc6fc95ab9c51f01138b2ea1bb27a9ea1b2abdbb7bbbd,Source
"Development shall: a. retain the simple character and proportions of the elevations visible from the street,",5a75208f91eec8206a1bc6fc95ab9c51f01138b2ea1bb27a9ea1b2abdbb7bbbd,Source
"A detached pavilion with lightweight link, one or two storeys maintains the integrity of the simple, single storey building form and its roof profile when set back on the site.",5a75208f91eec8206a1bc6fc95ab9c51f01138b2ea1bb27a9ea1b2abdbb7bbbd,Source
The rear wing addition can preserve the streetscape presentation of the house if set below the ridge line and if it is not prominent in oblique views between buildings.,5a75208f91eec8206a1bc6fc95ab9c51f01138b2ea1bb27a9ea1b2abdbb7bbbd,Source
"Development shall retain the simple character and proportions of the elevations visible from the street,",5a75208f91eec8206a1bc6fc95ab9c51f01138b2ea1bb27a9ea1b2abdbb7bbbd,Source
"Development shall maintain the original form and integrity of the building as it presents to the street and public domain,",5a75208f91eec8206a1bc6fc95ab9c51f01138b2ea1bb27a9ea1b2abdbb7bbbd,Source
original facade openings,5a75208f91eec8206a1bc6fc95ab9c51f01138b2ea1bb27a9ea1b2abdbb7bbbd,Source
detailing,5a75208f91eec8206a1bc6fc95ab9c51f01138b2ea1bb27a9ea1b2abdbb7bbbd,Source
elevation openings,5a75208f91eec8206a1bc6fc95ab9c51f01138b2ea1bb27a9ea1b2abdbb7bbbd,Source
forms,5a75208f91eec8206a1bc6fc95ab9c51f01138b2ea1bb27a9ea1b2abdbb7bbbd,Source
hoods,5a75208f91eec8206a1bc6fc95ab9c51f01138b2ea1bb27a9ea1b2abdbb7bbbd,Source
shutters,5a75208f91eec8206a1bc6fc95ab9c51f01138b2ea1bb27a9ea1b2abdbb7bbbd,Source
Original forms and details are to be reconstructed where there is evidence that they existed at that property. Unsympathetic changes are to be reversed.,5a75208f91eec8206a1bc6fc95ab9c51f01138b2ea1bb27a9ea1b2abdbb7bbbd,Source
original forms,5a75208f91eec8206a1bc6fc95ab9c51f01138b2ea1bb27a9ea1b2abdbb7bbbd,Source
pavilion,5a75208f91eec8206a1bc6fc95ab9c51f01138b2ea1bb27a9ea1b2abdbb7bbbd,Source
link,5a75208f91eec8206a1bc6fc95ab9c51f01138b2ea1bb27a9ea1b2abdbb7bbbd,Source
roof profile,5a75208f91eec8206a1bc6fc95ab9c51f01138b2ea1bb27a9ea1b2abdbb7bbbd,Source
rear wing,5a75208f91eec8206a1bc6fc95ab9c51f01138b2ea1bb27a9ea1b2abdbb7bbbd,Source
addition,5a75208f91eec8206a1bc6fc95ab9c51f01138b2ea1bb27a9ea1b2abdbb7bbbd,Source
ridge line,5a75208f91eec8206a1bc6fc95ab9c51f01138b2ea1bb27a9ea1b2abdbb7bbbd,Source
oblique views,5a75208f91eec8206a1bc6fc95ab9c51f01138b2ea1bb27a9ea1b2abdbb7bbbd,Source
"Development shall retain the curtilage and setting of the cottage,",5a75208f91eec8206a1bc6fc95ab9c51f01138b2ea1bb27a9ea1b2abdbb7bbbd,Source
curtilage,5a75208f91eec8206a1bc6fc95ab9c51f01138b2ea1bb27a9ea1b2abdbb7bbbd,Source
setting,5a75208f91eec8206a1bc6fc95ab9c51f01138b2ea1bb27a9ea1b2abdbb7bbbd,Source
"Development shall retain the presentation and form of the building to the street, single storey scale, roof form and façade proportions,",5a75208f91eec8206a1bc6fc95ab9c51f01138b2ea1bb27a9ea1b2abdbb7bbbd,Source
roof form,5a75208f91eec8206a1bc6fc95ab9c51f01138b2ea1bb27a9ea1b2abdbb7bbbd,Source
façade proportions,5a75208f91eec8206a1bc6fc95ab9c51f01138b2ea1bb27a9ea1b2abdbb7bbbd,Source
"Restore, protect and maintain original details of the house and fence.",5a75208f91eec8206a1bc6fc95ab9c51f01138b2ea1bb27a9ea1b2abdbb7bbbd,Source
fence,5a75208f91eec8206a1bc6fc95ab9c51f01138b2ea1bb27a9ea1b2abdbb7bbbd,Source
framework plans,f8a2e2e5873ce6007dad094de80500f32024f75e200ff1978397b746a8d707e6,Source
amendments,f8a2e2e5873ce6007dad094de80500f32024f75e200ff1978397b746a8d707e6,Source
The planning document is titled Leichhardt DCP 2013-15.,f8a2e2e5873ce6007dad094de80500f32024f75e200ff1978397b746a8d707e6,Source
This title reflects the plan's original creation date.,f8a2e2e5873ce6007dad094de80500f32024f75e200ff1978397b746a8d707e6,Source
The document has undergone amendments in 2022.,f8a2e2e5873ce6007dad094de80500f32024f75e200ff1978397b746a8d707e6,Source
These changes were made in conjunction with the IWLEP 2022 amendments.,f8a2e2e5873ce6007dad094de80500f32024f75e200ff1978397b746a8d707e6,Source
The Planning Document is titled Leichhardt DCP 2013-15.,f8a2e2e5873ce6007dad094de80500f32024f75e200ff1978397b746a8d707e6,Source
Leichhardt DCP 2013-15,f8a2e2e5873ce6007dad094de80500f32024f75e200ff1978397b746a8d707e6,Source
The document has an appendix C that outlines the Urban Framework Plans.,f8a2e2e5873ce6007dad094de80500f32024f75e200ff1978397b746a8d707e6,Source
Appendix C,f8a2e2e5873ce6007dad094de80500f32024f75e200ff1978397b746a8d707e6,Source
Urban Framework Plans,f8a2e2e5873ce6007dad094de80500f32024f75e200ff1978397b746a8d707e6,Source
The plans have been amended by IWLEP in 2022.,f8a2e2e5873ce6007dad094de80500f32024f75e200ff1978397b746a8d707e6,Source
The planning document is for Leichhardt DCP 2013,5e018247718149df161433439217ecc33c0cec49850cd7308e657414c4df5f89,Source
it includes amendments from IWLEP 2022,5e018247718149df161433439217ecc33c0cec49850cd7308e657414c4df5f89,Source
IWLEP amended the document in 2022,5e018247718149df161433439217ecc33c0cec49850cd7308e657414c4df5f89,Source
the original planning document was created in 2013,5e018247718149df161433439217ecc33c0cec49850cd7308e657414c4df5f89,Source
The document is titled Leichhardt DCP 2013 - 17 - Appendix E Water Guidelines.,5e018247718149df161433439217ecc33c0cec49850cd7308e657414c4df5f89,Source
Leichhardt DCP 2013 - 17 - Appendix E Water Guidelines,5e018247718149df161433439217ecc33c0cec49850cd7308e657414c4df5f89,Source
The document has amendments from IWLEP 2022.,5e018247718149df161433439217ecc33c0cec49850cd7308e657414c4df5f89,Source
Appendix F Late Night Trading Maps,29fc1dd28a4c6be7159dc2384bb5d8dd2588276a86c0d9c5755598ca3fbf4574,Source
APPENDIX F Late Night Trading Maps,29fc1dd28a4c6be7159dc2384bb5d8dd2588276a86c0d9c5755598ca3fbf4574,Source
SECTION 1 - LATE NIGHT TRADING MAPS,29fc1dd28a4c6be7159dc2384bb5d8dd2588276a86c0d9c5755598ca3fbf4574,Source
BALMAIN,29fc1dd28a4c6be7159dc2384bb5d8dd2588276a86c0d9c5755598ca3fbf4574,Source
LEICHHARDT,29fc1dd28a4c6be7159dc2384bb5d8dd2588276a86c0d9c5755598ca3fbf4574,Source
ROZELLE,29fc1dd28a4c6be7159dc2384bb5d8dd2588276a86c0d9c5755598ca3fbf4574,Source
APPENDIX F: LATE NIGHT TRADING MAPS was included in the planning document.,29fc1dd28a4c6be7159dc2384bb5d8dd2588276a86c0d9c5755598ca3fbf4574,Source
the document contained various clauses related to land use and zoning.,29fc1dd28a4c6be7159dc2384bb5d8dd2588276a86c0d9c5755598ca3fbf4574,Source
SECTION 1 - LATE NIGHT TRADING MAPS was included in the APPENDIX F.,29fc1dd28a4c6be7159dc2384bb5d8dd2588276a86c0d9c5755598ca3fbf4574,Source
SECTION 1 - LATE NIGHT TRADING MAPS was repeated.,29fc1dd28a4c6be7159dc2384bb5d8dd2588276a86c0d9c5755598ca3fbf4574,Source
there were multiple sections related to late night trading maps.,29fc1dd28a4c6be7159dc2384bb5d8dd2588276a86c0d9c5755598ca3fbf4574,Source
1.1 BALMAIN and 1.2 LEICHHARDT were listed as sections under SECTION 1.,29fc1dd28a4c6be7159dc2384bb5d8dd2588276a86c0d9c5755598ca3fbf4574,Source
1.3 ROZELLE was also listed as a section under SECTION 1.,29fc1dd28a4c6be7159dc2384bb5d8dd2588276a86c0d9c5755598ca3fbf4574,Source
APPENDIX F: LATE NIGHT TRADING MAPS were documented.,29fc1dd28a4c6be7159dc2384bb5d8dd2588276a86c0d9c5755598ca3fbf4574,Source
docs/dcps/INNERWEST/leichhardt/Leichhardt DCP 2013 - 18 - Appendix F Late Night Trading Maps with IWLEP 2022 amendments.pdf,29fc1dd28a4c6be7159dc2384bb5d8dd2588276a86c0d9c5755598ca3fbf4574,Source
SECTION 1 - LATE NIGHT TRADING MAPS were documented.,29fc1dd28a4c6be7159dc2384bb5d8dd2588276a86c0d9c5755598ca3fbf4574,Source
BALMAIN was documented as a late night trading zone.,29fc1dd28a4c6be7159dc2384bb5d8dd2588276a86c0d9c5755598ca3fbf4574,Source
1.1 BALMAIN,29fc1dd28a4c6be7159dc2384bb5d8dd2588276a86c0d9c5755598ca3fbf4574,Source
LEICHHARDT was documented as a late night trading zone.,29fc1dd28a4c6be7159dc2384bb5d8dd2588276a86c0d9c5755598ca3fbf4574,Source
1.2 LEICHHARDT,29fc1dd28a4c6be7159dc2384bb5d8dd2588276a86c0d9c5755598ca3fbf4574,Source
ROZELLE was documented as a late night trading zone.,29fc1dd28a4c6be7159dc2384bb5d8dd2588276a86c0d9c5755598ca3fbf4574,Source
1.3 ROZELLE,29fc1dd28a4c6be7159dc2384bb5d8dd2588276a86c0d9c5755598ca3fbf4574,Source
Leichhardt Development Control Plan 2013,cc68fe592e7ee21f9cd7b1f41304918ff86a08bdda319a638147724d60a58034,Source
land use zones and development standards and controls,cc68fe592e7ee21f9cd7b1f41304918ff86a08bdda319a638147724d60a58034,Source
This Development Control Plan is the Leichhardt Development Control Plan 2013.,cc68fe592e7ee21f9cd7b1f41304918ff86a08bdda319a638147724d60a58034,Source
"The following Plans are repealed by this Development Control Plan, except to the extent that those Plans shall continue to apply to development applications saved under clause 1.8A of Inner West LEP 2022:",cc68fe592e7ee21f9cd7b1f41304918ff86a08bdda319a638147724d60a58034,Source
"This Development Control Plan does not apply to an application under the Environmental Planning and Assessment Act 1979 which was lodged with Council, but not determined before, the commencement of this Development Control Plan.",cc68fe592e7ee21f9cd7b1f41304918ff86a08bdda319a638147724d60a58034,Source
"The principal aim of this Development Control Plan is to facilitate development that gives effect to the aims and objectives, including the objectives of the land zones under Inner West LEP 2022, and to provide for the matters set out in s3.43 of the Environmental Planning and Assessment Act 1979.",cc68fe592e7ee21f9cd7b1f41304918ff86a08bdda319a638147724d60a58034,Source
Inner West LEP 2022 applies to the land to which this Development Control Plan applies.,cc68fe592e7ee21f9cd7b1f41304918ff86a08bdda319a638147724d60a58034,Source
"A development application is required to be submitted to Council for most land uses and development proposals, unless that development is identified as exempt development or complying development in Inner West LEP 2022 or SEPP (Exempt and Complying Development Codes) 2008 or other State Environmental Planning Policies (SEPP’s).",cc68fe592e7ee21f9cd7b1f41304918ff86a08bdda319a638147724d60a58034,Source
"Council assesses each application according to: S4.15 of the Environmental Planning and Assessment Act 1979, the statutory provisions of Inner West LEP 2022 and any relevant SEPPs,",cc68fe592e7ee21f9cd7b1f41304918ff86a08bdda319a638147724d60a58034,Source
Plans,cc68fe592e7ee21f9cd7b1f41304918ff86a08bdda319a638147724d60a58034,Source
This Development Control Plan applies to the Inner West Local Government Area for the extent of land identified in Figure A5: Land covered by this Development Control Plan.,cc68fe592e7ee21f9cd7b1f41304918ff86a08bdda319a638147724d60a58034,Source
Figure A5: Land covered by this Development Control Plan,cc68fe592e7ee21f9cd7b1f41304918ff86a08bdda319a638147724d60a58034,Source
Environmental Planning and Assessment Act 1979,cc68fe592e7ee21f9cd7b1f41304918ff86a08bdda319a638147724d60a58034,Source
s3.43 of the Environmental Planning and Assessment Act 1979,cc68fe592e7ee21f9cd7b1f41304918ff86a08bdda319a638147724d60a58034,Source
SEPP (Exempt and Complying Development Codes) 2008,cc68fe592e7ee21f9cd7b1f41304918ff86a08bdda319a638147724d60a58034,Source
State Environmental Planning Policies (SEPP's),cc68fe592e7ee21f9cd7b1f41304918ff86a08bdda319a638147724d60a58034,Source
"Council assesses each application according to: S4.15 of the Environmental Planning and Assessment Act 1979, the statutory provisions of Inner West LEP 2022 and any relevant SEPPs, the objectives and planning controls set out in this Development Control Plan, the provisions of any other policies or guidelines adopted by Council and referred to within this Plan or identified as relevant to the development proposal, and Section 7.11 and 7.12 (formerly 94 or 94A) contributions plan or plans that apply.",cc68fe592e7ee21f9cd7b1f41304918ff86a08bdda319a638147724d60a58034,Source
S4.15 of the Environmental Planning and Assessment Act 1979,cc68fe592e7ee21f9cd7b1f41304918ff86a08bdda319a638147724d60a58034,Source
SEPPs,cc68fe592e7ee21f9cd7b1f41304918ff86a08bdda319a638147724d60a58034,Source
this Development Control Plan,cc68fe592e7ee21f9cd7b1f41304918ff86a08bdda319a638147724d60a58034,Source
Leichhardt Community and Cultural Plan 2011-2021,7b7552619b2f38bdfe43488d89f0ffc480e6a2ef5b2d355b7e920edf79305362,Source
strategic direction,7b7552619b2f38bdfe43488d89f0ffc480e6a2ef5b2d355b7e920edf79305362,Source
implementation,7b7552619b2f38bdfe43488d89f0ffc480e6a2ef5b2d355b7e920edf79305362,Source
physical environment,7b7552619b2f38bdfe43488d89f0ffc480e6a2ef5b2d355b7e920edf79305362,Source
social needs,7b7552619b2f38bdfe43488d89f0ffc480e6a2ef5b2d355b7e920edf79305362,Source
community aspirations,7b7552619b2f38bdfe43488d89f0ffc480e6a2ef5b2d355b7e920edf79305362,Source
this DCP applies,7b7552619b2f38bdfe43488d89f0ffc480e6a2ef5b2d355b7e920edf79305362,Source
active travel options,7b7552619b2f38bdfe43488d89f0ffc480e6a2ef5b2d355b7e920edf79305362,Source
Council supports,7b7552619b2f38bdfe43488d89f0ffc480e6a2ef5b2d355b7e920edf79305362,Source
town centres,7b7552619b2f38bdfe43488d89f0ffc480e6a2ef5b2d355b7e920edf79305362,Source
destinations in the municipality,7b7552619b2f38bdfe43488d89f0ffc480e6a2ef5b2d355b7e920edf79305362,Source
This Development Control Plan includes objectives and controls which will assist Council to implement its strategic direction as outlined in the adopted Leichhardt Community and Cultural Plan 2011-2021.,7b7552619b2f38bdfe43488d89f0ffc480e6a2ef5b2d355b7e920edf79305362,Source
The Leichhardt Development Control Plan 2013 will assist Council in making important decisions about the physical environment and activities within it,7b7552619b2f38bdfe43488d89f0ffc480e6a2ef5b2d355b7e920edf79305362,Source
"Council encourages urban design that accommodates active travel options such as walking, cycling and public transport between homes, workplaces, centres and attractions.",7b7552619b2f38bdfe43488d89f0ffc480e6a2ef5b2d355b7e920edf79305362,Source
"Council supports the provision of quality open space, sporting and recreation facilities that are accessible for all.",7b7552619b2f38bdfe43488d89f0ffc480e6a2ef5b2d355b7e920edf79305362,Source
Council supports the development of streets that are attractive and safe for all members of the local community.,7b7552619b2f38bdfe43488d89f0ffc480e6a2ef5b2d355b7e920edf79305362,Source
"Council supports urban design that accommodates active travel options such as walking, cycling and public transport between homes, workplaces, centres and attractions.",7b7552619b2f38bdfe43488d89f0ffc480e6a2ef5b2d355b7e920edf79305362,Source
"Council supports the development of town centres and other key destinations in the municipality to provide safe, vibrant and attractive streetscapes both day and night.",7b7552619b2f38bdfe43488d89f0ffc480e6a2ef5b2d355b7e920edf79305362,Source
"Council supports private development that addresses the street and is well connected to movement systems (i.e. streets, laneways, paths, open space etc.).",7b7552619b2f38bdfe43488d89f0ffc480e6a2ef5b2d355b7e920edf79305362,Source
"The Leichhardt Development Control Plan 2013 will assist Council in making important decisions about the physical environment and activities within it to support the wider social and economic needs and community aspirations on land where this DCP applies, including the special and individual needs of the old, young, disabled, indigenous and those from diverse cultural backgrounds.",7b7552619b2f38bdfe43488d89f0ffc480e6a2ef5b2d355b7e920edf79305362,Source
Proposed developments,ffc41906c6dd0cdbc3d8b83bb71e1590250fdf324e7d099588d800d4f2de4bee,Source
individual Heritage Items,ffc41906c6dd0cdbc3d8b83bb71e1590250fdf324e7d099588d800d4f2de4bee,Source
provision for parking or signage,ffc41906c6dd0cdbc3d8b83bb71e1590250fdf324e7d099588d800d4f2de4bee,Source
desired future character,ffc41906c6dd0cdbc3d8b83bb71e1590250fdf324e7d099588d800d4f2de4bee,Source
Building heights,ffc41906c6dd0cdbc3d8b83bb71e1590250fdf324e7d099588d800d4f2de4bee,Source
landscaping and architectural style,ffc41906c6dd0cdbc3d8b83bb71e1590250fdf324e7d099588d800d4f2de4bee,Source
Development within Heritage Conservation Areas or to Heritage Items,ffc41906c6dd0cdbc3d8b83bb71e1590250fdf324e7d099588d800d4f2de4bee,Source
heritage significance of the item and locality,ffc41906c6dd0cdbc3d8b83bb71e1590250fdf324e7d099588d800d4f2de4bee,Source
Scale: the size of a building in relation to surrounding buildings or landscape,ffc41906c6dd0cdbc3d8b83bb71e1590250fdf324e7d099588d800d4f2de4bee,Source
Proposed developments need to reflect and complement the identified values of individual Heritage Items.,ffc41906c6dd0cdbc3d8b83bb71e1590250fdf324e7d099588d800d4f2de4bee,Source
Development within Heritage Conservation Areas or to Heritage Items must be responsive to the heritage significance of the item and locality.,ffc41906c6dd0cdbc3d8b83bb71e1590250fdf324e7d099588d800d4f2de4bee,Source
"Building heights, setbacks, landscaping and architectural style respond to the desired future character.",ffc41906c6dd0cdbc3d8b83bb71e1590250fdf324e7d099588d800d4f2de4bee,Source
Proposed developments need to reflect and complement the identified values of individual Heritage Items and Heritage Conservation Areas in their design.,ffc41906c6dd0cdbc3d8b83bb71e1590250fdf324e7d099588d800d4f2de4bee,Source
Scale: the size of a building in relation to surrounding buildings or landscape.,ffc41906c6dd0cdbc3d8b83bb71e1590250fdf324e7d099588d800d4f2de4bee,Source
Individual Heritage Items,ffc41906c6dd0cdbc3d8b83bb71e1590250fdf324e7d099588d800d4f2de4bee,Source
Place Section,6040e958c3b7ed037e6c6aa77fc8861a882c596dc5515626a05128e77a038b8d,Source
The Leichhardt Council adopted the plan in 2011.,6040e958c3b7ed037e6c6aa77fc8861a882c596dc5515626a05128e77a038b8d,Source
The DCP was gazetted on 3 December 2013.,6040e958c3b7ed037e6c6aa77fc8861a882c596dc5515626a05128e77a038b8d,Source
The Draft Plan was exhibited for public comment from 25 November to 23 December 2010.,6040e958c3b7ed037e6c6aa77fc8861a882c596dc5515626a05128e77a038b8d,Source
"The Draft Plan proposed changes to reduce building heights and increase setbacks along certain parts of streets in Leichhardt, Camperdown and Petersham.",6040e958c3b7ed037e6c6aa77fc8861a882c596dc5515626a05128e77a038b8d,Source
The changes were designed to improve amenity and livability in these areas.,6040e958c3b7ed037e6c6aa77fc8861a882c596dc5515626a05128e77a038b8d,Source
The Leichhardt DCP 2013 was released.,6040e958c3b7ed037e6c6aa77fc8861a882c596dc5515626a05128e77a038b8d,Source
Leichhardt,6040e958c3b7ed037e6c6aa77fc8861a882c596dc5515626a05128e77a038b8d,Source
DCP 2013,6040e958c3b7ed037e6c6aa77fc8861a882c596dc5515626a05128e77a038b8d,Source
Planning documents were stored in a folder.,6040e958c3b7ed037e6c6aa77fc8861a882c596dc5515626a05128e77a038b8d,Source
leichhardt,6040e958c3b7ed037e6c6aa77fc8861a882c596dc5515626a05128e77a038b8d,Source
Leichhardt DCP 2013 - 6 - Part C Place Section 2 - Reduced Size.pdf,6040e958c3b7ed037e6c6aa77fc8861a882c596dc5515626a05128e77a038b8d,Source
The planning document is titled Leichhardt DCP 2013 - 6 - Part C Place Section 2.,f1c62c97bb1d3014e1a8a81452895219764d5aa545243288a7b53fe478822bd7,Source
It incorporates amendments made by the IWLEP in 2022.,f1c62c97bb1d3014e1a8a81452895219764d5aa545243288a7b53fe478822bd7,Source
The original DCP was finalized in 2013.,f1c62c97bb1d3014e1a8a81452895219764d5aa545243288a7b53fe478822bd7,Source
The Council adopted the Leichhardt DCP 2013.,f1c62c97bb1d3014e1a8a81452895219764d5aa545243288a7b53fe478822bd7,Source
The IWLEP adopted amendments to the Leichhardt DCP 2013.,f1c62c97bb1d3014e1a8a81452895219764d5aa545243288a7b53fe478822bd7,Source
density,df6228906b4cac45a19e31f3aed0c6f16026bd829cd706f0ea96c75cc0d7dfe0,Source
local area,df6228906b4cac45a19e31f3aed0c6f16026bd829cd706f0ea96c75cc0d7dfe0,Source
place,df6228906b4cac45a19e31f3aed0c6f16026bd829cd706f0ea96c75cc0d7dfe0,Source
cultural significance,df6228906b4cac45a19e31f3aed0c6f16026bd829cd706f0ea96c75cc0d7dfe0,Source
form of the new building,df6228906b4cac45a19e31f3aed0c6f16026bd829cd706f0ea96c75cc0d7dfe0,Source
additions,df6228906b4cac45a19e31f3aed0c6f16026bd829cd706f0ea96c75cc0d7dfe0,Source
future character,df6228906b4cac45a19e31f3aed0c6f16026bd829cd706f0ea96c75cc0d7dfe0,Source
street and public domain,df6228906b4cac45a19e31f3aed0c6f16026bd829cd706f0ea96c75cc0d7dfe0,Source
"streetscape, neighbourhood and land",df6228906b4cac45a19e31f3aed0c6f16026bd829cd706f0ea96c75cc0d7dfe0,Source
adjoining development,df6228906b4cac45a19e31f3aed0c6f16026bd829cd706f0ea96c75cc0d7dfe0,Source
To provide more details in relation to the residential development provisions contained in the Inner West LEP 2022.,df6228906b4cac45a19e31f3aed0c6f16026bd829cd706f0ea96c75cc0d7dfe0,Source
To ensure that all residential development is consistent with the density of the local area as established by the Inner West LEP 2022.,df6228906b4cac45a19e31f3aed0c6f16026bd829cd706f0ea96c75cc0d7dfe0,Source
"Residential development is not to have an adverse effect on: the amenity, setting or cultural significance of the place, including the portion of the existing building to be retained, and",df6228906b4cac45a19e31f3aed0c6f16026bd829cd706f0ea96c75cc0d7dfe0,Source
"Additions to an existing building are generally located to the rear or the side of the existing building when viewed from the principal street frontage, and",df6228906b4cac45a19e31f3aed0c6f16026bd829cd706f0ea96c75cc0d7dfe0,Source
"To ensure that development: reinforces the desired future character and distinct sense of place of the streetscape, neighbourhood and land where this DCP applies,",df6228906b4cac45a19e31f3aed0c6f16026bd829cd706f0ea96c75cc0d7dfe0,Source
"Additions to an existing building are generally subservient to the form of the existing building, and",df6228906b4cac45a19e31f3aed0c6f16026bd829cd706f0ea96c75cc0d7dfe0,Source
"Additions to an existing building are generally maintain the form, fenestration, roof forms and chimneys of the existing building when viewed from the principal street frontage, and",df6228906b4cac45a19e31f3aed0c6f16026bd829cd706f0ea96c75cc0d7dfe0,Source
"Additions to an existing building are generally of a design which is compatible with but does not compete with the architectural character of the existing building or the Building Typologies, and",df6228906b4cac45a19e31f3aed0c6f16026bd829cd706f0ea96c75cc0d7dfe0,Source
"Additions to an existing building are generally of a scale, proportion (including proportion of doors and openings) and material which is compatible with the existing building.",df6228906b4cac45a19e31f3aed0c6f16026bd829cd706f0ea96c75cc0d7dfe0,Source
"To ensure adequate separation between buildings for visual and acoustic privacy, solar access and air circulation.",df6228906b4cac45a19e31f3aed0c6f16026bd829cd706f0ea96c75cc0d7dfe0,Source
"The site shall have sufficient capacity to accommodate development, including buildings and structures, setbacks and separation distances, access, manoeuvring and parking (where required by this Development Control Plan) and landscaped open space, having regard to site characteristics such as:",df6228906b4cac45a19e31f3aed0c6f16026bd829cd706f0ea96c75cc0d7dfe0,Source
"Residential development is not to have an adverse effect on: a. the amenity, setting or cultural significance of the place, including the portion of the existing building to be retained, and b. the relationship of any Heritage Item or Heritage Conservation Area to its place, setting and cultural significance.",df6228906b4cac45a19e31f3aed0c6f16026bd829cd706f0ea96c75cc0d7dfe0,Source
"Additions to an existing building are generally: a. located to the rear or the side of the existing building when viewed from the principal street frontage, and b. subservient to the form of the existing building, and c. maintain the form, fenestration, roof forms and chimneys of the existing building when viewed from the principal street frontage, and d. of a design which is compatible with but does not compete with the architectural character of the existing building or the Building Typologies, and e. of a scale, proportion (including proportion of doors and openings) and material which is compatible with the existing building.",df6228906b4cac45a19e31f3aed0c6f16026bd829cd706f0ea96c75cc0d7dfe0,Source
Building Typologies,df6228906b4cac45a19e31f3aed0c6f16026bd829cd706f0ea96c75cc0d7dfe0,Source
"To ensure that development: a. reinforces the desired future character and distinct sense of place of the streetscape, neighbourhood and land where this DCP applies, b. emphasises the street and public domain as a vibrant, safe and attractive place for activity and community interaction, c. complements the siting, scale and form of adjoining development, and d. creates a high level of residential amenity for the site and protects existing or enhances residential amenity of adjoining sites in terms of visual and acoustic privacy, air circulation, solar access, daylight, outlook and views.",df6228906b4cac45a19e31f3aed0c6f16026bd829cd706f0ea96c75cc0d7dfe0,Source
"The site shall have sufficient capacity to accommodate development, including buildings and structures, setbacks and separation distances, access, manoeuvring and parking (where required by this Development Control Plan) and landscaped open space, having regard to site characteristics such as: a. topography, b. soil conditions, c. drainage, d. natural environment, e. existing vegetation, f. built form, g. neighbouring development, h. traffic and transport corridors.",df6228906b4cac45a19e31f3aed0c6f16026bd829cd706f0ea96c75cc0d7dfe0,Source
Building Location Zone (BLZ) is the part of the subject site where it can be reasonably expected that a building can be located.,df6228906b4cac45a19e31f3aed0c6f16026bd829cd706f0ea96c75cc0d7dfe0,Source
subject site,df6228906b4cac45a19e31f3aed0c6f16026bd829cd706f0ea96c75cc0d7dfe0,Source
land zoned B1 Neighbourhood Centre,54559fc29f95147cb5d83e8f2b25f809c00900abe4f2928e317af9d6727d4ab2,Source
land zoned B2 Local Centre,54559fc29f95147cb5d83e8f2b25f809c00900abe4f2928e317af9d6727d4ab2,Source
IN1 General Industrial,54559fc29f95147cb5d83e8f2b25f809c00900abe4f2928e317af9d6727d4ab2,Source
IN2 Light Industrial,54559fc29f95147cb5d83e8f2b25f809c00900abe4f2928e317af9d6727d4ab2,Source
environmental performance,54559fc29f95147cb5d83e8f2b25f809c00900abe4f2928e317af9d6727d4ab2,Source
sustainable and climatically responsive development,54559fc29f95147cb5d83e8f2b25f809c00900abe4f2928e317af9d6727d4ab2,Source
building height,54559fc29f95147cb5d83e8f2b25f809c00900abe4f2928e317af9d6727d4ab2,Source
surrounding prevailing street wall height,54559fc29f95147cb5d83e8f2b25f809c00900abe4f2928e317af9d6727d4ab2,Source
prevailing streetscape height and taller building,54559fc29f95147cb5d83e8f2b25f809c00900abe4f2928e317af9d6727d4ab2,Source
setbacks to front boundary,54559fc29f95147cb5d83e8f2b25f809c00900abe4f2928e317af9d6727d4ab2,Source
existing character and prevailing setbacks of the streetscape,54559fc29f95147cb5d83e8f2b25f809c00900abe4f2928e317af9d6727d4ab2,Source
existing or neighbouring properties are built to front boundaries,54559fc29f95147cb5d83e8f2b25f809c00900abe4f2928e317af9d6727d4ab2,Source
setbacks from street frontage,54559fc29f95147cb5d83e8f2b25f809c00900abe4f2928e317af9d6727d4ab2,Source
fabric of a Heritage Item,54559fc29f95147cb5d83e8f2b25f809c00900abe4f2928e317af9d6727d4ab2,Source
"Non-residential areas include land zoned B1 Neighbourhood Centre, B2 Local Centre, B7 Business Park, IN1 General Industrial and IN2 Light Industrial under the Inner West LEP 2022.",54559fc29f95147cb5d83e8f2b25f809c00900abe4f2928e317af9d6727d4ab2,Source
"To respect the values of Heritage Items, including fabric and setting.",54559fc29f95147cb5d83e8f2b25f809c00900abe4f2928e317af9d6727d4ab2,Source
"To achieve sustainable and climatically responsive development that maximises the environmental performance of buildings, facilities and infrastructure.",54559fc29f95147cb5d83e8f2b25f809c00900abe4f2928e317af9d6727d4ab2,Source
Building height is compatible with the surrounding prevailing street wall height and does not overbear the public domain.,54559fc29f95147cb5d83e8f2b25f809c00900abe4f2928e317af9d6727d4ab2,Source
"Where adjoining a building that is substantially taller than the prevailing streetscape height, the development achieves a height that provides a transition between the taller building and the prevailing streetscape height.",54559fc29f95147cb5d83e8f2b25f809c00900abe4f2928e317af9d6727d4ab2,Source
"Where in the B1 Neighbourhood Centre Zone or B2 Local Centre Zone, the setbacks to the front and side boundaries of the property are to reflect the existing character and prevailing setbacks of the streetscape.",54559fc29f95147cb5d83e8f2b25f809c00900abe4f2928e317af9d6727d4ab2,Source
"Development is to have a zero setback where existing or neighbouring properties are built to the front or side boundaries, or the street reflects a coherent street wall with minimal separation existing between buildings.",54559fc29f95147cb5d83e8f2b25f809c00900abe4f2928e317af9d6727d4ab2,Source
Setbacks from the street frontage greater than zero are only generally acceptable where that setback...,54559fc29f95147cb5d83e8f2b25f809c00900abe4f2928e317af9d6727d4ab2,Source
B1 Neighbourhood Centre,54559fc29f95147cb5d83e8f2b25f809c00900abe4f2928e317af9d6727d4ab2,Source
B2 Local Centre,54559fc29f95147cb5d83e8f2b25f809c00900abe4f2928e317af9d6727d4ab2,Source
B7 Business Park,54559fc29f95147cb5d83e8f2b25f809c00900abe4f2928e317af9d6727d4ab2,Source
facilities,54559fc29f95147cb5d83e8f2b25f809c00900abe4f2928e317af9d6727d4ab2,Source
infrastructure,54559fc29f95147cb5d83e8f2b25f809c00900abe4f2928e317af9d6727d4ab2,Source
street wall height,54559fc29f95147cb5d83e8f2b25f809c00900abe4f2928e317af9d6727d4ab2,Source
prevailing streetscape height,54559fc29f95147cb5d83e8f2b25f809c00900abe4f2928e317af9d6727d4ab2,Source
B1 Neighbourhood Centre Zone,54559fc29f95147cb5d83e8f2b25f809c00900abe4f2928e317af9d6727d4ab2,Source
B2 Local Centre Zone,54559fc29f95147cb5d83e8f2b25f809c00900abe4f2928e317af9d6727d4ab2,Source
"Setbacks from the street frontage greater than zero are only generally acceptable where that setback: a. would be part of the fabric of a Heritage Item, or enables greater visual access to a Heritage Item on an adjoining site, b. is for a ground floor non-residential use and the setback is no greater than 3m and allows for a semi-public space such as a courtyard that provides a high level of interaction with the street, and c. is for the provision of a new useable public domain such as a plaza.",54559fc29f95147cb5d83e8f2b25f809c00900abe4f2928e317af9d6727d4ab2,Source
Clause C3,0bcc451752c27efb3203091b5a395b7265e5e651c4cb05543a236a40d2288c94,Source
solar access,0bcc451752c27efb3203091b5a395b7265e5e651c4cb05543a236a40d2288c94,Source
nearby properties,0bcc451752c27efb3203091b5a395b7265e5e651c4cb05543a236a40d2288c94,Source
photovoltaic systems,0bcc451752c27efb3203091b5a395b7265e5e651c4cb05543a236a40d2288c94,Source
slate roof with decorative features,0bcc451752c27efb3203091b5a395b7265e5e651c4cb05543a236a40d2288c94,Source
photovoltaic system,0bcc451752c27efb3203091b5a395b7265e5e651c4cb05543a236a40d2288c94,Source
have minimal visual impact,0bcc451752c27efb3203091b5a395b7265e5e651c4cb05543a236a40d2288c94,Source
building and its streetscape context,0bcc451752c27efb3203091b5a395b7265e5e651c4cb05543a236a40d2288c94,Source
"design, siting and materials",0bcc451752c27efb3203091b5a395b7265e5e651c4cb05543a236a40d2288c94,Source
Heritage Item in Schedule 5,0bcc451752c27efb3203091b5a395b7265e5e651c4cb05543a236a40d2288c94,Source
building and its setting,0bcc451752c27efb3203091b5a395b7265e5e651c4cb05543a236a40d2288c94,Source
fabric of the building,0bcc451752c27efb3203091b5a395b7265e5e651c4cb05543a236a40d2288c94,Source
photovoltaic panels,0bcc451752c27efb3203091b5a395b7265e5e651c4cb05543a236a40d2288c94,Source
The installation of a photovoltaic system is prohibited on any part of a slate roof with decorative features where the property is in a Heritage Conservation Area or is identified as a Heritage Item.,0bcc451752c27efb3203091b5a395b7265e5e651c4cb05543a236a40d2288c94,Source
Photovoltaic systems are prohibited on any part of a slate roof with decorative features where the property is in a Heritage Conservation Area or is identified as a Heritage Item.,0bcc451752c27efb3203091b5a395b7265e5e651c4cb05543a236a40d2288c94,Source
The installation of a photovoltaic system may be granted development consent when it can be shown that the installation will have minimal visual impact.,0bcc451752c27efb3203091b5a395b7265e5e651c4cb05543a236a40d2288c94,Source
"be of a design, siting and materials, including colour of trim, that is sympathetic to the character of the building and its streetscape context and which will have minimal visual impact",0bcc451752c27efb3203091b5a395b7265e5e651c4cb05543a236a40d2288c94,Source
The installation of a photovoltaic system may be granted development consent when it can be shown that the installation will not reduce the structural integrity of any building.,0bcc451752c27efb3203091b5a395b7265e5e651c4cb05543a236a40d2288c94,Source
not reduce the structural integrity of or involve structural alterations to any building to which it is attached,0bcc451752c27efb3203091b5a395b7265e5e651c4cb05543a236a40d2288c94,Source
The installation of a photovoltaic system may be granted development consent when it can be shown that the installation will not result in negative impacts on amenity.,0bcc451752c27efb3203091b5a395b7265e5e651c4cb05543a236a40d2288c94,Source
"not result in negative impacts on amenity, building fabric or heritage values of the building and its setting",0bcc451752c27efb3203091b5a395b7265e5e651c4cb05543a236a40d2288c94,Source
The installation of a photovoltaic system may be granted development consent when it can be shown that the installation will not result in irreversible alteration.,0bcc451752c27efb3203091b5a395b7265e5e651c4cb05543a236a40d2288c94,Source
not result in any irreversible alteration or damage to the fabric of the building.,0bcc451752c27efb3203091b5a395b7265e5e651c4cb05543a236a40d2288c94,Source
Photovoltaic panels should be removed from the roof when obsolete and sent to a recycling facility where possible.,0bcc451752c27efb3203091b5a395b7265e5e651c4cb05543a236a40d2288c94,Source
ensure optimal power output,0bcc451752c27efb3203091b5a395b7265e5e651c4cb05543a236a40d2288c94,Source
will not have an adverse impact on the amenity and solar access of the property or nearby or adjacent properties and occupants,0bcc451752c27efb3203091b5a395b7265e5e651c4cb05543a236a40d2288c94,Source
nearby or adjacent properties and occupants,0bcc451752c27efb3203091b5a395b7265e5e651c4cb05543a236a40d2288c94,Source
restrict the development potential of nearby and adjacent properties,0bcc451752c27efb3203091b5a395b7265e5e651c4cb05543a236a40d2288c94,Source
nearby and adjacent properties,0bcc451752c27efb3203091b5a395b7265e5e651c4cb05543a236a40d2288c94,Source
"result in the production of noise, air or water pollution or other adverse environmental impacts",0bcc451752c27efb3203091b5a395b7265e5e651c4cb05543a236a40d2288c94,Source
noise,0bcc451752c27efb3203091b5a395b7265e5e651c4cb05543a236a40d2288c94,Source
air,0bcc451752c27efb3203091b5a395b7265e5e651c4cb05543a236a40d2288c94,Source
environmental impacts,0bcc451752c27efb3203091b5a395b7265e5e651c4cb05543a236a40d2288c94,Source
reduce the structural integrity or have an adverse impact on the setting or significance of any property listed as a Heritage Item in Schedule 5 of the Inner West LEP 2022,0bcc451752c27efb3203091b5a395b7265e5e651c4cb05543a236a40d2288c94,Source
"result in negative impacts on amenity, building fabric or heritage values of the building and its setting including streetscape",0bcc451752c27efb3203091b5a395b7265e5e651c4cb05543a236a40d2288c94,Source
are prohibited on any part of a slate roof with decorative features where the property is in a Heritage Conservation Area or is identified as a Heritage Item in Schedule 5 of the Inner West LEP 2022,0bcc451752c27efb3203091b5a395b7265e5e651c4cb05543a236a40d2288c94,Source
Installation of a photovoltaic system on a property located in a Heritage Conservation Area or that is listed as a Heritage Item in Schedule 5 of the Inner West LEP 2022 may be granted development consent where it can be shown,0bcc451752c27efb3203091b5a395b7265e5e651c4cb05543a236a40d2288c94,Source
"be of a design, siting and materials, including colour of trim, that is sympathetic to the character of the building and its streetscape context",0bcc451752c27efb3203091b5a395b7265e5e651c4cb05543a236a40d2288c94,Source
not reduce the structural integrity of or involve structural alterations to any building to which it is attached that may adversely impact the significance of the building,0bcc451752c27efb3203091b5a395b7265e5e651c4cb05543a236a40d2288c94,Source
"not result in negative impacts on amenity, building fabric or heritage values of the building and its setting in the streetscape",0bcc451752c27efb3203091b5a395b7265e5e651c4cb05543a236a40d2288c94,Source
not result in any irreversible alteration or damage to the fabric of the building,0bcc451752c27efb3203091b5a395b7265e5e651c4cb05543a236a40d2288c94,Source
"When obsolete, photovoltaic panels should be removed from the roof and where possible, sent to a recycling facility",0bcc451752c27efb3203091b5a395b7265e5e651c4cb05543a236a40d2288c94,Source
roof,0bcc451752c27efb3203091b5a395b7265e5e651c4cb05543a236a40d2288c94,Source
recycling facility,0bcc451752c27efb3203091b5a395b7265e5e651c4cb05543a236a40d2288c94,Source
Contents Page Amdt No 19,7aedf869fdb6afd5732b8e661fdcc5671c79b111909ad0b96f65c52b64f91f62,Source
November 2023,7aedf869fdb6afd5732b8e661fdcc5671c79b111909ad0b96f65c52b64f91f62,Source
The planning document is named Leichhardt DCP 2013.,7aedf869fdb6afd5732b8e661fdcc5671c79b111909ad0b96f65c52b64f91f62,Source
It has an amendment number and a date November 2023.,7aedf869fdb6afd5732b8e661fdcc5671c79b111909ad0b96f65c52b64f91f62,Source
The document is located in the Inner West region.,7aedf869fdb6afd5732b8e661fdcc5671c79b111909ad0b96f65c52b64f91f62,Source
It can be found at docs/dcps/INNERWEST/leichhardt/,7aedf869fdb6afd5732b8e661fdcc5671c79b111909ad0b96f65c52b64f91f62,Source
The amendment number 19 has been applied to the document.,7aedf869fdb6afd5732b8e661fdcc5671c79b111909ad0b96f65c52b64f91f62,Source
It has a previous version without this amendment.,7aedf869fdb6afd5732b8e661fdcc5671c79b111909ad0b96f65c52b64f91f62,Source
The document's contents have been updated in November 2023.,7aedf869fdb6afd5732b8e661fdcc5671c79b111909ad0b96f65c52b64f91f62,Source
There are new information and changes applied to the document.,7aedf869fdb6afd5732b8e661fdcc5671c79b111909ad0b96f65c52b64f91f62,Source
The Planning Document is titled Leichhardt DCP 2013 - Contents Page Amdt No 19 - November 2023.pdf.,7aedf869fdb6afd5732b8e661fdcc5671c79b111909ad0b96f65c52b64f91f62,Source
The Planning Document is stored in the folder docs/dcps/INNERWEST/leichhardt.,7aedf869fdb6afd5732b8e661fdcc5671c79b111909ad0b96f65c52b64f91f62,Source
Section,795329ef30ac047256d2f51c313c75701421875965de454208a624fb51dc316a,Source
C,795329ef30ac047256d2f51c313c75701421875965de454208a624fb51dc316a,Source
Planning Document is available for review.,795329ef30ac047256d2f51c313c75701421875965de454208a624fb51dc316a,Source
public comment on the document has been invited.,795329ef30ac047256d2f51c313c75701421875965de454208a624fb51dc316a,Source
Public comment on the document has been invited.,795329ef30ac047256d2f51c313c75701421875965de454208a624fb51dc316a,Source
submission of written comments closed on 28 March 2013.,795329ef30ac047256d2f51c313c75701421875965de454208a624fb51dc316a,Source
Submission of written comments closed on 28 March 2013.,795329ef30ac047256d2f51c313c75701421875965de454208a624fb51dc316a,Source
public exhibition of the document took place from 25 January to 21 February 2013.,795329ef30ac047256d2f51c313c75701421875965de454208a624fb51dc316a,Source
The Planning Document is titled Leichhardt DCP 2013 Part C Section 5.,795329ef30ac047256d2f51c313c75701421875965de454208a624fb51dc316a,Source
Leichhardt DCP 2013 Part C Section 5,795329ef30ac047256d2f51c313c75701421875965de454208a624fb51dc316a,Source
The document was created for the Inner West Council area.,795329ef30ac047256d2f51c313c75701421875965de454208a624fb51dc316a,Source
The Planning Document is located in the docs/dcps/INNERWEST/leichhardt folder.,795329ef30ac047256d2f51c313c75701421875965de454208a624fb51dc316a,Source
Objectives,fb793502ac3bf55a947a5d557cb8bff9a7abeebd944e18abf6676939179e2dae,Source
Table,fb793502ac3bf55a947a5d557cb8bff9a7abeebd944e18abf6676939179e2dae,Source
Uses,fb793502ac3bf55a947a5d557cb8bff9a7abeebd944e18abf6676939179e2dae,Source
permitted,fb793502ac3bf55a947a5d557cb8bff9a7abeebd944e18abf6676939179e2dae,Source
Height_limit,fb793502ac3bf55a947a5d557cb8bff9a7abeebd944e18abf6676939179e2dae,Source
Grove,fb793502ac3bf55a947a5d557cb8bff9a7abeebd944e18abf6676939179e2dae,Source
Dulwich,fb793502ac3bf55a947a5d557cb8bff9a7abeebd944e18abf6676939179e2dae,Source
Clause 2.1 - zoning (land_use_zoning) is defined,fb793502ac3bf55a947a5d557cb8bff9a7abeebd944e18abf6676939179e2dae,Source
Clause 2.2 - zoning (land_use_zoning) explains its application,fb793502ac3bf55a947a5d557cb8bff9a7abeebd944e18abf6676939179e2dae,Source
Clause 2.2 - zoning (land_use_zonation) explains its application,fb793502ac3bf55a947a5d557cb8bff9a7abeebd944e18abf6676939179e2dae,Source
Zone objectives and Land Use Table are explained in Clause 2.3,fb793502ac3bf55a947a5d557cb8bff9a7abeebd944e18abf6676939179e2dae,Source
Additional permitted uses for particular land are listed in Clause 2.5,fb793502ac3bf55a947a5d557cb8bff9a7abeebd944e18abf6676939179e2dae,Source
Heritage conservation is controlled by Clause 5.10,fb793502ac3bf55a947a5d557cb8bff9a7abeebd944e18abf6676939179e2dae,Source
The height of buildings on Dulwich Grove land is regulated by Clause 7.2,fb793502ac3bf55a947a5d557cb8bff9a7abeebd944e18abf6676939179e2dae,Source
Floor space ratio on Dulwich Grove land is also regulated in Clause 7.3,fb793502ac3bf55a947a5d557cb8bff9a7abeebd944e18abf6676939179e2dae,Source
Additional permitted uses for Dulwich Grove land are listed in Clause 7.4,fb793502ac3bf55a947a5d557cb8bff9a7abeebd944e18abf6676939179e2dae,Source
Land use zones are defined.,fb793502ac3bf55a947a5d557cb8bff9a7abeebd944e18abf6676939179e2dae,Source
Government,fb793502ac3bf55a947a5d557cb8bff9a7abeebd944e18abf6676939179e2dae,Source
Zoning of land to which Plan applies is specified.,fb793502ac3bf55a947a5d557cb8bff9a7abeebd944e18abf6676939179e2dae,Source
Legislature,fb793502ac3bf55a947a5d557cb8bff9a7abeebd944e18abf6676939179e2dae,Source
Zone objectives and Land Use Table are outlined.,fb793502ac3bf55a947a5d557cb8bff9a7abeebd944e18abf6676939179e2dae,Source
Additional permitted uses for particular land are listed.,fb793502ac3bf55a947a5d557cb8bff9a7abeebd944e18abf6676939179e2dae,Source
Developers,fb793502ac3bf55a947a5d557cb8bff9a7abeebd944e18abf6676939179e2dae,Source
Heritage conservation is addressed.,fb793502ac3bf55a947a5d557cb8bff9a7abeebd944e18abf6676939179e2dae,Source
Historians,fb793502ac3bf55a947a5d557cb8bff9a7abeebd944e18abf6676939179e2dae,Source
Height of buildings on Dulwich Grove land is regulated.,fb793502ac3bf55a947a5d557cb8bff9a7abeebd944e18abf6676939179e2dae,Source
Architects,fb793502ac3bf55a947a5d557cb8bff9a7abeebd944e18abf6676939179e2dae,Source
Floor space ratio on Dulwich Grove land is controlled.,fb793502ac3bf55a947a5d557cb8bff9a7abeebd944e18abf6676939179e2dae,Source
Engineers,fb793502ac3bf55a947a5d557cb8bff9a7abeebd944e18abf6676939179e2dae,Source
Additional permitted uses for Dulwich Grove land are specified.,fb793502ac3bf55a947a5d557cb8bff9a7abeebd944e18abf6676939179e2dae,Source
NSW Legislation-101-150.pdf,1d2553f7816b304750f4649c1394785c9e3a7d7ca315c2f292cc725e5f8580cb,Source
The document is in PDF format.,1d2553f7816b304750f4649c1394785c9e3a7d7ca315c2f292cc725e5f8580cb,Source
It has been uploaded to a planning website.,1d2553f7816b304750f4649c1394785c9e3a7d7ca315c2f292cc725e5f8580cb,Source
Planning documents are typically reviewed by stakeholders before adoption.,1d2553f7816b304750f4649c1394785c9e3a7d7ca315c2f292cc725e5f8580cb,Source
This document was adopted in 2022.,1d2553f7816b304750f4649c1394785c9e3a7d7ca315c2f292cc725e5f8580cb,Source
Local Environmental Plans often undergo updates and revisions after initial adoption.,1d2553f7816b304750f4649c1394785c9e3a7d7ca315c2f292cc725e5f8580cb,Source
The Inner West Local Environmental Plan was first introduced in this format in 2022.,1d2553f7816b304750f4649c1394785c9e3a7d7ca315c2f292cc725e5f8580cb,Source
Government agencies provide public access to documents like the one described.,1d2553f7816b304750f4649c1394785c9e3a7d7ca315c2f292cc725e5f8580cb,Source
They aim to increase transparency and accountability among stakeholders.,1d2553f7816b304750f4649c1394785c9e3a7d7ca315c2f292cc725e5f8580cb,Source
Increased transparency can lead to more informed decision-making processes.,1d2553f7816b304750f4649c1394785c9e3a7d7ca315c2f292cc725e5f8580cb,Source
Stakeholders are better equipped to provide input on future updates and revisions to the plan.,1d2553f7816b304750f4649c1394785c9e3a7d7ca315c2f292cc725e5f8580cb,Source
The Planning Document is titled as Inner West Local Environmental Plan 2022.,1d2553f7816b304750f4649c1394785c9e3a7d7ca315c2f292cc725e5f8580cb,Source
It was published in NSW Legislation-101-150.pdf.,1d2553f7816b304750f4649c1394785c9e3a7d7ca315c2f292cc725e5f8580cb,Source
Legislation,8c82d74278d32e3919204f5a5fc786c4b269fca875f49531dfe1ef3d3b76d21b,Source
West,8c82d74278d32e3919204f5a5fc786c4b269fca875f49531dfe1ef3d3b76d21b,Source
The planning document is available in the docs/lep directory.,8c82d74278d32e3919204f5a5fc786c4b269fca875f49531dfe1ef3d3b76d21b,Source
The document is also known as Inner West Local Environmental Plan 2022.,8c82d74278d32e3919204f5a5fc786c4b269fca875f49531dfe1ef3d3b76d21b,Source
The document is a NSW Legislation file.,8c82d74278d32e3919204f5a5fc786c4b269fca875f49531dfe1ef3d3b76d21b,Source
It was created under the New South Wales legislation system.,8c82d74278d32e3919204f5a5fc786c4b269fca875f49531dfe1ef3d3b76d21b,Source
The planning document can be found in the docs/lep directory.,8c82d74278d32e3919204f5a5fc786c4b269fca875f49531dfe1ef3d3b76d21b,Source
This is where related documents are stored for easy access.,8c82d74278d32e3919204f5a5fc786c4b269fca875f49531dfe1ef3d3b76d21b,Source
You must strictly output in the following JSON format,8c82d74278d32e3919204f5a5fc786c4b269fca875f49531dfe1ef3d3b76d21b,Source
this assistant,8c82d74278d32e3919204f5a5fc786c4b269fca875f49531dfe1ef3d3b76d21b,Source
the user,8c82d74278d32e3919204f5a5fc786c4b269fca875f49531dfe1ef3d3b76d21b,Source
Here is the passage.,8c82d74278d32e3919204f5a5fc786c4b269fca875f49531dfe1ef3d3b76d21b,Source
the assistant,8c82d74278d32e3919204f5a5fc786c4b269fca875f49531dfe1ef3d3b76d21b,Source
the passage,8c82d74278d32e3919204f5a5fc786c4b269fca875f49531dfe1ef3d3b76d21b,Source
area of outstanding biodiversity value,0ec6db5829823b0613600a065b28614e88b6983d38545b52c563c8e70be7c760,Source
aquatic reserve,0ec6db5829823b0613600a065b28614e88b6983d38545b52c563c8e70be7c760,Source
marine park,0ec6db5829823b0613600a065b28614e88b6983d38545b52c563c8e70be7c760,Source
ponds,0ec6db5829823b0613600a065b28614e88b6983d38545b52c563c8e70be7c760,Source
intensive aquaculture,0ec6db5829823b0613600a065b28614e88b6983d38545b52c563c8e70be7c760,Source
"culture ponds, tanks and other culture facilities",0ec6db5829823b0613600a065b28614e88b6983d38545b52c563c8e70be7c760,Source
outlets,0ec6db5829823b0613600a065b28614e88b6983d38545b52c563c8e70be7c760,Source
flood event,0ec6db5829823b0613600a065b28614e88b6983d38545b52c563c8e70be7c760,Source
Must not be carried out on land declared an area of outstanding biodiversity value under the Biodiversity Conservation Act 2016.,0ec6db5829823b0613600a065b28614e88b6983d38545b52c563c8e70be7c760,Source
land within a wetland of international significance declared under the Ramsar Convention on Wetlands must also be protected,0ec6db5829823b0613600a065b28614e88b6983d38545b52c563c8e70be7c760,Source
Must not be carried out on vacant Crown land.,0ec6db5829823b0613600a065b28614e88b6983d38545b52c563c8e70be7c760,Source
Must not be carried out on land within a wetland of international significance declared under the Ramsar Convention on Wetlands.,0ec6db5829823b0613600a065b28614e88b6983d38545b52c563c8e70be7c760,Source
Species of fish or marine vegetation cultivated or kept must be consistent with the relevant aquaculture industry development plan,0ec6db5829823b0613600a065b28614e88b6983d38545b52c563c8e70be7c760,Source
For pond-based aquaculture that is also intensive aquaculture—ponds must be capable of being drained or pumped and then completely dried.,0ec6db5829823b0613600a065b28614e88b6983d38545b52c563c8e70be7c760,Source
"For pond-based aquaculture and tank-based aquaculture that is also intensive aquaculture—no discharge of freshwater used to intensively cultivate or keep fish to natural waterbodies or wetlands is permitted, except freshwater discharge from open flow through systems.",0ec6db5829823b0613600a065b28614e88b6983d38545b52c563c8e70be7c760,Source
Ponds must be capable of being drained or pumped and then completely dried,0ec6db5829823b0613600a065b28614e88b6983d38545b52c563c8e70be7c760,Source
"All outlets from culture ponds, tanks and other culture facilities must be screened to avoid the escape of fish.",0ec6db5829823b0613600a065b28614e88b6983d38545b52c563c8e70be7c760,Source
"For pond-based aquaculture and tank-based aquaculture that is also intensive aquaculture—no discharge of freshwater used to intensively cultivate or keep fish to natural waterbodies or wetlands is permitted, except freshwater discharge from open flow through systems",0ec6db5829823b0613600a065b28614e88b6983d38545b52c563c8e70be7c760,Source
"Must not be carried out on the following land, except to the extent necessary to gain access to water—",0ec6db5829823b0613600a065b28614e88b6983d38545b52c563c8e70be7c760,Source
"All outlets from culture ponds, tanks and other culture facilities must be screened to avoid the escape of fish",0ec6db5829823b0613600a065b28614e88b6983d38545b52c563c8e70be7c760,Source
"Must not be carried out on the following land, except to the extent necessary to gain access to water",0ec6db5829823b0613600a065b28614e88b6983d38545b52c563c8e70be7c760,Source
area of outstanding biodiversity value under the Biodiversity Conservation Act 2016,0ec6db5829823b0613600a065b28614e88b6983d38545b52c563c8e70be7c760,Source
vacant Crown land,0ec6db5829823b0613600a065b28614e88b6983d38545b52c563c8e70be7c760,Source
wetland of international significance declared under the Ramsar Convention on Wetlands,0ec6db5829823b0613600a065b28614e88b6983d38545b52c563c8e70be7c760,Source
"Must not be carried out on the following land, except for the purposes of minimal infrastructure to support the extraction of water from, and discharge of water to, the land concerned",0ec6db5829823b0613600a065b28614e88b6983d38545b52c563c8e70be7c760,Source
aquatic reserve under the Marine Estate Management Act 2014,0ec6db5829823b0613600a065b28614e88b6983d38545b52c563c8e70be7c760,Source
marine park under the Marine Estate Management Act 2014,0ec6db5829823b0613600a065b28614e88b6983d38545b52c563c8e70be7c760,Source
species of fish,0ec6db5829823b0613600a065b28614e88b6983d38545b52c563c8e70be7c760,Source
marine vegetation,0ec6db5829823b0613600a065b28614e88b6983d38545b52c563c8e70be7c760,Source
relevant aquaculture industry development plan,0ec6db5829823b0613600a065b28614e88b6983d38545b52c563c8e70be7c760,Source
Ponds must be capable of being drained or pumped and then completely dried for pond-based aquaculture that is also intensive aquaculture,0ec6db5829823b0613600a065b28614e88b6983d38545b52c563c8e70be7c760,Source
pond-based aquaculture,0ec6db5829823b0613600a065b28614e88b6983d38545b52c563c8e70be7c760,Source
"No discharge of freshwater used to intensively cultivate or keep fish to natural waterbodies or wetlands is permitted, except freshwater discharge from open flow through systems for pond-based aquaculture and tank-based aquaculture that is also intensive aquaculture",0ec6db5829823b0613600a065b28614e88b6983d38545b52c563c8e70be7c760,Source
freshwater,0ec6db5829823b0613600a065b28614e88b6983d38545b52c563c8e70be7c760,Source
natural waterbodies,0ec6db5829823b0613600a065b28614e88b6983d38545b52c563c8e70be7c760,Source
wetlands,0ec6db5829823b0613600a065b28614e88b6983d38545b52c563c8e70be7c760,Source
tank-based aquaculture,0ec6db5829823b0613600a065b28614e88b6983d38545b52c563c8e70be7c760,Source
culture ponds,0ec6db5829823b0613600a065b28614e88b6983d38545b52c563c8e70be7c760,Source
tanks,0ec6db5829823b0613600a065b28614e88b6983d38545b52c563c8e70be7c760,Source
other culture facilities,0ec6db5829823b0613600a065b28614e88b6983d38545b52c563c8e70be7c760,Source
fish,0ec6db5829823b0613600a065b28614e88b6983d38545b52c563c8e70be7c760,Source
Must be designed or constructed on land so that it will not be inundated by the discharge of a 1:100 ARI (average recurrent interval) flood event,0ec6db5829823b0613600a065b28614e88b6983d38545b52c563c8e70be7c760,Source
1:100 ARI flood event,0ec6db5829823b0613600a065b28614e88b6983d38545b52c563c8e70be7c760,Source
Clause Dictionary - zoning (land_use_zoning),b98f8cade883e8a94964b10969f023c8c59aad233a652456f09c9e9f4302a760,Source
Creative industries,b98f8cade883e8a94964b10969f023c8c59aad233a652456f09c9e9f4302a760,Source
Curtilage,b98f8cade883e8a94964b10969f023c8c59aad233a652456f09c9e9f4302a760,Source
Heritage item,b98f8cade883e8a94964b10969f023c8c59aad233a652456f09c9e9f4302a760,Source
Demolish,b98f8cade883e8a94964b10969f023c8c59aad233a652456f09c9e9f4302a760,Source
Draft heritage item,b98f8cade883e8a94964b10969f023c8c59aad233a652456f09c9e9f4302a760,Source
State Environmental Planning Policy (Exempt and Complying Development Codes) 2008,b98f8cade883e8a94964b10969f023c8c59aad233a652456f09c9e9f4302a760,Source
Eco-tourist facility,b98f8cade883e8a94964b10969f023c8c59aad233a652456f09c9e9f4302a760,Source
Visitors,b98f8cade883e8a94964b10969f023c8c59aad233a652456f09c9e9f4302a760,Source
Creative industries are a type of light industry,b98f8cade883e8a94964b10969f023c8c59aad233a652456f09c9e9f4302a760,Source
see the definition of that term in this Dictionary,b98f8cade883e8a94964b10969f023c8c59aad233a652456f09c9e9f4302a760,Source
"curtilage, in relation to a heritage item or conservation area, means the area of land (including land covered by water) surrounding a heritage item, a heritage conservation area, or building, work or place within a heritage conservation area",b98f8cade883e8a94964b10969f023c8c59aad233a652456f09c9e9f4302a760,Source
it contributes to its heritage significance,b98f8cade883e8a94964b10969f023c8c59aad233a652456f09c9e9f4302a760,Source
"demolish, in relation to a heritage item or an Aboriginal object, or a building, work, relic or tree within a heritage conservation area, means wholly or partly destroy, dismantle or deface the heritage item, Aboriginal object or building, work, relic or tree",b98f8cade883e8a94964b10969f023c8c59aad233a652456f09c9e9f4302a760,Source
curtilage has been destroyed,b98f8cade883e8a94964b10969f023c8c59aad233a652456f09c9e9f4302a760,Source
a draft heritage item has the same meaning as in State Environmental Planning Policy (Exempt and Complying Development Codes) 2008,b98f8cade883e8a94964b10969f023c8c59aad233a652456f09c9e9f4302a760,Source
"demolish, in relation to a heritage item or an Aboriginal object, or a building, work, relic or tree within a heritage conservation area, means wholly or partly destroy",b98f8cade883e8a94964b10969f023c8c59aad233a652456f09c9e9f4302a760,Source
an eco-tourist facility means a building or place that— (a) provides temporary or short-term accommodation to visitors on a commercial basis,b98f8cade883e8a94964b10969f023c8c59aad233a652456f09c9e9f4302a760,Source
it is located in or adjacent to an area with special ecological or cultural features,b98f8cade883e8a94964b10969f023c8c59aad233a652456f09c9e9f4302a760,Source
an eco-tourist facility means a building or place that— (b) is located in or adjacent to an area with special ecological or cultural features,b98f8cade883e8a94964b10969f023c8c59aad233a652456f09c9e9f4302a760,Source
"it minimizes bulk, scale and overall physical footprint and any ecological or visual impact",b98f8cade883e8a94964b10969f023c8c59aad233a652456f09c9e9f4302a760,Source
"an eco-tourist facility means a building or place that— (c) is sensitively designed and located so as to minimize bulk, scale and overall physical footprint",b98f8cade883e8a94964b10969f023c8c59aad233a652456f09c9e9f4302a760,Source
it minimizes ecological or visual impact,b98f8cade883e8a94964b10969f023c8c59aad233a652456f09c9e9f4302a760,Source
Creative industries are defined in this Dictionary.,b98f8cade883e8a94964b10969f023c8c59aad233a652456f09c9e9f4302a760,Source
Dictionary,b98f8cade883e8a94964b10969f023c8c59aad233a652456f09c9e9f4302a760,Source
Curtilage is defined as the area of land surrounding a heritage item or conservation area.,b98f8cade883e8a94964b10969f023c8c59aad233a652456f09c9e9f4302a760,Source
conservation area,b98f8cade883e8a94964b10969f023c8c59aad233a652456f09c9e9f4302a760,Source
"Demolish means wholly or partly destroy, dismantle or deface a heritage item or an Aboriginal object.",b98f8cade883e8a94964b10969f023c8c59aad233a652456f09c9e9f4302a760,Source
demolish,b98f8cade883e8a94964b10969f023c8c59aad233a652456f09c9e9f4302a760,Source
Aboriginal object,b98f8cade883e8a94964b10969f023c8c59aad233a652456f09c9e9f4302a760,Source
Draft heritage item has the same meaning as in State Environmental Planning Policy (Exempt and Complying Development Codes) 2008.,b98f8cade883e8a94964b10969f023c8c59aad233a652456f09c9e9f4302a760,Source
An eco-tourist facility is defined as a building or place that provides temporary accommodation to visitors on a commercial basis in an area with special ecological or cultural features.,b98f8cade883e8a94964b10969f023c8c59aad233a652456f09c9e9f4302a760,Source
eco-tourist facility,b98f8cade883e8a94964b10969f023c8c59aad233a652456f09c9e9f4302a760,Source
applicant,413ce7a9d1253537985092f106990ec8a0303287212f7c16e337bfffa42e198f,Source
consent authority,413ce7a9d1253537985092f106990ec8a0303287212f7c16e337bfffa42e198f,Source
heriage conservation area,413ce7a9d1253537985092f106990ec8a0303287212f7c16e337bfffa42e198f,Source
proposed development,413ce7a9d1253537985092f106990ec8a0303287212f7c16e337bfffa42e198f,Source
heritage management document,413ce7a9d1253537985092f106990ec8a0303287212f7c16e337bfffa42e198f,Source
carrying out of proposed development,413ce7a9d1253537985092f106990ec8a0303287212f7c16e337bfffa42e198f,Source
heritage conservation management plan,413ce7a9d1253537985092f106990ec8a0303287212f7c16e337bfffa42e198f,Source
the applicant has notified the consent authority of the proposed development,413ce7a9d1253537985092f106990ec8a0303287212f7c16e337bfffa42e198f,Source
the consent authority has advised the applicant in writing,413ce7a9d1253537985092f106990ec8a0303287212f7c16e337bfffa42e198f,Source
the consent authority has advised the applicant in writing that it is satisfied with the proposed development,413ce7a9d1253537985092f106990ec8a0303287212f7c16e337bfffa42e198f,Source
it is of a minor nature or for the maintenance of the heritage item,413ce7a9d1253537985092f106990ec8a0303287212f7c16e337bfffa42e198f,Source
the consent authority must consider the effect of the proposed development on the heritage significance of the item or area concerned,413ce7a9d1253537985092f106990ec8a0303287212f7c16e337bfffa42e198f,Source
granting consent under this clause in respect of a heritage item or heritage conservation area,413ce7a9d1253537985092f106990ec8a0303287212f7c16e337bfffa42e198f,Source
the consent authority may require a heritage management document to be prepared that assesses the extent to which the carrying out of the proposed development would affect the heritage significance of the heritage item or heritage conservation area concerned,413ce7a9d1253537985092f106990ec8a0303287212f7c16e337bfffa42e198f,Source
granting consent to any development on land on which a heritage item is located,413ce7a9d1253537985092f106990ec8a0303287212f7c16e337bfffa42e198f,Source
the consent authority may require the submission of a heritage conservation management plan before granting consent under this clause,413ce7a9d1253537985092f106990ec8a0303287212f7c16e337bfffa42e198f,Source
considering the heritage significance of a heritage item and the extent of change proposed to it,413ce7a9d1253537985092f106990ec8a0303287212f7c16e337bfffa42e198f,Source
the consent authority has advised the applicant in writing before any work is carried out that it is satisfied,413ce7a9d1253537985092f106990ec8a0303287212f7c16e337bfffa42e198f,Source
the consent authority must notify the Heritage Council of its intention to grant consent to the carrying out of development on an archaeological site,413ce7a9d1253537985092f106990ec8a0303287212f7c16e337bfffa42e198f,Source
Heritage Council,413ce7a9d1253537985092f106990ec8a0303287212f7c16e337bfffa42e198f,Source
archaeological site,413ce7a9d1253537985092f106990ec8a0303287212f7c16e337bfffa42e198f,Source
local Aboriginal communities,2959057a8c7cf5cc241a403b569a569ae6b1ad4aa7a11f43e537bde552ca64cb,Source
The consent authority must consider the effect of the proposed development on the heritage significance of the place.,2959057a8c7cf5cc241a403b569a569ae6b1ad4aa7a11f43e537bde552ca64cb,Source
The consent authority must grant consent under this clause to the carrying out of development in an Aboriginal place of heritage significance.,2959057a8c7cf5cc241a403b569a569ae6b1ad4aa7a11f43e537bde552ca64cb,Source
The consent authority must notify the local Aboriginal communities about the application.,2959057a8c7cf5cc241a403b569a569ae6b1ad4aa7a11f43e537bde552ca64cb,Source
The consent authority must take into consideration any response received from the local Aboriginal communities within 28 days after the notice is sent.,2959057a8c7cf5cc241a403b569a569ae6b1ad4aa7a11f43e537bde552ca64cb,Source
The consent authority must notify the Heritage Council about the application.,2959057a8c7cf5cc241a403b569a569ae6b1ad4aa7a11f43e537bde552ca64cb,Source
The consent authority must take into consideration any response received from the Heritage Council within 28 days after the notice is sent.,2959057a8c7cf5cc241a403b569a569ae6b1ad4aa7a11f43e537bde552ca64cb,Source
consider the effect of the proposed development on the heritage significance of the place and any Aboriginal object known or reasonably likely to be located at the place,2959057a8c7cf5cc241a403b569a569ae6b1ad4aa7a11f43e537bde552ca64cb,Source
Aboriginal places of heritage significance,2959057a8c7cf5cc241a403b569a569ae6b1ad4aa7a11f43e537bde552ca64cb,Source
"notify the local Aboriginal communities, in writing or in such other manner as may be appropriate, about the application",2959057a8c7cf5cc241a403b569a569ae6b1ad4aa7a11f43e537bde552ca64cb,Source
take into consideration any response received within 28 days after the notice is sent,2959057a8c7cf5cc241a403b569a569ae6b1ad4aa7a11f43e537bde552ca64cb,Source
notify the Heritage Council about the application,2959057a8c7cf5cc241a403b569a569ae6b1ad4aa7a11f43e537bde552ca64cb,Source
take into consideration any response received from the Heritage Council within 28 days after the notice is sent,2959057a8c7cf5cc241a403b569a569ae6b1ad4aa7a11f43e537bde552ca64cb,Source
zone,f876dd5d94d1f0c803e5428b738dabe71bd3e3a0cb936e94195036d9afaf5b38,Source
consent,f876dd5d94d1f0c803e5428b738dabe71bd3e3a0cb936e94195036d9afaf5b38,Source
Floor Space Ratio,f876dd5d94d1f0c803e5428b738dabe71bd3e3a0cb936e94195036d9afaf5b38,Source
maximum,f876dd5d94d1f0c803e5428b738dabe71bd3e3a0cb936e94195036d9afaf5b38,Source
Planning Document: docs/lep/Inner West Local Environmental Plan 2022 - NSW Legislation.pdf is provided.,f876dd5d94d1f0c803e5428b738dabe71bd3e3a0cb936e94195036d9afaf5b38,Source
Clause 2.1 - zoning (land_use_zoning): Land use zones is described.,f876dd5d94d1f0c803e5428b738dabe71bd3e3a0cb936e94195036d9afaf5b38,Source
Clause 2.2 - zoning (land_use_zoning): Zoning of land to which Plan applies is also discussed.,f876dd5d94d1f0c803e5428b738dabe71bd3e3a0cb936e94195036d9afaf5b38,Source
Clause 2.3 - zoning (land_use_zoning): Zone objectives and Land Use Table is outlined.,f876dd5d94d1f0c803e5428b738dabe71bd3e3a0cb936e94195036d9afaf5b38,Source
Clause 2.2 - zoning (land_use_zoning): Zoning of land to which Plan applies establishes the basis for zone objectives.,f876dd5d94d1f0c803e5428b738dabe71bd3e3a0cb936e94195036d9afaf5b38,Source
Unzoned land is identified in Clause 2.4 - zoning (land_use_zoning).,f876dd5d94d1f0c803e5428b738dabe71bd3e3a0cb936e94195036d9afaf5b38,Source
Clause 2.3 - zoning (land_use_zoning): Zone objectives and Land Use Table does not cover all areas.,f876dd5d94d1f0c803e5428b738dabe71bd3e3a0cb936e94195036d9afaf5b38,Source
Additional permitted uses for particular land are specified in Clause 2.5 - zoning (land_use_zoning).,f876dd5d94d1f0c803e5428b738dabe71bd3e3a0cb936e94195036d9afaf5b38,Source
Clause 2.3 - zoning (land_use_zoning): Zone objectives and Land Use Table sets the framework for such specifications.,f876dd5d94d1f0c803e5428b738dabe71bd3e3a0cb936e94195036d9afaf5b38,Source
Demolition requires development consent as stated in Clause 2.7 - development_control.,f876dd5d94d1f0c803e5428b738dabe71bd3e3a0cb936e94195036d9afaf5b38,Source
"Clause 4.4A - fsr_control (development_control) implements specific development standards, including those related to demolition.",f876dd5d94d1f0c803e5428b738dabe71bd3e3a0cb936e94195036d9afaf5b38,Source
Land use zones are defined in Clause 2.1,f876dd5d94d1f0c803e5428b738dabe71bd3e3a0cb936e94195036d9afaf5b38,Source
Clause 2.1,f876dd5d94d1f0c803e5428b738dabe71bd3e3a0cb936e94195036d9afaf5b38,Source
Zoning of land to which Plan applies is described in Clause 2.2,f876dd5d94d1f0c803e5428b738dabe71bd3e3a0cb936e94195036d9afaf5b38,Source
Clause 2.2,f876dd5d94d1f0c803e5428b738dabe71bd3e3a0cb936e94195036d9afaf5b38,Source
Land Use Table,f876dd5d94d1f0c803e5428b738dabe71bd3e3a0cb936e94195036d9afaf5b38,Source
Unzoned land is mentioned in Clause 2.4,f876dd5d94d1f0c803e5428b738dabe71bd3e3a0cb936e94195036d9afaf5b38,Source
Clause 2.4,f876dd5d94d1f0c803e5428b738dabe71bd3e3a0cb936e94195036d9afaf5b38,Source
unzoned land,f876dd5d94d1f0c803e5428b738dabe71bd3e3a0cb936e94195036d9afaf5b38,Source
Additional permitted uses for particular land are specified in Clause 2.5,f876dd5d94d1f0c803e5428b738dabe71bd3e3a0cb936e94195036d9afaf5b38,Source
Clause 2.5,f876dd5d94d1f0c803e5428b738dabe71bd3e3a0cb936e94195036d9afaf5b38,Source
additional uses,f876dd5d94d1f0c803e5428b738dabe71bd3e3a0cb936e94195036d9afaf5b38,Source
particular land,f876dd5d94d1f0c803e5428b738dabe71bd3e3a0cb936e94195036d9afaf5b38,Source
Demolition requires development consent as stated in Clause 2.7,f876dd5d94d1f0c803e5428b738dabe71bd3e3a0cb936e94195036d9afaf5b38,Source
Clause 2.7,f876dd5d94d1f0c803e5428b738dabe71bd3e3a0cb936e94195036d9afaf5b38,Source
development consent,f876dd5d94d1f0c803e5428b738dabe71bd3e3a0cb936e94195036d9afaf5b38,Source
Principal development standards are outlined in Part 4 of the plan,f876dd5d94d1f0c803e5428b738dabe71bd3e3a0cb936e94195036d9afaf5b38,Source
Part 4,f876dd5d94d1f0c803e5428b738dabe71bd3e3a0cb936e94195036d9afaf5b38,Source
principal development standards,f876dd5d94d1f0c803e5428b738dabe71bd3e3a0cb936e94195036d9afaf5b38,Source
An exception to maximum floor space ratio is made for active street frontages as per Clause 4.4A,f876dd5d94d1f0c803e5428b738dabe71bd3e3a0cb936e94195036d9afaf5b38,Source
Clause 4.4A,f876dd5d94d1f0c803e5428b738dabe71bd3e3a0cb936e94195036d9afaf5b38,Source
maximum floor space ratio,f876dd5d94d1f0c803e5428b738dabe71bd3e3a0cb936e94195036d9afaf5b38,Source
active street frontages,f876dd5d94d1f0c803e5428b738dabe71bd3e3a0cb936e94195036d9afaf5b38,Source
fsr_control,f876dd5d94d1f0c803e5428b738dabe71bd3e3a0cb936e94195036d9afaf5b38,Source
biodiversity values of trees and other vegetation in non-rural areas of the State,f9f90992d4dbb5d6ecd2655f4267b0f02a6f8909066454a49007b5f008c50f7d,Source
trees and other vegetation in non-rural areas of the State,f9f90992d4dbb5d6ecd2655f4267b0f02a6f8909066454a49007b5f008c50f7d,Source
Clause 2.3 defines zoning categories.,f9f90992d4dbb5d6ecd2655f4267b0f02a6f8909066454a49007b5f008c50f7d,Source
Clause 2.1 aims to protect biodiversity and preserve amenity through environmental protection.,f9f90992d4dbb5d6ecd2655f4267b0f02a6f8909066454a49007b5f008c50f7d,Source
Clause 2.3 lists different types of zones.,f9f90992d4dbb5d6ecd2655f4267b0f02a6f8909066454a49007b5f008c50f7d,Source
Clause 2.1 emphasizes the importance of environmental protection in non-rural areas.,f9f90992d4dbb5d6ecd2655f4267b0f02a6f8909066454a49007b5f008c50f7d,Source
Zone RU5 Village is defined,f9f90992d4dbb5d6ecd2655f4267b0f02a6f8909066454a49007b5f008c50f7d,Source
Zone RU5 Village,f9f90992d4dbb5d6ecd2655f4267b0f02a6f8909066454a49007b5f008c50f7d,Source
Zone R1 General Residential is defined,f9f90992d4dbb5d6ecd2655f4267b0f02a6f8909066454a49007b5f008c50f7d,Source
Zone R1 General Residential,f9f90992d4dbb5d6ecd2655f4267b0f02a6f8909066454a49007b5f008c50f7d,Source
Zone R2 Low Density Residential is defined,f9f90992d4dbb5d6ecd2655f4267b0f02a6f8909066454a49007b5f008c50f7d,Source
Zone R2 Low Density Residential,f9f90992d4dbb5d6ecd2655f4267b0f02a6f8909066454a49007b5f008c50f7d,Source
Zone R3 Medium Density Residential is defined,f9f90992d4dbb5d6ecd2655f4267b0f02a6f8909066454a49007b5f008c50f7d,Source
Zone R3 Medium Density Residential,f9f90992d4dbb5d6ecd2655f4267b0f02a6f8909066454a49007b5f008c50f7d,Source
Zone R4 High Density Residential is defined,f9f90992d4dbb5d6ecd2655f4267b0f02a6f8909066454a49007b5f008c50f7d,Source
Zone R4 High Density Residential,f9f90992d4dbb5d6ecd2655f4267b0f02a6f8909066454a49007b5f008c50f7d,Source
Zone R5 Large Lot Residential is defined,f9f90992d4dbb5d6ecd2655f4267b0f02a6f8909066454a49007b5f008c50f7d,Source
Zone R5 Large Lot Residential,f9f90992d4dbb5d6ecd2655f4267b0f02a6f8909066454a49007b5f008c50f7d,Source
Zone B1 Neighbourhood Centre is defined,f9f90992d4dbb5d6ecd2655f4267b0f02a6f8909066454a49007b5f008c50f7d,Source
Zone B1 Neighbourhood Centre,f9f90992d4dbb5d6ecd2655f4267b0f02a6f8909066454a49007b5f008c50f7d,Source
Zone B2 Local Centre is defined,f9f90992d4dbb5d6ecd2655f4267b0f02a6f8909066454a49007b5f008c50f7d,Source
Zone B2 Local Centre,f9f90992d4dbb5d6ecd2655f4267b0f02a6f8909066454a49007b5f008c50f7d,Source
Zone B3 Commercial Core is defined,f9f90992d4dbb5d6ecd2655f4267b0f02a6f8909066454a49007b5f008c50f7d,Source
Zone B3 Commercial Core,f9f90992d4dbb5d6ecd2655f4267b0f02a6f8909066454a49007b5f008c50f7d,Source
Zone B4 Mixed Use is defined,f9f90992d4dbb5d6ecd2655f4267b0f02a6f8909066454a49007b5f008c50f7d,Source
Zone B4 Mixed Use,f9f90992d4dbb5d6ecd2655f4267b0f02a6f8909066454a49007b5f008c50f7d,Source
Zone B5 Business Development is defined,f9f90992d4dbb5d6ecd2655f4267b0f02a6f8909066454a49007b5f008c50f7d,Source
Zone B5 Business Development,f9f90992d4dbb5d6ecd2655f4267b0f02a6f8909066454a49007b5f008c50f7d,Source
Zone B6 Enterprise Corridor is defined,f9f90992d4dbb5d6ecd2655f4267b0f02a6f8909066454a49007b5f008c50f7d,Source
Zone B6 Enterprise Corridor,f9f90992d4dbb5d6ecd2655f4267b0f02a6f8909066454a49007b5f008c50f7d,Source
Zone B7 Business Park is defined,f9f90992d4dbb5d6ecd2655f4267b0f02a6f8909066454a49007b5f008c50f7d,Source
Zone B7 Business Park,f9f90992d4dbb5d6ecd2655f4267b0f02a6f8909066454a49007b5f008c50f7d,Source
Zone B8 Metropolitan Centre is defined,f9f90992d4dbb5d6ecd2655f4267b0f02a6f8909066454a49007b5f008c50f7d,Source
Zone B8 Metropolitan Centre,f9f90992d4dbb5d6ecd2655f4267b0f02a6f8909066454a49007b5f008c50f7d,Source
Zone E1 Local Centre is defined,f9f90992d4dbb5d6ecd2655f4267b0f02a6f8909066454a49007b5f008c50f7d,Source
Zone E1 Local Centre,f9f90992d4dbb5d6ecd2655f4267b0f02a6f8909066454a49007b5f008c50f7d,Source
Zone E2 Commercial Centre is defined,f9f90992d4dbb5d6ecd2655f4267b0f02a6f8909066454a49007b5f008c50f7d,Source
Zone E2 Commercial Centre,f9f90992d4dbb5d6ecd2655f4267b0f02a6f8909066454a49007b5f008c50f7d,Source
Zone E3 Productivity Support is defined,f9f90992d4dbb5d6ecd2655f4267b0f02a6f8909066454a49007b5f008c50f7d,Source
Zone E3 Productivity Support,f9f90992d4dbb5d6ecd2655f4267b0f02a6f8909066454a49007b5f008c50f7d,Source
Zone E4 General Industrial is defined,f9f90992d4dbb5d6ecd2655f4267b0f02a6f8909066454a49007b5f008c50f7d,Source
Zone E4 General Industrial,f9f90992d4dbb5d6ecd2655f4267b0f02a6f8909066454a49007b5f008c50f7d,Source
Zone E5 Heavy Industrial is defined,f9f90992d4dbb5d6ecd2655f4267b0f02a6f8909066454a49007b5f008c50f7d,Source
Zone E5 Heavy Industrial,f9f90992d4dbb5d6ecd2655f4267b0f02a6f8909066454a49007b5f008c50f7d,Source
Zone IN1 General Industrial is defined,f9f90992d4dbb5d6ecd2655f4267b0f02a6f8909066454a49007b5f008c50f7d,Source
Zone IN1 General Industrial,f9f90992d4dbb5d6ecd2655f4267b0f02a6f8909066454a49007b5f008c50f7d,Source
Zone IN2 Light Industrial is defined,f9f90992d4dbb5d6ecd2655f4267b0f02a6f8909066454a49007b5f008c50f7d,Source
Zone IN2 Light Industrial,f9f90992d4dbb5d6ecd2655f4267b0f02a6f8909066454a49007b5f008c50f7d,Source
Zone IN3 Heavy Industrial is defined,f9f90992d4dbb5d6ecd2655f4267b0f02a6f8909066454a49007b5f008c50f7d,Source
Zone IN3 Heavy Industrial,f9f90992d4dbb5d6ecd2655f4267b0f02a6f8909066454a49007b5f008c50f7d,Source
Zone IN4 Working Waterfront is defined,f9f90992d4dbb5d6ecd2655f4267b0f02a6f8909066454a49007b5f008c50f7d,Source
Zone IN4 Working Waterfront,f9f90992d4dbb5d6ecd2655f4267b0f02a6f8909066454a49007b5f008c50f7d,Source
Zone MU1 Mixed Use is defined,f9f90992d4dbb5d6ecd2655f4267b0f02a6f8909066454a49007b5f008c50f7d,Source
Zone MU1 Mixed Use,f9f90992d4dbb5d6ecd2655f4267b0f02a6f8909066454a49007b5f008c50f7d,Source
The biodiversity values of trees and other vegetation in non-rural areas are to be protected,f9f90992d4dbb5d6ecd2655f4267b0f02a6f8909066454a49007b5f008c50f7d,Source
other vegetation,f9f90992d4dbb5d6ecd2655f4267b0f02a6f8909066454a49007b5f008c50f7d,Source
non-rural areas,f9f90992d4dbb5d6ecd2655f4267b0f02a6f8909066454a49007b5f008c50f7d,Source
The amenity of non-rural areas is to be preserved through the preservation of trees and other vegetation,f9f90992d4dbb5d6ecd2655f4267b0f02a6f8909066454a49007b5f008c50f7d,Source
docs/sepps/NSW Legislation.pdf,aaf67ee95c5eab8d542d350a68e7a2e481c352a8d518d284e0422af298259ae6,Source
The planning document is titled State Environmental Planning Policy (Exempt and Complying Development Codes).,aaf67ee95c5eab8d542d350a68e7a2e481c352a8d518d284e0422af298259ae6,Source
it outlines policies for exempt and complying development in New South Wales.,aaf67ee95c5eab8d542d350a68e7a2e481c352a8d518d284e0422af298259ae6,Source
It outlines policies for exempt and complying development in New South Wales.,aaf67ee95c5eab8d542d350a68e7a2e481c352a8d518d284e0422af298259ae6,Source
these developments are governed by specific codes and guidelines.,aaf67ee95c5eab8d542d350a68e7a2e481c352a8d518d284e0422af298259ae6,Source
These developments are governed by specific codes and guidelines.,aaf67ee95c5eab8d542d350a68e7a2e481c352a8d518d284e0422af298259ae6,Source
the introduction of this policy in 2008.,aaf67ee95c5eab8d542d350a68e7a2e481c352a8d518d284e0422af298259ae6,Source
The introduction of this policy occurred in 2008.,aaf67ee95c5eab8d542d350a68e7a2e481c352a8d518d284e0422af298259ae6,Source
it was published as a document titled NSW Legislation.pdf.,aaf67ee95c5eab8d542d350a68e7a2e481c352a8d518d284e0422af298259ae6,Source
The State Environmental Planning Policy (SEPP) was released in 2008.,aaf67ee95c5eab8d542d350a68e7a2e481c352a8d518d284e0422af298259ae6,Source
The policy is related to exempt and complying development codes.,aaf67ee95c5eab8d542d350a68e7a2e481c352a8d518d284e0422af298259ae6,Source
Exempt Development Codes,aaf67ee95c5eab8d542d350a68e7a2e481c352a8d518d284e0422af298259ae6,Source
Complying Development Codes,aaf67ee95c5eab8d542d350a68e7a2e481c352a8d518d284e0422af298259ae6,Source
The document can be found in the NSW Legislation PDF file.,aaf67ee95c5eab8d542d350a68e7a2e481c352a8d518d284e0422af298259ae6,Source
NSW Legislation.pdf,aaf67ee95c5eab8d542d350a68e7a2e481c352a8d518d284e0422af298259ae6,Source
docs/sepps/State Environmental Planning Policy (Exempt and Complying Development Codes) 2008 - NSW Legislation.pdf,aaf67ee95c5eab8d542d350a68e7a2e481c352a8d518d284e0422af298259ae6,Source
housing,fb1c37963aeff330379e3c48a375c0726936ea6feadcc472e6bcf07ad9b09fe2,Source
vulnerable members of the community,fb1c37963aeff330379e3c48a375c0726936ea6feadcc472e6bcf07ad9b09fe2,Source
new housing development,fb1c37963aeff330379e3c48a375c0726936ea6feadcc472e6bcf07ad9b09fe2,Source
residents with a reasonable level of amenity,fb1c37963aeff330379e3c48a375c0726936ea6feadcc472e6bcf07ad9b09fe2,Source
locations where it will make good use of existing and planned infrastructure and services,fb1c37963aeff330379e3c48a375c0726936ea6feadcc472e6bcf07ad9b09fe2,Source
short-term rental accommodation,fb1c37963aeff330379e3c48a375c0726936ea6feadcc472e6bcf07ad9b09fe2,Source
existing affordable rental housing,fb1c37963aeff330379e3c48a375c0726936ea6feadcc472e6bcf07ad9b09fe2,Source
enabling the development of diverse housing types,fb1c37963aeff330379e3c48a375c0726936ea6feadcc472e6bcf07ad9b09fe2,Source
encouraging the development of housing that will meet the needs of more vulnerable members of the community,fb1c37963aeff330379e3c48a375c0726936ea6feadcc472e6bcf07ad9b09fe2,Source
ensuring new housing development provides residents with a reasonable level of amenity,fb1c37963aeff330379e3c48a375c0726936ea6feadcc472e6bcf07ad9b09fe2,Source
promoting the planning and delivery of housing in locations where it will make good use of existing and planned infrastructure and services,fb1c37963aeff330379e3c48a375c0726936ea6feadcc472e6bcf07ad9b09fe2,Source
minimising adverse climate and environmental impacts of new housing development,fb1c37963aeff330379e3c48a375c0726936ea6feadcc472e6bcf07ad9b09fe2,Source
reinforcing the importance of designing housing in a way that reflects and enhances its locality,fb1c37963aeff330379e3c48a375c0726936ea6feadcc472e6bcf07ad9b09fe2,Source
"supporting short-term rental accommodation as a home-sharing activity and contributor to local economies, while managing the social and environmental impacts from this use",fb1c37963aeff330379e3c48a375c0726936ea6feadcc472e6bcf07ad9b09fe2,Source
mitigating the loss of existing affordable rental housing,fb1c37963aeff330379e3c48a375c0726936ea6feadcc472e6bcf07ad9b09fe2,Source
encouraging the development of housing for vulnerable members of the community,fb1c37963aeff330379e3c48a375c0726936ea6feadcc472e6bcf07ad9b09fe2,Source
Low income households,fb1c37963aeff330379e3c48a375c0726936ea6feadcc472e6bcf07ad9b09fe2,Source
Seniors,fb1c37963aeff330379e3c48a375c0726936ea6feadcc472e6bcf07ad9b09fe2,Source
People with a disability,fb1c37963aeff330379e3c48a375c0726936ea6feadcc472e6bcf07ad9b09fe2,Source
Local authorities,fb1c37963aeff330379e3c48a375c0726936ea6feadcc472e6bcf07ad9b09fe2,Source
promoting the planning and delivery of housing in locations with existing infrastructure,fb1c37963aeff330379e3c48a375c0726936ea6feadcc472e6bcf07ad9b09fe2,Source
Infrastructure developers,fb1c37963aeff330379e3c48a375c0726936ea6feadcc472e6bcf07ad9b09fe2,Source
Environmental protection agencies,fb1c37963aeff330379e3c48a375c0726936ea6feadcc472e6bcf07ad9b09fe2,Source
designing housing to reflect its locality,fb1c37963aeff330379e3c48a375c0726936ea6feadcc472e6bcf07ad9b09fe2,Source
supporting short-term rental accommodation,fb1c37963aeff330379e3c48a375c0726936ea6feadcc472e6bcf07ad9b09fe2,Source
Short-term rental operators,fb1c37963aeff330379e3c48a375c0726936ea6feadcc472e6bcf07ad9b09fe2,Source
Homeowners,fb1c37963aeff330379e3c48a375c0726936ea6feadcc472e6bcf07ad9b09fe2,Source
Tourism boards,fb1c37963aeff330379e3c48a375c0726936ea6feadcc472e6bcf07ad9b09fe2,Source
Landlords,fb1c37963aeff330379e3c48a375c0726936ea6feadcc472e6bcf07ad9b09fe2,Source
Tenants,fb1c37963aeff330379e3c48a375c0726936ea6feadcc472e6bcf07ad9b09fe2,Source
Western Sydney Employment Area,850b405ce69ced063df1579768a9fc5173d6327fe4292cb60bb0dc1143d0ef21,Source
employment,850b405ce69ced063df1579768a9fc5173d6327fe4292cb60bb0dc1143d0ef21,Source
environmental conservation,850b405ce69ced063df1579768a9fc5173d6327fe4292cb60bb0dc1143d0ef21,Source
recreation purposes,850b405ce69ced063df1579768a9fc5173d6327fe4292cb60bb0dc1143d0ef21,Source
development control plan,850b405ce69ced063df1579768a9fc5173d6327fe4292cb60bb0dc1143d0ef21,Source
areas with high biodiversity or heritage or cultural value,850b405ce69ced063df1579768a9fc5173d6327fe4292cb60bb0dc1143d0ef21,Source
State Environmental Planning Policy No 1—Development Standards,850b405ce69ced063df1579768a9fc5173d6327fe4292cb60bb0dc1143d0ef21,Source
this Chapter,850b405ce69ced063df1579768a9fc5173d6327fe4292cb60bb0dc1143d0ef21,Source
LEPs or local environmental plan or deemed environmental planning instrument,850b405ce69ced063df1579768a9fc5173d6327fe4292cb60bb0dc1143d0ef21,Source
This Chapter aims to protect and enhance the land for employment purposes.,850b405ce69ced063df1579768a9fc5173d6327fe4292cb60bb0dc1143d0ef21,Source
"to promote economic development and the creation of employment in the Western Sydney Employment Area by providing for development including major warehousing, distribution, freight transport, industrial, high technology and research facilities,",850b405ce69ced063df1579768a9fc5173d6327fe4292cb60bb0dc1143d0ef21,Source
"to rezone land for employment, environmental conservation or recreation purposes,",850b405ce69ced063df1579768a9fc5173d6327fe4292cb60bb0dc1143d0ef21,Source
"to conserve and rehabilitate areas that have a high biodiversity or heritage or cultural value, in particular areas of remnant vegetation.",850b405ce69ced063df1579768a9fc5173d6327fe4292cb60bb0dc1143d0ef21,Source
"to ensure that development occurs in a logical, environmentally sensitive and cost-effective manner and only after a development control plan (including specific development controls) has been prepared for the land concerned,",850b405ce69ced063df1579768a9fc5173d6327fe4292cb60bb0dc1143d0ef21,Source
"This Chapter prevails over LEPs In the event of an inconsistency between this Chapter and a local environmental plan or deemed environmental planning instrument that applies to the land to which this Chapter applies,",850b405ce69ced063df1579768a9fc5173d6327fe4292cb60bb0dc1143d0ef21,Source
State Environmental Planning Policy No 1—Development Standards does not apply to the land to which this Chapter applies.,850b405ce69ced063df1579768a9fc5173d6327fe4292cb60bb0dc1143d0ef21,Source
"This Chapter to prevail over LEPs In the event of an inconsistency between this Chapter and a local environmental plan or deemed environmental planning instrument that applies to the land to which this Chapter applies,",850b405ce69ced063df1579768a9fc5173d6327fe4292cb60bb0dc1143d0ef21,Source
This Chapter aims to protect and enhance the land to which this Chapter applies (the Western Sydney Employment Area) for employment purposes.,850b405ce69ced063df1579768a9fc5173d6327fe4292cb60bb0dc1143d0ef21,Source
"to promote economic development and the creation of employment in the Western Sydney Employment Area by providing for development including major warehousing, distribution, freight transport, industrial, high technology and research facilities",850b405ce69ced063df1579768a9fc5173d6327fe4292cb60bb0dc1143d0ef21,Source
economic development,850b405ce69ced063df1579768a9fc5173d6327fe4292cb60bb0dc1143d0ef21,Source
"to rezone land for employment, environmental conservation or recreation purposes",850b405ce69ced063df1579768a9fc5173d6327fe4292cb60bb0dc1143d0ef21,Source
recreation,850b405ce69ced063df1579768a9fc5173d6327fe4292cb60bb0dc1143d0ef21,Source
"to ensure that development occurs in a logical, environmentally sensitive and cost-effective manner and only after a development control plan (including specific development controls) has been prepared for the land concerned",850b405ce69ced063df1579768a9fc5173d6327fe4292cb60bb0dc1143d0ef21,Source
specific development controls,850b405ce69ced063df1579768a9fc5173d6327fe4292cb60bb0dc1143d0ef21,Source
"to conserve and rehabilitate areas that have a high biodiversity or heritage or cultural value, in particular areas of remnant vegetation",850b405ce69ced063df1579768a9fc5173d6327fe4292cb60bb0dc1143d0ef21,Source
areas with high biodiversity,850b405ce69ced063df1579768a9fc5173d6327fe4292cb60bb0dc1143d0ef21,Source
cultural value,850b405ce69ced063df1579768a9fc5173d6327fe4292cb60bb0dc1143d0ef21,Source
remnant vegetation,850b405ce69ced063df1579768a9fc5173d6327fe4292cb60bb0dc1143d0ef21,Source
State Environmental Planning Policy No 1—Development Standards does not apply to the land to which this Chapter applies,850b405ce69ced063df1579768a9fc5173d6327fe4292cb60bb0dc1143d0ef21,Source
"This Chapter to prevail over LEPs In the event of an inconsistency between this Chapter and a local environmental plan or deemed environmental planning instrument that applies to the land to which this Chapter applies, this Chapter prevails to the extent of the inconsistency",850b405ce69ced063df1579768a9fc5173d6327fe4292cb60bb0dc1143d0ef21,Source
LEPs,850b405ce69ced063df1579768a9fc5173d6327fe4292cb60bb0dc1143d0ef21,Source
local environmental plan,850b405ce69ced063df1579768a9fc5173d6327fe4292cb60bb0dc1143d0ef21,Source
deemed environmental planning instrument,850b405ce69ced063df1579768a9fc5173d6327fe4292cb60bb0dc1143d0ef21,Source
heritage_protection,eec3877b392a924efbd4dac2bf3e8c8708390b515989f3e7fa55503101b4b64d,Source
Standard Instrument (Local Environmental Plans) Order 2006,eec3877b392a924efbd4dac2bf3e8c8708390b515989f3e7fa55503101b4b64d,Source
Crown Land Management Act 2016,eec3877b392a924efbd4dac2bf3e8c8708390b515989f3e7fa55503101b4b64d,Source
Threatened Species Conservation Act 1995,eec3877b392a924efbd4dac2bf3e8c8708390b515989f3e7fa55503101b4b64d,Source
Fisheries Management Act 1994,eec3877b392a924efbd4dac2bf3e8c8708390b515989f3e7fa55503101b4b64d,Source
another environmental planning instrument,eec3877b392a924efbd4dac2bf3e8c8708390b515989f3e7fa55503101b4b64d,Source
Words and expressions used in this Chapter have (subject to this section) the same meaning as they have in the standard local environmental planning instrument prescribed by the Standard Instrument (Local Environmental Plans) Order 2006.,eec3877b392a924efbd4dac2bf3e8c8708390b515989f3e7fa55503101b4b64d,Source
"land, places, buildings or structures listed on the State Heritage Register under the Heritage Act 1977,",eec3877b392a924efbd4dac2bf3e8c8708390b515989f3e7fa55503101b4b64d,Source
"land reserved or dedicated under the Crown Land Management Act 2016 for the preservation of flora, fauna, geological formations or for other environmental protection purposes,",eec3877b392a924efbd4dac2bf3e8c8708390b515989f3e7fa55503101b4b64d,Source
land identified as being critical habitat under the Threatened Species Conservation Act 1995 or Part 7A of the Fisheries Management Act 1994.,eec3877b392a924efbd4dac2bf3e8c8708390b515989f3e7fa55503101b4b64d,Source
"Subject to section 74(1) of the Act, in the event of an inconsistency between this Chapter and another environmental planning instrument, whether made before or after the commencement of this Chapter, this Chapter prevails to the extent of the inconsistency.",eec3877b392a924efbd4dac2bf3e8c8708390b515989f3e7fa55503101b4b64d,Source
land is listed on the State Heritage Register under the Heritage Act 1977,eec3877b392a924efbd4dac2bf3e8c8708390b515989f3e7fa55503101b4b64d,Source
Heritage Act 1977,eec3877b392a924efbd4dac2bf3e8c8708390b515989f3e7fa55503101b4b64d,Source
Words and expressions have the same meaning as they do in the standard local environmental planning instrument prescribed by the Standard Instrument (Local Environmental Plans) Order 2006,eec3877b392a924efbd4dac2bf3e8c8708390b515989f3e7fa55503101b4b64d,Source
words and expressions,eec3877b392a924efbd4dac2bf3e8c8708390b515989f3e7fa55503101b4b64d,Source
standard local environmental planning instrument,eec3877b392a924efbd4dac2bf3e8c8708390b515989f3e7fa55503101b4b64d,Source
land is reserved or dedicated under the Crown Land Management Act 2016 for environmental protection purposes,eec3877b392a924efbd4dac2bf3e8c8708390b515989f3e7fa55503101b4b64d,Source
land is identified as critical habitat under the Threatened Species Conservation Act 1995 or Part 7A of the Fisheries Management Act 1994,eec3877b392a924efbd4dac2bf3e8c8708390b515989f3e7fa55503101b4b64d,Source
this Chapter prevails in case of inconsistency with another environmental planning instrument,eec3877b392a924efbd4dac2bf3e8c8708390b515989f3e7fa55503101b4b64d,Source
primary production,1909b072ca15af433f10a9bef4605b233319e7e17d7ba4912e9df1fa620027c8,Source
land use conflict,1909b072ca15af433f10a9bef4605b233319e7e17d7ba4912e9df1fa620027c8,Source
agriculture,1909b072ca15af433f10a9bef4605b233319e7e17d7ba4912e9df1fa620027c8,Source
State significant agricultural land,1909b072ca15af433f10a9bef4605b233319e7e17d7ba4912e9df1fa620027c8,Source
sustainable agriculture,1909b072ca15af433f10a9bef4605b233319e7e17d7ba4912e9df1fa620027c8,Source
aqua culture,1909b072ca15af433f10a9bef4605b233319e7e17d7ba4912e9df1fa620027c8,Source
oyster aquaculture,1909b072ca15af433f10a9bef4605b233319e7e17d7ba4912e9df1fa620027c8,Source
all proposed development in the State,1909b072ca15af433f10a9bef4605b233319e7e17d7ba4912e9df1fa620027c8,Source
aquaculture,1909b072ca15af433f10a9bef4605b233319e7e17d7ba4912e9df1fa620027c8,Source
aquaculture development,1909b072ca15af433f10a9bef4605b233319e7e17d7ba4912e9df1fa620027c8,Source
to facilitate the orderly economic use and development of lands for primary production,1909b072ca15af433f10a9bef4605b233319e7e17d7ba4912e9df1fa620027c8,Source
to reduce land use conflict and sterilisation of rural land by balancing primary production,1909b072ca15af433f10a9bef4605b233319e7e17d7ba4912e9df1fa620027c8,Source
"to identify State significant agricultural land for the purpose of ensuring the ongoing viability of agriculture on that land, having regard to social, economic and environmental considerations",1909b072ca15af433f10a9bef4605b233319e7e17d7ba4912e9df1fa620027c8,Source
to simplify the regulatory process for smaller-scale low risk artificial waterbodies,1909b072ca15af433f10a9bef4605b233319e7e17d7ba4912e9df1fa620027c8,Source
"to reduce land use conflict and sterilisation of rural land by balancing primary production, residential development and the protection of native vegetation, biodiversity and water resources",1909b072ca15af433f10a9bef4605b233319e7e17d7ba4912e9df1fa620027c8,Source
"to simplify the regulatory process for smaller-scale low risk artificial waterbodies, and routine maintenance of artificial water supply or drainage, in irrigation areas and districts, and for routine and emergency work in irrigation areas and districts",1909b072ca15af433f10a9bef4605b233319e7e17d7ba4912e9df1fa620027c8,Source
to encourage sustainable agriculture,1909b072ca15af433f10a9bef4605b233319e7e17d7ba4912e9df1fa620027c8,Source
to require consideration of the effects of all proposed development in the State on oyster aquaculture,1909b072ca15af433f10a9bef4605b233319e7e17d7ba4912e9df1fa620027c8,Source
to identify aquaculture that is to be treated as designated development using a well-defined and concise development assessment regime based on environment risks associated with site and operational factors.,1909b072ca15af433f10a9bef4605b233319e7e17d7ba4912e9df1fa620027c8,Source
aquaculture development means development for the purpose of aquaculture,1909b072ca15af433f10a9bef4605b233319e7e17d7ba4912e9df1fa620027c8,Source
"to encourage sustainable agriculture, including sustainable aquaculture",1909b072ca15af433f10a9bef4605b233319e7e17d7ba4912e9df1fa620027c8,Source
lands,1909b072ca15af433f10a9bef4605b233319e7e17d7ba4912e9df1fa620027c8,Source
rural land,1909b072ca15af433f10a9bef4605b233319e7e17d7ba4912e9df1fa620027c8,Source
water resources,1909b072ca15af433f10a9bef4605b233319e7e17d7ba4912e9df1fa620027c8,Source
social factors,1909b072ca15af433f10a9bef4605b233319e7e17d7ba4912e9df1fa620027c8,Source
economic factors,1909b072ca15af433f10a9bef4605b233319e7e17d7ba4912e9df1fa620027c8,Source
environmental considerations,1909b072ca15af433f10a9bef4605b233319e7e17d7ba4912e9df1fa620027c8,Source
artificial waterbodies,1909b072ca15af433f10a9bef4605b233319e7e17d7ba4912e9df1fa620027c8,Source
irrigation areas,1909b072ca15af433f10a9bef4605b233319e7e17d7ba4912e9df1fa620027c8,Source
districts,1909b072ca15af433f10a9bef4605b233319e7e17d7ba4912e9df1fa620027c8,Source
designated development,1909b072ca15af433f10a9bef4605b233319e7e17d7ba4912e9df1fa620027c8,Source
Coastal Management Act 2016,753784ab23b249f527fd9d4c4cfa71796407c0699984f96274843c6b35705199,Source
coastal zone,753784ab23b249f527fd9d4c4cfa71796407c0699984f96274843c6b35705199,Source
Part 5A of the Local Land Services Act 2013,753784ab23b249f527fd9d4c4cfa71796407c0699984f96274843c6b35705199,Source
coastal wetlands,753784ab23b249f527fd9d4c4cfa71796407c0699984f96274843c6b35705199,Source
Coastal Wetlands and Littoral Rainforests Area Map,753784ab23b249f527fd9d4c4cfa71796407c0699984f96274843c6b35705199,Source
The aim of this Chapter is to promote an integrated and co-ordinated approach to land use planning in the coastal zone.,753784ab23b249f527fd9d4c4cfa71796407c0699984f96274843c6b35705199,Source
This Chapter applies to land within the coastal zone.,753784ab23b249f527fd9d4c4cfa71796407c0699984f96274843c6b35705199,Source
This Chapter promotes an integrated and co-ordinated approach to land use planning in the coastal zone by managing development in the coastal zone.,753784ab23b249f527fd9d4c4cfa71796407c0699984f96274843c6b35705199,Source
The following may be carried out on land identified as “coastal wetlands” or “littoral rainforest” on the Coastal Wetlands and Littoral Rainforests Area Map only with development consent.,753784ab23b249f527fd9d4c4cfa71796407c0699984f96274843c6b35705199,Source
"The clearing of native vegetation within the meaning of Part 5A of the Local Land Services Act 2013, may be carried out on land identified as “coastal wetlands” or “littoral rainforest” on the Coastal Wetlands and Littoral Rainforests Area Map only with development consent.",753784ab23b249f527fd9d4c4cfa71796407c0699984f96274843c6b35705199,Source
"The harm of mangroves, saltmarshes, seagrass meadows, coastal dunes, and other ecological communities within the meaning of Part 5A of the Local Land Services Act 2013, may be carried out on land identified as “coastal wetlands” or “littoral rainforest” on the Coastal Wetlands and Littoral Rainforests Area Map only with development consent.",753784ab23b249f527fd9d4c4cfa71796407c0699984f96274843c6b35705199,Source
This Chapter,753784ab23b249f527fd9d4c4cfa71796407c0699984f96274843c6b35705199,Source
the Coastal Management Act 2016,753784ab23b249f527fd9d4c4cfa71796407c0699984f96274843c6b35705199,Source
managing development in the coastal zone and protecting the environmental assets of the coast,753784ab23b249f527fd9d4c4cfa71796407c0699984f96274843c6b35705199,Source
environmental assets of the coast,753784ab23b249f527fd9d4c4cfa71796407c0699984f96274843c6b35705199,Source
establishing a framework for land use planning to guide decision-making in the coastal zone,753784ab23b249f527fd9d4c4cfa71796407c0699984f96274843c6b35705199,Source
land use planning,753784ab23b249f527fd9d4c4cfa71796407c0699984f96274843c6b35705199,Source
decision-making,753784ab23b249f527fd9d4c4cfa71796407c0699984f96274843c6b35705199,Source
mapping the 4 coastal management areas that comprise the NSW coastal zone,753784ab23b249f527fd9d4c4cfa71796407c0699984f96274843c6b35705199,Source
coastal management areas,753784ab23b249f527fd9d4c4cfa71796407c0699984f96274843c6b35705199,Source
NSW coastal zone,753784ab23b249f527fd9d4c4cfa71796407c0699984f96274843c6b35705199,Source
This Chapter applies to land within the coastal zone,753784ab23b249f527fd9d4c4cfa71796407c0699984f96274843c6b35705199,Source
the clearing of native vegetation within the meaning of Part 5A of the Local Land Services Act 2013 may be carried out with development consent,753784ab23b249f527fd9d4c4cfa71796407c0699984f96274843c6b35705199,Source
Part 5A,753784ab23b249f527fd9d4c4cfa71796407c0699984f96274843c6b35705199,Source
Local Land Services Act 2013,753784ab23b249f527fd9d4c4cfa71796407c0699984f96274843c6b35705199,Source
Clause 2.2 - other (development_control),f4345f2839f36bfadee9d3016d6230043ace09c84c655ddd782b834e75c25aba,Source
a competing provision,f4345f2839f36bfadee9d3016d6230043ace09c84c655ddd782b834e75c25aba,Source
Subsection (1),f4345f2839f36bfadee9d3016d6230043ace09c84c655ddd782b834e75c25aba,Source
Clause 3.1 - other (development_control),f4345f2839f36bfadee9d3016d6230043ace09c84c655ddd782b834e75c25aba,Source
the erection of a new building,f4345f2839f36bfadee9d3016d6230043ace09c84c655ddd782b834e75c25aba,Source
"alterations, enlargement or extension",f4345f2839f36bfadee9d3016d6230043ace09c84c655ddd782b834e75c25aba,Source
development on land wholly in any of the following zones,f4345f2839f36bfadee9d3016d6230043ace09c84c655ddd782b834e75c25aba,Source
Schedule 1 or 2,f4345f2839f36bfadee9d3016d6230043ace09c84c655ddd782b834e75c25aba,Source
development involving a heritage item,f4345f2839f36bfadee9d3016d6230043ace09c84c655ddd782b834e75c25aba,Source
"A competing provision of an environmental planning instrument or development control plan, whenever made, is of no effect to the extent to which the provision aims—",f4345f2839f36bfadee9d3016d6230043ace09c84c655ddd782b834e75c25aba,Source
"to reduce consumption of mains-supplied potable water or greenhouse gas emissions related to the use of a building,",f4345f2839f36bfadee9d3016d6230043ace09c84c655ddd782b834e75c25aba,Source
"to reduce consumption of mains-supplied potable water or greenhouse gas emissions related to the use of the land on which a building is located,",f4345f2839f36bfadee9d3016d6230043ace09c84c655ddd782b834e75c25aba,Source
"to improve the thermal performance of development,",f4345f2839f36bfadee9d3016d6230043ace09c84c655ddd782b834e75c25aba,Source
"Subsection (1) does not displace a competing provision to the extent to which the provision applies to part of BASIX development or BASIX optional development that will not be used for residential purposes, or",f4345f2839f36bfadee9d3016d6230043ace09c84c655ddd782b834e75c25aba,Source
"Subsection (1) does not apply to a competing provision that encourages, or offers incentives for, the adoption of measures beyond the measures required by provisions of the kind referred to in the definition of competing provision.",f4345f2839f36bfadee9d3016d6230043ace09c84c655ddd782b834e75c25aba,Source
"This Chapter applies to development, other than development for the purposes of residential accommodation, that involves—",f4345f2839f36bfadee9d3016d6230043ace09c84c655ddd782b834e75c25aba,Source
development on land wholly in any of the following zones—,f4345f2839f36bfadee9d3016d6230043ace09c84c655ddd782b834e75c25aba,Source
A standard specified in Schedule 1 or 2 does not apply to development involving a heritage item or in a heritage conservation area to the extent that the Planning Secretary is satisfied that the development is not capable of achieving a standard because of other development controls that apply.,f4345f2839f36bfadee9d3016d6230043ace09c84c655ddd782b834e75c25aba,Source
"that involves the erection of a new building, if the development has an estimated development cost of $5 million or more,",f4345f2839f36bfadee9d3016d6230043ace09c84c655ddd782b834e75c25aba,Source
"or alterations, enlargement or extension of an existing building, if the development has an estimated development cost of $10 million or more",f4345f2839f36bfadee9d3016d6230043ace09c84c655ddd782b834e75c25aba,Source
provision,f4345f2839f36bfadee9d3016d6230043ace09c84c655ddd782b834e75c25aba,Source
environmental planning instrument,f4345f2839f36bfadee9d3016d6230043ace09c84c655ddd782b834e75c25aba,Source
Subsection (1) does not—,f4345f2839f36bfadee9d3016d6230043ace09c84c655ddd782b834e75c25aba,Source
subsection 1,f4345f2839f36bfadee9d3016d6230043ace09c84c655ddd782b834e75c25aba,Source
competing provision,f4345f2839f36bfadee9d3016d6230043ace09c84c655ddd782b834e75c25aba,Source
"zones RU1, RU2 or RU3",f4345f2839f36bfadee9d3016d6230043ace09c84c655ddd782b834e75c25aba,Source
Zone E5,f4345f2839f36bfadee9d3016d6230043ace09c84c655ddd782b834e75c25aba,Source
Zone IN3,f4345f2839f36bfadee9d3016d6230043ace09c84c655ddd782b834e75c25aba,Source
"Zones C1, C2 or C3",f4345f2839f36bfadee9d3016d6230043ace09c84c655ddd782b834e75c25aba,Source
"Zones W1, W2, W3 or W4",f4345f2839f36bfadee9d3016d6230043ace09c84c655ddd782b834e75c25aba,Source
standard,f4345f2839f36bfadee9d3016d6230043ace09c84c655ddd782b834e75c25aba,Source
Planning Secretary,f4345f2839f36bfadee9d3016d6230043ace09c84c655ddd782b834e75c25aba,Source
Policy,268a973178a9d7b5aa7ce3ac0b8af19f51bd02b49b2e6d6f0cc25d853573215a,Source
Transportation,268a973178a9d7b5aa7ce3ac0b8af19f51bd02b49b2e6d6f0cc25d853573215a,Source
State,268a973178a9d7b5aa7ce3ac0b8af19f51bd02b49b2e6d6f0cc25d853573215a,Source
The planning document is titled State Environmental Planning Policy (Transport and Infrastructure) 2021.,268a973178a9d7b5aa7ce3ac0b8af19f51bd02b49b2e6d6f0cc25d853573215a,Source
It is a NSW Legislation.,268a973178a9d7b5aa7ce3ac0b8af19f51bd02b49b2e6d6f0cc25d853573215a,Source
Such legislation is enacted by the New South Wales Parliament.,268a973178a9d7b5aa7ce3ac0b8af19f51bd02b49b2e6d6f0cc25d853573215a,Source
The document is named State Environmental Planning Policy (Transport and Infrastructure) 2021.,268a973178a9d7b5aa7ce3ac0b8af19f51bd02b49b2e6d6f0cc25d853573215a,Source
State Environmental Planning Policy (Transport and Infrastructure) 2021,268a973178a9d7b5aa7ce3ac0b8af19f51bd02b49b2e6d6f0cc25d853573215a,Source
The document is located in the directory docs/sepps/.,268a973178a9d7b5aa7ce3ac0b8af19f51bd02b49b2e6d6f0cc25d853573215a,Source
sepps,268a973178a9d7b5aa7ce3ac0b8af19f51bd02b49b2e6d6f0cc25d853573215a,Source
The document is a NSW Legislation pdf file.,268a973178a9d7b5aa7ce3ac0b8af19f51bd02b49b2e6d6f0cc25d853573215a,Source
provisions,f6ae9d9cbe0ae3d1ddf318ceaad609411ca8b879b613847dae1f84f652c57f52,Source
relevant provisions,f6ae9d9cbe0ae3d1ddf318ceaad609411ca8b879b613847dae1f84f652c57f52,Source
assessment,f6ae9d9cbe0ae3d1ddf318ceaad609411ca8b879b613847dae1f84f652c57f52,Source
detailed objectives,f6ae9d9cbe0ae3d1ddf318ceaad609411ca8b879b613847dae1f84f652c57f52,Source
Marrickville LGA,f6ae9d9cbe0ae3d1ddf318ceaad609411ca8b879b613847dae1f84f652c57f52,Source
environmental heritage,f6ae9d9cbe0ae3d1ddf318ceaad609411ca8b879b613847dae1f84f652c57f52,Source
ecological principles,f6ae9d9cbe0ae3d1ddf318ceaad609411ca8b879b613847dae1f84f652c57f52,Source
This DCP applies to the whole of the Inner West Local Government Area for the extent of land shown on Figure 1 : Extent of land where this DCP applies.,f6ae9d9cbe0ae3d1ddf318ceaad609411ca8b879b613847dae1f84f652c57f52,Source
This DCP is to be read in conjunction with Inner West Local Environmental Plan 2022.,f6ae9d9cbe0ae3d1ddf318ceaad609411ca8b879b613847dae1f84f652c57f52,Source
"In the event of an inconsistency between the provisions of the two documents, the provisions of Inner West LEP 2022 shall prevail to the extent of the inconsistency.",f6ae9d9cbe0ae3d1ddf318ceaad609411ca8b879b613847dae1f84f652c57f52,Source
The purpose of this DCP is to supplement the provisions of Inner West LEP 2022 and provide more detailed provisions to guide development.,f6ae9d9cbe0ae3d1ddf318ceaad609411ca8b879b613847dae1f84f652c57f52,Source
"Under Section 4.15 of the EP & A Act, Council is required to consider the relevant provisions of this DCP when assessing a development application.",f6ae9d9cbe0ae3d1ddf318ceaad609411ca8b879b613847dae1f84f652c57f52,Source
Build upon Inner West LEP 2022 by providing detailed objectives and controls for development.,f6ae9d9cbe0ae3d1ddf318ceaad609411ca8b879b613847dae1f84f652c57f52,Source
To maintain and enhance the environmental and cultural heritage of the Marrickville LGA.,f6ae9d9cbe0ae3d1ddf318ceaad609411ca8b879b613847dae1f84f652c57f52,Source
"To ensure that development considers the principles of ecologically sustainable development, in particular energy, water and stormwater efficiency, solar access, waste reduction and local biodiversity.",f6ae9d9cbe0ae3d1ddf318ceaad609411ca8b879b613847dae1f84f652c57f52,Source
This DCP applies to the whole of the Inner West Local Government Area for the extent of land shown on Figure 1,f6ae9d9cbe0ae3d1ddf318ceaad609411ca8b879b613847dae1f84f652c57f52,Source
This DCP is to be read in conjunction with Inner West Local Environmental Plan 2022,f6ae9d9cbe0ae3d1ddf318ceaad609411ca8b879b613847dae1f84f652c57f52,Source
The provisions of Inner West LEP 2022 shall prevail to the extent of the inconsistency,f6ae9d9cbe0ae3d1ddf318ceaad609411ca8b879b613847dae1f84f652c57f52,Source
the provisions of this DCP,f6ae9d9cbe0ae3d1ddf318ceaad609411ca8b879b613847dae1f84f652c57f52,Source
The purpose of this DCP is to supplement the provisions of Inner West LEP 2022 and provide more detailed provisions to guide development,f6ae9d9cbe0ae3d1ddf318ceaad609411ca8b879b613847dae1f84f652c57f52,Source
Council is required to consider the relevant provisions of this DCP when assessing a development application,f6ae9d9cbe0ae3d1ddf318ceaad609411ca8b879b613847dae1f84f652c57f52,Source
Build upon Inner West LEP 2022 by providing detailed objectives and controls for development,f6ae9d9cbe0ae3d1ddf318ceaad609411ca8b879b613847dae1f84f652c57f52,Source
To maintain and enhance the environmental and cultural heritage of the Marrickville LGA,f6ae9d9cbe0ae3d1ddf318ceaad609411ca8b879b613847dae1f84f652c57f52,Source
the Marrickville LGA,f6ae9d9cbe0ae3d1ddf318ceaad609411ca8b879b613847dae1f84f652c57f52,Source
drainage systems,865000f3afc7e23add4b9571f70ca5970a6e0e67b83bae04fd3bf9471c3d9b53,Source
site plan,865000f3afc7e23add4b9571f70ca5970a6e0e67b83bae04fd3bf9471c3d9b53,Source
existing and proposed ground and floor levels,865000f3afc7e23add4b9571f70ca5970a6e0e67b83bae04fd3bf9471c3d9b53,Source
surface flow path treatment,865000f3afc7e23add4b9571f70ca5970a6e0e67b83bae04fd3bf9471c3d9b53,Source
easements required,865000f3afc7e23add4b9571f70ca5970a6e0e67b83bae04fd3bf9471c3d9b53,Source
Development Application means an application made under the Environmental Planning and Assessment Act 1979 for consent or permission to carry out development.,865000f3afc7e23add4b9571f70ca5970a6e0e67b83bae04fd3bf9471c3d9b53,Source
Stormwater Drainage Concept Plan (SDCP) is a site plan of a development demonstrating the feasibility of the proposed drainage systems within the site,865000f3afc7e23add4b9571f70ca5970a6e0e67b83bae04fd3bf9471c3d9b53,Source
An application is made under the Environmental Planning and Assessment Act 1979 for consent or permission to carry out development.,865000f3afc7e23add4b9571f70ca5970a6e0e67b83bae04fd3bf9471c3d9b53,Source
A site plan of a development demonstrating the feasibility of the proposed drainage systems within the site and connection to Council's system is created.,865000f3afc7e23add4b9571f70ca5970a6e0e67b83bae04fd3bf9471c3d9b53,Source
"The Stormwater Drainage Concept Plan includes existing and proposed ground and floor levels, surface flow path treatment, easements required, on-site detention storages, and details of internal piped systems.",865000f3afc7e23add4b9571f70ca5970a6e0e67b83bae04fd3bf9471c3d9b53,Source
good urban design,28d2c852282687b4b5f833a7aed5506f9577f16186eb0c5a88f1e8317cf1481e,Source
substantial development,28d2c852282687b4b5f833a7aed5506f9577f16186eb0c5a88f1e8317cf1481e,Source
public environment,28d2c852282687b4b5f833a7aed5506f9577f16186eb0c5a88f1e8317cf1481e,Source
This section ensures good urban design is integral to all substantial development,28d2c852282687b4b5f833a7aed5506f9577f16186eb0c5a88f1e8317cf1481e,Source
it impacts the public environment,28d2c852282687b4b5f833a7aed5506f9577f16186eb0c5a88f1e8317cf1481e,Source
clause,28d2c852282687b4b5f833a7aed5506f9577f16186eb0c5a88f1e8317cf1481e,Source
urban_design,28d2c852282687b4b5f833a7aed5506f9577f16186eb0c5a88f1e8317cf1481e,Source
substantial_development,28d2c852282687b4b5f833a7aed5506f9577f16186eb0c5a88f1e8317cf1481e,Source
Clause 2.10 - parking (development_control),ce2a384fbaf0fd5ff12bebd526372a170a88c3965ef7f30f993e1cb9eb7d8df6,Source
provision of car and bicycle parking,ce2a384fbaf0fd5ff12bebd526372a170a88c3965ef7f30f993e1cb9eb7d8df6,Source
most constrained car parking rates,ce2a384fbaf0fd5ff12bebd526372a170a88c3965ef7f30f993e1cb9eb7d8df6,Source
least constrained car parking rates,ce2a384fbaf0fd5ff12bebd526372a170a88c3965ef7f30f993e1cb9eb7d8df6,Source
Section 2.10.4,ce2a384fbaf0fd5ff12bebd526372a170a88c3965ef7f30f993e1cb9eb7d8df6,Source
The three Parking Areas,ce2a384fbaf0fd5ff12bebd526372a170a88c3965ef7f30f993e1cb9eb7d8df6,Source
Appendix 1,ce2a384fbaf0fd5ff12bebd526372a170a88c3965ef7f30f993e1cb9eb7d8df6,Source
the map of the three Parking Areas,ce2a384fbaf0fd5ff12bebd526372a170a88c3965ef7f30f993e1cb9eb7d8df6,Source
car parking rate,ce2a384fbaf0fd5ff12bebd526372a170a88c3965ef7f30f993e1cb9eb7d8df6,Source
demand on-site,ce2a384fbaf0fd5ff12bebd526372a170a88c3965ef7f30f993e1cb9eb7d8df6,Source
bicycle parking provision rates,ce2a384fbaf0fd5ff12bebd526372a170a88c3965ef7f30f993e1cb9eb7d8df6,Source
the LGA,ce2a384fbaf0fd5ff12bebd526372a170a88c3965ef7f30f993e1cb9eb7d8df6,Source
RMS Guide to Traffic Generating Developments (2002),ce2a384fbaf0fd5ff12bebd526372a170a88c3965ef7f30f993e1cb9eb7d8df6,Source
parking provision rates,ce2a384fbaf0fd5ff12bebd526372a170a88c3965ef7f30f993e1cb9eb7d8df6,Source
This section of the DCP guides the provision of car and bicycle parking and their design for private developments.,ce2a384fbaf0fd5ff12bebd526372a170a88c3965ef7f30f993e1cb9eb7d8df6,Source
Parking policy is an important component of promoting sustainable transport and planning for liveable and economically viable communities.,ce2a384fbaf0fd5ff12bebd526372a170a88c3965ef7f30f993e1cb9eb7d8df6,Source
To provide for current and future demand for bicycle parking and to ensure bicycle parking is well designed and located.,ce2a384fbaf0fd5ff12bebd526372a170a88c3965ef7f30f993e1cb9eb7d8df6,Source
"In larger developments, and in some smaller developments where appropriate, a key action for improved management of parking is prioritising targeted users of parking space - for efficiency, equity and environmental reasons.",ce2a384fbaf0fd5ff12bebd526372a170a88c3965ef7f30f993e1cb9eb7d8df6,Source
"It prescribes different car parking provision rates for three sub-sections of the LGA - highly accessible areas, moderately accessible areas and least accessible areas.",ce2a384fbaf0fd5ff12bebd526372a170a88c3965ef7f30f993e1cb9eb7d8df6,Source
"To balance the need to meet car parking demand on-site to avoid excessive spillover on to streets , with the need to constrain parking to maintain the area’s compact urban form and promote sustainable transport.",ce2a384fbaf0fd5ff12bebd526372a170a88c3965ef7f30f993e1cb9eb7d8df6,Source
Car parking rates are most constrained in Parking Area 1 and least constrained in Parking Area 3.,ce2a384fbaf0fd5ff12bebd526372a170a88c3965ef7f30f993e1cb9eb7d8df6,Source
"For bicycles, provision rates are prescribed uniformly across the where this DCP applies.",ce2a384fbaf0fd5ff12bebd526372a170a88c3965ef7f30f993e1cb9eb7d8df6,Source
Contemporary policies also meet current demand and allow for future demand for bicycle parking a nd parking for carshare and environmental vehicles.,ce2a384fbaf0fd5ff12bebd526372a170a88c3965ef7f30f993e1cb9eb7d8df6,Source
"RMS Guide to Traffic Generating Developments ( 2002 ), which provides guidance on parking provision rates, whilst re cognising the need to reduce those rates in accessible areas in the interests of applying travel demand management principles,",ce2a384fbaf0fd5ff12bebd526372a170a88c3965ef7f30f993e1cb9eb7d8df6,Source
private developments,ce2a384fbaf0fd5ff12bebd526372a170a88c3965ef7f30f993e1cb9eb7d8df6,Source
"It prescribes different car parking provision rates for three sub-sections of the LGA - highly accessible areas (Parking Area 1), moderately accessible areas (Parking Area 2) and least accessible areas (Parking Area 3).",ce2a384fbaf0fd5ff12bebd526372a170a88c3965ef7f30f993e1cb9eb7d8df6,Source
Parking Area 2,ce2a384fbaf0fd5ff12bebd526372a170a88c3965ef7f30f993e1cb9eb7d8df6,Source
bicycles,ce2a384fbaf0fd5ff12bebd526372a170a88c3965ef7f30f993e1cb9eb7d8df6,Source
"To balance the need to meet car parking demand on-site to avoid excessive spillover on to streets, with the need to constrain parking to maintain the area’s compact urban form and promote sustainable transport.",ce2a384fbaf0fd5ff12bebd526372a170a88c3965ef7f30f993e1cb9eb7d8df6,Source
urban form,ce2a384fbaf0fd5ff12bebd526372a170a88c3965ef7f30f993e1cb9eb7d8df6,Source
parking policy,ce2a384fbaf0fd5ff12bebd526372a170a88c3965ef7f30f993e1cb9eb7d8df6,Source
communities,ce2a384fbaf0fd5ff12bebd526372a170a88c3965ef7f30f993e1cb9eb7d8df6,Source
Contemporary policies also meet current demand and allow for future demand for bicycle parking and parking for carshare and environmental vehicles.,ce2a384fbaf0fd5ff12bebd526372a170a88c3965ef7f30f993e1cb9eb7d8df6,Source
policies,ce2a384fbaf0fd5ff12bebd526372a170a88c3965ef7f30f993e1cb9eb7d8df6,Source
carshare,ce2a384fbaf0fd5ff12bebd526372a170a88c3965ef7f30f993e1cb9eb7d8df6,Source
environmental vehicles,ce2a384fbaf0fd5ff12bebd526372a170a88c3965ef7f30f993e1cb9eb7d8df6,Source
"RMS Guide to Traffic Generating Developments (2002), which provides guidance on parking provision rates, whilst recognising the need to reduce those rates in accessible areas in the interests of applying travel demand management principles,",ce2a384fbaf0fd5ff12bebd526372a170a88c3965ef7f30f993e1cb9eb7d8df6,Source
RMS Guide,ce2a384fbaf0fd5ff12bebd526372a170a88c3965ef7f30f993e1cb9eb7d8df6,Source
specific detail for fencing in heritage conservation areas,74fa61fe3e659a2e3515896a5479b2ca83762a41492b2ea3212a960bf318bd90,Source
existing fences,74fa61fe3e659a2e3515896a5479b2ca83762a41492b2ea3212a960bf318bd90,Source
new fences,74fa61fe3e659a2e3515896a5479b2ca83762a41492b2ea3212a960bf318bd90,Source
fences over 1.2 meters high,74fa61fe3e659a2e3515896a5479b2ca83762a41492b2ea3212a960bf318bd90,Source
visibility,74fa61fe3e659a2e3515896a5479b2ca83762a41492b2ea3212a960bf318bd90,Source
fences on sloping sites,74fa61fe3e659a2e3515896a5479b2ca83762a41492b2ea3212a960bf318bd90,Source
high solid walls and fences,74fa61fe3e659a2e3515896a5479b2ca83762a41492b2ea3212a960bf318bd90,Source
aluminium panel fencing,74fa61fe3e659a2e3515896a5479b2ca83762a41492b2ea3212a960bf318bd90,Source
Specific detail for fencing in heritage conservation areas is provided in Part 8 (Heritage) of this DCP.,74fa61fe3e659a2e3515896a5479b2ca83762a41492b2ea3212a960bf318bd90,Source
NB Specific detail for fencing in heritage conservation areas (HCAs) is provided in Part 8 (Heritage) of this DCP.,74fa61fe3e659a2e3515896a5479b2ca83762a41492b2ea3212a960bf318bd90,Source
"Modifications to the fence of a heritage item, period building or within a heritage conservation area must be designed in a manner which contributes to the historic style of the building and streetscape context.",74fa61fe3e659a2e3515896a5479b2ca83762a41492b2ea3212a960bf318bd90,Source
Existing fences must be retained where they are consistent with the period style of the building.,74fa61fe3e659a2e3515896a5479b2ca83762a41492b2ea3212a960bf318bd90,Source
"Any new fences must be consistent with the traditional designs used in the area, but using simpler detailing.",74fa61fe3e659a2e3515896a5479b2ca83762a41492b2ea3212a960bf318bd90,Source
Fences over 1.2 metres high are generally inappropriate as they reduce visibility of the garden setting and the heritage item or period building.,74fa61fe3e659a2e3515896a5479b2ca83762a41492b2ea3212a960bf318bd90,Source
"On sloping sites, fences may rise to a maximum 1.5 metres before stepping down to 1.2 metres or less.",74fa61fe3e659a2e3515896a5479b2ca83762a41492b2ea3212a960bf318bd90,Source
High solid walls and fences must be avoided as they detract from the streetscape and impede passive surveillance.,74fa61fe3e659a2e3515896a5479b2ca83762a41492b2ea3212a960bf318bd90,Source
"New fences must be finished in dark or recessive materials and surfaces, and aluminium panel fencing must be avoided.",74fa61fe3e659a2e3515896a5479b2ca83762a41492b2ea3212a960bf318bd90,Source
Specific detail for fencing in heritage conservation areas is provided in Part 8 of this DCP.,74fa61fe3e659a2e3515896a5479b2ca83762a41492b2ea3212a960bf318bd90,Source
This DCP,74fa61fe3e659a2e3515896a5479b2ca83762a41492b2ea3212a960bf318bd90,Source
Modifications to the fence of a heritage item must be designed in a manner which contributes to the historic style of the building and streetscape context.,74fa61fe3e659a2e3515896a5479b2ca83762a41492b2ea3212a960bf318bd90,Source
garden settings,74fa61fe3e659a2e3515896a5479b2ca83762a41492b2ea3212a960bf318bd90,Source
sloping sites,74fa61fe3e659a2e3515896a5479b2ca83762a41492b2ea3212a960bf318bd90,Source
high solid walls,74fa61fe3e659a2e3515896a5479b2ca83762a41492b2ea3212a960bf318bd90,Source
surfaces,74fa61fe3e659a2e3515896a5479b2ca83762a41492b2ea3212a960bf318bd90,Source
architectural features,e99761f27e0f1efcafee75253d81d36f88202356e8982f2fb60a924ad0278cb0,Source
advertising signs,e99761f27e0f1efcafee75253d81d36f88202356e8982f2fb60a924ad0278cb0,Source
retail strips,e99761f27e0f1efcafee75253d81d36f88202356e8982f2fb60a924ad0278cb0,Source
effectiveness of advertising,e99761f27e0f1efcafee75253d81d36f88202356e8982f2fb60a924ad0278cb0,Source
design quality,e99761f27e0f1efcafee75253d81d36f88202356e8982f2fb60a924ad0278cb0,Source
compatibility with architectural design,e99761f27e0f1efcafee75253d81d36f88202356e8982f2fb60a924ad0278cb0,Source
local streetscape,e99761f27e0f1efcafee75253d81d36f88202356e8982f2fb60a924ad0278cb0,Source
visual prominence and integrity of the roof,e99761f27e0f1efcafee75253d81d36f88202356e8982f2fb60a924ad0278cb0,Source
"These provisions are intended to protect the significant characteristics of retail/commercial strips, neighbourhoods, buildings, streetscapes, vistas and the skyline.",e99761f27e0f1efcafee75253d81d36f88202356e8982f2fb60a924ad0278cb0,Source
Clause 2.12 specifies Council’s objectives and requirements for the erection and display of advertising signs.,e99761f27e0f1efcafee75253d81d36f88202356e8982f2fb60a924ad0278cb0,Source
"Advertising signs clearly indicate retail and commercial uses, and contribute to lively retail strips.",e99761f27e0f1efcafee75253d81d36f88202356e8982f2fb60a924ad0278cb0,Source
"However, too much signage creates visual clutter, detracts from the streetscape quality and reduces the effectiveness of advertising.",e99761f27e0f1efcafee75253d81d36f88202356e8982f2fb60a924ad0278cb0,Source
"To ensure all advertising achieves a high level of design quality and is compatible with the architectural design of the host building, the character of the streetscape and the size and juxtaposition of other signs in the immediate vicinity.",e99761f27e0f1efcafee75253d81d36f88202356e8982f2fb60a924ad0278cb0,Source
To ensure signage does not dominate or detract from the architectural features of the building and from the white-way lighting found along some retail strips.,e99761f27e0f1efcafee75253d81d36f88202356e8982f2fb60a924ad0278cb0,Source
"To ensure advertising does not cause amenity loss, or have a detrimental effect on the natural or built environment or the safety, appearance or efficiency of any public area.",e99761f27e0f1efcafee75253d81d36f88202356e8982f2fb60a924ad0278cb0,Source
Clause 2.12.1 specifies requirements for signage to ensure its compatibility with road safety principles.,e99761f27e0f1efcafee75253d81d36f88202356e8982f2fb60a924ad0278cb0,Source
To ensure the location and design of signs are consistent with road safety principles.,e99761f27e0f1efcafee75253d81d36f88202356e8982f2fb60a924ad0278cb0,Source
"To ensure the use of corporate logos, colour and illumination schemes in signage are compatible with the architecture of the host building and do not adversely impact upon the local streetscape.",e99761f27e0f1efcafee75253d81d36f88202356e8982f2fb60a924ad0278cb0,Source
To ensure signage retains the visual prominence and integrity of the roof and silhouette form of the business centre.,e99761f27e0f1efcafee75253d81d36f88202356e8982f2fb60a924ad0278cb0,Source
Clause 2.12.1 specifies requirements for signage to be compatible with the architectural design of the host building.,e99761f27e0f1efcafee75253d81d36f88202356e8982f2fb60a924ad0278cb0,Source
retail/commercial strips,e99761f27e0f1efcafee75253d81d36f88202356e8982f2fb60a924ad0278cb0,Source
neighbourhoods,e99761f27e0f1efcafee75253d81d36f88202356e8982f2fb60a924ad0278cb0,Source
the skyline,e99761f27e0f1efcafee75253d81d36f88202356e8982f2fb60a924ad0278cb0,Source
"Advertising signs clearly indicate retail and commercial uses, and contribute to lively retail streets.",e99761f27e0f1efcafee75253d81d36f88202356e8982f2fb60a924ad0278cb0,Source
retail and commercial uses,e99761f27e0f1efcafee75253d81d36f88202356e8982f2fb60a924ad0278cb0,Source
lively retail streets,e99761f27e0f1efcafee75253d81d36f88202356e8982f2fb60a924ad0278cb0,Source
"Too much signage creates visual clutter, detracts from the streetscape quality and reduces the effectiveness of advertising.",e99761f27e0f1efcafee75253d81d36f88202356e8982f2fb60a924ad0278cb0,Source
visual clutter,e99761f27e0f1efcafee75253d81d36f88202356e8982f2fb60a924ad0278cb0,Source
streetscape quality,e99761f27e0f1efcafee75253d81d36f88202356e8982f2fb60a924ad0278cb0,Source
advertising,e99761f27e0f1efcafee75253d81d36f88202356e8982f2fb60a924ad0278cb0,Source
all advertising,e99761f27e0f1efcafee75253d81d36f88202356e8982f2fb60a924ad0278cb0,Source
architectural design,e99761f27e0f1efcafee75253d81d36f88202356e8982f2fb60a924ad0278cb0,Source
white-way lighting,e99761f27e0f1efcafee75253d81d36f88202356e8982f2fb60a924ad0278cb0,Source
amenity loss,e99761f27e0f1efcafee75253d81d36f88202356e8982f2fb60a924ad0278cb0,Source
natural environment,e99761f27e0f1efcafee75253d81d36f88202356e8982f2fb60a924ad0278cb0,Source
public area,e99761f27e0f1efcafee75253d81d36f88202356e8982f2fb60a924ad0278cb0,Source
road safety principles,e99761f27e0f1efcafee75253d81d36f88202356e8982f2fb60a924ad0278cb0,Source
corporate logos,e99761f27e0f1efcafee75253d81d36f88202356e8982f2fb60a924ad0278cb0,Source
colour,e99761f27e0f1efcafee75253d81d36f88202356e8982f2fb60a924ad0278cb0,Source
illumination schemes,e99761f27e0f1efcafee75253d81d36f88202356e8982f2fb60a924ad0278cb0,Source
architecture,e99761f27e0f1efcafee75253d81d36f88202356e8982f2fb60a924ad0278cb0,Source
silhouette form,e99761f27e0f1efcafee75253d81d36f88202356e8982f2fb60a924ad0278cb0,Source
business centre,e99761f27e0f1efcafee75253d81d36f88202356e8982f2fb60a924ad0278cb0,Source
Biodiversity Map,42fdd91a23b75921fc115cdfbe17039dbe4e6bf9416f772e4e8dc8922ed9e8b3,Source
The proposed development involves any work that will disturb or reduce existing pervious surface area of a site by more than 25%.,42fdd91a23b75921fc115cdfbe17039dbe4e6bf9416f772e4e8dc8922ed9e8b3,Source
Bandicoot Protection Area,42fdd91a23b75921fc115cdfbe17039dbe4e6bf9416f772e4e8dc8922ed9e8b3,Source
work,42fdd91a23b75921fc115cdfbe17039dbe4e6bf9416f772e4e8dc8922ed9e8b3,Source
existing pervious surface area,42fdd91a23b75921fc115cdfbe17039dbe4e6bf9416f772e4e8dc8922ed9e8b3,Source
distinctive environmental features,33b911c1e8a6f8732d1140ef0ac37e8c6b4b16715cebe8749b5fd7ec16c383e8,Source
outlook,33b911c1e8a6f8732d1140ef0ac37e8c6b4b16715cebe8749b5fd7ec16c383e8,Source
structures,33b911c1e8a6f8732d1140ef0ac37e8c6b4b16715cebe8749b5fd7ec16c383e8,Source
colours and materials,33b911c1e8a6f8732d1140ef0ac37e8c6b4b16715cebe8749b5fd7ec16c383e8,Source
vegetation,33b911c1e8a6f8732d1140ef0ac37e8c6b4b16715cebe8749b5fd7ec16c383e8,Source
clearing of vegetation,33b911c1e8a6f8732d1140ef0ac37e8c6b4b16715cebe8749b5fd7ec16c383e8,Source
Thornley Street scenic protection area,33b911c1e8a6f8732d1140ef0ac37e8c6b4b16715cebe8749b5fd7ec16c383e8,Source
potential adverse environmental impact,33b911c1e8a6f8732d1140ef0ac37e8c6b4b16715cebe8749b5fd7ec16c383e8,Source
"scale compatible with the character, landscape and scenic qualities of the area",33b911c1e8a6f8732d1140ef0ac37e8c6b4b16715cebe8749b5fd7ec16c383e8,Source
The following objectives apply to land that contains unique environmental features.,33b911c1e8a6f8732d1140ef0ac37e8c6b4b16715cebe8749b5fd7ec16c383e8,Source
Additional objectives and controls also apply to land in the Thornley Street Scenic Protection Area.,33b911c1e8a6f8732d1140ef0ac37e8c6b4b16715cebe8749b5fd7ec16c383e8,Source
Development must be designed to address any distinctive environmental features of the site or on adjoining nearby land.,33b911c1e8a6f8732d1140ef0ac37e8c6b4b16715cebe8749b5fd7ec16c383e8,Source
"Development must respond to these features by appropriately considering outlook, the location of structures, design and materials.",33b911c1e8a6f8732d1140ef0ac37e8c6b4b16715cebe8749b5fd7ec16c383e8,Source
Clearing of vegetation must be minimised and colours and materials selected that integrate with the characteristics of the area.,33b911c1e8a6f8732d1140ef0ac37e8c6b4b16715cebe8749b5fd7ec16c383e8,Source
Development within the scenic protection area must be designed and located to minimise potential adverse environmental impact.,33b911c1e8a6f8732d1140ef0ac37e8c6b4b16715cebe8749b5fd7ec16c383e8,Source
"The Thornley Street scenic protection area is an area with unique environmental features and has been identified for its landscape, cultural and scenic qualities.",33b911c1e8a6f8732d1140ef0ac37e8c6b4b16715cebe8749b5fd7ec16c383e8,Source
"Development within the scenic protection area must be: of a scale compatible with the character, landscape and scenic qualities of the area.",33b911c1e8a6f8732d1140ef0ac37e8c6b4b16715cebe8749b5fd7ec16c383e8,Source
Development adjoining public open space must be set back from open space and be of a height and scale appropriate to the unique environmental qualities of the area.,33b911c1e8a6f8732d1140ef0ac37e8c6b4b16715cebe8749b5fd7ec16c383e8,Source
"The following objectives, controls and design solutions apply to land that contains unique environmental features.",33b911c1e8a6f8732d1140ef0ac37e8c6b4b16715cebe8749b5fd7ec16c383e8,Source
nearby land,33b911c1e8a6f8732d1140ef0ac37e8c6b4b16715cebe8749b5fd7ec16c383e8,Source
colours,33b911c1e8a6f8732d1140ef0ac37e8c6b4b16715cebe8749b5fd7ec16c383e8,Source
cultural,33b911c1e8a6f8732d1140ef0ac37e8c6b4b16715cebe8749b5fd7ec16c383e8,Source
scenic qualities,33b911c1e8a6f8732d1140ef0ac37e8c6b4b16715cebe8749b5fd7ec16c383e8,Source
"Of a scale compatible with the character, landscape and scenic qualities of the area",33b911c1e8a6f8732d1140ef0ac37e8c6b4b16715cebe8749b5fd7ec16c383e8,Source
information about energy efficiency,82fb2be881d801acc95772f3f9e40bc49828fcbd09f6427e447f4f6e2f272bfc,Source
The planning document is located in Marrickville.,82fb2be881d801acc95772f3f9e40bc49828fcbd09f6427e447f4f6e2f272bfc,Source
Marrickville DCP 2011 - 2 16 Energy Efficiency.pdf is a document related to energy efficiency.,82fb2be881d801acc95772f3f9e40bc49828fcbd09f6427e447f4f6e2f272bfc,Source
The document is called Marrickville DCP 2011 - 2 16 Energy Efficiency.pdf.,82fb2be881d801acc95772f3f9e40bc49828fcbd09f6427e447f4f6e2f272bfc,Source
It is located in docs/dcps/INNERWEST/Marrickville.,82fb2be881d801acc95772f3f9e40bc49828fcbd09f6427e447f4f6e2f272bfc,Source
Planning Document: docs/dcps/INNERWEST/Marrickville/Marrickville DCP 2011 - 2 16 Energy Efficiency.pdf,82fb2be881d801acc95772f3f9e40bc49828fcbd09f6427e447f4f6e2f272bfc,Source
Inner West,82fb2be881d801acc95772f3f9e40bc49828fcbd09f6427e447f4f6e2f272bfc,Source
targets,4760be1f910017a7aac406e1d16ec2ce7f55bc0ecfe5765d6386cb32e077ebc4,Source
potable water,4760be1f910017a7aac406e1d16ec2ce7f55bc0ecfe5765d6386cb32e077ebc4,Source
fittings,4760be1f910017a7aac406e1d16ec2ce7f55bc0ecfe5765d6386cb32e077ebc4,Source
appliances,4760be1f910017a7aac406e1d16ec2ce7f55bc0ecfe5765d6386cb32e077ebc4,Source
urban stormwater,4760be1f910017a7aac406e1d16ec2ce7f55bc0ecfe5765d6386cb32e077ebc4,Source
wastewater,4760be1f910017a7aac406e1d16ec2ce7f55bc0ecfe5765d6386cb32e077ebc4,Source
WSUD,4760be1f910017a7aac406e1d16ec2ce7f55bc0ecfe5765d6386cb32e077ebc4,Source
microclimates,4760be1f910017a7aac406e1d16ec2ce7f55bc0ecfe5765d6386cb32e077ebc4,Source
fauna,4760be1f910017a7aac406e1d16ec2ce7f55bc0ecfe5765d6386cb32e077ebc4,Source
stormwater management,4760be1f910017a7aac406e1d16ec2ce7f55bc0ecfe5765d6386cb32e077ebc4,Source
flood control approach,4760be1f910017a7aac406e1d16ec2ce7f55bc0ecfe5765d6386cb32e077ebc4,Source
BASIX policy,4760be1f910017a7aac406e1d16ec2ce7f55bc0ecfe5765d6386cb32e077ebc4,Source
water use fittings,4760be1f910017a7aac406e1d16ec2ce7f55bc0ecfe5765d6386cb32e077ebc4,Source
standards,4760be1f910017a7aac406e1d16ec2ce7f55bc0ecfe5765d6386cb32e077ebc4,Source
Treat stormwater so that the area reaches the relevant stormwater quality targets for stormwater reuse and/or stormwater entering receiving waters.,4760be1f910017a7aac406e1d16ec2ce7f55bc0ecfe5765d6386cb32e077ebc4,Source
"Reduce the consumption of potable water through water efficient fittings and appliances, rainwater harvesting and wastewater reuse.",4760be1f910017a7aac406e1d16ec2ce7f55bc0ecfe5765d6386cb32e077ebc4,Source
"Use rainwater, treated urban stormwater or treated wastewater for non-potable uses where appropriate.",4760be1f910017a7aac406e1d16ec2ce7f55bc0ecfe5765d6386cb32e077ebc4,Source
"Implement WSUD into the public and private domain for multiple benefits, including improving microclimates, improving habitat for local fauna and maximising the visual and recreational amenity of urban development.",4760be1f910017a7aac406e1d16ec2ce7f55bc0ecfe5765d6386cb32e077ebc4,Source
Shift the focus of water management from the traditional flood control approach to a sustainable stormwater management approach.,4760be1f910017a7aac406e1d16ec2ce7f55bc0ecfe5765d6386cb32e077ebc4,Source
Specific developments are required to meet water conservation and stormwater quality targets that have been established for land where this DCP applies.,4760be1f910017a7aac406e1d16ec2ce7f55bc0ecfe5765d6386cb32e077ebc4,Source
All buildings not covered by the State Environmental Planning Policy - BASIX: that are installing any water use fittings must meet minimum standards defined by the Water Efficiency Labelling and Standards (WELS) Scheme.,4760be1f910017a7aac406e1d16ec2ce7f55bc0ecfe5765d6386cb32e077ebc4,Source
private domain,4760be1f910017a7aac406e1d16ec2ce7f55bc0ecfe5765d6386cb32e077ebc4,Source
habitat,4760be1f910017a7aac406e1d16ec2ce7f55bc0ecfe5765d6386cb32e077ebc4,Source
urban development,4760be1f910017a7aac406e1d16ec2ce7f55bc0ecfe5765d6386cb32e077ebc4,Source
water management,4760be1f910017a7aac406e1d16ec2ce7f55bc0ecfe5765d6386cb32e077ebc4,Source
flood control,4760be1f910017a7aac406e1d16ec2ce7f55bc0ecfe5765d6386cb32e077ebc4,Source
residential buildings,4760be1f910017a7aac406e1d16ec2ce7f55bc0ecfe5765d6386cb32e077ebc4,Source
All buildings not covered by the State Environmental Planning Policy - BASIX: i. that are installing any water use fittings must meet minimum standards defined by the Water Efficiency Labelling and Standards (WELS) Scheme.,4760be1f910017a7aac406e1d16ec2ce7f55bc0ecfe5765d6386cb32e077ebc4,Source
WELS Scheme,4760be1f910017a7aac406e1d16ec2ce7f55bc0ecfe5765d6386cb32e077ebc4,Source
landscape d areas,ddad2772a6408f787f3d502d73c19de385c64a9eea3656768d7015c49c704f67,Source
softer and more interesting street presentation,ddad2772a6408f787f3d502d73c19de385c64a9eea3656768d7015c49c704f67,Source
green corridors,ddad2772a6408f787f3d502d73c19de385c64a9eea3656768d7015c49c704f67,Source
retention of indigenous vegetation,ddad2772a6408f787f3d502d73c19de385c64a9eea3656768d7015c49c704f67,Source
green roofs and green walls,ddad2772a6408f787f3d502d73c19de385c64a9eea3656768d7015c49c704f67,Source
To ensure industrial sites have adequate landscape d areas to present a softer and more interesting street presentation and to facilitate rainwater infiltration.,ddad2772a6408f787f3d502d73c19de385c64a9eea3656768d7015c49c704f67,Source
To create a vegetated buffer between residential and industrial uses,ddad2772a6408f787f3d502d73c19de385c64a9eea3656768d7015c49c704f67,Source
"To encourage green corridors and to require the retention of indigenous vegetation – and, in the case of new plantings, to encourage planting locally indigenous species.",ddad2772a6408f787f3d502d73c19de385c64a9eea3656768d7015c49c704f67,Source
To create a vegetated buffer between residential and industrial uses.,ddad2772a6408f787f3d502d73c19de385c64a9eea3656768d7015c49c704f67,Source
residential,ddad2772a6408f787f3d502d73c19de385c64a9eea3656768d7015c49c704f67,Source
industrial,ddad2772a6408f787f3d502d73c19de385c64a9eea3656768d7015c49c704f67,Source
danger to life,b4a13eb95d92593598c6c5532ffd5dff964cb269e29708777f105c4143fe3572,Source
detention,b4a13eb95d92593598c6c5532ffd5dff964cb269e29708777f105c4143fe3572,Source
retention,b4a13eb95d92593598c6c5532ffd5dff964cb269e29708777f105c4143fe3572,Source
pipe system,b4a13eb95d92593598c6c5532ffd5dff964cb269e29708777f105c4143fe3572,Source
development drainage systems,b4a13eb95d92593598c6c5532ffd5dff964cb269e29708777f105c4143fe3572,Source
The flow of stormwater from developments needs to be managed,b4a13eb95d92593598c6c5532ffd5dff964cb269e29708777f105c4143fe3572,Source
to negate or reduce to an acceptable frequency the possibility of flooding buildings and/or the danger to life at any location,b4a13eb95d92593598c6c5532ffd5dff964cb269e29708777f105c4143fe3572,Source
the flow of stormwater from developments needs to be managed so as to negate or reduce to an acceptable frequency the possibility of flooding buildings and/or the danger to life at any location,b4a13eb95d92593598c6c5532ffd5dff964cb269e29708777f105c4143fe3572,Source
through the storage of stormwater where appropriate in developments,b4a13eb95d92593598c6c5532ffd5dff964cb269e29708777f105c4143fe3572,Source
and the control of major development drainage systems,b4a13eb95d92593598c6c5532ffd5dff964cb269e29708777f105c4143fe3572,Source
"Attached Dwellings, Dwelling Houses, Secondary Dwellings and Semi-Detached Dwellings are affected by Clause 2.25.2",b4a13eb95d92593598c6c5532ffd5dff964cb269e29708777f105c4143fe3572,Source
they are types of land use mentioned in the clause,b4a13eb95d92593598c6c5532ffd5dff964cb269e29708777f105c4143fe3572,Source
"Multi-Dwelling Housing, Residential Flat Buildings and Shop Top Housing are also affected by Clause 2.25.2",b4a13eb95d92593598c6c5532ffd5dff964cb269e29708777f105c4143fe3572,Source
they are other types of land use mentioned in the clause,b4a13eb95d92593598c6c5532ffd5dff964cb269e29708777f105c4143fe3572,Source
"Commercial, Industrial, and Institutional uses are exempt from Clause 2.25.2",b4a13eb95d92593598c6c5532ffd5dff964cb269e29708777f105c4143fe3572,Source
they are explicitly excluded from the clause,b4a13eb95d92593598c6c5532ffd5dff964cb269e29708777f105c4143fe3572,Source
On Site Detention is required for developments under Clause 2.25.2,b4a13eb95d92593598c6c5532ffd5dff964cb269e29708777f105c4143fe3572,Source
"it is mentioned as a requirement in the clause with a reference number (3, 6)",b4a13eb95d92593598c6c5532ffd5dff964cb269e29708777f105c4143fe3572,Source
On Site Retention is also required for developments under Clause 2.25.2,b4a13eb95d92593598c6c5532ffd5dff964cb269e29708777f105c4143fe3572,Source
"it is mentioned as a requirement in the clause with a reference number (3, 8)",b4a13eb95d92593598c6c5532ffd5dff964cb269e29708777f105c4143fe3572,Source
Gravity Pipe System is necessary for developments under Clause 2.25.2,b4a13eb95d92593598c6c5532ffd5dff964cb269e29708777f105c4143fe3572,Source
it is explicitly stated as a required system in the clause with a reference number (4),b4a13eb95d92593598c6c5532ffd5dff964cb269e29708777f105c4143fe3572,Source
The flow of stormwater from developments needs to be managed so as to negate or reduce to an acceptable frequency the possibility of flooding buildings and/or the danger to life at any location,b4a13eb95d92593598c6c5532ffd5dff964cb269e29708777f105c4143fe3572,Source
The storage of stormwater where appropriate in developments is necessary,b4a13eb95d92593598c6c5532ffd5dff964cb269e29708777f105c4143fe3572,Source
Major development drainage systems need to be controlled,b4a13eb95d92593598c6c5532ffd5dff964cb269e29708777f105c4143fe3572,Source
"Attached Dwellings, Dwelling Houses, Secondary Dwellings and Semi-Detached Dwellings require stormwater management",b4a13eb95d92593598c6c5532ffd5dff964cb269e29708777f105c4143fe3572,Source
Attached Dwellings,b4a13eb95d92593598c6c5532ffd5dff964cb269e29708777f105c4143fe3572,Source
Dwelling Houses,b4a13eb95d92593598c6c5532ffd5dff964cb269e29708777f105c4143fe3572,Source
Secondary Dwellings,b4a13eb95d92593598c6c5532ffd5dff964cb269e29708777f105c4143fe3572,Source
Semi-Detached Dwellings,b4a13eb95d92593598c6c5532ffd5dff964cb269e29708777f105c4143fe3572,Source
"Multi-Dwelling Housing, Residential Flat Buildings and Shop Top Housing require stormwater management",b4a13eb95d92593598c6c5532ffd5dff964cb269e29708777f105c4143fe3572,Source
Multi-Dwelling Housing,b4a13eb95d92593598c6c5532ffd5dff964cb269e29708777f105c4143fe3572,Source
Residential Flat Buildings,b4a13eb95d92593598c6c5532ffd5dff964cb269e29708777f105c4143fe3572,Source
Shop Top Housing,b4a13eb95d92593598c6c5532ffd5dff964cb269e29708777f105c4143fe3572,Source
"Commercial, Industrial and Institutional developments require stormwater management",b4a13eb95d92593598c6c5532ffd5dff964cb269e29708777f105c4143fe3572,Source
Commercial,b4a13eb95d92593598c6c5532ffd5dff964cb269e29708777f105c4143fe3572,Source
Institutional,b4a13eb95d92593598c6c5532ffd5dff964cb269e29708777f105c4143fe3572,Source
restoration,16f4b18b996d8d64ffda7ef711048a913f3b4370fc99a308fa3dc4328371129a,Source
site and context analysis,16f4b18b996d8d64ffda7ef711048a913f3b4370fc99a308fa3dc4328371129a,Source
appreciation of site,16f4b18b996d8d64ffda7ef711048a913f3b4370fc99a308fa3dc4328371129a,Source
opportunities,16f4b18b996d8d64ffda7ef711048a913f3b4370fc99a308fa3dc4328371129a,Source
constraints,16f4b18b996d8d64ffda7ef711048a913f3b4370fc99a308fa3dc4328371129a,Source
"This DCP encourages restoration, sympathetic alterations and additions and infill development that retains and enhances the area where this DCP applies unique character.",16f4b18b996d8d64ffda7ef711048a913f3b4370fc99a308fa3dc4328371129a,Source
Front setbacks and front projections,16f4b18b996d8d64ffda7ef711048a913f3b4370fc99a308fa3dc4328371129a,Source
Side setbacks,16f4b18b996d8d64ffda7ef711048a913f3b4370fc99a308fa3dc4328371129a,Source
"Designs for new buildings, or additions which will be visible from the street, should incorporate those features to ensure consistency with the streetscape.",16f4b18b996d8d64ffda7ef711048a913f3b4370fc99a308fa3dc4328371129a,Source
A site and context analysis must be submitted for all new development excluding internal alterations and minor external alterations and additions.,16f4b18b996d8d64ffda7ef711048a913f3b4370fc99a308fa3dc4328371129a,Source
"The site and context analysis must demonstrate an appreciation of the site and its context, and the opportunities and constraints on the layout and design of the site.",16f4b18b996d8d64ffda7ef711048a913f3b4370fc99a308fa3dc4328371129a,Source
"The site and context analysis must demonstrate that the development will integrate within the streetscape when considering scale, proportion and massing.",16f4b18b996d8d64ffda7ef711048a913f3b4370fc99a308fa3dc4328371129a,Source
"The site and context analysis must demonstrate that the building is well proportioned, both as an individual element and within the streetscape.",16f4b18b996d8d64ffda7ef711048a913f3b4370fc99a308fa3dc4328371129a,Source
internal alterations,16f4b18b996d8d64ffda7ef711048a913f3b4370fc99a308fa3dc4328371129a,Source
minor external alterations,16f4b18b996d8d64ffda7ef711048a913f3b4370fc99a308fa3dc4328371129a,Source
context,16f4b18b996d8d64ffda7ef711048a913f3b4370fc99a308fa3dc4328371129a,Source
layout,16f4b18b996d8d64ffda7ef711048a913f3b4370fc99a308fa3dc4328371129a,Source
proportion,16f4b18b996d8d64ffda7ef711048a913f3b4370fc99a308fa3dc4328371129a,Source
massing,16f4b18b996d8d64ffda7ef711048a913f3b4370fc99a308fa3dc4328371129a,Source
ease of use and comfort,6d7febc2d56f9daf99852c19e437f9a1e541736228f1cbfc97f5befdf6a459fd,Source
legible design and wayfinding features,6d7febc2d56f9daf99852c19e437f9a1e541736228f1cbfc97f5befdf6a459fd,Source
DDA,6d7febc2d56f9daf99852c19e437f9a1e541736228f1cbfc97f5befdf6a459fd,Source
public places to be inaccessible to people with a disability,6d7febc2d56f9daf99852c19e437f9a1e541736228f1cbfc97f5befdf6a459fd,Source
The DDA also makes it unlawful for public places to be inaccessible to people with a disability.,6d7febc2d56f9daf99852c19e437f9a1e541736228f1cbfc97f5befdf6a459fd,Source
entrances,6d7febc2d56f9daf99852c19e437f9a1e541736228f1cbfc97f5befdf6a459fd,Source
gradients,6d7febc2d56f9daf99852c19e437f9a1e541736228f1cbfc97f5befdf6a459fd,Source
rest areas,6d7febc2d56f9daf99852c19e437f9a1e541736228f1cbfc97f5befdf6a459fd,Source
"Opportunities for access through principal entrances of buildings and facilities,",6d7febc2d56f9daf99852c19e437f9a1e541736228f1cbfc97f5befdf6a459fd,Source
public places,6d7febc2d56f9daf99852c19e437f9a1e541736228f1cbfc97f5befdf6a459fd,Source
It seeks to ensure that people with a disability have the same rights to equality before the law as the rest of the community.,6d7febc2d56f9daf99852c19e437f9a1e541736228f1cbfc97f5befdf6a459fd,Source
law,6d7febc2d56f9daf99852c19e437f9a1e541736228f1cbfc97f5befdf6a459fd,Source
New development,2527ea045c7b148df6025ac9ba2b166c3211ea63673ca224f2db35b97a4da250,Source
Australian Standard,2527ea045c7b148df6025ac9ba2b166c3211ea63673ca224f2db35b97a4da250,Source
"Australian Standard AS 2021 Acoustics – aircraft noise intrusion – building, siting and construction",2527ea045c7b148df6025ac9ba2b166c3211ea63673ca224f2db35b97a4da250,Source
ANEF,2527ea045c7b148df6025ac9ba2b166c3211ea63673ca224f2db35b97a4da250,Source
Acoustic measures,2527ea045c7b148df6025ac9ba2b166c3211ea63673ca224f2db35b97a4da250,Source
New dwellings close to high noise sources,2527ea045c7b148df6025ac9ba2b166c3211ea63673ca224f2db35b97a4da250,Source
noise sources,2527ea045c7b148df6025ac9ba2b166c3211ea63673ca224f2db35b97a4da250,Source
"Child care centres, educational establishments, hospitals, places of public worship and residential accommodation close to busy roads and rail lines",2527ea045c7b148df6025ac9ba2b166c3211ea63673ca224f2db35b97a4da250,Source
Australian Standards and SEPPs,2527ea045c7b148df6025ac9ba2b166c3211ea63673ca224f2db35b97a4da250,Source
"Decks, balconies and verandas alongside boundaries and noisy walking surfaces or elevated side passages",2527ea045c7b148df6025ac9ba2b166c3211ea63673ca224f2db35b97a4da250,Source
residential building,2527ea045c7b148df6025ac9ba2b166c3211ea63673ca224f2db35b97a4da250,Source
Recreational facilities such as swimming pools and barbecue areas,2527ea045c7b148df6025ac9ba2b166c3211ea63673ca224f2db35b97a4da250,Source
bedroom areas,2527ea045c7b148df6025ac9ba2b166c3211ea63673ca224f2db35b97a4da250,Source
Private open spaces of new residential development,2527ea045c7b148df6025ac9ba2b166c3211ea63673ca224f2db35b97a4da250,Source
users,2527ea045c7b148df6025ac9ba2b166c3211ea63673ca224f2db35b97a4da250,Source
New development on land within an ANEF affected area must be designed and constructed in accordance with the relevant Australian Standard and other guidelines issued by relevant agencies and authorities,2527ea045c7b148df6025ac9ba2b166c3211ea63673ca224f2db35b97a4da250,Source
"Australian Standard AS 2021 Acoustics – aircraft noise intrusion – building, siting and construction provides standards for noise attenuation of buildings located within an ANEF affected area",2527ea045c7b148df6025ac9ba2b166c3211ea63673ca224f2db35b97a4da250,Source
The introduction of acoustic measures to reduce aircraft noise must not unacceptably detract from the streetscape value of individual buildings,2527ea045c7b148df6025ac9ba2b166c3211ea63673ca224f2db35b97a4da250,Source
"New dwellings close to high noise sources such as busy roads, rail lines and industry must be designed to locate habitable rooms and private open spaces away from noise sources or protect those areas with appropriate noise shielding devices",2527ea045c7b148df6025ac9ba2b166c3211ea63673ca224f2db35b97a4da250,Source
"Development for the purpose of child care centres, educational establishments, hospitals, places of public worship and residential accommodation close to busy roads and rail lines must also comply with the relevant Australian Standards and State Environmental Planning Policies (SEPPs)",2527ea045c7b148df6025ac9ba2b166c3211ea63673ca224f2db35b97a4da250,Source
"Decks, balconies and verandas alongside boundaries and noisy walking surfaces or elevated side passages must be avoided where they face a residential building",2527ea045c7b148df6025ac9ba2b166c3211ea63673ca224f2db35b97a4da250,Source
Recreational facilities such as swimming pools and barbecue areas must be located away from the bedroom areas of adjoining dwellings,2527ea045c7b148df6025ac9ba2b166c3211ea63673ca224f2db35b97a4da250,Source
Private open spaces of new residential development must be located and designed to offer a reasonable level of privacy for their users,2527ea045c7b148df6025ac9ba2b166c3211ea63673ca224f2db35b97a4da250,Source
ANEF affected area,2527ea045c7b148df6025ac9ba2b166c3211ea63673ca224f2db35b97a4da250,Source
Relevant agencies and authorities,2527ea045c7b148df6025ac9ba2b166c3211ea63673ca224f2db35b97a4da250,Source
Australian Standard AS 2021 Acoustics,2527ea045c7b148df6025ac9ba2b166c3211ea63673ca224f2db35b97a4da250,Source
Aircraft noise intrusion,2527ea045c7b148df6025ac9ba2b166c3211ea63673ca224f2db35b97a4da250,Source
Aircraft noise,2527ea045c7b148df6025ac9ba2b166c3211ea63673ca224f2db35b97a4da250,Source
Streetscape value,2527ea045c7b148df6025ac9ba2b166c3211ea63673ca224f2db35b97a4da250,Source
Individual buildings,2527ea045c7b148df6025ac9ba2b166c3211ea63673ca224f2db35b97a4da250,Source
New dwellings,2527ea045c7b148df6025ac9ba2b166c3211ea63673ca224f2db35b97a4da250,Source
High noise sources,2527ea045c7b148df6025ac9ba2b166c3211ea63673ca224f2db35b97a4da250,Source
Busy roads,2527ea045c7b148df6025ac9ba2b166c3211ea63673ca224f2db35b97a4da250,Source
Rail lines,2527ea045c7b148df6025ac9ba2b166c3211ea63673ca224f2db35b97a4da250,Source
Industry,2527ea045c7b148df6025ac9ba2b166c3211ea63673ca224f2db35b97a4da250,Source
Habitable rooms,2527ea045c7b148df6025ac9ba2b166c3211ea63673ca224f2db35b97a4da250,Source
Private open spaces,2527ea045c7b148df6025ac9ba2b166c3211ea63673ca224f2db35b97a4da250,Source
Noise sources,2527ea045c7b148df6025ac9ba2b166c3211ea63673ca224f2db35b97a4da250,Source
Educational establishments,2527ea045c7b148df6025ac9ba2b166c3211ea63673ca224f2db35b97a4da250,Source
Hospitals,2527ea045c7b148df6025ac9ba2b166c3211ea63673ca224f2db35b97a4da250,Source
Places of public worship,2527ea045c7b148df6025ac9ba2b166c3211ea63673ca224f2db35b97a4da250,Source
Residential accommodation,2527ea045c7b148df6025ac9ba2b166c3211ea63673ca224f2db35b97a4da250,Source
Australian Standards,2527ea045c7b148df6025ac9ba2b166c3211ea63673ca224f2db35b97a4da250,Source
State Environmental Planning Policies (SEPPs),2527ea045c7b148df6025ac9ba2b166c3211ea63673ca224f2db35b97a4da250,Source
"Decks, balconies and verandas along side boundaries and noisy walking surfaces or elevated side passages must be avoided where they face a residential building",2527ea045c7b148df6025ac9ba2b166c3211ea63673ca224f2db35b97a4da250,Source
Decks,2527ea045c7b148df6025ac9ba2b166c3211ea63673ca224f2db35b97a4da250,Source
Balconies,2527ea045c7b148df6025ac9ba2b166c3211ea63673ca224f2db35b97a4da250,Source
Verandas,2527ea045c7b148df6025ac9ba2b166c3211ea63673ca224f2db35b97a4da250,Source
Residential building,2527ea045c7b148df6025ac9ba2b166c3211ea63673ca224f2db35b97a4da250,Source
Recreational facilities,2527ea045c7b148df6025ac9ba2b166c3211ea63673ca224f2db35b97a4da250,Source
Swimming pools,2527ea045c7b148df6025ac9ba2b166c3211ea63673ca224f2db35b97a4da250,Source
Barbecue areas,2527ea045c7b148df6025ac9ba2b166c3211ea63673ca224f2db35b97a4da250,Source
Bedroom areas,2527ea045c7b148df6025ac9ba2b166c3211ea63673ca224f2db35b97a4da250,Source
New residential development,2527ea045c7b148df6025ac9ba2b166c3211ea63673ca224f2db35b97a4da250,Source
Users,2527ea045c7b148df6025ac9ba2b166c3211ea63673ca224f2db35b97a4da250,Source
overshadowing of internal and external spaces,4102102d2ceafaef700cd572602465e671e8c6cad37a859200967771fca969fd,Source
building work,4102102d2ceafaef700cd572602465e671e8c6cad37a859200967771fca969fd,Source
adjoining or nearby sites,4102102d2ceafaef700cd572602465e671e8c6cad37a859200967771fca969fd,Source
energy efficiency,4102102d2ceafaef700cd572602465e671e8c6cad37a859200967771fca969fd,Source
passive solar design,4102102d2ceafaef700cd572602465e671e8c6cad37a859200967771fca969fd,Source
the use of buildings,4102102d2ceafaef700cd572602465e671e8c6cad37a859200967771fca969fd,Source
neighbours,4102102d2ceafaef700cd572602465e671e8c6cad37a859200967771fca969fd,Source
Clause 2.7.1,4102102d2ceafaef700cd572602465e671e8c6cad37a859200967771fca969fd,Source
PV panels and solar hot water systems,4102102d2ceafaef700cd572602465e671e8c6cad37a859200967771fca969fd,Source
shadow diagrams,4102102d2ceafaef700cd572602465e671e8c6cad37a859200967771fca969fd,Source
June 21 at hourly intervals between 9.00am and 3.00pm from Clause C1,4102102d2ceafaef700cd572602465e671e8c6cad37a859200967771fca969fd,Source
windows of principal living areas and principal areas of open space,4102102d2ceafaef700cd572602465e671e8c6cad37a859200967771fca969fd,Source
between 9.00am and 3.00pm on June 21,4102102d2ceafaef700cd572602465e671e8c6cad37a859200967771fca969fd,Source
Retaining direct solar access and avoiding detrimental overshadowing of internal and external spaces are significant concerns for residents where building work is proposed on adjoining or nearby sites,4102102d2ceafaef700cd572602465e671e8c6cad37a859200967771fca969fd,Source
"To promote energy efficiency in the design, construction and use of buildings",4102102d2ceafaef700cd572602465e671e8c6cad37a859200967771fca969fd,Source
To encourage the use of passive solar design,4102102d2ceafaef700cd572602465e671e8c6cad37a859200967771fca969fd,Source
To protect solar access enjoyed by neighbours,4102102d2ceafaef700cd572602465e671e8c6cad37a859200967771fca969fd,Source
To ensure PV panels and solar hot water systems are located and placed to receive maximum exposure to sunlight,4102102d2ceafaef700cd572602465e671e8c6cad37a859200967771fca969fd,Source
Shadow diagrams must show the effect in plan and elevation view of existing and proposed overshadowing for June 21 at hourly intervals between 9.00am and 3.00pm.,4102102d2ceafaef700cd572602465e671e8c6cad37a859200967771fca969fd,Source
Direct solar access to windows of principal living areas and principal areas of open space of nearby residential accommodation must:,4102102d2ceafaef700cd572602465e671e8c6cad37a859200967771fca969fd,Source
Not be reduced to less than two hours between 9.00am and 3.00pm on 21 June,4102102d2ceafaef700cd572602465e671e8c6cad37a859200967771fca969fd,Source
construction,4102102d2ceafaef700cd572602465e671e8c6cad37a859200967771fca969fd,Source
use of buildings,4102102d2ceafaef700cd572602465e671e8c6cad37a859200967771fca969fd,Source
Shadow diagrams must show the effect in plan and elevation view of existing and proposed overshadowing for June 21 at hourly intervals between 9.00am and 3.00pm,4102102d2ceafaef700cd572602465e671e8c6cad37a859200967771fca969fd,Source
June 21,4102102d2ceafaef700cd572602465e671e8c6cad37a859200967771fca969fd,Source
elevation view,4102102d2ceafaef700cd572602465e671e8c6cad37a859200967771fca969fd,Source
Direct solar access to windows of principal living areas and principal areas of open space of nearby residential accommodation must not be reduced to less than two hours between 9.00am and 3.00pm on 21 June,4102102d2ceafaef700cd572602465e671e8c6cad37a859200967771fca969fd,Source
principal areas of open space,4102102d2ceafaef700cd572602465e671e8c6cad37a859200967771fca969fd,Source
nearby residential accommodation,4102102d2ceafaef700cd572602465e671e8c6cad37a859200967771fca969fd,Source
proposals,352b1e4f8b3e74bde5134f3e9799f8fe66e25d9e232bf8f05d892d1945db2da0,Source
A SIC or SIS is required with any development application if Council believes a proposed development is likely to have a significant impact on the community.,352b1e4f8b3e74bde5134f3e9799f8fe66e25d9e232bf8f05d892d1945db2da0,Source
Council needs to consider Section 4.15 of the Environmental Planning and Assessment Act 1979 (EP&A Act) and the Inner West Local Environmental Plan 2022 (IWLEP 2022) and policies.,352b1e4f8b3e74bde5134f3e9799f8fe66e25d9e232bf8f05d892d1945db2da0,Source
To ensure proposals are considered in accordance with Section 4.15 of the Environmental Planning and Assessment Act 1979 (EP&A Act) and the Inner West Local Environmental Plan 2022 (IWLEP 2022) and policies.,352b1e4f8b3e74bde5134f3e9799f8fe66e25d9e232bf8f05d892d1945db2da0,Source
Proposals,352b1e4f8b3e74bde5134f3e9799f8fe66e25d9e232bf8f05d892d1945db2da0,Source
Section 4.15 of the Environmental Planning and Assessment Act 1979 (EP&A Act),352b1e4f8b3e74bde5134f3e9799f8fe66e25d9e232bf8f05d892d1945db2da0,Source
The Inner West Local Environmental Plan 2022 (IWLEP 2022),352b1e4f8b3e74bde5134f3e9799f8fe66e25d9e232bf8f05d892d1945db2da0,Source
Policies,352b1e4f8b3e74bde5134f3e9799f8fe66e25d9e232bf8f05d892d1945db2da0,Source
Proposed Development,352b1e4f8b3e74bde5134f3e9799f8fe66e25d9e232bf8f05d892d1945db2da0,Source
Section 2.9.5,e922f51f3a7653942dcd2b5e9139ff93fbcc744b5d628d98d19d02389b7b3ed0,Source
formal crime risk assessment process,e922f51f3a7653942dcd2b5e9139ff93fbcc744b5d628d98d19d02389b7b3ed0,Source
CPTED principles,e922f51f3a7653942dcd2b5e9139ff93fbcc744b5d628d98d19d02389b7b3ed0,Source
"laneways, alleyways, parks and open spaces",e922f51f3a7653942dcd2b5e9139ff93fbcc744b5d628d98d19d02389b7b3ed0,Source
those areas,e922f51f3a7653942dcd2b5e9139ff93fbcc744b5d628d98d19d02389b7b3ed0,Source
"Assessing all applications against basic CPTED design principles,",e922f51f3a7653942dcd2b5e9139ff93fbcc744b5d628d98d19d02389b7b3ed0,Source
Undertaking a crime risk assessment for specifically identified development types.,e922f51f3a7653942dcd2b5e9139ff93fbcc744b5d628d98d19d02389b7b3ed0,Source
This section of the DCP sets out detailed objectives and controls for CPTED against which Council will assess all developments.,e922f51f3a7653942dcd2b5e9139ff93fbcc744b5d628d98d19d02389b7b3ed0,Source
To minimise unintended or unauthorised access to any premises by the appropriate design and location of built and natural elements.,e922f51f3a7653942dcd2b5e9139ff93fbcc744b5d628d98d19d02389b7b3ed0,Source
"Access control uses physical and symbolic barriers to attract, channel or restrict the movement of people in order to make it clear where people are permitted to go or not go.",e922f51f3a7653942dcd2b5e9139ff93fbcc744b5d628d98d19d02389b7b3ed0,Source
Assessing all applications against basic CPTED design principles,e922f51f3a7653942dcd2b5e9139ff93fbcc744b5d628d98d19d02389b7b3ed0,Source
Undertaking a crime risk assessment for specifically identified development types,e922f51f3a7653942dcd2b5e9139ff93fbcc744b5d628d98d19d02389b7b3ed0,Source
Development Types,e922f51f3a7653942dcd2b5e9139ff93fbcc744b5d628d98d19d02389b7b3ed0,Source
Sets out detailed objectives and controls for CPTED against which Council will assess all developments,e922f51f3a7653942dcd2b5e9139ff93fbcc744b5d628d98d19d02389b7b3ed0,Source
Section of the DCP,e922f51f3a7653942dcd2b5e9139ff93fbcc744b5d628d98d19d02389b7b3ed0,Source
Subjecting development types to a formal crime risk assessment process under Section 2.9.5,e922f51f3a7653942dcd2b5e9139ff93fbcc744b5d628d98d19d02389b7b3ed0,Source
Ensuring all development applications are assessed against the four core CPTED principles to enhance community safety,e922f51f3a7653942dcd2b5e9139ff93fbcc744b5d628d98d19d02389b7b3ed0,Source
"Encouraging development which adjoins laneways, alleyways, parks and open spaces or other public areas to contribute to the safety of those areas by maximising opportunities for surveillance",e922f51f3a7653942dcd2b5e9139ff93fbcc744b5d628d98d19d02389b7b3ed0,Source
Encouraging the use of external lighting to improve the safety and security of property by increasing opportunities for casual surveillance and deterring illegal access,e922f51f3a7653942dcd2b5e9139ff93fbcc744b5d628d98d19d02389b7b3ed0,Source
Properties,e922f51f3a7653942dcd2b5e9139ff93fbcc744b5d628d98d19d02389b7b3ed0,Source
Minimising unintended or unauthorised access to any premises by the appropriate design and location of built and natural elements,e922f51f3a7653942dcd2b5e9139ff93fbcc744b5d628d98d19d02389b7b3ed0,Source
Premises,e922f51f3a7653942dcd2b5e9139ff93fbcc744b5d628d98d19d02389b7b3ed0,Source
Built and Natural Elements,e922f51f3a7653942dcd2b5e9139ff93fbcc744b5d628d98d19d02389b7b3ed0,Source
"Using physical and symbolic barriers to attract, channel or restrict the movement of people in order to make it clear where people are permitted to go or not go",e922f51f3a7653942dcd2b5e9139ff93fbcc744b5d628d98d19d02389b7b3ed0,Source
Access Control,e922f51f3a7653942dcd2b5e9139ff93fbcc744b5d628d98d19d02389b7b3ed0,Source
People,e922f51f3a7653942dcd2b5e9139ff93fbcc744b5d628d98d19d02389b7b3ed0,Source
subdivision,327d5c5a4518394d99ba13202a679b7a367cb03a1a19a9220df4de5701488785,Source
significant features,327d5c5a4518394d99ba13202a679b7a367cb03a1a19a9220df4de5701488785,Source
issues,327d5c5a4518394d99ba13202a679b7a367cb03a1a19a9220df4de5701488785,Source
easements,327d5c5a4518394d99ba13202a679b7a367cb03a1a19a9220df4de5701488785,Source
application,327d5c5a4518394d99ba13202a679b7a367cb03a1a19a9220df4de5701488785,Source
vehicle access,327d5c5a4518394d99ba13202a679b7a367cb03a1a19a9220df4de5701488785,Source
Stat e roads,327d5c5a4518394d99ba13202a679b7a367cb03a1a19a9220df4de5701488785,Source
road widening purposes,327d5c5a4518394d99ba13202a679b7a367cb03a1a19a9220df4de5701488785,Source
"vehicles, pedestrians and cyclists",327d5c5a4518394d99ba13202a679b7a367cb03a1a19a9220df4de5701488785,Source
footpath area,327d5c5a4518394d99ba13202a679b7a367cb03a1a19a9220df4de5701488785,Source
boundary adjustment,327d5c5a4518394d99ba13202a679b7a367cb03a1a19a9220df4de5701488785,Source
continuing use on the newly proposed lots,327d5c5a4518394d99ba13202a679b7a367cb03a1a19a9220df4de5701488785,Source
Subdivision is defined as development that seeks division of land into two or more parts.,327d5c5a4518394d99ba13202a679b7a367cb03a1a19a9220df4de5701488785,Source
"Under the Environmental Planning and Assessment Act, 1979 (EP&A Act),",327d5c5a4518394d99ba13202a679b7a367cb03a1a19a9220df4de5701488785,Source
Subdivision must not compromise the significant features of the existing site or adjoining sites.,327d5c5a4518394d99ba13202a679b7a367cb03a1a19a9220df4de5701488785,Source
Applicants must demonstrate that issues have been considered in the preparation of the subdivision application.,327d5c5a4518394d99ba13202a679b7a367cb03a1a19a9220df4de5701488785,Source
"Subdivision or site amalgamation must not compromise the significant features of the existing site or adjoining sites,",327d5c5a4518394d99ba13202a679b7a367cb03a1a19a9220df4de5701488785,Source
Site topography and other natural and physical features of the land must be considered.,327d5c5a4518394d99ba13202a679b7a367cb03a1a19a9220df4de5701488785,Source
"Existing services, Existing vegetation, Existing easements or the need for any new easements,",327d5c5a4518394d99ba13202a679b7a367cb03a1a19a9220df4de5701488785,Source
Corner properties must have splayed corners for road widening purposes.,327d5c5a4518394d99ba13202a679b7a367cb03a1a19a9220df4de5701488785,Source
"Splays will generally be as follows: 3 metres x 3 metres at street and street corner,",327d5c5a4518394d99ba13202a679b7a367cb03a1a19a9220df4de5701488785,Source
Development consent must be sought for any continuing use on the newly proposed lots.,327d5c5a4518394d99ba13202a679b7a367cb03a1a19a9220df4de5701488785,Source
When a proposal involves boundary adjustment or excision of land where it is proposed to continue existing uses:,327d5c5a4518394d99ba13202a679b7a367cb03a1a19a9220df4de5701488785,Source
The arrangement of new lot boundaries must not create any non-compliances with any controls within this DCP.,327d5c5a4518394d99ba13202a679b7a367cb03a1a19a9220df4de5701488785,Source
"Development consent, by way of a new application must be sought for any continuing use on the newly proposed lots,",327d5c5a4518394d99ba13202a679b7a367cb03a1a19a9220df4de5701488785,Source
parts,327d5c5a4518394d99ba13202a679b7a367cb03a1a19a9220df4de5701488785,Source
"Subdivision must not compromise the significant features of the existing site or adjoining sites, including streetscape, landscape features, trees, fences and rocky outcrops.",327d5c5a4518394d99ba13202a679b7a367cb03a1a19a9220df4de5701488785,Source
rocky outcrops,327d5c5a4518394d99ba13202a679b7a367cb03a1a19a9220df4de5701488785,Source
Applicants must demonstrate that the following issues have been considered in the preparation of the subdivision or amalgamation application.,327d5c5a4518394d99ba13202a679b7a367cb03a1a19a9220df4de5701488785,Source
amalgamation application,327d5c5a4518394d99ba13202a679b7a367cb03a1a19a9220df4de5701488785,Source
site topography,327d5c5a4518394d99ba13202a679b7a367cb03a1a19a9220df4de5701488785,Source
natural and physical features of the land,327d5c5a4518394d99ba13202a679b7a367cb03a1a19a9220df4de5701488785,Source
existing services,327d5c5a4518394d99ba13202a679b7a367cb03a1a19a9220df4de5701488785,Source
"Corner properties must have splayed corners for road widening purposes and to improve sight lines at intersections for vehicles, pedestrians and cyclists.",327d5c5a4518394d99ba13202a679b7a367cb03a1a19a9220df4de5701488785,Source
newly proposed lots,327d5c5a4518394d99ba13202a679b7a367cb03a1a19a9220df4de5701488785,Source
lot boundaries,327d5c5a4518394d99ba13202a679b7a367cb03a1a19a9220df4de5701488785,Source
The document is titled Marrickville DCP 2011.,e4651eacf6c9b95855c7ad44a399ddbe723dd17daf875f26bd1a4e3aad43de7e,Source
It was adopted by the Marrickville Council in 2011.,e4651eacf6c9b95855c7ad44a399ddbe723dd17daf875f26bd1a4e3aad43de7e,Source
The document was adopted by the Marrickville Council in 2011.,e4651eacf6c9b95855c7ad44a399ddbe723dd17daf875f26bd1a4e3aad43de7e,Source
"Councillor Sam Iskandar, Mayor of Marrickville at the time, welcomed the adoption of the DCP.",e4651eacf6c9b95855c7ad44a399ddbe723dd17daf875f26bd1a4e3aad43de7e,Source
The Marrickville Council had been working on the development control plan for several years prior to its adoption.,e4651eacf6c9b95855c7ad44a399ddbe723dd17daf875f26bd1a4e3aad43de7e,Source
He believed that it would provide a framework for sustainable development in Marrickville.,e4651eacf6c9b95855c7ad44a399ddbe723dd17daf875f26bd1a4e3aad43de7e,Source
Planning Document: docs/dcps/INNERWEST/Marrickville/Marrickville DCP 2011 - 4 0 Cover.pdf is available for reference.,e4651eacf6c9b95855c7ad44a399ddbe723dd17daf875f26bd1a4e3aad43de7e,Source
The document is located in the folder docs/dcps/INNERWEST/Marrickville/,e4651eacf6c9b95855c7ad44a399ddbe723dd17daf875f26bd1a4e3aad43de7e,Source
The DCP 2011 - 4 0 Cover.pdf file is referenced.,e4651eacf6c9b95855c7ad44a399ddbe723dd17daf875f26bd1a4e3aad43de7e,Source
DCP 2011 - 4 0 Cover.pdf,e4651eacf6c9b95855c7ad44a399ddbe723dd17daf875f26bd1a4e3aad43de7e,Source
Clause 4.2,4ed2651847721a50ee2c951d40f7716a6b49625f7686553586004effc61aa368,Source
core controls,4ed2651847721a50ee2c951d40f7716a6b49625f7686553586004effc61aa368,Source
Section 4.2,4ed2651847721a50ee2c951d40f7716a6b49625f7686553586004effc61aa368,Source
other relevant sections,4ed2651847721a50ee2c951d40f7716a6b49625f7686553586004effc61aa368,Source
existing zoning,4ed2651847721a50ee2c951d40f7716a6b49625f7686553586004effc61aa368,Source
BASIX SEPP,4ed2651847721a50ee2c951d40f7716a6b49625f7686553586004effc61aa368,Source
energy and water efficiency,4ed2651847721a50ee2c951d40f7716a6b49625f7686553586004effc61aa368,Source
principles of ecologically sustainable development,4ed2651847721a50ee2c951d40f7716a6b49625f7686553586004effc61aa368,Source
amenity for neighbours,4ed2651847721a50ee2c951d40f7716a6b49625f7686553586004effc61aa368,Source
minimal impact on neighbouring/adjoining properties,4ed2651847721a50ee2c951d40f7716a6b49625f7686553586004effc61aa368,Source
building location and design,4ed2651847721a50ee2c951d40f7716a6b49625f7686553586004effc61aa368,Source
use of public transport,4ed2651847721a50ee2c951d40f7716a6b49625f7686553586004effc61aa368,Source
driveways or garages,4ed2651847721a50ee2c951d40f7716a6b49625f7686553586004effc61aa368,Source
view of the development,4ed2651847721a50ee2c951d40f7716a6b49625f7686553586004effc61aa368,Source
Clause 4.2 provides core controls and objectives relevant to multi dwelling housing and residential flat buildings.,4ed2651847721a50ee2c951d40f7716a6b49625f7686553586004effc61aa368,Source
"It must be consulted in conjunction with other relevant sections of the DCP that provide applicable controls and objectives like parking, landscaping, fencing or solar access.",4ed2651847721a50ee2c951d40f7716a6b49625f7686553586004effc61aa368,Source
State Environmental Planning Policy (Building Sustainability Index: BASIX) 2004 (BASIX SEPP) requires new residential developments to be energy and water efficient.,4ed2651847721a50ee2c951d40f7716a6b49625f7686553586004effc61aa368,Source
"To maintain a reasonable level of amenity for neighbours by ensuring development has minimal impact on neighbouring/adjoining properties in terms of building dominance (bulk and scale), overshadowing and privacy (both visual and acoustic).",4ed2651847721a50ee2c951d40f7716a6b49625f7686553586004effc61aa368,Source
"To consider building location, design and car parking in order to maximize use of public transport.",4ed2651847721a50ee2c951d40f7716a6b49625f7686553586004effc61aa368,Source
"Ensure new development maintains the same setback and enhances the streetscape character of the locality,",4ed2651847721a50ee2c951d40f7716a6b49625f7686553586004effc61aa368,Source
Ensure driveways or garages do not dominate the view of the development from the street and consider alternative modes of transport and car share options to reduce on-site parking.,4ed2651847721a50ee2c951d40f7716a6b49625f7686553586004effc61aa368,Source
Section 4.2 provides core controls and objectives relevant to multi dwelling housing and residential flat buildings.,4ed2651847721a50ee2c951d40f7716a6b49625f7686553586004effc61aa368,Source
residential developments,4ed2651847721a50ee2c951d40f7716a6b49625f7686553586004effc61aa368,Source
driveways,4ed2651847721a50ee2c951d40f7716a6b49625f7686553586004effc61aa368,Source
garages,4ed2651847721a50ee2c951d40f7716a6b49625f7686553586004effc61aa368,Source
MDCP,0a57fcd336b371d1660cef2f6be633714bb4edce78b40514e81e0bcf02df5e7e,Source
Plan of Management,0a57fcd336b371d1660cef2f6be633714bb4edce78b40514e81e0bcf02df5e7e,Source
Section 4.1,0a57fcd336b371d1660cef2f6be633714bb4edce78b40514e81e0bcf02df5e7e,Source
multi dwelling housing and residential flat buildings,0a57fcd336b371d1660cef2f6be633714bb4edce78b40514e81e0bcf02df5e7e,Source
Section 5,0a57fcd336b371d1660cef2f6be633714bb4edce78b40514e81e0bcf02df5e7e,Source
commercial and mixed use development,0a57fcd336b371d1660cef2f6be633714bb4edce78b40514e81e0bcf02df5e7e,Source
minimum access requirements for boarding houses,0a57fcd336b371d1660cef2f6be633714bb4edce78b40514e81e0bcf02df5e7e,Source
solar access requirements for boarding houses,0a57fcd336b371d1660cef2f6be633714bb4edce78b40514e81e0bcf02df5e7e,Source
Table 1,0a57fcd336b371d1660cef2f6be633714bb4edce78b40514e81e0bcf02df5e7e,Source
car parking requirements for boarding houses,0a57fcd336b371d1660cef2f6be633714bb4edce78b40514e81e0bcf02df5e7e,Source
A Plan of Management is required for a boarding house.,0a57fcd336b371d1660cef2f6be633714bb4edce78b40514e81e0bcf02df5e7e,Source
In accordance with A.2.6 of MDCP 2011,0a57fcd336b371d1660cef2f6be633714bb4edce78b40514e81e0bcf02df5e7e,Source
Development applications for boarding houses in the R2 – Low Density Residential zone will be assessed in accordance with the relevant controls in Section 4.1.,0a57fcd336b371d1660cef2f6be633714bb4edce78b40514e81e0bcf02df5e7e,Source
"Development applications for boarding houses in the R1 – General Residential, R3 – Medium Density Residential and R4 – High Density Residential zones will be assessed in accordance with the relevant controls in Section 4.2.",0a57fcd336b371d1660cef2f6be633714bb4edce78b40514e81e0bcf02df5e7e,Source
"Development applications for boarding houses in the B1 - Neighbour hood Centre Zone, B2 - Local Centre Zone and B4 - Mixe d Use zones will be assessed in accordance with the relevant controls in Section 5.",0a57fcd336b371d1660cef2f6be633714bb4edce78b40514e81e0bcf02df5e7e,Source
Car parking requirements for boarding houses are lower than for residential flat buildings to reflect an expected lower car ownership rate and to facilitate housing affordability.,0a57fcd336b371d1660cef2f6be633714bb4edce78b40514e81e0bcf02df5e7e,Source
A Plan of Management is required for a boarding house in accordance with A.2.6 of MDCP 2011,0a57fcd336b371d1660cef2f6be633714bb4edce78b40514e81e0bcf02df5e7e,Source
MDCP 2011,0a57fcd336b371d1660cef2f6be633714bb4edce78b40514e81e0bcf02df5e7e,Source
Development applications for boarding houses in the R2 – Low Density Residential zone will be assessed in accordance with Section 4.1 and Section 4.3,0a57fcd336b371d1660cef2f6be633714bb4edce78b40514e81e0bcf02df5e7e,Source
Section 4.3,0a57fcd336b371d1660cef2f6be633714bb4edce78b40514e81e0bcf02df5e7e,Source
"Development applications for boarding houses in the R1 – General Residential, R3 – Medium Density Residential and R4 – High Density Residential zones will be assessed in accordance with Section 4.2 and Section 4.3",0a57fcd336b371d1660cef2f6be633714bb4edce78b40514e81e0bcf02df5e7e,Source
"Development applications for boarding houses in the B1 - Neighbourhood Centre Zone, B2 - Local Centre Zone and B4 - Mixed Use zones will be assessed in accordance with Section 5 and Section 4.3",0a57fcd336b371d1660cef2f6be633714bb4edce78b40514e81e0bcf02df5e7e,Source
Minimum access requirements for boarding houses are provided in Section 2.5.10,0a57fcd336b371d1660cef2f6be633714bb4edce78b40514e81e0bcf02df5e7e,Source
Car parking requirements for boarding houses are detailed in Table 1 in Section 2.10 Parking and parking provision rates for boarding houses are lower than for residential flat buildings,0a57fcd336b371d1660cef2f6be633714bb4edce78b40514e81e0bcf02df5e7e,Source
Section 2.10 Parking,0a57fcd336b371d1660cef2f6be633714bb4edce78b40514e81e0bcf02df5e7e,Source
Energy efficiency requirements for boarding houses are detailed in Section 4.3.3,0a57fcd336b371d1660cef2f6be633714bb4edce78b40514e81e0bcf02df5e7e,Source
Section 4.3.3,0a57fcd336b371d1660cef2f6be633714bb4edce78b40514e81e0bcf02df5e7e,Source
Council's POM Template,eac8a6109dd7d0254186f82808bc8d892477ea357121d0268c8220c9426ba4b8,Source
development_application,eac8a6109dd7d0254186f82808bc8d892477ea357121d0268c8220c9426ba4b8,Source
relevant controls in Section 4.1,eac8a6109dd7d0254186f82808bc8d892477ea357121d0268c8220c9426ba4b8,Source
objectives and controls in Section 4.3,eac8a6109dd7d0254186f82808bc8d892477ea357121d0268c8220c9426ba4b8,Source
R2 - Low Density Residential zone,eac8a6109dd7d0254186f82808bc8d892477ea357121d0268c8220c9426ba4b8,Source
"R1 - General Residential, R3 - Medium Density Residential and R4 - High Density Residential zones",eac8a6109dd7d0254186f82808bc8d892477ea357121d0268c8220c9426ba4b8,Source
"B1 - Neighbourhood Centre Zone, B2 - Local Centre Zone and B4 - Mixed Use zones",eac8a6109dd7d0254186f82808bc8d892477ea357121d0268c8220c9426ba4b8,Source
energy efficiency requirements,eac8a6109dd7d0254186f82808bc8d892477ea357121d0268c8220c9426ba4b8,Source
A Plan of Management is required for a boarding house,eac8a6109dd7d0254186f82808bc8d892477ea357121d0268c8220c9426ba4b8,Source
Clause 4.3.2 - development_application (development_control),eac8a6109dd7d0254186f82808bc8d892477ea357121d0268c8220c9426ba4b8,Source
"Development applications for boarding houses in the B1 - Neighbour hood Centre Zone, B2 - Local Centre Zone and B4 - Mixe d Use zones will be assessed",eac8a6109dd7d0254186f82808bc8d892477ea357121d0268c8220c9426ba4b8,Source
Development applications for boarding houses will be assessed,eac8a6109dd7d0254186f82808bc8d892477ea357121d0268c8220c9426ba4b8,Source
Solar access requirements fo r boarding houses are detailed in Section 2.7.5.2,eac8a6109dd7d0254186f82808bc8d892477ea357121d0268c8220c9426ba4b8,Source
Car parking requirements for boarding houses are detailed in Table 1 in Section 2.10 Parking,eac8a6109dd7d0254186f82808bc8d892477ea357121d0268c8220c9426ba4b8,Source
parking provision rates for boarding houses are lower than for residential flat buildings to reflect an expected lower car ownership rate and to facilitate housing affordability,eac8a6109dd7d0254186f82808bc8d892477ea357121d0268c8220c9426ba4b8,Source
Energy efficiency requirements fo r boarding houses are detailed in Section 2.16.2,eac8a6109dd7d0254186f82808bc8d892477ea357121d0268c8220c9426ba4b8,Source
Development applications for boarding houses in R2 – Low Density Residential zone will be assessed,eac8a6109dd7d0254186f82808bc8d892477ea357121d0268c8220c9426ba4b8,Source
Boarding houses in R2 – Low Density Residential zone,eac8a6109dd7d0254186f82808bc8d892477ea357121d0268c8220c9426ba4b8,Source
"Development applications for boarding houses in R1 – General Residential, R3 – Medium Density Residential and R4 – High Density Residential zones will be assessed",eac8a6109dd7d0254186f82808bc8d892477ea357121d0268c8220c9426ba4b8,Source
Boarding houses in R1 – General Residential,eac8a6109dd7d0254186f82808bc8d892477ea357121d0268c8220c9426ba4b8,Source
Boarding houses in R3 – Medium Density Residential,eac8a6109dd7d0254186f82808bc8d892477ea357121d0268c8220c9426ba4b8,Source
Boarding houses in R4 – High Density Residential,eac8a6109dd7d0254186f82808bc8d892477ea357121d0268c8220c9426ba4b8,Source
"Development applications for boarding houses in B1 - Neighbourhood Centre Zone, B2 - Local Centre Zone and B4 - Mixed Use zones will be assessed",eac8a6109dd7d0254186f82808bc8d892477ea357121d0268c8220c9426ba4b8,Source
Boarding houses in B1 - Neighbourhood Centre Zone,eac8a6109dd7d0254186f82808bc8d892477ea357121d0268c8220c9426ba4b8,Source
Boarding houses in B2 - Local Centre Zone,eac8a6109dd7d0254186f82808bc8d892477ea357121d0268c8220c9426ba4b8,Source
Boarding houses in B4 - Mixed Use,eac8a6109dd7d0254186f82808bc8d892477ea357121d0268c8220c9426ba4b8,Source
Car parking requirements for boarding houses are detailed and lower than for residential flat buildings,eac8a6109dd7d0254186f82808bc8d892477ea357121d0268c8220c9426ba4b8,Source
Residential flat buildings,eac8a6109dd7d0254186f82808bc8d892477ea357121d0268c8220c9426ba4b8,Source
Energy efficiency requirements for boarding houses are referred to Section 2.16.2,eac8a6109dd7d0254186f82808bc8d892477ea357121d0268c8220c9426ba4b8,Source
Floor space ratio and height,ee890d339dfb98feb611ded524c618d39325a3cb93009e31a3400163cf0c8bb4,Source
height,ee890d339dfb98feb611ded524c618d39325a3cb93009e31a3400163cf0c8bb4,Source
Site coverage,ee890d339dfb98feb611ded524c618d39325a3cb93009e31a3400163cf0c8bb4,Source
The Floor space ratio and height is discussed in Clause 4.1.6.1.,ee890d339dfb98feb611ded524c618d39325a3cb93009e31a3400163cf0c8bb4,Source
Clause 4.1.7 deals with parking.,ee890d339dfb98feb611ded524c618d39325a3cb93009e31a3400163cf0c8bb4,Source
Building setbacks are addressed in Clause 4.1.6.2.,ee890d339dfb98feb611ded524c618d39325a3cb93009e31a3400163cf0c8bb4,Source
Site coverage is also discussed in Clause 4.1.6.3.,ee890d339dfb98feb611ded524c618d39325a3cb93009e31a3400163cf0c8bb4,Source
The development control provisions are presented in the clauses.,ee890d339dfb98feb611ded524c618d39325a3cb93009e31a3400163cf0c8bb4,Source
Floor space ratio and height is an important aspect of development control.,ee890d339dfb98feb611ded524c618d39325a3cb93009e31a3400163cf0c8bb4,Source
Floor space ratio and height are controlled.,ee890d339dfb98feb611ded524c618d39325a3cb93009e31a3400163cf0c8bb4,Source
Clause 4.1.6.1 - fsr_control,ee890d339dfb98feb611ded524c618d39325a3cb93009e31a3400163cf0c8bb4,Source
Building setbacks are determined.,ee890d339dfb98feb611ded524c618d39325a3cb93009e31a3400163cf0c8bb4,Source
Clause 4.1.6.2 - setback,ee890d339dfb98feb611ded524c618d39325a3cb93009e31a3400163cf0c8bb4,Source
Car parking requirements exist.,ee890d339dfb98feb611ded524c618d39325a3cb93009e31a3400163cf0c8bb4,Source
Clause 4.1.7,ee890d339dfb98feb611ded524c618d39325a3cb93009e31a3400163cf0c8bb4,Source
Height limitations are established.,ee890d339dfb98feb611ded524c618d39325a3cb93009e31a3400163cf0c8bb4,Source
Clause 4.1.6.1 - height_limit,ee890d339dfb98feb611ded524c618d39325a3cb93009e31a3400163cf0c8bb4,Source
Site coverage limits are set.,ee890d339dfb98feb611ded524c618d39325a3cb93009e31a3400163cf0c8bb4,Source
Clause 4.1.6.3 - setback,ee890d339dfb98feb611ded524c618d39325a3cb93009e31a3400163cf0c8bb4,Source
site_coverage,ee890d339dfb98feb611ded524c618d39325a3cb93009e31a3400163cf0c8bb4,Source
Clause 5.1.3.2,0847c24b26ba6a6d9eb1782da4644c4c1f5b3157a18f3db08975edf17f10875c,Source
Clause 5.1.3.1,0847c24b26ba6a6d9eb1782da4644c4c1f5b3157a18f3db08975edf17f10875c,Source
Clause 5.1.3.3,0847c24b26ba6a6d9eb1782da4644c4c1f5b3157a18f3db08975edf17f10875c,Source
Clause 5.1.6,0847c24b26ba6a6d9eb1782da4644c4c1f5b3157a18f3db08975edf17f10875c,Source
Clause 5.1.1,0847c24b26ba6a6d9eb1782da4644c4c1f5b3157a18f3db08975edf17f10875c,Source
Clause 5.1.2,0847c24b26ba6a6d9eb1782da4644c4c1f5b3157a18f3db08975edf17f10875c,Source
Type of commercial and mixed use developments,0847c24b26ba6a6d9eb1782da4644c4c1f5b3157a18f3db08975edf17f10875c,Source
Clause 5.3.1.3,0847c24b26ba6a6d9eb1782da4644c4c1f5b3157a18f3db08975edf17f10875c,Source
The passage describes Clause 5.1.3.2 of the planning document.,0847c24b26ba6a6d9eb1782da4644c4c1f5b3157a18f3db08975edf17f10875c,Source
It deals with height limits in development control.,0847c24b26ba6a6d9eb1782da4644c4c1f5b3157a18f3db08975edf17f10875c,Source
Clause 5.1.3.2 addresses height limits.,0847c24b26ba6a6d9eb1782da4644c4c1f5b3157a18f3db08975edf17f10875c,Source
"Clause 5.1.3.1, which is about floor space ratio (FSR), comes before it.",0847c24b26ba6a6d9eb1782da4644c4c1f5b3157a18f3db08975edf17f10875c,Source
The passage also mentions Clause 5.1.3.1.,0847c24b26ba6a6d9eb1782da4644c4c1f5b3157a18f3db08975edf17f10875c,Source
It deals with floor space ratio (FSR) in development control.,0847c24b26ba6a6d9eb1782da4644c4c1f5b3157a18f3db08975edf17f10875c,Source
Clause 5.1.3.2 follows Clause 5.1.3.1.,0847c24b26ba6a6d9eb1782da4644c4c1f5b3157a18f3db08975edf17f10875c,Source
Both clauses are part of the development control section.,0847c24b26ba6a6d9eb1782da4644c4c1f5b3157a18f3db08975edf17f10875c,Source
Another clause mentioned in the passage is Clause 5.1.6.,0847c24b26ba6a6d9eb1782da4644c4c1f5b3157a18f3db08975edf17f10875c,Source
"It deals with vehicle access, parking, loading and services in development control.",0847c24b26ba6a6d9eb1782da4644c4c1f5b3157a18f3db08975edf17f10875c,Source
Clause 5.1.3.3 addresses massing and setbacks.,0847c24b26ba6a6d9eb1782da4644c4c1f5b3157a18f3db08975edf17f10875c,Source
They are related to the height limits dealt with in Clause 5.1.3.2.,0847c24b26ba6a6d9eb1782da4644c4c1f5b3157a18f3db08975edf17f10875c,Source
The passage also mentions Clause 5.1.6 as part of development control.,0847c24b26ba6a6d9eb1782da4644c4c1f5b3157a18f3db08975edf17f10875c,Source
"It deals with vehicle access, parking, loading and services.",0847c24b26ba6a6d9eb1782da4644c4c1f5b3157a18f3db08975edf17f10875c,Source
Clause 5.1.3.2 addresses height limits in development control.,0847c24b26ba6a6d9eb1782da4644c4c1f5b3157a18f3db08975edf17f10875c,Source
"Massing and setbacks are also regulated, as seen in Clause 5.1.3.3.",0847c24b26ba6a6d9eb1782da4644c4c1f5b3157a18f3db08975edf17f10875c,Source
"The passage mentions Clause 5.1.6 dealing with vehicle access, parking, loading and services.",0847c24b26ba6a6d9eb1782da4644c4c1f5b3157a18f3db08975edf17f10875c,Source
It is located in the development control section of the document.,0847c24b26ba6a6d9eb1782da4644c4c1f5b3157a18f3db08975edf17f10875c,Source
Clause 5.1.2 deals with zoning for commercial and mixed use developments.,0847c24b26ba6a6d9eb1782da4644c4c1f5b3157a18f3db08975edf17f10875c,Source
Zoning regulations are essential for controlling such developments.,0847c24b26ba6a6d9eb1782da4644c4c1f5b3157a18f3db08975edf17f10875c,Source
"It comes after the clauses dealing with height limits, FSR, and massing/setbacks.",0847c24b26ba6a6d9eb1782da4644c4c1f5b3157a18f3db08975edf17f10875c,Source
Clause 5.1.1 deals with heritage issues related to contributory buildings.,0847c24b26ba6a6d9eb1782da4644c4c1f5b3157a18f3db08975edf17f10875c,Source
Height was controlled by Clause 5.1.3.2,0847c24b26ba6a6d9eb1782da4644c4c1f5b3157a18f3db08975edf17f10875c,Source
Floor space ratio (FSR) was controlled by Clause 5.1.3.1,0847c24b26ba6a6d9eb1782da4644c4c1f5b3157a18f3db08975edf17f10875c,Source
Massing and setbacks were controlled by Clause 5.1.3.3,0847c24b26ba6a6d9eb1782da4644c4c1f5b3157a18f3db08975edf17f10875c,Source
"Vehicle access, parking, loading and services were controlled by Clause 5.1.6",0847c24b26ba6a6d9eb1782da4644c4c1f5b3157a18f3db08975edf17f10875c,Source
Contributory buildings were considered in Clause 5.1.1,0847c24b26ba6a6d9eb1782da4644c4c1f5b3157a18f3db08975edf17f10875c,Source
Type of commercial and mixed use developments was controlled by Clause 5.1.2,0847c24b26ba6a6d9eb1782da4644c4c1f5b3157a18f3db08975edf17f10875c,Source
Environmental protection was considered in Clause 5.3.1.3,0847c24b26ba6a6d9eb1782da4644c4c1f5b3157a18f3db08975edf17f10875c,Source
commercial zones,39012c4994329f6562e968cf2efafc0f3bf1fc158671845f7245efb07e205a40,Source
Clause 6.1.1,39012c4994329f6562e968cf2efafc0f3bf1fc158671845f7245efb07e205a40,Source
streetscape characteristics of the surrounding area,39012c4994329f6562e968cf2efafc0f3bf1fc158671845f7245efb07e205a40,Source
Clause 6.1.2.1,39012c4994329f6562e968cf2efafc0f3bf1fc158671845f7245efb07e205a40,Source
existing lots,39012c4994329f6562e968cf2efafc0f3bf1fc158671845f7245efb07e205a40,Source
plan of consolidation,39012c4994329f6562e968cf2efafc0f3bf1fc158671845f7245efb07e205a40,Source
space for parking or other purposes,39012c4994329f6562e968cf2efafc0f3bf1fc158671845f7245efb07e205a40,Source
vehicles associated with the new development,39012c4994329f6562e968cf2efafc0f3bf1fc158671845f7245efb07e205a40,Source
"where industrial activities are permissible, under the provisions of Inner West LEP 2022",39012c4994329f6562e968cf2efafc0f3bf1fc158671845f7245efb07e205a40,Source
"To encourage design that is of a type, scale, height, bulk and character that is compatible with, and will enhance, the streetscape characteristics of the surrounding area",39012c4994329f6562e968cf2efafc0f3bf1fc158671845f7245efb07e205a40,Source
Where development or use of a number of existing lots is proposed,39012c4994329f6562e968cf2efafc0f3bf1fc158671845f7245efb07e205a40,Source
"the lots must be consolidated into one parcel, and the plan of consolidation lodged with the relevant authority",39012c4994329f6562e968cf2efafc0f3bf1fc158671845f7245efb07e205a40,Source
No part of any site is to be separately leased from the remainder of the property for the purpose of a separate occupation or operation from an approved use,39012c4994329f6562e968cf2efafc0f3bf1fc158671845f7245efb07e205a40,Source
except where the prior development consent of Council has been sought and obtained,39012c4994329f6562e968cf2efafc0f3bf1fc158671845f7245efb07e205a40,Source
"Where there is to be a strata plan of subdivision, any space for parking or other purposes forming a part of a sole occupancy unit must be included in the same strata lot as the unit",39012c4994329f6562e968cf2efafc0f3bf1fc158671845f7245efb07e205a40,Source
"To ensure all loading and unloading, turning movements, queuing and parking of vehicles, including delivery vehicles associated with the new development, occurs wholly within the site",39012c4994329f6562e968cf2efafc0f3bf1fc158671845f7245efb07e205a40,Source
Where there is to be a strata plan of subdivision,39012c4994329f6562e968cf2efafc0f3bf1fc158671845f7245efb07e205a40,Source
streetscape characteristics,39012c4994329f6562e968cf2efafc0f3bf1fc158671845f7245efb07e205a40,Source
surrounding area,39012c4994329f6562e968cf2efafc0f3bf1fc158671845f7245efb07e205a40,Source
The lots must be consolidated into one parcel,39012c4994329f6562e968cf2efafc0f3bf1fc158671845f7245efb07e205a40,Source
parcel,39012c4994329f6562e968cf2efafc0f3bf1fc158671845f7245efb07e205a40,Source
No part of any site is to be separately leased from the remainder of the property for the purpose of a separate occupation or operation,39012c4994329f6562e968cf2efafc0f3bf1fc158671845f7245efb07e205a40,Source
occupation,39012c4994329f6562e968cf2efafc0f3bf1fc158671845f7245efb07e205a40,Source
operation,39012c4994329f6562e968cf2efafc0f3bf1fc158671845f7245efb07e205a40,Source
Any space for parking or other purposes forming a part of a sole occupancy unit must be included in the same strata lot as the unit,39012c4994329f6562e968cf2efafc0f3bf1fc158671845f7245efb07e205a40,Source
space,39012c4994329f6562e968cf2efafc0f3bf1fc158671845f7245efb07e205a40,Source
sole occupancy unit,39012c4994329f6562e968cf2efafc0f3bf1fc158671845f7245efb07e205a40,Source
"To ensure all loading and unloading, turning movements, queuing and parking of vehicles occurs wholly within the site",39012c4994329f6562e968cf2efafc0f3bf1fc158671845f7245efb07e205a40,Source
childcare centres,261e63bc44a55ca3f914a5b82cdec6cbe1fc4f4e8c0f1cf37f15debaac0e24d7,Source
Inner W est LEP 202 2,261e63bc44a55ca3f914a5b82cdec6cbe1fc4f4e8c0f1cf37f15debaac0e24d7,Source
Section 5 o f this DCP,261e63bc44a55ca3f914a5b82cdec6cbe1fc4f4e8c0f1cf37f15debaac0e24d7,Source
Section 6 of this DCP,261e63bc44a55ca3f914a5b82cdec6cbe1fc4f4e8c0f1cf37f15debaac0e24d7,Source
Before submitting a development application applicants are required to refer to the National Quality Framework.,261e63bc44a55ca3f914a5b82cdec6cbe1fc4f4e8c0f1cf37f15debaac0e24d7,Source
so that these requirements can be incorporated into the design of the child care centre.,261e63bc44a55ca3f914a5b82cdec6cbe1fc4f4e8c0f1cf37f15debaac0e24d7,Source
Applicants are required to lodge a statement with the development application.,261e63bc44a55ca3f914a5b82cdec6cbe1fc4f4e8c0f1cf37f15debaac0e24d7,Source
"the proposal will comply with the Education and Care Services National Law 2011 and Regulation 2011, and the National Quality Standard.",261e63bc44a55ca3f914a5b82cdec6cbe1fc4f4e8c0f1cf37f15debaac0e24d7,Source
Development applications for child care centres in the R2 – Low Density Residential Zone will be assessed.,261e63bc44a55ca3f914a5b82cdec6cbe1fc4f4e8c0f1cf37f15debaac0e24d7,Source
the relevant controls in Section 4.1 of this DCP relating to low density residential development and the relevant objectives and controls in Section 7.1.,261e63bc44a55ca3f914a5b82cdec6cbe1fc4f4e8c0f1cf37f15debaac0e24d7,Source
"Development applications for child care centres in the R1 – General Residential Zone, R3 – Medium Density Residential Zone, R4 – High Density Residential Zone , RE1 - Public Recreation and RE2 – Private Recreation Zone will be assessed.",261e63bc44a55ca3f914a5b82cdec6cbe1fc4f4e8c0f1cf37f15debaac0e24d7,Source
the relevant controls in Section 4.2 of this DCP relating to multi dwelling housing and residential flat buildings and the relevant objectives and controls in Section 7.1.,261e63bc44a55ca3f914a5b82cdec6cbe1fc4f4e8c0f1cf37f15debaac0e24d7,Source
"Development applications for child care centres in the B1 - Neighbourhood Centre Zone, B2 - Local Centre Zone, B4 - Mixed Use Zone, B5 - Business Development Zone and B7 - Business Park Zone will be assessed.",261e63bc44a55ca3f914a5b82cdec6cbe1fc4f4e8c0f1cf37f15debaac0e24d7,Source
the relevant controls in Section 5 of this DCP relating to commercial and mixed use development and the relevant objectives and controls in Section 7.1.,261e63bc44a55ca3f914a5b82cdec6cbe1fc4f4e8c0f1cf37f15debaac0e24d7,Source
Development applications for child care centres in the IN2 – Light Industrial Zone will be assessed.,261e63bc44a55ca3f914a5b82cdec6cbe1fc4f4e8c0f1cf37f15debaac0e24d7,Source
the relevant controls in Section 6 of this DCP relating to industrial development and the relevant objectives and controls in Section 7.1.,261e63bc44a55ca3f914a5b82cdec6cbe1fc4f4e8c0f1cf37f15debaac0e24d7,Source
Childcare centres are permitted with consent in certain zones.,261e63bc44a55ca3f914a5b82cdec6cbe1fc4f4e8c0f1cf37f15debaac0e24d7,Source
Applicants must refer to the National Quality Framework before submitting a development application.,261e63bc44a55ca3f914a5b82cdec6cbe1fc4f4e8c0f1cf37f15debaac0e24d7,Source
National Quality Framework,261e63bc44a55ca3f914a5b82cdec6cbe1fc4f4e8c0f1cf37f15debaac0e24d7,Source
Development applications for child care centres in R2 – Low Density Residential Zone will be assessed in accordance with Section 4.1 of this DCP.,261e63bc44a55ca3f914a5b82cdec6cbe1fc4f4e8c0f1cf37f15debaac0e24d7,Source
development applications,261e63bc44a55ca3f914a5b82cdec6cbe1fc4f4e8c0f1cf37f15debaac0e24d7,Source
R2 – Low Density Residential Zone,261e63bc44a55ca3f914a5b82cdec6cbe1fc4f4e8c0f1cf37f15debaac0e24d7,Source
"Development applications for child care centres in R1 – General Residential Zone, R3 – Medium Density Residential Zone, R4 – High Density Residential Zone, RE1 - Public Recreation and RE2 – Private Recreation Zone will be assessed in accordance with Section 4.2 of this DCP.",261e63bc44a55ca3f914a5b82cdec6cbe1fc4f4e8c0f1cf37f15debaac0e24d7,Source
R1 – General Residential Zone,261e63bc44a55ca3f914a5b82cdec6cbe1fc4f4e8c0f1cf37f15debaac0e24d7,Source
R3 – Medium Density Residential Zone,261e63bc44a55ca3f914a5b82cdec6cbe1fc4f4e8c0f1cf37f15debaac0e24d7,Source
R4 – High Density Residential Zone,261e63bc44a55ca3f914a5b82cdec6cbe1fc4f4e8c0f1cf37f15debaac0e24d7,Source
RE1 - Public Recreation,261e63bc44a55ca3f914a5b82cdec6cbe1fc4f4e8c0f1cf37f15debaac0e24d7,Source
RE2 – Private Recreation Zone,261e63bc44a55ca3f914a5b82cdec6cbe1fc4f4e8c0f1cf37f15debaac0e24d7,Source
"Development applications for child care centres in B1 - Neighbourhood Centre Zone, B2 - Local Centre Zone, B4 - Mixed Use Zone, B5 - Business Development Zone and B7 - Business Park Zone will be assessed in accordance with Section 5 of this DCP.",261e63bc44a55ca3f914a5b82cdec6cbe1fc4f4e8c0f1cf37f15debaac0e24d7,Source
B4 - Mixed Use Zone,261e63bc44a55ca3f914a5b82cdec6cbe1fc4f4e8c0f1cf37f15debaac0e24d7,Source
B5 - Business Development Zone,261e63bc44a55ca3f914a5b82cdec6cbe1fc4f4e8c0f1cf37f15debaac0e24d7,Source
B7 - Business Park Zone,261e63bc44a55ca3f914a5b82cdec6cbe1fc4f4e8c0f1cf37f15debaac0e24d7,Source
Development applications for child care centres in IN2 – Light Industrial Zone will be assessed in accordance with Section 6 of this DCP.,261e63bc44a55ca3f914a5b82cdec6cbe1fc4f4e8c0f1cf37f15debaac0e24d7,Source
IN2 – Light Industrial Zone,261e63bc44a55ca3f914a5b82cdec6cbe1fc4f4e8c0f1cf37f15debaac0e24d7,Source
Car parking requirements for child care centres must be considered.,261e63bc44a55ca3f914a5b82cdec6cbe1fc4f4e8c0f1cf37f15debaac0e24d7,Source
car parking requirements,261e63bc44a55ca3f914a5b82cdec6cbe1fc4f4e8c0f1cf37f15debaac0e24d7,Source
centre,9b6c5a221708b37487526e1d777f9b6fd54efd1583448cc1a1058926abe898a0,Source
proposal,9b6c5a221708b37487526e1d777f9b6fd54efd1583448cc1a1058926abe898a0,Source
controls,9b6c5a221708b37487526e1d777f9b6fd54efd1583448cc1a1058926abe898a0,Source
Part 8,9b6c5a221708b37487526e1d777f9b6fd54efd1583448cc1a1058926abe898a0,Source
centres are detailed in Section 2.10.,9b6c5a221708b37487526e1d777f9b6fd54efd1583448cc1a1058926abe898a0,Source
Clause None - heritage (development_control):,9b6c5a221708b37487526e1d777f9b6fd54efd1583448cc1a1058926abe898a0,Source
"Where a child care centre is on the site of a heritage item or within a heritage conservation area,",9b6c5a221708b37487526e1d777f9b6fd54efd1583448cc1a1058926abe898a0,Source
the proposal will also need to comply with the relevant heritage controls contained in Part 8 of this DCP.,9b6c5a221708b37487526e1d777f9b6fd54efd1583448cc1a1058926abe898a0,Source
A child care centre is on the site of a heritage item,9b6c5a221708b37487526e1d777f9b6fd54efd1583448cc1a1058926abe898a0,Source
Section 7.0 Cover,7f7b9121926fa2f8d9f48fdbc34aeb1562b927f4587f901aaafa80b239c1d913,Source
The planning document is related to Marrickville DCP.,7f7b9121926fa2f8d9f48fdbc34aeb1562b927f4587f901aaafa80b239c1d913,Source
Marrickville DCP 2011 - 7.0 Cover.pdf is a cover page of the document.,7f7b9121926fa2f8d9f48fdbc34aeb1562b927f4587f901aaafa80b239c1d913,Source
The cover page is located in the docs/dcps/INNERWEST/Marrickville directory.,7f7b9121926fa2f8d9f48fdbc34aeb1562b927f4587f901aaafa80b239c1d913,Source
Planning Document: docs/dcps/INNERWEST/Marrickville/Marrickville DCP 2011 - 7.0 Cover.pdf,7f7b9121926fa2f8d9f48fdbc34aeb1562b927f4587f901aaafa80b239c1d913,Source
The planning document is stored in a directory named Marrickville.,7f7b9121926fa2f8d9f48fdbc34aeb1562b927f4587f901aaafa80b239c1d913,Source
Planning Document: docs/dcps/INNERWEST/Marrickville/Marrickville DCP 2011 - 7.0 Cover.pdf was planned.,7f7b9121926fa2f8d9f48fdbc34aeb1562b927f4587f901aaafa80b239c1d913,Source
industry standards,ad6abfb24db37d19c88a6417912e34bf4589c7ec1473be367ac68f9866697c83,Source
regulations,ad6abfb24db37d19c88a6417912e34bf4589c7ec1473be367ac68f9866697c83,Source
Clause O2,ad6abfb24db37d19c88a6417912e34bf4589c7ec1473be367ac68f9866697c83,Source
amenity impacts,ad6abfb24db37d19c88a6417912e34bf4589c7ec1473be367ac68f9866697c83,Source
"Council’s controls are designed to ensure that adult businesses, restricted premises and sex services premises operate in appropriate locations",ad6abfb24db37d19c88a6417912e34bf4589c7ec1473be367ac68f9866697c83,Source
"MLEP 2011 specifically regulates where sex services premises (IN1 General Industrial zone, IN2 Light Industrial zone and B6 Enterprise Corridor zone) and restricted premises (B4 Mixed Use zone and B5 Business Development zone) may be located.",ad6abfb24db37d19c88a6417912e34bf4589c7ec1473be367ac68f9866697c83,Source
"To minimise amenity impacts upon adjoining land uses, particularly residential and other sensitive land uses.",ad6abfb24db37d19c88a6417912e34bf4589c7ec1473be367ac68f9866697c83,Source
Disturbances caused by insufficient off -street parking,ad6abfb24db37d19c88a6417912e34bf4589c7ec1473be367ac68f9866697c83,Source
Council’s controls are designed to ensure that adult businesses operate in appropriate locations,ad6abfb24db37d19c88a6417912e34bf4589c7ec1473be367ac68f9866697c83,Source
council's controls,ad6abfb24db37d19c88a6417912e34bf4589c7ec1473be367ac68f9866697c83,Source
"To minimise amenity impacts upon adjoining land uses, particularly residential and other sensitive land uses",ad6abfb24db37d19c88a6417912e34bf4589c7ec1473be367ac68f9866697c83,Source
residential land uses,ad6abfb24db37d19c88a6417912e34bf4589c7ec1473be367ac68f9866697c83,Source
sensitive land uses,ad6abfb24db37d19c88a6417912e34bf4589c7ec1473be367ac68f9866697c83,Source
Disturbances caused by insufficient off-street parking,ad6abfb24db37d19c88a6417912e34bf4589c7ec1473be367ac68f9866697c83,Source
insufficient off-street parking,ad6abfb24db37d19c88a6417912e34bf4589c7ec1473be367ac68f9866697c83,Source
map,ebdcce2f9f26cece6023231f160afe5b1d0ea7e2ac6767f3cc24b09df871af29,Source
The planning document is available online.,ebdcce2f9f26cece6023231f160afe5b1d0ea7e2ac6767f3cc24b09df871af29,Source
the council website contains many documents,ebdcce2f9f26cece6023231f160afe5b1d0ea7e2ac6767f3cc24b09df871af29,Source
The document was released in 2011.,ebdcce2f9f26cece6023231f160afe5b1d0ea7e2ac6767f3cc24b09df871af29,Source
the Marrickville DCP was implemented,ebdcce2f9f26cece6023231f160afe5b1d0ea7e2ac6767f3cc24b09df871af29,Source
The Marrickville DCP is a planning instrument for the area.,ebdcce2f9f26cece6023231f160afe5b1d0ea7e2ac6767f3cc24b09df871af29,Source
it guides the development of the local community,ebdcce2f9f26cece6023231f160afe5b1d0ea7e2ac6767f3cc24b09df871af29,Source
Planning Document: docs/dcps/INNERWEST/Marrickville/Marrickville DCP 2011 - 8.0 Heritage Conservation Areas Map.pdf was accessed,ebdcce2f9f26cece6023231f160afe5b1d0ea7e2ac6767f3cc24b09df871af29,Source
Unknown User,ebdcce2f9f26cece6023231f160afe5b1d0ea7e2ac6767f3cc24b09df871af29,Source
Development consent,e82cefbf0978ba3d3c4647e27398fe48a9b6595340f521c340fe26e2fa6a510f,Source
Archaeological sites,e82cefbf0978ba3d3c4647e27398fe48a9b6595340f521c340fe26e2fa6a510f,Source
Places of Aboriginal heritage significance,e82cefbf0978ba3d3c4647e27398fe48a9b6595340f521c340fe26e2fa6a510f,Source
Clause 8.1.2 - heritage (development_control) deals with Heritage Items,e82cefbf0978ba3d3c4647e27398fe48a9b6595340f521c340fe26e2fa6a510f,Source
Clause 8.1.3 - heritage (development_control) deals with Heritage Conservation Areas,e82cefbf0978ba3d3c4647e27398fe48a9b6595340f521c340fe26e2fa6a510f,Source
Clause 8.1.7 - heritage (development_control) deals with Heritage Items,e82cefbf0978ba3d3c4647e27398fe48a9b6595340f521c340fe26e2fa6a510f,Source
Clause 8.1.7.2 - heritage (development_control) deals with Development in the vicinity of a heritage item,e82cefbf0978ba3d3c4647e27398fe48a9b6595340f521c340fe26e2fa6a510f,Source
Clause 8.1.10 - heritage (environmental_protection) deals with Archaeological sites,e82cefbf0978ba3d3c4647e27398fe48a9b6595340f521c340fe26e2fa6a510f,Source
Clause 8.1.11 - heritage (environmental_protection) deals with Places of Aboriginal heritage significance,e82cefbf0978ba3d3c4647e27398fe48a9b6595340f521c340fe26e2fa6a510f,Source
"Clause 8.1.9 does not exist, but Clause 8.1.3 deals with Heritage Conservation Areas",e82cefbf0978ba3d3c4647e27398fe48a9b6595340f521c340fe26e2fa6a510f,Source
Clause 8.1.8 - heritage (development_control) deals with Requirement for a HIS or CMP,e82cefbf0978ba3d3c4647e27398fe48a9b6595340f521c340fe26e2fa6a510f,Source
Heritage Items are mentioned in Clause 8.1.2.,e82cefbf0978ba3d3c4647e27398fe48a9b6595340f521c340fe26e2fa6a510f,Source
Clause 8.1.2,e82cefbf0978ba3d3c4647e27398fe48a9b6595340f521c340fe26e2fa6a510f,Source
Heritage Conservation Areas are mentioned in Clause 8.1.3.,e82cefbf0978ba3d3c4647e27398fe48a9b6595340f521c340fe26e2fa6a510f,Source
Clause 8.1.3,e82cefbf0978ba3d3c4647e27398fe48a9b6595340f521c340fe26e2fa6a510f,Source
Development consent is mentioned in Clause 8.1.5.,e82cefbf0978ba3d3c4647e27398fe48a9b6595340f521c340fe26e2fa6a510f,Source
Clause 8.1.5,e82cefbf0978ba3d3c4647e27398fe48a9b6595340f521c340fe26e2fa6a510f,Source
Heritage Items are mentioned again in Clause 8.1.7.,e82cefbf0978ba3d3c4647e27398fe48a9b6595340f521c340fe26e2fa6a510f,Source
Clause 8.1.7,e82cefbf0978ba3d3c4647e27398fe48a9b6595340f521c340fe26e2fa6a510f,Source
Development in the vicinity of a heritage item is mentioned in Clause 8.1.7.2.,e82cefbf0978ba3d3c4647e27398fe48a9b6595340f521c340fe26e2fa6a510f,Source
Clause 8.1.7.2,e82cefbf0978ba3d3c4647e27398fe48a9b6595340f521c340fe26e2fa6a510f,Source
A HIS or CMP is required in Clause 8.1.8.,e82cefbf0978ba3d3c4647e27398fe48a9b6595340f521c340fe26e2fa6a510f,Source
Clause 8.1.8,e82cefbf0978ba3d3c4647e27398fe48a9b6595340f521c340fe26e2fa6a510f,Source
HIS,e82cefbf0978ba3d3c4647e27398fe48a9b6595340f521c340fe26e2fa6a510f,Source
CMP,e82cefbf0978ba3d3c4647e27398fe48a9b6595340f521c340fe26e2fa6a510f,Source
Archaeological sites are mentioned in Clause 8.1.10.,e82cefbf0978ba3d3c4647e27398fe48a9b6595340f521c340fe26e2fa6a510f,Source
Clause 8.1.10,e82cefbf0978ba3d3c4647e27398fe48a9b6595340f521c340fe26e2fa6a510f,Source
Places of Aboriginal heritage significance are mentioned in Clause 8.1.11.,e82cefbf0978ba3d3c4647e27398fe48a9b6595340f521c340fe26e2fa6a510f,Source
Clause 8.1.11,e82cefbf0978ba3d3c4647e27398fe48a9b6595340f521c340fe26e2fa6a510f,Source
Marrickville DCP 2011 - 9 0 Cover.pdf,9db93ebf28405b1a2f30c581774553e027243a4df508b6179c82404642a63725,Source
The planning document is located in docs/dcps/INNERWEST/Marrickville/,9db93ebf28405b1a2f30c581774553e027243a4df508b6179c82404642a63725,Source
it relates to Marrickville DCP 2011 - 9 0 Cover,9db93ebf28405b1a2f30c581774553e027243a4df508b6179c82404642a63725,Source
Marrickville DCP 2011 - 9 0 Cover is a document type,9db93ebf28405b1a2f30c581774553e027243a4df508b6179c82404642a63725,Source
it has a cover page,9db93ebf28405b1a2f30c581774553e027243a4df508b6179c82404642a63725,Source
planning precinct,b5f28e2f712baa7a3058492a4c48ee3ff9a4879981f6b5948a01ee0009aa33ef,Source
achieving desired future character,b5f28e2f712baa7a3058492a4c48ee3ff9a4879981f6b5948a01ee0009aa33ef,Source
conservation areas,b5f28e2f712baa7a3058492a4c48ee3ff9a4879981f6b5948a01ee0009aa33ef,Source
Clause 9.1.2,9c6fb36fdfc464b1e7710a88515dbe888b95c67eecf015f8d544c524791d8ad8,Source
impacts to biodiversity,9c6fb36fdfc464b1e7710a88515dbe888b95c67eecf015f8d544c524791d8ad8,Source
off-street car parking provision does not impact precinct amenity,9c6fb36fdfc464b1e7710a88515dbe888b95c67eecf015f8d544c524791d8ad8,Source
development within the precinct considers the potential impacts to biodiversity,9c6fb36fdfc464b1e7710a88515dbe888b95c67eecf015f8d544c524791d8ad8,Source
To ens ure that the provision and location of off -street car parking doe s not adversely impact the amenity of the precinct.,9c6fb36fdfc464b1e7710a88515dbe888b95c67eecf015f8d544c524791d8ad8,Source
period,58ccfa1705f22ce6c2dd65c2cb7e6ebff3a81ef7143265c14a5043dea1871834,Source
group of buildings,58ccfa1705f22ce6c2dd65c2cb7e6ebff3a81ef7143265c14a5043dea1871834,Source
significant streetscapes and public domain elements,58ccfa1705f22ce6c2dd65c2cb7e6ebff3a81ef7143265c14a5043dea1871834,Source
"landscaping, fencing, open space, sandstone kerbing and guttering, views and vistas and prevailing subdivision patterns",58ccfa1705f22ce6c2dd65c2cb7e6ebff3a81ef7143265c14a5043dea1871834,Source
"To protect groups or runs of buildings which retain their original built form including roof forms, o riginal detailing and finishes",58ccfa1705f22ce6c2dd65c2cb7e6ebff3a81ef7143265c14a5043dea1871834,Source
"To protect significant str eetscapes and/or public domain elements within the precinct including landscaping, fencing, open space, sandstone kerbing and guttering, views and vistas and prevailing subdivision patterns",58ccfa1705f22ce6c2dd65c2cb7e6ebff3a81ef7143265c14a5043dea1871834,Source
To preserve the predominantly low density residential character o f the pr ecinct,58ccfa1705f22ce6c2dd65c2cb7e6ebff3a81ef7143265c14a5043dea1871834,Source
"To ensure that n ew development respects local fauna by minimising lighting impacts on nocturnal fauna, reinforcing the permeability of the GreenWay Corridor to the surrounding built environment for local fauna, and providing a minimum 3 metre native vegetation buffer between the GreenWay C orridor and any new development.",58ccfa1705f22ce6c2dd65c2cb7e6ebff3a81ef7143265c14a5043dea1871834,Source
"To protect groups or runs of buildings which retain their original built form including roof forms, o riginal detailing and finishes.",58ccfa1705f22ce6c2dd65c2cb7e6ebff3a81ef7143265c14a5043dea1871834,Source
"To protect significant str eetscapes and/or public domain elements within the precinct including landscaping, fencing, open space, sandstone kerbing and guttering, views and vistas and prevailing subdivision patterns.",58ccfa1705f22ce6c2dd65c2cb7e6ebff3a81ef7143265c14a5043dea1871834,Source
To preserve the predominantly low density residential character o f the pr ecinct.,58ccfa1705f22ce6c2dd65c2cb7e6ebff3a81ef7143265c14a5043dea1871834,Source
Hoskins Park Precinct,ffc7404881e80cd8711956900208a8c6ae53a6f40ee9efb2e12e4f2fad7714bc,Source
high biodiversity values,ffc7404881e80cd8711956900208a8c6ae53a6f40ee9efb2e12e4f2fad7714bc,Source
none specified,ffc7404881e80cd8711956900208a8c6ae53a6f40ee9efb2e12e4f2fad7714bc,Source
It is essential that development within the precinct considers all potential impacts to biodiversity.,ffc7404881e80cd8711956900208a8c6ae53a6f40ee9efb2e12e4f2fad7714bc,Source
It is essential that development within the precinct considers the potential impacts to biodiversity,ffc7404881e80cd8711956900208a8c6ae53a6f40ee9efb2e12e4f2fad7714bc,Source
Development considers all potential impacts to biodiversity.,ffc7404881e80cd8711956900208a8c6ae53a6f40ee9efb2e12e4f2fad7714bc,Source
To protect the identified values of the Lewisham Estate and Hoskins Park & Environs Heritage Conservation Areas,ffc7404881e80cd8711956900208a8c6ae53a6f40ee9efb2e12e4f2fad7714bc,Source
Jarvie Ave nue Heritage Conservation Area,7d3d91b325b1b44b007293110013a18c46477e429baa634a98024b987fcd79a6,Source
"roof form, original detailing and finishes",7d3d91b325b1b44b007293110013a18c46477e429baa634a98024b987fcd79a6,Source
"The precinct contains three Heritage Conservation Areas being the Porter’s Brickworks Estate Heritage Conservation Area, Jarvie Ave nue Heritage Conservation Area and the Rathlin Estate Heritage Conservation Area.",7d3d91b325b1b44b007293110013a18c46477e429baa634a98024b987fcd79a6,Source
This precinct also contain s a small part of the HCA 28 Dulwich Hill Commercial Precinct Heritage Conservation Area located on Marrickville Road.,7d3d91b325b1b44b007293110013a18c46477e429baa634a98024b987fcd79a6,Source
"To protect groups or runs of buildings which retain their original form including roof form s, original detailing and finishes.",7d3d91b325b1b44b007293110013a18c46477e429baa634a98024b987fcd79a6,Source
significant streetscape and/or public domain elements,37de8f066a945ebce609759702894506dd087224e800fc316fcfc4f22fb5a517,Source
To protect the identified values of the Audley Street South (Bayswater Estate) Heritage Conservation Area and the Norwood Park Estate Heritage Conservation Area,37de8f066a945ebce609759702894506dd087224e800fc316fcfc4f22fb5a517,Source
To protect the identified values of the Audley Street South (Bayswater Estate) Heritage Conservation Area and the Norwood Park Estate Heritage Conservation Area.,37de8f066a945ebce609759702894506dd087224e800fc316fcfc4f22fb5a517,Source
single st orey streetscapes,debe1098ac47f0112a1b950410ebe96a0e1bd5a75ca03e6e8bd6824640a24818,Source
Enmore - Newtown Heritage C onservation Area,debe1098ac47f0112a1b950410ebe96a0e1bd5a75ca03e6e8bd6824640a24818,Source
The precinct contains three heritage conservation areas.,debe1098ac47f0112a1b950410ebe96a0e1bd5a75ca03e6e8bd6824640a24818,Source
To maintain distinctly single st orey streetscapes within the precinct.,debe1098ac47f0112a1b950410ebe96a0e1bd5a75ca03e6e8bd6824640a24818,Source
"To protect significant streetscape s and/or public domain elements within the precinct including landsc aping, fencing, open space, sandstone kerbing and guttering, views and vistas and prevailing subdivision patter ns.",debe1098ac47f0112a1b950410ebe96a0e1bd5a75ca03e6e8bd6824640a24818,Source
To ensure the provision and location of off -street car parking does not adversely impact the amenity of the precinct.,debe1098ac47f0112a1b950410ebe96a0e1bd5a75ca03e6e8bd6824640a24818,Source
"To protect the identified values of the En more-Newtown Heritage C onservation Area, Enmore House Esta.",debe1098ac47f0112a1b950410ebe96a0e1bd5a75ca03e6e8bd6824640a24818,Source
Enmore - Newtown Heritage Conservation Area,debe1098ac47f0112a1b950410ebe96a0e1bd5a75ca03e6e8bd6824640a24818,Source
To maintain distinctly single story streetscapes within the precinct.,debe1098ac47f0112a1b950410ebe96a0e1bd5a75ca03e6e8bd6824640a24818,Source
Single story streetscapes,debe1098ac47f0112a1b950410ebe96a0e1bd5a75ca03e6e8bd6824640a24818,Source
Significant streetscapes,debe1098ac47f0112a1b950410ebe96a0e1bd5a75ca03e6e8bd6824640a24818,Source
Open space,debe1098ac47f0112a1b950410ebe96a0e1bd5a75ca03e6e8bd6824640a24818,Source
Sandstone kerbing and guttering,debe1098ac47f0112a1b950410ebe96a0e1bd5a75ca03e6e8bd6824640a24818,Source
Views and vistas,debe1098ac47f0112a1b950410ebe96a0e1bd5a75ca03e6e8bd6824640a24818,Source
Prevailing subdivision patterns,debe1098ac47f0112a1b950410ebe96a0e1bd5a75ca03e6e8bd6824640a24818,Source
Low to medium density residential character,debe1098ac47f0112a1b950410ebe96a0e1bd5a75ca03e6e8bd6824640a24818,Source
Off-street car parking,debe1098ac47f0112a1b950410ebe96a0e1bd5a75ca03e6e8bd6824640a24818,Source
"To protect the identified values of the Enmore - Newtown Heritage Conservation Area, Enmore House Estate Heritage Conservation Area and Holmwood Estate Heritage Conservation Area.",debe1098ac47f0112a1b950410ebe96a0e1bd5a75ca03e6e8bd6824640a24818,Source
Victoria Road,e1226037d57607c91493df85ca0a5aed272e36f91e1c4a26068955b47804211e,Source
small lot sizes and era of housing,e1226037d57607c91493df85ca0a5aed272e36f91e1c4a26068955b47804211e,Source
Eastern Channel 1 North and East sub catchments,e1226037d57607c91493df85ca0a5aed272e36f91e1c4a26068955b47804211e,Source
"original built form, roof forms, original detailing and finishes",e1226037d57607c91493df85ca0a5aed272e36f91e1c4a26068955b47804211e,Source
The precinct contains the Llewellyn Esta te Heritage Conservation Area and part of the Enmore House Estate Heritage Conservation Area.,e1226037d57607c91493df85ca0a5aed272e36f91e1c4a26068955b47804211e,Source
Front setbacks vary throughout the precinct with common se tbacks of less than 2 metres for dwellings that are predominantly Victorian and Federation era and 2 -4 metre se tbacks for Federation and Inter -War period dwellings.,e1226037d57607c91493df85ca0a5aed272e36f91e1c4a26068955b47804211e,Source
"The dominant fences are brick, bric k and metal, and iron palisade.",e1226037d57607c91493df85ca0a5aed272e36f91e1c4a26068955b47804211e,Source
Off street car parking for dwellings to the north of Victoria Road is either not present due to the small lot sizes and era of housing or via rear laneway access only.,e1226037d57607c91493df85ca0a5aed272e36f91e1c4a26068955b47804211e,Source
"In the southern end of the precinct, the larger lot sizes and later era of the housing stock means that some dwellings have access to rea r garages via side driveways.",e1226037d57607c91493df85ca0a5aed272e36f91e1c4a26068955b47804211e,Source
The precinct is within the Eastern Channel 1 North and East sub catchments which drain to the Cooks River.,e1226037d57607c91493df85ca0a5aed272e36f91e1c4a26068955b47804211e,Source
"To protect groups or runs of buildings which retain their original built form includ ing roof forms, original detailing and finishes.",e1226037d57607c91493df85ca0a5aed272e36f91e1c4a26068955b47804211e,Source
The precinct contains the Llewellyn Estate Heritage Conservation Area and part of the Enmore House Estate Heritage Conservation Area.,e1226037d57607c91493df85ca0a5aed272e36f91e1c4a26068955b47804211e,Source
Front setbacks vary throughout the precinct with common setbacks of less than 2 metres for dwellings that are predominantly Victorian and Federation era and 2-4 metre setbacks for Federation and Inter-War period dwellings.,e1226037d57607c91493df85ca0a5aed272e36f91e1c4a26068955b47804211e,Source
Inter-War period,e1226037d57607c91493df85ca0a5aed272e36f91e1c4a26068955b47804211e,Source
Front fences are generally low and with the style and materials generally reflecting the period of the dwellings.,e1226037d57607c91493df85ca0a5aed272e36f91e1c4a26068955b47804211e,Source
front fences,e1226037d57607c91493df85ca0a5aed272e36f91e1c4a26068955b47804211e,Source
"The dominant fences are brick, brick and metal, and iron palisade.",e1226037d57607c91493df85ca0a5aed272e36f91e1c4a26068955b47804211e,Source
metal,e1226037d57607c91493df85ca0a5aed272e36f91e1c4a26068955b47804211e,Source
iron palisade,e1226037d57607c91493df85ca0a5aed272e36f91e1c4a26068955b47804211e,Source
off street car parking,e1226037d57607c91493df85ca0a5aed272e36f91e1c4a26068955b47804211e,Source
"In the southern end of the precinct, the larger lot sizes and later era of the housing stock means that some dwellings have access to rear garages via side driveways.",e1226037d57607c91493df85ca0a5aed272e36f91e1c4a26068955b47804211e,Source
southern end,e1226037d57607c91493df85ca0a5aed272e36f91e1c4a26068955b47804211e,Source
rear garages,e1226037d57607c91493df85ca0a5aed272e36f91e1c4a26068955b47804211e,Source
significant streetscape,88929a59a953a94ad0f98d41c0d3984b6f3bbdded45d559f5cec4759ea73801f,Source
The Abergeldie Estate Heritage Conservation Area exists.,88929a59a953a94ad0f98d41c0d3984b6f3bbdded45d559f5cec4759ea73801f,Source
Clause 9.16.1 - heritage (heritage): The precinct contains The Abergeldie Est ate Heritage Conservation Area.,88929a59a953a94ad0f98d41c0d3984b6f3bbdded45d559f5cec4759ea73801f,Source
Off street parking is typically a side driveway except where lots are too small and on-street parking prevails.,88929a59a953a94ad0f98d41c0d3984b6f3bbdded45d559f5cec4759ea73801f,Source
Clause 9.16.1 - parking (development_control): Off street parking is typically a side driveway except where lots are too small and on -street parkin g prevails,88929a59a953a94ad0f98d41c0d3984b6f3bbdded45d559f5cec4759ea73801f,Source
Clause 9.16.2 - heritage (heritage): To protect and preserve the identified period buildings within the precinct and encourage their sympathetic alteration or restoratio n,88929a59a953a94ad0f98d41c0d3984b6f3bbdded45d559f5cec4759ea73801f,Source
Clause 9.16.2 - heritage (heritage): To protect the identified Heritage Items within the precinct.,88929a59a953a94ad0f98d41c0d3984b6f3bbdded45d559f5cec4759ea73801f,Source
Clause 9.16.2 - height_limit (development_control): To maintain distinctly single storey streetscapes that exist within the precinct.,88929a59a953a94ad0f98d41c0d3984b6f3bbdded45d559f5cec4759ea73801f,Source
"Clause 9.16.2 - heritage (heritage): To protect groups or runs of buildings which retain their original form including roof forms, original detail ing and finishes.",88929a59a953a94ad0f98d41c0d3984b6f3bbdded45d559f5cec4759ea73801f,Source
"Clause 9.16.2 - heritage (heritage): To protect significant streetscape s and/or public domain elements within the precinct including landscaping, fencing, open space, sandstone kerbing and guttering, views and vistas and prevailing subdivision patterns.",88929a59a953a94ad0f98d41c0d3984b6f3bbdded45d559f5cec4759ea73801f,Source
Clause 9.16.2 - zoning (land_use_zoning): To preserve the predo minantly low density residen tial character of the precinct.,88929a59a953a94ad0f98d41c0d3984b6f3bbdded45d559f5cec4759ea73801f,Source
Abergeldie Estate,88929a59a953a94ad0f98d41c0d3984b6f3bbdded45d559f5cec4759ea73801f,Source
"Off street parking is typically a side driveway except where lots are too small and on-street parking prevails (for example, parts of Union, Arlington and Abergeldie Streets).",88929a59a953a94ad0f98d41c0d3984b6f3bbdded45d559f5cec4759ea73801f,Source
pockets of low density residential dwellings,8313cbe3b239ae12c392788beda9a3413e9b7dfbcd4782c005f9552ff1335505,Source
permeability to the surrounding built environment,8313cbe3b239ae12c392788beda9a3413e9b7dfbcd4782c005f9552ff1335505,Source
To ensure that new development considers all potential i mpacts to biodiversity.,8313cbe3b239ae12c392788beda9a3413e9b7dfbcd4782c005f9552ff1335505,Source
To ensure that the provision and locati on of off-street car parking does not adversely impact the amenity of the precinct.,8313cbe3b239ae12c392788beda9a3413e9b7dfbcd4782c005f9552ff1335505,Source
South Dulwich Hill,2794060186f6d189932005f94f4c912e2689cbfd385b6f37922e0d548ddb6fa8,Source
low to medium density resident character,0fb97910321c8505d6d300b3c8a080af644ed54e91842508d7b87f44a42758bc,Source
To preserve the predominantly low to medium density resident ial character of the precinct,0fb97910321c8505d6d300b3c8a080af644ed54e91842508d7b87f44a42758bc,Source
To protect the identified values of the Inter -War Group Heritage Conservation Area,0fb97910321c8505d6d300b3c8a080af644ed54e91842508d7b87f44a42758bc,Source
To ensure that the provision and location of off -street car parking does not adversely impact the amenity of the precinct,0fb97910321c8505d6d300b3c8a080af644ed54e91842508d7b87f44a42758bc,Source
Refer to Part 8 (Heritage) of this DCP for detailed c ontrols and guidelines,0fb97910321c8505d6d300b3c8a080af644ed54e91842508d7b87f44a42758bc,Source
To preserve the predominantly low to medium density resident ial character of the precinct.,0fb97910321c8505d6d300b3c8a080af644ed54e91842508d7b87f44a42758bc,Source
low to medium density residents,0fb97910321c8505d6d300b3c8a080af644ed54e91842508d7b87f44a42758bc,Source
To ensure that the provision and location of off -street car parking does not adversely impact the amenity of the precinct.,0fb97910321c8505d6d300b3c8a080af644ed54e91842508d7b87f44a42758bc,Source
To protect the identified values of the Inter -War Group Heritage Conservation Area.,0fb97910321c8505d6d300b3c8a080af644ed54e91842508d7b87f44a42758bc,Source
Refer to Part 8 (Heritage) of this DCP for detailed c ontrols and guidelines.,0fb97910321c8505d6d300b3c8a080af644ed54e91842508d7b87f44a42758bc,Source
Railway Street (Pet ersham) Heritage Conservation Area,38965742506871d0d77bfcb3251c22fe79444605dfe4cecbc2d97227671ee74c,Source
"The precinct contains three Heritage Conservation Areas being the Petersham North Heritage Conservation Area, Railway Street (Pet ersham) Heritage Conservation Area and the Hordern Avenue Heritage Conservation Area.",38965742506871d0d77bfcb3251c22fe79444605dfe4cecbc2d97227671ee74c,Source
Area s within the precinct have been identified as having high biodiversity .,38965742506871d0d77bfcb3251c22fe79444605dfe4cecbc2d97227671ee74c,Source
"It is essen tial that development within tho se areas consider s the potential impacts to biodiversity including native fauna (including T hreatened S pecies and Endangered P opulations), native vegetation (including Endangered Ecological C ommunities), and habitat elements (including their condition , structure, function, connectivity and disturbance).",38965742506871d0d77bfcb3251c22fe79444605dfe4cecbc2d97227671ee74c,Source
To maintain distinctly single storey streetsca pes that exist within the precinct.,38965742506871d0d77bfcb3251c22fe79444605dfe4cecbc2d97227671ee74c,Source
T hreatened S pecies,38965742506871d0d77bfcb3251c22fe79444605dfe4cecbc2d97227671ee74c,Source
Endangered P opulations,38965742506871d0d77bfcb3251c22fe79444605dfe4cecbc2d97227671ee74c,Source
Endangered Ecological C ommunities,38965742506871d0d77bfcb3251c22fe79444605dfe4cecbc2d97227671ee74c,Source
single storey streetsca pes,38965742506871d0d77bfcb3251c22fe79444605dfe4cecbc2d97227671ee74c,Source
o riginal detailing and finishes,38965742506871d0d77bfcb3251c22fe79444605dfe4cecbc2d97227671ee74c,Source
significant streetscape s,38965742506871d0d77bfcb3251c22fe79444605dfe4cecbc2d97227671ee74c,Source
To protect the identified Heritage Items within the prec inct,b391044210e75c8e65c9a62d20d57c0dd70983a149f76c57d4b7500547f320cd,Source
"To protect significant streetscape s and/or public domain elements within the precinct including landscaping, fencing, open space, sandstone kerbing and guttering, views and vistas and prevailing subdivision patterns",b391044210e75c8e65c9a62d20d57c0dd70983a149f76c57d4b7500547f320cd,Source
To preserve the predominantly low density residential character of the pre cinct,b391044210e75c8e65c9a62d20d57c0dd70983a149f76c57d4b7500547f320cd,Source
To protect the identified Heritage Items within the prec inct.,b391044210e75c8e65c9a62d20d57c0dd70983a149f76c57d4b7500547f320cd,Source
To preserve the predominantly low density residential character of the pre cinct.,b391044210e75c8e65c9a62d20d57c0dd70983a149f76c57d4b7500547f320cd,Source
Jocelyn Avenue,dade8a89e78364738101f0d107ae05b3963eb130e0c0957a379b543fa99a33c8,Source
vehicular access,dade8a89e78364738101f0d107ae05b3963eb130e0c0957a379b543fa99a33c8,Source
"The precinct contains three Heritage Conservation Areas being the David Street Heritage Conservation Area, the Inter War Group Heritage Conservation Area",dade8a89e78364738101f0d107ae05b3963eb130e0c0957a379b543fa99a33c8,Source
Off street parking is generally provided on both sides of streets within the precinct.,dade8a89e78364738101f0d107ae05b3963eb130e0c0957a379b543fa99a33c8,Source
"Most streets are able to accommodate off street parking without restricting vehicular access, with the exception of Jocelyn Avenue.",dade8a89e78364738101f0d107ae05b3963eb130e0c0957a379b543fa99a33c8,Source
To protect the identified Heritag e Items within the prec inct,dade8a89e78364738101f0d107ae05b3963eb130e0c0957a379b543fa99a33c8,Source
To preserve the predominantly low density residen tial character of the pre cinct,dade8a89e78364738101f0d107ae05b3963eb130e0c0957a379b543fa99a33c8,Source
Off street parking is generally provided on both sides of streets within the precinct,dade8a89e78364738101f0d107ae05b3963eb130e0c0957a379b543fa99a33c8,Source
Most streets are able to accommodate off street parking without restricting vehicular access,dade8a89e78364738101f0d107ae05b3963eb130e0c0957a379b543fa99a33c8,Source
Jocelyn Avenue is an exception for off street parking,dade8a89e78364738101f0d107ae05b3963eb130e0c0957a379b543fa99a33c8,Source
values of the Civic Precinct H eritage C onservation A rea,a0d16de5b0c258481738776f04fc93ca087ba15fc8472548c677d82af2aec285,Source
clause 9.23.2 - heritage (heritage),a0d16de5b0c258481738776f04fc93ca087ba15fc8472548c677d82af2aec285,Source
allotment amalgamations,a0d16de5b0c258481738776f04fc93ca087ba15fc8472548c677d82af2aec285,Source
masterplan structure,a0d16de5b0c258481738776f04fc93ca087ba15fc8472548c677d82af2aec285,Source
medium density and residential flat building development,a0d16de5b0c258481738776f04fc93ca087ba15fc8472548c677d82af2aec285,Source
Ann Street and Arthur Street area,a0d16de5b0c258481738776f04fc93ca087ba15fc8472548c677d82af2aec285,Source
high density redevelopment,a0d16de5b0c258481738776f04fc93ca087ba15fc8472548c677d82af2aec285,Source
land bounded by Arthur Street and the rail corridor,a0d16de5b0c258481738776f04fc93ca087ba15fc8472548c677d82af2aec285,Source
new residential flat building development,a0d16de5b0c258481738776f04fc93ca087ba15fc8472548c677d82af2aec285,Source
existing developmen t at the western end of the precinct,a0d16de5b0c258481738776f04fc93ca087ba15fc8472548c677d82af2aec285,Source
"To ensure orderly development on masterplan sites in accordance with the principles of the masterplan vision, including allotment amalgamations, where required, that are not detrimental to achieving the overall masterplan structure and achieve an efficient and high quality built outcome.",a0d16de5b0c258481738776f04fc93ca087ba15fc8472548c677d82af2aec285,Source
To encourage complementary medium density and residential flat building development in the Ann Street and Arthur Street area.,a0d16de5b0c258481738776f04fc93ca087ba15fc8472548c677d82af2aec285,Source
To promote high density redevelopment on the land bounded by Arthur Street and the rail corridor.,a0d16de5b0c258481738776f04fc93ca087ba15fc8472548c677d82af2aec285,Source
"To accommodate new residential flat building development to reflect the existing development at the western end of the precinct bounded by Livingstone Road, Arthur Street and the rail corridor.",a0d16de5b0c258481738776f04fc93ca087ba15fc8472548c677d82af2aec285,Source
masterplan vision,a0d16de5b0c258481738776f04fc93ca087ba15fc8472548c677d82af2aec285,Source
Ann Street,a0d16de5b0c258481738776f04fc93ca087ba15fc8472548c677d82af2aec285,Source
Arthur Street,a0d16de5b0c258481738776f04fc93ca087ba15fc8472548c677d82af2aec285,Source
medium density,a0d16de5b0c258481738776f04fc93ca087ba15fc8472548c677d82af2aec285,Source
high density development,a0d16de5b0c258481738776f04fc93ca087ba15fc8472548c677d82af2aec285,Source
"To accommodate new residential flat building development to reflect the existing developments at the western end of the precinct bounded by Livingstone Road, Arthur Street and the rail corridor.",a0d16de5b0c258481738776f04fc93ca087ba15fc8472548c677d82af2aec285,Source
new residential flat buildings,a0d16de5b0c258481738776f04fc93ca087ba15fc8472548c677d82af2aec285,Source
existing developments,a0d16de5b0c258481738776f04fc93ca087ba15fc8472548c677d82af2aec285,Source
Livingstone Road,a0d16de5b0c258481738776f04fc93ca087ba15fc8472548c677d82af2aec285,Source
rail corridor,a0d16de5b0c258481738776f04fc93ca087ba15fc8472548c677d82af2aec285,Source
Goodsell Estate Heritag e Conservation Area,810eb6eb9e8f96c97f1bd660709adb89dd71a256d0a4bf9f4b6499c6440cf01e,Source
Existing character buildings (groups or rows),810eb6eb9e8f96c97f1bd660709adb89dd71a256d0a4bf9f4b6499c6440cf01e,Source
New buildings,810eb6eb9e8f96c97f1bd660709adb89dd71a256d0a4bf9f4b6499c6440cf01e,Source
existing character buildings (groups or rows),810eb6eb9e8f96c97f1bd660709adb89dd71a256d0a4bf9f4b6499c6440cf01e,Source
Building envelopes,810eb6eb9e8f96c97f1bd660709adb89dd71a256d0a4bf9f4b6499c6440cf01e,Source
existin g buildings,810eb6eb9e8f96c97f1bd660709adb89dd71a256d0a4bf9f4b6499c6440cf01e,Source
Building heights across the precinct range from single storey residential and industrial buildings to three to four storey commercial/industrial buildings and a recent six storey residential flat building on the southern corner of May Street and the Princes Highway.,810eb6eb9e8f96c97f1bd660709adb89dd71a256d0a4bf9f4b6499c6440cf01e,Source
"To provide buildin g heights to fit the context with restricted heights on narrower streets and laneways and taller buildings along the Princes Highway, May Street and Campbell Street.",810eb6eb9e8f96c97f1bd660709adb89dd71a256d0a4bf9f4b6499c6440cf01e,Source
"To retain existing character buildings (groups or rows) and adapt, recycle and blend new with old.",810eb6eb9e8f96c97f1bd660709adb89dd71a256d0a4bf9f4b6499c6440cf01e,Source
To protect the identified Heritage I tems within the precinct.,810eb6eb9e8f96c97f1bd660709adb89dd71a256d0a4bf9f4b6499c6440cf01e,Source
To develop building envelopes to strongly define existing,810eb6eb9e8f96c97f1bd660709adb89dd71a256d0a4bf9f4b6499c6440cf01e,Source
This precinct contains the Goodsell Estate Heritag e Conservation Area,810eb6eb9e8f96c97f1bd660709adb89dd71a256d0a4bf9f4b6499c6440cf01e,Source
Building heights across the precinct range from single storey residential and industrial buildings to three to four storey commercial/industrial buildings and a recent six storey residential flat building on the southern corner of Ma y Street and the Princes Highway.,810eb6eb9e8f96c97f1bd660709adb89dd71a256d0a4bf9f4b6499c6440cf01e,Source
fifth level and roof set back by a distance of 3 metres,580854462b4368cf5ffab818a57ce6dcbfd2f3774a16cfd836a449b719495fd7,Source
desired scale of the buildings on the street,580854462b4368cf5ffab818a57ce6dcbfd2f3774a16cfd836a449b719495fd7,Source
Princes Highway and Barwon Park Road,580854462b4368cf5ffab818a57ce6dcbfd2f3774a16cfd836a449b719495fd7,Source
northern gateway to the precinct,580854462b4368cf5ffab818a57ce6dcbfd2f3774a16cfd836a449b719495fd7,Source
lower scaled buildings through intermediate scale development,580854462b4368cf5ffab818a57ce6dcbfd2f3774a16cfd836a449b719495fd7,Source
"Five storey buildings fronting the Princes Highway are to have the fifth level and roof (including any open pergolas) set back from the external wall of the floor below by a distance of 3 metres,",580854462b4368cf5ffab818a57ce6dcbfd2f3774a16cfd836a449b719495fd7,Source
While a maximum building height has been set under MLEP 2011 it does not mean it can always be achieved or is desirable.,580854462b4368cf5ffab818a57ce6dcbfd2f3774a16cfd836a449b719495fd7,Source
"Five storey buildings fronting the Princes Highway are to have the fifth level and roof set back from the external wall of the floor below by a distance of 3 metres, measured from the building alignment facing the Princes Highway.",580854462b4368cf5ffab818a57ce6dcbfd2f3774a16cfd836a449b719495fd7,Source
While a maximum building height has been set under MLEP 2011 it does not mean it can always be achieved or is desirable. All development must fit within its context and not impact adversely on adjoining properties.,580854462b4368cf5ffab818a57ce6dcbfd2f3774a16cfd836a449b719495fd7,Source
maximum building height,580854462b4368cf5ffab818a57ce6dcbfd2f3774a16cfd836a449b719495fd7,Source
all development,580854462b4368cf5ffab818a57ce6dcbfd2f3774a16cfd836a449b719495fd7,Source
Residential lots,d3776daf10dc40c611962fd13567beee07d4f62d60f6657ea29d821937daacb1,Source
a small setback or no setback,d3776daf10dc40c611962fd13567beee07d4f62d60f6657ea29d821937daacb1,Source
streeetscapes,d3776daf10dc40c611962fd13567beee07d4f62d60f6657ea29d821937daacb1,Source
single storey existing within the precinct,d3776daf10dc40c611962fd13567beee07d4f62d60f6657ea29d821937daacb1,Source
The entire precinct is reserved SP2 Infrastructure (Classified Road),d3776daf10dc40c611962fd13567beee07d4f62d60f6657ea29d821937daacb1,Source
Residential lots either contain a small setback or no setback from the road,d3776daf10dc40c611962fd13567beee07d4f62d60f6657ea29d821937daacb1,Source
There are no Heritage Conservation Areas contained within the precinct,d3776daf10dc40c611962fd13567beee07d4f62d60f6657ea29d821937daacb1,Source
To maintain single storey streetscapes that existing within the precinct,d3776daf10dc40c611962fd13567beee07d4f62d60f6657ea29d821937daacb1,Source
Cyclists,d3776daf10dc40c611962fd13567beee07d4f62d60f6657ea29d821937daacb1,Source
Public domain,d3776daf10dc40c611962fd13567beee07d4f62d60f6657ea29d821937daacb1,Source
Sandstone kerbing,d3776daf10dc40c611962fd13567beee07d4f62d60f6657ea29d821937daacb1,Source
Guttering,d3776daf10dc40c611962fd13567beee07d4f62d60f6657ea29d821937daacb1,Source
Vistas,d3776daf10dc40c611962fd13567beee07d4f62d60f6657ea29d821937daacb1,Source
Subdivision patterns,d3776daf10dc40c611962fd13567beee07d4f62d60f6657ea29d821937daacb1,Source
There are no Heritage Conserva tion Areas contained within the precinct.,d3776daf10dc40c611962fd13567beee07d4f62d60f6657ea29d821937daacb1,Source
sympathetic alteration,9f9cba9b39ca168dc027e4334931b43fa6421ce45642489c2a8af8e8485ada8e,Source
streetscape and/or public domain elements,9f9cba9b39ca168dc027e4334931b43fa6421ce45642489c2a8af8e8485ada8e,Source
views and vistas to open space areas,9f9cba9b39ca168dc027e4334931b43fa6421ce45642489c2a8af8e8485ada8e,Source
new development in the foreshore area,9f9cba9b39ca168dc027e4334931b43fa6421ce45642489c2a8af8e8485ada8e,Source
"To protect groups or runs of building which retain their original built form including roof forms, original detailing and finishes",9f9cba9b39ca168dc027e4334931b43fa6421ce45642489c2a8af8e8485ada8e,Source
To preserve the predominan tly low and m edium density residential character of the precinct,9f9cba9b39ca168dc027e4334931b43fa6421ce45642489c2a8af8e8485ada8e,Source
To prot ect significa nt streetscape s and/or public domain elements within the precinct,9f9cba9b39ca168dc027e4334931b43fa6421ce45642489c2a8af8e8485ada8e,Source
To retain existing views and vistas to open space areas adjace nt to the Cooks River,9f9cba9b39ca168dc027e4334931b43fa6421ce45642489c2a8af8e8485ada8e,Source
Retain existing views and vistas to open space areas adjace nt to the Cooks River,9f9cba9b39ca168dc027e4334931b43fa6421ce45642489c2a8af8e8485ada8e,Source
To maintai n public access to tho se areas,9f9cba9b39ca168dc027e4334931b43fa6421ce45642489c2a8af8e8485ada8e,Source
To ensure that new development in the foreshore area will not impact on natural foreshore processes or affect the significance and amenity of the area,9f9cba9b39ca168dc027e4334931b43fa6421ce45642489c2a8af8e8485ada8e,Source
To retain existing views and vistas to open space areas adjacent to the Cooks River and maintain public access to those areas.,9f9cba9b39ca168dc027e4334931b43fa6421ce45642489c2a8af8e8485ada8e,Source
medium density residential areas,9f9cba9b39ca168dc027e4334931b43fa6421ce45642489c2a8af8e8485ada8e,Source
habit elements,67f142f902cf161dc2a767434a2e6b4776519fbb7510ce8fe9ee6fdc7d249397,Source
"their condition, structure, function, connectivity and disturbance",67f142f902cf161dc2a767434a2e6b4776519fbb7510ce8fe9ee6fdc7d249397,Source
buildings which retain their original built form,67f142f902cf161dc2a767434a2e6b4776519fbb7510ce8fe9ee6fdc7d249397,Source
medium to high density residential,67f142f902cf161dc2a767434a2e6b4776519fbb7510ce8fe9ee6fdc7d249397,Source
"Generally, off street parking is also available within the precinct.",67f142f902cf161dc2a767434a2e6b4776519fbb7510ce8fe9ee6fdc7d249397,Source
The desired future character of the area is: To protect and preserve the identified period buildings within the precinct and encourage their sympathetic alteration or restoration.,67f142f902cf161dc2a767434a2e6b4776519fbb7510ce8fe9ee6fdc7d249397,Source
To preserve the predominantly medium to high density residential character of the precinct.,67f142f902cf161dc2a767434a2e6b4776519fbb7510ce8fe9ee6fdc7d249397,Source
Areas,67f142f902cf161dc2a767434a2e6b4776519fbb7510ce8fe9ee6fdc7d249397,Source
"Generally, off-street parking is also available within the precinct.",67f142f902cf161dc2a767434a2e6b4776519fbb7510ce8fe9ee6fdc7d249397,Source
To maintain distinctly single-storey streetscapes that exist within the precinct.,67f142f902cf161dc2a767434a2e6b4776519fbb7510ce8fe9ee6fdc7d249397,Source
single-storey streetscapes,67f142f902cf161dc2a767434a2e6b4776519fbb7510ce8fe9ee6fdc7d249397,Source
To preserve the predominantly medium to high-density residential character of the precinct.,67f142f902cf161dc2a767434a2e6b4776519fbb7510ce8fe9ee6fdc7d249397,Source
medium to high-density residential character,67f142f902cf161dc2a767434a2e6b4776519fbb7510ce8fe9ee6fdc7d249397,Source
Annanda le Farm Heritage Conservation Area,b84ce599cd48fb737ce36b89f0eeed57f20029a4daec603ed4825b36b5270262,Source
Kingston W est Heritage Conservation Area,b84ce599cd48fb737ce36b89f0eeed57f20029a4daec603ed4825b36b5270262,Source
Cardigan Str eet Heritage Conservation Area,b84ce599cd48fb737ce36b89f0eeed57f20029a4daec603ed4825b36b5270262,Source
streescape and public domain elements,b84ce599cd48fb737ce36b89f0eeed57f20029a4daec603ed4825b36b5270262,Source
The precinct contains three Heritage Conservation Areas.,b84ce599cd48fb737ce36b89f0eeed57f20029a4daec603ed4825b36b5270262,Source
"To protect significant streetscapes and/or public domain elements with in the precinct including landscaping, fencing, open space, sandstone kerbing and guttering, views and vistas and prevailing subdivision patterns.",b84ce599cd48fb737ce36b89f0eeed57f20029a4daec603ed4825b36b5270262,Source
"The precinct contains three Heritage Conservation Areas , being HCA 6 Annanda le Farm Heritage Conservation Area, HCA 7 Kingston West Heritage Conservation Area and HCA 8 Cardigan Street Heritage Conservation Area.",b84ce599cd48fb737ce36b89f0eeed57f20029a4daec603ed4825b36b5270262,Source
HCA 7 Kingston West Heritage Conservation Area,b84ce599cd48fb737ce36b89f0eeed57f20029a4daec603ed4825b36b5270262,Source
"To protect significant streetscape s and/or public domain elements with in the precinct including landscaping, fencing, open space, sandstone kerbing and guttering, views and vistas and prevailing subdivision patterns.",b84ce599cd48fb737ce36b89f0eeed57f20029a4daec603ed4825b36b5270262,Source
off -street car parking,b84ce599cd48fb737ce36b89f0eeed57f20029a4daec603ed4825b36b5270262,Source
historical use,3e77f65a36d20c83f8adc4f57ba57a5d9aaf8dfd46e195be09c5afdaaf3e675b,Source
unsympathetic alterations,3e77f65a36d20c83f8adc4f57ba57a5d9aaf8dfd46e195be09c5afdaaf3e675b,Source
"Thornley Street has been identified as a scenic protection area for its unique environmental features and landscape, cultural and scenic qualities including lookouts, rocky outcrops, cliff faces, remnant bushlands, steep slopes, natural watercourses and escarpments (as outlined in MDCP 2011 Section 2.14 Unique Environmental Features).",3e77f65a36d20c83f8adc4f57ba57a5d9aaf8dfd46e195be09c5afdaaf3e675b,Source
Development within this area is to be managed to ensure that it does not adversely impact on any of its unique environmental features.,3e77f65a36d20c83f8adc4f57ba57a5d9aaf8dfd46e195be09c5afdaaf3e675b,Source
substantial rock faced stone walling,3e77f65a36d20c83f8adc4f57ba57a5d9aaf8dfd46e195be09c5afdaaf3e675b,Source
Many of the building modifications which have occurred to date are unsympathetic with their heritage values. Reversal of unsympathetic alterations and modifications is encouraged.,3e77f65a36d20c83f8adc4f57ba57a5d9aaf8dfd46e195be09c5afdaaf3e675b,Source
"Areas within parts of the precinct have been identified as having high biodiversity values within the LGA . It is essential that development within those areas considers the potential impacts to biodiversity including native fauna (including Threatened Species and Endangered Populations), native vegetation (including Endangered Ecological Communities), and habitat elements (including their condition, structure, function, connectivity and disturbance).",3e77f65a36d20c83f8adc4f57ba57a5d9aaf8dfd46e195be09c5afdaaf3e675b,Source
"Thornley Street has been identified as a scenic protection area for its unique environmental features and landscape, cultural and scenic qualities including lookouts, rocky outcrops, cliff faces, remnant bushlands, steep slopes, natural watercourses and escarpments (as outlined in MDCP 2011 Section 2.14 Unique Environmental Features) . Development within this area is to be managed to ensure that it does not adversely impact on any of its unique environmental features.",3e77f65a36d20c83f8adc4f57ba57a5d9aaf8dfd46e195be09c5afdaaf3e675b,Source
lookouts,3e77f65a36d20c83f8adc4f57ba57a5d9aaf8dfd46e195be09c5afdaaf3e675b,Source
cliff faces,3e77f65a36d20c83f8adc4f57ba57a5d9aaf8dfd46e195be09c5afdaaf3e675b,Source
remnant bushlands,3e77f65a36d20c83f8adc4f57ba57a5d9aaf8dfd46e195be09c5afdaaf3e675b,Source
steep slopes,3e77f65a36d20c83f8adc4f57ba57a5d9aaf8dfd46e195be09c5afdaaf3e675b,Source
natural watercourses,3e77f65a36d20c83f8adc4f57ba57a5d9aaf8dfd46e195be09c5afdaaf3e675b,Source
escarpments,3e77f65a36d20c83f8adc4f57ba57a5d9aaf8dfd46e195be09c5afdaaf3e675b,Source
Collins Street Heritage Conservation Area,0e2b6c3a9cc279c7200bb40f6aabfe3761a78f763e6b946d211d8cddcbf647a2,Source
To protect the identified values of the Collins Street Heritage Conservation Area.,0e2b6c3a9cc279c7200bb40f6aabfe3761a78f763e6b946d211d8cddcbf647a2,Source
their original form,e2add5e7eceae02043b045cd88a012cbb5a682a35538b2c5060861cc06a19157,Source
Wells Ave nue Heritage Conservation Area,e2add5e7eceae02043b045cd88a012cbb5a682a35538b2c5060861cc06a19157,Source
"To protect groups or runs of buildings which retain their original form including roof forms, original detailing and finishes",e2add5e7eceae02043b045cd88a012cbb5a682a35538b2c5060861cc06a19157,Source
To protect the identified values of the Wells Avenue Heritage Conservation Area and the Stanley Street Heritage Conservation Area,e2add5e7eceae02043b045cd88a012cbb5a682a35538b2c5060861cc06a19157,Source
To protect the identified period buildings within the precinct,e2add5e7eceae02043b045cd88a012cbb5a682a35538b2c5060861cc06a19157,Source
To protect the identified values of the Wells Avenue Heritage Conservation Area and the Stanley Street Heritage Conservation Area.,e2add5e7eceae02043b045cd88a012cbb5a682a35538b2c5060861cc06a19157,Source
Clause 9.33.2 - heritage,aa6c7091ca76f4193093aa6394c6ef210fb9cccd851d1710c7ed9a60f800a6de,Source
Clause 9.33.2 - parking (development_control),aa6c7091ca76f4193093aa6394c6ef210fb9cccd851d1710c7ed9a60f800a6de,Source
off-street car parking provision and location,aa6c7091ca76f4193093aa6394c6ef210fb9cccd851d1710c7ed9a60f800a6de,Source
Clause 9.33.2 - land_use_zoning,aa6c7091ca76f4193093aa6394c6ef210fb9cccd851d1710c7ed9a60f800a6de,Source
existing industrial lands,aa6c7091ca76f4193093aa6394c6ef210fb9cccd851d1710c7ed9a60f800a6de,Source
Sydney Airport and Port Botany,aa6c7091ca76f4193093aa6394c6ef210fb9cccd851d1710c7ed9a60f800a6de,Source
Clause 9.33.2 - other (development_control),aa6c7091ca76f4193093aa6394c6ef210fb9cccd851d1710c7ed9a60f800a6de,Source
new development operation,aa6c7091ca76f4193093aa6394c6ef210fb9cccd851d1710c7ed9a60f800a6de,Source
To protect significant streetscape and/or public domain elements within the precinct.,aa6c7091ca76f4193093aa6394c6ef210fb9cccd851d1710c7ed9a60f800a6de,Source
To protect existing industrial lands required to service Sydney Airport and Port Botany.,aa6c7091ca76f4193093aa6394c6ef210fb9cccd851d1710c7ed9a60f800a6de,Source
To protect significant streetscape and/or public domain elements within the precinct,aa6c7091ca76f4193093aa6394c6ef210fb9cccd851d1710c7ed9a60f800a6de,Source
To protect existing industrial lands required to service Sydney Airport and Port Botany,aa6c7091ca76f4193093aa6394c6ef210fb9cccd851d1710c7ed9a60f800a6de,Source
Sydney Airport,aa6c7091ca76f4193093aa6394c6ef210fb9cccd851d1710c7ed9a60f800a6de,Source
Port Botany,aa6c7091ca76f4193093aa6394c6ef210fb9cccd851d1710c7ed9a60f800a6de,Source
To ensure that any new development does not negatively impact on the operation of the Princes Highway,aa6c7091ca76f4193093aa6394c6ef210fb9cccd851d1710c7ed9a60f800a6de,Source
groups of buildings,061653c57bb07947d17fa6dd0d4a957f6da38d933ced2599b5ef8038607f440e,Source
significant streetscape and public domain elements,061653c57bb07947d17fa6dd0d4a957f6da38d933ced2599b5ef8038607f440e,Source
"It is essential that development with the precinct considers the potential impacts to biodiversity including native fauna (including Threatened Species and Endangered Populations), native vegetation (including Endangered Ecological Communities), and habitat elements (including their condition, structure, function, connectivity and disturbance)",061653c57bb07947d17fa6dd0d4a957f6da38d933ced2599b5ef8038607f440e,Source
"To protect grou ps or runs of buildings which retain t heir original form including roof forms, original detailing and finishes",061653c57bb07947d17fa6dd0d4a957f6da38d933ced2599b5ef8038607f440e,Source
"To protect significant streetscape s and/or public domain elements within the precinct including landscaping, fencing, open space, sandstone kerb ing and guttering, views and vistas an d prevailing subdivision patterns",061653c57bb07947d17fa6dd0d4a957f6da38d933ced2599b5ef8038607f440e,Source
development with the precinct considers the potential impacts to biodiversity,061653c57bb07947d17fa6dd0d4a957f6da38d933ced2599b5ef8038607f440e,Source
protect and preserve the identified period buildings within the precinct,061653c57bb07947d17fa6dd0d4a957f6da38d933ced2599b5ef8038607f440e,Source
protect the identified Heritage Items within the precinct,061653c57bb07947d17fa6dd0d4a957f6da38d933ced2599b5ef8038607f440e,Source
maintain distinctly single storey streetscapes that exist within the precinct,061653c57bb07947d17fa6dd0d4a957f6da38d933ced2599b5ef8038607f440e,Source
protect groups or runs of buildings which retain their original form,061653c57bb07947d17fa6dd0d4a957f6da38d933ced2599b5ef8038607f440e,Source
protect significant streetscape and/or public domain elements within the precinct,061653c57bb07947d17fa6dd0d4a957f6da38d933ced2599b5ef8038607f440e,Source
"support pedestrian and cyclist access, activity and amenity including maintaining and enhancing the public domain quality",061653c57bb07947d17fa6dd0d4a957f6da38d933ced2599b5ef8038607f440e,Source
pedestrian,061653c57bb07947d17fa6dd0d4a957f6da38d933ced2599b5ef8038607f440e,Source
cyclist,061653c57bb07947d17fa6dd0d4a957f6da38d933ced2599b5ef8038607f440e,Source
preserve the predominantly low density residential character of the precinct,061653c57bb07947d17fa6dd0d4a957f6da38d933ced2599b5ef8038607f440e,Source
density residential character,061653c57bb07947d17fa6dd0d4a957f6da38d933ced2599b5ef8038607f440e,Source
Parramatta Road Commercial Precinct Heritage Conservation Area (HCA 5),1e276e316525befef95fd786d63bb1b0f85e93564ca8c90a1e262b3ce378b682,Source
Clause 9.32.3.1,1e276e316525befef95fd786d63bb1b0f85e93564ca8c90a1e262b3ce378b682,Source
Precinct -specific planning controls,1e276e316525befef95fd786d63bb1b0f85e93564ca8c90a1e262b3ce378b682,Source
Site-specific planning controls,1e276e316525befef95fd786d63bb1b0f85e93564ca8c90a1e262b3ce378b682,Source
Building heights are mostly 2 to 3 storeys,1e276e316525befef95fd786d63bb1b0f85e93564ca8c90a1e262b3ce378b682,Source
larger buildings,1e276e316525befef95fd786d63bb1b0f85e93564ca8c90a1e262b3ce378b682,Source
Fort Street High School (William Wilkins Building),1e276e316525befef95fd786d63bb1b0f85e93564ca8c90a1e262b3ce378b682,Source
The Clarence Hotel,1e276e316525befef95fd786d63bb1b0f85e93564ca8c90a1e262b3ce378b682,Source
Eastern corner with Crystal Street,1e276e316525befef95fd786d63bb1b0f85e93564ca8c90a1e262b3ce378b682,Source
Petersham Inn Hotel,1e276e316525befef95fd786d63bb1b0f85e93564ca8c90a1e262b3ce378b682,Source
Western corner with Phillip Street,1e276e316525befef95fd786d63bb1b0f85e93564ca8c90a1e262b3ce378b682,Source
Olympia Milk Bar,1e276e316525befef95fd786d63bb1b0f85e93564ca8c90a1e262b3ce378b682,Source
190 Parramatta Road,1e276e316525befef95fd786d63bb1b0f85e93564ca8c90a1e262b3ce378b682,Source
A five storey Federation building,1e276e316525befef95fd786d63bb1b0f85e93564ca8c90a1e262b3ce378b682,Source
Eastern corner with Cardigan Street,1e276e316525befef95fd786d63bb1b0f85e93564ca8c90a1e262b3ce378b682,Source
Bridge Road School,1e276e316525befef95fd786d63bb1b0f85e93564ca8c90a1e262b3ce378b682,Source
Clause 9.35.3 - heritage (heritage): Heritage Conservation Areas (HCAs),1e276e316525befef95fd786d63bb1b0f85e93564ca8c90a1e262b3ce378b682,Source
Clause 9.32.3.1 - heritage (heritage): Parramatta Road Commercial Precinct Heritage Conservation Area (HCA 5),1e276e316525befef95fd786d63bb1b0f85e93564ca8c90a1e262b3ce378b682,Source
Clause PART 9 - setback (development_control): a nil setback,1e276e316525befef95fd786d63bb1b0f85e93564ca8c90a1e262b3ce378b682,Source
Clause PART 9 - parking (development_control): private parking area,1e276e316525befef95fd786d63bb1b0f85e93564ca8c90a1e262b3ce378b682,Source
"Clause PART 9 - height_limit (development_control): Building heights are mostly 2 to 3 storeys, interspersed with some larger buildings.",1e276e316525befef95fd786d63bb1b0f85e93564ca8c90a1e262b3ce378b682,Source
The shop top housing developments at the eastern end of the precinct are up to 7 store ys high.,1e276e316525befef95fd786d63bb1b0f85e93564ca8c90a1e262b3ce378b682,Source
"Heritage Items within the precinct include part of Fort Street High School (William Wilkins Building),",1e276e316525befef95fd786d63bb1b0f85e93564ca8c90a1e262b3ce378b682,Source
"the Clarence Hotel on the eastern corner with Crystal Street,",1e276e316525befef95fd786d63bb1b0f85e93564ca8c90a1e262b3ce378b682,Source
"Petersham Inn Hotel on the western corner with Phillip Street,",1e276e316525befef95fd786d63bb1b0f85e93564ca8c90a1e262b3ce378b682,Source
"the Olympia Milk Bar at 190 Parramatta Road,",1e276e316525befef95fd786d63bb1b0f85e93564ca8c90a1e262b3ce378b682,Source
a five storey Federation building on the eastern corner with Cardigan Street which has recently being redeveloped and Bridge Road School,1e276e316525befef95fd786d63bb1b0f85e93564ca8c90a1e262b3ce378b682,Source
Heritage Conservation Areas (HCAs) are mentioned in Clause 9.35.3,1e276e316525befef95fd786d63bb1b0f85e93564ca8c90a1e262b3ce378b682,Source
Clause 9.35.3,1e276e316525befef95fd786d63bb1b0f85e93564ca8c90a1e262b3ce378b682,Source
Heritage Conservation Areas (HCAs),1e276e316525befef95fd786d63bb1b0f85e93564ca8c90a1e262b3ce378b682,Source
Parramatta Road Commercial Precinct Heritage Conservation Area (HCA 5) is mentioned in Clause 9.32.3.1,1e276e316525befef95fd786d63bb1b0f85e93564ca8c90a1e262b3ce378b682,Source
Precinct-specific planning controls are discussed in Clause 9.35.4,1e276e316525befef95fd786d63bb1b0f85e93564ca8c90a1e262b3ce378b682,Source
Clause 9.35.4,1e276e316525befef95fd786d63bb1b0f85e93564ca8c90a1e262b3ce378b682,Source
Precinct-specific planning controls,1e276e316525befef95fd786d63bb1b0f85e93564ca8c90a1e262b3ce378b682,Source
Site-specific planning controls are mentioned in Clause 9.35.5,1e276e316525befef95fd786d63bb1b0f85e93564ca8c90a1e262b3ce378b682,Source
Clause 9.35.5,1e276e316525befef95fd786d63bb1b0f85e93564ca8c90a1e262b3ce378b682,Source
A nil setback is required according to Clause PART 9 - setback,1e276e316525befef95fd786d63bb1b0f85e93564ca8c90a1e262b3ce378b682,Source
Clause PART 9 - setback,1e276e316525befef95fd786d63bb1b0f85e93564ca8c90a1e262b3ce378b682,Source
Private parking area is mentioned in Clause PART 9 - parking,1e276e316525befef95fd786d63bb1b0f85e93564ca8c90a1e262b3ce378b682,Source
Clause PART 9 - parking,1e276e316525befef95fd786d63bb1b0f85e93564ca8c90a1e262b3ce378b682,Source
private parking area,1e276e316525befef95fd786d63bb1b0f85e93564ca8c90a1e262b3ce378b682,Source
Building heights are mostly 2 to 3 storeys according to Clause PART 9 - height_limit,1e276e316525befef95fd786d63bb1b0f85e93564ca8c90a1e262b3ce378b682,Source
Clause PART 9 - height_limit,1e276e316525befef95fd786d63bb1b0f85e93564ca8c90a1e262b3ce378b682,Source
2 to 3 storeys,1e276e316525befef95fd786d63bb1b0f85e93564ca8c90a1e262b3ce378b682,Source
Shop top housing developments at the eastern end of the precinct are up to 7 storeys high according to Clause PART 9 - height_limit,1e276e316525befef95fd786d63bb1b0f85e93564ca8c90a1e262b3ce378b682,Source
shop top housing developments,1e276e316525befef95fd786d63bb1b0f85e93564ca8c90a1e262b3ce378b682,Source
eastern end of the precinct,1e276e316525befef95fd786d63bb1b0f85e93564ca8c90a1e262b3ce378b682,Source
up to 7 storeys high,1e276e316525befef95fd786d63bb1b0f85e93564ca8c90a1e262b3ce378b682,Source
Heritage Items within the precinct include part of Fort Street High School (William Wilkins Building) according to Clause PART 9 - heritage,1e276e316525befef95fd786d63bb1b0f85e93564ca8c90a1e262b3ce378b682,Source
Clause PART 9 - heritage,1e276e316525befef95fd786d63bb1b0f85e93564ca8c90a1e262b3ce378b682,Source
Heritage Items within the precinct,1e276e316525befef95fd786d63bb1b0f85e93564ca8c90a1e262b3ce378b682,Source
part of Fort Street High School (William Wilkins Building),1e276e316525befef95fd786d63bb1b0f85e93564ca8c90a1e262b3ce378b682,Source
The Clarence Hotel on the eastern corner with Crystal Street is mentioned in Clause PART 9 - heritage,1e276e316525befef95fd786d63bb1b0f85e93564ca8c90a1e262b3ce378b682,Source
eastern corner with Crystal Street,1e276e316525befef95fd786d63bb1b0f85e93564ca8c90a1e262b3ce378b682,Source
Petersham Inn Hotel on the western corner with Phillip Street is mentioned in Clause PART 9 - heritage,1e276e316525befef95fd786d63bb1b0f85e93564ca8c90a1e262b3ce378b682,Source
western corner with Phillip Street,1e276e316525befef95fd786d63bb1b0f85e93564ca8c90a1e262b3ce378b682,Source
The Olympia Milk Bar at 190 Parramatta Road is mentioned in Clause PART 9 - heritage,1e276e316525befef95fd786d63bb1b0f85e93564ca8c90a1e262b3ce378b682,Source
The Olympia Milk Bar,1e276e316525befef95fd786d63bb1b0f85e93564ca8c90a1e262b3ce378b682,Source
A five storey Federation building on the eastern corner with Cardigan Street has recently been redeveloped according to Clause PART 9 - heritage,1e276e316525befef95fd786d63bb1b0f85e93564ca8c90a1e262b3ce378b682,Source
a five storey Federation building,1e276e316525befef95fd786d63bb1b0f85e93564ca8c90a1e262b3ce378b682,Source
eastern corner with Cardigan Street,1e276e316525befef95fd786d63bb1b0f85e93564ca8c90a1e262b3ce378b682,Source
Bridge Road School is mentioned in Clause PART 9 - heritage,1e276e316525befef95fd786d63bb1b0f85e93564ca8c90a1e262b3ce378b682,Source
"To retain, as a minimum, the front portion of contributory buildings where they are contributory to the heritage conservation area (HCA) and streetscape s.",b0c6786804563f7bf11ef2d42e2a055fbb7646fd7b25e00da8c1b15e96801b6b,Source
To protect the identified heritage values of the Petersham Commercial Precinct Heritage Conservation Area .,b0c6786804563f7bf11ef2d42e2a055fbb7646fd7b25e00da8c1b15e96801b6b,Source
The precinct contains the Petersham Commercial Precinct Heritage Conservation Area HCA 25. Refer to Part 8 (Heritage) of this DCP for detailed controls and guidelines.,b0c6786804563f7bf11ef2d42e2a055fbb7646fd7b25e00da8c1b15e96801b6b,Source
Heritage Conservation Area (HCA),b0c6786804563f7bf11ef2d42e2a055fbb7646fd7b25e00da8c1b15e96801b6b,Source
Heritage Values,b0c6786804563f7bf11ef2d42e2a055fbb7646fd7b25e00da8c1b15e96801b6b,Source
New Development,b0c6786804563f7bf11ef2d42e2a055fbb7646fd7b25e00da8c1b15e96801b6b,Source
Rear Upper Levels,b0c6786804563f7bf11ef2d42e2a055fbb7646fd7b25e00da8c1b15e96801b6b,Source
Contributory Buildings,b0c6786804563f7bf11ef2d42e2a055fbb7646fd7b25e00da8c1b15e96801b6b,Source
Infill Development,b0c6786804563f7bf11ef2d42e2a055fbb7646fd7b25e00da8c1b15e96801b6b,Source
Street Building Front,b0c6786804563f7bf11ef2d42e2a055fbb7646fd7b25e00da8c1b15e96801b6b,Source
Vehicles,b0c6786804563f7bf11ef2d42e2a055fbb7646fd7b25e00da8c1b15e96801b6b,Source
Streetscape Appearance,b0c6786804563f7bf11ef2d42e2a055fbb7646fd7b25e00da8c1b15e96801b6b,Source
Commercial Viability,b0c6786804563f7bf11ef2d42e2a055fbb7646fd7b25e00da8c1b15e96801b6b,Source
Pedestrian Safety,b0c6786804563f7bf11ef2d42e2a055fbb7646fd7b25e00da8c1b15e96801b6b,Source
HCA (Heritage Conservation Area),cf794c319bb3783ddb45f6f4495c670a34f9aa36b701275c172bc1114250c612,Source
H eritage Item s,cf794c319bb3783ddb45f6f4495c670a34f9aa36b701275c172bc1114250c612,Source
To protect the identified Heritage Item s within the precinct.,cf794c319bb3783ddb45f6f4495c670a34f9aa36b701275c172bc1114250c612,Source
To protect the identified values of the King Street and Enmore Road Heritage Conservation Area .,cf794c319bb3783ddb45f6f4495c670a34f9aa36b701275c172bc1114250c612,Source
Identified Heritage Items,cf794c319bb3783ddb45f6f4495c670a34f9aa36b701275c172bc1114250c612,Source
To ensure that buil dings provide strong definition to the street through retention of the existing nil building setbacks.,cf794c319bb3783ddb45f6f4495c670a34f9aa36b701275c172bc1114250c612,Source
"To retain, as a minimum, the front portion of contributory buildings where they are contributory to the heritage conservation area (HCA) and/or streetsca pe.",cf794c319bb3783ddb45f6f4495c670a34f9aa36b701275c172bc1114250c612,Source
"Where required, t o protect, pr eserve and enhance the existing character of the streetscape, where only compatible development is permitted.",cf794c319bb3783ddb45f6f4495c670a34f9aa36b701275c172bc1114250c612,Source
existing predominantly traditional two storey commercial st reetscape,cf794c319bb3783ddb45f6f4495c670a34f9aa36b701275c172bc1114250c612,Source
Traditional two storey commercial streetscape,cf794c319bb3783ddb45f6f4495c670a34f9aa36b701275c172bc1114250c612,Source
New Buildings,cf794c319bb3783ddb45f6f4495c670a34f9aa36b701275c172bc1114250c612,Source
Commercial Fronts,cf794c319bb3783ddb45f6f4495c670a34f9aa36b701275c172bc1114250c612,Source
HCA 28,1042249278f9da9e6b6f2659a3c679911271d0e9c2f6bc8a533c23123f390169,Source
four storeys in appearance,1042249278f9da9e6b6f2659a3c679911271d0e9c2f6bc8a533c23123f390169,Source
efficient parking,1042249278f9da9e6b6f2659a3c679911271d0e9c2f6bc8a533c23123f390169,Source
original parapeted roof forms,1042249278f9da9e6b6f2659a3c679911271d0e9c2f6bc8a533c23123f390169,Source
"The Dulwich Hill Commercial Precinct Heritage Conservation Area is of aesthetic significance as a largely intact retailing precinct which retains original parapeted roof forms, recessed shopfronts and generally intact first floor shop facades.",1042249278f9da9e6b6f2659a3c679911271d0e9c2f6bc8a533c23123f390169,Source
identified heritage values,1042249278f9da9e6b6f2659a3c679911271d0e9c2f6bc8a533c23123f390169,Source
rear upper levels,1042249278f9da9e6b6f2659a3c679911271d0e9c2f6bc8a533c23123f390169,Source
commercial viability and vitality,1042249278f9da9e6b6f2659a3c679911271d0e9c2f6bc8a533c23123f390169,Source
retailing precinct,1042249278f9da9e6b6f2659a3c679911271d0e9c2f6bc8a533c23123f390169,Source
parapeted roof forms,1042249278f9da9e6b6f2659a3c679911271d0e9c2f6bc8a533c23123f390169,Source
shopfronts,1042249278f9da9e6b6f2659a3c679911271d0e9c2f6bc8a533c23123f390169,Source
Clause 9.39.1,f6a65e4aed0cc496000b4749a6f8a01439971ee806a6f21e52ca00362ac450ce,Source
part of the brick factory wall,f6a65e4aed0cc496000b4749a6f8a01439971ee806a6f21e52ca00362ac450ce,Source
The Mill House,f6a65e4aed0cc496000b4749a6f8a01439971ee806a6f21e52ca00362ac450ce,Source
the redevelopment,f6a65e4aed0cc496000b4749a6f8a01439971ee806a6f21e52ca00362ac450ce,Source
the site on the southern side of Smidmore Street,f6a65e4aed0cc496000b4749a6f8a01439971ee806a6f21e52ca00362ac450ce,Source
Smidmore and Murray Street,f6a65e4aed0cc496000b4749a6f8a01439971ee806a6f21e52ca00362ac450ce,Source
rooftop parking,f6a65e4aed0cc496000b4749a6f8a01439971ee806a6f21e52ca00362ac450ce,Source
the operations of the shopping centre,f6a65e4aed0cc496000b4749a6f8a01439971ee806a6f21e52ca00362ac450ce,Source
Part of the brick factory wall was retained and is still visible along Victoria Road.,f6a65e4aed0cc496000b4749a6f8a01439971ee806a6f21e52ca00362ac450ce,Source
"The Mill House, built about 1860 and occupied by the Vicars family, was incorporated in the redevelopment.",f6a65e4aed0cc496000b4749a6f8a01439971ee806a6f21e52ca00362ac450ce,Source
Pedestrian access is also provided from the rooftop car parking areas down into the centre.,f6a65e4aed0cc496000b4749a6f8a01439971ee806a6f21e52ca00362ac450ce,Source
Two vehicle access ramps accessed off Smidmore and Murray Street provide car access to the roof top parking.,f6a65e4aed0cc496000b4749a6f8a01439971ee806a6f21e52ca00362ac450ce,Source
"The site on the southern side of Smidmore Street from the Marrickville Metro shopping centre is a large industrial lot, containing a two storey industrial warehouse development built to the boundary and associated car parking.",f6a65e4aed0cc496000b4749a6f8a01439971ee806a6f21e52ca00362ac450ce,Source
"The block to the east contains a mix of large and smaller lots, predominantly containing two storey industrial buildings and associated car parking.",f6a65e4aed0cc496000b4749a6f8a01439971ee806a6f21e52ca00362ac450ce,Source
"Roads in this precinct tend to be quite narrow, with time restricted parking on both sides of the streets.",f6a65e4aed0cc496000b4749a6f8a01439971ee806a6f21e52ca00362ac450ce,Source
"The operations of the shopping centre have the potential to impact on the amenity of residential areas by way of noise and other emissions, parking and traffic generation.",f6a65e4aed0cc496000b4749a6f8a01439971ee806a6f21e52ca00362ac450ce,Source
The precinct does not contain any Heritage Conservation Areas.,f6a65e4aed0cc496000b4749a6f8a01439971ee806a6f21e52ca00362ac450ce,Source
brick factory,f6a65e4aed0cc496000b4749a6f8a01439971ee806a6f21e52ca00362ac450ce,Source
wall,f6a65e4aed0cc496000b4749a6f8a01439971ee806a6f21e52ca00362ac450ce,Source
Mill House,f6a65e4aed0cc496000b4749a6f8a01439971ee806a6f21e52ca00362ac450ce,Source
Vicars family,f6a65e4aed0cc496000b4749a6f8a01439971ee806a6f21e52ca00362ac450ce,Source
It is one of the oldest buildings in Marrickville and is a local heritage item.,f6a65e4aed0cc496000b4749a6f8a01439971ee806a6f21e52ca00362ac450ce,Source
local heritage item,f6a65e4aed0cc496000b4749a6f8a01439971ee806a6f21e52ca00362ac450ce,Source
rooftop car parking areas,f6a65e4aed0cc496000b4749a6f8a01439971ee806a6f21e52ca00362ac450ce,Source
vehicle access ramps,f6a65e4aed0cc496000b4749a6f8a01439971ee806a6f21e52ca00362ac450ce,Source
Smidmore Street,f6a65e4aed0cc496000b4749a6f8a01439971ee806a6f21e52ca00362ac450ce,Source
Murray Street,f6a65e4aed0cc496000b4749a6f8a01439971ee806a6f21e52ca00362ac450ce,Source
roof top parking,f6a65e4aed0cc496000b4749a6f8a01439971ee806a6f21e52ca00362ac450ce,Source
large industrial lot,f6a65e4aed0cc496000b4749a6f8a01439971ee806a6f21e52ca00362ac450ce,Source
two storey industrial warehouse development,f6a65e4aed0cc496000b4749a6f8a01439971ee806a6f21e52ca00362ac450ce,Source
block,f6a65e4aed0cc496000b4749a6f8a01439971ee806a6f21e52ca00362ac450ce,Source
east,f6a65e4aed0cc496000b4749a6f8a01439971ee806a6f21e52ca00362ac450ce,Source
two storey industrial buildings,f6a65e4aed0cc496000b4749a6f8a01439971ee806a6f21e52ca00362ac450ce,Source
shopping centre,f6a65e4aed0cc496000b4749a6f8a01439971ee806a6f21e52ca00362ac450ce,Source
traffic generation,f6a65e4aed0cc496000b4749a6f8a01439971ee806a6f21e52ca00362ac450ce,Source
roads,f6a65e4aed0cc496000b4749a6f8a01439971ee806a6f21e52ca00362ac450ce,Source
time restricted parking,f6a65e4aed0cc496000b4749a6f8a01439971ee806a6f21e52ca00362ac450ce,Source
HCA 10: Camperdown Park Heritage Conservation Area,8f027de15c74995d5b966a63d7ff30cbe8e505852674759b3749e4d57895d906,Source
HCA 11: North Kingston Estate Heritage Conservation Area,8f027de15c74995d5b966a63d7ff30cbe8e505852674759b3749e4d57895d906,Source
HCA 9: Hopetoun -Roberts -Federation Streets Heritage Conservation Area,8f027de15c74995d5b966a63d7ff30cbe8e505852674759b3749e4d57895d906,Source
Development Control,8f027de15c74995d5b966a63d7ff30cbe8e505852674759b3749e4d57895d906,Source
On-street parking,8f027de15c74995d5b966a63d7ff30cbe8e505852674759b3749e4d57895d906,Source
The document discusses Clause 9.4.3 which deals with heritage.,8f027de15c74995d5b966a63d7ff30cbe8e505852674759b3749e4d57895d906,Source
This section is titled Heritage Conservation Areas (HCAs),8f027de15c74995d5b966a63d7ff30cbe8e505852674759b3749e4d57895d906,Source
Clause 9.4.3 is about heritage conservation areas.,8f027de15c74995d5b966a63d7ff30cbe8e505852674759b3749e4d57895d906,Source
It includes HCA 10: Camperdown Park Heritage Conservation Area (C10),8f027de15c74995d5b966a63d7ff30cbe8e505852674759b3749e4d57895d906,Source
Clause 9.4.4 talks about other development controls such as precinct-specific planning controls,8f027de15c74995d5b966a63d7ff30cbe8e505852674759b3749e4d57895d906,Source
Clause 9.4.1 is about on-street parking and setbacks in the area.,8f027de15c74995d5b966a63d7ff30cbe8e505852674759b3749e4d57895d906,Source
This is followed by Clause 9.4.2 which deals with specific details of this section,8f027de15c74995d5b966a63d7ff30cbe8e505852674759b3749e4d57895d906,Source
Clause 9.4.5 is about site-specific planning controls,8f027de15c74995d5b966a63d7ff30cbe8e505852674759b3749e4d57895d906,Source
On-street parking is generally on both sides of the street,8f027de15c74995d5b966a63d7ff30cbe8e505852674759b3749e4d57895d906,Source
vehicle,8f027de15c74995d5b966a63d7ff30cbe8e505852674759b3749e4d57895d906,Source
The remaining carriageway being narrow single vehicle access,8f027de15c74995d5b966a63d7ff30cbe8e505852674759b3749e4d57895d906,Source
carriageway,8f027de15c74995d5b966a63d7ff30cbe8e505852674759b3749e4d57895d906,Source
Front setbacks are mostly 0-2 metres,8f027de15c74995d5b966a63d7ff30cbe8e505852674759b3749e4d57895d906,Source
metre,8f027de15c74995d5b966a63d7ff30cbe8e505852674759b3749e4d57895d906,Source
new development at rear upper levels,15807e0e17702c6a55b4d362c04540f5cedbd06c73edd8ca0465d155d8e6eaf9,Source
retained portions of contributory buildings or infill development,15807e0e17702c6a55b4d362c04540f5cedbd06c73edd8ca0465d155d8e6eaf9,Source
new buildings facing onto streets,15807e0e17702c6a55b4d362c04540f5cedbd06c73edd8ca0465d155d8e6eaf9,Source
"To retain, as a minimum, the front portion of contributory buildings where they are contr ibutory to the heritage conservation area (HCA) and/or streetscapes.",15807e0e17702c6a55b4d362c04540f5cedbd06c73edd8ca0465d155d8e6eaf9,Source
To protect the identified heritage values of the Civic Precinct Heritage Conservation Area .,15807e0e17702c6a55b4d362c04540f5cedbd06c73edd8ca0465d155d8e6eaf9,Source
To ensure new development at rear upper levels is a maximum of five storeys and is designed to be subservient to retained portions of co ntributory buildings or infill development to the street building front.,15807e0e17702c6a55b4d362c04540f5cedbd06c73edd8ca0465d155d8e6eaf9,Source
"Where required, to ensure there are active commercial fronts to new buildings facing onto streets to create a vibrant and safe streetscape.",15807e0e17702c6a55b4d362c04540f5cedbd06c73edd8ca0465d155d8e6eaf9,Source
Infill development,15807e0e17702c6a55b4d362c04540f5cedbd06c73edd8ca0465d155d8e6eaf9,Source
street definition,fcfe18f84ec4ca12ca4db836d45a2c7506654e1054c8dd99deebed545ef6db07,Source
employment generating landuses,c2b3b7d461a6ed29e9da177b041d9c944bb1d07b53f6b6e0e11c81807deeda9e,Source
existing,c2b3b7d461a6ed29e9da177b041d9c944bb1d07b53f6b6e0e11c81807deeda9e,Source
commercial fronts,c2b3b7d461a6ed29e9da177b041d9c944bb1d07b53f6b6e0e11c81807deeda9e,Source
active streetscape,c2b3b7d461a6ed29e9da177b041d9c944bb1d07b53f6b6e0e11c81807deeda9e,Source
suitable amenity,c2b3b7d461a6ed29e9da177b041d9c944bb1d07b53f6b6e0e11c81807deeda9e,Source
efficient parking and access,c2b3b7d461a6ed29e9da177b041d9c944bb1d07b53f6b6e0e11c81807deeda9e,Source
To create a vibrant and safe streetscape by encouraging active commercial fronts facing streets at ground floor level.,c2b3b7d461a6ed29e9da177b041d9c944bb1d07b53f6b6e0e11c81807deeda9e,Source
To encourage active commercial fronts facing streets at ground floor level to create a vibrant and safe streetscape.,c2b3b7d461a6ed29e9da177b041d9c944bb1d07b53f6b6e0e11c81807deeda9e,Source
To ensure that the design of higher density development demonstrates good urban design and environmental sustainability and provides suitable amenity for occupants of those developments.,c2b3b7d461a6ed29e9da177b041d9c944bb1d07b53f6b6e0e11c81807deeda9e,Source
To ensure that the higher density development protects the residential amenity of adjoining and surrounding properties.,c2b3b7d461a6ed29e9da177b041d9c944bb1d07b53f6b6e0e11c81807deeda9e,Source
heritage protection,3f0faa98e25abc2561c987e852296f45307440120222622d9fa63f4bcb6f99f8,Source
significant industrial buildings,3f0faa98e25abc2561c987e852296f45307440120222622d9fa63f4bcb6f99f8,Source
any redevelopment of the precinct,3f0faa98e25abc2561c987e852296f45307440120222622d9fa63f4bcb6f99f8,Source
"streetscape appearance, commercial viability and vitality",3f0faa98e25abc2561c987e852296f45307440120222622d9fa63f4bcb6f99f8,Source
To ensure that significant industrial building s are retained as p art of any redevelopment of the precinct.,3f0faa98e25abc2561c987e852296f45307440120222622d9fa63f4bcb6f99f8,Source
"To facilitate efficient parking, loading and access for vehicles that minimises impact to streetscape appearance, commercial viability and vitality and pedestrian safe ty and amenity.",3f0faa98e25abc2561c987e852296f45307440120222622d9fa63f4bcb6f99f8,Source
To ensure that significant industrial building(s) are retained as part of any redevelopment of the precinct.,3f0faa98e25abc2561c987e852296f45307440120222622d9fa63f4bcb6f99f8,Source
significant industrial building(s),3f0faa98e25abc2561c987e852296f45307440120222622d9fa63f4bcb6f99f8,Source
Lewisham as a village-type locality,41316df67b07959962499482b56eca3784929b03d87ad1884122ea8a9a02e6e7,Source
mixed use development of high to medium densities and scales,41316df67b07959962499482b56eca3784929b03d87ad1884122ea8a9a02e6e7,Source
"minor service retail, commercial offices and showrooms",41316df67b07959962499482b56eca3784929b03d87ad1884122ea8a9a02e6e7,Source
"It is essential that development within the precinct consider the potential impacts to biodiversity including native fauna (including Threatened Species and Endangered Populations),",41316df67b07959962499482b56eca3784929b03d87ad1884122ea8a9a02e6e7,Source
"As it is redeveloped, the precinct will fit appropriately into the heart of Lewisham as a village-type locality accommodating mixed use development of high to medium densities and scales.",41316df67b07959962499482b56eca3784929b03d87ad1884122ea8a9a02e6e7,Source
"It is essential that development within the precinct considers the potential impacts to biodiversity including native fauna (including Threatened Species and Endangered Populations),",41316df67b07959962499482b56eca3784929b03d87ad1884122ea8a9a02e6e7,Source
"It is essential that development within the precinct considers the potential impacts to biodiversity including native vegetation (including Endangered Ecological Communities),",41316df67b07959962499482b56eca3784929b03d87ad1884122ea8a9a02e6e7,Source
"It is essential that development within the precinct considers the potential impacts to biodiversity including habitat elements (including their condition, structure, function, connectivity and disturbance).",41316df67b07959962499482b56eca3784929b03d87ad1884122ea8a9a02e6e7,Source
"As it is redeveloped, the precinct will fit appropriately into the heart of Lewisham as a village-type locality.",41316df67b07959962499482b56eca3784929b03d87ad1884122ea8a9a02e6e7,Source
Lewisham,41316df67b07959962499482b56eca3784929b03d87ad1884122ea8a9a02e6e7,Source
operations of Sydney Airport,7f3782ec466b05f704d009037da2f81c7e1563c032527a5ca00802eefe4a2723,Source
development in foreshore area,7f3782ec466b05f704d009037da2f81c7e1563c032527a5ca00802eefe4a2723,Source
"parking, loading and access for vehicles",7f3782ec466b05f704d009037da2f81c7e1563c032527a5ca00802eefe4a2723,Source
the entire precinct is subject to Australian Noise Exposure Forecast (ANEF) contours between 25 and 40.,7f3782ec466b05f704d009037da2f81c7e1563c032527a5ca00802eefe4a2723,Source
To ensure new development is compatible with the operations of Sydney Airport.,7f3782ec466b05f704d009037da2f81c7e1563c032527a5ca00802eefe4a2723,Source
A significant portion of this precinct is reserved SP2 Infrastructure (Classified Road),7f3782ec466b05f704d009037da2f81c7e1563c032527a5ca00802eefe4a2723,Source
This precinct,7f3782ec466b05f704d009037da2f81c7e1563c032527a5ca00802eefe4a2723,Source
The entire precinct is subject to Australian Noise Exposure Forecast (ANEF) contours between 25 and 40,7f3782ec466b05f704d009037da2f81c7e1563c032527a5ca00802eefe4a2723,Source
The entire precinct,7f3782ec466b05f704d009037da2f81c7e1563c032527a5ca00802eefe4a2723,Source
Australian Noise Exposure Forecast (ANEF),7f3782ec466b05f704d009037da2f81c7e1563c032527a5ca00802eefe4a2723,Source
"To protect the integrity and ongoing retention of the existing industrial zoned land, particularly those identified as being of state significance",7f3782ec466b05f704d009037da2f81c7e1563c032527a5ca00802eefe4a2723,Source
The existing industrial zoned land,7f3782ec466b05f704d009037da2f81c7e1563c032527a5ca00802eefe4a2723,Source
state significance,7f3782ec466b05f704d009037da2f81c7e1563c032527a5ca00802eefe4a2723,Source
To ensure new development is compatible with the operations of Sydney Airport,7f3782ec466b05f704d009037da2f81c7e1563c032527a5ca00802eefe4a2723,Source
To ensure that development in the foreshore area will not impact on natural foreshore processes or affect the significance and amenity of the area,7f3782ec466b05f704d009037da2f81c7e1563c032527a5ca00802eefe4a2723,Source
the foreshore area,7f3782ec466b05f704d009037da2f81c7e1563c032527a5ca00802eefe4a2723,Source
"To facilitate efficient parking, loading and access for vehicles that minimises impact to streetscape appearance, commercial viability and vitality and pedestrian safety and amenity",7f3782ec466b05f704d009037da2f81c7e1563c032527a5ca00802eefe4a2723,Source
streedape appearance,7f3782ec466b05f704d009037da2f81c7e1563c032527a5ca00802eefe4a2723,Source
framework,be0404c4b99eafed5328c26835d060619e43a488b1dc37a470bea3be34c64089,Source
Precinct 47 – Victoria Road,be0404c4b99eafed5328c26835d060619e43a488b1dc37a470bea3be34c64089,Source
development within the boundary,be0404c4b99eafed5328c26835d060619e43a488b1dc37a470bea3be34c64089,Source
orderly development,be0404c4b99eafed5328c26835d060619e43a488b1dc37a470bea3be34c64089,Source
urban design outcome,be0404c4b99eafed5328c26835d060619e43a488b1dc37a470bea3be34c64089,Source
residents and community,be0404c4b99eafed5328c26835d060619e43a488b1dc37a470bea3be34c64089,Source
access within the precinct,be0404c4b99eafed5328c26835d060619e43a488b1dc37a470bea3be34c64089,Source
high quality urban/public domain,be0404c4b99eafed5328c26835d060619e43a488b1dc37a470bea3be34c64089,Source
This section of the Development Control Plan (DCP) establishes a framework to guide development in Precinct 47 – Victoria Road (the precinct).,be0404c4b99eafed5328c26835d060619e43a488b1dc37a470bea3be34c64089,Source
"This section of the DCP applies to development within the boundary of the precinct as shown in Figure 1: Land application - Precinct 47 – Victoria Road Precinct, Marrickville.",be0404c4b99eafed5328c26835d060619e43a488b1dc37a470bea3be34c64089,Source
The purpose of this section of the DCP is to guide the future development of the precinct by:,be0404c4b99eafed5328c26835d060619e43a488b1dc37a470bea3be34c64089,Source
"Communicating the planning, design and environmental objectives and controls against which the consent authority will assess future development applications",be0404c4b99eafed5328c26835d060619e43a488b1dc37a470bea3be34c64089,Source
"Ensuring the orderly, efficient and environmentally sensitive development of the precinct",be0404c4b99eafed5328c26835d060619e43a488b1dc37a470bea3be34c64089,Source
Promoting a high-quality urban design outcome,be0404c4b99eafed5328c26835d060619e43a488b1dc37a470bea3be34c64089,Source
Ensure key infrastructure is delivered for future residents and the community,be0404c4b99eafed5328c26835d060619e43a488b1dc37a470bea3be34c64089,Source
"Ensure access within the precinct is inclusive by delivering a high quality urban/public domain which is accessible beyond a minimum compliance approach and which caters for equitable, dignified, safe and easy to use access for all",be0404c4b99eafed5328c26835d060619e43a488b1dc37a470bea3be34c64089,Source
This section of the DCP establishes a framework to guide development in Precinct 47 – Victoria Road (the precinct).,be0404c4b99eafed5328c26835d060619e43a488b1dc37a470bea3be34c64089,Source
Precinct 47,be0404c4b99eafed5328c26835d060619e43a488b1dc37a470bea3be34c64089,Source
Figure 1,be0404c4b99eafed5328c26835d060619e43a488b1dc37a470bea3be34c64089,Source
"The purpose of this section of the DCP is to guide the future development of the precinct by: Communicating the planning, design and environmental objectives and controls against which the consent authority will assess future development applications.",be0404c4b99eafed5328c26835d060619e43a488b1dc37a470bea3be34c64089,Source
future development,be0404c4b99eafed5328c26835d060619e43a488b1dc37a470bea3be34c64089,Source
future residents,be0404c4b99eafed5328c26835d060619e43a488b1dc37a470bea3be34c64089,Source
all,be0404c4b99eafed5328c26835d060619e43a488b1dc37a470bea3be34c64089,Source
medium density residential character,d152757af0b54c94d55de3c71990bfd412196b16004d05fe7bb33fa6fbc66bed,Source
To protect the identified values of the Lewisham Estate Heritage Conservation Area,d152757af0b54c94d55de3c71990bfd412196b16004d05fe7bb33fa6fbc66bed,Source
To maintain distinctly single storey streetscapes within the precinct,d152757af0b54c94d55de3c71990bfd412196b16004d05fe7bb33fa6fbc66bed,Source
To preserve the predominantly medium density residential character comprising terrace/row housing on individual allotments within the precinct,d152757af0b54c94d55de3c71990bfd412196b16004d05fe7bb33fa6fbc66bed,Source
"To protect significant streetscape and/or public domain elements within the precinct including landscaping, fencing, open space, sandstone kerbing and guttering, views and vistas and prevailing subdivision patterns",d152757af0b54c94d55de3c71990bfd412196b16004d05fe7bb33fa6fbc66bed,Source
To ensure orderly development on masterplan sites in accordance with the principles of the masterplan vision,d152757af0b54c94d55de3c71990bfd412196b16004d05fe7bb33fa6fbc66bed,Source
"To ensure orderly development on masterplan sites in accordance with the principles of the masterplan vision, including allotment amalgamations",d152757af0b54c94d55de3c71990bfd412196b16004d05fe7bb33fa6fbc66bed,Source
"To protect significant streetscape and/or public domain elements within the precinct including landscaping, fencing, open space, sandstone kerbing and guttering , views and vistas and prevailing subdivision patterns.",d152757af0b54c94d55de3c71990bfd412196b16004d05fe7bb33fa6fbc66bed,Source
To preserve the predominantly medium density residential character comprising terrace/row housing on individual allotments within the precinct.,d152757af0b54c94d55de3c71990bfd412196b16004d05fe7bb33fa6fbc66bed,Source
terrace/row housing,d152757af0b54c94d55de3c71990bfd412196b16004d05fe7bb33fa6fbc66bed,Source
individual allotments,d152757af0b54c94d55de3c71990bfd412196b16004d05fe7bb33fa6fbc66bed,Source
To ensure the provision and location of off -street car p arking does not adversely impact t he amenity of the precinct.,d152757af0b54c94d55de3c71990bfd412196b16004d05fe7bb33fa6fbc66bed,Source
principles of the masterplan vision,d152757af0b54c94d55de3c71990bfd412196b16004d05fe7bb33fa6fbc66bed,Source
overall masterplan structure,d152757af0b54c94d55de3c71990bfd412196b16004d05fe7bb33fa6fbc66bed,Source
the potential impacts to biodiversity,c7965142704bc2048cab1f90da385319d595891df6f19ad8db7bc7b075c47664,Source
The precinct contains the Petersham South (Norwood Estate) and the Morgan Street Heritage Conservation Areas.,c7965142704bc2048cab1f90da385319d595891df6f19ad8db7bc7b075c47664,Source
Areas within the precinct have been identified as having high biodiversity values within the LGA.,c7965142704bc2048cab1f90da385319d595891df6f19ad8db7bc7b075c47664,Source
"It is essential that development within those areas consider the potential impacts to biodiversity including native fauna (including Threatened Species and Endangered Populations), native vegetation (including Endangered Ecological Communities), and habitat elements (including their condition, structure, function, connectivity and disturbance).",c7965142704bc2048cab1f90da385319d595891df6f19ad8db7bc7b075c47664,Source
Petersham South,c7965142704bc2048cab1f90da385319d595891df6f19ad8db7bc7b075c47664,Source
Norwood Estate,c7965142704bc2048cab1f90da385319d595891df6f19ad8db7bc7b075c47664,Source
The planning document is titled Marrickville DCP 2011.,383fdc031f7397b080b45c0d05acb4fd381c82d3090369d425c56eee08e24649,Source
It was adopted by Marrickville Council in 2011.,383fdc031f7397b080b45c0d05acb4fd381c82d3090369d425c56eee08e24649,Source
Previous versions of the document were published in 2007 and 2009.,383fdc031f7397b080b45c0d05acb4fd381c82d3090369d425c56eee08e24649,Source
The council consulted with the community for several months before publishing them.,383fdc031f7397b080b45c0d05acb4fd381c82d3090369d425c56eee08e24649,Source
A draft of the document was also made available online for public review and comment.,383fdc031f7397b080b45c0d05acb4fd381c82d3090369d425c56eee08e24649,Source
You must **strictly output in the following JSON format**,383fdc031f7397b080b45c0d05acb4fd381c82d3090369d425c56eee08e24649,Source
locations,e4379a5b01595bb67f9597f9533ec76575e6705a175af5b94d1ae1dd3f023924,Source
former industrial land,e4379a5b01595bb67f9597f9533ec76575e6705a175af5b94d1ae1dd3f023924,Source
non-retail employment,e4379a5b01595bb67f9597f9533ec76575e6705a175af5b94d1ae1dd3f023924,Source
existing industrial streetscape character,e4379a5b01595bb67f9597f9533ec76575e6705a175af5b94d1ae1dd3f023924,Source
amenity for occupants,e4379a5b01595bb67f9597f9533ec76575e6705a175af5b94d1ae1dd3f023924,Source
To facilitate urban renewal in appropriate locations.,e4379a5b01595bb67f9597f9533ec76575e6705a175af5b94d1ae1dd3f023924,Source
To maintain non-retail employment as part of any mixed use redevelopment of former industrial land and reflect the existing industrial streetscape character in the design.,e4379a5b01595bb67f9597f9533ec76575e6705a175af5b94d1ae1dd3f023924,Source
Identified period buildings,e4379a5b01595bb67f9597f9533ec76575e6705a175af5b94d1ae1dd3f023924,Source
Significant public domain elements,e4379a5b01595bb67f9597f9533ec76575e6705a175af5b94d1ae1dd3f023924,Source
Kerb and guttering,e4379a5b01595bb67f9597f9533ec76575e6705a175af5b94d1ae1dd3f023924,Source
Former industrial land,e4379a5b01595bb67f9597f9533ec76575e6705a175af5b94d1ae1dd3f023924,Source
Industrial streetscape,e4379a5b01595bb67f9597f9533ec76575e6705a175af5b94d1ae1dd3f023924,Source
Higher density development,e4379a5b01595bb67f9597f9533ec76575e6705a175af5b94d1ae1dd3f023924,Source
identifie d period buildings,7fe9c8bd21a962d6a51cc03cd4cbe1adb019ef28ea560ae6038bbcbb43753ca4,Source
existing within the precinct,7fe9c8bd21a962d6a51cc03cd4cbe1adb019ef28ea560ae6038bbcbb43753ca4,Source
residen tial character,7fe9c8bd21a962d6a51cc03cd4cbe1adb019ef28ea560ae6038bbcbb43753ca4,Source
predominantly low density precinct,7fe9c8bd21a962d6a51cc03cd4cbe1adb019ef28ea560ae6038bbcbb43753ca4,Source
provision and location of off -street car parking,7fe9c8bd21a962d6a51cc03cd4cbe1adb019ef28ea560ae6038bbcbb43753ca4,Source
"values of the Petersham South ( Norwood Estate ) Heritage Conservation Area, N orwood Park Es tate Heritage Conservation Area and the Llewellyn Estate Heritage Conservation Area.",7fe9c8bd21a962d6a51cc03cd4cbe1adb019ef28ea560ae6038bbcbb43753ca4,Source
identified heritage items within the precinct,7fe9c8bd21a962d6a51cc03cd4cbe1adb019ef28ea560ae6038bbcbb43753ca4,Source
"To protect the identified values of the Petersham South (Norwood Estate) Heritage Conservation Area, Norwood Park Estate Heritage Conservation Area and the Llewellyn Estate Heritage Conservation Area",7fe9c8bd21a962d6a51cc03cd4cbe1adb019ef28ea560ae6038bbcbb43753ca4,Source
The Marrickville Planning Document was created.,0b7f42e14be118d98beb69749b5593b4970a67b20d78800580c3ed4c97aac4e9,Source
The document contains a precincts map.,0b7f42e14be118d98beb69749b5593b4970a67b20d78800580c3ed4c97aac4e9,Source
The map is included in the Marrickville DCP 2011 document.,0b7f42e14be118d98beb69749b5593b4970a67b20d78800580c3ed4c97aac4e9,Source
The document is used for planning and development purposes.,0b7f42e14be118d98beb69749b5593b4970a67b20d78800580c3ed4c97aac4e9,Source
Planning Document: docs/dcps/INNERWEST/Marrickville/Marrickville DCP 2011 - 9.0 Precincts Map.pdf,0b7f42e14be118d98beb69749b5593b4970a67b20d78800580c3ed4c97aac4e9,Source
a representative example of Inter-War Mediterranean Revival style public utility building,ce298819c2736852008250bad7c52125e8d3c72c76e10b281cfb1312f0f55f9c,Source
"However, the precinct does contain a number of listed heritage items, one of State Significance.",ce298819c2736852008250bad7c52125e8d3c72c76e10b281cfb1312f0f55f9c,Source
"The precinct does contain a number of listed heritage items, one of State Significance.",ce298819c2736852008250bad7c52125e8d3c72c76e10b281cfb1312f0f55f9c,Source
being the Sydenham Pit and Drainage Pumping Station.,ce298819c2736852008250bad7c52125e8d3c72c76e10b281cfb1312f0f55f9c,Source
Numerous buildings have allocated space for off-street parking within their respective site.,ce298819c2736852008250bad7c52125e8d3c72c76e10b281cfb1312f0f55f9c,Source
Originally the precinct was a large tract of swamp land that was seen as an impediment to development in the area.,ce298819c2736852008250bad7c52125e8d3c72c76e10b281cfb1312f0f55f9c,Source
The pumping station is a representative example of Inter-War Mediterranean Revival style public utility building.,ce298819c2736852008250bad7c52125e8d3c72c76e10b281cfb1312f0f55f9c,Source
being the Sydenham Pit and Drainage Pumping Station is a representative example of Inter-War Mediterranean Revival style public utility building.,ce298819c2736852008250bad7c52125e8d3c72c76e10b281cfb1312f0f55f9c,Source
the entire precinct,ce298819c2736852008250bad7c52125e8d3c72c76e10b281cfb1312f0f55f9c,Source
swamp land,ce298819c2736852008250bad7c52125e8d3c72c76e10b281cfb1312f0f55f9c,Source
There was little consideration for its major role in maintaining the local ecology.,ce298819c2736852008250bad7c52125e8d3c72c76e10b281cfb1312f0f55f9c,Source
local ecology,ce298819c2736852008250bad7c52125e8d3c72c76e10b281cfb1312f0f55f9c,Source
existing employment generating land uses,ce298819c2736852008250bad7c52125e8d3c72c76e10b281cfb1312f0f55f9c,Source
67 and 73 – 83 Mary Street,a29195674fdaa0784f577a030adee5c591339dc5e44c7b2ff9264970ec4df98a,Source
Precinct 31,a29195674fdaa0784f577a030adee5c591339dc5e44c7b2ff9264970ec4df98a,Source
Unwins Bridge Road,a29195674fdaa0784f577a030adee5c591339dc5e44c7b2ff9264970ec4df98a,Source
Precinct 48,a29195674fdaa0784f577a030adee5c591339dc5e44c7b2ff9264970ec4df98a,Source
Development Control Plan (DCP),a29195674fdaa0784f577a030adee5c591339dc5e44c7b2ff9264970ec4df98a,Source
Precinct 75,a29195674fdaa0784f577a030adee5c591339dc5e44c7b2ff9264970ec4df98a,Source
43 Roberts Street,a29195674fdaa0784f577a030adee5c591339dc5e44c7b2ff9264970ec4df98a,Source
50-52 Edith Street,a29195674fdaa0784f577a030adee5c591339dc5e44c7b2ff9264970ec4df98a,Source
Figure 1: Map of precinct,a29195674fdaa0784f577a030adee5c591339dc5e44c7b2ff9264970ec4df98a,Source
This section of the DCP applies to development within the boundary of the precinct,a29195674fdaa0784f577a030adee5c591339dc5e44c7b2ff9264970ec4df98a,Source
The DCP establishes a framework to guide development in Precinct 31.,a29195674fdaa0784f577a030adee5c591339dc5e44c7b2ff9264970ec4df98a,Source
This section of the Development Control Plan (DCP) is part of the Marrickville DCP.,a29195674fdaa0784f577a030adee5c591339dc5e44c7b2ff9264970ec4df98a,Source
This section of the DCP applies to development within the boundary of the precinct as shown in Figure 1: Map of precinct.,a29195674fdaa0784f577a030adee5c591339dc5e44c7b2ff9264970ec4df98a,Source
The purpose of this section of the DCP is to guide the future development of the precinct.,a29195674fdaa0784f577a030adee5c591339dc5e44c7b2ff9264970ec4df98a,Source
To minimise impacts to the surrounding low-density residential neighbourhoods.,a29195674fdaa0784f577a030adee5c591339dc5e44c7b2ff9264970ec4df98a,Source
To provide lower scale and density buildings along Edith Street.,a29195674fdaa0784f577a030adee5c591339dc5e44c7b2ff9264970ec4df98a,Source
Development within the precinct is to be undertaken in accordance with the Indicative Site Layout as shown in Figure 1 subject to compliance with relevant controls including the Apartment Design Guide.,a29195674fdaa0784f577a030adee5c591339dc5e44c7b2ff9264970ec4df98a,Source
"Under Marrickville DCP, the 67 and 73 – 83 Mary Street, 43 Roberts Street and 50-52 Edith Street, St Peters is part of the Unwins Bridge Road (Precinct 31).",a29195674fdaa0784f577a030adee5c591339dc5e44c7b2ff9264970ec4df98a,Source
St Peters,a29195674fdaa0784f577a030adee5c591339dc5e44c7b2ff9264970ec4df98a,Source
low-density residential neighbourhoods,a29195674fdaa0784f577a030adee5c591339dc5e44c7b2ff9264970ec4df98a,Source
surrounding low scale areas,a29195674fdaa0784f577a030adee5c591339dc5e44c7b2ff9264970ec4df98a,Source
Indicative Site Layout,a29195674fdaa0784f577a030adee5c591339dc5e44c7b2ff9264970ec4df98a,Source
Apartment Design Guide,a29195674fdaa0784f577a030adee5c591339dc5e44c7b2ff9264970ec4df98a,Source
Urban Design,d202498bf08dd1fca9cb520564ca56e27cc7f52c2fe6f4c0efbf7b0a9d772356,Source
Site Analysis,d202498bf08dd1fca9cb520564ca56e27cc7f52c2fe6f4c0efbf7b0a9d772356,Source
Airport Height Control,d202498bf08dd1fca9cb520564ca56e27cc7f52c2fe6f4c0efbf7b0a9d772356,Source
Height Limit,d202498bf08dd1fca9cb520564ca56e27cc7f52c2fe6f4c0efbf7b0a9d772356,Source
Equity of Access and Mobility,d202498bf08dd1fca9cb520564ca56e27cc7f52c2fe6f4c0efbf7b0a9d772356,Source
Access,d202498bf08dd1fca9cb520564ca56e27cc7f52c2fe6f4c0efbf7b0a9d772356,Source
Acoustic and Visual Privacy,d202498bf08dd1fca9cb520564ca56e27cc7f52c2fe6f4c0efbf7b0a9d772356,Source
Solar Access and Overshadowing,d202498bf08dd1fca9cb520564ca56e27cc7f52c2fe6f4c0efbf7b0a9d772356,Source
Solar Access,d202498bf08dd1fca9cb520564ca56e27cc7f52c2fe6f4c0efbf7b0a9d772356,Source
Social Impact Assessment,d202498bf08dd1fca9cb520564ca56e27cc7f52c2fe6f4c0efbf7b0a9d772356,Source
Clause 2.1 - urban_design (development_control) is described,d202498bf08dd1fca9cb520564ca56e27cc7f52c2fe6f4c0efbf7b0a9d772356,Source
it deals with Urban Design,d202498bf08dd1fca9cb520564ca56e27cc7f52c2fe6f4c0efbf7b0a9d772356,Source
Urban Design is dealt with in Clause 2.1,d202498bf08dd1fca9cb520564ca56e27cc7f52c2fe6f4c0efbf7b0a9d772356,Source
Clause 2.2 - public_domain (development_control) is also described,d202498bf08dd1fca9cb520564ca56e27cc7f52c2fe6f4c0efbf7b0a9d772356,Source
Clause 2.2 - public_domain (development_control) is described,d202498bf08dd1fca9cb520564ca56e27cc7f52c2fe6f4c0efbf7b0a9d772356,Source
it deals with Public Domain,d202498bf08dd1fca9cb520564ca56e27cc7f52c2fe6f4c0efbf7b0a9d772356,Source
Public Domain is dealt with in Clause 2.2,d202498bf08dd1fca9cb520564ca56e27cc7f52c2fe6f4c0efbf7b0a9d772356,Source
Clause 2.3 - site_analysis (development_control) is also described,d202498bf08dd1fca9cb520564ca56e27cc7f52c2fe6f4c0efbf7b0a9d772356,Source
Clause 2.3 - site_analysis (development_control) is described,d202498bf08dd1fca9cb520564ca56e27cc7f52c2fe6f4c0efbf7b0a9d772356,Source
it deals with Site and Context Analysis,d202498bf08dd1fca9cb520564ca56e27cc7f52c2fe6f4c0efbf7b0a9d772356,Source
Site and Context Analysis is dealt with in Clause 2.3,d202498bf08dd1fca9cb520564ca56e27cc7f52c2fe6f4c0efbf7b0a9d772356,Source
Clause 2.4 - height_limit (development_control) is also described,d202498bf08dd1fca9cb520564ca56e27cc7f52c2fe6f4c0efbf7b0a9d772356,Source
Clause 2.4 - height_limit (development_control) is described,d202498bf08dd1fca9cb520564ca56e27cc7f52c2fe6f4c0efbf7b0a9d772356,Source
it deals with Airport Height Control,d202498bf08dd1fca9cb520564ca56e27cc7f52c2fe6f4c0efbf7b0a9d772356,Source
Airport Height Control is dealt with in Clause 2.4,d202498bf08dd1fca9cb520564ca56e27cc7f52c2fe6f4c0efbf7b0a9d772356,Source
Clause 2.5 - access (development_control) is also described,d202498bf08dd1fca9cb520564ca56e27cc7f52c2fe6f4c0efbf7b0a9d772356,Source
Clause 2.5 - access (development_control) is described,d202498bf08dd1fca9cb520564ca56e27cc7f52c2fe6f4c0efbf7b0a9d772356,Source
it deals with Equity of Access and Mobility,d202498bf08dd1fca9cb520564ca56e27cc7f52c2fe6f4c0efbf7b0a9d772356,Source
Equity of Access and Mobility is dealt with in Clause 2.5,d202498bf08dd1fca9cb520564ca56e27cc7f52c2fe6f4c0efbf7b0a9d772356,Source
Clause 2.6 - privacy (development_control) is also described,d202498bf08dd1fca9cb520564ca56e27cc7f52c2fe6f4c0efbf7b0a9d772356,Source
Clause 2.6 - privacy (development_control) is described,d202498bf08dd1fca9cb520564ca56e27cc7f52c2fe6f4c0efbf7b0a9d772356,Source
it deals with Acoustic and Visual Privacy,d202498bf08dd1fca9cb520564ca56e27cc7f52c2fe6f4c0efbf7b0a9d772356,Source
Acoustic and Visual Privacy is dealt with in Clause 2.6,d202498bf08dd1fca9cb520564ca56e27cc7f52c2fe6f4c0efbf7b0a9d772356,Source
Clause 2.7 - solar_access (development_control) is also described,d202498bf08dd1fca9cb520564ca56e27cc7f52c2fe6f4c0efbf7b0a9d772356,Source
Clause 2.7 - solar_access (development_control) is described,d202498bf08dd1fca9cb520564ca56e27cc7f52c2fe6f4c0efbf7b0a9d772356,Source
it deals with Solar Access and Overshadowing,d202498bf08dd1fca9cb520564ca56e27cc7f52c2fe6f4c0efbf7b0a9d772356,Source
Solar Access and Overshadowing is dealt with in Clause 2.7,d202498bf08dd1fca9cb520564ca56e27cc7f52c2fe6f4c0efbf7b0a9d772356,Source
Clause 2.8 - other (development_control) is also described,d202498bf08dd1fca9cb520564ca56e27cc7f52c2fe6f4c0efbf7b0a9d772356,Source
Clause 2.8 - other (development_control) is described,d202498bf08dd1fca9cb520564ca56e27cc7f52c2fe6f4c0efbf7b0a9d772356,Source
it deals with Social Impact Assessment,d202498bf08dd1fca9cb520564ca56e27cc7f52c2fe6f4c0efbf7b0a9d772356,Source
Urban Design was done,d202498bf08dd1fca9cb520564ca56e27cc7f52c2fe6f4c0efbf7b0a9d772356,Source
Public Domain was handled,d202498bf08dd1fca9cb520564ca56e27cc7f52c2fe6f4c0efbf7b0a9d772356,Source
Site and Context Analysis was conducted,d202498bf08dd1fca9cb520564ca56e27cc7f52c2fe6f4c0efbf7b0a9d772356,Source
Site and Context,d202498bf08dd1fca9cb520564ca56e27cc7f52c2fe6f4c0efbf7b0a9d772356,Source
Airport Height Control was implemented,d202498bf08dd1fca9cb520564ca56e27cc7f52c2fe6f4c0efbf7b0a9d772356,Source
Airport,d202498bf08dd1fca9cb520564ca56e27cc7f52c2fe6f4c0efbf7b0a9d772356,Source
Equity of Access and Mobility was ensured,d202498bf08dd1fca9cb520564ca56e27cc7f52c2fe6f4c0efbf7b0a9d772356,Source
Access and Mobility,d202498bf08dd1fca9cb520564ca56e27cc7f52c2fe6f4c0efbf7b0a9d772356,Source
Acoustic and Visual Privacy was maintained,d202498bf08dd1fca9cb520564ca56e27cc7f52c2fe6f4c0efbf7b0a9d772356,Source
Solar Access and Overshadowing was analyzed,d202498bf08dd1fca9cb520564ca56e27cc7f52c2fe6f4c0efbf7b0a9d772356,Source
Social Impact Assessment was performed,d202498bf08dd1fca9cb520564ca56e27cc7f52c2fe6f4c0efbf7b0a9d772356,Source
Social Impact,d202498bf08dd1fca9cb520564ca56e27cc7f52c2fe6f4c0efbf7b0a9d772356,Source
The planning document is called Marrickville DCP 2011 - Cover.pdf.,3891dd61b64ae3286838da9faea6685f79ca2ce28e6466762421380173e57da1,Source
It was prepared as part of the Marrickville Local Environmental Plan 2011.,3891dd61b64ae3286838da9faea6685f79ca2ce28e6466762421380173e57da1,Source
The document is attached to the planning application.,3891dd61b64ae3286838da9faea6685f79ca2ce28e6466762421380173e57da1,Source
"As part of a broader effort to develop the inner west area, including Marrickville.",3891dd61b64ae3286838da9faea6685f79ca2ce28e6466762421380173e57da1,Source
The Planning Document is located in docs/dcps/INNERWEST/Marrickville/,3891dd61b64ae3286838da9faea6685f79ca2ce28e6466762421380173e57da1,Source
dcp,3891dd61b64ae3286838da9faea6685f79ca2ce28e6466762421380173e57da1,Source
The document name is Marrickville DCP 2011 - Cover.pdf,3891dd61b64ae3286838da9faea6685f79ca2ce28e6466762421380173e57da1,Source
Marrickville DCP 2011 - Cover.pdf,3891dd61b64ae3286838da9faea6685f79ca2ce28e6466762421380173e57da1,Source
Information to be submitted with a Development Application,0ac99d8edca29b59f406293b1186d3daeb1c34a40095b641df57ff5b2ee0cb32,Source
Development Application Lodgement Process,0ac99d8edca29b59f406293b1186d3daeb1c34a40095b641df57ff5b2ee0cb32,Source
Exempt and Complying Development,0ac99d8edca29b59f406293b1186d3daeb1c34a40095b641df57ff5b2ee0cb32,Source
a type of development control,0ac99d8edca29b59f406293b1186d3daeb1c34a40095b641df57ff5b2ee0cb32,Source
Over -the-counter verbal advice,0ac99d8edca29b59f406293b1186d3daeb1c34a40095b641df57ff5b2ee0cb32,Source
a part of development_control,0ac99d8edca29b59f406293b1186d3daeb1c34a40095b641df57ff5b2ee0cb32,Source
'Pre-DA' advisory panel meetings,0ac99d8edca29b59f406293b1186d3daeb1c34a40095b641df57ff5b2ee0cb32,Source
a type of meeting for development applications,0ac99d8edca29b59f406293b1186d3daeb1c34a40095b641df57ff5b2ee0cb32,Source
Lodgement of a development application,0ac99d8edca29b59f406293b1186d3daeb1c34a40095b641df57ff5b2ee0cb32,Source
Designated development,0ac99d8edca29b59f406293b1186d3daeb1c34a40095b641df57ff5b2ee0cb32,Source
a type of development,0ac99d8edca29b59f406293b1186d3daeb1c34a40095b641df57ff5b2ee0cb32,Source
Integrated development,0ac99d8edca29b59f406293b1186d3daeb1c34a40095b641df57ff5b2ee0cb32,Source
Information to be submitted with a Development Application is required.,0ac99d8edca29b59f406293b1186d3daeb1c34a40095b641df57ff5b2ee0cb32,Source
The Development Application Lodgement Process can begin.,0ac99d8edca29b59f406293b1186d3daeb1c34a40095b641df57ff5b2ee0cb32,Source
Exempt and Complying Development can be processed.,0ac99d8edca29b59f406293b1186d3daeb1c34a40095b641df57ff5b2ee0cb32,Source
Over -the-counter verbal advice is provided.,0ac99d8edca29b59f406293b1186d3daeb1c34a40095b641df57ff5b2ee0cb32,Source
'Pre-DA' advisory panel meetings are held.,0ac99d8edca29b59f406293b1186d3daeb1c34a40095b641df57ff5b2ee0cb32,Source
Information to be submitted with a Development Application is provided.,0ac99d8edca29b59f406293b1186d3daeb1c34a40095b641df57ff5b2ee0cb32,Source
The Lodgement of a development application can begin.,0ac99d8edca29b59f406293b1186d3daeb1c34a40095b641df57ff5b2ee0cb32,Source
Designated development requires further processing.,0ac99d8edca29b59f406293b1186d3daeb1c34a40095b641df57ff5b2ee0cb32,Source
Integrated development is processed.,0ac99d8edca29b59f406293b1186d3daeb1c34a40095b641df57ff5b2ee0cb32,Source
Applicant,0ac99d8edca29b59f406293b1186d3daeb1c34a40095b641df57ff5b2ee0cb32,Source
Panel Members,0ac99d8edca29b59f406293b1186d3daeb1c34a40095b641df57ff5b2ee0cb32,Source
Planning Authorities,0ac99d8edca29b59f406293b1186d3daeb1c34a40095b641df57ff5b2ee0cb32,Source
Environmental Protection Agencies,0ac99d8edca29b59f406293b1186d3daeb1c34a40095b641df57ff5b2ee0cb32,Source
