text_id:ID,original_text,:LABEL
e5852e5cdfc12d22f469eeffb3aaee7b32d28cbadc811b8c02edd5a12f1f642e,"Planning Document: Marrickville DCP 2011 - 2 12 Signs and Advertising Structures

Clause 2.12.4.6 - height_limit (development_control): Signage on high-rise buildings (in excess of 15 metres)

Clause 2.12.2 - other (development_control): Any underawning sign in excess of 2500mm x 400mm

Clause 2.12.2 - height_limit (development_control): Signs at a lower level than 2600mm above the footpath

Clause C3 - heritage (heritage): Where original sign panels have been incorporated into the parapet of the building facade, these must be retained

",Text
7de7863e3eb097534f36032c7ce77ac48ec8f29b2dde6a862ab3a70205d5bb1c,"Planning Document: Marrickville DCP 2011 - 2 13 Biodiversity

Clause C1 - other (environmental_protection): Development on land identified on the Biodiversity Map as Bandicoot Protection Area, provided in Appendix 3, may be required to undertake an assessment of significance.

Clause C2 - other (environmental_protection): Development on land identified on the Biodiversity Map as Wildlife Corridor, provided in Appendix 3, must incorporate native vegetation as part of any landscaping works.

Clause C3 - other (development_control): Buildings must be located to provide an outlook to public open space without appearing to privatise that space.

Clause C4 - other (development_control): Development must provide a visual transition between open space, bushland reserves or other public spaces and buildings, including avoiding abutting public open space with back fences.

Clause C5 - other (development_control): Development must protect views to and from public open spaces.

",Text
59a9fc5eb910b62893713973b3f90a5833729099846f311073f98f92b8ea680e,"Planning Document: Marrickville DCP 2011 - 2 14 Unique Environmental Features

Clause 2.14.2 - other (development_control): Development adjoining public open space must be set back from open space and be of a height and scale appropriate to the unique environmental qualities of the area.

Clause 2.14.5 - other (development_control): Development within the scenic protection area must be:
i. Designed and located to minimise potential adverse environmenta impact. This is particularly important where properties are within a foreshore area or where the land is flood affected (see maps in Section 2.22 – Flood Management);
ii. Of a scale compatible with the character, landscape and scenic qualities of the area;
iii. Of minimal visual impact when viewed from any adjoining public open space; and
iv. Where adjoining public open space provides a visual transition between open space and avoids abutting public open space with high, blank or solid fences (such as timber paling fences without openings or corrugated fencing).

Clause 2.14.5 - other (development_control): Sandstone cliffs, outcrops and overhangs must be retained in situ and integrated into the design of new development.

Clause 2.14.5 - other (environmental_protection): Any plantings are to enhance fauna habitat and to be local species endemic to the area.

",Text
21f316011e29c1f84bb215923d2a8f81b2db15ee4b8e5de33bbcefc564d66b84,"Planning Document: Marrickville DCP 2011 - 2 17 Water Sensitive Urban Design

Clause 2.17 - other (development_control): The WSUD provisions within this chapter apply to new development and redevelopment within the area and aim to:  • Reduce potable water use; and Treat stormwater so that the area reaches the relevant stormwater quality targets for stormwater reuse and/or stormwater entering receiving waters.

Clause 2.17.2 - other (development_control): Specific developments are required to meet water conservation and stormwater quality targets that have been established for land where this DCP applies.

Clause 2.17.3 - other (development_control): All residential buildings are to demonstrate compliance with State Environmental Planning Policy - Building Sustainability Index (BASIX), as required.

Clause 2.17.3 - other (development_control): All buildings not covered by the State Environmental Planning Policy - BASIX: i. that are installing any water use fittings must meet minimum standards defined by the Water Efficiency Labelling and Standards (WELS) Scheme. Minimum WELS ratings are 4 star dual-flush toilets, 3 star showerheads, 4 star taps (for all taps other than bath

Clause 2.17.3 - other (development_control): are to install rainwater tanks to meet all non-potable demands, including outdoor use, toilets, and laundry (for child care centres, this water is to be used for irrigation and toilet flushing only).

Clause 2.17.3 - other (development_control): are to incorporate passive cooling methods that rely on improved natural ventilation to supplement or preclude mechanical cooling (refer Section 2.16.5.6).

Clause 2.17.3 - other (development_control): where cooling towers are used, they are:

a. to be connected to a conductivity meter to ensure optimum circulation before discharge.

Clause 2.17.3 - other (development_control): to include a water meter connected to a building energy and water metering system to monitor water usage.

",Text
5749edd7368b578efeea00cd0949ded397b1bf519708601446f088cb6223a7a7,"Planning Document: Marrickville DCP 2011 - 2 18 Landscaping and Open Spaces

Clause 2.18 - other (environmental_protection): Any new development must preserve and protect any existing trees on site.

Clause 2.18.1 - other (environmental_protection): To minimise the extent of hard paved areas and facilitate rainwater infiltration.

Clause 2.18.1 - other (development_control): To encourage green roofs and green walls particularly for large scale developments.

Clause 2.18.3 - other (development_control): A landscape plan and maintenance schedule must be submitted with any development application for residential, commercial and industrial development that requires landscaping.

Clause 2.18.3 - other (development_control): d. Use of mulch or similar treatments of garden beds with mulch depth not less than 100mm

Clause 2.18.3 - other (development_control): xiv. Any court walls facing a communal area or public place or road (that must be constructed of a material similar in type and colour to that used for the development found on site); and

",Text
337f42c94de20ff6f5502760a8af2637b4825945eaae1901a16864899bee2787,"Planning Document: Marrickville DCP 2011 - 2 25 Stormwater management

Clause # 2.25 - environmental_protection (environmental_protection): The flow of stormwater from developments needs to be managed so as to negate or reduce to an acceptable frequency the possibility of flooding buildings and/or the danger to life at any location, through the storage of stormwater where appropriate in developments and the control of major development drainage systems.

Clause # 2.25.1 - environmental_protection (environmental_protection): To protect the urban environment from the effects of otherwise uncontrolled surface stormwater flows resulting from infrequent (and lesser) storm events.

Clause # 2.25.1 - environmental_protection (environmental_protection): To minimise or negate disruption and/or danger to both pedestrian and vehicular traffic that may be caused by otherwise uncontrolled surface stormwater flows resulting from frequent storm events.

Clause # 2.25.1 - environmental_protection (environmental_protection): To protect the quality of receiving waters, adjacent and downstream land-use and the rights of adjacent and downstream landowners.

Clause # 2.25.2 - other (development_control): On Site Detention	Yes (3, 6)

Clause # 2.25.2 - other (development_control): On Site Retention	Yes (3,8)

Clause # 2.25.2 - other (development_control): Gravity Pipe System Required	Yes (4)

Clause # 2.25.2 - other (development_control): Pump System Permitted	No (4)

",Text
0a8debeb73ef9421193d58cf2b2f27bc0e0fa2c80b37bbfb3ee41c7ed01d32d4,"Planning Document: Marrickville DCP 2011 - 2 3 Site Context Analysis

Clause 2.3 - setback (development_control): Front setbacks and front projections; • Side setbacks

Clause 2.3 - height_limit (development_control): Eaves height

Clause 2.3.1 - environmental_protection (environmental_protection): Minimise overshadowing, loss of privacy and views

Clause 2.3.3 - other (development_control): The site and context analysis must demonstrate that the development will integrate within the streetscape when considering scale, proportion and massing.

Clause 2.3.3 - other (development_control): The site and context analysis must demonstrate that the building is well proportioned, both as an individual element and within the streetscape.

Clause 2.3.3 - other (development_control): The site and context analysis must demonstrate that the building will sit comfortably with surrounding buildings in terms of its massing.

Clause 2.3.3 - environmental_protection (environmental_protection): Any endangered ecological community (EEC), significant trees or other vegetation (including any unique environmental features) and any other existing trees upon the site or close to the boundaries with adjoining sites

",Text
902f4a45c64b806594f7392b51ce8dafb2859a37359cb64a6e874f40ac8424d0,"Planning Document: Marrickville DCP 2011 - 2 5 Equity of Access and Mobility

Clause 2.5.1 - parking (development_control): To provide an adequate supply of car parking facilities for use by people with a disability.

Clause 2.5.3 - other (development_control): When assessing a development application Council must take into account the following matters as relevant to the application:
i. The provision for ease of use and comfort through appropriate gradients, rest areas, circulation space and user friendly entrances;
ii. Safety measures, including contrasting colours for points of danger, slip resistant travel surfaces and appropriate positioning of street furniture, public art installations, signage or any other obstacles, including those in the public domain;
iii. Legible design and way finding features, such as signs and international symbols and indicators, to assist in determining the location of handrails, guard-rails and tactile indicators where relevant;
iv. Opportunities for access through principal entrances of commercial buildings, pub...

",Text
285a0607986de14e249b7ed622b00bd819de963bc49e1a372a29caa029c0b6bb,"Planning Document: Marrickville DCP 2011 - 2 6 Acoustic and Visual Privacy

",Text
f877657ae707f4029dc705d372402c01ce3377e9f031f340c4f24e9aab95865b,"Planning Document: Marrickville DCP 2011 - 2 7 Solar Access and Overshadowing

Clause 2.7.3 - other (development_control): Direct solar access to windows of principal living areas and principal areas of open space of nearby residential accommodation must:

i. Not be reduced to less than two hours between 9.00am and 3.00pm on 21 June; or
ii. Where less than two hours of sunlight is currently available on 21 June, solar access should not be further reduced.

Clause 2.7.4 - other (development_control): PV panels and solar hot water systems must be placed on areas of a building where there is minimal or no adverse impacts on the streetscape or architectural integrity of the host building and where there is minimal or no overshadowing.

Clause 2.7.4 - other (development_control): PV panels and solar hot water systems must receive a minimum four hours of direct sunlight between 9 .00am and 3 .00pm during midwinter.

",Text
25f525e73c6fd192ab7b50244d580c8adf873382d6cd2591aa5ecb8c8f95ddb4,"Planning Document: Marrickville DCP 2011 - 2 8 Social Impact Assessment

Clause 2.8 - other (development_control): A social impact assessment (SIA) aims to predict the positive or negative impact that development or land use change may have on people’s way of life, their culture, or their community.

Clause 2.8.5 - other (development_control): A SIC or SIS is required with any development application if, in the opinion of Council, a proposed development is likely to have a significant impact on the community.

",Text
2349aef23539c8a977f320a6626197b4a3633c4a42b0b1c3cab99a6e03e611b8,"Planning Document: Marrickville DCP 2011 - 2 9 Community Safety

Clause 2.9.1 - other (development_control): To contribute to the safety of the public domain and optimise the use of public spaces and facilities by the community, through the creation of a physical environment that encourages a feeling of safety.

Clause 2.9.1 - other (development_control): To ensure all development applications are assessed against the four core CPTED principles to enhance community safety.

Clause 2.9.1 - other (development_control): To promote the design of private and public spaces which contribute to community safety, including all developments carried out by Council, other levels of government and public agencies.

Clause 2.9.1 - other (development_control): To orientate buildings to maximise surveillance from the street to the building, from the building to the street and between buildings.

Clause 2.9.1 - other (development_control): To ensure individual dwelling entries in multi dwelling housing, and the main building entry in other forms of residential buildings, are clearly visible from the street frontage or other vantage point offering natural surveillance to enhance the safety and security of building users.

Clause 2.9.1 - other (development_control): To ensure communal areas in a development are well defined and have a reasonable level of surveillance of such spaces (for example, car parks and communal open space).

Clause 2.9.1 - other (development_control): To encourage development which adjoins laneways, alleyways, parks and open spaces or other public areas to contribute to the safety of those areas by maximising opportunities for surveillance.

Clause 2.9.1 - other (development_control): To encourage the use of external lighting to improve the safety and security of property by increasing opportunities for casual surveillance and deterring illegal access.

",Text
9ce9fb83ab70f19b5bb1058bad8ce96b27c04f9669e085b62136e9c4fff85ef5,"Planning Document: Marrickville DCP 2011 - 3 0Part3Subdivision, Amalgation, Movement Network - with IWLEP 2022 amendments

Clause C1 - other (development_control): Subdivision or site amalgamation must not compromise the significant features of the existing site or adjoining sites, including streetscape, landscape features, trees, fences and rocky outcrops.

Clause C3 - other (development_control): Corner properties must have splayed corner(s) for road widening purposes and to improve sight lines at intersections for vehicles, pedestrians and cyclists and increase the footpath area for pedestrian access at corners, especially in centres.

Clause C5 - other (development_control): The proposed subdivision or amalgamation must have characteristics similar to the prevailing cadastral pattern of the lots fronting the same street, in terms of area, dimensions, shape and orientation.

",Text
ff9de959b9fc79ae2c39bfe9e75bb862a8694eb9d207e7082882e13111843221,"Planning Document: Marrickville DCP 2011 - 4 0 Cover

",Text
38c54cebcc19462d9ccd537eeb34e6466320c2d3c35218f2730e522dee591935,"Planning Document: Marrickville DCP 2011 - 4 2 Multi Dwelling Housing and RFBs - with IWLEP 2022 amendments

Clause 4.2.4.2 - height_limit (development_control): 4.2.4.2 Building heights . 5

Clause 4.2.4.3 - setback (development_control): 4.2.4.3 Building setbacks.. 5

Clause 4.2.4.1 - fsr_control (development_control): 4.2.4.1 Floor space ratio and site coverage . /4

Clause 4.2.6 - parking (development_control): Parking and access .... .. 10

Clause 4.2.10 - heritage (development_control): 4.2.10 Period residential flat buildings...... .. 13

Clause 4.2.1 - zoning (land_use_zoning): To ensure new development is compatible with the existing zoning and desired future character of the locality.

Clause 4.2.1 - environmental_protection (environmental_protection): To ensure new development considers the principles of ecologically sustainable development, in particular energy, water and stormwater efficiency, solar access, natural ventilation, waste reduction and local biodiversity.

Clause 4.2.2 - setback (development_control): Ensure new development maintains the same setback and enhances the streetscape character of the locality

",Text
77ba4428337d5208112f27b98ddfcec209554256d629f6cffa422d440fee9636,"Planning Document: Marrickville DCP 2011 - 4 3 boarding houses (1)

Clause 4.3.3 - zoning (land_use_zoning): NB Development applications for boarding houses in the R2 – Low Density Residential zone will be assessed in accordance with the relevant controls in Section 4.1 of this DCP relating to low density residential development and the relevant objectives and controls in Section 4.3.

Clause 4.3.3 - zoning (land_use_zoning): NB Development applications for boarding houses in the R1 – General Residential, R3 – Medium Density Residential and R4 – High Density Residential zones will be assessed in accordance with the relevant controls in Section 4.2 of this DCP relating to multi dwelling housing and residential flat buildings and the relevant objectives and controls in Section 4.3.

Clause 4.3.3 - zoning (land_use_zoning): NB Development applications for boarding houses in the B1 - Neighbourhood Centre Zone; B2 - Local Centre Zone and B4 - Mixed Use zones will be assessed in accordance with the relevant controls in Section 5 of this DCP relating to commercial and mixed use development and the relevant objectives and controls in Section 4.3.

Clause 4.3.3 - parking (development_control): NB Car parking requirements for boarding houses are detailed in Table 1 in Section 2.10 Parking. Parking provision rates for boarding houses are lower than for residential flat buildings to reflect an expected lower car ownership rate and to facilitate housing affordability. As is the case for all types of parking, parking rates for boarding houses are most constrained in Parking Area 1 (most of Camperdown, Newtown and Enmore area, major commercial strips and around railway stations) and least constrained in Parking Area 3 (outlying areas). For a definition and map of Parking Areas, refer to DCP Section 2.10 Parking.

Clause 4.3.3 - heritage (development_control): NB Where a boarding house is on the site of a heritage item or within a heritage conservation area, the proposal will also need to comply with the relevant heritage planning controls contained in Part 8 of this DCP.

Clause 4.3.3.1 - other (development_control): C1 The design of a boarding house is to be compatible with the character of the local area, and ensure there are no negative impacts on the amenity of the local area. The Planning Context identifies what matters will be considered in the assessment of a boarding house, in addition to the following, to achieve compatibility with the character of the local area and minimise negative impact on amenity.

Clause 4.3.3.2 - other (development_control): C2 Resident numbers will be determined based on the gross floor area of the boarding room (excluding any area used for the purposes of private kitchen or bathroom facilities).

Clause 4.3.3.4 - other (development_control): An area of private open space, at least 8 square metres with a minimum ",Text
ff11ed2ec1cac070a243c5807d67d215e2dd30213fc7d6b27030af5f05fa36f1,"dimension of 2.5 metres is required to be provided adjacent to each boarding house manager’s accommodation with any such private open space not being provided within the front setback area.

",Text
f194bd6446d2f1a522f55842fd03c59f2881d89cdd06e937fa791dc26f83d09f,"Planning Document: Marrickville DCP 2011 - 4 3 Boarding Houses

Clause 4.3.3 - zoning (land_use_zoning): Development applications for boarding houses in the R2 – Low Density Residential zone will be assessed in accordance with the relevant controls in Section 4.1 of this DCP relating to low density residential development and the relevant objectives and controls in Section 4.3.

Clause 4.3.3 - zoning (land_use_zoning): Development applications for boarding houses in the R1 – General Residential, R3 – Medium Density Residential and R4 – High Density Residential zones will be assessed in accordance with the relevant controls in Section 4.2 of this DCP relating to multi dwelling housing and residential flat buildings and the relevant objectives and controls in Section 4.3.

Clause 4.3.3 - zoning (land_use_zoning): Development applications for boarding houses in the B1 - Neighbourhood Centre Zone; B2 - Local Centre Zone and B4 - Mixed Use zones will be assessed in accordance with the relevant controls in Section 5 of this DCP relating to commercial and mixed use development and the relevant objectives and controls in Section 4.3.

Clause 4.3.3 - parking (development_control): Minimum access requirements for boarding houses are provided in Section 2.5.10.

Clause 4.3.3 - other (development_control): Solar access requirements for boarding houses are detailed in Section 2.7.5.2

Clause 4.3.3 - parking (development_control): Car parking requirements for boarding houses are detailed in Table 1 in Section 2.10 Parking. Parking provision rates for boarding houses are lower than for residential flat buildings to reflect an expected lower car ownership rate and to facilitate housing affordability. As is the case for all types of parking, parking rates for boarding houses are most constrained in Parking Area 1 (most of Camperdown, Newtown and Enmore area, major commercial strips and around railway stations) and least constrained in Parking Area 3 (outlying areas). For a definition and map of Parking Areas, refer to DCP Section 2.10 Parking.

Clause 4.3.3 - other (development_control): Refer to Section 2.16.2 for energy efficiency requirements.

Clause 4.3.3 - other (development_control): Open space requirements for boarding houses are detailed in Section 2.18.11.4.

",Text
6e9dfb651c768bd6849955c61d1835fd85920f27822667a2f9a3c03766dd6c86,"Planning Document: Marrickville DCP 2011 - 4.1 Low Density Residential Development

Clause 4.1 - land_use_zoning (land_use_zoning): LOWDENSITY RESIDENTIAL DEVELOPMENT

Clause 4.1.1 - other (development_control): To provide more details on the residential standards contained in Marrickville Local Environmental Plan 2011 (MLEP 2011).

Clause 4.1.1 - other (development_control): To maintain and encourage compatible architectural styles within residential areas.

Clause 4.1.1 - other (environmental_protection): To encourage residential development which is sensitive to the local environment, socially responsive and which promotes a safe living environment and makes better use of existing infrastructure.

Clause 4.1.1 - other (development_control): To ensure the impact of urban housing on the amenity of surrounding properties and the streetscape is a prime and initial consideration in the preparation and assessment of development proposals.

Clause 4.1.1 - heritage (development_control): To encourage restoration and sympathetic alterations and additions to residential period buildings in a manner that retains and enhances their architectural character and streetscape presentation.

Clause 4.1.1 - other (development_control): To require high quality urban design and accessible and adaptable accommodation.

Clause 4.1.1 - other (development_control): To encourage innovative design that positively responds to the character and context of the locality.

",Text
ed593337cd9aef4eb5cd67e6fefa3b33865f78e07d229a0213a2f76d837f508e,"Planning Document: Marrickville DCP 2011 - 5 0 Commercial and Mixed Use Development - with IWLEP 2022 amendments

Clause 5.1.3.1 - fsr_control (development_control): Floor space ratio (FSR). 5

Clause 5.1.3.2 - height_limit (development_control): Height .. . 6

Clause 5.1.3.3 - setback (development_control): Massing and setbacks . . 7

Clause 5.1.6 - parking (development_control): Vehicle access, parking, loading and services............... .. 21

Clause 5.1.1 - heritage (development_control): Where Council determines that a building is contributory, as a minimum, the street fronting portion of the existing building (being the front most original structural bay where this is intact) is required to be retained to maintain the structural and aesthetic integrity of the building.

Clause 5.3.1.3 - environmental_protection (environmental_protection): Environmental protection . 28

",Text
d8552677e26eed759b7fbcf61c1292266332c088dea58cd4d44cb6a4242e1639,"Planning Document: Marrickville DCP 2011 - 6 0 Industrial Development - with IWLEP 2022 amendments

Clause 6.1 - zoning (land_use_zoning): This part generally applies to all land within the IN1 General Industrial zone, IN2 Light Industrial zone and some commercial zones, where industrial activities are permissible, under the provisions of Inner West LEP 2022.

Clause 6.1.2.5 - height_limit (development_control): Building height .. . 3

Clause 6.1.2.2 - fsr_control (development_control): Floor space ratio (FSR) Error! Bookmark not defined.

Clause 6.1.2.7 - setback (development_control): Setbacks. 6

Clause 6.3.2 - setback (development_control): Setbacks.... . 14

Clause 6.2.3 - environmental_protection (environmental_protection): Environmental protection.... . 12

Clause 6.1.2.1 - parking (development_control): Where there is to be a strata plan of subdivision, any space for parking or other purposes forming a part of a sole occupancy unit must be included in the same strata lot as the unit.

Clause 6.1.2.2 - zoning (land_use_zoning): Frontages of allotments to be developed for light industrial purposes (in zones where light industry is a permissible land use under Inner West LEP 2022) will be assessed on factors such as location of the site, access to the site, streetscape and surrounding development.

",Text
fcbd5439e7551b9b625e286c630ae7c390ce0acdbcda54485c21744b5d33b12f,"Planning Document: Marrickville DCP 2011 - 7 1 childcare centres - with IWLEP 2022 amendments

Clause 7.1.2 - zoning (land_use_zoning): Under Inner West LEP 2022 child care centres are permitted with consent in the following zones:

R1 - General Residential; R2 - Low Density Residential;
• R3 - Medium Density Residential;
• R4 - High Density Residential;
• B1 - Neighbourhood Centre; B2 - Local Centre;
B4 - Mixed Use;
• B5 - Business Development;
B7 - Business Park;
• IN2 - Light Industrial;
• RE1 Public Recreation; and RE2 - Private Recreation.

Clause N/A - parking (development_control): NB Car parking requirements for child care centres are detailed in Section 2.10.

Clause N/A - heritage (development_control): NB Where a child care centre is on the site of a heritage item or within a heritage conservation area, the proposal will also need to comply with the relevant heritage controls contained in Part 8 of this DCP.

Clause C1 - height_limit (development_control): C1 Child care centres in two storeys, or more, buildings must have at least one lift access to all floors, including to any basement parking.

Clause N/A - other (development_control): The premises should remain residential in external appearance and finishes and be consistent with the nearby residential streetscape and landscape.

Clause N/A - other (development_control): Child care centres in a residential zone will be assessed for impact on residential amenity.

Clause N/A - other (development_control): Child care centres in a residential zone will only be acceptable where adverse impacts on the amenity of residents in the neighbourhood can be are avoided or minimised to an acceptable level.

Clause C8 - other (development_control): C8 Do no locate a child care centre on a state road.

",Text
daf1893eec2ce4ff87d848e6f9053de9f4b32b39ecdecdc731d0008dd7ae5ec5,"Planning Document: Marrickville DCP 2011 - 7.0 Cover

",Text
e5fdc95050125be21d9694a8c979ab2222687e6ffba519733e358863ba25d317,"Planning Document: Marrickville DCP 2011 - 7.3 Sex Industry and Adult Business Premises

Clause 7.3 - zoning (land_use_zoning): MLEP 2011 specifically regulates where sex services premises (IN1 General Industrial zone, IN2 Light Industrial zone and B6 Enterprise Corridor zone) and restricted premises (B4 Mixed Use zone and B5 Business Development zone) may be located.

Clause 7.3.1 - other (development_control): To ensure sufficient separation between adult businesses, restricted premises, sex on premises venues and sex services premises to avoid a concentration of those premises in any one locality.

Clause 7.3.1 - other (development_control): To ensure adult businesses, restricted premises, sex on premises venues and sex services premises are located, designed and operated in a manner that protects the amenity of the locality.

",Text
4e8b32259fd70f7822ec12306c4bc2c3e4de4189d4c02bf1a0a1c511f9d268a4,"Planning Document: Marrickville DCP 2011 - 8.0 Heritage Conservation Areas Map

Clause N/A - heritage (development_control): Buildings that make a positive contribution to the character of the HCA should be retained

Clause N/A - heritage (development_control): Demolition of buildings that positively contribute to the character of the HCA will generally not be supported

Clause N/A - heritage (development_control): Original building materials such as brick, sandstone, timber and slate should be retained and repaired where possible.

Clause N/A - heritage (development_control): New development should respect the scale and massing of existing buildings in the HCA.

Clause N/A - heritage (development_control): New building facades should be compatible with the architectural style and materials of existing buildings in the HCA.

Clause N/A - heritage (development_control): Roof forms and pitches of new development should be compatible with existing buildings in the HCA.

Clause N/A - heritage (development_control): Landscaping should be used to enhance the character of the HCA.

Clause N/A - heritage (development_control): Fences and walls should be compatible with the architectural style and materials of existing buildings in the HCA.

",Text
abaf2242da7be47c094242959fe803e3af4f83588399592f57ec99668d7e71d1,"Planning Document: Marrickville DCP 2011 - 9 0 Cover

",Text
eebc6e25c643d3f5ea65901f10dd71ea1ea090de9ab9d6032c7026cab0aeb130,"Planning Document: Marrickville DCP 2011 - 9 0 Introduction

Clause Part 9 - zoning (land_use_zoning): Part 9 of this DCP divides the land where this DCP applies into 47 planning precincts.

Clause Part 9 - other (development_control): Each planning precinct has its own distinct character and provides an important contextual basis for establishing appropriate types of development in association with other controls within the DCP.

Clause Part 9 - other (development_control): Each precinct has an existing and desired future character to guide development within the area.

Clause Part 9 - other (development_control): Planning controls and objectives have been applied to precinct-specific areas and site-specific areas (through masterplans) to assist in achieving the desired future character.

Clause Part 9 - heritage (development_control): Heritage conservation areas if located within a precinct are referenced.

Clause 9.35 - zoning (land_use_zoning): Parramatta Road (Commercial Precinct 35)

Clause 9.36 - zoning (land_use_zoning): Petersham (Commercial Precinct 36)

Clause 9.37 - zoning (land_use_zoning): King Street and Enmore Road (Commercial Precinct 37)

",Text
8b6ff4ee7d780c45970af270220cdc8f23ac0166ecf53bbc5d1dfca515b7cc94,"Planning Document: Marrickville DCP 2011 - 9 1 Lewisham North Precinct 1

Clause 9.1.2 - heritage (development_control): To protect and preserve the identified period buildings within the precinct and encourage their sympathetic alteration or restoration.

Clause 9.1.2 - heritage (development_control): To protect the identified heritage items within the precinct.

Clause 9.1.2 - height_limit (development_control): To maintain distinctly single storey streetscapes that exist within the precinct.

Clause 9.1.2 - heritage (development_control): To protect significant streetscapes and/or public domain elements within the precinct including landscaping, fencing, open space, sandstone kerbing and guttering, views and vistas and prevailing subdivision patterns.

Clause 9.1.2 - environmental_protection (development_control): To ensure that new development considers all potential impacts to biodiversity.

Clause 9.1.2 - zoning (development_control): To preserve the predominantly low density residential character of the precinct.

Clause 9.1.2 - parking (development_control): To ensure that the provision and location of off-street car parking does not adversely impact the amenity of the precinct.

Clause 9.1.4 - other (development_control): New development should address the GreenWay Corridor, recognising the space as an active frontage with substantial visual and environmental benefits; as well as an active transport corridor, and provide opportunities for street activation and/or public art and animation.

",Text
281f9b9327302b3b395dfc9e224e53bc1c462fb1c2911b1d66e18eb6396f32e5,"Planning Document: Marrickville DCP 2011 - 9 10 Dulwich Hill North

Clause 9.10.1 - heritage (heritage): The precinct contains a heritage listed water board site in Weston Street which is substantially vacant except for a small brick building. The former Waratah flour mills and associated buildings (also heritage items) along the railway line are land mark buildings within this precinct and can be seen from a number of streets.

Clause 9.10.1 - other (land_use_zoning): The land-use pattern of the precinct is predominantly low density residential areas with some medium density development.

Clause 9.10.1 - setback (development_control): Front setbacks are generally consistent within each street despite the variety of buildings styles. A setback of 2 metres to 4 metres is the most common.

Clause 9.10.1 - parking (development_control): In areas of the precinct where off street parking is provided it is most frequently a side drive to a hardstand/carport behind the building line.

Clause 9.10.2 - heritage (development_control): To protect and preserve the identified period buildings within the precinct and encourage their sympathetic alteration or restoration.

Clause 9.10.2 - heritage (development_control): To protect the identified Heritage Items within the precinct.

Clause 9.10.2 - other (land_use_zoning): To preserve the predominantly low density residential character of the precinct.

Clause 9.10.2 - environmental_protection (environmental_protection): To ensure that new development considers all potential impacts to biodiversity.

",Text
656a66f97b9376208aa4511dd0328416e211f846df84c8f5ea4aa363def2d893,"Planning Document: Marrickville DCP 2011 - 9 11 Hoskins Park Precinct 11

Clause 9.11.1 - heritage (heritage_protection): This precinct also contains the Hoskins Park & Environs Heritage Conservation Area.

Clause 9.11.1 - environmental_protection (environmental_protection): It is essential that development within the precinct considers the potential impacts to biodiversity including native fauna (including Threatened Species and Endangered Populations); native vegetation (including Endangered Ecological Communities); and habitat elements (including their condition, structure, function, connectivity and disturbance).

Clause 9.11.2 - heritage (heritage_protection): To protect and preserve the identified period buildings within the precinct and encourage their sympathetic alteration or restoration.

Clause 9.11.2 - heritage (heritage_protection): To protect the identified Heritage Items within the precinct.

Clause 9.11.2 - heritage (heritage_protection): To protect significant streetscapes and/or public domain elements within the precinct including landscaping, fencing, open space, sandstone kerbing and guttering, views and vistas and prevailing subdivision patterns.

Clause 9.11.2 - environmental_protection (environmental_protection): To ensure that any development considers all potential impacts to biodiversity.

Clause 9.11.2 - parking (development_control): To ensure the provision and location of off-street car parking does not adversely impact the amenity of the precinct.

Clause 9.11.2 - heritage (heritage_protection): To protect the identified values of the Lewisham Estate and Hoskins Park & Environs Heritage Conservation Areas.

",Text
809bcd6db96ad551331b0b7cfaa74afe4cb5e14c6435ed533d095f46dc50ffc4,"Planning Document: Marrickville DCP 2011 - 9 12 Marrickville Park and Morton Park

Clause 9.12.1 - heritage (heritage): The precinct contains three Heritage Conservation Areas being the Porter’s Brickworks Estate Heritage Conservation Area, Jarvie Avenue Heritage Conservation Area and the Rathlin Estate Heritage Conservation Area. This precinct also contains a small part of the HCA 28 Dulwich Hill Commercial Precinct Heritage Conservation Area located on Marrickville Road.

Clause 9.12.2 - heritage (heritage): To protect and preserve the identified period buildings within the precinct and encourage their sympathetic alteration or restoration.

Clause 9.12.2 - heritage (heritage): To protect the identified Heritage Items within the precinct.

Clause 9.12.2 - height_limit (development_control): To maintain distinctly single storey streetscapes that exist within the precinct.

Clause 9.12.2 - heritage (heritage): To protect groups or runs of buildings which retain their original form including roof forms, original detailing and finishes.

Clause 9.12.2 - heritage (heritage): To protect significant streetscapes and/or public domain elements within the precinct including landscaping, fencing, open space, sandstone kerbing and guttering, views and vistas and prevailing subdivision patterns.

Clause 9.12.2 - zoning (land_use_zoning): To preserve the predominantly low density residential character of the precinct.

Clause 9.12.2 - parking (development_control): To ensure that the provision and location of off-street car parking does not adversely impact the amenity of the precinct.

",Text
3c67716ddb9c40ecdd5170039da418a461c11f112039dbe7b300b48602037732,"Planning Document: Marrickville DCP 2011 - 9 13 Henson Park

Clause 9.13.1 - heritage (heritage): The precinct contains two Heritage Conservation Areas being the Audley Street South (Bayswater Estate) Heritage Conservation Area and the majority of the Norwood Park Estate Heritage Conservation Area.

Clause 9.13.1 - setback (development_control): Front setbacks are generally consistent within each street with a setback of 2 metres to 4 metres the most common.

Clause 9.13.1 - parking (development_control): In areas of the precinct where off street parking is provided, it is most frequently at the rear of the property accessed by a rear lane or via a side driveway.

Clause 9.13.2 - heritage (heritage): To protect and preserve the identified period buildings within the precinct and encourage their sympathetic alteration or restoration.

Clause 9.13.2 - heritage (heritage): To protect the identified Heritage Items within the precinct.

Clause 9.13.2 - height_limit (development_control): To maintain distinctly single storey streetscapes that exist within the precinct.

Clause 9.13.2 - heritage (heritage): To protect groups or runs of buildings which retain their original built form including roof forms, original detailing and finishes.

Clause 9.13.2 - heritage (heritage): To protect significant streetscapes and/or public domain elements within the precinct including landscaping, fencing, open space, sandstone kerbing and guttering, views and vistas and prevailing subdivision patterns.

",Text
9450160dfbd8bfd1bc8b72154c27b28d490559937d099c97f6c9e60ac67ecb85,"Planning Document: Marrickville DCP 2011 - 9 14 Camdenville Precinct 14

Clause 9.14.1 - heritage (heritage): The precinct contains three heritage conservation areas (HCAs) being the EnmoreNewtown Heritage  Conservation  Area, part of the Enmore House Estate Heritage Conservation  Area and the Holmwood Estate H eritage  Conservation  Area .

Clause 9.14.2 - heritage (heritage): To protect and preserve the identified period buildings within the precinct and encourage their sympathetic alteration or restoration.

Clause 9.14.2 - heritage (heritage): To protect the identified Heritage Items within the precinct.

Clause 9.14.2 - height_limit (development_control): To maintain distinctly single storey streetscapes within the precinct.

Clause 9.14.2 - heritage (heritage): To protect significant streetscapes and/or public domain elements within the precinct including landscaping, fencing, open space, sandstone kerbing and guttering, views and vistas and prevailing subdivision patterns.

Clause 9.14.2 - zoning (land_use_zoning): To preserve the predominantly low to medium density residential character of the precinct.

Clause 9.14.2 - parking (development_control): To ensure the provision and location of off-street car parking does not adversely impact the amenity of the precinct.

Clause 9.14.2 - heritage (heritage): To protect the identified values of the Enmore -Newtown Heritage  Conservation Area, Enmore House Estate Heritage Conservation Area and the Holmwood Estate Heritage Conservation Area.

",Text
8b892dde8f50b3e03f2492346ad75916a7349c8571fb808aa1ae4b5048d57023,"Planning Document: Marrickville DCP 2011 - 9 15 Enmore Park

Clause 9.15.1 - setback (development_control): Front setbacks vary throughout the precinct with common setbacks of less than 2 metres for dwellings that are predominantly Victorian and Federation era and 2-4 metre setbacks for Federation and Inter-War period dwellings.

Clause 9.15.2 - heritage (heritage): To protect and preserve the identified period buildings within the precinct and encourage their sympathetic alteration or restoration.

Clause 9.15.2 - heritage (heritage): To protect the identified Heritage Items within the precinct.

Clause 9.15.2 - height_limit (development_control): To maintain distinctly single storey streetscapes that exist within the precinct.

Clause 9.15.2 - heritage (heritage): To protect groups or runs of buildings which retain their original built form including roof forms, original detailing and finishes.

Clause 9.15.2 - heritage (heritage): To protect significant streetscapes and/or public domain elements within the precinct including landscaping, fencing, open space, sandstone kerbing and guttering, views and vistas and prevailing subdivision patterns.

Clause 9.15.2 - zoning (land_use_zoning): To preserve the predominantly low density residential character of the precinct.

Clause 9.15.2 - parking (development_control): To ensure that the provision and location of off-street car parking does not adversely impact the amenity of the precinct.

",Text
495b60460ce05c9312cbc388d35d42f67a00e8a9cce80da150791e71920d59b8,"Planning Document: Marrickville DCP 2011 - 9 16 Abergeldie Estate

Clause 9.16.1 - heritage (heritage): The precinct contains The Abergeldie Estate Heritage Conservation Area.

Clause 9.16.1 - parking (development_control): Off street parking is typically a side driveway except where lots are too small and onstreet parking prevails (for example, parts of Union, Arlington and Abergeldie Streets).

Clause 9.16.2 - heritage (heritage): To protect and preserve the identified period buildings within the precinct and encourage their sympathetic alteration or restoration.

Clause 9.16.2 - heritage (heritage): To protect the identified Heritage Items within the precinct.

Clause 9.16.2 - height_limit (development_control): To maintain distinctly single storey streetscapes that exist within the precinct.

Clause 9.16.2 - heritage (heritage): To protect groups or runs of buildings which retain their original form including roof forms, original detailing and finishes.

Clause 9.16.2 - heritage (heritage): To protect significant streetscape s and/or public domain elements within the precinct including landscaping, fencing, open space, sandstone kerbing and guttering, views and vistas and prevailing subdivision patterns.

Clause 9.16.2 - zoning (land_use_zoning): To preserve the predominantly low density residential character of the precinct.

",Text
6b6848507594ba775f158fdea0a868fffa581ed43d6efbbc97050482441d22b5,"Planning Document: Marrickville DCP 2011 - 9 17 New Canterbury Road West

Clause 9.17.2 - heritage (development_control): To protect and preserve the identified period buildings within the precinct and encourage their sympathetic alteration or restoration.

Clause 9.17.2 - height_limit (development_control): To maintain distinctly single storey streetscapes that exist within the precinct.

Clause 9.17.2 - other (development_control): To protect groups or runs of buildings which retain their original built form including roof forms, original detailing and finishes.

Clause 9.17.2 - other (development_control): To protect significant streetscape s and/or public domain elements within the precinct including landscaping, fencing, open space, sandstone kerbing and guttering, views and vistas and prevailing subdivision patterns.

Clause 9.17.2 - zoning (land_use_zoning): To preserve the predominantly medium/high density residential character of the precinct whilst protecting pockets of low density residential dwellings.

Clause 9.17.2 - environmental_protection (environmental_protection): To ensure that new development considers all potential impacts to biodiversity.

Clause 9.17.2 - environmental_protection (environmental_protection): To ensure that new development respect s local fauna by minimising lighting impacts on nocturnal fauna; reinforcing the permeability of the GreenWay Corridor to the surrounding built environment for local fauna; and providing a minimum 3 metre native vegetation buffer between the GreenWay Corridor and any new development.

Clause 9.17.2 - parking (development_control): To ensure that the provision and location of off-street car parking does not adversely impact the amenity of the precinct.

",Text
04c922bf3e1f9c028e47c0cbda5dab9eab5a87ef2e909b6ab891ce09d9a722b3,"Planning Document: Marrickville DCP 2011 - 9 18 Dulwich Hill Station North

Clause 9.18.1 - heritage (heritage): The precinct contains part of the South Dulwich Hill Heritage Conservation Area.

Clause 9.18.2 - height_limit (development_control): To maintain distinctly single storey streetscapes that exist within the precinct.

Clause 9.18.2 - heritage (heritage): To protect groups or runs of buildings which retain their original built form including roof forms, original detailing and finishes.

Clause 9.18.2 - other (development_control): To protect significant streetscape s and/or public domain elements within the precinct including landscaping, fencing, open space, sandstone kerbing and guttering, views and vistas and prevailing subdivision patterns.

Clause 9.18.2 - other (land_use_zoning): To preserve the predominantly low density residential character of the precinct.

Clause 9.18.2 - environmental_protection (environmental_protection): To ensure that new development considers all potential impacts to biodiversity.

Clause 9.18.2 - parking (development_control): To ensure that the provision and location of off-street car parking does not adversely impact the amenity of the precinct.

Clause 9.18.2 - heritage (heritage): To protect the identified values of the South Dulwich Hill Heritage Conservation Area.

",Text
14bbd3d1b9e08e72e5f52a8026b592938b907218216692aa3d9495066148f150,"Planning Document: Marrickville DCP 2011 - 9 19 Marrickville Road, Central

Clause 9.19.2 - heritage (heritage_protection): To protect and preserve the identified period buildings within the precinct and encourage their sympathetic alteration or restoration.

Clause 9.19.2 - heritage (heritage_protection): To protect the identified Heritage Items within the precinct.

Clause 9.19.2 - height_limit (development_control): To maintain distinctly single storey streetscapes that exist within the precinct.

Clause 9.19.2 - heritage (heritage_protection): To protect groups or runs of buildings which retain their original built form including roof forms, original detailing and finishes.

Clause 9.19.2 - other (land_use_zoning): To preserve the predominantly low to medium density residential character of the precinct.

Clause 9.19.2 - parking (development_control): To ensure that the provision and location of off-street car parking does not adversely impact the amenity of the precinct.

Clause 9.19.2 - heritage (heritage_protection): To protect the identified values of the Inter-War Group Heritage Conservation Area.

Clause 9.19.3 - heritage (heritage_protection): Refer to Part 8 (Heritage) of this DCP for detailed controls and guidelines.

",Text
97d3b81808fd4b46397ed71370663fcdeb310c26c1ef566169ec0733d1895fb7,"Planning Document: Marrickville DCP 2011 - 9 2 Petersham North - with IWLEP 2022 amendments

Clause 9.2.1 - heritage (heritage): The precinct contains three Heritage Conservation Areas being the Petersham North Heritage Conservation Area, Railway Street (Petersham) Heritage Conservation Area and the Hordern Avenue Heritage Conservation Area.

Clause 9.2.1 - environmental_protection (environmental_protection): Areas within the precinct have been identified as having high biodiversity. It is essential that development within those areas considers the potential impacts to biodiversity including native fauna (including Threatened Species and Endangered Populations); native vegetation (including Endangered Ecological Communities); and habitat elements (including their condition, structure, function, connectivity and disturbance).

Clause 9.2.2 - heritage (heritage): To protect and preserve the identified period buildings within the precinct and encourage their sympathetic alteration or restoration.

Clause 9.2.2 - heritage (heritage): To protect the identified Heritage Items within the precinct.

Clause 9.2.2 - height_limit (development_control): To maintain distinctly single storey streetscapes that exist within the precinct.

Clause 9.2.2 - heritage (heritage): To protect groups or runs of buildings which retain their original built form including roof forms, original detailing and finishes.

Clause 9.2.2 - heritage (heritage): To protect significant streetscapes and/or public domain elements within the precinct including landscaping, fencing, open space, sandstone kerbing and guttering, views and vistas and prevailing subdivision patterns.

Clause 9.2.2 - parking (development_control): To ensure that the provision and location of off-street car parking does not adversely impact the amenity of the precinct.

",Text
bbc166761b3964ff08f8e690ff62d0981cc5e0f29feb03479c4b7e15a33d7d45,"Planning Document: Marrickville DCP 2011 - 9 20 Marrickville Town Centre North

Clause 9.20.2 - heritage (heritage_protection): To protect and preserve the identified period buildings within the precinct and encourage their sympathetic alteration or restoration.

Clause 9.20.2 - heritage (heritage_protection): To protect the identified Heritage Items within the precinct.

Clause 9.20.2 - height_limit (development_control): To maintain distinctly single storey streetscapes that exist within the precinct.

Clause 9.20.2 - heritage (heritage_protection): To protect groups or runs of buildings which retain their original built form including roof forms, original detailing and finishes.

Clause 9.20.2 - other (development_control): To protect significant streetscapes and/or public domain elements within the precinct including landscaping, fencing, open space, sandstone kerbing and guttering, views and vistas and prevailing subdivision patterns.

Clause 9.20.2 - zoning (land_use_zoning): To preserve the predominantly low density residential character of the precinct.

Clause 9.20.2 - other (development_control): To support pedestrian and cyclist access, activity and amenity including maintaining and enhancing the public domain quality.

Clause 9.20.2 - parking (development_control): To ensure that the provision and location of off-street car parking does not adversely impact the amenity of the precinct.

",Text
31af617e6298698d55d3fbcd73a8db9726e50866cb925ae3d54ca6b68b7f5d30,"Planning Document: Marrickville DCP 2011 - 9 21 Ness Park

Clause 9.21.2 - heritage (development_control): To protect and preserve the identified period buildings within the precinct and encourage their sympathetic alteration or restoration.

Clause 9.21.2 - heritage (development_control): To protect the identified Heritage Items within the precinct.

Clause 9.21.2 - height_limit (development_control): To maintain distinctly single storey streetscapes that exist within the precinct.

Clause 9.21.2 - heritage (development_control): To protect groups or runs of buildings which retain their original built form including roof forms, original detailing and finishes.

Clause 9.21.2 - heritage (development_control): To protect significant streetscapes and/or public domain elements within the precinct including landscaping, fencing, open space, sandstone kerbing and guttering, views and vistas and prevailing subdivision patterns.

Clause 9.21.2 - zoning (development_control): To preserve the predominantly low density residential character of the precinct.

Clause 9.21.2 - parking (development_control): To ensure that the provision and location of off-street car parking does not adversely impact the amenity of the precinct.

Clause 9.21.2 - heritage (development_control): To protect the identified values of the David Street Heritage Conservation Area, the Inter War Group Heritage Conservation Area and the South Dulwich Hill Heritage Conservation Area.

",Text
a82e26c9eac923026c9bc0ee97290bfb828400f0f5bf8893a2594b5c93d2756e,"Planning Document: Marrickville DCP 2011 - 9 22 Dulwich Hill Station South Precinct 22

Clause 9.22.1 - heritage (heritage_protection): The precinct contains part of the South Dulwich Hill Heritage Conservation Area.

Clause 9.22.2 - height_limit (development_control): To maintain distinctly single storey streetscapes that exists within the precinct.

Clause 9.22.2 - heritage (heritage_protection): To protect the identified values of the South Dulwich Hill Heritage Conservation Area.

Clause 9.22.2 - heritage (heritage_protection): To protect and enhance the identified period buildings within the precinct and encourage their sympathetic alteration or restoration.

Clause 9.22.2 - other (development_control): To ensure that higher density development demonstrates good urban design and environmental sustainability and provides suitable amenity for occupants of those developments .

Clause 9.22.2 - other (development_control): To ensure the design of higher density development protects the residential amenity of adjoining and surrounding properties .

",Text
c4eb13318298050435fa5cf10109ad455edeba38bfcef04d64e3f42bd0e6baf3,"Planning Document: Marrickville DCP 2011 - 9 23 Marrickville Station West Precinct 23

Clause 9.23.2 - heritage (heritage): To protect and preserve the identified period buildings within the precinct and encourage their sympathetic alteration or restoration.

Clause 9.23.2 - heritage (heritage): To protect the identified values of the Civic Precinct Heritage Conservation Area.

Clause 9.23.2 - height_limit (development_control): To maintain distinctly single storey streetscapes within the precinct.

Clause 9.23.2 - parking (development_control): To ensure that the provision and location of off-street car parking does not adversely impact the amenity of the precinct.

Clause 9.23.4 - height_limit (development_control): A perceived single storey streetscape must be maintained on Moncur, Church, Greenbank, Warburton and Fletcher Streets.

Clause 9.23.5.1 - building_control (development_control): The redevelopment of the land shaded in Figure (23.1a) must wherever possible conform to the amalgamation pattern in the control diagram in Figure (23.1b).

Clause 9.23.5.1 - building_control (development_control): Amalgamation of allotments must not result in any adjoining sites being isolated to the extent that it is not possible for development to occur in accordance with the urban design vision for the Masterplan Area.

Clause 9.23.5.1 - height_limit (development_control): The height of proposed buildings on the land shaded in Figure (23.1a) must conform to the control diagram(s) in Figures (23.1b) and (23.1c). The height is expressed in number of storeys.

",Text
d92f7d5fcffc0c7eff7a70460574b8100400c7b6f08cd3b8937b3c81bc77592d,"Planning Document: Marrickville DCP 2011 - 9 24 Marrickville Town Centre South

Clause 9.24.2 - heritage (heritage_protection): To protect and preserve the identified period buildings within the precinct and encourage their sympathetic alteration or restoration.

Clause 9.24.2 - heritage (heritage_protection): To protect the identified Heritage Items within the precinct.

Clause 9.24.2 - height_limit (development_control): To maintain distinctly single storey streetscapes that exist within the precinct.

Clause 9.24.2 - heritage (heritage_protection): To protect groups or runs of buildings which retain their original built form including roof forms, original detailing and finishes.

Clause 9.24.2 - heritage (heritage_protection): To protect significant streetscapes and/or public domain elements within the precinct including landscaping, fencing, open space, sandstone kerbing and guttering, views and vistas and prevailing subdivision patterns.

Clause 9.24.2 - zoning (land_use_zoning): To preserve the predominantly low density residential character of the precinct.

Clause 9.24.2 - parking (development_control): To ensure that the provision and location of off-street car parking does not adversely impact the amenity of the precinct.

",Text
10cfb4f0a076f78e811b33c91d80b85063f0df2f8a000d0b36d5a9188d0a10f0,"Planning Document: Marrickville DCP 2011 - 9 25 St Peters Triangle Precinct 25

Clause 9.25.1 - heritage (heritage): This precinct contains the Goodsell Estate Heritage Conservation Area and Lackey Street & Simpson Park, St Peters Heritage Conservation Area.

Clause 9.25.2 - height_limit (development_control): To provide building heights to fit the context with restricted heights on narrower streets and laneways and taller buildings along the Princes Highway, May Street and Campbell Street.

Clause 9.25.2 - heritage (heritage): To protect the identified values of the Goodsell Estate Heritage Conservation Area .

",Text
29d0a7d1ad76ae2ed0cf16d6a8f6a465b4b7970655f0f6ec29e8feae6af0a612,"Planning Document: Marrickville DCP 2011 - 9 26 Barwon Park

Clause 9.26.4.1 - building_height (development_control): The following maximum height limits relate to the building heights (in metres) and floor space ratio controls set in MLEP 2011.

Clause 9.26.4.1 - height_limit (development_control): The heights of proposed buildings must conform to the controls in Figure 26.1. The height is expressed in number of storeys.

Clause 9.26.4.1 - setback (development_control): Five storey buildings fronting the Princes Highway are to have the fifth level and roof (including any open pergolas) set back from the external wall of the floor below by a distance of 3 metres, measured from the building alignment facing the Princes Highway.

Clause 9.26.4.1 - building_height (development_control): Opportunities for greater building height exist along the Princes Highway, however the design of new development must respect other buildings for retention.

Clause 9.26.4.1 - setback (development_control): Upper level setbacks are to reinforce the desired scale of the buildings on the street.

Clause 9.26.4.1 - building_height (development_control): A larger scale building at the corner of the Princes Highway and Barwon Park Road will help define this acute corner and will signify the northern gateway to the precinct.

Clause 9.26.4.1 - building_height (development_control): New development on the Princes Highway should respond in part to the scale and function of existing residential buildings on Crown Street.

Clause 9.26.4.1 - building_height (development_control): The transition between taller development and adjacent lower scaled buildings must be done with development of an intermediate scale.

",Text
2a9685a95232082432115726fda1f03ec4c6059241afb9054ed7be706f6c82f6,"Planning Document: Marrickville DCP 2011 - 9 27 Barwon Park South

Clause 9.27.1 - zoning (land_use_zoning): The entire precinct is reserved SP2 Infrastructure (Classified Road).

Clause 9.27.1 - setback (development_control): Residential lots either contain a small setback or no setback from the road.

Clause 9.27.1 - heritage (heritage): There are no Heritage Conservation Areas contained within the precinct.

Clause 9.27.2 - heritage (heritage): To protect and preserve the identified period buildings within the precinct and encourage their sympathetic alteration or restoration.

Clause 9.27.2 - height_limit (development_control): To maintain single storey streetscapes that existing within the precinct.

Clause 9.27.3 - heritage (heritage): There are no Heritage Conservation Areas contained within the precinct.

",Text
04141f9f7fabb7738abac54b323cb3cc8feb07c94355a394580864ae016f1777,"Planning Document: Marrickville DCP 2011 - 9 28 Cooks River West

Clause 9.28.2 - heritage (development_control): To protect and preserve the identified period buildings within the precinct and encourage their sympathetic alteration or restoration.

Clause 9.28.2 - heritage (development_control): To protect the identified Heritage Items within the precinct.

Clause 9.28.2 - height_limit (development_control): To maintain distinctly single storey streetscapes that exist within the precinct.

Clause 9.28.2 - heritage (development_control): To protect groups or runs of building which retain their original built form including roof forms, original detailing and finishes.

Clause 9.28.2 - heritage (development_control): To protect significant streetscapes and/or public domain elements within the precinct including landscaping, fencing, open space, sandstone kerbing and guttering, views and vistas and prevailing subdivision patterns.

Clause 9.28.2 - other (development_control): Retain existing views and vistas to open space areas adjacent to the Cooks River and maintain public access to those areas.

Clause 9.28.2 - other (development_control): To ensure that new development in the foreshore area will not impact on natural foreshore processes or affect the significance and amenity of the area.

Clause 9.28.2 - zoning (land_use_zoning): To preserve the predominantly low and medium density residential character of the precinct.

",Text
d97f04a9835c5cbf0f28b9f4ecdf75674a4abd5f61e0c1a205085c12eec98930,"Planning Document: Marrickville DCP 2011 - 9 29 South Western Marrickville

Clause 9.29.1 - other (land_use_zoning): The precinct is a predominantly medium to high density residential area interspersed with collections of dwelling houses, and does not contain any dedicated commercial centres, though a service station and small café are located within the precinct.

Clause 9.29.1 - other (environmental_protection): Areas within parts of the precinct have been identified as having high biodiversity values within the LGA. It is essential that development within those areas considers the potential impacts to biodiversity including native fauna (including Threatened Species and Endangered Populations); native vegetation (including Endangered Ecological Communities); and habitat elements (including their condition, structure, function, connectivity and disturbance).

Clause 9.29.1 - other (heritage): There are no Heritage Conservation Areas contained within the precinct.

Clause 9.29.2 - heritage (heritage): To protect and preserve the identified period buildings within the precinct and encourage their sympathetic alteration or restoration.

Clause 9.29.2 - heritage (heritage): To protect the identified Heritage Items within the precinct.

Clause 9.29.2 - height_limit (development_control): To maintain distinctly single storey streetscapes that exist within the precinct.

Clause 9.29.2 - heritage (heritage): To protect groups or runs of buildings which retain their original built form including roof forms, original detailing and finishes.

Clause 9.29.2 - other (development_control): To protect significant streetscapes and/or public domain elements within the precinct including landscaping, fencing, open space, sandstone kerbing and guttering, views and vistas and prevailing subdivision patterns.

",Text
2f4c82e45d81758f4acf9f2d21ebbc1674e73e2617d01baaee24573ba99f2f8c,"Planning Document: Marrickville DCP 2011 - 9 3 Stanmore North Precinct 3

Clause 9.3.2 - heritage (heritage): To protect and preserve the identified period buildings within the precinct and encourage their sympathetic alteration or restoration.

Clause 9.3.2 - heritage (heritage): To protect the identified Heritage Items within the precinct.

Clause 9.3.2 - height_limit (development_control): To maintain distinctly single storey streetscapes that exist within the precinct.

Clause 9.3.2 - heritage (heritage): To protect groups or runs of buildings which retain their original built form including roof forms, original detailing and finishes.

Clause 9.3.2 - heritage (heritage): To protect significant streetscapes and/or public domain elements within the precinct including landscaping, fencing, open space, sandstone kerbing and guttering, views and vistas and prevailing subdivision patterns.

Clause 9.3.2 - zoning (land_use_zoning): To preserve the predominantly low density residential character of the precinct.

Clause 9.3.2 - parking (development_control): To ensure that the provision and location of off-street car parking does not adversely impact the amenity of the precinct.

Clause 9.3.2 - heritage (heritage): To protect the identified values of the Annandale Farm Heritage Conservation Area, the Kingston West Heritage Conservation Area and the Cardigan Street Heritage Conservation Area .

",Text
a7378b2d0acf7b37fd50ed75ca4eceb64faf776e50946b15e80e025eb9b17697,"Planning Document: Marrickville DCP 2011 - 9 30 The Warren

Clause 9.30.1 - heritage (heritage_protection): The precinct contains a number of heritage items including ‘Richardsons Lookout’ and ‘Ferncourt Public School’. Other heritage items within the precinct include the Cooks River Sewerage Aqueduct (listed on the State Heritage Register), Sewer Ventilation Stack located along Premier Street and several good examples of intact Federation and Victorian style dwelling houses.

Clause 9.30.1 - heritage (heritage_protection): The precinct’s public domain is characteristed by the consistent use of sandstone, particularly relating to road infrastructure such as divided roads, retaining walls and kerbs and guttering. It is also used in private properties predominantly as a fencing/retaining wall material. The substantial rock faced stone walling located in many streets within the precinct are heritage listed and provide a direct link to the area’s quarrying history. The historical use of sandstone is highly significant and should be retained and maintained.

Clause 9.30.1 - other (land_use_zoning): It is considered appropriate to retain the predominantly low density residential character of the precinct.

Clause 9.30.1 - parking (development_control): The majority of the land contains a residential flat complex containing 106 dwellings with basement car parking for 140 vehicles.

Clause 9.30.1 - heritage (heritage_protection): It is essential that all remnant sandstone elements including retaining walls, sandstone cutting, divided roads and kerb and guttering be retained. New developments are encouraged to utilise sandstone within their design.

Clause 9.30.1 - heritage (heritage_protection): Many of the building modifications which have occurred to date are unsympathetic with their heritage values. Reversal of unsympathetic alterations and modifications is encouraged. The precinct also contains several examples of timber cottages which are considered rare for the area and should be retained.

Clause 9.30.1 - environmental_protection (environmental_protection): Areas within parts of the precinct have been identified as having high biodiversity values within the LGA. It is essential that development within those areas considers the potential impacts to biodiversity including native fauna (including Threatened Species and Endangered Populations); native vegetation (including Endangered Ecological Communities); and habitat elements (including their condition, structure, function, connectivity and disturbance).

Clause 9.30.1 - other (environmental_protection): Thornley Street has been identified as a scenic protection area for its unique environmental features and landscape, cultural and scenic qualities including lookouts, rocky outcrops, cliff faces, remnant bushlands, steep slopes, natural watercourses and escarpments (as outlined in MDC",Text
89377c03b1ba871a33a95b66912269eb3561b33d7a28ad16d3c4a5cacaf2a006,"P 2011 Section 2.14 Unique Environmental Features). Development within this area is to be managed to ensure that it does not adversely impact on any of its unique environmental features.

",Text
67e629551d79a04b6927d4657d766ba7fd453d29991a3d3578e3c48c107ba68c,"Planning Document: Marrickville DCP 2011 - 9 31 Unwins Bridge Road

Clause 9.31.2 - heritage (development_control): To protect and preserve the identified period buildings within the precinct and encourage their sympathetic alteration or restoration.

Clause 9.31.2 - heritage (development_control): To protect the identified Heritage Items within the precinct.

Clause 9.31.2 - height_limit (development_control): To maintain distinctly single storey streetscapes that exist within the precinct.

Clause 9.31.2 - heritage (development_control): To protect groups or runs of buildings which retain their original form including roof forms, original detailing and finishes.

Clause 9.31.2 - other (development_control): To protect significant streetscapes and/or public domain elements within the precinct including landscaping, fencing, open space, sandstone kerbing and guttering, views and vistas and prevailing subdivision patterns.

Clause 9.31.2 - zoning (land_use_zoning): To preserve the predominantly low density residential character of the precinct.

Clause 9.31.2 - other (development_control): To support pedestrian and cyclist access, activity and amenity including maintaining and enhancing the public domain quality.

Clause 9.31.2 - parking (development_control): To ensure that the provision and location of off-street car parking does not adversely impact the amenity of the precinct.

",Text
5acc40a331ac1fbeb36f822e6339b1d2081522f7a89a537a23e08c2044f5d1a0,"Planning Document: Marrickville DCP 2011 - 9 32 Cooks River East

Clause 9.32.1 - heritage (environmental_protection): Areas within parts of the precinct have been identified as having high biodiversity values within the LGA. It is essential that development within those areas considers the potential impacts to biodiversity including native fauna (including Threatened Species and Endangered Populations); native vegetation (including Endangered Ecological Communities); and habitat elements (including their condition, structure, function, connectivity and disturbance).

Clause 9.32.1 - heritage (heritage): The precinct contains the Wells Avenue Heritage Conservation Area and the Stanley Street Heritage Conservation Area.

Clause 9.32.2 - heritage (heritage): To protect and preserve the identified period buildings within the precinct and encourage their sympathetic alteration or restoration.

Clause 9.32.2 - heritage (heritage): To protect the identified Heritage Items within the precinct.

Clause 9.32.2 - height_limit (development_control): To maintain distinctly single storey streetscapes that exist within the precinct.

Clause 9.32.2 - heritage (heritage): To protect groups or runs of buildings which retain their original form including roof forms, original detailing and finishes.

Clause 9.32.2 - heritage (heritage): To protect significant streetscapes and/or public domain elements within the precinct including landscaping, fencing, open space, sandstone kerbing and guttering, views and vistas and prevailing subdivision patterns.

Clause 9.32.2 - zoning (land_use_zoning): To preserve the predominantly low density residential character of the precinct.

",Text
0081b80f4c85839532f97c95a61166b8d0482295e889e3cb3aeaa98867861f41,"Planning Document: Marrickville DCP 2011 - 9 33 Princes Highway

Clause 9.33.2 - heritage (heritage_protection): To protect and preserve the identified period buildings within the precinct and encourage their sympathetic alteration or restoration.

Clause 9.33.2 - heritage (heritage_protection): To protect the identified Heritage Items within the precinct.

Clause 9.33.2 - other (development_control): To ensure that any new development does not negatively impact on the operation of the Princes Highway.

Clause 9.33.2 - parking (development_control): To ensure that the provision and location of off-street car parking does not adversely impact the amenity of the precinct.

",Text
49621e5d31578e51152e47b7d4ec65423fbfe6c5277c0a24e8dad3ffe2576d01,"Planning Document: Marrickville DCP 2011 - 9 34 Tempe Reserve

Clause 9.34.1 - heritage (environmental_protection): The precinct has been identified as having high biodiversity values. It is essential that development with the precinct considers the potential impacts to biodiversity including native fauna (including Threatened Species and Endangered Populations); native vegetation (including Endangered Ecological Communities); and habitat elements (including their condition, structure, function, connectivity and disturbance).

Clause 9.34.2 - heritage (development_control): To protect and preserve the identified period buildings within the precinct and encourage their sympathetic alteration or restoration.

Clause 9.34.2 - heritage (development_control): To protect the identified Heritage Items within the precinct.

Clause 9.34.2 - height_limit (development_control): To maintain distinctly single storey streetscapes that exist within the precinct.

Clause 9.34.2 - heritage (development_control): To protect groups or runs of buildings which retain their original form including roof forms, original detailing and finishes.

Clause 9.34.2 - heritage (development_control): To protect significant streetscapes and/or public domain elements within the precinct including landscaping, fencing, open space, sandstone kerbing and guttering, views and vistas and prevailing subdivision patterns.

Clause 9.34.2 - other (environmental_protection): To ensure that new development considers all potential impacts to biodiversity.

Clause 9.34.2 - other (environmental_protection): To ensure that development in the foreshore area will not impact on natural foreshore processes or affect the significance and amenity of the area.

",Text
25959f9a2bfe12f7723f72a50022a3a4d68f5b96649393b39f03f320e90602ac,"Planning Document: Marrickville DCP 2011 - 9 35 Parramatta Road

",Text
7fbe48e5e51704d8e155c03acba1439dd07dc446b4ead7f1eaf33b7d6112cec1,"Planning Document: Marrickville DCP 2011 - 9 36 Petersham Commercial Precinct 36 - with IWLEP 2022 amendments

Clause 9.36.3 - heritage (development_control): The precinct contains the Petersham Commercial Precinct Heritage Conservation Area HCA 25. Refer to Part 8 (Heritage) of this DCP for detailed controls and guidelines.

Clause 9.36.2 - heritage (development_control): To protect the identified Heritage Items within the precinct.

Clause 9.36.2 - heritage (development_control): To retain, as a minimum, the front portion of contributory buildings where they are contributory to the heritage conservation area (HCA) and streetscapes.

Clause 9.36.2 - heritage (development_control): To protect the identified heritage values of the Petersham Commercial Precinct Heritage Conservation Area.

Clause 9.36.2 - height_limit (development_control): To ensure that new development at the rear upper levels is a maximum of four storeys and is designed to be subservient to retained portions of contributory buildings or infill development to the street building front.

Clause 9.36.2 - other (development_control): To facilitate efficient parking, loading and access for vehicles that minimises impact to streetscape appearance, commercial viability and vitality and pedestrian safety and amenity.

Clause 9.36.2 - environmental_protection (environmental_protection): To ensure that new development considers all potential impacts to biodiversity.

",Text
c8498ecf6bdcfd10293a8a1514424ff6e6f74711a36c8e325947584a761fe638,"Planning Document: Marrickville DCP 2011 - 9 37 King Street and Enmore Road Commercial Precinct

Clause 9.37.1 - heritage (development_control): Heritage Items and Contributory buildings must be retained and conserved.

Clause 9.37.2 - heritage (development_control): To protect the identified Heritage Items within the precinct.

Clause 9.37.2 - heritage (development_control): To protect the identified values of the King Street and Enmore Road Heritage Conservation Area.

Clause 9.37.2 - setback (development_control): To ensure that buildings provide strong definition to the street through retention of the existing nil building setbacks.

Clause 9.37.2 - heritage (development_control): To retain, as a minimum, the front portion of contributory buildings where they are contributory to the heritage conservation area (HCA) and/or streetscape.

Clause 9.37.2 - heritage (development_control): Where required, to protect, preserve and enhance the existing character of the streetscape, where only compatible development is permitted.

Clause 9.37.2 - height_limit (development_control): existing predominantly traditional two storey commercial streetscape

Clause 9.37.2 - other (development_control): To ensure that there are active commercial fronts to new buildings facing onto streets to create a vibrant and safe streetscape.

",Text
12ac065a319e56470909184fcfd3a3c62818b840bdbaaef8d6e5f7553d9fba64,"Planning Document: Marrickville DCP 2011 - 9 38 Dulwich Hill Commercial Precinct 38 - with IWLEP 2022 amendments

Clause 9.38.2 - heritage (development_control): To protect the identified Heritage Items within the precinct.

Clause 9.38.2 - heritage (development_control): To retain, as a minimum, the front portion of contributory buildings where they are contributory to the heritage conservation area (HCA) and streetscapes.

Clause 9.38.2 - heritage (development_control): To protect the identified heritage values of the Dulwich Hill Commercial Precinct Heritage Conservation Area.

Clause 9.38.2 - height_limit (development_control): To ensure that new development at rear upper levels is a maximum of four storeys in appearance and is designed to be subservient to retained portions of contributory buildings or infill development to the street building front.

Clause 9.38.2 - other (development_control): To facilitate efficient parking, loading and access for vehicles that minimises impact to streetscape appearance, commercial viability and vitality and pedestrian safety and amenity.

Clause 9.38.3 - heritage (development_control): The precinct contains HCA 28 Dulwich Hill Commercial Precinct Heritage Conservation Area. See Part 8 (Heritage) of this DCP for detailed controls and guidelines.

Clause C1 - heritage (development_control): HCA 28 Dulwich Hill Commercial Precinct Heritage Conservation Area has been identified as containing the following streetscapes: a. Retail Streetscapes. Refer to Section 8.4 of this DCP for relevant controls.

",Text
e7362eb0a5bb29a88afd9100d2ec7208fb47114d014255b972595c921fa7a5a4,"Planning Document: Marrickville DCP 2011 - 9 39 Marrickville Metro

Clause 9.39.2 - heritage (heritage_protection): To protect the identified Heritage Items within the precinct.

Clause 9.39.2 - zoning (land_use_zoning): To protect the integrity and on-going retention of the existing industrial zoned land, particularly those identified as being of State significance.

Clause 9.39.2 - zoning (land_use_zoning): To retain the existing employment generating land uses.

Clause 9.39.2 - other (development_control): To ensure that the redevelopment of the Marrickville Metro shopping centre addresses existing conflicts between the operation of the centre and the amenity of surrounding residential areas.

Clause 9.39.2 - other (development_control): To protect significant streetscapes and/or public domain elements within the precinct including landscaping, fencing, open space, sandstone kerbing and guttering, views and vistas and prevailing subdivision patterns.

Clause 9.39.2 - other (development_control): To enhance existing streets and encourage pedestrian activity, where appropriate, through improvements to road infrastructure and landscaping.

Clause 9.39.2 - other (development_control): To support pedestrian and cyclist access, activity and amenity including maintaining and enhancing the public domain quality.

Clause 9.39.2 - parking (development_control): To facilitate efficient parking, loading and access for vehicles that minimises impact to streetscape appearance, commercial viability and vitality and pedestrian safety and amenity.

",Text
0a19dc09635c9011b5f5d4f50e127f1b9a639d0020bb8e759ee70945f6dffdea,"Planning Document: Marrickville DCP 2011 - 9 4 Newtown North and Camperdown

Clause 9.4.1 - heritage (heritage_protection): The precinct contains three Heritage Conservation Areas being the Camperdown Park Estate Heritage Conservation Area, North Kingston Estate Heritage Conservation Area and the Hopetoun-Roberts-Federation Streets Heritage Conservation Area.

Clause 9.4.2 - heritage (heritage_protection): To protect and preserve the identified period buildings within the precinct and encourage their sympathetic alteration or restoration.

Clause 9.4.2 - heritage (heritage_protection): To protect the identified Heritage Items within the precinct.

Clause 9.4.2 - height_limit (development_control): To maintain distinctly single storey streetscapes that exist within the precinct.

Clause 9.4.2 - heritage (heritage_protection): To protect groups or runs of buildings which retain their original built form including roof forms, original detailing and finishes.

Clause 9.4.2 - heritage (heritage_protection): To protect significant streetscapes and/or public domain elements within the precinct including landscaping, fencing, open space, sandstone kerbing and guttering, views and vistas and prevailing subdivision patterns.

Clause 9.4.2 - zoning (land_use_zoning): To preserve the predominantly medium density residential character of the precinct.

Clause 9.4.2 - parking (development_control): To ensure that the provision and location of off-street car parking does not adversely impact the amenity of the precin

",Text
286ef3192e9cae3bd2fc1b118996c5417ee9f85aba9ce9e5a7b6ca7b1bd4b531,"Planning Document: Marrickville DCP 2011 - 9 40 Marrickville Town Centre Comm Precinct 40 - with IWLEP 2022 amendments

Clause 9.40.2 - heritage (development_control): To retain, as a minimum, the front portion of contributory buildings where they are contributory to the heritage conservation area (HCA) and/or streetscapes.

Clause 9.40.2 - heritage (development_control): To protect the identified heritage values of the Civic Precinct Heritage Conservation Area.

Clause 9.40.2 - height_limit (development_control): To ensure new development at rear upper levels is a maximum of five storeys and is designed to be subservient to retained portions of contributory buildings or infill development to the street building front.

Clause 9.40.2 - parking (development_control): To facilitate efficient parking, loading and access for vehicles that minimises impact to streetscape appearance, commercial viability and vitality and pedestrian safety and amenity.

Clause 9.40.3 - heritage (development_control): The precinct contains the HCA 30: Civic Precinct Heritage Conservation Area . See Part 8 (Heritage) of this DCP for detailed controls and guidelines.

Clause 9.40.3.1 - heritage (development_control): The Civic Precinct Heritage Conservation Area is a high quality and substantially intact example of the local civic precinct.

",Text
3ff89b3873953ee01f415abb232c61493122fddba7d3bd0746cecab7475a4329,"Planning Document: Marrickville DCP 2011 - 9 41 Bridge Road

Clause 9.41.1 - setback (development_control): There is a consistent nil setback on the western side of Bridge Road.

Clause 9.41.1 - parking (development_control): Buildings on the eastern side are generally built to the street alignment, with the exception of a large building mid way which has a medium setback with car parking spaces occupying the front and a small amount of landscaping along the front boundary.

Clause 9.41.1 - heritage (heritage): The precinct contains one heritage item being the former factory at 2-6 Bridge Road.

Clause 9.41.1 - parking (development_control): Private parking provision in the precinct is generally good and most sites have off-street parking provided either at grade or at basement level and accessed from Bridge Road.

Clause 9.41.2 - setback (development_control): To ensure that buildings provide strong definition to the street through retention of the existing zero building line setbacks.

Clause 9.41.2 - heritage (heritage): To protect the identified Heritage Items within the precinct.

",Text
2495b33287d1f6304ced931b4ac805cde1c598fe0bcec8a89be8caaa85215af9,"Planning Document: Marrickville DCP 2011 - 9 42 Camperdown North

Clause 9.42.1 - heritage (heritage_protection): The most notable building within the precinct is the ‘Australia Street industrial group’ heritage item located between Denison Street and Australia Street.

Clause 9.42.1 - setback (development_control): Most buildings are built to the street with a nil setback.

Clause 9.42.1 - parking (development_control): Some of the industrial units in Hordern Place have a small setback with parking in front.

Clause 9.42.1 - parking (development_control): Parking within the precinct is generally unrestricted where available and appears highly utilised.

Clause 9.42.2 - other (heritage_protection): To protect and preserve the identified period buildings within the precinct and encourage their sympathetic alteration or restoration.

Clause 9.42.2 - heritage (heritage_protection): To protect the identified Heritage Items within the precinct.

Clause 9.42.2 - land_use_zoning (land_use_zoning): To retain the existing employment generating landuses.

Clause 9.42.2 - other (development_control): To facilitate efficient parking, loading and access for vehicles that minimises impact to streetscape appearance, commercial viability and vitality and pedestrian safety and amenity.

",Text
11fe28923451a7d454c01e4f03446d07020b93c213d057b9b3cf0bb441f4af7c,"Planning Document: Marrickville DCP 2011 - 9 44 Carrington Road

Clause 9.44.1 - heritage (heritage): Evidence of this history is still visible today with the Sewerage Pumping Station No. 271 located at the northern section of the precinct. That site is a Heritage Item of State and local significance.

Clause 9.44.1 - environmental_protection (environmental_protection): Due to the history of the land in this area the vast majority of the precinct is identified as flood affected.

Clause 9.44.1 - heritage (heritage): However, the precinct contains a number of Heritage Items, some of State significance.

Clause 9.44.2 - other (development_control): To protect the identified Heritage Items within the precinct.

Clause 9.44.2 - other (development_control): To protect, preserve and enhance the identified period buildings within the precinct.

Clause 9.44.2 - other (development_control): To ensure that potential flooding issues are addressed as part of any new development.

Clause 9.44.3 - heritage (heritage): There are no Heritage Conservation Areas contained within the precinct.

",Text
a653be8d8db563dd4d58516eed963690d43f386f3e1aadb2e272dba39552cbb1,"Planning Document: Marrickville DCP 2011 - 9 45 McGill Street Precinct 45

Clause 9.45.1 - land_use_zoning (land_use_zoning): The McGill Street precinct is located in the Lewisham industrial area.

Clause 9.45.2 - environmental_protection (environmental_protection): This precinct has been identified as having high biodiversity values. It is essential that development within the precinct considers the potential impacts to biodiversity including native fauna (including Threatened Species and Endangered Populations); native vegetation (including Endangered Ecological Communities); and habitat elements (including their condition, structure, function, connectivity and disturbance).

Clause 9.45.3 - land_use_zoning (land_use_zoning): accommodating mixed use development of high to medium densities and scales.

Clause 9.45.3 - land_use_zoning (land_use_zoning): The precinct will accommodate some minor service retail, commercial offices and showrooms as well as studio, cafe and restaurant spaces.

Clause 9.45.3 - environmental_protection (environmental_protection): To ensure that new development considers all potential impacts to biodiversity.

Clause 9.45.3 - development_control (development_control): To ensure that higher density development demonstrates good urban design and environmental sustainability and provide suitable amenity for occupants of those developments.

Clause 9.45.3 - development_control (development_control): To ensure that the design of higher density development protects the residential amenity of adjoining and surrounding properties.

Clause 9.45.4 - heritage (development_control): There are no Heritage Conservation Areas contained within the precinct.

",Text
03346aee3f24c1dd77ab5225911c10e02a56b628cf3884b5d6f0babd3b4146f1,"Planning Document: Marrickville DCP 2011 - 9 46 Tempe Lands Precinct

Clause 9.46.1 - heritage (heritage): The Alexandra Canal, which is a State Heritage Item, runs generally along the eastern boundary of the precinct

Clause 9.46.1 - other (land_use_zoning): A significant portion of this precinct is reserved SP2 Infrastructure (Classified Road).

Clause 9.46.1 - height_limit (development_control): limited buildings across the precinct due to the applicable ANEF contours. The buildings in Burrows Road South are generally contemporary, low rise (up to two storeys) industrial buildings of varying materials.

Clause 9.46.1 - setback (development_control): Most of those buildings have small to medium setbacks with landscaping and occasional parking in front.

Clause 9.46.1 - parking (development_control): On street parking within the precinct is limited due to the large lot industrial characteristics and limited road access.

Clause 9.46.1 - parking (development_control): Burrows Road South contains unrestricted parallel parking on both sides, and has good pedestrian access with footpaths on both sides of the street.

Clause 9.46.2 - heritage (heritage): To protect the identified Heritage Items within the precinct.

Clause 9.46.2 - zoning (land_use_zoning): To protect the integrity and on-going retention of the existing industrial zoned land, particularly those identified as being of state significance.

",Text
7594e5ca858e72058a27792feb5a22ac7948660c20ee7e2feaa3977e9e30d8f2,"Planning Document: Marrickville DCP 2011 - 9 47 Victoria Road

Clause 9.47.1.3 - zoning (land_use_zoning): Development within the precinct will need to have regard to this section of the DCP as well as other relevant provisions in the DCP.

Clause 9.47.2 - zoning (land_use_zoning): the precinct contains a mixed character, though, overall, it is dominated by industrial land uses.

Clause 9.47.2 - parking (development_control): Some have been rendered and painted with their opening expanded to accommodate modern industrial requirements. There are also some examples of new, modern industrial developments containing a number of tenancies utilising the same access point and providing on-site parking and loading facilities.

Clause 9.47.2 - other (development_control): the current built form of the precinct, presently meets some of the important social and cultural needs of residents and employees of the Inner West.

Clause 9.47.2 - parking (development_control): the precinct houses three (3) of the Local Government Area’s (LGA) most significant live music venues: the Red Rattler, Marrickville Bowling & Recreation Club, and the Factory Theatre.

Clause 9.47.2 - parking (development_control): traffic conflicts occur between large vehicles accessing industrial sites on streets also catering for through traffic.

Clause 9.47.2 - parking (development_control): traffic as vehicles must cross pedestrian footpaths to access parking.

",Text
b0dea9eba219f6a9e80e079f41dba4b54686f4dbc9c9ac76815800a88b96b708,"Planning Document: Marrickville DCP 2011 - 9 5 Lewisham South Precinct 5

Clause 9.5.2 - heritage (heritage): To protect and preserve the identified period buildings within the precinct and encourage their sympathetic alteration or restoration.

Clause 9.5.2 - heritage (heritage): To protect the identified Heritage Items within the precinct.

Clause 9.5.2 - height_limit (development_control): To maintain distinctly single storey streetscapes within the precinct.

Clause 9.5.2 - parking (development_control): To ensure the provision and location of off-street car parking does not adversely impact the amenity of the precinct.

Clause 9.5.2 - heritage (heritage): To protect the identified values of the Lewisham Estate Heritage  Conservation Area .

Clause 9.5.2 - environmental_protection (environmental_protection): To ensure that ne w development considers all potential impacts to biodiversity.

Clause 9.5.2 - development_control (development_control): To ensure that higher density development demonstrates good urban design and environmental sustainability and provides suitable amenity for occupants of those developments.

Clause 9.5.2 - development_control (development_control): To ensure that the design of higher density development protects the residential amenity of adjoining and surrounding properties.

",Text
49ac921eeb178e2fbcd1e417039783b2bad7d2f6d7db08eb72d075ed023c3808,"Planning Document: Marrickville DCP 2011 - 9 6 Petersham South Precinct 6

Clause 9.6.2 - heritage (development_control): To protect, preserve and enhance contributory and period buildings within the precinct and require their sympathetic alteration or restoration.

Clause 9.6.2 - heritage (development_control): To protect the identified heritage items within the precinct.

Clause 9.6.2 - heritage (development_control): To protect, preserve and enhance other significant public domain elements within the precinct including landscaping, fencing, open space, kerb and guttering, views and vistas and prevailing subdivision patterns.

Clause 9.6.2 - height_limit (development_control): To maintain distinctly single storey streetscapes within the precinct.

Clause 9.6.2 - heritage (development_control): To protect, preserve and enhance the existing character of the streetscapes, where only compatible development is permitted.

Clause 9.6.2 - heritage (development_control): To protect the identified values of the Petersham South (Norwood Estate) and the Morgan Street Heritage Conservation Areas.

Clause 9.6.2 - zoning (development_control): To facilitate urban renewal in appropriate locations (predominantly on masterplan sites), allowing substantial change to the streetscape character while resulting in a high quality public domain.

Clause 9.6.2 - fsr_control (development_control): To allow and encourage a greater scale of development and increased residential density on masterplan sites that provides new dwellings near local shops,

services and public transport, to meet the market demand, create the opportunity

for high access housing choice and support sustainable living.

",Text
ca8dec9bb148a17e6e5a3759d35b21bc435252b230b803522f44d09b42838488,"Planning Document: Marrickville DCP 2011 - 9 7 Stanmore South

Clause 9.7.2 - heritage (heritage): To protect and preserve the identified period buildings within the precinct and encourage their sympathetic alteration or restoration.

Clause 9.7.2 - heritage (heritage): To protect the identified Heritage Items within the precinct.

Clause 9.7.2 - height_limit (development_control): To maintain distinctly single storey streetscapes that exist within the precinct.

Clause 9.7.2 - heritage (heritage): To protect groups or runs of buildings which retain their original form including roof forms, original detailing and finishes.

Clause 9.7.2 - heritage (heritage): To protect significant streetscapes and/or public domain elements within the precinct including landscaping, fencing, open space, sandstone kerbing and guttering, views and vistas and prevailing subdivision patterns.

Clause 9.7.2 - other (land_use_zoning): To preserve the mixed density residential character of the precinct.

Clause 9.7.2 - parking (development_control): To ensure that the provision and location of off-street car parking does not adversely impact the amenity of the precinct.

Clause 9.7.2 - heritage (heritage): To protect the identified values of the Kingston South Heritage Conservation Area.

",Text
52a5f46d37265d4d02dc1f4bbed9d40d49f234e9b7726aff952ddecac8f22e2c,"Planning Document: Marrickville DCP 2011 - 9 8 Enmore North and Newtown Central Precinct 8

Clause 9.8.2 - heritage (heritage): To protect, preserve and enhance the identified period buildings within the precinct.

Clause 9.8.2 - heritage (heritage): To protect the identified Heritage Items within the precinct.

Clause 9.8.2 - other (development_control): To protect, preserve and enhance other significant public domain elements within the precinct including landscaping, fencing, open space, kerb and guttering, views and vistas and prevailing subdivision patterns.

Clause 9.8.2 - height_limit (development_control): To maintain distinctly single storey streetscapes within the precinct.

Clause 9.8.2 - other (development_control): To protect, preserve and enhance the existing character of the streetscapes where only compatible development is permitted.

Clause 9.8.2 - parking (development_control): To promote sustainable transport (public transport, walking and cycling) by restricting the provision of off-street car parking, increasing provision of bicycle parking and car -sharing (off-street and on -street) and carefully managing general on -street car parking.

Clause 9.8.2 - parking (development_control): To ensure the provision and design of any parking and access for vehicles is appropriate for the location, efficient, minimises impact to streetscape appearance and maintains pedestrian safety and amenity.

Clause 9.8.5.1 - setback (development_control): Building mass on the first and second storey must: a. Generally be massed in a U shape, to the southern, eastern and northern side of the property, and open as a courtyard in the middle; b. Be setback 1 metre from the southern boundary; 1 metre from the eastern boundary; 1 metre from the northern boundary (from the north-eastern corner to a point in line with the southeastern edge of the residential flat building located on No. 2B Gladstone Street, Newtown); and 6 metres from the northern boundary (from a point in line with the south-eastern edge of the residential flat building located on No. 2B Gladstone Street, Newtown to the north-western corner of the first and second storey mass); and c. Have approximately a 15 metre envelope depth.

",Text
5459297c55c10b992d0c54f010f0103dc103c66df40548a2673713e6cb1a2139,"Planning Document: Marrickville DCP 2011 - 9 9 Newington

Clause 9.9.2 - heritage (heritage): To protect and preserve the identified period buildings within the precinct and encourage their sympathetic alteration or restoration.

Clause 9.9.2 - heritage (heritage): To protect the identified Heritage Items within the precinct.

Clause 9.9.2 - height_limit (development_control): To maintain distinctly single storey streetscapes that exist within the precinct.

Clause 9.9.2 - heritage (heritage): To protect groups or runs of buildings which retain their original built form including roof forms, original detailing and finishes.

Clause 9.9.2 - heritage (heritage): To protect significant streetscapes and/or public domain elements within the precinct including landscaping, fencing, open space, sandstone kerbing and guttering, views and vistas and prevailing subdivision patterns.

Clause 9.9.2 - land_use_zoning (land_use_zoning): To preserve the predominantly low density residential character of the precinct.

Clause 9.9.2 - parking (development_control): To ensure that the provision and location of off-street car parking does not adversely impact the amenity of the precinct.

Clause 9.9.2 - heritage (heritage): To protect the identified values of the Petersham South (Norwood Estate) Heritage Conservation Area, Norwood Park Estate Heritage Conservation Area and the Llewellyn Estate Heritage Conservation Area.

",Text
220c0bab2885e9f11cf19f8fbef21c851436716f9dff4baaa223ce473f1fd4a4,"Planning Document: Marrickville DCP 2011 - 9.0 Precincts Map

",Text
d75dbe252b61d79761ba73891b0415c184a780bae30d4f82df48facfcd9d4799,"Planning Document: Marrickville DCP 2011 - 9.43 Sydney Steel Precinct 43

Clause 9.43.1 - land_use_zoning (land_use_zoning): The land-use pattern of the area generally consists of a mixture of general industrial uses, some commercial (business) uses, and some light industrial uses in the south western section of the precinct.

Clause 9.43.1 - land_use_zoning (land_use_zoning): Properties south of Marrickville Road, with frontages onto Meeks Road are zoned for office and light industrial uses, creating a buffer between residential and industrial uses.

Clause 9.43.1 - height_limit (development_control): The average height in the precinct is one to three storeys.

Clause 9.43.1 - heritage (development_control): There are no Heritage Conservation Areas contained within the precinct.

Clause 9.43.1 - heritage (development_control): However, the precinct does contain a number of listed heritage items, one of State Significance., being the Sydenham Pit and Drainage Pumping Station.

Clause 9.43.1 - environmental_protection (environmental_protection): The entire precinct is affected by flooding.

Clause 9.43.2 - other (development_control): To protect the identified Heritage Items within the precinct.

Clause 9.43.2 - land_use_zoning (land_use_zoning): To protect the integrity and on-going retention of the existing industrial zoned land, particularly those identified as being of State significance.

",Text
6b5d6366cf0db41a8963390303f0d618584af789f54294c1421f6ed3ab4ca447,"Planning Document: Marrickville DCP 2011 - 9.48 Mary Robert and Edith Street Nov 22

Clause 3.1 - setback (development_control): To locate higher building forms setback toward the centre of the site to provide transition in scale to the surrounding low scale areas.

Clause 3.1 - other (development_control): Provide lower scale and density buildings along Edith Street.

Clause C1 - other (development_control): Ensure buildings along Edith Street respect their interface with low density residential development.

Clause C1 - setback (development_control): Ensure Building A and Building B are setback adequately to respect their interface with 48 Edith Street and 41 Roberts Street.

Clause C1 - other (development_control): Ensure that adequate separation is provided between Building A and Building B to avoid excessive overshadowing and to provide adequate amenity to residents.

",Text
9590c98e3065b3beb08b2ffd66b0556b9324b2aa3bc03edb432e648eebeff613,"Planning Document: Marrickville DCP 2011 - Cover

",Text
f80043698a492a651b41a02d0c36a58ab27b7883fa39150bf079eb6d73b10d2a,"Planning Document: Marrickville DCP 2011 - Development Application Guidelines with IWLEP 2022 amendments Nov 22

Clause A.2.4 - other (land_use_zoning): The lodgement of a development application is required for any proposed development where Inner West Local Environmental Plan (Inner West LEP 2022) or any other environmental planning instrument specifies that a proposed development may only be carried out with development consent upon the land to which the instrument applies.

Clause A.2.4 - other (land_use_zoning): A development application is not required for any proposed development classified as ‘exempt development or ‘complying development’ under Inner West LEP 2022, any State Environmental Planning Policy (SEPP) or State Code.

Clause A.2.4 - other (development_control): Certain proposed developments may be classified as either under ‘designated development’ or an ‘integrated development’ under the EP&A Act or the EP&A Regulation in which case more EIS and public participation procedures apply.

",Text
d1974c8673903bc7a991713888aecad915b587130d1dcc2adda6a793b9b8ab73,"Planning Document: LE9962_1

",Text
608fe0df03f538e825ba3c5db398630f2076fa183252f3cedaf78570fccb1272,"Planning Document: docs/dcps/INNERWEST/Chapter E2 Haberfield Neighbourhood.pdf

Clause Application - heritage (heritage): The controls for: 
• 2.2 Haberfield Heritage Conservation Area apply to the land listed as C54

Clause Application - other (development_control): In the event of any inconsistency in the application of different controls the more specific control will apply.

Clause O2 - heritage (heritage): To maintain the heritage significance of Haberfield and remove detrimental works where possible.

Clause O3 - heritage (heritage): To ensure that where new buildings can be constructed, they are carefully designed to fit in with the heritage significance and character of Haberfield as a whole.

Clause C1 - other (development_control): Any new development (new building or extension to an existing building) shall produce site coverage similar in pattern and size to the site coverage established by the original development of the suburb.

Clause C2 - building_controls (development_control): Extensions shall not conceal, dominate, or otherwise compete with the original shape, height, proportion and scale or architectural character of the existing building.

Clause C3 - setback (development_control): Extensions are only permitted to the rear of the existing dwelling; extensions are not permitted to the side of an existing dwelling. Extensions to the rear of the existing dwelling must not be any wider than the existing dwelling, i.e., the rear extension should not be visible when the dwelling is viewed from the street. Side setback areas and gardens should not be filled in.

Clause 2.2 - heritage (heritage): Refer to Clause 6.20 of the Inner West Local Environmental Plan 2022 for additional controls on landscaped area and built form that apply to C54 - Haberfield Heritage Conservation Area.

",Text
0a63f01fbd4ee82a77b786aaec4433d1559c0861ad91a9fc7b4491d7ace7f1b0,"Planning Document: docs/dcps/INNERWEST/Inner West Ashfield DCP 2016  - Preliminary, Notification and Advertising - with IWLEP 2022 amendments.pdf

Clause Section 1 - zoning (land_use_zoning): This DCP applies to the Inner West Local Government Area for the extent of land shown on Map 1. This includes the following suburbs: Ashbury Ashfield, Croydon, Croydon Park, Haberfield, Hurlstone Park and Summer Hill.

Clause Section 1 - development_application (development_control): This DCP has been made in accordance with Section 3.43 of the Environmental Planning & Assessment Act 1979 (the Act) and must also be read in conjunction with the provisions of the LEP. Compliance with the provisions of this DCP does not mean that a Development Application (DA) will be routinely approved. Each DA will be assessed having regard to the LEP, this DCP, other matters listed in Section 4.15of the Act, and any other relevant policies adopted by Council.

Clause Section 1 - zoning (land_use_zoning): Inner West LEP 2022 has objectives for land use zones and key (statutory) development standards that need to be complied with in addition to the guidelines in this DCP.

Clause Section 1 - development_application (development_control): Under section 4.15 of the Act, Council is required to consider a number heads of consideration as well as the provisions of this DCP when assessing a development application.

Clause Section 1 - environmental_protection (environmental_protection): A BASIX Certificate is required to form part of a development application or a construction certificate for a residential development in NSW. A BASIX Certificate demonstrates compliance with the NSW Government’s reduction targets for potable water consumption and greenhouse gas emissions in new residential buildings.

Clause Section 1 - height_limit (development_control): The DCP supports the Inner West LEP 2022 by providing guidelines that will encourage good urban design which will complement zone objectives and key development standards contained in the Inner West LEP 2022.

Clause Section 1 - heritage (heritage): To protect the heritage significance of heritage items and heritage conservation areas.

Clause Section 1 - environmental_protection (environmental_protection): To ensure development considers the principles of ecologically sustainable development including low energy embodied construction materials,   
renewable energy, waste minimisation, water   
sensitive design, bicycle use and stormwater   
efficiency.

",Text
e773525023bbbb98631b5d56cc2228bc5b878c74695a147404241af53587c7ce,"Planning Document: docs/dcps/INNERWEST/Inner West Ashfield DCP 2016 - Chapter A - Miscellaneous - with IWLEP 2022 amendments.pdf

Clause Part 1 - other (land_use_zoning): This Guideline applies to the Inner West Local Government Area for the extent of land show on Map 1 in Chapter A of this DCP.

Clause Part 2 - other (land_use_zoning): This Guideline applies to the Inner West Local Government Area for the extent of land show on Map 1 in Chapter A of this DCP.

Clause Section 2 - height_limit (development_control): building mass and height

Clause Section 2 - setback (development_control): setbacks site coverage

Clause Section 2 - parking (development_control): car parking fences (style and height)

",Text
a87ea5da749dec91475ddb33adc867da960592a8999a5cffed19402b0583a2f4,"Planning Document: docs/dcps/INNERWEST/Inner West Ashfield DCP 2016 - Chapter B - Public Domain - with IWLEP 2022 amendments.pdf

Clause Section 2 - other (land_use_zoning): This Guideline applies to the Inner West Local Government Area for the extent of land show on Map 1 in Chapter A of this DCP.

Clause Section 2 - other (development_control): The Purpose and Performance Criteria identify the performance outcomes that must be achieved for council to consider granting development consent to a development application. Council will not approve a development application that cannot meet all parts of the Purpose or all Performance Criteria, where relevant.

Clause Section 2 - other (development_control): PC6. To ensure that development provides for a public footway along its entire street frontage that is well designed, accessible to all, safe, comfortable, attractive and functional

",Text
e3c989eaadbf1328063159724870ae92c4e77bfdfe917f9ef44cb71e0eaf2c5f,"Planning Document: docs/dcps/INNERWEST/Inner West Ashfield DCP 2016 - Chapter C - Sustainability IWLEP 2022 amends - 28 Mar 23.pdf

Clause Part 1 - environmental_protection (environmental_protection): Residential Development 
Building designs for new houses, alterations to houses, dual occupancies and residential flat buildings are required to comply with the BASIX State Environmental Planning Policy (SEPP). 
Council is unable to approve a development application for residential development that does not achieve the minimum BASIX ratings. BASIX sets out requirements on how to achieve water conservation and energy efficiency targets for residential development.

Clause Part 1 - development_control (development_control): A BASIX certificate is required to be submitted to Council with each development application and this certificate certifies that the dwelling proposal will meet the required environmental targets.

Clause Part 1 - environmental_protection (environmental_protection): The Building Code of Australia (BCA) requires certain non-residential building types to demonstrate they will meet minimum criteria for reducing energy consumption. This compliance must be shown at Construction Certificate stage. It affects what are defined in the BCA as Class 5 to 9 building types (e.g. office buildings, restaurants, shops and schools).

Clause Part 1 - environmental_protection (environmental_protection): Alterations and additions to existing buildings, when the extent of work exceeds 50 percent of the existing building area, are also affected.

Clause Part 1 - development_control (development_control): In order to comply with the BCA energy requirements at the Construction Certificate stage, the design of new buildings will have to be resolved “upfront” at development application stage. This is fundamental for arriving at an acceptable design, as environmental design cannot be an afterthought at the Construction Certificate stage.

Clause Part 1 - environmental_protection (environmental_protection): Inner West Council encourages applicants to go beyond the requirements of BASIX, and to incorporate as many sustainable design principles as possible

",Text
ae32179d0bb8cb4604c5f450010aa6a7d3619925562bfb354c0eaff47ce59ba4,"Planning Document: docs/dcps/INNERWEST/Inner West Ashfield DCP 2016 - Chapter D - Precinct Guidelines with IWLEP 2022 amendments Nov 22.pdf

",Text
ab59c71153b36b3a31c41a8630d8a48a9746b14902e53abffbe110c0456c09c6,"Planning Document: docs/dcps/INNERWEST/Inner West Ashfield DCP 2016 - Chapter E1- Heritage with IWLEP 2022 amendments.pdf

Clause 1.1 - heritage (development_control): Part E1 applies to sites which are listed as Heritage Items listed in the Inner West LEP 2022, and to sites and places contained within Heritage Conservation Areas listed in the Inner West LEP 2022

Clause 1.2 - heritage (development_control): Ensure that heritage significance is considered for development involving: 
heritage items, buildings and sites within heritage conservation areas, and archaeological sites and places of Aboriginal heritage significance.

Clause 1.2 - heritage (development_control): Enhance the character and heritage significance of heritage items and heritage conservation areas and ensure that infill development is designed to respond positively to the heritage character of adjoining and nearby heritage buildings and heritage features in the public domain.

Clause 1.3 - heritage (development_control): Heritage planning aims to ensure that the significant buildings, sites and elements of the past are appropriately managed and respected when planning for new development.

Clause 1.3 - heritage (development_control): Heritage conservation does not preclude change but does require heritage values to be retained and managed when development takes place.

Clause 1.3 - heritage (development_control): This Development Control Plan (DCP) is consistent with the Australia International Council on Monuments and Sites (ICOMOS) Charter for Conservation of Places of Cultural Significance (The Burra Charter) 2013. This Charter guides all heritage and conservation in NSW.

Clause 1.3 - heritage (development_control): Change should be based on an understanding of heritage significance; and • The level of change should respect the heritage significance of the item or area.

Clause 1.3 - heritage (development_control): The intention of these provisions is to ensure that decisions about change are made with due regard to heritage significance, and that opportunities to improve the understanding and appreciation of this significance are taken.

",Text
c4bce62d03a71e28bceef53dfed235f7005469d480ca9f46c4fcf97683d9c8b4,"Planning Document: docs/dcps/INNERWEST/Inner West Ashfield DCP 2016 - Chapter F - Development Category with IWLEP 2022 amendment.pdf

",Text
e12f969547ed4cbd5e6c6d7049d8d69642120fef95cfdf4ddcc49bca7b94b76d,"Planning Document: docs/dcps/INNERWEST/Inner West Ashfield DCP 2016 - Chapter G - Definitions - with IWLEP 2022 amendments.pdf

",Text
dd74620bb1213bc7ce47e10bf2e8a46e435d8bb799ed85451d660e184a460345,"Planning Document: docs/dcps/INNERWEST/Inner West Ashfield DCP 2016 - Chapter H - with IWLEP 2022 amendments Apr 24.pdf

",Text
7dccecec8c4d4e6da0c2335ef71e94a7b18ce033f5cd9c1b256351eb5f2e617e,"Planning Document: docs/dcps/INNERWEST/Marrickville/Marrickville DCP 2011 - Contents Nov 22.pdf

",Text
fbcbd5e78ecfe07e2baae2fe1b7a24e368e2319e34e0a78c83b0789f25c2d117,"Planning Document: docs/dcps/INNERWEST/leichhardt/Flood Control Lot Map - Northern view.pdf

",Text
d716ea67bef5acab404d8cbffd53d41b9c8ce17e6e757ca10154de204b595b3a,"Planning Document: docs/dcps/INNERWEST/leichhardt/Flood Control Lot Map - Southern view.pdf

",Text
10edf3b1e1bc868f189198d957551323b08a42a3391133f49e20a96ed1f37392,"Planning Document: docs/dcps/INNERWEST/leichhardt/Flood Control Lot Map – Central View.pdf

",Text
4b0882caa9733741c962c2db35d2fc5260bbfa1da7d4fb72acfe047000591a0c,"Planning Document: docs/dcps/INNERWEST/leichhardt/Foreshore Flood Control Lot Map - Central view.pdf

",Text
2520b882018473830295a34aa462e2425b09d564dd5e93d65bebe2308b56b520,"Planning Document: docs/dcps/INNERWEST/leichhardt/Foreshore Flood Control Lot Map - Northern view.pdf

",Text
67ded95aa2a18970ca74fa26cb1039f7bca1b76beae1aedc1a5c4c20870745f3,"Planning Document: docs/dcps/INNERWEST/leichhardt/Leichhardt DCP 2013 - 1 - Cover - Amdt 18 - March 23.pdf

Clause 3.4.1 - height_limit (development_control): See relevant zone objectives and height control maps

Clause 3.4.2 - fsr_control (development_control): See relevant zone objectives and floor space ratio maps

Clause 3.4.3 - setback (development_control): See relevant zone objectives and setback maps

Clause 5.1 - heritage (heritage): Development should preserve items of heritage significance

Clause 6.2 - parking (development_control): Adequate parking must be provided on site to meet the needs of the development

Clause 3.1 - zoning (land_use_zoning): Development must be consistent with the objectives of the applicable zone.

Clause 7.3 - environmental_protection (environmental_protection): Development must minimise impacts on waterways and native vegetation.

",Text
f47808250e653b0264b971dca6468566a3ea1215ab976d4c005b420201412e29,"Planning Document: docs/dcps/INNERWEST/leichhardt/Leichhardt DCP 2013 - 10 - Part E Water - with IWLEP 2022 amendments.pdf

Clause SECTION 1 - other (environmental_protection): To ensure that development is carefully designed, constructed and maintained to minimise impacts on the water cycle

Clause E1.1.1 - other (development_control): Water Management Statement is to be included with all development applications where building works or subdivision is proposed.

Clause E1.1.2 - other (development_control): Integrated Water Cycle Plan is required for all applications which are for: 
a. 15 or more dwellings or residential lots; or   
b. the provision of accommodation for 50 or more residents, occupants or employees; or c. the creation of 2,500sqm or greater of impermeable surface; or   
d. the subdivision of 2,500sqm or greater of land for commercial or industrial purposes; or e. proposals which are expected to generate a water demand of 5,000 litres per day or more.

Clause E1.1.3 - other (development_control): Stormwater Drainage Concept Plan is required for all applications that include alterations or additions to existing roof areas, new roof areas

Clause E1.1.4 - other (development_control): Flood Risk Management Report is required for applications that are identified as flood control lots on the maps in Appendix E – Part 4: Flood Control Lot Maps.

",Text
045cd954ce8f14a4265476c6b7f6822878f26d155eb1406e43fefebb5c572be9,"Planning Document: docs/dcps/INNERWEST/leichhardt/Leichhardt DCP 2013 - 11 - Part F Food - with IWLEP 2022 amendments.pdf

Clause Section 1 - environmental_protection (environmental_protection): appropriate composting and waste management (see Council’s website for information on minimising waste and composting guidelines); and

Clause Section 1 - other (environmental_protection): the need to consider the quality of soil in relation to potential contamination.

Clause F1.1 FOOD PRODUCTION - other (environmental_protection): Council’s approach and responsibilities for contaminated land management are outlined within Part C1.8 Contamination of this Development Control Plan.

Clause F1.1 FOOD PRODUCTION - other (environmental_protection): The Development Control Plan creates the framework to ensure that while carrying out its planning functions, Council considers the possibility that a previous land use or environmental factors surrounding a specific site have caused contamination at the site.

Clause F1.1 FOOD PRODUCTION - other (environmental_protection): healthy soil is to be maintained through the incorporation of compost and well-rotted manure without excess nitrogen

Clause F1.1 FOOD PRODUCTION - other (environmental_protection): plant diversity should be maintained through the planting of both native and exotic species that are not weed species, and are not an exempt species as listed in Part C1.14 – Tree Management within this Development Control Plan

Clause F1.1 FOOD PRODUCTION - other (environmental_protection): Council supports the use of organic and chemical free agricultural practice in pest management and plant maintenance.

Clause F1.1.3 Community gardens - development_application (development_control): Applicants are to submit a development application to Council for development of a Community Garden on private land or land owned by or control vested in Council.

",Text
e4ab1db647db390f9d974a339ec0e822cf6ce4cf6e19eed92d59c2048e0da0fd,"Planning Document: docs/dcps/INNERWEST/leichhardt/Leichhardt DCP 2013 - 12 - Part G Section 1-12 - Amdt 19 - Nov 2023-1-50.pdf

Clause G2.3 - parking (development_control): ACCESS, TRAFFIC MANAGEMENT AND PARKING

Clause G4.4 - parking (development_control): TRANSPORT, TRAFFIC AND PARKING

Clause G5.1 - heritage (heritage): HERITAGE

Clause G5.10 - parking (development_control): ACCESS, TRAFFIC MANAGEMENT AND PARKING

Clause G6.10 - height_limit (development_control): BUILDING HEIGHT

Clause G6.11 - other (development_control): BUILDING BULK

Clause G6.12 - setback (development_control): SETBACKS AND ARTICULATION

Clause G6.23 - parking (development_control): PARKING RATES

",Text
f88c1bbef80a1f84b1c549f4f3a950ae10667f5c4fcca2524ae65ffad24a99a9,"Planning Document: docs/dcps/INNERWEST/leichhardt/Leichhardt DCP 2013 - 12 - Part G Section 1-12 - Amdt 19 - Nov 2023-101-149.pdf

Clause G8.8.1 - environmental_protection (environmental_protection): The environmental performance of the site must consider the following matters: 
a. ‘energy’: demand reduction, use efficiency, and generation;   
b. ‘water’: reduction in potable water use, water reuse and use of other water sources;   
c. ‘management’: sustainable development principles throughout the life of the project;   
d. ‘indoor air quality’: enhanced building performance and wellbeing of occupants;   
e. ‘transport’: reduction in demand for private car usage and encouraging alternative forms transportation;   
f. ‘building materials’: reduction resource consumption through material selection, reuse and management practices;   
g. ‘emissions’: mitigating point source pollution from buildings and building services to the atmosphere, watercourse, and local ecosystems; and   
h. ‘inno...

Clause G8.8.2 - environmental_protection (environmental_protection): Stormwater Drainage System must be designed to comply with Part E of this Development Control Plan.

Clause G8.8.2 - environmental_protection (environmental_protection): Any development of the site must also consider the following matters: a. ‘water’: reduction in potable water use, water reuse and use of other water sources; b. ‘land use and ecology’: reduction in the impact on the ecosystem.

Clause G8.9.1 - parking (development_control): Two (2) vehicular access/egress points are to be located as per Figure G44 except if 141 and 159 Allen Street are amalgamated and developed at the same time in which case one (Access/Egress 1) vehicle ingress/egress point immediately north of Building A will be acceptable.

Clause G8.9.1 - setback (development_control): Ramps and excavation required for vehicle access and egress is to be setback a minimum of $4 . 5 \mathsf { m }$ from the property boundary to allow for urban design outcomes in the streetscape.

Clause G8.9.1 - other (development_control): Vehicular access and egress is to be no less than 6m in width.

Clause G8.9.2 - parking (development_control): The total number of car spaces for residents and visitors shall equate to the minimum of: 
a. 0.6 spaces per 1-bedroom dwelling;   
b. 0.9 spaces per 2-bedroom dwelling;   
c. 1.1 spaces per 3-bedroom dwelling or any dwelling with a greater number of bedrooms.

Clause G8.9.2 - parking (development_control): All bicycle parking is to comply with the provisions contained in the ‘Parking’ section of this Plan.

",Text
31cd6a0dd0c9c423d376cc0bb414d3159305c7e34a3c7b7051c6ffc7659e364f,"Planning Document: docs/dcps/INNERWEST/leichhardt/Leichhardt DCP 2013 - 12 - Part G Section 1-12 - Amdt 19 - Nov 2023-51-100.pdf

Clause G7.5.3 - height_limit (development_control): Development within that part of the site highlighted in red on the view cone on Figure G29: Views is to be limited to a maximum height of RL17.70.

Clause G7.6.1 - height_limit (development_control): Development along the Johnston Street frontage is to have a maximum wall height of $7 \mathsf { m }$ (i.e. two storeys) above footpath level, with the exception of the existing commercial building.

Clause G7.6.1 - height_limit (development_control): Development on 170 View Street is to respect the building heights and roof forms of the adjoining View Street properties and is to have a maximum ridge height of RL 14.5.

Clause G7.6.1 - height_limit (development_control): Development along the Johnston Street frontage is to have a maximum wall height of 4m and maximum building height of $7 . 5 \mathsf { m }$ (i.e. two storeys) above Johnston Street, except for the portion of the site adjoining the southern boundary where development is to have a maximum wall height of 4m (i.e. one storey plus attic) above Johnston Street (refer to Figures G37-G39).

Clause G7.6.1 - height_limit (development_control): The top of the southern boundary wall adjacent to No. 231 Johnston Street is to be a maximum of RL18.10 to reduce the overshadowing to the rear yard of No. 231 Johnston Street

",Text
0451156cc041038dec744466e34524834b21e3413b5eba9eddb9f5718b7cf41d,"Planning Document: docs/dcps/INNERWEST/leichhardt/Leichhardt DCP 2013 - 12 - Part G Section 13 - Amdt 19 - Pyrmont Bridge Road Nov 2023.pdf

Clause G13.1 - other (development_control): Unless otherwise stated all development should be designed and constructed in accordance with the controls in this section and the provisions of this plan.

Clause G13.1 - other (development_control): In the event of an inconsistency between this section and the remaining provisions of this DCP, the controls in this section shall prevail in relation to development on the site to the extent of the inconsistency.

Clause C1 - land_use_zoning (land_use_zoning): Future development on the site is to include employment uses associated with health, education, creative and technology sectors, including provision for affordable employment floorspace.

Clause C2 - land_use_zoning (land_use_zoning): Ground floor uses are to provide street level activation, passive surveillance and opportunities for social interaction around:

Clause C1 - other (development_control): New development on the site is to follow the lot amalgamation pattern identified in Figure 3.

Clause O1 - height_limit (development_control): To provide an appropriate built form response in terms of bulk, massing, height, separation, setbacks, amenity, articulation and modulation.

Clause O4 - setback (development_control): To incorporate setbacks which support an active, pedestrian-focused development and provide opportunities for deep soil planting and increased canopy cover.

",Text
53c13b983665ff26d3da688f01dce36924ff8f47738cc075f3d25157128dfe1a,"Planning Document: docs/dcps/INNERWEST/leichhardt/Leichhardt DCP 2013 - 13 - Appendix A Glossary - with IWLEP 2022 amendments.pdf

Clause APPENDIX A - other (development_control): Amenity means the enjoyment of the environment whether by the community or an individual arising from the day to day use of property including dwellings or publicly accessible land, community facilities or open space and includes, but is not limited to, the enjoyment of: 
a. Sunlight, privacy and views; and b. Residential and community life free from nuisance arising from the emission of noise, vibration, smell, fumes, smoke, vapour, steam, soot, ash, dust, waste water, waste products or grit.

Clause APPENDIX A - heritage (development_control): Conservation may, according to circumstance, include the processes of: retention or reintroduction of a use; retention of associations and meanings; maintenance, preservation, restoration, reconstruction, adaptation and interpretation; and will commonly include a combination of more than one of these.

Clause APPENDIX A - environmental_protection (environmental_protection): Contaminated land means land in, on or under which any substance is present at a concentration above the concentration at which the substance is normally present in, on or under (respectively) land in the same locality, being a presence that presents a risk of harm to human health or any other aspect of the environment.

Clause APPENDIX A - heritage (development_control): Contributory item means a building in a Conservation Area that is not individually listed as a heritage item but by virtue of age, scale, materials, details, design style or intactness is consistent with the conservation area, and therefore reinforces its heritage significance.

Clause APPENDIX A - heritage (development_control): Cultural significance means aesthetic, historic, scientific, social or spiritual value for past, present or future generations.

Clause APPENDIX A - other (development_control): Flood certificate means a certificate obtained from Council which provides flooding information for the area in the vicinity of a particular property including peak water levels, depths and flow rates for the 100 year ARI and peak water levels for the Probable Maximum Flood event.

Clause APPENDIX A - other (development_control): Flood control lot means a lot identified as a flood control lot on the maps in Appendix E of this Development Control Plan (DCP). Also referred to as: Flood Hazard Area as defined in the Building Code of Australia (BCA) Note: All flood control lots are also within flood hazard areas as defined by the BCA.

Clause APPENDIX A - other (development_control): Floodplain means an area of land which is subject to inundation by floods up to and including the probable maximum flood event, that is, flood prone land.

",Text
5a75208f91eec8206a1bc6fc95ab9c51f01138b2ea1bb27a9ea1b2abdbb7bbbd,"Planning Document: docs/dcps/INNERWEST/leichhardt/Leichhardt DCP 2013 - 14 - Appendix B Building Typologies - with IWLEP 2022 amendments.pdf

Clause C1 - heritage (development_control): Development shall:
a. retain the simple character and proportions of the elevations visible from the street;
b. maintain the original form and integrity of the building as it presents to the street and public domain; and
c. restore, reconstruct, protect and maintain original details.

Clause C1 - other (development_control): Sandstone or brick wall surfaces are not to be painted or rendered.

Clause C1 - heritage (development_control): Original façade openings and/or detailing which are visible from the street are to be retained;

Clause C1 - heritage (development_control): Alterations to elevation openings visible from the public domain, forms and/or detailing (including external hoods, shutters and the like) may only be approved where there is evidence that such details previously existed at that property.

Clause C1 - heritage (development_control): Original forms and details are to be reconstructed where there is evidence that they existed at that property. Unsympathetic changes are to be reversed.

Clause 1.1 - height_limit (development_control): A detached pavilion with lightweight link, one or two storeys maintains the integrity of the simple, single storey building form and its roof profile when set back on the site.

Clause 1.2 - height_limit (development_control): The rear wing addition can preserve the streetscape presentation of the house if set below the ridge line and if it is not prominent in oblique views between buildings.

Clause C1 - heritage (development_control): Development shall:
a. retain the curtilage and setting of the cottage;
b. retain the presentation and form of the building to the street; single storey scale, roof form and façade proportions; and c. restore, protect and maintain original details of the house and fence.

",Text
f8a2e2e5873ce6007dad094de80500f32024f75e200ff1978397b746a8d707e6,"Planning Document: docs/dcps/INNERWEST/leichhardt/Leichhardt DCP 2013 - 15 -Appendix C Urban Framework Plans - with IWLEP 2022 amendments.pdf

",Text
5e018247718149df161433439217ecc33c0cec49850cd7308e657414c4df5f89,"Planning Document: docs/dcps/INNERWEST/leichhardt/Leichhardt DCP 2013 - 17 - Appendix E Water Guidelines - with IWLEP 2022 amendments.pdf

",Text
29fc1dd28a4c6be7159dc2384bb5d8dd2588276a86c0d9c5755598ca3fbf4574,"Planning Document: docs/dcps/INNERWEST/leichhardt/Leichhardt DCP 2013 - 18 - Appendix F Late Night Trading Maps with IWLEP 2022 amendments.pdf

Clause None - other (land_use_zoning): APPENDIX F: LATE NIGHT TRADING MAPS

Clause None - other (land_use_zoning): SECTION 1 - LATE NIGHT TRADING MAPS

Clause None - other (land_use_zoning): SECTION 1 - LATE NIGHT TRADING MAPS

Clause None - other (land_use_zoning): 1.1 BALMAIN

Clause None - other (land_use_zoning): 1.2 LEICHHARDT

Clause None - other (land_use_zoning): 1.3 ROZELLE

",Text
cc68fe592e7ee21f9cd7b1f41304918ff86a08bdda319a638147724d60a58034,"Planning Document: docs/dcps/INNERWEST/leichhardt/Leichhardt DCP 2013 - 3 - Part A  Introduction - with IWLEP 2022 amendments.pdf

Clause A1.1 - other (development_control): This Development Control Plan is the Leichhardt Development Control Plan 2013.

Clause A1.2 - other (development_control): The following Plans are repealed by this Development Control Plan, except to the extent that those Plans shall continue to apply to development applications saved under clause 1.8A of Inner West LEP 2022:

Clause A1.3 - zoning (land_use_zoning): Subject to clause A1.2 (a), this Development Control Plan applies to the Inner West Local Government Area for the extent of land identified in Figure A5: Land covered by this Development Control Plan.

Clause A1.4 - other (development_control): This Development Control Plan does not apply to an application under the Environmental Planning and Assessment Act 1979 which was lodged with Council, but not determined before, the commencement of this Development Control Plan.

Clause A1.5 - other (development_control): The principal aim of this Development Control Plan is to facilitate development that gives effect to the aims and objectives, including the objectives of the land zones under Inner West LEP 2022, and to provide for the matters set out in s3.43 of the Environmental Planning and Assessment Act 1979.

Clause A1.7 - zoning (land_use_zoning): Inner West LEP 2022 applies to the land to which this Development Control Plan applies. Inner West LEP 2022 is a statutory environmental planning instrument that sets out land use zones and development standards and controls for development in Leichhardt.

Clause A1.8 - other (development_control): A development application is required to be submitted to Council for most land uses and development proposals, unless that development is identified as exempt development or complying development in 
Inner West LEP 2022 or SEPP (Exempt and Complying Development Codes) 2008 or other State Environmental Planning Policies (SEPP’s).

Clause A1.8 - other (development_control): Council assesses each application according to: 
• S4.15 of the Environmental Planning and Assessment Act 1979;   
the statutory provisions of Inner West LEP 2022 and any relevant SEPPs; the objectives and planning controls set out in this Development Control Plan; the provisions of any other policies or guidelines adopted by Council and referred to within this Plan or identified as relevant to the development proposal; and Section 7.11 and 7.12 (formerly 94 or 94A) contributions plan or plans that apply.

",Text
7b7552619b2f38bdfe43488d89f0ffc480e6a2ef5b2d355b7e920edf79305362,"Planning Document: docs/dcps/INNERWEST/leichhardt/Leichhardt DCP 2013 - 4 - Part B Connections - with IWLEP 2022 amendments.pdf

Clause B1.1 - other (development_control): This Development Control Plan includes objectives and controls which will assist Council to implement its strategic direction as outlined in the adopted Leichhardt Community and Cultural Plan 2011-2021.

Clause B1.1 - other (development_control): The Leichhardt Development Control Plan 2013 will assist Council in making important decisions about the physical environment and activities within it to support the wider social and economic needs and community aspirations on land where this DCP applies, including the special and individual needs of the old, young, disabled, indigenous and those from diverse cultural backgrounds.

Clause C1 - other (development_control): Council encourages urban design that accommodates active travel options such as walking, cycling and public transport between homes, workplaces, centres and attractions.

Clause B2.1 - other (development_control): Council supports the provision of quality open space, sporting and recreation facilities that are accessible for all.

Clause B2.1 - other (development_control): Council supports urban design that accommodates active travel options such as walking, cycling and public transport between homes, workplaces, centres and attractions.

Clause B2.1 - other (development_control): Council supports the development of streets that are attractive and safe for all members of the local community.

Clause B2.1 - other (development_control): Council supports the development of town centres and other key destinations in the municipality to provide safe, vibrant and attractive streetscapes both day and night.

Clause B2.1 - other (development_control): Council supports private development that addresses the street and is well connected to movement systems (i.e. streets, laneways, paths, open space etc.).

",Text
ffc41906c6dd0cdbc3d8b83bb71e1590250fdf324e7d099588d800d4f2de4bee,"Planning Document: docs/dcps/INNERWEST/leichhardt/Leichhardt DCP 2013 - 5 -  Part C Place Section 1 - with IWLEP 2022 amendments March 23.pdf

Clause C1.0 - heritage (development_control): Proposed developments, including new buildings, landscapes and even provision for parking or signage, need to reflect and complement the identified values of individual Heritage Items and Heritage Conservation Areas in their design.

Clause C1.0 - height_limit (development_control): Building heights, setbacks, landscaping and architectural style respond to the desired future character.

Clause C1.0 - heritage (development_control): Development within Heritage Conservation Areas or to Heritage Items must be responsive to the heritage significance of the item and locality.

Clause C1.0 - scale (development_control): Scale: the size of a building in relation to surrounding buildings or landscape.

Clause C1.11 - parking (development_control): C1.11 PARKING . . 51

Clause C1.11.1 - parking (development_control): C1.11.1 General Vehicle Parking Rates .. .. 64

Clause C1.11.2 - parking (development_control): C1.11.2 Accessible Car Parking Rates.. .. 67

Clause C1.11.3 - parking (development_control): C1.11.3 Bicycle Parking Rates and Facilities . .. 68

",Text
6040e958c3b7ed037e6c6aa77fc8861a882c596dc5515626a05128e77a038b8d,"Planning Document: docs/dcps/INNERWEST/leichhardt/Leichhardt DCP 2013 - 6 - Part C Place Section 2 - Reduced Size.pdf

",Text
f1c62c97bb1d3014e1a8a81452895219764d5aa545243288a7b53fe478822bd7,"Planning Document: docs/dcps/INNERWEST/leichhardt/Leichhardt DCP 2013 - 6 - Part C Place Section 2 - with IWLEP 2022 amendments.pdf

",Text
df6228906b4cac45a19e31f3aed0c6f16026bd829cd706f0ea96c75cc0d7dfe0,"Planning Document: docs/dcps/INNERWEST/leichhardt/Leichhardt DCP 2013 - 7 - Part C Place Section 3 - with IWLEP 2022 amendments.pdf

Clause O1 - zoning (land_use_zoning): To provide more details in relation to the residential development provisions contained in the Inner West LEP 2022.

Clause O5 - zoning (land_use_zoning): To ensure that all residential development is consistent with the density of the local area as established by the Inner West LEP 2022.

Clause C1 - heritage (heritage): Residential development is not to have an adverse effect on:
a. the amenity, setting or cultural significance of the place, including the portion of the existing building to be retained; and
b. the relationship of any Heritage Item or Heritage Conservation Area to its place, setting and cultural significance.

Clause C2 - other (development_control): Additions to an existing building are generally:
a. located to the rear or the side of the existing building when viewed from the principal street frontage; and
b. subservient to the form of the existing building; and
c. maintain the form, fenestration, roof forms and chimneys of the existing building when viewed from the principal street frontage; and
d. of a design which is compatible with but does not compete with the architectural character of the existing building or the Building Typologies; and
e. of a scale, proportion (including proportion of doors and openings) and material which is compatible with the existing building.

Clause None - setback (development_control): To ensure adequate separation between buildings for visual and acoustic privacy, solar access and air circulation.

Clause None - development_control (development_control): To ensure that development:
a. reinforces the desired future character and distinct sense of place of the streetscape, neighbourhood and land where this DCP applies;
b. emphasises the street and public domain as a vibrant, safe and attractive place for activity and community interaction;
c. complements the siting, scale and form of adjoining development; and
d. creates a high level of residential amenity for the site and protects existing or enhances residential amenity of adjoining sites in terms of visual and acoustic privacy, air circulation, solar access, daylight, outlook and views.

Clause C1 - parking (development_control): The site shall have sufficient capacity to accommodate development, including buildings and structures, setbacks and separation distances, access, manoeuvring and parking (where required by this Development Control Plan) and landscaped open space, having regard to site characteristics such as:

Clause C3 - setback (development_control): Building Location Zone (BLZ) is the part of the subject site where it can be reasonably expected that a building can be located.

",Text
54559fc29f95147cb5d83e8f2b25f809c00900abe4f2928e317af9d6727d4ab2,"Planning Document: docs/dcps/INNERWEST/leichhardt/Leichhardt DCP 2013 - 8 - Part C Place Section 4 - with IWLEP 2022 amendments.pdf

Clause C4.1 - zoning (land_use_zoning): Non-residential areas include land zoned B1 Neighbourhood Centre, B2 Local Centre, B7 Business Park, IN1 General Industrial and IN2 Light Industrial under the Inner West LEP 2022.

Clause C4.1 - heritage (heritage): To respect the values of Heritage Items, including fabric and setting.

Clause C4.1 - environmental_protection (environmental_protection): To achieve sustainable and climatically responsive development that maximises the environmental performance of buildings, facilities and infrastructure.

Clause C1 - height_limit (development_control): Building height is compatible with the surrounding prevailing street wall height and does not overbear the public domain.

Clause C2 - height_limit (development_control): Where adjoining a building that is substantially taller than the prevailing streetscape height, the development achieves a height that provides a transition between the taller building and the prevailing streetscape height.

Clause C3 - setback (development_control): Where in the B1 Neighbourhood Centre Zone or B2 Local Centre Zone, the setbacks to the front and side boundaries of the property are to reflect the existing character and prevailing setbacks of the streetscape.

Clause C5 - setback (development_control): Development is to have a zero setback where existing or neighbouring properties are built to the front or side boundaries; or the street reflects a coherent street wall with minimal separation existing between buildings.

Clause C5 - setback (development_control): Setbacks from the street frontage greater than zero are only generally acceptable where that setback:
a. would be part of the fabric of a Heritage Item, or enables greater visual access to a Heritage Item on an adjoining site;
b. is for a ground floor non-residential use and the setback is no greater than 3m and allows for a semi-public space such as a courtyard that provides a high level of interaction with the street; and   
c. is for the provision of a new useable public domain such as a plaza.

",Text
0bcc451752c27efb3203091b5a395b7265e5e651c4cb05543a236a40d2288c94,"Planning Document: docs/dcps/INNERWEST/leichhardt/Leichhardt DCP 2013 - 9 - Part D Energy - with IWLEP 2022 amendments.pdf

Clause C3 - heritage (development_control): will not; i. have an adverse impact on the amenity and solar access of the property or nearby or adjacent properties and occupants; ii. restrict the development potential of nearby and adjacent properties; iii. result in the production of noise, air or water pollution or other adverse environmental impacts; iv. reduce the structural integrity or have an adverse impact on the setting or significance of any property listed as a Heritage Item in Schedule 5 of the Inner West LEP 2022; and v. result in negative impacts on amenity, building fabric or heritage values of the building and its setting including streetscape;

Clause C5 - heritage (development_control): Photovoltaic systems are prohibited on any part of a slate roof with decorative features where the property is in a Heritage Conservation Area or is identified as a Heritage Item in Schedule 5 of the Inner West LEP 2022.

Clause C5 - heritage (development_control): Installation of a photovoltaic system on a property located in a Heritage Conservation Area or that is listed as a Heritage Item in Schedule 5 of the Inner West LEP 2022 may be granted development consent where it can be shown that the installation will:
a. be located where:

Clause C5 - heritage (development_control): be of a design, siting and materials, including colour of trim, that is sympathetic to the character of the building and its streetscape context and which will have minimal visual impact

Clause C5 - heritage (development_control): not reduce the structural integrity of or involve structural alterations to any building to which it is attached that may adversely impact the significance of the building

Clause C5 - heritage (development_control): not result in negative impacts on amenity, building fabric or heritage values of the building and its setting in the streetscape

Clause C5 - heritage (development_control): not result in any irreversible alteration or damage to the fabric of the building.

Clause C5 - environmental_protection (environmental_protection): ensure optimal power output. When obsolete, photovoltaic panels should be removed from the roof and where possible, sent to a recycling facility.

",Text
7aedf869fdb6afd5732b8e661fdcc5671c79b111909ad0b96f65c52b64f91f62,"Planning Document: docs/dcps/INNERWEST/leichhardt/Leichhardt DCP 2013 - Contents Page Amdt No 19 - November 2023.pdf

",Text
795329ef30ac047256d2f51c313c75701421875965de454208a624fb51dc316a,"Planning Document: docs/dcps/INNERWEST/leichhardt/Leichhardt DCP 2013 Part C Section 5.pdf

",Text
fb793502ac3bf55a947a5d557cb8bff9a7abeebd944e18abf6676939179e2dae,"Planning Document: docs/lep/Inner West Local Environmental Plan 2022 - NSW Legislation-1-50.pdf

Clause 2.1 - zoning (land_use_zoning): Land use zones

Clause 2.2 - zoning (land_use_zoning): Zoning of land to which Plan applies

Clause 2.3 - zoning (land_use_zoning): Zone objectives and Land Use Table

Clause 2.5 - other (land_use_zoning): Additional permitted uses for particular land

Clause 5.10 - heritage (development_control): Heritage conservation

Clause 7.2 - height_limit (development_control): Height of buildings on Dulwich Grove land

Clause 7.3 - fsr_control (development_control): Floor space ratio on Dulwich Grove land

Clause 7.4 - other (land_use_zoning): Additional permitted uses for Dulwich Grove land

",Text
1d2553f7816b304750f4649c1394785c9e3a7d7ca315c2f292cc725e5f8580cb,"Planning Document: docs/lep/Inner West Local Environmental Plan 2022 - NSW Legislation-101-150.pdf

",Text
8c82d74278d32e3919204f5a5fc786c4b269fca875f49531dfe1ef3d3b76d21b,"Planning Document: docs/lep/Inner West Local Environmental Plan 2022 - NSW Legislation-151-200.pdf

",Text
0ec6db5829823b0613600a065b28614e88b6983d38545b52c563c8e70be7c760,"Planning Document: docs/lep/Inner West Local Environmental Plan 2022 - NSW Legislation-201-250.pdf

Clause 1 - environmental_protection (environmental_protection): Must not be carried out on the following land, except to the extent necessary to gain access to water— 
(a) land declared an area of outstanding biodiversity value under the Biodiversity Conservation Act 2016,   
(b) vacant Crown land,   
(c) land within a wetland of international significance declared under the Ramsar Convention on Wetlands.

Clause 1 - environmental_protection (environmental_protection): Must not be carried out on the following land, except for the purposes of minimal infrastructure to support the extraction of water from, and discharge of water to, the land concerned— 
(a) land declared as an aquatic reserve under the Marine Estate Management Act 2014, (b) land declared as a marine park under the Marine Estate Management Act 2014.

Clause 2 - other (development_control): Species of fish or marine vegetation cultivated or kept must be consistent with the relevant aquaculture industry development plan (within the meaning of clause 5.19).

Clause 3 - other (development_control): For pond-based aquaculture that is also intensive aquaculture—ponds must be capable of being drained or pumped and then completely dried.

Clause 4 - environmental_protection (environmental_protection): For pond-based aquaculture and tank-based aquaculture that is also intensive aquaculture—no discharge of freshwater used to intensively cultivate or keep fish to natural waterbodies or wetlands is permitted, except freshwater discharge from open flow through systems.

Clause 5 - environmental_protection (environmental_protection): All outlets from culture ponds, tanks and other culture facilities must be screened to avoid the escape of fish.

Clause 7 - environmental_protection (environmental_protection): Must not be carried out on the following land, except to the extent necessary to gain access to water— 
(a) land declared an area of outstanding biodiversity value under the Biodiversity Conservation Act 2016, 
(b) vacant Crown land, 
(c) land within a wetland of international significance declared under the Ramsar Convention on Wetlands.

Clause 8 - environmental_protection (environmental_protection): Must be designed or constructed on land so that it will not be inundated by the discharge of a 1:100 ARI (average recurrent interval) flood event.

",Text
b98f8cade883e8a94964b10969f023c8c59aad233a652456f09c9e9f4302a760,"Planning Document: docs/lep/Inner West Local Environmental Plan 2022 - NSW Legislation-251-288.pdf

Clause Dictionary - zoning (land_use_zoning): Creative industries are a type of light industry—see the definition of that term in this Dictionary.

Clause Dictionary - heritage (heritage): curtilage, in relation to a heritage item or conservation area, means the area of land (including land covered by water) surrounding a heritage item, a heritage conservation area, or building, work or place within a heritage conservation area, that contributes to its heritage significance.

Clause Dictionary - heritage (heritage): demolish, in relation to a heritage item or an Aboriginal object, or a building, work, relic or tree within a heritage conservation area, means wholly or partly destroy, dismantle or deface the heritage item, Aboriginal object or building, work, relic or tree.

Clause Dictionary - heritage (heritage): draft heritage item has the same meaning as in State Environmental Planning Policy (Exempt and Complying Development Codes) 2008.

Clause Dictionary - other (development_control): eco-tourist facility means a building or place that— (a) provides temporary or short-term accommodation to visitors on a commercial basis, and (b) is located in or adjacent to an area with special ecological or cultural features, and (c) is sensitively designed and located so as to minimise bulk, scale and overall physical footprint and any ecological or visual impact.

",Text
413ce7a9d1253537985092f106990ec8a0303287212f7c16e337bfffa42e198f,"Planning Document: docs/lep/Inner West Local Environmental Plan 2022 - NSW Legislation-51-100.pdf

Clause None - heritage (development_control): (f) subdividing land— 
(i) on which a heritage item is located or that is within a heritage conservation area, or   
(ii) on which an Aboriginal object is located or that is within an Aboriginal place of heritage significance.

Clause None - heritage (development_control): the applicant has notified the consent authority of the proposed development and the consent authority has advised the applicant in writing before any work is carried out that it is satisfied that the proposed development— 
(i) is of a minor nature or is for the maintenance of the heritage item, Aboriginal object, Aboriginal place of heritage significance or archaeological site or a building, work, relic, tree or place within the heritage conservation area, and (ii) would not adversely affect the heritage significance of the heritage item, Aboriginal object, Aboriginal place, archaeological site or heritage conservation area, or

Clause None - heritage (development_control): Effect of proposed development on heritage significance The consent authority must, before granting consent under this clause in respect of a heritage item or heritage conservation area, consider the effect of the proposed development on the heritage significance of the item or area concerned. This subclause applies regardless of whether a heritage management document is prepared under subclause (5) or a heritage conservation management plan is submitted under subclause (6).

Clause None - heritage (development_control): Heritage assessment The consent authority may, before granting consent to any development— 
(a) on land on which a heritage item is located, or (b) on land that is within a heritage conservation area, or (c) on land that is within the vicinity of land referred to in paragraph (a) or (b), require a heritage management document to be prepared that assesses the extent to which the carrying out of the proposed development would affect the heritage significance of the heritage item or heritage conservation area concerned.

Clause None - heritage (development_control): Heritage conservation management plans The consent authority may require, after considering the heritage significance of a heritage item and the extent of change proposed to it, the submission of a heritage conservation management plan before granting consent under this clause.

Clause None - heritage (development_control): Archaeological sites The consent authority must, before granting consent under this clause to the carrying out of development on an archaeological site (other than land listed on the State Heritage Register or to which an interim heritage order under the Heritage Act 1977 applies)— 
(a) notify the Heritage Council of its intention to grant consent, and (b)",Text
2959057a8c7cf5cc241a403b569a569ae6b1ad4aa7a11f43e537bde552ca64cb," take into consideration any response received from the Heritage Council within 28 days after the notice is sent.

Clause None - heritage (development_control): Aboriginal places of heritage significance The consent authority must, before granting consent under this clause to the carrying out of development in an Aboriginal place of heritage significance— 
(a) consider the effect of the proposed development on the heritage significance of the place and any Aboriginal object known or reasonably likely to be located at the place by means of an adequate investigation and assessment (which may involve consideration of a heritage impact statement), and 
(b) notify the local Aboriginal communities, in writing or in such other manner as may be appropriate, about the application and take into consideration any response received within 28 days after the notice is sent.

Clause None - heritage (development_control): Demolition of nominated State heritage items The consent authority must, before granting consent under this clause for the demolition of a nominated State heritage item— 
(a) notify the Heritage Council about the application, and   
(b) take into consideration any response received from the Heritage Council within 28 days after the notice is sent.

",Text
f876dd5d94d1f0c803e5428b738dabe71bd3e3a0cb936e94195036d9afaf5b38,"Planning Document: docs/lep/Inner West Local Environmental Plan 2022 - NSW Legislation.pdf

Clause 2.1 - zoning (land_use_zoning): Land use zones

Clause 2.2 - zoning (land_use_zoning): Zoning of land to which Plan applies

Clause 2.3 - zoning (land_use_zoning): Zone objectives and Land Use Table

Clause 2.4 - zoning (land_use_zoning): Unzoned land

Clause 2.5 - zoning (land_use_zoning): Additional permitted uses for particular land

Clause 2.7 - development_control (development_control): Demolition requires development consent

Clause Part 4 - height_limit (development_control): Part 4 Principal development standards

Clause 4.4A - fsr_control (development_control): Exception to maximum floor space ratio for active street frontages

",Text
f9f90992d4dbb5d6ecd2655f4267b0f02a6f8909066454a49007b5f008c50f7d,"Planning Document: docs/sepps/State Environmental Planning Policy (Biodiversity and Conservation) 2021 - NSW Legislation.pdf

Clause 2.3 - zoning (land_use_zoning): Zone RU5 Village, Zone R1 General Residential, Zone R2 Low Density Residential, Zone R3 Medium Density Residential, Zone R4 High Density Residential, Zone R5 Large Lot Residential, Zone B1 Neighbourhood Centre, Zone B2 Local Centre, Zone B3 Commercial Core, Zone B4 Mixed Use, Zone B5 Business Development, Zone B6 Enterprise Corridor, Zone B7 Business Park, Zone B8 Metropolitan Centre, Zone E1 Local Centre, Zone E2 Commercial Centre, Zone E3 Productivity Support, Zone E4 General Industrial, Zone E5 Heavy Industrial, Zone IN1 General Industrial, Zone IN2 Light Industrial, Zone IN3 Heavy Industrial, Zone IN4 Working Waterfront, Zone MU1 Mixed Use, Zone IN4 Working Waterfront, Zone SP1 Special Activities, Zone SP2 Infrastructure, Zone SP3 Tourist, Zone SP4 Enterprise, Zone SP5 Metropolitan Cen...

Clause 2.1 - environmental_protection (environmental_protection): to protect the biodiversity values of trees and other vegetation in non-rural areas of the State, and (b) to preserve the amenity of non-rural areas of the State through the preservation of trees and other vegetation.

",Text
aaf67ee95c5eab8d542d350a68e7a2e481c352a8d518d284e0422af298259ae6,"Planning Document: docs/sepps/State Environmental Planning Policy (Exempt and Complying Development Codes) 2008 - NSW Legislation.pdf

",Text
fb1c37963aeff330379e3c48a375c0726936ea6feadcc472e6bcf07ad9b09fe2,"Planning Document: docs/sepps/State Environmental Planning Policy (Housing) 2021 - NSW Legislation.pdf

Clause 3(a) - other (land_use_zoning): enabling the development of diverse housing types, including purpose-built rental housing

Clause 3(b) - other (land_use_zoning): encouraging the development of housing that will meet the needs of more vulnerable members of the community, including very low to moderate income households, seniors and people with a disability

Clause 3(c) - other (development_control): ensuring new housing development provides residents with a reasonable level of amenity

Clause 3(d) - other (land_use_zoning): promoting the planning and delivery of housing in locations where it will make good use of existing and planned infrastructure and services

Clause 3(e) - environmental_protection (environmental_protection): minimising adverse climate and environmental impacts of new housing development

Clause 3(f) - other (development_control): reinforcing the importance of designing housing in a way that reflects and enhances its locality

Clause 3(g) - other (land_use_zoning): supporting short-term rental accommodation as a home-sharing activity and contributor to local economies, while managing the social and environmental impacts from this use

Clause 3(h) - other (land_use_zoning): mitigating the loss of existing affordable rental housing

",Text
850b405ce69ced063df1579768a9fc5173d6327fe4292cb60bb0dc1143d0ef21,"Planning Document: docs/sepps/State Environmental Planning Policy (Industry and Employment) 2021 - NSW Legislation.pdf

Clause 2.1 - zoning (land_use_zoning): This Chapter aims to protect and enhance the land to which this Chapter applies (the Western Sydney Employment Area) for employment purposes.

Clause 2.1 - zoning (land_use_zoning): to promote economic development and the creation of employment in the Western Sydney Employment Area by providing for development including major warehousing, distribution, freight transport, industrial, high technology and research facilities,

Clause 2.1 - zoning (land_use_zoning): to rezone land for employment, environmental conservation or recreation purposes,

Clause 2.1 - other (development_control): to ensure that development occurs in a logical, environmentally sensitive and cost-effective manner and only after a development control plan (including specific development controls) has been prepared for the land concerned,

Clause 2.1 - heritage (environmental_protection): to conserve and rehabilitate areas that have a high biodiversity or heritage or cultural value, in particular areas of remnant vegetation.

Clause 2.6 - other (development_control): State Environmental Planning Policy No 1—Development Standards does not apply to the land to which this Chapter applies.

Clause 2.6 - other (land_use_zoning): This Chapter to prevail over LEPs In the event of an inconsistency between this Chapter and a local environmental plan or deemed environmental planning instrument that applies to the land to which this Chapter applies, this Chapter prevails to the extent of the inconsistency.

",Text
eec3877b392a924efbd4dac2bf3e8c8708390b515989f3e7fa55503101b4b64d,"Planning Document: docs/sepps/State Environmental Planning Policy (Planning Systems) 2021 - NSW Legislation.pdf

Clause 2.2 - heritage (heritage_protection): (h) land, places, buildings or structures listed on the State Heritage Register under the Heritage Act 1977, or

Clause 2.2 - zoning (land_use_zoning): Words and expressions used in this Chapter have (subject to this section) the same meaning as they have in the standard local environmental planning instrument prescribed by the Standard Instrument (Local Environmental Plans) Order 2006.

Clause 2.2 - environmental_protection (environmental_protection): (i) land reserved or dedicated under the Crown Land Management Act 2016 for the preservation of flora, fauna, geological formations or for other environmental protection purposes, or

Clause 2.2 - environmental_protection (environmental_protection): (j) land identified as being critical habitat under the Threatened Species Conservation Act 1995 or Part 7A of the Fisheries Management Act 1994.

Clause 2.5 - other (land_use_zoning): Subject to section 74(1) of the Act, in the event of an inconsistency between this Chapter and another environmental planning instrument, whether made before or after the commencement of this Chapter, this Chapter prevails to the extent of the inconsistency.

",Text
1909b072ca15af433f10a9bef4605b233319e7e17d7ba4912e9df1fa620027c8,"Planning Document: docs/sepps/State Environmental Planning Policy (Primary Production) 2021 - NSW Legislation.pdf

Clause 2.1 - zoning (land_use_zoning): to facilitate the orderly economic use and development of lands for primary production

Clause 2.1 - environmental_protection (environmental_protection): to reduce land use conflict and sterilisation of rural land by balancing primary production, residential development and the protection of native vegetation, biodiversity and water resources

Clause 2.1 - zoning (land_use_zoning): to identify State significant agricultural land for the purpose of ensuring the ongoing viability of agriculture on that land, having regard to social, economic and environmental considerations

Clause 2.1 - other (development_control): to simplify the regulatory process for smaller-scale low risk artificial waterbodies, and routine maintenance of artificial water supply or drainage, in irrigation areas and districts, and for routine and emergency work in irrigation areas and districts

Clause 2.1 - other (development_control): to encourage sustainable agriculture, including sustainable aquaculture

Clause 2.1 - environmental_protection (environmental_protection): to require consideration of the effects of all proposed development in the State on oyster aquaculture

Clause 2.1 - other (development_control): to identify aquaculture that is to be treated as designated development using a well-defined and concise development assessment regime based on environment risks associated with site and operational factors.

Clause 2.2 - zoning (land_use_zoning): aquaculture development means development for the purpose of aquaculture.

",Text
753784ab23b249f527fd9d4c4cfa71796407c0699984f96274843c6b35705199,"Planning Document: docs/sepps/State Environmental Planning Policy (Resilience and Hazards) 2021 - NSW Legislation.pdf

Clause 2.1 - environmental_protection (environmental_protection): The aim of this Chapter is to promote an integrated and co-ordinated approach to land use planning in the coastal zone in a manner consistent with the objects of the Coastal Management Act 2016, including the management objectives for each coastal management area, by— 
(a) managing development in the coastal zone and protecting the environmental assets of the coast, and (b) establishing a framework for land use planning to guide decision-making in the coastal zone, and (c) mapping the 4 coastal management areas that comprise the NSW coastal zone for the purpose of the definitions in the Coastal Management Act 2016.

Clause 2.3 - zoning (land_use_zoning): This Chapter applies to land within the coastal zone.

Clause 2.7 - environmental_protection (development_control): The following may be carried out on land identified as “coastal wetlands” or “littoral rainforest” on the Coastal Wetlands and Littoral Rainforests Area Map only with development consent— 

(a) the clearing of native vegetation within the meaning of Part 5A of the Local Land Services Act 2013, (b) the harm of ma

Clause 2.7 - development_control (development_control): The following may be carried out on land identified as “coastal wetlands” or “littoral rainforest” on the Coastal Wetlands and Littoral Rainforests Area Map only with development consent

",Text
f4345f2839f36bfadee9d3016d6230043ace09c84c655ddd782b834e75c25aba,"Planning Document: docs/sepps/State Environmental Planning Policy (Sustainable Buildings) 2022 - NSW Legislation.pdf

Clause 2.2 - other (development_control): A competing provision of an environmental planning instrument or development control plan, whenever made, is of no effect to the extent to which the provision aims— 
(a) to reduce consumption of mains-supplied potable water or greenhouse gas emissions related to the use of— 
(i) a building, or (ii) the land on which a building is located, or (b) to improve the thermal performance of development, or (c) to quantify and report on the embodied emissions attributable to development.

Clause 2.2 - other (development_control): Subsection (1) does not— 
(a) displace a competing provision to the extent to which the provision applies to part of BASIX development or BASIX optional development that will not be used for residential purposes, or   
(b) apply to a competing provision that encourages, or offers incentives for, the adoption of measures beyond the measures required by provisions of the kind referred to in the definition of competing provision.

Clause 3.1 - other (development_control): This Chapter applies to development, other than development for the purposes of residential accommodation, that involves— 
(a) the erection of a new building, if the development has an estimated development cost of $5 million or more, or 
(b) alterations, enlargement or extension of an existing building, if the development has an estimated development cost of $10 million or more.

Clause 3.1 - zoning (land_use_zoning): development on land wholly in any of the following zones— 
(i) Zones RU1, RU2 or RU3,   
(ii) Zone E5,   
(iii) Zone IN3,   
(iv) Zones C1, C2 or C3,   
(v) Zones W1, W2, W3 or W4,

Clause 2.1 - heritage (development_control): A standard specified in Schedule 1 or 2 does not apply to development involving a heritage item or in a heritage conservation area to the extent that the Planning Secretary is satisfied that the development is not capable of achieving a standard because of other development controls that apply.

",Text
268a973178a9d7b5aa7ce3ac0b8af19f51bd02b49b2e6d6f0cc25d853573215a,"Planning Document: docs/sepps/State Environmental Planning Policy (Transport and Infrastructure) 2021 - NSW Legislation.pdf

",Text
f6ae9d9cbe0ae3d1ddf318ceaad609411ca8b879b613847dae1f84f652c57f52,"Planning Document: docs/dcps/INNERWEST/Marrickville/Marrickville DCP 2011 - 1 - Statutory Information with IWLEP 2022 amendments Nov 22.pdf

Clause 1.1.3 - zoning (land_use_zoning): This DCP applies to the whole of the Inner West Local Government Area for the extent 
of land show n on Figure 1 : Extent of land where this DCP applies .

Clause 1.1.4 - other (development_control): This DCP is to be read in conjunction with Inner West Local Environmental Plan 2022. 
In the event of an inconsistency between the provisions of th e two documents,  the 
provisions of Inner West LEP 2022 shall prevail to the extent of the inconsistency.

Clause 1.1.7 - other (development_control): The purpose of this DCP is to supplement the provisions of Inner West LEP 2022  and 
provide more detailed provision s to guide development.

Clause 1.1.7 - other (development_control): Under S ection  4.15 of the EP &A Act, Council is requi red to consider the relevant 
provisions of this DCP when assessing  a development application.

Clause 1.1.9 - other (development_control): Build upon Inner W est LEP 202 2 by providing detailed objectives and controls for 
development.

Clause 1.1.9 - other (environmental_protection): To maintain and enhance the environmental and cultural  heritage of the 
Marrickville LGA.

Clause 1.1.9 - other (environmental_protection): To ensure that development  consider s the principles of ecologically 
sustainable development,  in particular energy, water and stormwater 
efficiency, solar access, wast e reduction and local biodiversity.

",Text
865000f3afc7e23add4b9571f70ca5970a6e0e67b83bae04fd3bf9471c3d9b53,"Planning Document: docs/dcps/INNERWEST/Marrickville/Marrickville DCP 2011 - 10.0 Definitions.pdf

Clause None - other (development_control): Development Application (DA)  means an application made under the Environmental Planning and Assessment Act 1979 for consent or permission to carry out development.

Clause None - other (development_control): Stormwater Drainage Concept Plan (SDCP)  means a  site plan of a development demonstrating the feasibility of the proposed drainage systems within the site and conn ection to Council's system. The plan must  include existing and  proposed ground and floor levels, show surface flow path treatment, any easements required, on -site detention storages as well as details and sizes of internal piped systems. Al l levels shown on the plan must  be to Australian Height Datum (AHD).

",Text
28d2c852282687b4b5f833a7aed5506f9577f16186eb0c5a88f1e8317cf1481e,"Planning Document: docs/dcps/INNERWEST/Marrickville/Marrickville DCP 2011 - 2 1 Urban Design.pdf

Clause 2.1 - other (development_control): This  section ensure s good urban design is integral to all  substantial development  that impacts the public environment.

",Text
ce2a384fbaf0fd5ff12bebd526372a170a88c3965ef7f30f993e1cb9eb7d8df6,"Planning Document: docs/dcps/INNERWEST/Marrickville/Marrickville DCP 2011 - 2 10 Parking.pdf

Clause 2.10 - parking (development_control): This section of the DCP guides the provision of car and bicycle parking and their 
design for private develop ments.

Clause 2.10 - parking (development_control): It prescribes different car parking provision rates for three sub -sections of the LGA -  
highly accessible areas (Parking Area 1), moderately accessible areas (Parking Area 
2) and le ast accessible areas (Parking Area 3).   Car parking rate s are most 
constrained in Parking Area 1 and least constr ained in Parking Area 3.  The three 
Parking Areas are described in Section 2.10.4 and are shown on the map provided in 
Appendix 1.  For bicycl es, provision rates are prescribed uniformly across the  where 
this DCP applies .

Clause 2.10.1 - parking (development_control): To balance the need to meet car parking demand on -site to avoid 
excessive spillover  on to streets , with the need to constrain parking to 
maintain the area ’s compact urban form and promote susta inable 
transport.

Clause 2.10.1 - parking (development_control): To provide for current and future demand for bicycle parking and to 
ensure bicycle parki ng is  well designed and located.

Clause 2.10.2 - parking (development_control): Parking policy is an important component of promoting sustainable transport and 
planning for liveable and economically viable communities.

Clause 2.10.2 - parking (development_control): Contemporary 
policies also meet current demand and a llow for  future demand for bicycle parking a nd 
parking for carshare and environmental vehicles.

Clause 2.10.2 - parking (development_control): In larger developments, and in some smaller developments where appropriate, a key  
action for improved management of parking is prioritising targeted users of parking 
space -  for efficiency, equity and environmental reasons.

Clause 2.10.3 - parking (development_control): RMS  Guide to Traffic Generating  Developments ( 2002 ), which provides 
guidance on park ing provision rates, whilst re cognising the need to reduce 
those rates in accessible areas in the interests of applying travel de mand 
management principles; and

",Text
74fa61fe3e659a2e3515896a5479b2ca83762a41492b2ea3212a960bf318bd90,"Planning Document: docs/dcps/INNERWEST/Marrickville/Marrickville DCP 2011 - 2 11 Fencing.pdf

Clause N/A - heritage (development_control): NB Specific detail for fencing in heritage conservation areas  (HCAs)  is provided in Part 8 (Heritage) of this  DCP.

Clause C4 - heritage (development_control): Modifications to the fence of a heritage item, period building or within a  heritage conservation area  must be designed in a  manner which contributes to the historic style of the bui lding and streetscape context.

Clause C5 - heritage (development_control): Existing fences must  be retained where they are consistent with the period style of the building .

Clause C6 - heritage (development_control): Any new fences must  be consistent with the traditional designs used in the area, but using simpler detailing

Clause C12 - height_limit (development_control): Fences over 1.2 m etres  high  are generally inappropriate as they reduce visibility of the garden setting and the heritage item or period b uilding.

Clause C12 - height_limit (development_control): On sloping sites, fences may rise to a m aximum 1.5  metres  before stepping down to 1.2  metres or less.

Clause C13 - other (development_control): High solid walls and fences must be avoided as they d etract from the streetscape and impede passive su rveillance.

Clause C14 - other (development_control): New fences must  be finished in dark or recessive materials and surfaces , and aluminium panel fencing must be avoided.

",Text
e99761f27e0f1efcafee75253d81d36f88202356e8982f2fb60a924ad0278cb0,"Planning Document: docs/dcps/INNERWEST/Marrickville/Marrickville DCP 2011 - 2 12 Signs and Advertising Structures.pdf

Clause 2.12 - other (development_control): This section of the DCP specifies Council’s objectives and requirements for the erection and display of advertising signs. These provisions are intend ed to protect the significant characteristics of retail/commercial strips, neighbourhoods, buildings, streetscapes, vistas and the skyline.

Clause 2.12 - other (development_control): Advertising signs clearly indicate  retail and commercial uses, and contribute to lively retail strip s. However, too much signage creat es visual clutter, detracts  from the  streetscape quality and reduces the effectiv eness of advertising .

Clause 2.12.1 - other (development_control): To ensure all advertisi ng achieve s a high level of design quality and is compatible  with the architectural design of the host building, the character of the streetscape and the size and juxtaposition of other signs in the immediate vicinity.

Clause 2.12.1 - other (development_control): To ensure signage does not dominate o r detract from the arc hitectural features of the building  and from the white -way lighting found along some retail strips.

Clause 2.12.1 - other (development_control): To ensure advertising does not cause amenity  loss, or have a detrimental effect on the natural or built environment or the safety, appearance or efficiency of any public area.

Clause 2.12.1 - other (development_control): To ensure the location and design of signs are consistent with road safety principles.

Clause 2.12.1 - other (development_control): To ensure the use of corporate logos, colour and illumination schemes in signage are compatible  with the architecture of the ho st building and do not adversely impact upon the local streetscape.

Clause 2.12.1 - other (development_control): To ensure signage retains the visual prominence and integrity of the roof and silhouette form of the business centre.

",Text
42fdd91a23b75921fc115cdfbe17039dbe4e6bf9416f772e4e8dc8922ed9e8b3,"Planning Document: docs/dcps/INNERWEST/Marrickville/Marrickville DCP 2011 - 2 13 Biodiversity.pdf

Clause 2.13.3 - environmental_protection (environmental_protection): Development on land identified on the Biodiversity M ap as B andicoot Protection Area , provided in Appendix 3, may be required to undertake an assessment of significance.

Clause 2.13.3 - environmental_protection (environmental_protection): The proposed development involves any work that will disturb or reduce existing pervious surfa ce ar ea of a site by more than 25%.

",Text
33b911c1e8a6f8732d1140ef0ac37e8c6b4b16715cebe8749b5fd7ec16c383e8,"Planning Document: docs/dcps/INNERWEST/Marrickville/Marrickville DCP 2011 - 2 14 Unique Environmental Features.pdf

Clause 2.14 - other (development_control): The following  objectives, controls and design solutions apply to land that contains unique environmental features. Additional objectives and controls also apply to land in the Thornley  Street Scenic Protection Area.

Clause 2.14.2 - other (development_control): Development must be designed to address any distinctive environmental features of the s ite or on adjoining nearby land.

Clause 2.14.2 - other (development_control): Development must  respond to these features by appropriately considering outlook, the location of  structures , design  and materials.

Clause 2.14.2 - height_limit (development_control): Development adjoining public open space must be set back from open space and be of a height and scale  appropriate to the unique environmental qualities of the area.

Clause 2.14.2 - environmental_protection (environmental_protection): Clearing of vegetation must be minimised and colours and materials selected that integrate with the characteristics of the area.

Clause 2.14.3 - other (development_control): The Thornley Street scenic protection area is an area with unique environmental features and has been identified for its landscape, cultural and scenic qualities.

Clause 2.14.5 - other (development_control): Development  within the scenic protection area must be : 
i. Designed and located to minimise potential adverse environme ntal impact.

Clause 2.14.5 - other (development_control): Of a scale compatible with the character, landscape and scenic qualities of the area

",Text
82fb2be881d801acc95772f3f9e40bc49828fcbd09f6427e447f4f6e2f272bfc,"Planning Document: docs/dcps/INNERWEST/Marrickville/Marrickville DCP 2011 - 2 16 Energy Efficiency.pdf

",Text
4760be1f910017a7aac406e1d16ec2ce7f55bc0ecfe5765d6386cb32e077ebc4,"Planning Document: docs/dcps/INNERWEST/Marrickville/Marrickville DCP 2011 - 2 17 Water Sensitive Urban Design.pdf

Clause 2.17 - environmental_protection (environmental_protection): Treat stormwater so that the area  reaches the relevant stormwater quality targets for stormwater reuse and/or stormwater entering receiving waters .

Clause 2.17.1 - environmental_protection (environmental_protection): Reduce the consumption of potable water through water efficient fittings and appliances, rainwater harvesting and wastewater reuse.

Clause 2.17.1 - environmental_protection (environmental_protection): Use rainwater, treated urban stormwater or treated wastewater for non-potable uses where appropriate.

Clause 2.17.1 - environmental_protection (environmental_protection): Implement WSUD into the public and private domain for multiple benefit s, including improving microclimates, improving habitat for local fauna  and maximising  the visual and recreational amenity of urban development.

Clause 2.17.1 - environmental_protection (environmental_protection): Shift the focus of water management from the traditional flood control approach to a sustainable stormwater management approach.

Clause 2.17.2 - development_control (development_control): Specific developments are required to meet water conservation and stormwater quality targets that have been established for land where  this DCP applies .

Clause 2.17.3 - development_control (development_control): All residential buildings are to demonstrate compliance with State Environmental Planning Policy -  Building Sustainability Index (BASIX), 
as required.

Clause 2.17.3 - development_control (development_control): All buildings not covered by the State Environmental Planning Policy -  
BASIX:  
i. that are installing any water use fittings must meet minimum 
standards defined by the Water Efficiency Labelli ng and Standards 
(WELS) Scheme. Minimum WELS ratings are 4 star dual -flush 
toilets, 3 star showerheads, 4 star taps (for all taps other than bath

",Text
ddad2772a6408f787f3d502d73c19de385c64a9eea3656768d7015c49c704f67,"Planning Document: docs/dcps/INNERWEST/Marrickville/Marrickville DCP 2011 - 2 18 Landscaping and Open Spaces.pdf

Clause 2.18 - other (development_control): Any new development must  preserve and protect any existing trees on site.

Clause O4 - other (environmental_protection): To minimise the extent of hard paved areas and facilitate rainwater infiltration.

Clause O9 - other (development_control): To ensure industrial sites have adequate landscape d areas to present a softer and more interesting street presentation and to facilitate rainwater infiltration.

Clause O10 - other (land_use_zoning): To create a vegetated buffer between residential and industrial  uses .

Clause O11 - other (environmental_protection): To encourage green corridors and to require the retention of indigenous vegetation –  and, in the case of new plantings, to encourage planting locally indigenous species.

Clause O12 - other (development_control): To encourage green roofs and green walls particularl y for large scale developments.

",Text
b4a13eb95d92593598c6c5532ffd5dff964cb269e29708777f105c4143fe3572,"Planning Document: docs/dcps/INNERWEST/Marrickville/Marrickville DCP 2011 - 2 25 Stormwater management.pdf

Clause 2.25 - other (development_control): The flow of stormwater from developments needs to be managed so as to negate or reduce to an acceptable frequency the possibility of flooding buildings and/or the danger to life at any location, through the storage of stormwater whe re appropriate in developments and the control of major  development drainage systems.

Clause 2.25.2 - other (land_use_zoning): Attached 
Dwellings, 
Dwelling Houses, 
Secondary 
Dwellings and 
Semi -Detached 
Dwellings

Clause 2.25.2 - other (land_use_zoning): Multi -Dwelling 
Housing, Residential Flat 
Buildings  and 
Shop Top 
Housing

Clause 2.25.2 - other (land_use_zoning): Commercial , 
Industrial , 
Institutional

Clause 2.25.2 - other (development_control): On Site  Detention  Yes (3,  6)

Clause 2.25.2 - other (development_control): Yes (3 , 8)

Clause 2.25.2 - other (development_control): On Site Retention  Yes (3 , 8)

Clause 2.25.2 - other (development_control): Gravity Pipe 
System Required  Yes (4)

",Text
16f4b18b996d8d64ffda7ef711048a913f3b4370fc99a308fa3dc4328371129a,"Planning Document: docs/dcps/INNERWEST/Marrickville/Marrickville DCP 2011 - 2 3 Site Context Analysis.pdf

Clause 2.3 - other (development_control): This DCP encourages restoration, sympathetic alterations and 
additions and infill development that retains and enhances the area where t his DCP 
applies  unique character.

Clause 2.3 - setback (development_control): Front setbacks and front projections

Clause 2.3 - setback (development_control): Side setbacks

Clause 2.3 - other (development_control): Designs for new buildings, or additions which will be visible from th e street, should 
incorporate tho se features  to en sure consistenc y with the streetscape.

Clause C1 - other (development_control): A site and context analysis must be submitted for all new development 
excluding internal alterations and m inor external altera tions and 
additions.

Clause C2 - other (development_control): The site and context analysis must demonstrate an appreciation of the site and its context, and the opportunities and constraints on the  layout 
and design of the site.

Clause C3 - other (development_control): The site and context analysis must demonstrate that the development  
will integrate within the streetscape when considering scale, proportion 
and massing.

Clause C4 - other (development_control): The site and context analysis must demonstrate that the building is well 
proportioned, both as an individual element and within the streetscape.

",Text
6d7febc2d56f9daf99852c19e437f9a1e541736228f1cbfc97f5befdf6a459fd,"Planning Document: docs/dcps/INNERWEST/Marrickville/Marrickville DCP 2011 - 2 5 Equity of Access and Mobility.pdf

Clause 2.5.1 - parking (development_control): To provide an adequate supply of car parking facilities for use by people with a disability.

Clause 2.5.3 - other (development_control): When assessing a development application Council mu st take into account the 
following matters as relevant to the application:  
i. The provision fo r ease of use and comfort through appropriate 
gradients, rest areas, circulation space and user friendly 
entrances;  
ii. Safety measures, including contrasting colours fo r points of 
danger, slip resistant travel surfaces and appropriate positioning 
of street fu rniture, public art installations, signage or any other 
obstacles, including those in the public domain;  
iii. Legible design and way  finding features, such as s igns and 
international symbols and indicators, to assist in determining the 
location of handrails, gu ard-rails and tactile indicators where 
relevant;  
iv. Opportunities for access through principal entrances of 
...

Clause 2.5.4.1 - other (development_control): The DDA also makes it unlawful for public places to be inaccessible to people with a 
disability. It seeks to ensure that people with a disability have the same rights to 
equality before the law as the rest of the community.

",Text
2527ea045c7b148df6025ac9ba2b166c3211ea63673ca224f2db35b97a4da250,"Planning Document: docs/dcps/INNERWEST/Marrickville/Marrickville DCP 2011 - 2 6 Acoustic and Visual Privacy.pdf

Clause 2.6.3 - other (development_control): New development on land within an ANEF affected area must  be designed and constructed in a ccordance with the relevant Australian Standard and other guidelines issued by relevan t agencies and authorities

Clause 2.6.3 - other (environmental_protection): Australian Standard AS 202 1 Acoustics – aircraft noise intrusion – building, siting and construction provides standards for noise attenuation of buildings located within an ANEF affected area.

Clause 2.6.3 - other (development_control): The introduction of acoustic measures to reduce aircraft noise must not unacceptably detract from the streetsc ape value of individual bui ldings.

Clause 2.6.3 - other (development_control): New dwellings close to high noise sou rces such as busy roads, rail lines and industry must  be designed to locate habitable rooms and private open s paces away f rom noise sources or protect tho se areas with appropriate noise shielding devices.

Clause 2.6.3 - other (development_control): Development for the purpose of child care centres, educational establishments, hospitals, places of public worship and r esidential accommodatio n close to busy r oads and rail  lines must also comply with the relevant Australian Standards and State Environmental Planning Policies (SEPPs)

Clause 2.6.3 - other (development_control): Decks, balconies and verandas along side boundaries and noisy walking s urfaces or elevated side passages must  be avoided where they face a residential building

Clause 2.6.3 - other (development_control): Recreation al facilities such as swimming  pools and barbecue areas must  be located away from the bedroom areas of adjoining  dwellings.

Clause 2.6.3 - other (development_control): Private open s paces of new residential development must  be located and designed to offer a reasonable le vel of privacy for their users

",Text
4102102d2ceafaef700cd572602465e671e8c6cad37a859200967771fca969fd,"Planning Document: docs/dcps/INNERWEST/Marrickville/Marrickville DCP 2011 - 2 7 Solar Access and Overshadowing.pdf

Clause 2.7 - other (development_control): Retaining direct solar access and avoiding detrimental overshadowing  of interna l and 
external spaces are significant concerns for residents where building work is proposed 
on adjoining or nearby sites

Clause 2.7.1 - other (development_control): To promote energy efficiency in the design, construction and use of buildings.

Clause 2.7.1 - other (development_control): To encourage the use of passive solar design.

Clause 2.7.1 - other (development_control): To protect solar access enjoyed by neighbours.

Clause 2.7.1 - other (development_control): To ensure PV panels and solar hot water systems are located and placed to recei ve maximum exposure to sunlight .

Clause C1 - other (development_control): Shadow diagrams must show the effect in plan and elevation view of existing and proposed overshadowing for June 2 1 at hourly intervals 
between 9.00am and 3.00pm.

Clause C2 - other (development_control): Direct solar access to windows o f principal living areas and  principal 
areas of open space of nearby residential accommodation must:

Clause C2 - other (development_control): Not be reduced t o less than two hours betwe en 9.00am and 
3.00pm on 21 June

",Text
352b1e4f8b3e74bde5134f3e9799f8fe66e25d9e232bf8f05d892d1945db2da0,"Planning Document: docs/dcps/INNERWEST/Marrickville/Marrickville DCP 2011 - 2 8 Social Impact Assessment.pdf

Clause 2.8.2 - other (development_control): A SIC or SIS is required with any development application if Council believes a proposed development is likely to have a significant impact on the community.

Clause 2.8.3 - other (development_control): To ensure proposals are considered in accordance with S ection 4.15  of the Environmental Planning and Assessment Act 1979  (EP&A Act ) and the Inner West  Local Environ mental Plan 202 2 (IWLEP 2022 ) and policies.

Clause 2.8.5 - other (development_control): A SIC or SIS is required with any development application if, in the opinion of Council, a pr

",Text
e922f51f3a7653942dcd2b5e9139ff93fbcc744b5d628d98d19d02389b7b3ed0,"Planning Document: docs/dcps/INNERWEST/Marrickville/Marrickville DCP 2011 - 2 9 Community Safety.pdf

Clause None - other (development_control): Assessing all applications against bas ic CPTED design principles; and  
2. Undertaking a crime risk assessment for specifically identified development types.

Clause None - other (development_control): This section of the DCP  sets out detailed objectives and controls for CPTED against 
which Council will assess all de velopments. In addition, this section stipulates the 
development types that will be subject to a formal crime risk assessme nt process 
under Section 2.9.5.

Clause None - other (development_control): To ensure all development applications are assessed against the four core CPTED principles to enhanc e community safety.

Clause None - other (development_control): To encourage  development which adjoins laneways, alleyways, parks 
and open spaces or other public areas to contribute to the safety of 
those areas by maximising opportunities for surveillance.

Clause None - other (development_control): To encourage the use of external lighting to improve the safety and 
security of property by increasing opportunities for casual surveillance 
and deterring illegal access.

Clause None - other (development_control): To minimise unintended or unauthorised access to any premises by the appropriate design and location of built and natural elements.

Clause None - other (development_control): Access control uses  physical and symbolic barriers to attract, channel or restrict the 
movement of people in order to make it clear where people are permitted to go or not 
go.

",Text
327d5c5a4518394d99ba13202a679b7a367cb03a1a19a9220df4de5701488785,"Planning Document: docs/dcps/INNERWEST/Marrickville/Marrickville DCP 2011 - 3 0Part3Subdivision, Amalgation, Movement Network - with IWLEP 2022 amendments.pdf

Clause 3.1 - other (land_use_zoning): Under the Environmental Planning and Assessment Act, 1979  (EP&A Act), subdivision 
is defined as development that seek s division of land i nto two or more parts that , after 
the division, would be adapted for separate occupation, use or disposition.

Clause C1 - other (development_control): Subdivision or site amalgamation must not compromise the significant features of the exis ting site or adjoining sites, including streetscape, 
landscape features, trees, fences and rocky outcrops.

Clause C2 - other (development_control): Applicants must demonstrate that the following issues have been considered in the preparation of the subdivision or amalgamation 
application:  
i. Site topography and other natural and physical features of the land;  
ii. Existing services;  
iii. Existing vegetation;  
iv. Existing easements or the need for any new easements;  
v. Stormwater management; and  
vi. Vehicle access to the lots, minimising access to Stat e roads.

Clause C3 - other (development_control): Corner properties must  have  splayed corner(s) for road wi dening 
purposes and to improve  sight lines at intersections for vehicles,  
pedestrians  and cyclists and increase the footpath area for pedestrian 
access at corners, especially in centres. Spl ays will generally b e as 
follows:  
i. 3 metres  x 3 metres  at street and street corner;  
ii. 2 metres  x 2 metres  at street and lane corner; and  
iii. 2 metres  x 2 metres  at lane and land corner.

Clause C4 - other (development_control): When a proposal involves boundary adjustment or excision of land where it is proposed to continue  existing uses:  
i. Development consent, by way of a new application must be sought 
for any continuing use on the newly proposed lots;  
ii. The new lot boundaries must  relate appropriately to the boundary 
of existing and any new separate occupancies and any associated 
spaces; and  
Error! Reference source not found.   Error! Reference source not found.

Clause C4 - other (development_control): The arrangement of new lot boundaries must not create any non -
compliances with any controls within this DCP that the property 
currently complies with, reduce from the existing extent of compliance, or otherwi se impact on the functioning of the existing 
uses.

",Text
e4651eacf6c9b95855c7ad44a399ddbe723dd17daf875f26bd1a4e3aad43de7e,"Planning Document: docs/dcps/INNERWEST/Marrickville/Marrickville DCP 2011 - 4 0 Cover.pdf

",Text
4ed2651847721a50ee2c951d40f7716a6b49625f7686553586004effc61aa368,"Planning Document: docs/dcps/INNERWEST/Marrickville/Marrickville DCP 2011 - 4 2 Multi Dwelling Housing and RFBs - with IWLEP 2022 amendments.pdf

Clause 4.2 - parking (development_control): NB Section 4.2 provides core controls and objectives relevant to multi dwelling housing and residential flat buildings. It must be consulted in conjunction with other relevant sections of the DCP that provide applicable con trols and obj ectives like parking, landscaping, fencing or solar access.

Clause 4.2.1 - zoning (land_use_zoning): O5 To ensure new development is compatible with the ex isting zoning and desired future character of the locality.

Clause 4.2.1 - environmental_protection (environmental_protection): State Environmental Planning Pol icy (Building Sustainability Index: BASIX) 2004 (BASIX SEPP) requires new residential developments to be energy and water efficient.

Clause 4.2.1 - environmental_protection (environmental_protection): O7 To ensure new develo pment considers the principles of ecologically sustainable development, in particular energy, water and stormwater efficiency, solar access, natural ventilation, waste reduction and local biodiversity.

Clause 4.2.1 - other (development_control): O8 To maintain a reasonable level of amenity for neighbou rs by ensuring development has minimal impact on neighbouring/adjoining properties in terms of building dominance (bulk and scale), overshadowing and privacy (both visual and acoustic).

Clause 4.2.1 - parking (development_control): O9 To consider building location, design and car parking in order to maxi mise use of publ ic transport.

Clause 4.2.2 - setback (development_control): 2. Ensure new development maintains the same setback and e nhances the streets cape character of the locality;

Clause 4.2.2 - parking (development_control): 11. Ensure driveways or garages do not dominate the view of the d evelopment from the street and consider alternative modes of transport and car share options to reduce o n-site pa rking;

",Text
0a57fcd336b371d1660cef2f6be633714bb4edce78b40514e81e0bcf02df5e7e,"Planning Document: docs/dcps/INNERWEST/Marrickville/Marrickville DCP 2011 - 4 3 boarding houses (1).pdf

Clause 4.3.2 - other (development_control): In accordance with A.2.6 of MDCP 2011 a Plan of Management is required for a boarding house

Clause 4.3.3 - zoning (land_use_zoning): Development applications for boarding h ouses in the R2 – Low Density Residential zone will be assessed in accordance with the relevant controls in Section 4.1 of this DCP relating to low d ensity residential development and the relevant object ives and controls in Section 4.3.

Clause 4.3.3 - zoning (land_use_zoning): Development applica tions for boarding houses in the R1 – General Residential, R3 – Medium Density Residential and R4 – High Density Residential zones will be assessed i n accordance with the relevant controls in Section 4.2  of this DCP relating to multi dwelling housing and r esidential flat buildings and the relevant objectives and controls in Section 4.3.

Clause 4.3.3 - zoning (land_use_zoning): Development applications for boarding houses in the B1 -  Neighbour hood Centre Zone; B2 -  Local Centre Zone and B4 -  Mixe d Use zones will be assessed in accordance with the r elevant controls in Section 5 of this DCP relating to commercial and mixed use development and the relevant objectives and controls in Section 4.3.

Clause 4.3.3 - parking (development_control): Minimum access requirements for boarding houses are pro vided in Section 2.5.10.

Clause 4.3.3 - other (development_control): Solar access requirements fo r boarding houses are detailed in Section 2.7.5.2

Clause 4.3.3 - parking (development_control): Car parking requirements for boarding houses are detailed in Table 1 in Section 2.10 Parking. Parki ng provision rates for boarding houses are lower than for residential flat buildings to reflect an expected  lower car ownership rate and to facilitate housing affordability.

Clause 4.3.3 - other (environmental_protection): energy efficien cy requirements

",Text
eac8a6109dd7d0254186f82808bc8d892477ea357121d0268c8220c9426ba4b8,"Planning Document: docs/dcps/INNERWEST/Marrickville/Marrickville DCP 2011 - 4 3 Boarding Houses.pdf

Clause 4.3.2 - development_application (development_control): NB In accordance with A.2.6 of MDCP 2011 a Plan of Management is required for a boarding house – refer to Council’s  POM Template.

Clause 4.3.3 - zoning (land_use_zoning): NB Development applications for boarding h ouses in the R2 – Low Density Residential zone will be assessed in accordance with the relevant controls in Section 4.1 of this DCP relating to low d ensity residential development and the relevant object ives and controls in Section 4.3.

Clause 4.3.3 - zoning (land_use_zoning): NB Development applica tions for boarding houses in the R1 – General Residential, R3 – Medium Density Residential and R4 – High Density Residential zones will be assessed i n accordance with the relevant controls in Section 4.2  of this DCP relating to multi dwelling housing and r esidential flat buildings and the relevant objectives and controls in Section 4.3.

Clause 4.3.3 - zoning (land_use_zoning): NB Development applications for boarding houses in the B1 -  Neighbour hood Centre Zone; B2 -  Local Centre Zone and B4 -  Mixe d Use zones will be assessed in accordance with the r elevant controls in Section 5 of this DCP relating to commercial and mixed use development and the relevant objectives and controls in Section 4.3.

Clause 4.3.3 - parking (development_control): NB Minimum access requirements for boarding houses are pro vided in Section 2.5.10.

Clause 4.3.3 - other (development_control): NB Solar access requirements fo r boarding houses are detailed in Section 2.7.5.2

Clause 4.3.3 - parking (development_control): NB Car parking requirements for boarding houses are detailed in Table 1 in Section 2.10 Parking. Parki ng provision rates for boarding houses are lower than for residential flat buildings to reflect an expected  lower car ownership rate and to facilitate housing affordability.

Clause 4.3.3 - other (development_control): NB Refer to Section 2.16.2 for energy efficien cy requirements.

",Text
ee890d339dfb98feb611ded524c618d39325a3cb93009e31a3400163cf0c8bb4,"Planning Document: docs/dcps/INNERWEST/Marrickville/Marrickville DCP 2011 - 4.1 Low Density Residential Development.pdf

Clause 4.1.6.1 - fsr_control (development_control): Floor space ratio and height

Clause 4.1.6.2 - setback (development_control): Building  setbacks

Clause 4.1.7 - parking (development_control): Car parking

Clause 4.1.6.1 - height_limit (development_control): height

Clause 4.1.6.3 - setback (development_control): Site coverage

",Text
0847c24b26ba6a6d9eb1782da4644c4c1f5b3157a18f3db08975edf17f10875c,"Planning Document: docs/dcps/INNERWEST/Marrickville/Marrickville DCP 2011 - 5 0 Commercial and Mixed Use Development - with IWLEP 2022 amendments.pdf

Clause 5.1.3.2 - height_limit (development_control): Height

Clause 5.1.3.1 - fsr_control (development_control): Floor space ratio (FSR)

Clause 5.1.3.3 - setback (development_control): Massing and setbacks

Clause 5.1.6 - parking (development_control): Vehicle access, parking, loading and services

Clause 5.1.1 - heritage (development_control): Contributory buildings

Clause 5.1.2 - zoning (land_use_zoning): Type of commercial and mixed use developments

Clause 5.3.1.3 - environmental_protection (environmental_protection): Environmental protection

",Text
39012c4994329f6562e968cf2efafc0f3bf1fc158671845f7245efb07e205a40,"Planning Document: docs/dcps/INNERWEST/Marrickville/Marrickville DCP 2011 - 6 0 Industrial Development - with IWLEP 2022 amendments.pdf

Clause 6.1 - zoning (land_use_zoning): This part generally applies to all land within the IN1 General Industrial  zone , IN2 Light Industrial  zone  and some commercial  zones , where in dustrial activities are permissible, under the provisions of Inner W est LEP 202 2.

Clause 6.1.1 - height_limit (development_control): To encourage design that is of a type, scale, height, bulk and character that is compatible with , and will  enhance , the streetscape characteristics of the surrounding area.

Clause 6.1.2.1 - land_use_zoning (land_use_zoning): Where development or use of a number of existing lots is p roposed, the lots must  be consolidated into o ne parcel, and the plan of consolidation lodged with the relevant authority .

Clause 6.1.2.1 - land_use_zoning (land_use_zoning): No part of any site is to be separately leased from the remainder of the property for the purpose of a separate occupation or oper ation from an approved use except where the prior  development consent of Coun cil has been sought and obtain ed to any such lease, occupation or operation.

Clause 6.1.2.1 - parking (development_control): Where there is to be a strata plan of subdivision , any space for parking or other purposes forming a part of a sole occupancy unit must be included in the same strata lot as the unit.

Clause 6.1.2.2 - parking (development_control): To ensure all loading and unloading, turning movements, queuing and parking of vehicles, including delivery vehicles as sociated with the new development , occurs wholly within the site.

",Text
261e63bc44a55ca3f914a5b82cdec6cbe1fc4f4e8c0f1cf37f15debaac0e24d7,"Planning Document: docs/dcps/INNERWEST/Marrickville/Marrickville DCP 2011 - 7 1 childcare centres - with IWLEP 2022 amendments.pdf

Clause 7.1.2 - zoning (land_use_zoning): Under Inner W est LEP 202 2 child care centres are pe rmitted with consent in the 
following zones: 
 
• R1 - General Residential; 
• R2 - Low  Density Residential; 
• R3 - Medium Density Residential; 
• R4 - High D ensity Residential; 
• B1 - Neighbou rhood C entre;  
• B2 - Local Centre; 
• B4 - Mixed Use; 
• B5 - Business Development; 
• B7 - Business Park; 
• IN2 - Light Indus trial;  
• RE1 Public Recreation;  and 
• RE2 - Private R ecreation.

Clause None - development_application (development_control): Before s ubmitting a development app lication applicants are required to refer t o the 
National Quality Framework to determ ine the requirements for licen sing, so that th ese 
can be incorporated  into the design of the c hild care centre. Applicants are req uired to 
lodge a statement w ith the development ap plication that the propo sal will comply with 
the Education and Care S ervices National Law 2011 and R egulation 2011, a nd the 
National Quality Standar d.

Clause None - development_application (development_control): NB Development applications for child care centres in the R2 – Low Density 
Residential Z one will be assessed in accordance with the relevant controls in 
Section 4.1 of this DCP relating to low density resid ential development and th e 
relevant objectives and controls in Section 7.1.

Clause None - development_application (development_control): NB Development applications for child care centres in the R1 – General Residential 
Zone, R3 – Medium Density Residential Zone, R4 – High Density Residential 
Zone , RE1 - Public Recr eatio n and  RE2 – Private Recr eation Zone will be 
assessed in accordance with the relevant controls in Section 4.2 of this DCP 
relating to multi dwelling housing and residential flat buildings and the relevant 
objectives and controls in Section 7.1.

Clause None - development_application (development_control): NB Develop ment applications for child c are centres in the B1 - Neighbourhood 
Centre Zone, B2 -  Local Centre Zone, B4 -  Mixed Use Zone, B5 -  Business 
Development Zone and B7 -  Business Park Zone will be assessed in accordance 
with the relevant controls in Section 5 o f this DCP relating to commer cial and 
mixed use development and the relevant objectives and controls in Section 7.1.

Clause None - development_application (development_control): NB Development applications for child care centres in the IN2 – Light Industrial Zone 
will be assessed in accordance with the relevant control s in Section 6 of this DCP 
relating to industrial development and the relevant objectives and controls in 
Section 7.1.

Clause None - parking (development_control): NB Car parking requirements for child care ",Text
9b6c5a221708b37487526e1d777f9b6fd54efd1583448cc1a1058926abe898a0,"centres are detailed in Section 2.10.

Clause None - heritage (development_control): NB Where a child care centre  is on the site of a heritage item or within a heritage 
conservation area,  the proposal will also need to comply w ith the relevant 
heritage  controls contained in Part 8 of this DCP.

",Text
7f7b9121926fa2f8d9f48fdbc34aeb1562b927f4587f901aaafa80b239c1d913,"Planning Document: docs/dcps/INNERWEST/Marrickville/Marrickville DCP 2011 - 7.0 Cover.pdf

",Text
ad6abfb24db37d19c88a6417912e34bf4589c7ec1473be367ac68f9866697c83,"Planning Document: docs/dcps/INNERWEST/Marrickville/Marrickville DCP 2011 - 7.3 Sex Industry and Adult Business Premises.pdf

Clause None - zoning (land_use_zoning): MLEP 2011  specifically regulates where sex services premises ( IN1 General Industrial zone , IN2 Light Industrial zone and B6 Enterprise Corridor zone ) and restricted premises ( B4 Mixed Use zone and B5 Business Development zone) may be located.

Clause None - amenity (development_control): Council’s controls ar e designed to ensure that adult businesses, restricted premises and sex services premises operate in appropriate locations, do not result in a loss of amenity or environmental impact and are designed and operated to comply with wider industry standards, re gulations and this DCP.

Clause O2 - other (development_control): To minimise amenity impacts upon adjoining land uses, particularly residential and other  sensitive land uses.

Clause None - other (development_control): Disturbances caused by insufficient off -street parking

",Text
ebdcce2f9f26cece6023231f160afe5b1d0ea7e2ac6767f3cc24b09df871af29,"Planning Document: docs/dcps/INNERWEST/Marrickville/Marrickville DCP 2011 - 8.0 Heritage Conservation Areas Map.pdf

",Text
e82cefbf0978ba3d3c4647e27398fe48a9b6595340f521c340fe26e2fa6a510f,"Planning Document: docs/dcps/INNERWEST/Marrickville/Marrickville DCP 2011 - 8.0 Heritage.pdf

Clause 8.1.2 - heritage (development_control): Heritage Items

Clause 8.1.3 - heritage (development_control): Heritage Conservation Areas

Clause 8.1.5 - heritage (development_control): Development consent

Clause 8.1.7 - heritage (development_control): Heritage Items

Clause 8.1.7.2 - heritage (development_control): Development in the vicinity of a heritage item

Clause 8.1.8 - heritage (development_control): Requirement for a HIS or CMP

Clause 8.1.10 - heritage (environmental_protection): Archaeological sites

Clause 8.1.11 - heritage (environmental_protection): Places of Aboriginal heritage significance

",Text
9db93ebf28405b1a2f30c581774553e027243a4df508b6179c82404642a63725,"Planning Document: docs/dcps/INNERWEST/Marrickville/Marrickville DCP 2011 - 9 0 Cover.pdf

",Text
b5f28e2f712baa7a3058492a4c48ee3ff9a4879981f6b5948a01ee0009aa33ef,"Planning Document: docs/dcps/INNERWEST/Marrickville/Marrickville DCP 2011 - 9 0 Introduction.pdf

Clause Part 9 - zoning (land_use_zoning): Part 9 of this DCP divides the land where this DCP applies  into 47 planning precincts.

Clause 9.0 - other (development_control): Each planning precinct has its own distinct character and provides an important 
contextual basis f or establishing appropriate types of dev elopment in association with 
other controls within the DCP.

Clause 9.0 - other (development_control): Each precinct has an existing and desired future 
character to guide development within the area.

Clause 9.0 - other (development_control): Planning controls and objectives have been applied to preci nct-specific areas and site -specific are as (through masterplans) to 
assist in achieving the desired future character.

Clause 9.0 - heritage (development_control): Heritage conservation areas if located 
within a precinct are referenced.

",Text
9c6fb36fdfc464b1e7710a88515dbe888b95c67eecf015f8d544c524791d8ad8,"Planning Document: docs/dcps/INNERWEST/Marrickville/Marrickville DCP 2011 - 9 1 Lewisham North Precinct 1.pdf

Clause 9.1.1 - other (environmental_protection): development within the precinct considers the  potential  impacts to biodiversity

Clause 9.1.2 - heritage (heritage): To protect and preserve the identified period buildings within the precinct and 
encourage their sympathetic alteration or restoration.

Clause 9.1.2 - heritage (heritage): To protect the i dentified heritage i tems within the precinct.

Clause 9.1.2 - height_limit (development_control): To maintain distinc tly single  storey streetscapes that exist  within the precinct.

Clause 9.1.2 - other (environmental_protection): To ensure that  new  development considers all potential impacts to biodiversity.

Clause 9.1.2 - other (land_use_zoning): To preserve the predominantly low density residen tial character of the precinct.

Clause 9.1.2 - parking (development_control): To ens ure that the provision and location of off -street car parking doe s not 
adversely impact the amenity of the precinct.

",Text
58ccfa1705f22ce6c2dd65c2cb7e6ebff3a81ef7143265c14a5043dea1871834,"Planning Document: docs/dcps/INNERWEST/Marrickville/Marrickville DCP 2011 - 9 10 Dulwich Hill North.pdf

Clause 9.10.2 - heritage (development_control): To protect and preserve the identified period buildings within the precinct and 
encourage their sympathetic alteration or restoration.

Clause 9.10.2 - heritage (development_control): To protect the identified Heritage Items  within  the precinct.

Clause 9.10.2 - height_limit (development_control): To maintain distinctly single storey streetscapes that exist within the precinct.

Clause 9.10.2 - heritage (development_control): To protect groups or runs of buildings which retain their original built form 
including roof forms, o riginal detailing and finishes.

Clause 9.10.2 - heritage (development_control): To protect  significant str eetscapes  and/or public domain elements within the 
precinct including landscaping, fencing, open space, sandstone kerbing and 
guttering, views and vistas and prevailing subdivision patterns.

Clause 9.10.2 - zoning (land_use_zoning): To preserve the predominantly low density residential character o f the pr ecinct.

Clause 9.10.2 - environmental_protection (environmental_protection): To ensure that new  development considers all potential impacts to biodiversity.

Clause 9.10.2 - environmental_protection (environmental_protection): To ensure that n ew development  respects local fauna by minimising lighting 
impacts on nocturnal fauna; reinforcing the permeability of the GreenWay Corridor 
to the surrounding built environment for local fauna; and providing a minimum 3 
metre native vegetation buffer between the GreenWay C orridor and any new 
development.

",Text
ffc7404881e80cd8711956900208a8c6ae53a6f40ee9efb2e12e4f2fad7714bc,"Planning Document: docs/dcps/INNERWEST/Marrickville/Marrickville DCP 2011 - 9 11 Hoskins Park Precinct 11.pdf

Clause 9.11.3.2 - heritage (heritage): This precinct also contains the Hoskins Park & Environs  Heritage C onservation Area.

Clause 9.11.1 - environmental_protection (environmental_protection): The precinct has been identified as having high biodiversity values. It is essential that development within the precinct  conside rs the potential  impacts to biodiversity

Clause 9.11.2 - environmental_protection (environmental_protection): development c onsiders all potential impacts to biodiversity.

Clause 9.11.2 - heritage (heritage): To protect and preserve the identified period buildings within the precinct and encourage their sympathetic alteration or r estoration.

Clause 9.11.2 - heritage (heritage): To protect the identified H eritage Items within the precinct.

Clause 9.11.2 - height_limit (development_control): To maintain distinctly single storey streetscapes that e xist within the precinct

Clause 9.11.2 - parking (development_control): To ensure the provision and location of  off-street car parking does not adversely 
impact the amenity of the precinct.

Clause 9.11.2 - heritage (heritage): To protect the identified values of the Lewisham Estate and Hoskins Park & 
Environs  Heritage C onservation A reas.

",Text
7d3d91b325b1b44b007293110013a18c46477e429baa634a98024b987fcd79a6,"Planning Document: docs/dcps/INNERWEST/Marrickville/Marrickville DCP 2011 - 9 12 Marrickville Park and Morton Park.pdf

Clause 9.12.1 - heritage (heritage): The precinct contains three Heritage Conservation Areas being the Porter’s Brickworks Estate Heritage Conservation Area, Jarvie Ave nue Heritage Conservation Area and  the Rathlin Estate Heritage Conservation Area.

Clause 9.12.1 - heritage (heritage): This precinct also contain s a small part of the HCA 28 Dulwich Hill Commercial Precinct Heritage Conservation Area located on Marrickville Road.

Clause 9.12.2 - heritage (heritage): To protect and preserve the identified period buildings within the precinct and encourage their sympathetic alteration or restoration.

Clause 9.12.2 - heritage (heritage): To protect the identified Heritage Items  within the precinct.

Clause 9.12.2 - other (development_control): To maintain distinctly single storey streetscapes that exist within the precinct.

Clause 9.12.2 - other (development_control): To protect groups or runs of buildings which retain their original form including roof form s, original detailing and finishes.

Clause 9.12.2 - other (development_control): To protect  significant streetscape s and/or public domain elements within the precinct including landscaping, fencing, open space, sandstone kerbing and guttering, views and vistas and prevailing subdivision patterns.

Clause 9.12.2 - zoning (land_use_zoning): To preserve the predominantly low density residential character of the precinct.

",Text
37de8f066a945ebce609759702894506dd087224e800fc316fcfc4f22fb5a517,"Planning Document: docs/dcps/INNERWEST/Marrickville/Marrickville DCP 2011 - 9 13 Henson Park.pdf

Clause 9.13.2 - heritage (development_control): To protect and preserve the identified period buildings within the precinct and encourage their sympathetic alteration  or restoration.

Clause 9.13.2 - heritage (development_control): To protect the identified Heritage Items  within the precinct.

Clause 9.13.2 - height_limit (development_control): To maintain distinctly single storey streetscapes that exist within the precinct.

Clause 9.13.2 - heritage (development_control): To protect groups or runs of buildings which retain their original built form including roof fo rms, original detailing and finishes.

Clause 9.13.2 - heritage (development_control): To protect  significant streetscape s and/or public domain elements within the precinct including landscaping, fencing, open space, sandstone kerbing and guttering, views and vistas and prevailing subdivision patterns.

Clause 9.13.2 - zoning (development_control): To preserve the predominantly low density residen tial character of the precinct.

Clause 9.13.2 - parking (development_control): To ensure that the provision and location of off -street car parking does not adversely impact the amenity of the precinct.

Clause 9.13.2 - heritage (development_control): To protect the identified values of the Audley Street South (Bayswater Estate) Heritage Conservation Area and the Norwood Park Estate  Heritage Conservation Area.

",Text
debe1098ac47f0112a1b950410ebe96a0e1bd5a75ca03e6e8bd6824640a24818,"Planning Document: docs/dcps/INNERWEST/Marrickville/Marrickville DCP 2011 - 9 14 Camdenville Precinct 14.pdf

Clause 9.14.1 - heritage (heritage_protection): The precinct contains three heritage conservation areas (HCAs) being the Enmore -
Newtown Heritage C onservation A rea, part of the Enmore House Estate H eritage 
Conservation A rea and the Holmwood Estate H eritage C onservation A rea.

Clause 9.14.2 - other (development_control): To protect and preserve the identified period buildings within the precinct and encourage their sympathetic alteration or restoration.

Clause 9.14.2 - heritage (heritage_protection): To protect the identified Heritage Items  within the precinct.

Clause 9.14.2 - height_limit (development_control): To maintain distinctly single st orey streetscapes within the precinct.

Clause 9.14.2 - other (development_control): To protect  significant streetscape s and/or public domain elements within the
precinct including landsc aping, fencing, open space, sandstone kerbing and
guttering, views and vistas and prevailing subdivision patter ns.

Clause 9.14.2 - zoning (land_use_zoning): To preserve the predominantly low to medium density residential character of the
precinct.

Clause 9.14.2 - parking (development_control): To ensure the provision and location of off -street  car parking does not adversely
impact the amenity of the precinct.

Clause 9.14.2 - heritage (heritage_protection): To protect the identified values of the En more -Newtown Heritage C onservation 
Area, Enmore House Esta

",Text
e1226037d57607c91493df85ca0a5aed272e36f91e1c4a26068955b47804211e,"Planning Document: docs/dcps/INNERWEST/Marrickville/Marrickville DCP 2011 - 9 15 Enmore Park.pdf

Clause 9.15.1 - heritage (heritage): The precinct contains  the Llewellyn Esta te Heritage Conservation Area  and part of the Enmore House Estate Heritage Conservation Area .

Clause 9.15.1 - setback (development_control): Front setbacks vary throughout the precinct with common se tbacks of less than 2 metres for dwellings that are predominantly Victorian and Federation era and 2 -4 metre se tbacks for Federation and Inter -War period dwellings. Front setbacks are predominantly soft landscaped. Front fences are generally low and with t he style and materials generally reflecting the period of the dwellings. The dominant fences are brick, bric k and metal, and iron palisade.

Clause 9.15.1 - parking (development_control): Off street car parking for dwellings to the north of Victoria Road is either not present due to the small lot sizes  and era of housing or via rear laneway access only. In the southern end of the precinct, the larger lot sizes and later era of the housing stock means that some dwellings have access to rea r garages via side driveways.

Clause 9.15.1 - environmental_protection (environmental_protection): The precinct is within the Eastern Channel 1 North and East sub catchments which drain to the Cooks River.

Clause 9.15.2 - heritage (heritage): To protect and preserve the identified period buildings within the precinct and encourage their sympathetic  alteration or restoration.

Clause 9.15.2 - heritage (heritage): To protect the identified Heritage Items  within the precinct.

Clause 9.15.2 - height_limit (development_control): To maintain distinctly single storey streetscapes that exist within the precinct.

Clause 9.15.2 - other (development_control): To protect groups or runs of buildings which retain their original built form includ ing roof forms, original detailing and finishes.

",Text
88929a59a953a94ad0f98d41c0d3984b6f3bbdded45d559f5cec4759ea73801f,"Planning Document: docs/dcps/INNERWEST/Marrickville/Marrickville DCP 2011 - 9 16 Abergeldie Estate.pdf

Clause 9.16.1 - heritage (heritage): The precinct contains T he Abergeldie Est ate Heritage Conservation Area.

Clause 9.16.1 - parking (development_control): Off street parking is typically a side driveway except where lots are too small and on -street parkin g prevails (for example, parts of Union, Arlington and Abergeldie Streets).

Clause 9.16.2 - heritage (heritage): To protect and preserve the identified period buildings within the precinct and encourage their sympathetic alteration or restoratio n.

Clause 9.16.2 - heritage (heritage): To protect the identified Heritage Items  within the precinct.

Clause 9.16.2 - height_limit (development_control): To maintain distinctly single storey streetscapes that exist within the precinct.

Clause 9.16.2 - heritage (heritage): To protect groups or runs of buildings which retain their original form including 
roof forms, original detail ing and finishes.

Clause 9.16.2 - heritage (heritage): To protect  significant streetscape s and/or public domain elements within the 
precinct including landscaping, fencing, open space, sandstone kerbing and 
guttering, views and vistas and prevailing subdivision patterns.

Clause 9.16.2 - zoning (land_use_zoning): To preserve the predo minantly low density residen tial character of the precinct.

",Text
8313cbe3b239ae12c392788beda9a3413e9b7dfbcd4782c005f9552ff1335505,"Planning Document: docs/dcps/INNERWEST/Marrickville/Marrickville DCP 2011 - 9 17 New Canterbury Road West.pdf

Clause 9.17.2 - heritage (heritage_protection): To prot ect and preserve the identified period buildings within the precinct and 
encourage their sympathetic alteration or restoration.

Clause 9.17.2 - height_limit (development_control): To maintain distinctly single storey streetscapes that exist within the precinct.

Clause 9.17.2 - heritage (heritage_protection): To protect groups or runs of buildings which r etain their original built form 
including roof forms, original detailing and finishes.

Clause 9.17.2 - other (development_control): To protect  significant streetscape s and/or public domain elements within the 
precinct including landscaping, fencing, open space, sandstone kerbing and 
guttering, views and vistas and prevailing subdivision patterns.

Clause 9.17.2 - zoning (land_use_zoning): To preserve the predominantly medium/high density residential character of the precinct whilst protecting pockets of low  density residential dwellings.

Clause 9.17.2 - environmental_protection (environmental_protection): To ensure that new  development considers all potential i mpacts to biodiversity.

Clause 9.17.2 - environmental_protection (environmental_protection): To ensure that n ew development  respect s local fauna by minimising lighting 
impacts on nocturnal fauna; reinforcing the permeability of the GreenWay Corridor to the surrounding built environment for local fauna; and providing a minim um 3 
metre native vegetation buffer between the GreenWay Corridor and any new development.

Clause 9.17.2 - parking (development_control): To ensure that the provision and locati on of off -street car parking does not 
adversely impact the amenity of the precinct.

",Text
2794060186f6d189932005f94f4c912e2689cbfd385b6f37922e0d548ddb6fa8,"Planning Document: docs/dcps/INNERWEST/Marrickville/Marrickville DCP 2011 - 9 18 Dulwich Hill Station North.pdf

Clause 9.18.1 - heritage (heritage): The precinct contains part of the South Dulwich Hill  Heritage Conservation Area.

Clause 9.18.2 - heritage (heritage): To protect and preserve the identified period buildings within the precinct and 
encourage their sympathetic alteration or restoration.

Clause 9.18.2 - height_limit (development_control): To maintain dis tinctly single storey streetscapes that exist within the precinct.

Clause 9.18.2 - heritage (heritage): To protect groups or runs of buildings which retain their original built form 
including roof forms, original detailing and finishes.

Clause 9.18.2 - heritage (heritage): To protect  significant streetscape s and/or public domain elements within the 
precinct including landscaping, fencing, open space, sandstone kerbing and 
guttering, views and vistas and prevailing subdivision patterns.

Clause 9.18.2 - zoning (land_use_zoning): To preserve the predominantly low density residen tial character of the precinct.

Clause 9.18.2 - environmental_protection (environmental_protection): To ensure that  new  development considers all potential impacts to biodiversity.

Clause 9.18.2 - parking (development_control): To ensure that the provision and location of off -street car parking does not 
adversely impact the amenity of the precinct.

",Text
0fb97910321c8505d6d300b3c8a080af644ed54e91842508d7b87f44a42758bc,"Planning Document: docs/dcps/INNERWEST/Marrickville/Marrickville DCP 2011 - 9 19 Marrickville Road, Central.pdf

Clause 9.19.2 - heritage (heritage_protection): To protect and preserve the identified period buildings within the precinct and encourage their sympathetic alteration or restoration.

Clause 9.19.2 - heritage (heritage_protection): To protect the identified Heritage Items  within the precinct.

Clause 9.19.2 - height_limit (development_control): To maintain distinctly single storey streetscapes that exist within the precinct.

Clause 9.19.2 - heritage (heritage_protection): To protect groups or runs of buildings which retain their original built form including roof forms, original detailing and finishes.

Clause 9.19.2 - other (land_use_zoning): To preserve the predominantly low to medium density resident ial character of the precinct.

Clause 9.19.2 - parking (development_control): To ensure that the provision and location of off -street car parking does not adversely impact the amenity of the precinct.

Clause 9.19.2 - heritage (heritage_protection): To protect the identified values of the Inter -War Group Heritage Conservation Area.

Clause 9.19.3 - heritage (heritage_protection): Refer to Part 8 (Heritage) of this DCP for detailed c ontrols and guidelines.

",Text
38965742506871d0d77bfcb3251c22fe79444605dfe4cecbc2d97227671ee74c,"Planning Document: docs/dcps/INNERWEST/Marrickville/Marrickville DCP 2011 - 9 2 Petersham North - with IWLEP 2022 amendments.pdf

Clause 9.2.1 - heritage (heritage_protection): The precinct contains three Heritage Conservation Areas being the Petersham North Heritage Conservation Area, Railway Street (Pet ersham) Heritage Conservation Area and the Hordern Avenue  Heritage Conservation Area.

Clause 9.2.1 - environmental_protection (environmental_protection): Area s within the  precinct  have been identified as having high biodiversity . It is essen tial that development within tho se areas consider s the potential  impacts to biodiversity including native fauna (including T hreatened S pecies and Endangered P opulations); native vegetation (including Endangered Ecological C ommunities); and habitat elements (including  their condition , structure, function, connectivity and disturbance).

Clause 9.2.2 - heritage (heritage_protection): To protect and preserve the identified period buildings within the precinct and encourage their sympathetic alteration or restoration.

Clause 9.2.2 - heritage (heritage_protection): To protect the identified Heritage Items  within the precinct.

Clause 9.2.2 - height_limit (development_control): To maintain distinctly single storey streetsca pes that exist within the precinct.

Clause 9.2.2 - heritage (heritage_protection): To protect groups or runs of buildings which retain their original built form including roof forms, o riginal detailing and finishes.

Clause 9.2.2 - other (development_control): To protect  significant streetscape s and/or public domain elements within the precinct including landscaping, fencing, open space, sandstone kerbing and guttering, views and vistas and prevailing subdivision patterns.

Clause 9.2.2 - other (land_use_zoning): To preserve the mixed density residential character of the precinct.

",Text
b391044210e75c8e65c9a62d20d57c0dd70983a149f76c57d4b7500547f320cd,"Planning Document: docs/dcps/INNERWEST/Marrickville/Marrickville DCP 2011 - 9 20 Marrickville Town Centre North.pdf

Clause 9.20.2 - heritage (development_control): To protect and preserve the identified period buildings within the precinct and encourage their sympathetic alteration or restoration.

Clause 9.20.2 - heritage (development_control): To protect the identified Heritage Items  within the prec inct.

Clause 9.20.2 - height_limit (development_control): To maintain distinctly single storey streetscapes that exist within the precinct.

Clause 9.20.2 - heritage (development_control): To protect groups or runs of buildings which retain their original built form including roof forms, o riginal detailing and finishes.

Clause 9.20.2 - other (development_control): To protect  significant streetscape s and/or public domain elements within the precinct including landscaping, fencing, open space, sandstone kerbing and guttering, views and vistas and prevailing subdivision patterns.

Clause 9.20.2 - zoning (land_use_zoning): To preserve the predominantly low density residential character of the pre cinct.

Clause 9.20.2 - parking (development_control): To ensure that the provision and location of off -street car parking does not adversely impact the amenity of the precinct.

",Text
dade8a89e78364738101f0d107ae05b3963eb130e0c0957a379b543fa99a33c8,"Planning Document: docs/dcps/INNERWEST/Marrickville/Marrickville DCP 2011 - 9 21 Ness Park.pdf

Clause 9.21.1 - heritage (heritage): The precinct contains three Heritage Conservation Areas being the David Street Heritage Conservation Area, the Inter War Group Heritage Conservation Area

Clause 9.21.1 - parking (development_control): Off street parking is generally provided on both sides of streets within the precinct. Most streets are able to accommodate off street parking without restricting vehicular access, with the exception of Jocelyn Avenue.

Clause 9.21.2 - heritage (heritage): To protect and preserve the identified period buildings within the precinct and encourage their sympathetic alteration or restoration.

Clause 9.21.2 - heritage (heritage): To protect the identified  Heritag e Items  within the prec inct.

Clause 9.21.2 - other (development_control): To maintain distinctly single storey streetscapes that exist within the precinct.

Clause 9.21.2 - other (development_control): To protect groups or runs of buildings which retain their original built form including roof forms, original detailing and finishes.

Clause 9.21.2 - other (development_control): To protect significant streetscape s and/or public domain elements within the precinct including landscaping, fencing, open space, sandstone kerbing and guttering, views and vistas and prevailing subdivision patterns.

Clause 9.21.2 - zoning (land_use_zoning): To preserve the predominantly low density residen tial character of the pre cinct.

",Text
29a81a663aa4605ac92b5c4fd837c679addb770ead5cc616875b61e8d4ef3ee3,"Planning Document: docs/dcps/INNERWEST/Marrickville/Marrickville DCP 2011 - 9 22 Dulwich Hill Station South Precinct 22.pdf

Clause 9.22.1 - heritage (heritage): The precinct contains part of the South  Dulwich Hill Heritage Conservation Area.

Clause 9.22.2 - heritage (heritage): To protect the identified values of the South Dulwich Hill Heritage Conservation Area.

Clause 9.22.2 - height_limit (development_control): To maintain distinctly single storey streetscapes that exists within the precinct.

",Text
a0d16de5b0c258481738776f04fc93ca087ba15fc8472548c677d82af2aec285,"Planning Document: docs/dcps/INNERWEST/Marrickville/Marrickville DCP 2011 - 9 23 Marrickville Station West Precinct 23.pdf

Clause 9.23.2 - heritage (heritage): To protect and preserve the identified period buildings within the precinct and encourage their sympathetic alteration or restoration.

Clause 9.23.2 - heritage (heritage): To protect the identified values of the Civic Precinct H eritage C onservation A rea.

Clause 9.23.2 - height_limit (development_control): To maintain distinctly single storey streetscapes within the precinct.

Clause 9.23.2 - parking (development_control): To ensure that the provision and location of off -street car parking does not adversely impact the amenity of the precinct.

Clause 9.23.2 - other (development_control): To ensure orderly development on masterplan sites in accordance with the principles of the masterplan vision, in cluding allotment amalgamations, where required, that are not detrimental to achieving th e overall masterplan structure  and achieve  an efficient and high quality built outcome.

Clause 9.23.2 - other (land_use_zoning): To encourage compl ementary medium density and residential flat building develop ment in the Ann Street and Arthur Street area.

Clause 9.23.2 - other (land_use_zoning): To promote high density redevelopment on t he land bounded by Arthur Street and the rail corridor.

Clause 9.23.2 - other (land_use_zoning): To accommodate new residential flat building development to reflect the existing developmen t at the western end  of the precinct bounded by Livingstone Road, Arthur Street and the rail corridor.

",Text
544e18ab3cf79bc41e611f1a41026fb8a2be72e928451ac598230a26e5e5a369,"Planning Document: docs/dcps/INNERWEST/Marrickville/Marrickville DCP 2011 - 9 24 Marrickville Town Centre South.pdf

Clause 9.24.2 - parking (development_control): To ensure that the provision and locatio n of off -street car parking does not adversely impact the amenity of the precinct.

Clause 9.24.2 - heritage (development_control): To protect and preserve the identified period buildings within the precinct and encourage their sympathetic alteration or restoration.

Clause 9.24.2 - heritage (development_control): To protect the identified Heritage Items  within the precinct.

Clause 9.24.2 - height_limit (development_control): To maintain distinctly single storey streetscapes that exist within the precinct.

Clause 9.24.2 - heritage (development_control): To protect groups or runs of buildings which retain their original built form including roof forms, original detailing and finishes.

Clause 9.24.2 - heritage (development_control): To protect  significant streetscapes  and/or public domain elements within the precinct including landscaping, fencing, open space, sandstone kerbing and guttering, views and vistas and prevailing subdivision p atterns.

Clause 9.24.2 - zoning (development_control): To preserve the predominantly low density residen tial character of the precinct.

",Text
810eb6eb9e8f96c97f1bd660709adb89dd71a256d0a4bf9f4b6499c6440cf01e,"Planning Document: docs/dcps/INNERWEST/Marrickville/Marrickville DCP 2011 - 9 25 St Peters Triangle Precinct 25.pdf

Clause 9.25.1 - heritage (heritage): This precinct contains  the Goodsell Estate  Heritag e Conservation Area and Lackey Street & Simpson Park, St Peters Heritage Conservation Area.

Clause 9.25.2 - height_limit (development_control): To provide buildin g heights to fit the context with restricted heights on narrower streets and laneways and taller buildings along the Princes Highway, May Street and Campbell Street.

Clause 9.25.2 - heritage (heritage): To retain existing character buildings (groups or rows) and adapt, recycle and blend new with old.

Clause 9.25.2 - heritage (heritage): To protect the identified Heritage I tems within the precinct.

Clause 9.25.2 - built_form (development_control): To develop building envelopes to strongly define existin

Clause 9.25.1 - height_limit (development_control): Building heights across the precinct range from single storey residential and industrial 
buildings to three to four storey commercial/industrial buildings and a recent six storey residential flat building on the southern corner of Ma y Street and the Princes Highway.

",Text
580854462b4368cf5ffab818a57ce6dcbfd2f3774a16cfd836a449b719495fd7,"Planning Document: docs/dcps/INNERWEST/Marrickville/Marrickville DCP 2011 - 9 26 Barwon Park.pdf

Clause 9.26.4.1 - height_limit (development_control): The following maximum height limits relate to the building heights (in metres) and floor 
space ratio  controls set in  MLEP 20 11. 
The heights of proposed buildin gs must conform to the controls in Figure 26.1.  The 
height is expressed in number of storeys.

Clause 9.26.4.1 - height_limit (development_control): Five storey buildings fronting the Princes Highway are to have the fifth level and roof 
(including any open pergolas) set back  from the external wall of the floo r below by a 
distance of 3 metres, measured from the building alignment facing the Princes 
Highway.

Clause 9.26.4.1 - setback (development_control): Five storey buildings fronting the Princes Highway are to have the fifth level and roof 
(including any open pergolas) set back  from the external wall of the floo r below by a 
distance of 3 metres, measured from the building alignment facing the Princes 
Highway.

Clause 9.26.4.1 - height_limit (development_control): Opportunities for greater building height exist along the Princes Highway, however the design of new development must respect other buildings for retention.  U pper level setbacks are to  reinfor ce the desired scale of the buildings on the street.

Clause 9.26.4.1 - height_limit (development_control): A larger scale building at the corner of the Princes Highway and Barwon Park Road will help define this acute corner and will signify the northern gateway to the precinct.

Clause 9.26.4.1 - height_limit (development_control): New development on the Princes Highway should respond in part to the scale and function of existing residential buildings on Crown Street.

Clause 9.26.4.1 - height_limit (development_control): The transition between taller development and adjacent lower scaled buildings must be done with development of an  intermediate scale.

Clause 9.26.4.1 - other (development_control): While a maximu m buildi ng height has been set under  MLEP 2011  it does not mean it can always be achieved or is desirable. All development must fit within its context and not impact adversely on adjoining properties

",Text
d3776daf10dc40c611962fd13567beee07d4f62d60f6657ea29d821937daacb1,"Planning Document: docs/dcps/INNERWEST/Marrickville/Marrickville DCP 2011 - 9 27 Barwon Park South.pdf

Clause 9.27.1 - zoning (land_use_zoning): The entire precinct is reserved SP2 Infrastructure (Classified 
Road)

Clause 9.27.1 - setback (development_control): Residential lots either contain a small  setback or no setback from the road.

Clause 9.27.1 - heritage (heritage): There are no Heritage Conserva tion Areas contained within the  precinct.

Clause 9.27.2 - heritage (heritage): To protect and preserve the identified period buildings within the precinct and 
encourage their sympathetic alteration or restoration.

Clause 9.27.2 - height_limit (development_control): To maintain single storey streetscapes that existing within the precinct.

Clause 9.27.2 - other (development_control): To support pedestrian and cyclist access, activity and amenity including 
maintaining and enhancing the public domain quality.

Clause 9.27.2 - other (development_control): To protect  significant streetscape s and/or public domain elements within the 
precinct including landscaping, fencing, open space, sandstone kerbing and guttering,  views and vistas and prevailing subdivision patterns.

Clause 9.27.3 - other (heritage): There are no Heritage Conserva tion Areas contained within the  precinct.

",Text
9f9cba9b39ca168dc027e4334931b43fa6421ce45642489c2a8af8e8485ada8e,"Planning Document: docs/dcps/INNERWEST/Marrickville/Marrickville DCP 2011 - 9 28 Cooks River West.pdf

Clause 9.28.2 - heritage (heritage): To protect and preserve the identified period buildings within the precinct and 
encourage their sympathetic alteration or restoration.

Clause 9.28.2 - heritage (heritage): To protect the identified  Heritage Items  within the precinct.

Clause 9.28.2 - height_limit (development_control): To maintain distinctly single storey streetscapes that exist within the precinct.

Clause 9.28.2 - heritage (heritage): To protect groups or runs of building which retain their original built form including roof forms, original detailing and finishes.

Clause 9.28.2 - heritage (heritage): To prot ect significa nt streetscape s and/or public domain elements within the 
precinct including landscaping, fencing, open space, sandstone kerbing and guttering, views and vistas and prevailing subdivision patterns.

Clause 9.28.2 - other (development_control): Retain existing views and vistas to open space  areas adjace nt to the Cooks River 
and maintai n public access to tho se areas.

Clause 9.28.2 - other (development_control): To ensure that new  development in the foreshore area will not impact on natural 
foreshore processes or affect the significance and amenity of the area.

Clause 9.28.2 - zoning (land_use_zoning): To preserve the predominan tly low and m edium density residential character of 
the precinct.

",Text
67f142f902cf161dc2a767434a2e6b4776519fbb7510ce8fe9ee6fdc7d249397,"Planning Document: docs/dcps/INNERWEST/Marrickville/Marrickville DCP 2011 - 9 29 South Western Marrickville.pdf

Clause 9.29.1 - environmental_protection (environmental_protection): Areas within parts of the  precinct ha ve been identified as having high biodiversity  values within the LGA . It is essen tial that development within tho se areas consider s the potential  impacts to biodiversity including native fauna (including T hreatened Species and Endangered P opulations); native vegetation (including Endangered Ecological C ommunities); and habit at elements (including  their condition , structure, function, connectivity and disturbance).

Clause 9.29.1 - parking (development_control): Generally, off street parking is also available within the  precinct.

Clause 9.29.2 - heritage (heritage): The desired future character of the area is:  
1. To protect and preserve the identified period buildings within the precinct and 
encourage their sympathetic alteration or restoration.

Clause 9.29.2 - heritage (heritage): 2. To protect the identified  Heritage Items  within the precinct.

Clause 9.29.2 - height_limit (development_control): 3. To maintain distinctly single storey streetscapes that exist within the precinct.

Clause 9.29.2 - heritage (heritage): 4. To protect groups or runs of buildings which retain their original built form 
including roof forms, original detailing and finishes.

Clause 9.29.2 - heritage (heritage): 5. To protect  significant streetscape s and/or public domain elements within the 
precinct including landscaping, fencing, open space, sandstone kerbing and 
guttering, views and vistas and prevailing subdivision patterns.

Clause 9.29.2 - zoning (land_use_zoning): 6. To preserve the predominantly medium to high density residen tial character of the precinct.

",Text
b84ce599cd48fb737ce36b89f0eeed57f20029a4daec603ed4825b36b5270262,"Planning Document: docs/dcps/INNERWEST/Marrickville/Marrickville DCP 2011 - 9 3 Stanmore North Precinct 3.pdf

Clause 9.3.1 - heritage (heritage): The precinct contains three Heritage C onservation Areas ; being HCA 6 Annanda le 
Farm Heritage Conservation Area, HCA 7 Kingston W est Heritage Conservation Area 
and HCA 8 Cardigan Str eet Heritage Conservation Area.

Clause 9.3.2 - heritage (heritage): To prote ct and preserve the identified period buildings within the precinct and 
encourage their sympathetic alteration or restoration.

Clause 9.3.2 - heritage (heritage): To protect  the identified Heritage Items  within the precinct.

Clause 9.3.2 - height_limit (development_control): To maintain  distinctly single  storey streetscapes that exist within  the precinct.

Clause 9.3.2 - heritage (heritage): To protect groups or runs of buildings which retain their original built form including roof forms, o riginal detailing and finishes.

Clause 9.3.2 - other (development_control): To protect  significant streetscape s and/or public domain elements with in the 
precinct including landscaping,  fencing, open space, sandstone kerbing and 
guttering, views and vistas and prevailing subdivision patterns.

Clause 9.3.2 - zoning (land_use_zoning): To preserve the predominantly low density residen tial character of the precinct.

Clause 9.3.2 - parking (development_control): To ensure that the provision and location of off -street car parking does not 
adversely impact the amenity of the precinct.

",Text
3e77f65a36d20c83f8adc4f57ba57a5d9aaf8dfd46e195be09c5afdaaf3e675b,"Planning Document: docs/dcps/INNERWEST/Marrickville/Marrickville DCP 2011 - 9 30 The Warren.pdf

Clause 9.30.1 - heritage (heritage): The substantial rock faced stone walling located in 
many streets within the precinct are heritage listed and provide a direct link to the 
area’s quarrying his tory. The historical use of sandstone is highly significant and 
should be retained and maintained.

Clause 9.30.1 - heritage (development_control): New developments are  encouraged to u tilise sandstone within their design.

Clause 9.30.1 - heritage (development_control): Many of the building modifications which  have  occurred to date are un sympathetic with 
their heritage values. Reversal of unsympathetic alterations and modifications is  
encouraged.

Clause 9.30.1 - other (environmental_protection): Areas within part s of the  precinct ha ve been identified as having high biodiversity  
values within the LGA . It is essential that development within those areas conside rs 
the potential  impacts to biodiversity including native fauna (including T hreatened 
Species and Endangered P opulations); native vegetation (including Endangered 
Ecological C ommunities); and habitat elements (including  their condition , structure, 
function, connectivity and disturbance).

Clause 9.30.1 - other (environmental_protection): Thornley Street has been identified as a sce nic protection area for its un ique 
environmental features and landscape, cultural and scenic qualities including lookouts, 
rocky outcrops, cliff faces, remnant bushlands, steep slopes, natural watercourses and 
escarpments (as outlined in MDCP 201 1 Section 2.14 Unique Environmental 
Features) .  Development within this area is to be managed to ensure that it does not 
adversely impact on any of its unique environmental features.

Clause 9.30.2 - heritage (heritage): To protect an d preserve the identified peri od buildings within the precinct and 
encourage their sympathetic alteration or restoration.  
2. To protect the identified  Heritage Items within the precinct.  

",Text
0e2b6c3a9cc279c7200bb40f6aabfe3761a78f763e6b946d211d8cddcbf647a2,"Planning Document: docs/dcps/INNERWEST/Marrickville/Marrickville DCP 2011 - 9 31 Unwins Bridge Road.pdf

Clause 9.31.2 - heritage (heritage_protection): To protect and preserve the identified period buildings within the precinct and 
encourage their sympathetic alteration or restoration.

Clause 9.31.2 - heritage (heritage_protection): To protect the identified  Heritage Items  within the precinct.

Clause 9.31.2 - height_limit (development_control): To maintain distinctly s ingle storey streetscapes that exist within the precinct.

Clause 9.31.2 - heritage (heritage_protection): To protect groups or runs of buildings which retain their original form including 
roof forms, original detailing and finishes.

Clause 9.31.2 - other (development_control): To protect  significant streetscapes  and/or public domain elements withi n the 
precinct including landscaping, fencing, open space, sandstone kerbing and 
guttering, views and vistas and prevailing subdivision patterns.

Clause 9.31.2 - zoning (land_use_zoning): To preserve the predominantly low density residen tial character of the precinct.

Clause 9.31.2 - parking (development_control): To ensure that the provision and location of off -street car parking does not 
adversely impact the amenity of the precinct.

Clause 9.31.2 - heritage (heritage_protection): To protect the identified values of the Collins Street Heritage Conservation Area.

",Text
e2add5e7eceae02043b045cd88a012cbb5a682a35538b2c5060861cc06a19157,"Planning Document: docs/dcps/INNERWEST/Marrickville/Marrickville DCP 2011 - 9 32 Cooks River East.pdf

Clause 9.32.2 - heritage (development_control): To protect and preserve the identified period buildings within the precinct and encourage their sympathetic alteration or restoration.

Clause 9.32.2 - heritage (development_control): To protect the identified  Heritage Items  within the precinct.

Clause 9.32.2 - height_limit (development_control): To mainta in distinctly single storey streetscapes that exist within the precinct.

Clause 9.32.2 - heritage (development_control): To protect groups or runs of buildings which retain their original form including 
roof forms, original detailing and finishes.

Clause 9.32.2 - other (development_control): To preserve the predominantly low density residen tial character of the precinct.

Clause 9.32.2 - environmental_protection (environmental_protection): To ensure that  new  development considers all potential impacts to biodiversity.

Clause 9.32.2 - parking (development_control): To ensure that the provision and location of off -street car parking does not 
adversely impact the amenity of the precinct.

Clause 9.32.2 - heritage (development_control): To protect the identified values of the Wells Ave nue Heritage Conservation Area 
and the Stanley Street Heritage Conservation Area.

",Text
aa6c7091ca76f4193093aa6394c6ef210fb9cccd851d1710c7ed9a60f800a6de,"Planning Document: docs/dcps/INNERWEST/Marrickville/Marrickville DCP 2011 - 9 33 Princes Highway.pdf

Clause 9.33.2 - heritage (heritage): To protect and preserve the identified period buildings within the precinct and 
encourage their sympathetic alteration or restoration.

Clause 9.33.2 - heritage (heritage): To protect the identified  Heritage Items  within the precinct.

Clause 9.33.2 - heritage (heritage): To protect  significant streetscape s and/or public domai n elements within the 
precinct.

Clause 9.33.2 - parking (development_control): To ensure that the provision and location of of f-street car parking does not 
adversely impact the amenity of the precinct.

Clause 9.33.2 - land_use_zoning (land_use_zoning): To protect existing industrial lands required to service Sydney Airport and Port Botany.

Clause 9.33.2 - other (development_control): To ensure that any new development does not negatively impact on the operation of the Princes Highway.

",Text
061653c57bb07947d17fa6dd0d4a957f6da38d933ced2599b5ef8038607f440e,"Planning Document: docs/dcps/INNERWEST/Marrickville/Marrickville DCP 2011 - 9 34 Tempe Reserve.pdf

Clause 9.34.1 - environmental_protection (environmental_protection): It is essential that development with the precinct considers the potential  impacts to biodiversity including native fauna (includ ing T hreatened S pecies and Endangered P opulations); native vegetation (including Endangered Ecological C ommunities); and habitat elements (including  their condition , structure, function, connectivity and disturbance)

Clause 9.34.2 - heritage (heritage): To protect and preserve the identified period buildings within the precinct and encourage their sympathetic alteration or restoration.

Clause 9.34.2 - heritage (heritage): To protect the identified  Heritage Items  within the precinct.

Clause 9.34.2 - height_limit (development_control): To maintain distinctly single storey streetscapes that exist within the precinct.

Clause 9.34.2 - heritage (heritage): To protect grou ps or runs of buildings which retain t heir original form including roof forms, original detailing and finishes.

Clause 9.34.2 - other (development_control): To protect  significant streetscape s and/or public domain elements within the precinct including landscaping, fencing, open space, sandstone kerb ing and guttering, views and vistas an d prevailing subdivision patterns.

Clause 9.34.2 - other (development_control): To support pedestrian and cyclist access, activity and amenity including maintaining and enhancing the public domain quality.

Clause 9.34.2 - zoning (land_use_zoning): To preserve the predominantly low density residential ch aracter of the precinct.

",Text
1e276e316525befef95fd786d63bb1b0f85e93564ca8c90a1e262b3ce378b682,"Planning Document: docs/dcps/INNERWEST/Marrickville/Marrickville DCP 2011 - 9 35 Parramatta Road.pdf

Clause 9.35.3 - heritage (heritage): Heritage Conservation Areas (HCAs)

Clause 9.32.3.1 - heritage (heritage): Parramatta Road Commercial Precinct Heritage Conservation Area (HCA 5)

Clause 9.35.4 - other (land_use_zoning): Precinct -specific planning controls

Clause 9.35.5 - other (land_use_zoning): Site-specific planning controls

Clause PART 9 - setback (development_control): a nil  setback

Clause PART 9 - parking (development_control): private parking area

Clause PART 9 - height_limit (development_control): Building heights are mostly 2 to 3 storeys, 
interspersed with some larger buildings. The shop top housing developments  at the 
eastern end of the precinct are up to 7 store ys high.

Clause PART 9 - heritage (heritage): Heritage Items within the precinct include part of Fort Street High School  (William 
Wilkins Building) , the Cl arence Hotel  on the eastern corner  with Crystal Street , 
Petersham Inn Hotel  on the western corner with Phillip Street, the Olympia Milk Bar at 
190 Parramatta Road,  a five storey  Federation  building  on the eastern corner with 
Cardigan Street which  has rec ently being redeveloped and Bridge R oad School

",Text
b0c6786804563f7bf11ef2d42e2a055fbb7646fd7b25e00da8c1b15e96801b6b,"Planning Document: docs/dcps/INNERWEST/Marrickville/Marrickville DCP 2011 - 9 36 Petersham Commercial Precinct 36 - with IWLEP 2022 amendments.pdf

Clause 9.36.2 - heritage (heritage): To protect the identified H eritage Items within the precinct.

Clause 9.36.2 - heritage (heritage): To retain, as a minimum, the front portion of contributory buildings where they are 
contributory to the heritage conservation area (HC A) and streetscape s.

Clause 9.36.2 - heritage (heritage): To protect the identifie d heritage values of the Petersham Commercial Precinct 
Heritage Conservation Area .

Clause 9.36.2 - height_limit (development_control): To ensure that new development at the rear upper levels is a maximum of four 
storeys and is designed to be subservient to retained portions of contributory 
buildings or infill development to the street b uilding front.

Clause 9.36.2 - parking (development_control): To facilitate efficient parking, loading and access for vehicles that minimises 
impact to streetscape appearance, commercial viability and vitality and pedestrian 
safety and amenity.

Clause 9.36.3 - heritage (heritage): The precinct contains the Petersham Commercial Precinct Heritage Conservation Area 
HCA 25. Refer to Part 8 (Heritage) of this DCP for detailed controls and guidelines.

",Text
cf794c319bb3783ddb45f6f4495c670a34f9aa36b701275c172bc1114250c612,"Planning Document: docs/dcps/INNERWEST/Marrickville/Marrickville DCP 2011 - 9 37 King Street and Enmore Road Commercial Precinct.pdf

Clause 9.37.1 - heritage (development_control): Heritage Items and Contributory buildings must be retained and conserved.

Clause 9.37.2 - heritage (development_control): To protect the identified H eritage Item s within the precinct.

Clause 9.37.2 - heritage (development_control): To protect the identified values of the King Street and Enmore Road  Heritage Conservation Area .

Clause 9.37.2 - setback (development_control): To ensure that buil dings provide strong definition to the street through retention of the existing nil  building setbacks.

Clause 9.37.2 - heritage (development_control): To retain, as a minimum, the front portion of contributory buildings where they are contributory to the heritage conservation area (HCA) and/or streetsca pe.

Clause 9.37.2 - heritage (development_control): Where required, t o protect, pr eserve and enhance the existing character of the streetscape, where only compatible development is permitted.

Clause 9.37.2 - height_limit (development_control): existing predominantly traditional two storey commercial st reetscape

Clause 9.37.2 - other (development_control): To ensure  that there are active commercial fronts to new buildings facing onto streets to create a vibrant and safe streetscape.

",Text
1042249278f9da9e6b6f2659a3c679911271d0e9c2f6bc8a533c23123f390169,"Planning Document: docs/dcps/INNERWEST/Marrickville/Marrickville DCP 2011 - 9 38 Dulwich Hill Commercial Precinct 38 - with IWLEP 2022 amendments.pdf

Clause 9.38.2 - heritage (heritage): To protect the identified Heritage Items within t he precinct.

Clause 9.38.2 - heritage (heritage): To retain, as a minimum, the front portion of contributory buildings where they are contributory to the heritag e conservation area (HCA) and streetscapes.

Clause 9.38.2 - heritage (heritage): To protect the identified heritage values of the Dulwich Hill Commercial Precinct 
Herit age Conservation Area .

Clause 9.38.2 - height_limit (development_control): To ensure  that new development at rear upper levels is a maximum of four 
storeys in appearance and is design ed to be subservient to retained portions of 
contrib utory buildings or infill development to the street building front.

Clause 9.38.2 - parking (development_control): To facilitate efficient parking, loading and access for vehicles that minimises 
impact to streetscape appearance, commercial viability and vitality and pedestrian 
safety and amenity.

Clause 9.38.3 - heritage (heritage): The precinct contains HCA 28  Dulwich Hill Commercial Precinct Heritage Conservation 
Area. See Part 8 (Heritage) of this DCP for detailed controls and guidelines.

Clause 9.38.3.1 - heritage (heritage): The Du lwich Hill Commercial Precinct H eritage C onservation A rea is of aesthetic 
significance as a largely intact retailing precinct which retains original parapeted roof 
forms, recessed shopfronts  and generally intact first floor shop facades.

",Text
f6a65e4aed0cc496000b4749a6f8a01439971ee806a6f21e52ca00362ac450ce,"Planning Document: docs/dcps/INNERWEST/Marrickville/Marrickville DCP 2011 - 9 39 Marrickville Metro.pdf

Clause 9.39.1 - heritage (heritage): Part of the brick factory 
wall was retained and is still visible along Victoria Road. The Mill House, built a bout 
1860 and occupied by the Vicars family, was incorporated in the redevelopment. It is 
one of the oldest buildings in Marrickvill e and is a local heritage item.

Clause 9.39.1 - parking (development_control): Pedestrian access is also provided from the rooftop car parking areas down into the 
centre.

Clause 9.39.1 - parking (development_control): Two vehicle access ramps accessed off Smidmore 
and Murray Street provide car access to the roof top parking.

Clause 9.39.1 - land_use_zoning (land_use_zoning): The site on the southern side of Smidmore Street from the Marrickville Metro shopping 
centre is a large industrial lot, containing a two storey industrial warehouse 
development built to the boundary and a ssociated car parking.

Clause 9.39.1 - parking (development_control): The block to the east 
contains a mix of large and smaller lots, predominantly containing two storey industrial 
buildi ngs and associated car parking.

Clause 9.39.1 - environmental_protection (environmental_protection): The operations of 
the shopping centre have the potential to impact on the amenity of residential areas by 
way of noise  and other emissions, parking and traffic generation.

Clause 9.39.1 - parking (development_control): Roads in this precinct tend to be quite narrow, with time 
restricted parking on both sides  of the streets .

Clause 9.39.1 - heritage (heritage): The precinct does not contain a ny Heritage Conservation Area s.

",Text
8f027de15c74995d5b966a63d7ff30cbe8e505852674759b3749e4d57895d906,"Planning Document: docs/dcps/INNERWEST/Marrickville/Marrickville DCP 2011 - 9 4 Newtown North and Camperdown.pdf

Clause 9.4.3 - heritage (heritage): Heritage Conservation Areas (HCAs)

Clause 9.4.3.1 - heritage (heritage): HCA 10: Camperdown Park Heritage 
Conservation Area (C10)

Clause 9.4.3.2 - heritage (heritage): HCA 11: North Kingston Estate Heritage 
Conservation Area ( C11)

Clause 9.4.3.3 - heritage (heritage): HCA 9: Hopetoun -Roberts -Federation 
Streets Heritage Conservation Area (C9)

Clause 9.4.4 - other (development_control): Precinct -specific planning con trols

Clause 9.4.5 - other (development_control): Site-specific planning controls

Clause 9.4.1 - parking (development_control): On -street parking is generally on 
both sides of the street, with the remaining carriageway being narrow single vehicle access

Clause 9.4.1 - setback (development_control): Front setbacks are mostly 0 -2 
metres

",Text
15807e0e17702c6a55b4d362c04540f5cedbd06c73edd8ca0465d155d8e6eaf9,"Planning Document: docs/dcps/INNERWEST/Marrickville/Marrickville DCP 2011 - 9 40 Marrickville Town Centre Comm Precinct 40 - with IWLEP 2022 amendments.pdf

Clause 9.40.2 - heritage (heritage): To retain, as a minimum, the front portion of contributory buildings where they are contr ibutory to the heritage conservation area (HCA) and/or streetscapes.

Clause 9.40.2 - heritage (heritage): To protect the identified heritage values of the Civic Precinct Heritage Conservation Area .

Clause 9.40.2 - height_limit (development_control): To ensure new development at rear upper levels is a maximum of five storeys and is designed to be subservient to retained portions of co ntributory buildings or infill development to the street building front.

Clause 9.40.2 - other (development_control): Where required, to ensure there are active commercial fronts to new buildings facing onto streets to create a vibrant and safe streetscape.

Clause 9.40.2 - parking (development_control): To facilitate efficient parking, loading and access for vehicles that minimises impact to streetscape appearance, commercial viability and vitality and pedestrian safety and amenity.

Clause 9.40.3 - heritage (heritage): The precinct contains the HCA 30: Civic  Precinct Heritage Conservation Area . See Part 8 (Heritage) of this DCP for detailed controls and guidelines.

",Text
fcfe18f84ec4ca12ca4db836d45a2c7506654e1054c8dd99deebed545ef6db07,"Planning Document: docs/dcps/INNERWEST/Marrickville/Marrickville DCP 2011 - 9 41 Bridge Road.pdf

Clause 9.41.1 - heritage (heritage): The precinct contains one heritage ite m being t he former factory at 2 -6 Bridge Road.

Clause 9.41.1 - parking (development_control): Private parking provision in the precinct is generally good and most sites have off -street parking provided either at grade or at basement level and accessed from Bridge Road.

Clause 9.41.1 - setback (development_control): There is a consistent nil setback on the western side of Bridge Road.

Clause 9.41.2 - other (heritage): To protect the identified Heritage Items  within  the precinct.

Clause 9.41.2 - other (development_control): To ensure that buildings provide strong definition to the street  through retention of the existing zero building line setbacks.

Clause 9.41.2 - parking (development_control): To facilitate efficient parking, loading and access for vehicles that minimises impact to streetscape appearance, commercial viability and vitality and pedestrian safety and amenity.

",Text
c2b3b7d461a6ed29e9da177b041d9c944bb1d07b53f6b6e0e11c81807deeda9e,"Planning Document: docs/dcps/INNERWEST/Marrickville/Marrickville DCP 2011 - 9 42 Camperdown North.pdf

Clause 9.42.2 - heritage (development_control): To protect and preserve the identified period buildings within the precinct and 
encourage their sympathetic alteration or restoration.

Clause 9.42.2 - heritage (development_control): To protect the identified Heritage Item s within the precinct.

Clause 9.42.2 - land_use_zoning (land_use_zoning): To retain the existing emp loyment generating landuses.

Clause 9.42.2 - other (development_control): To encourage active commercial fronts  facing streets at ground floor level  to 
create a vibrant and safe streetscape.

Clause 9.42.2 - other (development_control): To protect  significant streetscape s and/or public domain elem ents within the 
precinct including landscaping, f encing, open space, sandstone kerbing and 
guttering, views and vistas and prevailing subdivision patterns.

Clause 9.42.2 - other (development_control): To ensure  that the design of higher density  development demonstrates good 
urban design and environme ntal sustainability and provides suitable amenity  
for occupants of those developments .

Clause 9.42.2 - other (development_control): To ensure that the higher density development protects the residential 
amenity of adjoining and surrounding properties.

Clause 9.42.2 - parking (development_control): To facilitate efficient parking, loading and acce ss for vehicles that minimises 
impact to streetsc ape appearance, commercial viability and vitality and 
pedestrian safety and amenity.

",Text
3f0faa98e25abc2561c987e852296f45307440120222622d9fa63f4bcb6f99f8,"Planning Document: docs/dcps/INNERWEST/Marrickville/Marrickville DCP 2011 - 9 44 Carrington Road.pdf

Clause 9.44.2 - heritage (heritage_protection): To protect the identified  Heritage Item s within the precinct.

Clause 9.44.2 - heritage (heritage_protection): To protect, preserve and enhance the identified period buildings within the precinct.

Clause 9.44.2 - heritage (heritage_protection): To ensure t hat significant industrial building s are retained as p art of any redevelopment of the precinct.

Clause 9.44.2 - parking (development_control): To facilitate efficient parking, loading and access for vehicles that minimises impact to streetscape appearance, commercial  viability and vitality and pedestrian safe ty and amenity.

Clause 9.44.2 - environmental_protection (environmental_protection): To ensure that potential flooding issues are addressed as part of any new development.

",Text
41316df67b07959962499482b56eca3784929b03d87ad1884122ea8a9a02e6e7,"Planning Document: docs/dcps/INNERWEST/Marrickville/Marrickville DCP 2011 - 9 45 McGill Street Precinct 45.pdf

Clause 9.45.2 - environmental_protection (environmental_protection): This precinct has been identified as having high biodiversity values. It is essential that development within the precinct  conside rs the potential  impacts to biodiversity including native fauna (including Threatened S pecies and Endangered P opulations); native vegetation (including Endangered E cological C ommunities); and habitat elem ents (including  their condition , structure, function, connectivity a nd disturbance).

Clause 9.45.3 - zoning (land_use_zoning): As it is redeveloped, the precinct will fit appropriately into the heart of Lewisham as  a village -type locality accommodating mixed use development of high to medium densities and scales.

Clause 9.45.3 - zoning (land_use_zoning): The precinct will  accomm odate some minor service retail, commercial offices and showrooms as well as studio, cafe and restaurant spaces .

",Text
7f3782ec466b05f704d009037da2f81c7e1563c032527a5ca00802eefe4a2723,"Planning Document: docs/dcps/INNERWEST/Marrickville/Marrickville DCP 2011 - 9 46 Tempe Lands Precinct.pdf

Clause 9.46.1 - zoning (land_use_zoning): A significant portion of this pr ecinct is reserved SP2 Infrastructure (Classified Road) .

Clause 9.46.1 - other (environmental_protection): the entire precinct is subject to Australian Noise Exposure Forecast (ANEF ) contours between 25 and 40.

Clause 9.46.2 - other (heritage): To protect the identified Heritage Items  within the precinct.

Clause 9.46.2 - zoning (land_use_zoning): To protect the integrity and on -going retention of the e xisting industrial zoned land, particularly those identified as being of state significance.

Clause 9.46.2 - other (development_control): To ensure new development is compatible with the operations of Sydney Airport.

Clause 9.46.2 - other (environmental_protection): To ensure that development i n the foreshore area will not impa ct on natural foreshore processes or affect the significance and amenity of the area .

Clause 9.46.2 - other (development_control): To protect  significant streetscape s and/or public domain elements within the precinct including landscaping, fencing, open space, sandst one kerbing and guttering, views and vistas and prevailing subdivision patterns.

Clause 9.46.2 - other (development_control): To facilitate efficient parking, loading and access for vehicles that minimises impact to streetscape appearance, commercial viability and vitality and pedestrian  safety and amenity.

",Text
be0404c4b99eafed5328c26835d060619e43a488b1dc37a470bea3be34c64089,"Planning Document: docs/dcps/INNERWEST/Marrickville/Marrickville DCP 2011 - 9 47 Victoria Road.pdf

Clause 9.47.1 - other (development_control): This section of the Development Control Plan (DCP) establishes  a framework to guide development in Pr ecinct 47 – Victoria Road (the precinct).

Clause 9.47.1 - other (development_control): This section of the DCP applies to development within the boundary of the precinct as shown in  Figure 1: Land application - Precinct 47 – Victoria Road Precinct, Marrickville.

Clause 9.47 - other (development_control): The purpose of this section of the DCP is to guide the future development of the precinct by:

Clause 9.47 - other (development_control): Communic ating the planning, design and environmental objectives and controls against which the consent authority will assess future development applications

Clause 9.47 - other (development_control): Ensuring the orderly, efficient and environmentally sensitive development of the p recinct

Clause 9.47 - other (development_control): Promoting  a high -quality urban design outcome

Clause 9.47 - other (development_control): Ensure key infrastructure is delivered for future residents and the community

Clause 9.47 - other (development_control): Ensure access within the precinct is inclusive by delivering a high quality urban/public domain which is accessible beyond a min imum compliance approach and which caters for equitable, dignified, safe and easy to use access  for all

",Text
d152757af0b54c94d55de3c71990bfd412196b16004d05fe7bb33fa6fbc66bed,"Planning Document: docs/dcps/INNERWEST/Marrickville/Marrickville DCP 2011 - 9 5 Lewisham South Precinct 5.pdf

Clause 9.5.2 - heritage (heritage): To protect and preserve the identified period buildings within the precinct and encourage their sympathetic alteration or restoration.

Clause 9.5.2 - heritage (heritage): To protect the identifi ed Heritage I tems within the precinct.

Clause 9.5.2 - height_limit (development_control): To mainta in distinctly single storey streetscapes within the precinct.

Clause 9.5.2 - other (development_control): To protect  significant streetscape and/or public domain elements within the precinct including landscaping, fencing, open space, sandstone kerbing and guttering , views and vistas and prevailing subdivision patterns.

Clause 9.5.2 - other (development_control): To preserve the predominantly medium density residential character comprising terrace/row housing on individual allotments within the precinct.

Clause 9.5.2 - parking (development_control): To ensure the provision and location of off -street car p arking does not adversely impact t he amenity of the precinct.

Clause 9.5.2 - heritage (heritage): To protect the identified values of the Lewisham Estate H eritage C onservation Area .

Clause 9.5.2 - other (development_control): To ensure orderly development on masterplan sites in accordance with the principles of the masterplan vision, including allotment amalgamations,  where required, that are not detrimental to achieving the overall masterplan structure and achieve an efficient and high quality built outcome.

",Text
c7965142704bc2048cab1f90da385319d595891df6f19ad8db7bc7b075c47664,"Planning Document: docs/dcps/INNERWEST/Marrickville/Marrickville DCP 2011 - 9 6 Petersham South Precinct 6.pdf

Clause 9.6.1 - heritage (heritage): The precinct contains the Petersham South  (Norwood Estate) and the Morgan Street Heritage C onservation A reas.

Clause 9.6.1 - environmental_protection (environmental_protection): Areas within th e precinct have bee n identified as having high biodiversity values within the LGA. It is essential that development within th ose areas consider the potential impacts to biodiversity inc luding native fauna (including Threate ned S pecies and Endangered P opulations); native vege tation (including Endangered E cological Communities); and habitat elements (including  their condition , structure, function, connectivity and disturbance).

Clause 9.6.2 - heritage (heritage): To protect, preserve  and enhanc e contributory and  period buildings within the  precinct  and require  their sympathetic alteration or restoration .

Clause 9.6.2 - heritage (heritage): To protect the identified heritage i tems within the precinct.

Clause 9.6.2 - heritage (heritage): To protect the identified values of the Petersham South  (Nor wood Estate)  and the Morgan Street  Heritage C onservation A reas.

",Text
383fdc031f7397b080b45c0d05acb4fd381c82d3090369d425c56eee08e24649,"Planning Document: docs/dcps/INNERWEST/Marrickville/Marrickville DCP 2011 - 9 7 Stanmore South.pdf

",Text
e4379a5b01595bb67f9597f9533ec76575e6705a175af5b94d1ae1dd3f023924,"Planning Document: docs/dcps/INNERWEST/Marrickville/Marrickville DCP 2011 - 9 8 Enmore North and Newtown Central Precinct 8.pdf

Clause 9.8.2 - heritage (development_control): To protect, preserve and enhance the identified period buildings with in the precinct.

Clause 9.8.2 - heritage (development_control): To protect  the id entified Heritage Items  within the precinct .

Clause 9.8.2 - heritage (development_control): To protect, preserve and enhance other significant public domain elements within the precinct including landscaping, fencing, open space, kerb and guttering, views and vistas an d prevailing subdivision patterns.

Clause 9.8.2 - height_limit (development_control): To maintain distinctly single storey streetscapes within the precinct.

Clause 9.8.2 - other (development_control): To protect, preserve and enhance the existing character of the streetscapes where only comp atible development is permitted.

Clause 9.8.2 - other (development_control): To facilitate urban renewa l in appropriate locations.

Clause 9.8.2 - other (land_use_zoning): To mai ntain non -retail employment as part of any mixed use redevelopment of former industrial land and  reflect  the existing industrial streetscape character in the design.

Clause 9.8.2 - other (development_control): To ens ure that higher density development demonstrates  good urban d esign and environmental sustai nability and provides suitable ame nity for occupants of those developments .

",Text
7fe9c8bd21a962d6a51cc03cd4cbe1adb019ef28ea560ae6038bbcbb43753ca4,"Planning Document: docs/dcps/INNERWEST/Marrickville/Marrickville DCP 2011 - 9 9 Newington.pdf

Clause 9.9.2 - heritage (development_control): To protect and preserve the identifie d period buildings within the precinct and 
encourage their sympathetic alteration or restoration.

Clause 9.9.2 - heritage (development_control): To protect the identified Heritage Items  within the precinct.

Clause 9.9.2 - height_limit (development_control): To maintain distinctly single storey streetscapes that exist within the precinct.

Clause 9.9.2 - heritage (development_control): To protect groups or runs of buildings which retain their original built form 
including roof forms, o riginal detailing and finishes.

Clause 9.9.2 - heritage (development_control): To protect  significant streetscape s and/or public domain elements within the 
precinct including landscaping, fencing, open space, sandsto ne kerbing and 
guttering, views and vistas and prevailing subdivision patterns.

Clause 9.9.2 - zoning (development_control): To preserve the predominantly low density residen tial character of the precinct.

Clause 9.9.2 - parking (development_control): To ensure that the provision and location of off -street car parking does not 
adversely impact the amenity of the precinct.

Clause 9.9.2 - heritage (development_control): To protect the identified values of the Petersham South ( Norwood Estate ) 
Heritage Conservation Area, N orwood Park Es tate Heritage Conservation Area 
and the  Llewellyn Estate Heritage Conservation Area.

",Text
0b7f42e14be118d98beb69749b5593b4970a67b20d78800580c3ed4c97aac4e9,"Planning Document: docs/dcps/INNERWEST/Marrickville/Marrickville DCP 2011 - 9.0 Precincts Map.pdf

",Text
ce298819c2736852008250bad7c52125e8d3c72c76e10b281cfb1312f0f55f9c,"Planning Document: docs/dcps/INNERWEST/Marrickville/Marrickville DCP 2011 - 9.43 Sydney Steel Precinct 43.pdf

Clause 9.43.1 - heritage (heritage): There are no Heritage Conservatio n Areas conta ined within the  precinct. However, the precinct does contain a number of listed h eritage items, one of State Significance. , being the Sydenham Pit and Drainage Pumping Station. The pumping station is a representative example of Inter -War Mediterranean Revi val style public utility building.

Clause 9.43.1 - parking (development_control): Numerous buildings have allocated space for off -street parking within their respective site.

Clause 9.43.1 - environmental_protection (environmental_protection): The entire precinct is affected by flooding. Originally the precinct was a large tract of swamp land that was seen as an impediment to development in the area. There was little consideration for its major role in maintai ning the local ecology.

Clause 9.43.2 - other (heritage): To protect the identified  Heritage Items within the precinct.

Clause 9.43.2 - zoning (land_use_zoning): To protect th e integrity and on -going retention of the existing industrial zoned land, particularly those identified as being of State significance .

Clause 9.43.2 - other (land_use_zoning): To retain the existing employment generating land uses.

Clause 9.43.2 - other (development_control): To facilitate efficient parking, loading and access for vehicles that minimises impact to streetscape appearance, commercial viability and vitality and pedestrian safety and amenity.

",Text
a29195674fdaa0784f577a030adee5c591339dc5e44c7b2ff9264970ec4df98a,"Planning Document: docs/dcps/INNERWEST/Marrickville/Marrickville DCP 2011 - 9.48 Mary Robert and Edith Street Nov 22.pdf

Clause PART 9 - zoning (land_use_zoning): Under  Marrickville  DCP,  the 67 and 73 – 83 Mary Street, 43 Roberts  Street  and 50-52 Edith Street, St Peters  (site) also known  as Precinct  75 is part of the Unwins  Bridge  Road  (Precinct  31). This section of the Development  Control Plan (DCP) establishes a framework to guide development in Precinct 48: 67 and 73 - 83 Mary Street, 43 Robert Street and 50- 52 Edith Street, St Peters.

Clause 02 - zoning (land_use_zoning): This section  of the DCP  applies  to development within the boundary  of the precinct as  shown  in Figure  1: Map of precinct

Clause 3.1 - other (development_control): The purpose of this section  of the DCP  is to guide  the future development  of the precinct

Clause 03 - other (development_control): To minimise  impacts  to the surrounding low-density  residential neighbourhoods.

Clause 03 - height_limit (development_control): To locate  higher  building  forms  setback  toward the centre  of the site to provide transition in scale to the surrounding low scale areas.

Clause 03 - height_limit (development_control): To provide  lower  scale  and density  buildings  along  Edith Street.

Clause C1 - development_application (development_control): Development within the precinct is to be undertaken in accordance with the Indicative Site Layout as  shown  in Figure  1 subject  to compliance  with relevant  controls  including  the Apartment Design Guide.

Clause C2 - setback (development_control): Ensure  Building  A and Building  B are setback  adequately  to respect  their interface with 48 Edith Street and 41 Roberts Street.

",Text
d202498bf08dd1fca9cb520564ca56e27cc7f52c2fe6f4c0efbf7b0a9d772356,"Planning Document: docs/dcps/INNERWEST/Marrickville/Marrickville DCP 2011 - Contents Nov 22.pdf

Clause 2.1 - urban_design (development_control): Urban  Design

Clause 2.2 - public_domain (development_control): Public  Domain

Clause 2.3 - site_analysis (development_control): Site and Context  Analysis

Clause 2.4 - height_limit (development_control): Airport  Height  Control

Clause 2.5 - access (development_control): Equity  of Access  and Mobility

Clause 2.6 - privacy (development_control): Acoustic  and Visual Privacy

Clause 2.7 - solar_access (development_control): Solar  Access  and Overshadowing

Clause 2.8 - other (development_control): Social  Impact  Assessment

",Text
3891dd61b64ae3286838da9faea6685f79ca2ce28e6466762421380173e57da1,"Planning Document: docs/dcps/INNERWEST/Marrickville/Marrickville DCP 2011 - Cover.pdf

",Text
0ac99d8edca29b59f406293b1186d3daeb1c34a40095b641df57ff5b2ee0cb32,"Planning Document: docs/dcps/INNERWEST/Marrickville/Marrickville DCP 2011 - Development Application Guidelines with IWLEP 2022 amendments Nov 22.pdf

Clause A.1 - development_application (development_control): Information to be submitted with a Development Application

Clause A.2 - development_application (development_control): Development Application Lodgement Process

Clause A.2.1 - development_application (development_control): Exempt and Complying Development

Clause A.2.2 - development_application (development_control): Over -the-counter verbal advice

Clause A.2.3 - development_application (development_control): ‘Pre-DA’ advisory panel meetings

Clause A.2.4 - development_application (development_control): Lodgement of a development application

Clause A.2.4.1 - development_application (development_control): Designated development

Clause A.2.4.2 - environmental_protection (environmental_protection): Integrated development

",Text
