name:ID,type,concepts,synsets,:LABEL
Signage,entity,[],[],Node
development_control,entity,[],[],Node
high-rise buildings,entity,[],[],Node
height_limit,entity,[],[],Node
underawning signs,entity,[],[],Node
2500mm x 400mm,entity,[],[],Node
signs at lower level,entity,[],[],Node
footpath,entity,[],[],Node
original sign panels,entity,[],[],Node
parapet of building facade,entity,[],[],Node
Signage on high-rise buildings (in excess of 15 metres) is limited.,event,[],[],Node
Clause 2.12.4.6 - height_limit (development_control) exists.,event,[],[],Node
Any underawning sign in excess of 2500mm x 400mm is not allowed.,event,[],[],Node
Signs at a lower level than 2600mm above the footpath are restricted.,event,[],[],Node
Original sign panels incorporated into building facades must be retained.,event,[],[],Node
Signage on high-rise buildings (in excess of 15 metres) is regulated.,event,[],[],Node
High-rise buildings,entity,[],[],Node
Underawning signs in excess of 2500mm x 400mm are prohibited.,event,[],[],Node
Underawning signs,entity,[],[],Node
Signs at a lower level than 2600mm above the footpath are regulated.,event,[],[],Node
Signs,entity,[],[],Node
Footpath,entity,[],[],Node
Building facade,entity,[],[],Node
Original sign panels,entity,[],[],Node
Development,entity,[],[],Node
assessment of significance,entity,[],[],Node
native vegetation,entity,[],[],Node
Buildings,entity,[],[],Node
public open space,entity,[],[],Node
public open spaces,entity,[],[],Node
Development on land identified on the Biodiversity Map as Bandicoot Protection Area may be required to undertake an assessment of significance.,event,[],[],Node
there is a specific clause related to environmental protection (Clause C1),event,[],[],Node
Development on land identified on the Biodiversity Map as Wildlife Corridor must incorporate native vegetation as part of any landscaping works.,event,[],[],Node
development on other lands may be subject to different regulations,event,[],[],Node
Buildings must be located to provide an outlook to public open space without appearing to privatise that space.,event,[],[],Node
the development plan has been approved and buildings have been constructed,event,[],[],Node
"Development must provide a visual transition between open space, bushland reserves or other public spaces and buildings.",event,[],[],Node
development must protect views to and from public open spaces (Clause C5),event,[],[],Node
Development must protect views to and from public open spaces.,event,[],[],Node
buildings must be located to provide an outlook to public open space,event,[],[],Node
Development on land identified as Bandicoot Protection Area may be required to undertake an assessment of significance.,event,[],[],Node
Bandicoot,entity,[],[],Node
land,entity,[],[],Node
Development on land identified as Wildlife Corridor must incorporate native vegetation in landscaping works.,event,[],[],Node
Wildlife Corridor,entity,[],[],Node
Buildings must be located to provide an outlook to public open space without privatizing it.,event,[],[],Node
buildings,entity,[],[],Node
"Development must provide a visual transition between open spaces, bushland reserves, and buildings.",event,[],[],Node
open spaces,entity,[],[],Node
bushland reserves,entity,[],[],Node
development,entity,[],[],Node
views,entity,[],[],Node
be,entity,[],[],Node
open space,entity,[],[],Node
height and scale,entity,[],[],Node
unique environmental qualities,entity,[],[],Node
properties,entity,[],[],Node
environmental impact,entity,[],[],Node
landscapes,entity,[],[],Node
area,entity,[],[],Node
"sandstone cliffs, outcrops and overhangs",entity,[],[],Node
plantings,entity,[],[],Node
Development adjoining public open space must be set back from open space,event,[],[],Node
This is particularly important where properties are within a foreshore area or where the land is flood affected,event,[],[],Node
Development must be designed and located to minimise potential adverse environmental impact,event,[],[],Node
"Development within the scenic protection area must be: of a scale compatible with the character, landscape and scenic qualities of the area",event,[],[],Node
Any plantings are to enhance fauna habitat and to be local species endemic to the area,event,[],[],Node
"Sandstone cliffs, outcrops and overhangs must be retained in situ and integrated into the design of new development",event,[],[],Node
Development within the scenic protection area must be designed and located to minimise potential adverse environmental impact,event,[],[],Node
scenic protection area,entity,[],[],Node
foreshore area,entity,[],[],Node
"Development within the scenic protection area must be of a scale compatible with the character, landscape and scenic qualities of the area",event,[],[],Node
character,entity,[],[],Node
landscape,entity,[],[],Node
qualities of the area,entity,[],[],Node
Any development within the scenic protection area must have minimal visual impact when viewed from any adjoining public open space,event,[],[],Node
"Adjoining public open space provides a visual transition between open space and avoids abutting public open space with high, blank or solid fences",event,[],[],Node
adjoining public open space,entity,[],[],Node
"high, blank or solid fences",entity,[],[],Node
sandstone cliffs,entity,[],[],Node
outcrops,entity,[],[],Node
overhangs,entity,[],[],Node
new development,entity,[],[],Node
fauna habitat,entity,[],[],Node
WSUD provisions,entity,[],[],Node
reduce potable water use,entity,[],[],Node
stormwater quality targets,entity,[],[],Node
Specific developments,entity,[],[],Node
water conservation and stormwater quality targets,entity,[],[],Node
All residential buildings,entity,[],[],Node
State Environmental Planning Policy - Building Sustainability Index (BASIX),entity,[],[],Node
Buildings not covered by BASIX,entity,[],[],Node
Water Efficiency Labelling and Standards (WELS) Scheme,entity,[],[],Node
Rainwater tanks,entity,[],[],Node
"including outdoor use, toilets, and laundry",entity,[],[],Node
Cooling towers,entity,[],[],Node
to ensure optimum circulation before discharge,entity,[],[],Node
The WSUD provisions within this chapter apply to new development and redevelopment within the area.,event,[],[],Node
"to reduce potable water use, and treat stormwater so that the area reaches the relevant stormwater quality targets for stormwater reuse and/or stormwater entering receiving waters.",event,[],[],Node
Specific developments are required to meet water conservation and stormwater quality targets.,event,[],[],Node
the WSUD provisions within this chapter apply to new development and redevelopment within the area.,event,[],[],Node
"All residential buildings are to demonstrate compliance with State Environmental Planning Policy - Building Sustainability Index (BASIX), as required.",event,[],[],Node
All buildings not covered by the State Environmental Planning Policy - BASIX must meet minimum standards defined by the Water Efficiency Labelling and Standards (WELS) Scheme.,event,[],[],Node
"are to install rainwater tanks to meet all non-potable demands, including outdoor use, toilets, and laundry.",event,[],[],Node
are to incorporate passive cooling methods that rely on improved natural ventilation to supplement or preclude mechanical cooling.,event,[],[],Node
"where cooling towers are used, they are: to be connected to a conductivity meter to ensure optimum circulation before discharge.",event,[],[],Node
to include a water meter connected to a building energy and water metering system to monitor water usage.,event,[],[],Node
The WSUD provisions within this chapter apply to new development and redevelopment within the area,event,[],[],Node
redevelopment,entity,[],[],Node
the area,entity,[],[],Node
Specific developments are required to meet water conservation and stormwater quality targets that have been established for land where this DCP applies,event,[],[],Node
specific developments,entity,[],[],Node
DCP,entity,[],[],Node
All residential buildings are to demonstrate compliance with State Environmental Planning Policy - Building Sustainability Index (BASIX),event,[],[],Node
all residential buildings,entity,[],[],Node
All buildings not covered by the State Environmental Planning Policy - BASIX must meet minimum standards defined by the Water Efficiency Labelling and Standards (WELS) Scheme,event,[],[],Node
buildings not covered by the State Environmental Planning Policy - BASIX,entity,[],[],Node
"All buildings are to install rainwater tanks to meet all non-potable demands, including outdoor use, toilets, and laundry",event,[],[],Node
all buildings,entity,[],[],Node
rainwater tanks,entity,[],[],Node
non-potable demands,entity,[],[],Node
outdoor use,entity,[],[],Node
toilets,entity,[],[],Node
laundry,entity,[],[],Node
All buildings are to incorporate passive cooling methods that rely on improved natural ventilation to supplement or preclude mechanical cooling,event,[],[],Node
passive cooling methods,entity,[],[],Node
natural ventilation,entity,[],[],Node
mechanical cooling,entity,[],[],Node
Cooling towers used in some buildings must be connected to a conductivity meter to ensure optimum circulation before discharge,event,[],[],Node
cooling towers,entity,[],[],Node
conductivity meter,entity,[],[],Node
circulation,entity,[],[],Node
All buildings are to include a water meter connected to a building energy and water metering system to monitor water usage,event,[],[],Node
water meter,entity,[],[],Node
building energy and water metering system,entity,[],[],Node
water usage,entity,[],[],Node
existing trees,entity,[],[],Node
hard paved areas,entity,[],[],Node
rainwater infiltration,entity,[],[],Node
green roofs,entity,[],[],Node
large scale developments,entity,[],[],Node
landscape plan,entity,[],[],Node
development application,entity,[],[],Node
mulch depth,entity,[],[],Node
100mm,entity,[],[],Node
court walls,entity,[],[],Node
material similar in type and colour to that used for the development found on site,entity,[],[],Node
Any new development must preserve and protect any existing trees on site.,event,[],[],Node
To minimise the extent of hard paved areas and facilitate rainwater infiltration.,event,[],[],Node
To encourage green roofs and green walls particularly for large scale developments.,event,[],[],Node
"A landscape plan and maintenance schedule must be submitted with any development application for residential, commercial and industrial development that requires landscaping.",event,[],[],Node
Use of mulch or similar treatments of garden beds with mulch depth not less than 100mm,event,[],[],Node
"Any court walls facing a communal area or public place or road (that must be constructed of a material similar in type and colour to that used for the development found on site),",event,[],[],Node
rainwater,entity,[],[],Node
green walls,entity,[],[],Node
maintenance schedule,entity,[],[],Node
residential development,entity,[],[],Node
commercial development,entity,[],[],Node
industrial development,entity,[],[],Node
landscaping,entity,[],[],Node
mulch,entity,[],[],Node
garden beds,entity,[],[],Node
communal area,entity,[],[],Node
public place,entity,[],[],Node
road,entity,[],[],Node
stormwater,entity,[],[],Node
flooding,entity,[],[],Node
developments,entity,[],[],Node
receiving waters,entity,[],[],Node
infrequent storms,entity,[],[],Node
urban environment,entity,[],[],Node
pedestrian traffic,entity,[],[],Node
frequent storms,entity,[],[],Node
landowners,entity,[],[],Node
receiving waters and adjacent land-use,entity,[],[],Node
On Site Detention,entity,[],[],Node
Gravity Pipe System,entity,[],[],Node
The flow of stormwater from developments needs to be managed so as to negate or reduce to an acceptable frequency the possibility of flooding buildings and/or the danger to life at any location.,event,[],[],Node
To protect the urban environment from the effects of otherwise uncontrolled surface stormwater flows resulting from infrequent (and lesser) storm events.,event,[],[],Node
To minimise or negate disruption and/or danger to both pedestrian and vehicular traffic that may be caused by otherwise uncontrolled surface stormwater flows resulting from frequent storm events.,event,[],[],Node
"To protect the quality of receiving waters, adjacent and downstream land-use and the rights of adjacent and downstream landowners.",event,[],[],Node
"On Site Detention Yes (3, 6)",event,[],[],Node
"On Site Retention Yes (3,8)",event,[],[],Node
Gravity Pipe System Required Yes (4),event,[],[],Node
Pump System Permitted No (4),event,[],[],Node
"The flow of stormwater from developments needs to be managed so as to negate or reduce to an acceptable frequency the possibility of flooding buildings and/or the danger to life at any location, through the storage of stormwater where appropriate in developments and the control of major development drainage systems.",event,[],[],Node
infrequent storm events,entity,[],[],Node
surface stormwater flows,entity,[],[],Node
vehicular traffic,entity,[],[],Node
frequent storm events,entity,[],[],Node
land-use,entity,[],[],Node
adjacent landowners,entity,[],[],Node
downstream landowners,entity,[],[],Node
Pump System,entity,[],[],Node
Marrickville DCP 2011,entity,[],[],Node
Clause 2.3,entity,[],[],Node
setback,entity,[],[],Node
front projections,entity,[],[],Node
side setbacks,entity,[],[],Node
height limit,entity,[],[],Node
eaves height,entity,[],[],Node
environmental protection,entity,[],[],Node
overshadowing,entity,[],[],Node
loss of privacy and views,entity,[],[],Node
site analysis,entity,[],[],Node
streetscape,entity,[],[],Node
building,entity,[],[],Node
surrounding buildings,entity,[],[],Node
ecological community (EEC),entity,[],[],Node
site and boundaries with adjoining sites,entity,[],[],Node
significant trees or other vegetation,entity,[],[],Node
adjoining sites,entity,[],[],Node
The document outlines planning requirements for Marrickville DCP 2011.,event,[],[],Node
Clause 2.3 - setback (development_control) is included in these requirements,event,[],[],Node
Front setbacks and front projections are defined in Clause 2.3.,event,[],[],Node
Side setbacks are also defined in this clause,event,[],[],Node
Eaves height is specified as part of the height_limit requirements.,event,[],[],Node
Clause 2.3.1 - environmental_protection (environmental_protection) outlines environmental considerations,event,[],[],Node
"Minimising overshadowing, loss of privacy and views are key objectives.",event,[],[],Node
"The development must integrate within the streetscape when considering scale, proportion and massing",event,[],[],Node
The site and context analysis must demonstrate that the building will sit comfortably with surrounding buildings in terms of its massing.,event,[],[],Node
"The site and context analysis must also demonstrate that the building is well proportioned, both as an individual element and within the streetscape",event,[],[],Node
"Any endangered ecological community (EEC), significant trees or other vegetation on the site must be identified.",event,[],[],Node
Other existing trees upon the site or close to boundaries with adjoining sites must also be considered,event,[],[],Node
The front setbacks and front projections must be considered.,event,[],[],Node
Front setbacks,entity,[],[],Node
Front projections,entity,[],[],Node
Eaves height must be limited.,event,[],[],Node
Eaves height,entity,[],[],Node
"Overshadowing, loss of privacy and views must be minimised.",event,[],[],Node
Overshadowing,entity,[],[],Node
Loss of privacy,entity,[],[],Node
Views,entity,[],[],Node
"The development will integrate within the streetscape when considering scale, proportion and massing.",event,[],[],Node
Streetscape,entity,[],[],Node
Scale,entity,[],[],Node
Proportion,entity,[],[],Node
Massing,entity,[],[],Node
The building is well proportioned as an individual element and within the streetscape.,event,[],[],Node
Building,entity,[],[],Node
The building will sit comfortably with surrounding buildings in terms of its massing.,event,[],[],Node
Surrounding buildings,entity,[],[],Node
"Any endangered ecological community (EEC), significant trees or other vegetation must be considered.",event,[],[],Node
Endangered ecological community,entity,[],[],Node
Significant trees,entity,[],[],Node
Vegetation,entity,[],[],Node
Unique environmental features,entity,[],[],Node
people with a disability,entity,[],[],Node
car parking facilities,entity,[],[],Node
Council,entity,[],[],Node
the provision for ease of use and comfort,entity,[],[],Node
safety measures,entity,[],[],Node
circulation space,entity,[],[],Node
street furniture,entity,[],[],Node
signage,entity,[],[],Node
obstacles,entity,[],[],Node
principal entrances of commercial buildings,entity,[],[],Node
handrails and guard-rails,entity,[],[],Node
To provide an adequate supply of car parking facilities for use by people with a disability.,event,[],[],Node
"The provision for ease of use and comfort through appropriate gradients, rest areas, circulation space and user friendly entrances,",event,[],[],Node
When assessing a development application Council must take into account the following matters as relevant to the application:,event,[],[],Node
"Safety measures, including contrasting colours for points of danger, slip resistant travel surfaces and appropriate positioning of street furniture, public art installations, signage or any other obstacles,",event,[],[],Node
"Safety measures, including contrasting colours for points of danger, slip resistant travel surfaces and appropriate positioning of street furniture, public art installations, signage or any other obstacles",event,[],[],Node
"Legible design and way finding features, such as signs and international symbols and indicators,",event,[],[],Node
"Legible design and way finding features, such as signs and international symbols and indicators",event,[],[],Node
"Opportunities for access through principal entrances of commercial buildings,",event,[],[],Node
car,entity,[],[],Node
"When assessing a development application Council must take into account the provision for ease of use and comfort through appropriate gradients, rest areas, circulation space and user friendly entrances,",event,[],[],Node
"Safety measures, including contrasting colours for points of danger, slip resistant travel surfaces and appropriate positioning of street furniture, public art installations, signage or any other obstacles, including those in the public domain,",event,[],[],Node
public art installations,entity,[],[],Node
"Legible design and way finding features, such as signs and international symbols and indicators, to assist in determining the location of handrails, guard-rails and tactile indicators where relevant,",event,[],[],Node
handrails,entity,[],[],Node
guard-rails,entity,[],[],Node
tactile indicators,entity,[],[],Node
signs,entity,[],[],Node
"Opportunities for access through principal entrances of commercial buildings, pubs or other places.",event,[],[],Node
commercial buildings,entity,[],[],Node
pubs,entity,[],[],Node
Document,entity,[],[],Node
Acoustic,entity,[],[],Node
Visual,entity,[],[],Node
Marrickville DCP 2011 - 2 6,entity,[],[],Node
The planning document was created.,event,[],[],Node
It was titled Marrickville DCP 2011 - 2,event,[],[],Node
The document included an acoustic and visual privacy plan.,event,[],[],Node
Acoustic and visual privacy were important considerations for the planning process,event,[],[],Node
The document's purpose was to ensure compliance with regulations.,event,[],[],Node
The Planning Document is titled Marrickville DCP 2011 - 2.,event,[],[],Node
Marrickville,entity,[],[],Node
The title of the document is Acoustic and Visual Privacy.,event,[],[],Node
Privacy,entity,[],[],Node
windows,entity,[],[],Node
sunlight,entity,[],[],Node
PV panels,entity,[],[],Node
solar hot water systems,entity,[],[],Node
Direct solar access to windows must not be reduced to less than two hours between 9.00am and 3.00pm on 21 June.,event,[],[],Node
"Where less than two hours of sunlight is currently available on 21 June, solar access should not be further reduced.",event,[],[],Node
PV panels and solar hot water systems must receive a minimum four hours of direct sunlight between 9.00am and 3.00pm during midwinter.,event,[],[],Node
PV panels and solar hot water systems must be placed on areas of a building where there is minimal or no adverse impacts on the streetscape or architectural integrity of the host building and where there is minimal or no overshadowing.,event,[],[],Node
Direct solar access to windows of principal living areas must not be reduced to less than two hours between 9.00am and 3.00pm on 21 June.,event,[],[],Node
residential accommodation,entity,[],[],Node
principal living areas,entity,[],[],Node
Solar access should not be further reduced if less than two hours of sunlight is currently available on 21 June.,event,[],[],Node
PV panels and solar hot water systems must be placed where there is minimal or no adverse impacts on the streetscape or architectural integrity of the host building.,event,[],[],Node
host building,entity,[],[],Node
Clause 2.8,entity,[],[],Node
social impact assessment,entity,[],[],Node
predict development or land use change,entity,[],[],Node
development or land use change,entity,[],[],Node
people's way of life,entity,[],[],Node
Clause 2.8.5,entity,[],[],Node
SIC or SIS with development application,entity,[],[],Node
"A social impact assessment (SIA) aims to predict the positive or negative impact that development or land use change may have on people’s way of life, their culture, or their community.",event,[],[],Node
"A SIC or SIS is required with any development application if, in the opinion of Council, a proposed development is likely to have a significant impact on the community.",event,[],[],Node
people,entity,[],[],Node
community,entity,[],[],Node
Development applications,entity,[],[],Node
four core CPTED principles,entity,[],[],Node
Private and public spaces,entity,[],[],Node
community safety,entity,[],[],Node
"To contribute to the safety of the public domain and optimise the use of public spaces and facilities by the community, through the creation of a physical environment that encourages a feeling of safety.",event,[],[],Node
To ensure all development applications are assessed against the four core CPTED principles to enhance community safety.,event,[],[],Node
"To promote the design of private and public spaces which contribute to community safety, including all developments carried out by Council, other levels of government and public agencies.",event,[],[],Node
"To orientate buildings to maximise surveillance from the street to the building, from the building to the street and between buildings.",event,[],[],Node
"To ensure individual dwelling entries in multi dwelling housing, and the main building entry in other forms of residential buildings, are clearly visible from the street frontage or other vantage point offering natural surveillance to enhance the safety and security of building users.",event,[],[],Node
"To ensure communal areas in a development are well defined and have a reasonable level of surveillance of such spaces (for example, car parks and communal open space).",event,[],[],Node
"To encourage development which adjoins laneways, alleyways, parks and open spaces or other public areas to contribute to the safety of those areas by maximising opportunities for surveillance.",event,[],[],Node
To encourage the use of external lighting to improve the safety and security of property by increasing opportunities for casual surveillance and deterring illegal access.,event,[],[],Node
Community,entity,[],[],Node
Public Domain,entity,[],[],Node
Development Applications,entity,[],[],Node
CPTED Principles,entity,[],[],Node
Levels of Government,entity,[],[],Node
Public Agencies,entity,[],[],Node
Private Spaces,entity,[],[],Node
Public Spaces,entity,[],[],Node
Street,entity,[],[],Node
Surveillance,entity,[],[],Node
Multi Dwelling Housing,entity,[],[],Node
Residential Buildings,entity,[],[],Node
Street Frontage,entity,[],[],Node
Building Users,entity,[],[],Node
Communal Areas,entity,[],[],Node
Car Parks,entity,[],[],Node
Communal Open Space,entity,[],[],Node
Laneways,entity,[],[],Node
Alleyways,entity,[],[],Node
Parks,entity,[],[],Node
Open Spaces,entity,[],[],Node
Public Areas,entity,[],[],Node
External Lighting,entity,[],[],Node
Property,entity,[],[],Node
site,entity,[],[],Node
features,entity,[],[],Node
landscape features,entity,[],[],Node
landscapes features,entity,[],[],Node
trees,entity,[],[],Node
corner properties,entity,[],[],Node
splayed corner(s),entity,[],[],Node
proposed subdivision,entity,[],[],Node
characteristics similar to the prevailing cadastral pattern,entity,[],[],Node
Subdivision or site amalgamation must not compromise the significant features of the existing site or adjoining sites.,event,[],[],Node
"Corner properties must have splayed corner(s) for road widening purposes and to improve sight lines at intersections for vehicles, pedestrians and cyclists",event,[],[],Node
The proposed subdivision or amalgamation must have characteristics similar to the prevailing cadastral pattern of the lots fronting the same street.,event,[],[],Node
The proposed subdivision or amalgamation must have characteristics similar to the prevailing cadastral pattern of the lots fronting the same street,event,[],[],Node
Subdivision or site amalgamation must not compromise the significant features of the existing site or adjoining sites,event,[],[],Node
existing site,entity,[],[],Node
Corner properties must have splayed corner(s) for road widening purposes and to improve sight lines at intersections,event,[],[],Node
vehicles,entity,[],[],Node
pedestrians,entity,[],[],Node
cyclists,entity,[],[],Node
proposed subdivision or amalgamation,entity,[],[],Node
lots fronting the same street,entity,[],[],Node
Planning,entity,[],[],Node
Marrickville DCP 2011 - 4 0 Cover,entity,[],[],Node
Marrickville DCP 2011 was published.,event,[],[],Node
The council adopted Marrickville DCP 2011 in 2006.,event,[],[],Node
A public exhibition of the draft plan was held from October to December 2005.,event,[],[],Node
The community was invited to comment on the proposal during this period.,event,[],[],Node
The Planning Document: Marrickville DCP 2011 is available for viewing.,event,[],[],Node
Planning Document: Marrickville DCP 2011,entity,[],[],Node
viewers,entity,[],[],Node
Multi Dwelling Housing and RFBs,entity,[],[],Node
building heights,entity,[],[],Node
Building setbacks,entity,[],[],Node
floor space ratio and site coverage,entity,[],[],Node
Parking and access,entity,[],[],Node
Period residential flat buildings,entity,[],[],Node
heritage,entity,[],[],Node
zoning,entity,[],[],Node
existing zoning and desired future character of the locality,entity,[],[],Node
ecologically sustainable development,entity,[],[],Node
streetscape character of the locality,entity,[],[],Node
Clause 4.2.1 - zoning (land_use_zoning): To ensure new development is compatible with the existing zoning and desired future character of the locality.,event,[],[],Node
"Clause 4.2.1 - environmental_protection (environmental_protection): To ensure new development considers the principles of ecologically sustainable development, in particular energy, water and stormwater efficiency, solar access, natural ventilation, waste reduction and local biodiversity.",event,[],[],Node
Clause 4.2.2 - setback (development_control): Ensure new development maintains the same setback and enhances the streetscape character of the locality,event,[],[],Node
Clause 4.2.3 - fsr_control (development_control) has not been mentioned,event,[],[],Node
Clause 4.2.6 - parking (development_control): Parking and access .... .. 10,event,[],[],Node
Clause 4.2.5 has not been mentioned,event,[],[],Node
Clause 4.2.10 - heritage (development_control): 4.2.10 Period residential flat buildings...... .. 13,event,[],[],Node
Clause 4.2.9 has not been mentioned,event,[],[],Node
To ensure new development is compatible with the existing zoning and desired future character of the locality.,event,[],[],Node
locality,entity,[],[],Node
"To ensure new development considers the principles of ecologically sustainable development, in particular energy, water and stormwater efficiency, solar access, natural ventilation, waste reduction and local biodiversity.",event,[],[],Node
Ensure new development maintains the same setback and enhances the streetscape character of the locality,event,[],[],Node
the relevant controls,entity,[],[],Node
boarding houses,entity,[],[],Node
Table 1 in Section 2.10 Parking,entity,[],[],Node
Parking Area 1,entity,[],[],Node
Parking Area 3,entity,[],[],Node
heritage item,entity,[],[],Node
relevant heritage planning controls,entity,[],[],Node
boarding house,entity,[],[],Node
the character of the local area,entity,[],[],Node
gross floor area,entity,[],[],Node
resident numbers,entity,[],[],Node
Development applications for boarding houses in the R2 – Low Density Residential zone will be assessed in accordance with the relevant controls in Section 4.1 of this DCP.,event,[],[],Node
The controls in Section 4.1 relate to low density residential development and objectives in Section 4.3.,event,[],[],Node
"Development applications for boarding houses in the R1 – General Residential, R3 – Medium Density Residential and R4 – High Density Residential zones will be assessed in accordance with the relevant controls in Section 4.2 of this DCP.",event,[],[],Node
The controls in Section 4.2 relate to multi dwelling housing and residential flat buildings and objectives in Section 4.3.,event,[],[],Node
"Development applications for boarding houses in the B1 - Neighbourhood Centre Zone, B2 - Local Centre Zone and B4 - Mixed Use zones will be assessed in accordance with the relevant controls in Section 5 of this DCP.",event,[],[],Node
Car parking requirements for boarding houses are detailed in Table 1 in Section 2.10 Parking.,event,[],[],Node
The planning document has specified the zones where development applications will be assessed.,event,[],[],Node
Parking provision rates for boarding houses are lower than for residential flat buildings to reflect an expected lower car ownership rate and to facilitate housing affordability.,event,[],[],Node
"The parking rates for boarding houses are most constrained in Parking Area 1 (most of Camperdown, Newtown and Enmore area, major commercial strips and around railway stations) and least constrained in Parking Area 3 (outlying areas).",event,[],[],Node
"Where a boarding house is on the site of a heritage item or within a heritage conservation area, the proposal will also need to comply with the relevant heritage planning controls contained in Part 8 of this DCP.",event,[],[],Node
"The design of a boarding house is to be compatible with the character of the local area, and ensure there are no negative impacts on the amenity of the local area.",event,[],[],Node
Resident numbers will be determined based on the gross floor area of the boarding room (excluding any area used for the purposes of private kitchen or bathroom facilities).,event,[],[],Node
"An area of private open space, at least 8 square metres with a minimum",event,[],[],Node
Development applications for boarding houses in the R2 – Low Density Residential zone will be assessed in accordance with the relevant controls.,event,[],[],Node
R2 – Low Density Residential zone,entity,[],[],Node
Section 4.1 of this DCP,entity,[],[],Node
"Development applications for boarding houses in the R1 – General Residential, R3 – Medium Density Residential and R4 – High Density Residential zones will be assessed in accordance with the relevant controls.",event,[],[],Node
R1 – General Residential zone,entity,[],[],Node
R3 – Medium Density Residential zone,entity,[],[],Node
R4 – High Density Residential zone,entity,[],[],Node
Section 4.2 of this DCP,entity,[],[],Node
"Development applications for boarding houses in the B1 - Neighbourhood Centre Zone, B2 - Local Centre Zone and B4 - Mixed Use zones will be assessed in accordance with the relevant controls.",event,[],[],Node
B1 - Neighbourhood Centre Zone,entity,[],[],Node
B2 - Local Centre Zone,entity,[],[],Node
B4 - Mixed Use zone,entity,[],[],Node
Section 5 of this DCP,entity,[],[],Node
"Parking rates for boarding houses are most constrained in Parking Area 1 (most of Camperdown, Newtown and Enmore area, major commercial strips and around railway stations) and least constrained in Parking Area 3 (outlying areas).",event,[],[],Node
"The proposal will also need to comply with the relevant heritage planning controls contained in Part 8 of this DCP, where a boarding house is on the site of a heritage item or within a heritage conservation area.",event,[],[],Node
Part 8 of this DCP,entity,[],[],Node
heritage conservation area,entity,[],[],Node
boarding house manager,entity,[],[],Node
accommodation,entity,[],[],Node
private open space,entity,[],[],Node
front setback area,entity,[],[],Node
A dimension of 2.5 metres is required to be provided.,event,[],[],Node
adjacent to each boarding house manager’s accommodation,event,[],[],Node
Any such private open space not being provided within the front setback area.,event,[],[],Node
A dimension of 2.5 metres is required to be provided adjacent to each boarding house manager’s accommodation,event,[],[],Node
a dimension of 2.5 metres is required to be provided,event,[],[],Node
boarding house manager’s accommodation,entity,[],[],Node
any such private open space not being provided within the front setback area,event,[],[],Node
low density residential development,entity,[],[],Node
relevant controls,entity,[],[],Node
Boarding houses,entity,[],[],Node
Minimum access requirements,entity,[],[],Node
Solar access requirements,entity,[],[],Node
Section 2.7.5.2,entity,[],[],Node
Car parking requirements,entity,[],[],Node
Parking provision rates,entity,[],[],Node
residential flat buildings,entity,[],[],Node
Open space requirements,entity,[],[],Node
Section 2.18.11.4,entity,[],[],Node
Energy efficiency requirements,entity,[],[],Node
Section 2.16.2,entity,[],[],Node
Development applications for boarding houses in the R2 – Low Density Residential zone will be assessed in accordance with the relevant controls in Section 4.1 of this DCP relating to low density residential development and the relevant objectives and controls in Section 4.3.,event,[],[],Node
Clause 4.3.3 - zoning (land_use_zoning): Development applications for boarding houses in the R2 – Low Density Residential zone will be assessed in accordance with the relevant controls in Section 4.1 of this DCP relating to low density residential development and the relevant objectives and controls in Section 4.3.,event,[],[],Node
"Development applications for boarding houses in the R1 – General Residential, R3 – Medium Density Residential and R4 – High Density Residential zones will be assessed in accordance with the relevant controls in Section 4.2 of this DCP relating to multi dwelling housing and residential flat buildings and the relevant objectives and controls in Section 4.3.",event,[],[],Node
"Clause 4.3.3 - zoning (land_use_zoning): Development applications for boarding houses in the R1 – General Residential, R3 – Medium Density Residential and R4 – High Density Residential zones will be assessed in accordance with the relevant controls in Section 4.2 of this DCP relating to multi dwelling housing and residential flat buildings and the relevant objectives and controls in Section 4.3.",event,[],[],Node
"Development applications for boarding houses in the B1 - Neighbourhood Centre Zone, B2 - Local Centre Zone and B4 - Mixed Use zones will be assessed in accordance with the relevant controls in Section 5 of this DCP relating to commercial and mixed use development and the relevant objectives and controls in Section 4.3.",event,[],[],Node
"Clause 4.3.3 - zoning (land_use_zoning): Development applications for boarding houses in the B1 - Neighbourhood Centre Zone, B2 - Local Centre Zone and B4 - Mixed Use zones will be assessed in accordance with the relevant controls in Section 5 of this DCP relating to commercial and mixed use development and the relevant objectives and controls in Section 4.3.",event,[],[],Node
Minimum access requirements for boarding houses are provided in Section 2.5.10.,event,[],[],Node
Clause 4.3.3 - parking (development_control): Minimum access requirements for boarding houses are provided in Section 2.5.10.,event,[],[],Node
Solar access requirements for boarding houses are detailed in Section 2.7.5.2,event,[],[],Node
Clause 4.3.3 - other (development_control): Solar access requirements for boarding houses are detailed in Section 2.7.5.2,event,[],[],Node
Clause 4.3.3 - parking (development_control): Car parking requirements for boarding houses are detailed in Table 1 in Section 2.10 Parking.,event,[],[],Node
"For a definition and map of Parking Areas, refer to DCP Section 2.10 Parking.",event,[],[],Node
Refer to Section 2.16.2 for energy efficiency requirements.,event,[],[],Node
Clause 4.3.3 - other (development_control): Refer to Section 2.16.2 for energy efficiency requirements.,event,[],[],Node
Open space requirements for boarding houses are detailed in Section 2.18.11.4.,event,[],[],Node
Clause 4.3.3 - other (development_control): Open space requirements for boarding houses are detailed in Section 2.18.11.4.,event,[],[],Node
Development applications for boarding houses in the R2 – Low Density Residential zone will be assessed,event,[],[],Node
"Development applications for boarding houses in the R1 – General Residential, R3 – Medium Density Residential and R4 – High Density Residential zones will be assessed",event,[],[],Node
R1 – General Residential,entity,[],[],Node
R3 – Medium Density Residential,entity,[],[],Node
R4 – High Density Residential,entity,[],[],Node
"Development applications for boarding houses in the B1 - Neighbourhood Centre Zone, B2 - Local Centre Zone and B4 - Mixed Use zones will be assessed",event,[],[],Node
Minimum access requirements for boarding houses are provided,event,[],[],Node
Section 2.5.10,entity,[],[],Node
Solar access requirements for boarding houses are detailed,event,[],[],Node
Car parking requirements for boarding houses are detailed,event,[],[],Node
Parking provision rates for boarding houses are lower than for residential flat buildings,event,[],[],Node
Energy efficiency requirements for boarding houses are detailed,event,[],[],Node
Open space requirements for boarding houses are detailed,event,[],[],Node
residential standards,entity,[],[],Node
Marrickville Local Environmental Plan 2011 (MLEP 2011),entity,[],[],Node
architectural styles,entity,[],[],Node
compatibility,entity,[],[],Node
local environment,entity,[],[],Node
urban housing,entity,[],[],Node
surrounding properties,entity,[],[],Node
residential period buildings,entity,[],[],Node
architectural character,entity,[],[],Node
development proposals,entity,[],[],Node
urban housing impact,entity,[],[],Node
To provide more details on the residential standards contained in Marrickville Local Environmental Plan 2011 (MLEP 2011).,event,[],[],Node
LOWDENSITY RESIDENTIAL DEVELOPMENT,event,[],[],Node
To maintain and encourage compatible architectural styles within residential areas.,event,[],[],Node
"To encourage residential development which is sensitive to the local environment, socially responsive and which promotes a safe living environment and makes better use of existing infrastructure.",event,[],[],Node
To ensure the impact of urban housing on the amenity of surrounding properties and the streetscape is a prime and initial consideration in the preparation and assessment of development proposals.,event,[],[],Node
To encourage restoration and sympathetic alterations and additions to residential period buildings in a manner that retains and enhances their architectural character and streetscape presentation.,event,[],[],Node
To require high quality urban design and accessible and adaptable accommodation.,event,[],[],Node
To encourage innovative design that positively responds to the character and context of the locality.,event,[],[],Node
Marrickville Local Environmental Plan 2011,entity,[],[],Node
residential areas,entity,[],[],Node
existing infrastructure,entity,[],[],Node
streetscape presentation,entity,[],[],Node
urban design,entity,[],[],Node
innovative design,entity,[],[],Node
IWLEP 2022 amendments,entity,[],[],Node
Floor space ratio (FSR),entity,[],[],Node
development control,entity,[],[],Node
Height,entity,[],[],Node
Massing and setbacks,entity,[],[],Node
"Vehicle access, parking, loading and services",entity,[],[],Node
contributory buildings,entity,[],[],Node
the street fronting portion of the existing building,entity,[],[],Node
Environmental protection,entity,[],[],Node
The development control clause is related to floor space ratio.,event,[],[],Node
Clause 5.1.3.2 - height_limit (development_control) specifies the building height.,event,[],[],Node
"Clause 5.1.6 - parking (development_control) deals with vehicle access, parking, loading and services.",event,[],[],Node
"Where Council determines that a building is contributory, as a minimum, the street fronting portion of the existing building is required to be retained.",event,[],[],Node
To maintain the structural and aesthetic integrity of the building.,event,[],[],Node
Environmental protection is addressed in Clause 5.3.1.3 - environmental_protection (environmental_protection).,event,[],[],Node
Council determines that a building is contributory,event,[],[],Node
a building,entity,[],[],Node
the street fronting portion of the existing building is required to be retained,event,[],[],Node
"vehicle access, parking, loading and services are regulated",event,[],[],Node
Clause 6.1,entity,[],[],Node
land_use_zoning,entity,[],[],Node
industrial activities,entity,[],[],Node
Building height,entity,[],[],Node
Clause 6.1.2.5,entity,[],[],Node
Clause 6.1.2.2,entity,[],[],Node
Setbacks,entity,[],[],Node
Clause 6.1.2.7,entity,[],[],Node
Clause 6.2.3,entity,[],[],Node
parking space,entity,[],[],Node
strata lot,entity,[],[],Node
frontages of allotments,entity,[],[],Node
"factors such as location, access, streetscape and surrounding development",entity,[],[],Node
This part generally applies to all land within the IN1 General Industrial zone,event,[],[],Node
"Clause 6.1 - zoning (land_use_zoning): This part generally applies to all land within the IN1 General Industrial zone, IN2 Light Industrial zone and some commercial zones",event,[],[],Node
Building height .. . 3,event,[],[],Node
Clause 6.1.2 - height_limit (development_control): Building height .. . 3,event,[],[],Node
Floor space ratio (FSR) Error! Bookmark not defined.,event,[],[],Node
Clause 6.1.2.2 - fsr_control (development_control): Floor space ratio (FSR) Error! Bookmark not defined.,event,[],[],Node
Setbacks.... . 14,event,[],[],Node
Clause 6.3.2 - setback (development_control): Setbacks.... . 14,event,[],[],Node
Environmental protection.... . 12,event,[],[],Node
Clause 6.2.3 - environmental_protection (environmental_protection): Environmental protection.... . 12,event,[],[],Node
"Where there is to be a strata plan of subdivision, any space for parking or other purposes forming a part of a sole occupancy unit must be included in the same strata lot as the unit.",event,[],[],Node
"Clause 6.1.2.1 - parking (development_control): Where there is to be a strata plan of subdivision, any space for parking or other purposes forming a part of a sole occupancy unit must be included in the same strata lot as the unit.",event,[],[],Node
"Frontages of allotments to be developed for light industrial purposes (in zones where light industry is a permissible land use under Inner West LEP 2022) will be assessed on factors such as location of the site, access to the site, streetscape and surrounding development.",event,[],[],Node
"Clause 6.1.2.2 - zoning (land_use_zoning): Frontages of allotments to be developed for light industrial purposes (in zones where light industry is a permissible land use under Inner West LEP 2022) will be assessed on factors such as location of the site, access to the site, streetscape and surrounding development.",event,[],[],Node
IN1 General Industrial zone,entity,[],[],Node
Industrial activities are permissible under the provisions of Inner West LEP 2022,event,[],[],Node
Inner West LEP 2022,entity,[],[],Node
Building height is limited to 3,event,[],[],Node
building height limit,entity,[],[],Node
Floor space ratio (FSR) needs to be controlled,event,[],[],Node
floor space ratio,entity,[],[],Node
control,entity,[],[],Node
Setbacks are required with a minimum of 6,event,[],[],Node
setbacks,entity,[],[],Node
minimum of 6,entity,[],[],Node
Setbacks are required with a minimum of 14,event,[],[],Node
minimum of 14,entity,[],[],Node
Environmental protection is ensured in this clause,event,[],[],Node
Parking spaces must be included in the same strata lot as the unit,event,[],[],Node
parking spaces,entity,[],[],Node
unit,entity,[],[],Node
"Frontages of allotments to be developed for light industrial purposes will be assessed on factors such as location, access, streetscape and surrounding development",event,[],[],Node
light industrial purposes,entity,[],[],Node
location,entity,[],[],Node
access,entity,[],[],Node
surrounding development,entity,[],[],Node
Childcare centres,entity,[],[],Node
R1 - General Residential,entity,[],[],Node
R2 - Low Density Residential,entity,[],[],Node
R3 - Medium Density Residential,entity,[],[],Node
R4 - High Density Residential,entity,[],[],Node
B1 - Neighbourhood Centre,entity,[],[],Node
B2 - Local Centre,entity,[],[],Node
B4 - Mixed Use,entity,[],[],Node
B5 - Business Development,entity,[],[],Node
B7 - Business Park,entity,[],[],Node
IN2 - Light Industrial,entity,[],[],Node
RE1 Public Recreation,entity,[],[],Node
RE2 - Private Recreation,entity,[],[],Node
Child care centres,entity,[],[],Node
residential zones,entity,[],[],Node
Child care centre,entity,[],[],Node
premises,entity,[],[],Node
Childcare centres are permitted with consent in R1 - General Residential zones.,event,[],[],Node
Child care centres are detailed in Section 2.10 regarding car parking requirements.,event,[],[],Node
Car parking requirements for child care centres are detailed in Section 2.10.,event,[],[],Node
"Where a child care centre is on the site of a heritage item or within a heritage conservation area, the proposal will also need to comply with the relevant heritage controls.",event,[],[],Node
"Child care centres must have at least one lift access to all floors, including to any basement parking.",event,[],[],Node
The premises should remain residential in external appearance and finishes and be consistent with the nearby residential streetscape and landscape.,event,[],[],Node
Child care centres in a residential zone will be assessed for impact on residential amenity.,event,[],[],Node
Child care centres in a residential zone will only be acceptable where adverse impacts on the amenity of residents in the neighbourhood can be are avoided or minimised to an acceptable level.,event,[],[],Node
Do not locate a child care centre on a state road.,event,[],[],Node
Under Inner West LEP 2022 child care centres are permitted with consent in the following zones,event,[],[],Node
child care centres,entity,[],[],Node
Child car parking requirements for child care centres are detailed in Section 2.10,event,[],[],Node
Section 2.10,entity,[],[],Node
The proposal will also need to comply with the relevant heritage controls contained in Part 8 of this DCP,event,[],[],Node
the proposal,entity,[],[],Node
heritage item or heritage conservation area,entity,[],[],Node
"Child care centres in two storeys, or more, buildings must have at least one lift access to all floors, including to any basement parking",event,[],[],Node
lift,entity,[],[],Node
floors,entity,[],[],Node
basement parking,entity,[],[],Node
The premises should remain residential in external appearance and finishes and be consistent with the nearby residential streetscape and landscape,event,[],[],Node
the premises,entity,[],[],Node
residential appearance,entity,[],[],Node
residential streetscape,entity,[],[],Node
Child care centres in a residential zone will be assessed for impact on residential amenity,event,[],[],Node
residential zone,entity,[],[],Node
residential amenity,entity,[],[],Node
Child care centres in a residential zone will only be acceptable where adverse impacts on the amenity of residents in the neighbourhood can be are avoided or minimised to an acceptable level,event,[],[],Node
residents,entity,[],[],Node
neighbourhood,entity,[],[],Node
Do no locate a child care centre on a state road,event,[],[],Node
child care centre,entity,[],[],Node
state road,entity,[],[],Node
document,entity,[],[],Node
Marrickville DCP,entity,[],[],Node
The planning document was created in 2011.,event,[],[],Node
The Marrickville DCP 2011 was released.,event,[],[],Node
The Marrickville Council prepared the planning document.,event,[],[],Node
Marrickville Council,entity,[],[],Node
The document is part of the Marrickville DCP 2011-7.0 Cover.,event,[],[],Node
Marrickville DCP 2011-7.0 Cover,entity,[],[],Node
Clause 7.3,entity,[],[],Node
sex services premises,entity,[],[],Node
IN2 Light Industrial zone,entity,[],[],Node
B6 Enterprise Corridor zone,entity,[],[],Node
B4 Mixed Use zone,entity,[],[],Node
B5 Business Development zone,entity,[],[],Node
adult businesses,entity,[],[],Node
restricted premises,entity,[],[],Node
sex on premises venues,entity,[],[],Node
Clause 7.3.1,entity,[],[],Node
MLEP 2011 specifically regulates where sex services premises may be located.,event,[],[],Node
Clause 7.3 - zoning (land_use_zoning) deals with land use zoning.,event,[],[],Node
"Clause 7.3.1 - other (development_control) aims to ensure sufficient separation between adult businesses, restricted premises, sex on premises venues and sex services premises.",event,[],[],Node
Clause 7.3.1 - other (development_control) aims to protect the locality's amenity.,event,[],[],Node
"To ensure sufficient separation between adult businesses, restricted premises, sex on premises venues and sex services premises.",event,[],[],Node
a concentration of those premises in any one locality should be avoided.,event,[],[],Node
"Clause 7.3.1 - other (development_control) aims to ensure adult businesses, restricted premises, sex on premises venues and sex services premises are located, designed and operated in a manner that protects the amenity of the locality.",event,[],[],Node
MLEP 2011 specifically regulates where sex services premises may be located,event,[],[],Node
MLEP 2011,entity,[],[],Node
"To ensure sufficient separation between adult businesses, restricted premises, sex on premises venues and sex services premises",event,[],[],Node
"To ensure adult businesses, restricted premises, sex on premises venues and sex services premises are located in a manner that protects the amenity of the locality",event,[],[],Node
supported,entity,[],[],Node
building materials,entity,[],[],Node
retained,entity,[],[],Node
scale,entity,[],[],Node
facades,entity,[],[],Node
compatible,entity,[],[],Node
roof forms,entity,[],[],Node
be compatible,entity,[],[],Node
fences,entity,[],[],Node
Buildings that make a positive contribution to the character of the HCA should be retained,event,[],[],Node
Demolition of buildings that positively contribute to the character of the HCA will generally not be supported,event,[],[],Node
"Original building materials such as brick, sandstone, timber and slate should be retained and repaired where possible.",event,[],[],Node
New development should respect the scale and massing of existing buildings in the HCA.,event,[],[],Node
New building facades should be compatible with the architectural style and materials of existing buildings in the HCA.,event,[],[],Node
Roof forms and pitches of new development should be compatible with existing buildings in the HCA.,event,[],[],Node
Landscaping should be used to enhance the character of the HCA.,event,[],[],Node
Roof forms and pitches of new development should be compatible with existing buildings in the HCA,event,[],[],Node
Fences and walls should be compatible with the architectural style and materials of existing buildings in the HCA.,event,[],[],Node
New building facades should be compatible with the architectural style and materials of existing buildings in the HCA,event,[],[],Node
HCA,entity,[],[],Node
demolition,entity,[],[],Node
"Original building materials such as brick, sandstone, timber and slate should be retained and repaired where possible",event,[],[],Node
brick,entity,[],[],Node
sandstone,entity,[],[],Node
timber,entity,[],[],Node
slate,entity,[],[],Node
New development should respect the scale and massing of existing buildings in the HCA,event,[],[],Node
existing buildings,entity,[],[],Node
new building facades,entity,[],[],Node
architectural style,entity,[],[],Node
materials,entity,[],[],Node
pitches,entity,[],[],Node
Landscaping should be used to enhance the character of the HCA,event,[],[],Node
Fences and walls should be compatible with the architectural style and materials of existing buildings in the HCA,event,[],[],Node
walls,entity,[],[],Node
page,entity,[],[],Node
This planning document is titled Marrickville DCP 2011 - 9 0 Cover.,event,[],[],Node
Marrickville DCP 2011 - 9 0 Cover,entity,[],[],Node
Planning Document,entity,[],[],Node
planning precincts,entity,[],[],Node
distinct character,entity,[],[],Node
precincts,entity,[],[],Node
contextual basis,entity,[],[],Node
types of development,entity,[],[],Node
other controls,entity,[],[],Node
existing character,entity,[],[],Node
planning controls and objectives,entity,[],[],Node
precinct-specific areas,entity,[],[],Node
heritage conservation areas,entity,[],[],Node
Parramatta Road,entity,[],[],Node
Commercial Precinct 35,entity,[],[],Node
Petersham,entity,[],[],Node
Commercial Precinct 36,entity,[],[],Node
King Street and Enmore Road,entity,[],[],Node
Commercial Precinct 37,entity,[],[],Node
Part 9 of this DCP divides the land where this DCP applies into 47 planning precincts.,event,[],[],Node
Each planning precinct has its own distinct character and provides an important contextual basis for establishing appropriate types of development in association with other controls within the DCP.,event,[],[],Node
Each precinct has an existing and desired future character to guide development within the area.,event,[],[],Node
Planning controls and objectives have been applied to precinct-specific areas and site-specific areas (through masterplans) to assist in achieving the desired future character.,event,[],[],Node
Heritage conservation areas if located within a precinct are referenced.,event,[],[],Node
Parramatta Road (Commercial Precinct 35),event,[],[],Node
Petersham (Commercial Precinct 36),event,[],[],Node
King Street and Enmore Road (Commercial Precinct 37),event,[],[],Node
planning controls,entity,[],[],Node
objectives,entity,[],[],Node
site-specific areas,entity,[],[],Node
masterplans,entity,[],[],Node
Parramatta Road is designated as Commercial Precinct 35.,event,[],[],Node
Petersham is designated as Commercial Precinct 36.,event,[],[],Node
King Street and Enmore Road are designated as Commercial Precinct 37.,event,[],[],Node
King Street,entity,[],[],Node
Enmore Road,entity,[],[],Node
precinct,entity,[],[],Node
period buildings,entity,[],[],Node
sympathetic alteration or restoration,entity,[],[],Node
heritage items,entity,[],[],Node
streetscapes,entity,[],[],Node
single storey streetscapes,entity,[],[],Node
significant streetscapes,entity,[],[],Node
public domain elements,entity,[],[],Node
biodiversity impacts,entity,[],[],Node
low density residential character,entity,[],[],Node
off-street car parking,entity,[],[],Node
amenity of the precinct,entity,[],[],Node
GreenWay Corridor,entity,[],[],Node
To protect and preserve the identified period buildings within the precinct,event,[],[],Node
To protect the identified heritage items within the precinct,event,[],[],Node
To maintain distinctly single storey streetscapes that exist within the precinct,event,[],[],Node
"To protect significant streetscapes and/or public domain elements within the precinct including landscaping, fencing, open space, sandstone kerbing and guttering, views and vistas and prevailing subdivision patterns",event,[],[],Node
To ensure that new development considers all potential impacts to biodiversity,event,[],[],Node
To preserve the predominantly low density residential character of the precinct,event,[],[],Node
To ensure that the provision and location of off-street car parking does not adversely impact the amenity of the precinct,event,[],[],Node
"New development should address the GreenWay Corridor, recognising the space as an active frontage with substantial visual and environmental benefits, as well as an active transport corridor, and provide opportunities for street activation and/or public art and animation.",event,[],[],Node
To protect and preserve the identified period buildings within the precinct and encourage their sympathetic alteration or restoration.,event,[],[],Node
To protect the identified heritage items within the precinct.,event,[],[],Node
To maintain distinctly single storey streetscapes that exist within the precinct.,event,[],[],Node
"To protect significant streetscapes and/or public domain elements within the precinct including landscaping, fencing, open space, sandstone kerbing and guttering, views and vistas and prevailing subdivision patterns.",event,[],[],Node
fencing,entity,[],[],Node
sandstone kerbing,entity,[],[],Node
guttering,entity,[],[],Node
vistas,entity,[],[],Node
subdivision patterns,entity,[],[],Node
To ensure that new development considers all potential impacts to biodiversity.,event,[],[],Node
biodiversity,entity,[],[],Node
To preserve the predominantly low density residential character of the precinct.,event,[],[],Node
To ensure that the provision and location of off-street car parking does not adversely impact the amenity of the precinct.,event,[],[],Node
amenity,entity,[],[],Node
heritage listed water board site,entity,[],[],Node
former Waratah flour mills,entity,[],[],Node
Heritage Items,entity,[],[],Node
low density residential areas,entity,[],[],Node
environmental_protection,entity,[],[],Node
The precinct contains a heritage listed water board site in Weston Street which is substantially vacant except for a small brick building.,event,[],[],Node
The former Waratah flour mills and associated buildings (also heritage items) along the railway line are land mark buildings within this precinct and can be seen from a number of streets.,event,[],[],Node
The land-use pattern of the precinct is predominantly low density residential areas with some medium density development.,event,[],[],Node
Front setbacks are generally consistent within each street despite the variety of buildings styles. A setback of 2 metres to 4 metres is the most common.,event,[],[],Node
In areas of the precinct where off street parking is provided it is most frequently a side drive to a hardstand/carport behind the building line.,event,[],[],Node
To protect the identified Heritage Items within the precinct.,event,[],[],Node
water board site,entity,[],[],Node
Weston Street,entity,[],[],Node
associated buildings,entity,[],[],Node
railway line,entity,[],[],Node
medium density development,entity,[],[],Node
street,entity,[],[],Node
off street parking,entity,[],[],Node
side drive,entity,[],[],Node
hardstand/carport,entity,[],[],Node
building line,entity,[],[],Node
Hoskins Park & Environs Heritage Conservation Area,entity,[],[],Node
native fauna,entity,[],[],Node
Threatened Species and Endangered Populations,entity,[],[],Node
Endangered Ecological Communities,entity,[],[],Node
habitat elements,entity,[],[],Node
connectivity and disturbance,entity,[],[],Node
streetscapes and/or public domain elements,entity,[],[],Node
This precinct also contains the Hoskins Park & Environs Heritage Conservation Area.,event,[],[],Node
"It is essential that development within the precinct considers the potential impacts to biodiversity including native fauna (including Threatened Species and Endangered Populations), native vegetation (including Endangered Ecological Communities), and habitat elements (including their condition, structure, function, connectivity and disturbance).",event,[],[],Node
To ensure that any development considers all potential impacts to biodiversity.,event,[],[],Node
To ensure the provision and location of off-street car parking does not adversely impact the amenity of the precinct.,event,[],[],Node
To protect the identified values of the Lewisham Estate and Hoskins Park & Environs Heritage Conservation Areas.,event,[],[],Node
Lewisham Estate,entity,[],[],Node
Hoskins Park & Environs Heritage Conservation Areas,entity,[],[],Node
Porter's Brickworks Estate Heritage Conservation Area,entity,[],[],Node
Jarvie Avenue Heritage Conservation Area,entity,[],[],Node
Rathlin Estate Heritage Conservation Area,entity,[],[],Node
HCA 28 Dulwich Hill Commercial Precinct Heritage Conservation Area,entity,[],[],Node
buildings with original form,entity,[],[],Node
prevailing subdivision patterns,entity,[],[],Node
"The precinct contains three Heritage Conservation Areas being the Porter’s Brickworks Estate Heritage Conservation Area, Jarvie Avenue Heritage Conservation Area and the Rathlin Estate Heritage Conservation Area.",event,[],[],Node
This precinct also contains a small part of the HCA 28 Dulwich Hill Commercial Precinct Heritage Conservation Area located on Marrickville Road.,event,[],[],Node
"To protect groups or runs of buildings which retain their original form including roof forms, original detailing and finishes.",event,[],[],Node
groups or runs of buildings,entity,[],[],Node
original detailing,entity,[],[],Node
finishes,entity,[],[],Node
Heritage Conservation Areas,entity,[],[],Node
Audley Street South (Bayswater Estate) Heritage Conservation Area,entity,[],[],Node
Norwood Park Estate Heritage Conservation Area,entity,[],[],Node
streets,entity,[],[],Node
front setbacks,entity,[],[],Node
most common,entity,[],[],Node
areas,entity,[],[],Node
rear lane or via a side driveway,entity,[],[],Node
encourage sympathetic alteration or restoration,entity,[],[],Node
to,entity,[],[],Node
streetscapes that exist within the precinct,entity,[],[],Node
"groups or runs of buildings which retain their original built form including roof forms, original detailing and finishes",entity,[],[],Node
"significant streetscapes and/or public domain elements within the precinct including landscaping, fencing, open space, sandstone kerbing and guttering, views and vistas and prevailing subdivision patterns",entity,[],[],Node
The precinct contains two Heritage Conservation Areas,event,[],[],Node
Front setbacks are generally consistent within each street,event,[],[],Node
"In areas of the precinct where off street parking is provided, it is most frequently at the rear of the property accessed by a rear lane or via a side driveway",event,[],[],Node
To protect the identified Heritage Items within the precinct,event,[],[],Node
"To protect groups or runs of buildings which retain their original built form including roof forms, original detailing and finishes",event,[],[],Node
To protect significant streetscapes and/or public domain elements within the precinct,event,[],[],Node
The precinct contains two Heritage Conservation Areas being the Audley Street South (Bayswater Estate) Heritage Conservation Area and the majority of the Norwood Park Estate Heritage Conservation Area.,event,[],[],Node
Audley Street South,entity,[],[],Node
Bayswater Estate,entity,[],[],Node
Norwood Park Estate,entity,[],[],Node
"In areas of the precinct where off street parking is provided, it is most frequently at the rear of the property accessed by a rear lane or via a side driveway.",event,[],[],Node
rear lane,entity,[],[],Node
side driveway,entity,[],[],Node
"To protect groups or runs of buildings which retain their original built form including roof forms, original detailing and finishes.",event,[],[],Node
EnmoreNewtown Heritage Conservation Area,entity,[],[],Node
Enmore House Estate Heritage Conservation Area,entity,[],[],Node
Holmwood Estate Heritage Conservation Area,entity,[],[],Node
streedscapes,entity,[],[],Node
low to medium density residential character,entity,[],[],Node
Enmore-Newtown Heritage Conservation Area,entity,[],[],Node
The precinct contains three heritage conservation areas (HCAs),event,[],[],Node
To ensure the provision and location of off-street car parking does not adversely impact the amenity of the precinct,event,[],[],Node
To preserve the predominantly low to medium density residential character of the precinct,event,[],[],Node
part of the Enmore House Estate Heritage Conservation Area,entity,[],[],Node
the Holmwood Estate H eritage Conservation Area,entity,[],[],Node
identified period buildings,entity,[],[],Node
identified Heritage Items,entity,[],[],Node
"To protect the identified values of the Enmore -Newtown Heritage Conservation Area, Enmore House Estate Heritage Conservation Area and the Holmwood Estate Heritage Conservation Area.",event,[],[],Node
Clause 9.15.1,entity,[],[],Node
dwellings,entity,[],[],Node
common setbacks,entity,[],[],Node
Federation and Inter-War period dwellings,entity,[],[],Node
2-4 metre setbacks,entity,[],[],Node
identify,entity,[],[],Node
single storey,entity,[],[],Node
original built form,entity,[],[],Node
not adversely impact,entity,[],[],Node
Front setbacks vary throughout the precinct with common setbacks of less than 2 metres for dwellings that are predominantly Victorian and Federation era,event,[],[],Node
To protect and preserve the identified period buildings within the precinct and encourage their sympathetic alteration or restoration,event,[],[],Node
Victorian era,entity,[],[],Node
Federation era,entity,[],[],Node
Abergeldie Estate Heritage Conservation Area,entity,[],[],Node
The Abergeldie Estate,entity,[],[],Node
on-street parking,entity,[],[],Node
their sympathetic alteration or restoration,entity,[],[],Node
the precinct,entity,[],[],Node
distinctly,entity,[],[],Node
buildings which retain their original form,entity,[],[],Node
"their roof forms, original detailing and finishes",entity,[],[],Node
significant streetscape s and/or public domain elements,entity,[],[],Node
The precinct contains The Abergeldie Estate Heritage Conservation Area.,event,[],[],Node
"Off street parking is typically a side driveway except where lots are too small and onstreet parking prevails (for example, parts of Union, Arlington and Abergeldie Streets).",event,[],[],Node
"To protect significant streetscape s and/or public domain elements within the precinct including landscaping, fencing, open space, sandstone kerbing and guttering, views and vistas and prevailing subdivision patterns.",event,[],[],Node
The Abergeldie Estate Heritage Conservation Area is contained within the precinct.,event,[],[],Node
The Abergeldie Estate Heritage Conservation Area,entity,[],[],Node
"Off street parking is typically provided as a side driveway, except where lots are too small and onstreet parking prevails in parts of Union, Arlington and Abergeldie Streets.",event,[],[],Node
side driveways,entity,[],[],Node
lots,entity,[],[],Node
onstreet parking,entity,[],[],Node
Union Street,entity,[],[],Node
Arlington Street,entity,[],[],Node
Abergeldie Street,entity,[],[],Node
"Period buildings within the precinct are to be protected and preserved, encouraging sympathetic alteration or restoration.",event,[],[],Node
The identified Heritage Items within the precinct are to be protected.,event,[],[],Node
Single storey streetscapes that exist within the precinct are to be maintained.,event,[],[],Node
"Groups or runs of buildings which retain their original form, including roof forms, original detailing and finishes, are to be protected.",event,[],[],Node
original form,entity,[],[],Node
"Significant streetscape s and/or public domain elements within the precinct, including landscaping, fencing, open space, sandstone kerbing and guttering, views and vistas and prevailing subdivision patterns, are to be protected.",event,[],[],Node
The predominantly low density residential character of the precinct is to be preserved.,event,[],[],Node
predominantly low density residential character,entity,[],[],Node
original detailing and finishes,entity,[],[],Node
streetscape s and/or public domain elements,entity,[],[],Node
medium/high density residential character,entity,[],[],Node
low density residential dwellings,entity,[],[],Node
pockets,entity,[],[],Node
local fauna,entity,[],[],Node
built environment,entity,[],[],Node
native vegetation buffer,entity,[],[],Node
To protect and preserve the identified period buildings within the precinct.,event,[],[],Node
To encourage their sympathetic alteration or restoration.,event,[],[],Node
To preserve the predominantly medium/high density residential character of the precinct whilst protecting pockets of low density residential dwellings.,event,[],[],Node
"To ensure that new development respect s local fauna by minimising lighting impacts on nocturnal fauna, reinforcing the permeability of the GreenWay Corridor to the surrounding built environment for local fauna, and providing a minimum 3 metre native vegetation buffer between the GreenWay Corridor and any new development.",event,[],[],Node
sandstone kerbing and guttering,entity,[],[],Node
"To ensure that new development respects local fauna by minimising lighting impacts on nocturnal fauna, reinforcing the permeability of the GreenWay Corridor to the surrounding built environment for local fauna, and providing a minimum 3 metre native vegetation buffer between the GreenWay Corridor and any new development.",event,[],[],Node
nocturnal fauna,entity,[],[],Node
South Dulwich Hill Heritage Conservation Area,entity,[],[],Node
potential impacts to biodiversity,entity,[],[],Node
The precinct contains part of the South Dulwich Hill Heritage Conservation Area.,event,[],[],Node
To protect the identified values of the South Dulwich Hill Heritage Conservation Area.,event,[],[],Node
residential character,entity,[],[],Node
identified values,entity,[],[],Node
distinctly single storey,entity,[],[],Node
predominantly low to medium density residential,entity,[],[],Node
car parking,entity,[],[],Node
Inter-War Group Heritage Conservation Area,entity,[],[],Node
identified heritage items,entity,[],[],Node
To preserve the predominantly low to medium density residential character of the precinct.,event,[],[],Node
To protect the identified values of the Inter-War Group Heritage Conservation Area.,event,[],[],Node
Refer to Part 8 (Heritage) of this DCP for detailed controls and guidelines.,event,[],[],Node
values,entity,[],[],Node
Part 8 (Heritage),entity,[],[],Node
Petersham North Heritage Conservation Area,entity,[],[],Node
Railway Street (Petersham) Heritage Conservation Area,entity,[],[],Node
Hordern Avenue Heritage Conservation Area,entity,[],[],Node
Areas within the precinct,entity,[],[],Node
native fauna (including Threatened Species and Endangered Populations),entity,[],[],Node
biodiversity including native fauna (including Threatened Species and Endangered Populations),entity,[],[],Node
native vegetation (including Endangered Ecological Communities),entity,[],[],Node
"habitat elements (including their condition, structure, function, connectivity and disturbance)",entity,[],[],Node
period buildings within the precinct,entity,[],[],Node
identified,entity,[],[],Node
distinctly single storey streetscapes within the precinct,entity,[],[],Node
significant streetscapes and/or public domain elements,entity,[],[],Node
"The precinct contains three Heritage Conservation Areas being the Petersham North Heritage Conservation Area, Railway Street (Petersham) Heritage Conservation Area and the Hordern Avenue Heritage Conservation Area.",event,[],[],Node
Areas within the precinct have been identified as having high biodiversity.,event,[],[],Node
"It is essential that development within those areas considers the potential impacts to biodiversity including native fauna (including Threatened Species and Endangered Populations), native vegetation (including Endangered Ecological Communities), and habitat elements (including their condition, structure, function, connectivity and disturbance).",event,[],[],Node
The precinct contains three Heritage Conservation Areas,event,[],[],Node
Areas within the precinct have been identified as having high biodiversity,event,[],[],Node
areas within the precinct,entity,[],[],Node
Development within those areas considers the potential impacts to biodiversity,event,[],[],Node
To protect groups or runs of buildings which retain their original built form,event,[],[],Node
Marrickville Town Centre North,entity,[],[],Node
their original built form,entity,[],[],Node
streaksapes and/or public domain elements,entity,[],[],Node
public domain quality,entity,[],[],Node
"pedestrian and cyclist access, activity and amenity",entity,[],[],Node
the amenity of the precinct,entity,[],[],Node
To encourage their sympathetic alteration or restoration,event,[],[],Node
"To support pedestrian and cyclist access, activity and amenity including maintaining and enhancing the public domain quality",event,[],[],Node
distinctly single storey streetscapes,entity,[],[],Node
views and vistas,entity,[],[],Node
"To support pedestrian and cyclist access, activity and amenity including maintaining and enhancing the public domain quality.",event,[],[],Node
pedestrian and cyclist access,entity,[],[],Node
activity,entity,[],[],Node
David Street Heritage Conservation Area,entity,[],[],Node
"To protect the identified values of the David Street Heritage Conservation Area, the Inter War Group Heritage Conservation Area and the South Dulwich Hill Heritage Conservation Area.",event,[],[],Node
Inter War Group Heritage Conservation Area,entity,[],[],Node
strectsapes,entity,[],[],Node
design,entity,[],[],Node
To maintain distinctly single storey streetscapes that exists within the precinct.,event,[],[],Node
To protect and enhance the identified period buildings within the precinct and encourage their sympathetic alteration or restoration.,event,[],[],Node
To ensure that higher density development demonstrates good urban design and environmental sustainability and provides suitable amenity for occupants of those developments,event,[],[],Node
To ensure the design of higher density development protects the residential amenity of adjoining and surrounding properties.,event,[],[],Node
the identified values,entity,[],[],Node
the identified period buildings,entity,[],[],Node
To ensure that higher density development demonstrates good urban design and environmental sustainability and provides suitable amenity for occupants of those developments .,event,[],[],Node
higher density development,entity,[],[],Node
To ensure the design of higher density development protects the residential amenity of adjoining and surrounding properties .,event,[],[],Node
adjoining and surrounding properties,entity,[],[],Node
Marrickville Station West Precinct,entity,[],[],Node
Civic Precinct Heritage Conservation Area,entity,[],[],Node
"Moncur, Church, Greenbank, Warburton and Fletcher Streets",entity,[],[],Node
single storey streetscape,entity,[],[],Node
land shaded in Figure (23.1a),entity,[],[],Node
amalgamation pattern,entity,[],[],Node
allotments,entity,[],[],Node
isolated sites,entity,[],[],Node
proposed buildings on the land shaded in Figure (23.1a),entity,[],[],Node
control diagram(s),entity,[],[],Node
To protect the identified values of the Civic Precinct Heritage Conservation Area.,event,[],[],Node
To maintain distinctly single storey streetscapes within the precinct.,event,[],[],Node
"A perceived single storey streetscape must be maintained on Moncur, Church, Greenbank, Warburton and Fletcher Streets.",event,[],[],Node
The redevelopment of the land shaded in Figure (23.1a) must wherever possible conform to the amalgamation pattern in the control diagram in Figure (23.1b).,event,[],[],Node
Amalgamation of allotments must not result in any adjoining sites being isolated to the extent that it is not possible for development to occur in accordance with the urban design vision for the Masterplan Area.,event,[],[],Node
The height of proposed buildings on the land shaded in Figure (23.1a) must conform to the control diagram(s) in Figures (23.1b) and (23.1c).,event,[],[],Node
Moncur Street,entity,[],[],Node
Church Street,entity,[],[],Node
Greenbank Street,entity,[],[],Node
Warburton Street,entity,[],[],Node
Fletcher Street,entity,[],[],Node
land shaded in Figure 23.1a,entity,[],[],Node
control diagram in Figure 23.1b,entity,[],[],Node
urban design vision,entity,[],[],Node
Masterplan Area,entity,[],[],Node
proposed buildings,entity,[],[],Node
control diagram in Figure 23.1c,entity,[],[],Node
Marrickville Town Centre South,entity,[],[],Node
Goodsell Estate Heritage Conservation Area,entity,[],[],Node
"Lackey Street & Simpson Park, St Peters Heritage Conservation Area",entity,[],[],Node
Princes Highway,entity,[],[],Node
May Street and Campbell Street,entity,[],[],Node
"This precinct contains the Goodsell Estate Heritage Conservation Area and Lackey Street & Simpson Park, St Peters Heritage Conservation Area.",event,[],[],Node
To protect the identified values of the Goodsell Estate Heritage Conservation Area .,event,[],[],Node
Clause 9.25.2 - heritage (heritage): To protect the identified values of the Goodsell Estate Heritage Conservation Area .,event,[],[],Node
"To provide building heights to fit the context with restricted heights on narrower streets and laneways and taller buildings along the Princes Highway, May Street and Campbell Street.",event,[],[],Node
May Street,entity,[],[],Node
Campbell Street,entity,[],[],Node
floor space ratio controls,entity,[],[],Node
controls in Figure 26.1,entity,[],[],Node
Five storey buildings,entity,[],[],Node
fifth level and roof,entity,[],[],Node
Upper level setbacks,entity,[],[],Node
desired scale of buildings on the street,entity,[],[],Node
larger scale building,entity,[],[],Node
acute corner and northern gateway to the precinct,entity,[],[],Node
scale and function of existing residential buildings on Crown Street,entity,[],[],Node
taller development,entity,[],[],Node
lower scaled buildings,entity,[],[],Node
The heights of proposed buildings must conform to the controls in Figure 26.1.,event,[],[],Node
The following maximum height limits relate to the building heights (in metres) and floor space ratio controls set in MLEP 2011.,event,[],[],Node
"Five storey buildings fronting the Princes Highway are to have the fifth level and roof (including any open pergolas) set back from the external wall of the floor below by a distance of 3 metres, measured from the building alignment facing the Princes Highway.",event,[],[],Node
However the design of new development must respect other buildings for retention.,event,[],[],Node
Opportunities for greater building height exist along the Princes Highway,event,[],[],Node
Upper level setbacks are to reinforce the desired scale of the buildings on the street.,event,[],[],Node
A larger scale building at the corner of the Princes Highway and Barwon Park Road will help define this acute corner and will signify the northern gateway to the precinct.,event,[],[],Node
New development on the Princes Highway should respond in part to the scale and function of existing residential buildings on Crown Street.,event,[],[],Node
The transition between taller development and adjacent lower scaled buildings must be done with development of an intermediate scale.,event,[],[],Node
The maximum height limits relate to the building heights (in metres) and floor space ratio controls set in MLEP 2011.,event,[],[],Node
Figure 26.1,entity,[],[],Node
five storey buildings,entity,[],[],Node
building alignment,entity,[],[],Node
"Opportunities for greater building height exist along the Princes Highway, however the design of new development must respect other buildings for retention.",event,[],[],Node
other buildings,entity,[],[],Node
upper level setbacks,entity,[],[],Node
buildings on the street,entity,[],[],Node
Barwon Park Road,entity,[],[],Node
existing residential buildings,entity,[],[],Node
Crown Street,entity,[],[],Node
adjacent lower scaled buildings,entity,[],[],Node
intermediate scale,entity,[],[],Node
SP2 Infrastructure,entity,[],[],Node
preserve,entity,[],[],Node
alteration,entity,[],[],Node
The entire precinct is reserved SP2 Infrastructure (Classified Road).,event,[],[],Node
Residential lots either contain a small setback or no setback from the road.,event,[],[],Node
There are no Heritage Conservation Areas contained within the precinct.,event,[],[],Node
To maintain single storey streetscapes that existing within the precinct.,event,[],[],Node
residential lots,entity,[],[],Node
open space areas,entity,[],[],Node
natural foreshore processes,entity,[],[],Node
low and medium density residential character,entity,[],[],Node
"To protect groups or runs of building which retain their original built form including roof forms, original detailing and finishes.",event,[],[],Node
Retain existing views and vistas to open space areas adjacent to the Cooks River and maintain public access to those areas.,event,[],[],Node
To ensure that new development in the foreshore area will not impact on natural foreshore processes or affect the significance and amenity of the area.,event,[],[],Node
To preserve the predominantly low and medium density residential character of the precinct.,event,[],[],Node
groups or runs of building,entity,[],[],Node
existing views and vistas,entity,[],[],Node
Cooks River,entity,[],[],Node
public access,entity,[],[],Node
significance,entity,[],[],Node
predominantly low and medium density residential character,entity,[],[],Node
dwelling houses,entity,[],[],Node
The precinct is a predominantly medium to high density residential area interspersed with collections of dwelling houses.,event,[],[],Node
it does not contain any dedicated commercial centres.,event,[],[],Node
Areas within parts of the precinct have been identified as having high biodiversity values within the LGA.,event,[],[],Node
the development within those areas considers the potential impacts to biodiversity.,event,[],[],Node
there is no need to protect and preserve any identified period buildings.,event,[],[],Node
these buildings have historical significance.,event,[],[],Node
it is essential that development within those areas considers the potential impacts to biodiversity.,event,[],[],Node
medium to high density residential area,entity,[],[],Node
collections of dwelling houses,entity,[],[],Node
parts of the precinct,entity,[],[],Node
LGA,entity,[],[],Node
Threatened Species,entity,[],[],Node
Endangered Populations,entity,[],[],Node
streescapes,entity,[],[],Node
"landscaping, fencing, open space",entity,[],[],Node
"Annandale Farm Heritage Conservation Area, Kingston West Heritage Conservation Area, Cardigan Street Heritage Conservation Area",entity,[],[],Node
To protect the identified period buildings within the precinct.,event,[],[],Node
groups,entity,[],[],Node
runs of buildings,entity,[],[],Node
"To protect the identified values of the Annandale Farm Heritage Conservation Area, the Kingston West Heritage Conservation Area and the Cardigan Street Heritage Conservation Area .",event,[],[],Node
Annandale Farm Heritage Conservation Area,entity,[],[],Node
Kingston West Heritage Conservation Area,entity,[],[],Node
Cardigan Street Heritage Conservation Area,entity,[],[],Node
Precinct,entity,[],[],Node
Richardsons Lookout,entity,[],[],Node
Ferncourt Public School,entity,[],[],Node
Cooks River Sewerage Aqueduct,entity,[],[],Node
State Heritage Register,entity,[],[],Node
Sewer Ventilation Stack,entity,[],[],Node
Premier Street,entity,[],[],Node
Divided roads,entity,[],[],Node
Retaining walls,entity,[],[],Node
Kerbs and guttering,entity,[],[],Node
Substantial rock faced stone walling,entity,[],[],Node
area's quarrying history,entity,[],[],Node
Low density residential character,entity,[],[],Node
predominantly,entity,[],[],Node
Residential flat complex,entity,[],[],Node
106 dwellings,entity,[],[],Node
Remnant sandstone elements,entity,[],[],Node
New developments,entity,[],[],Node
Building modifications,entity,[],[],Node
Heritage values,entity,[],[],Node
Timber cottages,entity,[],[],Node
The precinct contains a number of heritage items including ‘Richardsons Lookout’ and ‘Ferncourt Public School’.,event,[],[],Node
"Other heritage items within the precinct include the Cooks River Sewerage Aqueduct (listed on the State Heritage Register),",event,[],[],Node
"The precinct’s public domain is characterised by the consistent use of sandstone, particularly relating to road infrastructure such as divided roads, retaining walls and kerbs and guttering.",event,[],[],Node
It is also used in private properties predominantly as a fencing/retaining wall material.,event,[],[],Node
The historical use of sandstone is highly significant and should be retained and maintained.,event,[],[],Node
The substantial rock faced stone walling located in many streets within the precinct are heritage listed and provide a direct link to the area’s quarrying history.,event,[],[],Node
It is considered appropriate to retain the predominantly low density residential character of the precinct.,event,[],[],Node
The majority of the land contains a residential flat complex containing 106 dwellings with basement car parking for 140 vehicles.,event,[],[],Node
Many of the building modifications which have occurred to date are unsympathetic with their heritage values.,event,[],[],Node
Reversal of unsympathetic alterations and modifications is encouraged.,event,[],[],Node
"Thornley Street has been identified as a scenic protection area for its unique environmental features and landscape, cultural and scenic qualities including lookouts, rocky outcrops, cliff faces, remnant bushlands, steep slopes, natural watercourses and escarpments (as outlined in MDC",event,[],[],Node
"It is essential that all remnant sandstone elements including retaining walls, sandstone cutting, divided roads and kerb and guttering be retained.",event,[],[],Node
The precinct contains a number of heritage items including 'Richardsons Lookout' and 'Ferncourt Public School'.,event,[],[],Node
"Other heritage items within the precinct include the Cooks River Sewerage Aqueduct (listed on the State Heritage Register), Sewer Ventilation Stack located along Premier Street and several good examples of intact Federation and Victorian style dwelling houses.",event,[],[],Node
Federation style dwelling houses,entity,[],[],Node
Victorian style dwelling houses,entity,[],[],Node
"The precinct's public domain is characterised by the consistent use of sandstone, particularly relating to road infrastructure such as divided roads, retaining walls and kerbs and guttering.",event,[],[],Node
road infrastructure,entity,[],[],Node
divided roads,entity,[],[],Node
retaining walls,entity,[],[],Node
kerbs and guttering,entity,[],[],Node
private properties,entity,[],[],Node
fencing/retaining wall material,entity,[],[],Node
The substantial rock faced stone walling located in many streets within the precinct are heritage listed and provide a direct link to the area's quarrying history.,event,[],[],Node
rock faced stone walling,entity,[],[],Node
heritage listed,entity,[],[],Node
quarrying history,entity,[],[],Node
residential flat complex,entity,[],[],Node
sandstone elements,entity,[],[],Node
sandstone cutting,entity,[],[],Node
kerb and guttering,entity,[],[],Node
New developments are encouraged to utilise sandstone within their design.,event,[],[],Node
new developments,entity,[],[],Node
building modifications,entity,[],[],Node
heritage values,entity,[],[],Node
The precinct also contains several examples of timber cottages which are considered rare for the area and should be retained.,event,[],[],Node
timber cottages,entity,[],[],Node
biodiversity values,entity,[],[],Node
"Thornley Street has been identified as a scenic protection area for its unique environmental features and landscape, cultural and scenic qualities including lookouts, rocky outcrops, cliff faces, remnant bushlands, steep slopes, natural watercourses and escarpments (as outlined in MDC)",event,[],[],Node
Thornley Street,entity,[],[],Node
environmental features,entity,[],[],Node
unique environmental features,entity,[],[],Node
Development within this area is to take place.,event,[],[],Node
there are unique environmental features in this area.,event,[],[],Node
Management of development is to ensure that it does not adversely impact on any of its unique environmental features.,event,[],[],Node
development within this area is to be managed.,event,[],[],Node
Development within this area is to be managed,event,[],[],Node
this area,entity,[],[],Node
it does not adversely impact on any of its unique environmental features,event,[],[],Node
public domain,entity,[],[],Node
provision and location of off-street car parking,entity,[],[],Node
the predominantly low density residential character,entity,[],[],Node
activity and amenity,entity,[],[],Node
the amenity,entity,[],[],Node
Wells Avenue Heritage Conservation Area,entity,[],[],Node
Stanley Street Heritage Conservation Area,entity,[],[],Node
condition,entity,[],[],Node
structure,entity,[],[],Node
function,entity,[],[],Node
connectivity,entity,[],[],Node
disturbance,entity,[],[],Node
The precinct contains the Wells Avenue Heritage Conservation Area and the Stanley Street Heritage Conservation Area.,event,[],[],Node
"It is essential that development within those areas considers the potential impacts to biodiversity including native fauna (including Threatened Species and Endangered Populations),",event,[],[],Node
"native vegetation (including Endangered Ecological Communities),",event,[],[],Node
"and habitat elements (including their condition, structure, function, connectivity and disturbance).",event,[],[],Node
Princes Highway operation,entity,[],[],Node
To ensure that any new development does not negatively impact on the operation of the Princes Highway.,event,[],[],Node
development in the foreshore area,entity,[],[],Node
The precinct has been identified as having high biodiversity values.,event,[],[],Node
it is essential that development with the precinct considers the potential impacts to biodiversity,event,[],[],Node
To ensure that development in the foreshore area will not impact on natural foreshore processes or affect the significance and amenity of the area.,event,[],[],Node
Biodiversity,entity,[],[],Node
"It is essential that development with the precinct considers the potential impacts to biodiversity including native fauna (including Threatened Species and Endangered Populations), native vegetation (including Endangered Ecological Communities), and habitat elements (including their condition, structure, function, connectivity and disturbance).",event,[],[],Node
Native Fauna,entity,[],[],Node
Native Vegetation,entity,[],[],Node
Habitat Elements,entity,[],[],Node
Period Buildings,entity,[],[],Node
Streetscapes,entity,[],[],Node
Public Domain Elements,entity,[],[],Node
Landscaping,entity,[],[],Node
Fencing,entity,[],[],Node
Open Space,entity,[],[],Node
Foreshore Area,entity,[],[],Node
Area,entity,[],[],Node
Plan,entity,[],[],Node
The Planning Document is titled Marrickville DCP 2011,event,[],[],Node
it was adopted in 2011,event,[],[],Node
It was adopted in 2011,event,[],[],Node
Parramatta Road is a significant arterial road,event,[],[],Node
The document focuses on Parramatta Road,event,[],[],Node
it is identified as a priority area for revitalisation and renewal,event,[],[],Node
It aims to revitalise and renew the area,event,[],[],Node
a study found that the area is in need of significant urban design improvements,event,[],[],Node
The document is located at 9 35 Parramatta Road,event,[],[],Node
9 35,entity,[],[],Node
Petersham Commercial Precinct Heritage Conservation Area,entity,[],[],Node
The precinct,entity,[],[],Node
Clause 9.36.2 - heritage (development_control),entity,[],[],Node
the front portion,entity,[],[],Node
new development at the rear upper levels,entity,[],[],Node
a maximum of four storeys,entity,[],[],Node
infill development to the street building front,entity,[],[],Node
retained portions of contributory buildings,entity,[],[],Node
"efficient parking, loading and access",entity,[],[],Node
The precinct contains the Petersham Commercial Precinct Heritage Conservation Area HCA 25.,event,[],[],Node
"To retain, as a minimum, the front portion of contributory buildings where they are contributory to the heritage conservation area (HCA) and streetscapes.",event,[],[],Node
To protect the identified heritage values of the Petersham Commercial Precinct Heritage Conservation Area.,event,[],[],Node
To ensure that new development at the rear upper levels is a maximum of four storeys and is designed to be subservient to retained portions of contributory buildings or infill development to the street building front.,event,[],[],Node
"To facilitate efficient parking, loading and access for vehicles that minimises impact to streetscape appearance, commercial viability and vitality and pedestrian safety and amenity.",event,[],[],Node
Petersham Commercial Precinct,entity,[],[],Node
Heritage Conservation Area HCA 25,entity,[],[],Node
heritage conservation area HCA,entity,[],[],Node
infill development,entity,[],[],Node
Contributory buildings,entity,[],[],Node
King Street and Enmore Road Heritage Conservation Area,entity,[],[],Node
compatible development,entity,[],[],Node
Heritage Items and Contributory buildings must be retained and conserved.,event,[],[],Node
To protect the identified values of the King Street and Enmore Road Heritage Conservation Area.,event,[],[],Node
To ensure that buildings provide strong definition to the street through retention of the existing nil building setbacks.,event,[],[],Node
"To retain, as a minimum, the front portion of contributory buildings where they are contributory to the heritage conservation area (HCA) and/or streetscape.",event,[],[],Node
"Where required, to protect, preserve and enhance the existing character of the streetscape, where only compatible development is permitted.",event,[],[],Node
existing predominantly traditional two storey commercial streetscape,event,[],[],Node
To ensure that there are active commercial fronts to new buildings facing onto streets to create a vibrant and safe streetscape.,event,[],[],Node
Heritage Conservation Area,entity,[],[],Node
Commercial Streetscape,entity,[],[],Node
Streets,entity,[],[],Node
Dulwich Hill Commercial Precinct,entity,[],[],Node
front portion,entity,[],[],Node
Dulwich Hill Commercial Precinct Heritage Conservation Area,entity,[],[],Node
four storeys,entity,[],[],Node
"streetscape appearance, commercial viability and vitality and pedestrian safety and amenity",entity,[],[],Node
The precinct contains HCA 28 Dulwich Hill Commercial Precinct Heritage Conservation Area.,event,[],[],Node
HCA 28 Dulwich Hill Commercial Precinct Heritage Conservation Area has been identified as containing the following streetscapes: a. Retail Streetscapes.,event,[],[],Node
To protect the identified heritage values of the Dulwich Hill Commercial Precinct Heritage Conservation Area.,event,[],[],Node
To ensure that new development at rear upper levels is a maximum of four storeys in appearance and is designed to be subservient to retained portions of contributory buildings or infill development to the street building front.,event,[],[],Node
heritage conservation area (HCA),entity,[],[],Node
The precinct contains HCA 28 Dulwich Hill Commercial Precinct Heritage Conservation Area. See Part 8 (Heritage) of this DCP for detailed controls and guidelines.,event,[],[],Node
HCA 28 Dulwich Hill Commercial Precinct Heritage Conservation Area has been identified as containing the following streetscapes: a. Retail Streetscapes. Refer to Section 8.4 of this DCP for relevant controls.,event,[],[],Node
Marrickville Metro,entity,[],[],Node
existing conflicts,entity,[],[],Node
surrounding residential areas,entity,[],[],Node
"fencing, open space, sandstone kerbing and guttering, views and vistas and prevailing subdivision patterns",entity,[],[],Node
existing streets,entity,[],[],Node
pedestrian activity,entity,[],[],Node
and enhancing,entity,[],[],Node
To retain the existing employment generating land uses.,event,[],[],Node
"To protect the integrity and on-going retention of the existing industrial zoned land, particularly those identified as being of State significance.",event,[],[],Node
"To enhance existing streets and encourage pedestrian activity, where appropriate, through improvements to road infrastructure and landscaping.",event,[],[],Node
existing industrial zoned land,entity,[],[],Node
State significance,entity,[],[],Node
employment generating land uses,entity,[],[],Node
To ensure that the redevelopment of the Marrickville Metro shopping centre addresses existing conflicts between the operation of the centre and the amenity of surrounding residential areas.,event,[],[],Node
Marrickville Metro shopping centre,entity,[],[],Node
streetscape appearance,entity,[],[],Node
commercial viability,entity,[],[],Node
pedestrian safety and amenity,entity,[],[],Node
Camperdown Park Estate Heritage Conservation Area,entity,[],[],Node
North Kingston Estate Heritage Conservation Area,entity,[],[],Node
Hopetoun-Roberts-Federation Streets Heritage Conservation Area,entity,[],[],Node
"roof forms, original detailing and finishes",entity,[],[],Node
precin,entity,[],[],Node
"The precinct contains three Heritage Conservation Areas being the Camperdown Park Estate Heritage Conservation Area, North Kingston Estate Heritage Conservation Area and the Hopetoun-Roberts-Federation Streets Heritage Conservation Area.",event,[],[],Node
To preserve the predominantly medium density residential character of the precinct.,event,[],[],Node
Camperdown Park Estate,entity,[],[],Node
North Kingston Estate,entity,[],[],Node
Hopetoun-Roberts-Federation Streets,entity,[],[],Node
Marrickville Town Centre Comm Precinct,entity,[],[],Node
max five storeys,entity,[],[],Node
local civic precinct,entity,[],[],Node
"To retain, as a minimum, the front portion of contributory buildings where they are contributory to the heritage conservation area (HCA) and/or streetscapes.",event,[],[],Node
To protect the identified heritage values of the Civic Precinct Heritage Conservation Area.,event,[],[],Node
The precinct contains the HCA 30: Civic Precinct Heritage Conservation Area .,event,[],[],Node
The Civic Precinct Heritage Conservation Area is a high quality and substantially intact example of the local civic precinct.,event,[],[],Node
To ensure new development at rear upper levels is a maximum of five storeys and is designed to be subservient to retained portions of contributory buildings or infill development to the street building front.,event,[],[],Node
The precinct contains the HCA 30: Civic Precinct Heritage Conservation Area . See Part 8 (Heritage) of this DCP for detailed controls and guidelines.,event,[],[],Node
HCA 30,entity,[],[],Node
former factory,entity,[],[],Node
strong definition to the street,entity,[],[],Node
existing zero building line setbacks,entity,[],[],Node
There is a consistent nil setback on the western side of Bridge Road.,event,[],[],Node
"Buildings on the eastern side are generally built to the street alignment,",event,[],[],Node
"Buildings on the eastern side are generally built to the street alignment, with the exception of a large building mid way which has a medium setback with car parking spaces occupying the front and a small amount of landscaping along the front boundary.",event,[],[],Node
The precinct contains one heritage item being the former factory at 2-6 Bridge Road.,event,[],[],Node
Private parking provision in the precinct is generally good and most sites have off-street parking provided either at grade or at basement level and accessed from Bridge Road.,event,[],[],Node
To ensure that buildings provide strong definition to the street through retention of the existing zero building line setbacks.,event,[],[],Node
nil setback,entity,[],[],Node
western side of Bridge Road,entity,[],[],Node
eastern side,entity,[],[],Node
street alignment,entity,[],[],Node
large building,entity,[],[],Node
Bridge Road,entity,[],[],Node
private parking provision,entity,[],[],Node
sites,entity,[],[],Node
off-street parking,entity,[],[],Node
grade,entity,[],[],Node
basement level,entity,[],[],Node
zero building line setbacks,entity,[],[],Node
Australia Street industrial group,entity,[],[],Node
Denison Street,entity,[],[],Node
industrial units,entity,[],[],Node
Hordern Place,entity,[],[],Node
identified precinct,entity,[],[],Node
landuses,entity,[],[],Node
existing landuse zoning,entity,[],[],Node
The most notable building within the precinct is the ‘Australia Street industrial group’ heritage item located between Denison Street and Australia Street.,event,[],[],Node
Most buildings are built to the street with a nil setback.,event,[],[],Node
Some of the industrial units in Hordern Place have a small setback with parking in front.,event,[],[],Node
Parking within the precinct is generally unrestricted where available and appears highly utilised.,event,[],[],Node
To retain the existing employment generating landuses.,event,[],[],Node
Australia Street,entity,[],[],Node
the 'Australia Street industrial group',entity,[],[],Node
the industrial units,entity,[],[],Node
the identified Heritage Items,entity,[],[],Node
Carrington Road,entity,[],[],Node
Sewerage Pumping Station No. 271,entity,[],[],Node
flood issues,entity,[],[],Node
Evidence of this history is still visible today with the Sewerage Pumping Station No. 271 located at the northern section of the precinct.,event,[],[],Node
That site is a Heritage Item of State and local significance.,event,[],[],Node
Due to the history of the land in this area the vast majority of the precinct is identified as flood affected.,event,[],[],Node
"However, the precinct contains a number of Heritage Items, some of State significance.",event,[],[],Node
"To protect, preserve and enhance the identified period buildings within the precinct.",event,[],[],Node
To ensure that potential flooding issues are addressed as part of any new development.,event,[],[],Node
the land,entity,[],[],Node
potential flooding issues,entity,[],[],Node
any new development,entity,[],[],Node
McGill Street precinct,entity,[],[],Node
Lewisham industrial area,entity,[],[],Node
minor service retail,entity,[],[],Node
commercial offices,entity,[],[],Node
showrooms,entity,[],[],Node
"studio, cafe and restaurant spaces",entity,[],[],Node
The McGill Street precinct is located in the Lewisham industrial area.,event,[],[],Node
This precinct has been identified as having high biodiversity values.,event,[],[],Node
"The precinct will accommodate some minor service retail, commercial offices and showrooms as well as studio, cafe and restaurant spaces.",event,[],[],Node
To ensure that higher density development demonstrates good urban design and environmental sustainability and provide suitable amenity for occupants of those developments.,event,[],[],Node
To ensure that the design of higher density development protects the residential amenity of adjoining and surrounding properties.,event,[],[],Node
this precinct,entity,[],[],Node
studio,entity,[],[],Node
cafe,entity,[],[],Node
restaurant spaces,entity,[],[],Node
environmental sustainability,entity,[],[],Node
occupants,entity,[],[],Node
design of higher density development,entity,[],[],Node
adjoining properties,entity,[],[],Node
Tempe Lands Precinct,entity,[],[],Node
Alexandra Canal,entity,[],[],Node
eastern boundary,entity,[],[],Node
SP2 Infrastructure (Classified Road),entity,[],[],Node
ANEF contours,entity,[],[],Node
Burrows Road South,entity,[],[],Node
small to medium setbacks with landscaping and occasional parking,entity,[],[],Node
on street parking,entity,[],[],Node
unrestricted parallel parking on both sides,entity,[],[],Node
The Alexandra Canal runs generally along the eastern boundary of the precinct.,event,[],[],Node
This is a State Heritage Item.,event,[],[],Node
A significant portion of this precinct is reserved SP2 Infrastructure (Classified Road).,event,[],[],Node
Buildings in Burrows Road South are limited due to the applicable ANEF contours.,event,[],[],Node
There is a height limit across the precinct.,event,[],[],Node
Most of those buildings have small to medium setbacks with landscaping and occasional parking in front.,event,[],[],Node
"Buildings in Burrows Road South are generally contemporary, low rise (up to two storeys) industrial buildings of varying materials.",event,[],[],Node
On street parking within the precinct is limited due to the large lot industrial characteristics and limited road access.,event,[],[],Node
"Burrows Road South contains unrestricted parallel parking on both sides, and has good pedestrian access with footpaths on both sides of the street.",event,[],[],Node
"To protect the integrity and on-going retention of the existing industrial zoned land, particularly those identified as being of state significance.",event,[],[],Node
Classified Road,entity,[],[],Node
Buildings across the precinct are limited due to the applicable ANEF contours.,event,[],[],Node
"The buildings in Burrows Road South are generally contemporary, low rise (up to two storeys) industrial buildings of varying materials.",event,[],[],Node
parking,entity,[],[],Node
road access,entity,[],[],Node
pedestrian access,entity,[],[],Node
footpaths,entity,[],[],Node
industrial zoned land,entity,[],[],Node
industrial land uses,entity,[],[],Node
Red Rattler,entity,[],[],Node
Marrickville Bowling & Recreation Club,entity,[],[],Node
Factory Theatre,entity,[],[],Node
industrial sites,entity,[],[],Node
pedestrian footpaths,entity,[],[],Node
Development within the precinct will need to have regard to this section of the DCP,event,[],[],Node
"the precinct contains a mixed character, though, overall, it is dominated by industrial land uses",event,[],[],Node
Some buildings in the precinct have been rendered and painted,event,[],[],Node
"there are also some examples of new, modern industrial developments containing a number of tenancies utilising the same access point and providing on-site parking and loading facilities",event,[],[],Node
the current built form of the precinct meets some of the important social and cultural needs of residents and employees,event,[],[],Node
the precinct houses three (3) of the Local Government Area’s (LGA) most significant live music venues,event,[],[],Node
traffic conflicts occur between large vehicles accessing industrial sites on streets also catering for through traffic,event,[],[],Node
vehicles must cross pedestrian footpaths to access parking,event,[],[],Node
Development within the precinct will need to have regard to this section of the DCP as well as other relevant provisions in the DCP.,event,[],[],Node
"the precinct contains a mixed character, though, overall, it is dominated by industrial land uses.",event,[],[],Node
"There are also some examples of new, modern industrial developments containing a number of tenancies utilising the same access point and providing on-site parking and loading facilities.",event,[],[],Node
"new, modern industrial developments",entity,[],[],Node
"the current built form of the precinct, presently meets some of the important social and cultural needs of residents and employees of the Inner West.",event,[],[],Node
Inner West residents,entity,[],[],Node
Inner West employees,entity,[],[],Node
"the precinct houses three (3) of the Local Government Area’s (LGA) most significant live music venues: the Red Rattler, Marrickville Bowling & Recreation Club, and the Factory Theatre.",event,[],[],Node
traffic as vehicles must cross pedestrian footpaths to access parking.,event,[],[],Node
Lewisham Estate Heritage Conservation Area,entity,[],[],Node
urban design and environmental sustainability,entity,[],[],Node
suitable amenity for occupants of those developments,entity,[],[],Node
residential amenity of adjoining and surrounding properties,entity,[],[],Node
To protect the identified values of the Lewisham Estate Heritage Conservation Area .,event,[],[],Node
To ensure that ne w development considers all potential impacts to biodiversity.,event,[],[],Node
To ensure that higher density development demonstrates good urban design and environmental sustainability and provides suitable amenity for occupants of those developments.,event,[],[],Node
Petersham South Precinct,entity,[],[],Node
streescape character,entity,[],[],Node
Petersham South (Norwood Estate),entity,[],[],Node
Morgan Street Heritage Conservation Areas,entity,[],[],Node
masterplan sites,entity,[],[],Node
urban renewal,entity,[],[],Node
streetscape character,entity,[],[],Node
high quality public domain,entity,[],[],Node
"To protect, preserve and enhance contributory and period buildings within the precinct and require their sympathetic alteration or restoration.",event,[],[],Node
"To protect, preserve and enhance other significant public domain elements within the precinct including landscaping, fencing, open space, kerb and guttering, views and vistas and prevailing subdivision patterns.",event,[],[],Node
"To protect, preserve and enhance the existing character of the streetscapes, where only compatible development is permitted.",event,[],[],Node
To protect the identified values of the Petersham South (Norwood Estate) and the Morgan Street Heritage Conservation Areas.,event,[],[],Node
"To facilitate urban renewal in appropriate locations (predominantly on masterplan sites), allowing substantial change to the streetscape character while resulting in a high quality public domain.",event,[],[],Node
"To allow and encourage a greater scale of development and increased residential density on masterplan sites that provides new dwellings near local shops, services and public transport, to meet the market demand, create the opportunity for high access housing choice and support sustainable living.",event,[],[],Node
contributory and period buildings,entity,[],[],Node
other significant public domain elements,entity,[],[],Node
existing character of the streetscapes,entity,[],[],Node
appropriate locations,entity,[],[],Node
new dwellings,entity,[],[],Node
local shops,entity,[],[],Node
services,entity,[],[],Node
public transport,entity,[],[],Node
Period buildings,entity,[],[],Node
Single storey streetscapes,entity,[],[],Node
Development control,entity,[],[],Node
Original form,entity,[],[],Node
Public domain elements,entity,[],[],Node
Mixed density residential character,entity,[],[],Node
Car parking,entity,[],[],Node
Amenity of the precinct,entity,[],[],Node
Kingston South Heritage Conservation Area,entity,[],[],Node
Values,entity,[],[],Node
To preserve the mixed density residential character of the precinct.,event,[],[],Node
mixed density residential character,entity,[],[],Node
To protect the identified values of the Kingston South Heritage Conservation Area.,event,[],[],Node
existing streetscapes,entity,[],[],Node
bicycle parking,entity,[],[],Node
car-sharing,entity,[],[],Node
sustainable transport,entity,[],[],Node
parking and access for vehicles,entity,[],[],Node
building mass,entity,[],[],Node
southern boundary,entity,[],[],Node
courtyard,entity,[],[],Node
U shape building mass,entity,[],[],Node
"To protect, preserve and enhance the existing character of the streetscapes where only compatible development is permitted.",event,[],[],Node
"To promote sustainable transport (public transport, walking and cycling) by restricting the provision of off-street car parking, increasing provision of bicycle parking and car -sharing (off-street and on -street) and carefully managing general on -street car parking.",event,[],[],Node
"To ensure the provision and design of any parking and access for vehicles is appropriate for the location, efficient, minimises impact to streetscape appearance and maintains pedestrian safety and amenity.",event,[],[],Node
"Building mass on the first and second storey must: a. Generally be massed in a U shape, to the southern, eastern and northern side of the property, and open as a courtyard in the middle,",event,[],[],Node
"Be setback 1 metre from the southern boundary, 1 metre from the eastern boundary, 1 metre from the northern boundary (from the north-eastern corner to a point in line with the southeastern edge of the residential flat building located on No. 2B Gladstone Street, Newtown), and 6 metres from the northern boundary (from a point in line with the south-eastern edge of the residential flat building located on No. 2B Gladstone Street, Newtown to the north-western corner of the first and second storey mass), and c. Have approximately a 15 metre envelope depth.",event,[],[],Node
walking,entity,[],[],Node
cycling,entity,[],[],Node
access for vehicles,entity,[],[],Node
pedestrian safety,entity,[],[],Node
"Building mass on the first and second storey must: a. Generally be massed in a U shape, to the southern, eastern and northern side of the property, and open as a courtyard in the middle, b. Be setback 1 metre from the southern boundary, 1 metre from the eastern boundary, 1 metre from the northern boundary (from the north-eastern corner to a point in line with the southeastern edge of the residential flat building located on No. 2B Gladstone Street, Newtown), and 6 metres from the northern boundary (from a point in line with the south-eastern edge of the residential flat building located on No. 2B Gladstone Street, Newtown to the north-western corner of the first and second storey mass), and c. Have approximately a 15 metre envelope depth.",event,[],[],Node
property,entity,[],[],Node
northern boundary,entity,[],[],Node
"residential flat building located on No. 2B Gladstone Street, Newtown",entity,[],[],Node
single storey buildings,entity,[],[],Node
streeetscapes and/or public domain elements,entity,[],[],Node
character of the precinct,entity,[],[],Node
low density residential,entity,[],[],Node
values of the Petersham South (Norwood Estate) Heritage Conservation Area,entity,[],[],Node
Llewellyn Estate Heritage Conservation Area,entity,[],[],Node
"To protect the identified values of the Petersham South (Norwood Estate) Heritage Conservation Area, Norwood Park Estate Heritage Conservation Area and the Llewellyn Estate Heritage Conservation Area.",event,[],[],Node
Petersham South (Norwood Estate) Heritage Conservation Area,entity,[],[],Node
Precincts Map,entity,[],[],Node
The Marrickville DCP 2011 was Planning Document,event,[],[],Node
land-use pattern,entity,[],[],Node
general industrial uses,entity,[],[],Node
commercial (business) uses,entity,[],[],Node
light industrial uses,entity,[],[],Node
south western section of the precinct,entity,[],[],Node
Properties south of Marrickville Road,entity,[],[],Node
office and light industrial uses,entity,[],[],Node
residential uses,entity,[],[],Node
industrial uses,entity,[],[],Node
Marrickville Road,entity,[],[],Node
Meeks Road,entity,[],[],Node
listed heritage items,entity,[],[],Node
Sydenham Pit and Drainage Pumping Station,entity,[],[],Node
number of listed heritage items,entity,[],[],Node
"The land-use pattern of the area generally consists of a mixture of general industrial uses, some commercial (business) uses, and some light industrial uses in the south western section of the precinct.",event,[],[],Node
"Properties south of Marrickville Road, with frontages onto Meeks Road are zoned for office and light industrial uses,",event,[],[],Node
The average height in the precinct is one to three storeys.,event,[],[],Node
"However, the precinct does contain a number of listed heritage items, one of State Significance., being the Sydenham Pit and Drainage Pumping Station.",event,[],[],Node
The entire precinct is affected by flooding.,event,[],[],Node
"Properties south of Marrickville Road, with frontages onto Meeks Road are zoned for office and light industrial uses, creating a buffer between residential and industrial uses.",event,[],[],Node
Residential,entity,[],[],Node
Industrial,entity,[],[],Node
Flooding,entity,[],[],Node
Industrial Zoned Land,entity,[],[],Node
State Significance,entity,[],[],Node
Building A,entity,[],[],Node
48 Edith Street,entity,[],[],Node
Building B,entity,[],[],Node
41 Roberts Street,entity,[],[],Node
To locate higher building forms setback toward the centre of the site to provide transition in scale to the surrounding low scale areas.,event,[],[],Node
Provide lower scale and density buildings along Edith Street.,event,[],[],Node
Ensure buildings along Edith Street respect their interface with low density residential development.,event,[],[],Node
Ensure Building A and Building B are setback adequately to respect their interface with 48 Edith Street and 41 Roberts Street.,event,[],[],Node
Ensure that adequate separation is provided between Building A and Building B to avoid excessive overshadowing and to provide adequate amenity to residents.,event,[],[],Node
To locate higher building forms setback toward the centre of the site,event,[],[],Node
higher building forms,entity,[],[],Node
Provide lower scale and density buildings along Edith Street,event,[],[],Node
lower scale and density buildings,entity,[],[],Node
Edith Street,entity,[],[],Node
Ensure buildings along Edith Street respect their interface with low density residential development,event,[],[],Node
Ensure Building A and Building B are setback adequately to respect their interface with 48 Edith Street and 41 Roberts Street,event,[],[],Node
Ensure that adequate separation is provided between Building A and Building B to avoid excessive overshadowing and to provide adequate amenity to residents,event,[],[],Node
Cover,entity,[],[],Node
The Planning Document was adopted by Marrickville Council in 2010.,event,[],[],Node
A public exhibition of the draft DCP was held for 8 weeks.,event,[],[],Node
The Planning Document was placed on public exhibition in June 2011.,event,[],[],Node
"The draft DCP included a range of new and amended policies, including those relating to heritage conservation.",event,[],[],Node
There had been significant community interest in the proposed changes to the DCP since 2009.,event,[],[],Node
The Marrickville Council sought to address these concerns through the revision of the DCP.,event,[],[],Node
The Marrickville Council adopted Marrickville DCP 2011 on 23 February 2010.,event,[],[],Node
Marrickville DCP 2004 was reviewed and updated to produce Marrickville DCP 2011.,event,[],[],Node
Marrickville DCP 2004,entity,[],[],Node
The Planning Assessment Commission (PAC) was consulted during the review and update process of Marrickville DCP 2004.,event,[],[],Node
Planning Assessment Commission (PAC),entity,[],[],Node
The public exhibition period for Marrickville DCP 2011 ended on 25 January 2009 and the draft was available online during this time.,event,[],[],Node
Development Application Guidelines,entity,[],[],Node
lodgement,entity,[],[],Node
Exempt Development,entity,[],[],Node
Complying Development,entity,[],[],Node
State Environmental Planning Policy,entity,[],[],Node
Designated Development,entity,[],[],Node
EP&A Act,entity,[],[],Node
Integrated Development,entity,[],[],Node
EP&A Regulation,entity,[],[],Node
A development application is not required for any proposed development classified as ‘exempt development or ‘complying development’ under Inner West LEP 2022,event,[],[],Node
The lodgement of a development application is required for any proposed development where Inner West Local Environmental Plan (Inner West LEP 2022) or any other environmental planning instrument specifies that a proposed development may only be carried out with development consent upon the land to which the instrument applies.,event,[],[],Node
Certain proposed developments may be classified as either under ‘designated development’ or an ‘integrated development’ under the EP&A Act or the EP&A Regulation in which case more EIS and public participation procedures apply,event,[],[],Node
"A development application is not required for any proposed development classified as ‘exempt development or ‘complying development’ under Inner West LEP 2022, any State Environmental Planning Policy (SEPP) or State Code.",event,[],[],Node
Development Application,entity,[],[],Node
Inner West Local Environmental Plan (Inner West LEP 2022),entity,[],[],Node
Environmental Planning Instrument,entity,[],[],Node
State Environmental Planning Policy (SEPP),entity,[],[],Node
State Code,entity,[],[],Node
Certain proposed developments may be classified as either under ‘designated development’ or an ‘integrated development’ under the EP&A Act or the EP&A Regulation in which case more EIS and public participation procedures apply.,event,[],[],Node
Proposed Developments,entity,[],[],Node
LE9962_1,entity,[],[],Node
information,entity,[],[],Node
Information,entity,[],[],Node
planning details,entity,[],[],Node
A timeline for the project was established.,event,[],[],Node
The project team held a meeting.,event,[],[],Node
The stakeholders were consulted on the project scope.,event,[],[],Node
The budget was approved by management.,event,[],[],Node
A detailed financial plan was submitted for review.,event,[],[],Node
The team members started working on their tasks.,event,[],[],Node
The project timeline and milestones were communicated to the team.,event,[],[],Node
Delays in the supply chain were encountered.,event,[],[],Node
The project deadline was extended by two weeks.,event,[],[],Node
The company will attend the conference in Las Vegas.,event,[],[],Node
Company,entity,[],[],Node
Conference,entity,[],[],Node
Las Vegas,entity,[],[],Node
The project manager will meet with the sales team at 2 PM today.,event,[],[],Node
Project Manager,entity,[],[],Node
Sales Team,entity,[],[],Node
John from marketing has confirmed his attendance to the conference in Las Vegas.,event,[],[],Node
John,entity,[],[],Node
Marketing Department,entity,[],[],Node
Haberfield Heritage Conservation Area,entity,[],[],Node
land listed as C54,entity,[],[],Node
different controls,entity,[],[],Node
more specific control,entity,[],[],Node
Haberfield,entity,[],[],Node
heritage works,entity,[],[],Node
new buildings,entity,[],[],Node
heritage significance and character of Haberfield,entity,[],[],Node
the original development of the suburb,entity,[],[],Node
extensions,entity,[],[],Node
"original shape, height, proportion and scale or architectural character of the existing building",entity,[],[],Node
The controls for 2.2 Haberfield Heritage Conservation Area apply to the land listed as C54,event,[],[],Node
Refer to Clause 6.20 of the Inner West Local Environmental Plan 2022 for additional controls on landscaped area and built form that apply to C54 - Haberfield Heritage Conservation Area.,event,[],[],Node
In the event of any inconsistency in the application of different controls the more specific control will apply,event,[],[],Node
To maintain the heritage significance of Haberfield and remove detrimental works where possible,event,[],[],Node
"To ensure that where new buildings can be constructed, they are carefully designed to fit in with the heritage significance and character of Haberfield as a whole",event,[],[],Node
Any new development (new building or extension to an existing building) shall produce site coverage similar in pattern and size to the site coverage established by the original development of the suburb,event,[],[],Node
"Extensions shall not conceal, dominate, or otherwise compete with the original shape, height, proportion and scale or architectural character of the existing building",event,[],[],Node
"Extensions are only permitted to the rear of the existing dwelling, extensions are not permitted to the side of an existing dwelling",event,[],[],Node
Side setback areas and gardens should not be filled in,event,[],[],Node
C54,entity,[],[],Node
suburb,entity,[],[],Node
existing building,entity,[],[],Node
new building,entity,[],[],Node
"Extensions are only permitted to the rear of the existing dwelling, extensions are not permitted to the side of an existing dwelling. Extensions to the rear of the existing dwelling must not be any wider than the existing dwelling, i.e., the rear extension should not be visible when the dwelling is viewed from the street",event,[],[],Node
existing dwelling,entity,[],[],Node
Refer to Clause 6.20 of the Inner West Local Environmental Plan 2022 for additional controls on landscaped area and built form that apply to C54 - Haberfield Heritage Conservation Area,event,[],[],Node
Inner West Local Environmental Plan 2022,entity,[],[],Node
Inner West Local Government Area,entity,[],[],Node
Map 1,entity,[],[],Node
Ashbury Ashfield,entity,[],[],Node
Croydon,entity,[],[],Node
Croydon Park,entity,[],[],Node
Hurlstone Park,entity,[],[],Node
Summer Hill,entity,[],[],Node
Development Application (DA),entity,[],[],Node
"LEP, DCP and other policies",entity,[],[],Node
BASIX Certificate,entity,[],[],Node
residential development in NSW,entity,[],[],Node
This DCP applies to the Inner West Local Government Area for the extent of land shown on Map 1.,event,[],[],Node
"This includes the following suburbs: Ashbury Ashfield, Croydon, Croydon Park, Haberfield, Hurlstone Park and Summer Hill.",event,[],[],Node
This DCP has been made in accordance with Section 3.43 of the Environmental Planning & Assessment Act 1979 (the Act),event,[],[],Node
Compliance with the provisions of this DCP does not mean that a Development Application (DA) will be routinely approved.,event,[],[],Node
Inner West LEP 2022 has objectives for land use zones and key (statutory) development standards that need to be complied with,event,[],[],Node
this DCP also provides guidelines in addition to the key development standards.,event,[],[],Node
"Under section 4.15 of the Act, Council is required to consider a number heads of consideration as well as the provisions of this DCP",event,[],[],Node
assessing a development application.,event,[],[],Node
A BASIX Certificate demonstrates compliance with the NSW Government’s reduction targets for potable water consumption and greenhouse gas emissions,event,[],[],Node
a BASIX Certificate is required to form part of a development application or a construction certificate for a residential development in NSW.,event,[],[],Node
The DCP supports the Inner West LEP 2022 by providing guidelines that will encourage good urban design,event,[],[],Node
the guidelines will complement zone objectives and key development standards contained in the Inner West LEP 2022.,event,[],[],Node
"This includes the following suburbs: Ashbury, Ashfield, Croydon, Croydon Park, Haberfield, Hurlstone Park and Summer Hill.",event,[],[],Node
Ashbury,entity,[],[],Node
Ashfield,entity,[],[],Node
This DCP has been made in accordance with Section 3.43 of the Environmental Planning & Assessment Act 1979 (the Act) and must also be read in conjunction with the provisions of the LEP.,event,[],[],Node
Environmental Planning & Assessment Act 1979,entity,[],[],Node
LEP,entity,[],[],Node
"Each DA will be assessed having regard to the LEP, this DCP, other matters listed in Section 4.15of the Act, and any other relevant policies adopted by Council.",event,[],[],Node
Section 4.15 of the Act,entity,[],[],Node
Inner West LEP 2022 has objectives for land use zones and key (statutory) development standards that need to be complied with in addition to the guidelines in this DCP.,event,[],[],Node
"Under section 4.15 of the Act, Council is required to consider a number heads of consideration as well as the provisions of this DCP when assessing a development application.",event,[],[],Node
A BASIX Certificate demonstrates compliance with the NSW Government’s reduction targets for potable water consumption and greenhouse gas emissions in new residential buildings.,event,[],[],Node
NSW Government,entity,[],[],Node
The DCP supports the Inner West LEP 2022 by providing guidelines that will encourage good urban design which will complement zone objectives and key development standards contained in the Inner West LEP 2022.,event,[],[],Node
This Guideline,entity,[],[],Node
this DCP,entity,[],[],Node
building mass and height,entity,[],[],Node
development control in Chapter A,entity,[],[],Node
site coverage,entity,[],[],Node
fences (style and height),entity,[],[],Node
This Guideline applies to the Inner West Local Government Area for the extent of land show on Map 1 in Chapter A of this DCP.,event,[],[],Node
setbacks site coverage,event,[],[],Node
car parking fences (style and height),event,[],[],Node
The Inner West Local Government Area,entity,[],[],Node
Map 1 in Chapter A of this DCP,entity,[],[],Node
building mass and height is regulated by Clause Section 2 - height_limit (development_control):,event,[],[],Node
Clause Section 2 - height_limit (development_control),entity,[],[],Node
setbacks are regulated by Clause Section 2 - setback (development_control):,event,[],[],Node
Clause Section 2 - setback (development_control),entity,[],[],Node
car parking is regulated by Clause Section 2 - parking (development_control):,event,[],[],Node
Clause Section 2 - parking (development_control),entity,[],[],Node
Purpose and Performance Criteria,entity,[],[],Node
all parts of the Purpose or all Performance Criteria,entity,[],[],Node
Map 1 is located in Chapter A of this DCP.,event,[],[],Node
The Purpose and Performance Criteria identify the performance outcomes that must be achieved for council to consider granting development consent to a development application.,event,[],[],Node
"Council will not approve a development application that cannot meet all parts of the Purpose or all Performance Criteria, where relevant.",event,[],[],Node
"PC6. To ensure that development provides for a public footway along its entire street frontage that is well designed, accessible to all, safe, comfortable, attractive and functional",event,[],[],Node
"To ensure that development provides for a public footway along its entire street frontage that is well designed, accessible to all, safe, comfortable, attractive and functional.",event,[],[],Node
Chapter A of this DCP,entity,[],[],Node
council,entity,[],[],Node
performance outcomes,entity,[],[],Node
"To ensure that development provides for a public footway along its entire street frontage that is well designed, accessible to all, safe, comfortable, attractive and functional",event,[],[],Node
public footway,entity,[],[],Node
street frontage,entity,[],[],Node
BASIX,entity,[],[],Node
requirements,entity,[],[],Node
BASIX certificate,entity,[],[],Node
environmental targets,entity,[],[],Node
BCA,entity,[],[],Node
certain building types,entity,[],[],Node
development application stage,entity,[],[],Node
design of new buildings,entity,[],[],Node
Inner West Council,entity,[],[],Node
applicants,entity,[],[],Node
"Building designs for new houses, alterations to houses, dual occupancies and residential flat buildings are required to comply with the BASIX State Environmental Planning Policy (SEPP).",event,[],[],Node
Council is unable to approve a development application for residential development that does not achieve the minimum BASIX ratings.,event,[],[],Node
A BASIX certificate is required to be submitted to Council with each development application and this certificate certifies that the dwelling proposal will meet the required environmental targets.,event,[],[],Node
The Building Code of Australia (BCA) requires certain non-residential building types to demonstrate they will meet minimum criteria for reducing energy consumption.,event,[],[],Node
"Inner West Council encourages applicants to go beyond the requirements of BASIX, and to incorporate as many sustainable design principles as possible",event,[],[],Node
This compliance must be shown at Construction Certificate stage.,event,[],[],Node
"Alterations and additions to existing buildings, when the extent of work exceeds 50 percent of the existing building area, are also affected.",event,[],[],Node
"In order to comply with the BCA energy requirements at the Construction Certificate stage, the design of new buildings will have to be resolved “upfront” at development application stage.",event,[],[],Node
building designs,entity,[],[],Node
BASIX sets out requirements on how to achieve water conservation and energy efficiency targets for residential development.,event,[],[],Node
dwelling proposal,entity,[],[],Node
Building Code of Australia (BCA),entity,[],[],Node
non-residential building types,entity,[],[],Node
Construction Certificate stage,entity,[],[],Node
extent of work,entity,[],[],Node
BCA energy requirements,entity,[],[],Node
"Inner West Council encourages applicants to go beyond the requirements of BASIX, and to incorporate as many sustainable design principles as possible.",event,[],[],Node
Guidelines,entity,[],[],Node
amendment,entity,[],[],Node
Chapter,entity,[],[],Node
The document is titled Planning Document.,event,[],[],Node
It was created to outline precinct guidelines.,event,[],[],Node
The document also includes amendments made in 2022 by IWLEP.,event,[],[],Node
IWLEP proposed these changes to the original 2016 document.,event,[],[],Node
The 2022 amendments were made in response to changing community needs.,event,[],[],Node
These changes reflected a shift towards more sustainable development practices.,event,[],[],Node
The amendments were accepted and incorporated into the final document.,event,[],[],Node
Planning Document has been created,event,[],[],Node
City Council,entity,[],[],Node
Inner West Ashfield DCP,entity,[],[],Node
Document amendments have been made,event,[],[],Node
IWLEP (Inner West Local Environment Plan),entity,[],[],Node
2022,entity,[],[],Node
buildings and sites,entity,[],[],Node
archaeological sites,entity,[],[],Node
Aboriginal heritage significance,entity,[],[],Node
The Burra Charter,entity,[],[],Node
heritage and conservation in NSW,entity,[],[],Node
Part E1 applies to sites which are listed as Heritage Items in the Inner West LEP 2022,event,[],[],Node
"heritage items, buildings and sites within heritage conservation areas, and archaeological sites and places of Aboriginal heritage significance require consideration for development",event,[],[],Node
Ensure that heritage significance is considered for development involving heritage items,event,[],[],Node
Enhance the character and heritage significance of heritage items,event,[],[],Node
"Heritage planning aims to ensure that the significant buildings, sites and elements of the past are appropriately managed and respected when planning for new development",event,[],[],Node
Heritage conservation does not preclude change but does require heritage values to be retained and managed,event,[],[],Node
Change should be based on an understanding of heritage significance,event,[],[],Node
The level of change should respect the heritage significance of the item or area,event,[],[],Node
Part E1 applies to sites which are listed as Heritage Items listed in the Inner West LEP 2022,event,[],[],Node
"Ensure that heritage significance is considered for development involving: heritage items, buildings and sites within heritage conservation areas, and archaeological sites and places of Aboriginal heritage significance.",event,[],[],Node
sites within heritage conservation areas,entity,[],[],Node
places of Aboriginal heritage significance,entity,[],[],Node
Enhance the character and heritage significance of heritage items and heritage conservation areas and ensure that infill development is designed to respond positively to the heritage character of adjoining and nearby heritage buildings and heritage features in the public domain.,event,[],[],Node
adjoining heritage buildings,entity,[],[],Node
nearby heritage buildings,entity,[],[],Node
heritage features in the public domain,entity,[],[],Node
"Heritage planning aims to ensure that the significant buildings, sites and elements of the past are appropriately managed and respected when planning for new development.",event,[],[],Node
significant buildings,entity,[],[],Node
elements of the past,entity,[],[],Node
Heritage conservation does not preclude change but does require heritage values to be retained and managed when development takes place.,event,[],[],Node
This Development Control Plan (DCP) is consistent with the Australia International Council on Monuments and Sites (ICOMOS) Charter for Conservation of Places of Cultural Significance (The Burra Charter) 2013.,event,[],[],Node
Australia International Council on Monuments and Sites (ICOMOS),entity,[],[],Node
The Burra Charter 2013,entity,[],[],Node
"Change should be based on an understanding of heritage significance, and The level of change should respect the heritage significance of the item or area.",event,[],[],Node
heritage significance,entity,[],[],Node
item or area,entity,[],[],Node
"The intention of these provisions is to ensure that decisions about change are made with due regard to heritage significance, and that opportunities to improve the understanding and appreciation of this significance are taken.",event,[],[],Node
decisions about change,entity,[],[],Node
Amendment,entity,[],[],Node
Development Category,entity,[],[],Node
IWLEP 2022,entity,[],[],Node
The Planning Document was created in 2016.,event,[],[],Node
It had an amendment made by IWLEP in 2022.,event,[],[],Node
The document was amended by IWLEP in 2022.,event,[],[],Node
The original document was created in 2016.,event,[],[],Node
IWLEP made an amendment to the document in 2022.,event,[],[],Node
There were updates needed for the development category with IWLEP 2022 amendment.,event,[],[],Node
The Inner West Ashfield DCP was updated in 2016.,event,[],[],Node
IWLEP (2022),entity,[],[],Node
A plan for development category with IWLEP was added to the document in 2022.,event,[],[],Node
IWLEP,entity,[],[],Node
development category,entity,[],[],Node
Chapter G - Definitions,entity,[],[],Node
amendments from IWLEP 2022,entity,[],[],Node
The planning document is titled Inner West Ashfield DCP 2016.,event,[],[],Node
This document has undergone amendments from the IWLEP in 2022.,event,[],[],Node
The document was originally created in 2016.,event,[],[],Node
The Inner West Local Environment Plan (IWLEP) was also being formulated in 2016.,event,[],[],Node
The IWLEP amendments were made in 2022.,event,[],[],Node
The planning document had already been created in 2016 before the amendments were made.,event,[],[],Node
The document is titled 'Inner West Ashfield DCP 2016',event,[],[],Node
docs/dcps/INNERWEST,entity,[],[],Node
Inner West Ashfield DCP 2016,entity,[],[],Node
Chapter G deals with definitions,event,[],[],Node
Chapter G,entity,[],[],Node
The document has amendments from IWLEP in 2022,event,[],[],Node
The planning document is dated April 24.,event,[],[],Node
IWLEP 2022 amendments were made to it.,event,[],[],Node
The document was initially written in 2016.,event,[],[],Node
IWLEP 2022 amendments were finalized on that date.,event,[],[],Node
The Planning Document is titled Inner West Ashfield DCP 2016 - Chapter H - with IWLEP 2022 amendments Apr 24.,event,[],[],Node
Chapter H,entity,[],[],Node
The document is located in the directory docs/dcps/INNERWEST/,event,[],[],Node
docs,entity,[],[],Node
dcps,entity,[],[],Node
INNERWEST,entity,[],[],Node
Contents,entity,[],[],Node
docs/dcps/INNERWEST/Marrickville,entity,[],[],Node
The planning document is for Marrickville DCP 2011.,event,[],[],Node
A development control plan was needed to be created.,event,[],[],Node
Planning documents are used in many councils across NSW.,event,[],[],Node
Marrickville council has its own set of planning documents.,event,[],[],Node
The document is for Marrickville DCP 2011.,event,[],[],Node
A previous development control plan was created in 2004.,event,[],[],Node
The document has contents with a date of November 22nd,event,[],[],Node
November,entity,[],[],Node
22nd,entity,[],[],Node
A planning document is available in the docs/dcps/INNERWEST/Marrickville directory,event,[],[],Node
directory,entity,[],[],Node
Flood Control,entity,[],[],Node
Lot Map,entity,[],[],Node
Northern view,entity,[],[],Node
The planning document is named 'Flood Control Lot Map - Northern view.pdf'.,event,[],[],Node
The planning document is located in a directory called 'docs/dcps/INNERWEST/leichhardt/'.,event,[],[],Node
A directory exists with the path 'docs/dcps/INNERWEST/leichhardt/'.,event,[],[],Node
The planning document is placed inside this directory.,event,[],[],Node
The planning document needs to be named.,event,[],[],Node
The planning document contains information about flood control lots in the Northern view area.,event,[],[],Node
A directory exists with the path 'docs/dcps/INNERWEST/'.,event,[],[],Node
"Another directory is created inside it, called 'leichhardt/'",event,[],[],Node
The Planning Document is located in the folder docs/dcps/INNERWEST/leichhardt.,event,[],[],Node
docs/dcps/INNERWEST/leichhardt,entity,[],[],Node
The document is named Flood Control Lot Map - Northern view.pdf.,event,[],[],Node
Flood Control Lot Map - Northern view.pdf,entity,[],[],Node
Map,entity,[],[],Node
The Planning Document exists.,event,[],[],Node
Its creation is necessary for flood control planning.,event,[],[],Node
Floods have been a recurring problem in the area.,event,[],[],Node
The population has been growing rapidly over the years.,event,[],[],Node
The Planning Document is named.,event,[],[],Node
docs/dcps/INNERWEST/leichhardt/Flood Control Lot Map - Southern view.pdf,entity,[],[],Node
A document was created for Flood Control purposes.,event,[],[],Node
Lot,entity,[],[],Node
The planning document is titled Flood Control Lot Map – Central View.,event,[],[],Node
A flood control lot map for the central view of Leichhardt was previously created.,event,[],[],Node
This document is related to the inner west region and the planning process.,event,[],[],Node
The document is titled 'Flood Control Lot Map – Central View'.,event,[],[],Node
docs/dcps/INNERWEST/leichhardt/Flood Control Lot Map – Central View.pdf,entity,[],[],Node
The planning document is located in the folder docs/dcps/INNERWEST/leichhardt.,event,[],[],Node
the document is relevant to the Inner West region.,event,[],[],Node
The document is a PDF file.,event,[],[],Node
it can be viewed with Adobe Acrobat or other compatible software.,event,[],[],Node
The Planning Document is titled 'Foreshore Flood Control Lot Map - Central view'.,event,[],[],Node
title,entity,[],[],Node
The document is located in a folder named 'docs/dcps/INNERWEST/leichhardt'.,event,[],[],Node
folder,entity,[],[],Node
plan,entity,[],[],Node
The document is titled Leichhardt Foreshore Flood Control Lot Map - Northern view.,event,[],[],Node
Planning Document: docs/dcps/INNERWEST/leichhardt/Foreshore Flood Control Lot Map - Northern view.pdf was created.,event,[],[],Node
The Planning Document is located in docs/dcps/INNERWEST/leichhardt/Foreshore Flood Control Lot Map - Northern view.pdf,event,[],[],Node
the objectives of the applicable zone,entity,[],[],Node
items of heritage significance,entity,[],[],Node
adequate parking on site,entity,[],[],Node
impacts on waterways and native vegetation,entity,[],[],Node
See relevant zone objectives and height control maps,event,[],[],Node
Clause 3.4.1 - height_limit (development_control),event,[],[],Node
See relevant zone objectives and floor space ratio maps,event,[],[],Node
Clause 3.4.2 - fsr_control (development_control),event,[],[],Node
See relevant zone objectives and setback maps,event,[],[],Node
Clause 3.4.3 - setback (development_control),event,[],[],Node
Development must be consistent with the objectives of the applicable zone.,event,[],[],Node
Clause 3.1 - zoning (land_use_zoning),event,[],[],Node
Clause 5.1 - heritage (heritage),event,[],[],Node
Adequate parking must be provided on site to meet the needs of the development,event,[],[],Node
Clause 6.2 - parking (development_control),event,[],[],Node
Development should preserve items of heritage significance,event,[],[],Node
Clause 7.3 - environmental_protection (environmental_protection),event,[],[],Node
Zone,entity,[],[],Node
Applicable Zone,entity,[],[],Node
Parking,entity,[],[],Node
Site,entity,[],[],Node
Heritage,entity,[],[],Node
Items of Heritage Significance,entity,[],[],Node
Development must minimise impacts on waterways and native vegetation.,event,[],[],Node
Waterways,entity,[],[],Node
Leichhardt DCP 2013 - 10 - Part E Water,entity,[],[],Node
Water Management Statement,entity,[],[],Node
Integrated Water Cycle Plan,entity,[],[],Node
applications for dwelling or residential lots over 15,entity,[],[],Node
Stormwater Drainage Concept Plan,entity,[],[],Node
alterations or additions to roof areas,entity,[],[],Node
Flood Risk Management Report,entity,[],[],Node
flood control lots on maps in Appendix E – Part 4,entity,[],[],Node
"To ensure that development is carefully designed, constructed and maintained to minimise impacts on the water cycle",event,[],[],Node
A Water Management Statement is to be included with all development applications where building works or subdivision is proposed.,event,[],[],Node
Water Management Statement is to be included with all development applications where building works or subdivision is proposed.,event,[],[],Node
"An Integrated Water Cycle Plan is required for all applications which are for: 15 or more dwellings or residential lots, or the provision of accommodation for 50 or more residents, occupants or employees, or the creation of 2,500sqm or greater of impermeable surface, or the subdivision of 2,500sqm or greater of land for commercial or industrial purposes, or proposals which are expected to generate a water demand of 5,000 litres per day or more.",event,[],[],Node
"A Stormwater Drainage Concept Plan is required for all applications that include alterations or additions to existing roof areas, new roof areas",event,[],[],Node
A Flood Risk Management Report is required for applications that are identified as flood control lots on the maps in Appendix E – Part 4: Flood Control Lot Maps.,event,[],[],Node
Water Cycle,entity,[],[],Node
"An Integrated Water Cycle Plan is required for all applications which are for: a. 15 or more dwellings or residential lots, or b. the provision of accommodation for 50 or more residents, occupants or employees, or c. the creation of 2,500sqm or greater of impermeable surface, or d. the subdivision of 2,500sqm or greater of land for commercial or industrial purposes, or e. proposals which are expected to generate a water demand of 5,000 litres per day or more.",event,[],[],Node
Applications,entity,[],[],Node
Maps in Appendix E,entity,[],[],Node
Leichhardt DCP 2013,entity,[],[],Node
contaminated land management,entity,[],[],Node
Part C1.8 Contamination,entity,[],[],Node
previous land use,entity,[],[],Node
contamination at the site,entity,[],[],Node
compost and well-rotted manure,entity,[],[],Node
healthy soil,entity,[],[],Node
native and exotic species,entity,[],[],Node
plant diversity,entity,[],[],Node
organic and chemical free agricultural practice,entity,[],[],Node
pest management and plant maintenance,entity,[],[],Node
"The Development Control Plan creates the framework to ensure that while carrying out its planning functions, Council considers the possibility that a previous land use or environmental factors surrounding a specific site have caused contamination at the site.",event,[],[],Node
Council’s approach and responsibilities for contaminated land management are outlined within Part C1.8 Contamination of this Development Control Plan.,event,[],[],Node
Council supports the use of organic and chemical free agricultural practice in pest management and plant maintenance.,event,[],[],Node
"Plant diversity should be maintained through the planting of both native and exotic species that are not weed species, and are not an exempt species as listed in Part C1.14 – Tree Management within this Development Control Plan",event,[],[],Node
Applicants are to submit a development application to Council for development of a Community Garden on private land or land owned by or control vested in Council.,event,[],[],Node
Healthy soil is to be maintained through the incorporation of compost and well-rotted manure without excess nitrogen.,event,[],[],Node
Council considers the possibility that a previous land use or environmental factors surrounding a specific site have caused contamination at the site.,event,[],[],Node
Leichhardt Council,entity,[],[],Node
Land owners,entity,[],[],Node
"Plant diversity should be maintained through the planting of both native and exotic species that are not weed species, and are not an exempt species.",event,[],[],Node
Applicants,entity,[],[],Node
Clause,entity,[],[],Node
other,entity,[],[],Node
parking_rates,entity,[],[],Node
"Clause G2.3 is about ACCESS, TRAFFIC MANAGEMENT AND PARKING",event,[],[],Node
"Clause G4.4 is also about ACCESS, TRAFFIC MANAGEMENT AND PARKING",event,[],[],Node
Clause G5.1 is about HERITAGE,event,[],[],Node
"Clause G5.10 is about ACCESS, TRAFFIC MANAGEMENT AND PARKING",event,[],[],Node
Clause G6.10 is about BUILDING HEIGHT,event,[],[],Node
Clause G6.11 is about BUILDING BULK,event,[],[],Node
"Clause G4.4 is also about TRANSPORT, TRAFFIC AND PARKING",event,[],[],Node
Clause G6.23 is about PARKING RATES,event,[],[],Node
The planning document includes clause G2.3 about parking.,event,[],[],Node
Clause G2.3,entity,[],[],Node
The planning document includes clause G4.4 about transport and parking.,event,[],[],Node
Clause G4.4,entity,[],[],Node
Transport,entity,[],[],Node
The planning document includes clause G5.1 about heritage.,event,[],[],Node
Clause G5.1,entity,[],[],Node
The planning document includes clause G5.10 about parking and traffic management.,event,[],[],Node
Clause G5.10,entity,[],[],Node
Traffic Management,entity,[],[],Node
The planning document includes clause G6.10 about building height.,event,[],[],Node
Clause G6.10,entity,[],[],Node
Building Height,entity,[],[],Node
The planning document includes clause G6.11 about building bulk.,event,[],[],Node
Clause G6.11,entity,[],[],Node
Building Bulk,entity,[],[],Node
The planning document includes clause G6.12 about setbacks and articulation.,event,[],[],Node
Clause G6.12,entity,[],[],Node
Articulation,entity,[],[],Node
The planning document includes clause G6.23 about parking rates.,event,[],[],Node
Clause G6.23,entity,[],[],Node
Parking Rates,entity,[],[],Node
matters,entity,[],[],Node
energy,entity,[],[],Node
demand,entity,[],[],Node
water,entity,[],[],Node
sources,entity,[],[],Node
project,entity,[],[],Node
principles,entity,[],[],Node
performance,entity,[],[],Node
wellbeing,entity,[],[],Node
transport,entity,[],[],Node
private cars,entity,[],[],Node
resources,entity,[],[],Node
emissions,entity,[],[],Node
pollution,entity,[],[],Node
drainage system,entity,[],[],Node
ecosystem impact,entity,[],[],Node
access/egress points,entity,[],[],Node
figure,entity,[],[],Node
ramps and excavation,entity,[],[],Node
property boundary,entity,[],[],Node
vehicle access and egress,entity,[],[],Node
width,entity,[],[],Node
The environmental performance of the site must consider matters such as energy demand reduction.,event,[],[],Node
Stormwater Drainage System must be designed to comply with Part E of this Development Control Plan.,event,[],[],Node
Any development of the site must also consider matters such as water reduction and land use and ecology.,event,[],[],Node
Two vehicular access/egress points are to be located per Figure G44.,event,[],[],Node
The total number of car spaces for residents and visitors shall equate to the minimum required by the plan.,event,[],[],Node
Ramps and excavation required for vehicle access and egress is to be setback a minimum of 4.5m from the property boundary.,event,[],[],Node
Vehicular access and egress is to be no less than 6m in width.,event,[],[],Node
The total number of car spaces for residents and visitors shall equate to the minimum of 0.9 spaces per 2-bedroom dwelling.,event,[],[],Node
All bicycle parking is to comply with the provisions contained in the ‘Parking’ section of this Plan.,event,[],[],Node
"The environmental performance of the site must consider the following matters: 'energy': demand reduction, use efficiency, and generation,",event,[],[],Node
environment,entity,[],[],Node
Leichhardt DCP,entity,[],[],Node
Development within that part of the site highlighted in red on the view cone on Figure G29 is to be limited to a maximum height of RL17.70.,event,[],[],Node
Figure G29,entity,[],[],Node
"Development along the Johnston Street frontage is to have a maximum wall height of $7 m$ (i.e. two storeys) above footpath level, with the exception of the existing commercial building.",event,[],[],Node
Johnston Street,entity,[],[],Node
Commercial Building,entity,[],[],Node
Development on 170 View Street is to respect the building heights and roof forms of the adjoining View Street properties and is to have a maximum ridge height of RL14.5.,event,[],[],Node
View Street,entity,[],[],Node
Properties on 170 View Street,entity,[],[],Node
"Development along the Johnston Street frontage is to have a maximum wall height of 4m and maximum building height of $7.5 m$ (i.e. two storeys) above Johnston Street, except for the portion of the site adjoining the southern boundary where development is to have a maximum wall height of 4m (i.e. one storey plus attic) above Johnston Street.",event,[],[],Node
Southern Boundary,entity,[],[],Node
The top of the southern boundary wall adjacent to No. 231 Johnston Street is to be a maximum of RL18.10 to reduce the overshadowing to the rear yard of No. 231 Johnston Street.,event,[],[],Node
No. 231 Johnston Street,entity,[],[],Node
Southern Boundary Wall,entity,[],[],Node
Clause G13.1 - other,entity,[],[],Node
the remaining provisions of this DCP,entity,[],[],Node
this section,entity,[],[],Node
development on the site to the extent of the inconsistency,entity,[],[],Node
Clause C1 - land_use_zoning,entity,[],[],Node
"employment uses associated with health, education, creative and technology sectors",entity,[],[],Node
Clause C2 - land_use_zoning,entity,[],[],Node
"street level activation, passive surveillance and opportunities for social interaction",entity,[],[],Node
New development on the site,entity,[],[],Node
the lot amalgamation pattern identified in Figure 3,entity,[],[],Node
Clause O1 - height_limit,entity,[],[],Node
"bulk, massing, height, separation, setbacks, amenity, articulation and modulation",entity,[],[],Node
Clause O4 - setback,entity,[],[],Node
deep soil planting and increased canopy cover,entity,[],[],Node
Unless otherwise stated all development should be designed and constructed in accordance with the controls in this section.,event,[],[],Node
"In the event of an inconsistency between this section and the remaining provisions of this DCP,",event,[],[],Node
the controls in this section shall prevail in relation to development on the site,event,[],[],Node
"Future development on the site is to include employment uses associated with health, education, creative and technology sectors.",event,[],[],Node
"Ground floor uses are to provide street level activation, passive surveillance and opportunities for social interaction around:",event,[],[],Node
New development on the site is to follow the lot amalgamation pattern identified in Figure 3.,event,[],[],Node
"To incorporate setbacks which support an active, pedestrian-focused development",event,[],[],Node
"To provide an appropriate built form response in terms of bulk, massing, height, separation, setbacks, amenity, articulation and modulation.",event,[],[],Node
All development should be designed and constructed in accordance with the controls in this section.,event,[],[],Node
Developments,entity,[],[],Node
"In the event of an inconsistency between this section and the remaining provisions of this DCP, the controls in this section shall prevail.",event,[],[],Node
Provisions,entity,[],[],Node
Health Sector,entity,[],[],Node
Education Sector,entity,[],[],Node
Creative Sector,entity,[],[],Node
Technology Sector,entity,[],[],Node
"Ground floor uses are to provide street level activation, passive surveillance and opportunities for social interaction around.",event,[],[],Node
Ground Floor Uses,entity,[],[],Node
Figure 3,entity,[],[],Node
Built Form Response,entity,[],[],Node
"To incorporate setbacks which support an active, pedestrian-focused development and provide opportunities for deep soil planting and increased canopy cover.",event,[],[],Node
Pedestrians,entity,[],[],Node
Amenity,entity,[],[],Node
Environment,entity,[],[],Node
Conservation,entity,[],[],Node
Heritage Area,entity,[],[],Node
Contaminated land,entity,[],[],Node
Contributory item,entity,[],[],Node
Conservation Area,entity,[],[],Node
Cultural significance,entity,[],[],Node
Heritage Item,entity,[],[],Node
Flood certificate,entity,[],[],Node
Flood control lot,entity,[],[],Node
Floodplain,entity,[],[],Node
Land,entity,[],[],Node
"Amenity means the enjoyment of the environment whether by the community or an individual arising from the day to day use of property including dwellings or publicly accessible land, community facilities or open space.",event,[],[],Node
"the enjoyment of sunlight, privacy and views, and residential and community life free from nuisance arising from the emission of noise, vibration, smell, fumes, smoke, vapour, steam, soot, ash, dust, waste water, waste products or grit.",event,[],[],Node
"Conservation may, according to circumstance, include the processes of retention or reintroduction of a use, retention of associations and meanings, maintenance, preservation, restoration, reconstruction, adaptation and interpretation,",event,[],[],Node
and will commonly include a combination of more than one of these.,event,[],[],Node
"Contaminated land means land in, on or under which any substance is present at a concentration above the concentration at which the substance is normally present in, on or under (respectively) land in the same locality,",event,[],[],Node
being a presence that presents a risk of harm to human health or any other aspect of the environment.,event,[],[],Node
"Contributory item means a building in a Conservation Area that is not individually listed as a heritage item but by virtue of age, scale, materials, details, design style or intactness is consistent with the conservation area,",event,[],[],Node
and therefore reinforces its heritage significance.,event,[],[],Node
"Cultural significance means aesthetic, historic, scientific, social or spiritual value for past, present or future generations.",event,[],[],Node
that can be preserved through conservation.,event,[],[],Node
"Flood certificate means a certificate obtained from Council which provides flooding information for the area in the vicinity of a particular property including peak water levels, depths and flow rates for the 100 year ARI,",event,[],[],Node
and peak water levels for the Probable Maximum Flood event.,event,[],[],Node
Flood control lot means a lot identified as a flood control lot on the maps in Appendix E of this Development Control Plan (DCP).,event,[],[],Node
All flood control lots are also within flood hazard areas as defined by the BCA.,event,[],[],Node
"Floodplain means an area of land which is subject to inundation by floods up to and including the probable maximum flood event,",event,[],[],Node
"that is, flood prone land.",event,[],[],Node
"The enjoyment of sunlight, privacy and views is included in amenity.",event,[],[],Node
Individual,entity,[],[],Node
"Residential and community life free from nuisance arising from noise, vibration, smell, fumes, smoke, vapour, steam, soot, ash, dust, waste water, waste products or grit is included in amenity.",event,[],[],Node
Conservation may include the processes of retention or reintroduction of a use.,event,[],[],Node
Authority,entity,[],[],Node
Planners,entity,[],[],Node
"Conservation may include the process of maintenance, preservation, restoration, reconstruction, adaptation and interpretation.",event,[],[],Node
Contaminated land presents a risk of harm to human health or any other aspect of the environment.,event,[],[],Node
Human Health,entity,[],[],Node
"A building in a Conservation Area can be a contributory item by virtue of age, scale, materials, details, design style or intactness.",event,[],[],Node
"Cultural significance has aesthetic, historic, scientific, social or spiritual value for past, present or future generations.",event,[],[],Node
Future Generations,entity,[],[],Node
Present Generation,entity,[],[],Node
A flood certificate is obtained from Council which provides flooding information for the area in the vicinity of a particular property.,event,[],[],Node
Property Owners,entity,[],[],Node
Flood control lots are identified on the maps in Appendix E of this Development Control Plan (DCP).,event,[],[],Node
Development Control Plan,entity,[],[],Node
Floodplain is an area of land which is subject to inundation by floods up to and including the probable maximum flood event.,event,[],[],Node
Development_control,entity,[],[],Node
elevations,entity,[],[],Node
details,entity,[],[],Node
original façade openings,entity,[],[],Node
alterations,entity,[],[],Node
evidence,entity,[],[],Node
forms and details,entity,[],[],Node
unysmpathetic changes,entity,[],[],Node
changes,entity,[],[],Node
building form,entity,[],[],Node
"simple, single storey building form",entity,[],[],Node
pavilion with lightweight link,entity,[],[],Node
house,entity,[],[],Node
rear wing addition,entity,[],[],Node
cottage,entity,[],[],Node
building to the street,entity,[],[],Node
Original forms and details are to be reconstructed where there is evidence that they existed at that property.,event,[],[],Node
"Alterations to elevation openings visible from the public domain, forms and/or detailing (including external hoods, shutters and the like) may only be approved where there is evidence that such details previously existed at that property.",event,[],[],Node
"Development shall: a. retain the curtilage and setting of the cottage,",event,[],[],Node
"retain the presentation and form of the building to the street, single storey scale, roof form and façade proportions,",event,[],[],Node
"Original façade openings and/or detailing which are visible from the street are to be retained,",event,[],[],Node
"Development shall: a. retain the simple character and proportions of the elevations visible from the street,",event,[],[],Node
"A detached pavilion with lightweight link, one or two storeys maintains the integrity of the simple, single storey building form and its roof profile when set back on the site.",event,[],[],Node
The rear wing addition can preserve the streetscape presentation of the house if set below the ridge line and if it is not prominent in oblique views between buildings.,event,[],[],Node
"Development shall retain the simple character and proportions of the elevations visible from the street,",event,[],[],Node
"Development shall maintain the original form and integrity of the building as it presents to the street and public domain,",event,[],[],Node
original facade openings,entity,[],[],Node
detailing,entity,[],[],Node
elevation openings,entity,[],[],Node
forms,entity,[],[],Node
hoods,entity,[],[],Node
shutters,entity,[],[],Node
Original forms and details are to be reconstructed where there is evidence that they existed at that property. Unsympathetic changes are to be reversed.,event,[],[],Node
original forms,entity,[],[],Node
pavilion,entity,[],[],Node
link,entity,[],[],Node
roof profile,entity,[],[],Node
rear wing,entity,[],[],Node
addition,entity,[],[],Node
ridge line,entity,[],[],Node
oblique views,entity,[],[],Node
"Development shall retain the curtilage and setting of the cottage,",event,[],[],Node
curtilage,entity,[],[],Node
setting,entity,[],[],Node
"Development shall retain the presentation and form of the building to the street, single storey scale, roof form and façade proportions,",event,[],[],Node
roof form,entity,[],[],Node
façade proportions,entity,[],[],Node
"Restore, protect and maintain original details of the house and fence.",event,[],[],Node
fence,entity,[],[],Node
framework plans,entity,[],[],Node
amendments,entity,[],[],Node
The planning document is titled Leichhardt DCP 2013-15.,event,[],[],Node
This title reflects the plan's original creation date.,event,[],[],Node
The document has undergone amendments in 2022.,event,[],[],Node
These changes were made in conjunction with the IWLEP 2022 amendments.,event,[],[],Node
The Planning Document is titled Leichhardt DCP 2013-15.,event,[],[],Node
Leichhardt DCP 2013-15,entity,[],[],Node
The document has an appendix C that outlines the Urban Framework Plans.,event,[],[],Node
Appendix C,entity,[],[],Node
Urban Framework Plans,entity,[],[],Node
The plans have been amended by IWLEP in 2022.,event,[],[],Node
The planning document is for Leichhardt DCP 2013,event,[],[],Node
it includes amendments from IWLEP 2022,event,[],[],Node
IWLEP amended the document in 2022,event,[],[],Node
the original planning document was created in 2013,event,[],[],Node
The document is titled Leichhardt DCP 2013 - 17 - Appendix E Water Guidelines.,event,[],[],Node
Leichhardt DCP 2013 - 17 - Appendix E Water Guidelines,entity,[],[],Node
The document has amendments from IWLEP 2022.,event,[],[],Node
Appendix F Late Night Trading Maps,entity,[],[],Node
APPENDIX F Late Night Trading Maps,entity,[],[],Node
SECTION 1 - LATE NIGHT TRADING MAPS,entity,[],[],Node
BALMAIN,entity,[],[],Node
LEICHHARDT,entity,[],[],Node
ROZELLE,entity,[],[],Node
APPENDIX F: LATE NIGHT TRADING MAPS was included in the planning document.,event,[],[],Node
the document contained various clauses related to land use and zoning.,event,[],[],Node
SECTION 1 - LATE NIGHT TRADING MAPS was included in the APPENDIX F.,event,[],[],Node
SECTION 1 - LATE NIGHT TRADING MAPS was repeated.,event,[],[],Node
there were multiple sections related to late night trading maps.,event,[],[],Node
1.1 BALMAIN and 1.2 LEICHHARDT were listed as sections under SECTION 1.,event,[],[],Node
1.3 ROZELLE was also listed as a section under SECTION 1.,event,[],[],Node
APPENDIX F: LATE NIGHT TRADING MAPS were documented.,event,[],[],Node
docs/dcps/INNERWEST/leichhardt/Leichhardt DCP 2013 - 18 - Appendix F Late Night Trading Maps with IWLEP 2022 amendments.pdf,entity,[],[],Node
SECTION 1 - LATE NIGHT TRADING MAPS were documented.,event,[],[],Node
BALMAIN was documented as a late night trading zone.,event,[],[],Node
1.1 BALMAIN,entity,[],[],Node
LEICHHARDT was documented as a late night trading zone.,event,[],[],Node
1.2 LEICHHARDT,entity,[],[],Node
ROZELLE was documented as a late night trading zone.,event,[],[],Node
1.3 ROZELLE,entity,[],[],Node
Leichhardt Development Control Plan 2013,entity,[],[],Node
land use zones and development standards and controls,entity,[],[],Node
This Development Control Plan is the Leichhardt Development Control Plan 2013.,event,[],[],Node
"The following Plans are repealed by this Development Control Plan, except to the extent that those Plans shall continue to apply to development applications saved under clause 1.8A of Inner West LEP 2022:",event,[],[],Node
"This Development Control Plan does not apply to an application under the Environmental Planning and Assessment Act 1979 which was lodged with Council, but not determined before, the commencement of this Development Control Plan.",event,[],[],Node
"The principal aim of this Development Control Plan is to facilitate development that gives effect to the aims and objectives, including the objectives of the land zones under Inner West LEP 2022, and to provide for the matters set out in s3.43 of the Environmental Planning and Assessment Act 1979.",event,[],[],Node
Inner West LEP 2022 applies to the land to which this Development Control Plan applies.,event,[],[],Node
"A development application is required to be submitted to Council for most land uses and development proposals, unless that development is identified as exempt development or complying development in Inner West LEP 2022 or SEPP (Exempt and Complying Development Codes) 2008 or other State Environmental Planning Policies (SEPP’s).",event,[],[],Node
"Council assesses each application according to: S4.15 of the Environmental Planning and Assessment Act 1979, the statutory provisions of Inner West LEP 2022 and any relevant SEPPs,",event,[],[],Node
Plans,entity,[],[],Node
This Development Control Plan applies to the Inner West Local Government Area for the extent of land identified in Figure A5: Land covered by this Development Control Plan.,event,[],[],Node
Figure A5: Land covered by this Development Control Plan,entity,[],[],Node
Environmental Planning and Assessment Act 1979,entity,[],[],Node
s3.43 of the Environmental Planning and Assessment Act 1979,entity,[],[],Node
SEPP (Exempt and Complying Development Codes) 2008,entity,[],[],Node
State Environmental Planning Policies (SEPP's),entity,[],[],Node
"Council assesses each application according to: S4.15 of the Environmental Planning and Assessment Act 1979, the statutory provisions of Inner West LEP 2022 and any relevant SEPPs, the objectives and planning controls set out in this Development Control Plan, the provisions of any other policies or guidelines adopted by Council and referred to within this Plan or identified as relevant to the development proposal, and Section 7.11 and 7.12 (formerly 94 or 94A) contributions plan or plans that apply.",event,[],[],Node
S4.15 of the Environmental Planning and Assessment Act 1979,entity,[],[],Node
SEPPs,entity,[],[],Node
this Development Control Plan,entity,[],[],Node
Leichhardt Community and Cultural Plan 2011-2021,entity,[],[],Node
strategic direction,entity,[],[],Node
implementation,entity,[],[],Node
physical environment,entity,[],[],Node
social needs,entity,[],[],Node
community aspirations,entity,[],[],Node
this DCP applies,entity,[],[],Node
active travel options,entity,[],[],Node
Council supports,entity,[],[],Node
town centres,entity,[],[],Node
destinations in the municipality,entity,[],[],Node
This Development Control Plan includes objectives and controls which will assist Council to implement its strategic direction as outlined in the adopted Leichhardt Community and Cultural Plan 2011-2021.,event,[],[],Node
The Leichhardt Development Control Plan 2013 will assist Council in making important decisions about the physical environment and activities within it,event,[],[],Node
"Council encourages urban design that accommodates active travel options such as walking, cycling and public transport between homes, workplaces, centres and attractions.",event,[],[],Node
"Council supports the provision of quality open space, sporting and recreation facilities that are accessible for all.",event,[],[],Node
Council supports the development of streets that are attractive and safe for all members of the local community.,event,[],[],Node
"Council supports urban design that accommodates active travel options such as walking, cycling and public transport between homes, workplaces, centres and attractions.",event,[],[],Node
"Council supports the development of town centres and other key destinations in the municipality to provide safe, vibrant and attractive streetscapes both day and night.",event,[],[],Node
"Council supports private development that addresses the street and is well connected to movement systems (i.e. streets, laneways, paths, open space etc.).",event,[],[],Node
"The Leichhardt Development Control Plan 2013 will assist Council in making important decisions about the physical environment and activities within it to support the wider social and economic needs and community aspirations on land where this DCP applies, including the special and individual needs of the old, young, disabled, indigenous and those from diverse cultural backgrounds.",event,[],[],Node
Proposed developments,entity,[],[],Node
individual Heritage Items,entity,[],[],Node
provision for parking or signage,entity,[],[],Node
desired future character,entity,[],[],Node
Building heights,entity,[],[],Node
landscaping and architectural style,entity,[],[],Node
Development within Heritage Conservation Areas or to Heritage Items,entity,[],[],Node
heritage significance of the item and locality,entity,[],[],Node
Scale: the size of a building in relation to surrounding buildings or landscape,entity,[],[],Node
Proposed developments need to reflect and complement the identified values of individual Heritage Items.,event,[],[],Node
Development within Heritage Conservation Areas or to Heritage Items must be responsive to the heritage significance of the item and locality.,event,[],[],Node
"Building heights, setbacks, landscaping and architectural style respond to the desired future character.",event,[],[],Node
Proposed developments need to reflect and complement the identified values of individual Heritage Items and Heritage Conservation Areas in their design.,event,[],[],Node
Scale: the size of a building in relation to surrounding buildings or landscape.,event,[],[],Node
Individual Heritage Items,entity,[],[],Node
Place Section,entity,[],[],Node
The Leichhardt Council adopted the plan in 2011.,event,[],[],Node
The DCP was gazetted on 3 December 2013.,event,[],[],Node
The Draft Plan was exhibited for public comment from 25 November to 23 December 2010.,event,[],[],Node
"The Draft Plan proposed changes to reduce building heights and increase setbacks along certain parts of streets in Leichhardt, Camperdown and Petersham.",event,[],[],Node
The changes were designed to improve amenity and livability in these areas.,event,[],[],Node
The Leichhardt DCP 2013 was released.,event,[],[],Node
Leichhardt,entity,[],[],Node
DCP 2013,entity,[],[],Node
Planning documents were stored in a folder.,event,[],[],Node
leichhardt,entity,[],[],Node
Leichhardt DCP 2013 - 6 - Part C Place Section 2 - Reduced Size.pdf,entity,[],[],Node
The planning document is titled Leichhardt DCP 2013 - 6 - Part C Place Section 2.,event,[],[],Node
It incorporates amendments made by the IWLEP in 2022.,event,[],[],Node
The original DCP was finalized in 2013.,event,[],[],Node
The Council adopted the Leichhardt DCP 2013.,event,[],[],Node
The IWLEP adopted amendments to the Leichhardt DCP 2013.,event,[],[],Node
density,entity,[],[],Node
local area,entity,[],[],Node
place,entity,[],[],Node
cultural significance,entity,[],[],Node
form of the new building,entity,[],[],Node
additions,entity,[],[],Node
future character,entity,[],[],Node
street and public domain,entity,[],[],Node
"streetscape, neighbourhood and land",entity,[],[],Node
adjoining development,entity,[],[],Node
To provide more details in relation to the residential development provisions contained in the Inner West LEP 2022.,event,[],[],Node
To ensure that all residential development is consistent with the density of the local area as established by the Inner West LEP 2022.,event,[],[],Node
"Residential development is not to have an adverse effect on: the amenity, setting or cultural significance of the place, including the portion of the existing building to be retained, and",event,[],[],Node
"Additions to an existing building are generally located to the rear or the side of the existing building when viewed from the principal street frontage, and",event,[],[],Node
"To ensure that development: reinforces the desired future character and distinct sense of place of the streetscape, neighbourhood and land where this DCP applies,",event,[],[],Node
"Additions to an existing building are generally subservient to the form of the existing building, and",event,[],[],Node
"Additions to an existing building are generally maintain the form, fenestration, roof forms and chimneys of the existing building when viewed from the principal street frontage, and",event,[],[],Node
"Additions to an existing building are generally of a design which is compatible with but does not compete with the architectural character of the existing building or the Building Typologies, and",event,[],[],Node
"Additions to an existing building are generally of a scale, proportion (including proportion of doors and openings) and material which is compatible with the existing building.",event,[],[],Node
"To ensure adequate separation between buildings for visual and acoustic privacy, solar access and air circulation.",event,[],[],Node
"The site shall have sufficient capacity to accommodate development, including buildings and structures, setbacks and separation distances, access, manoeuvring and parking (where required by this Development Control Plan) and landscaped open space, having regard to site characteristics such as:",event,[],[],Node
"Residential development is not to have an adverse effect on: a. the amenity, setting or cultural significance of the place, including the portion of the existing building to be retained, and b. the relationship of any Heritage Item or Heritage Conservation Area to its place, setting and cultural significance.",event,[],[],Node
"Additions to an existing building are generally: a. located to the rear or the side of the existing building when viewed from the principal street frontage, and b. subservient to the form of the existing building, and c. maintain the form, fenestration, roof forms and chimneys of the existing building when viewed from the principal street frontage, and d. of a design which is compatible with but does not compete with the architectural character of the existing building or the Building Typologies, and e. of a scale, proportion (including proportion of doors and openings) and material which is compatible with the existing building.",event,[],[],Node
Building Typologies,entity,[],[],Node
"To ensure that development: a. reinforces the desired future character and distinct sense of place of the streetscape, neighbourhood and land where this DCP applies, b. emphasises the street and public domain as a vibrant, safe and attractive place for activity and community interaction, c. complements the siting, scale and form of adjoining development, and d. creates a high level of residential amenity for the site and protects existing or enhances residential amenity of adjoining sites in terms of visual and acoustic privacy, air circulation, solar access, daylight, outlook and views.",event,[],[],Node
"The site shall have sufficient capacity to accommodate development, including buildings and structures, setbacks and separation distances, access, manoeuvring and parking (where required by this Development Control Plan) and landscaped open space, having regard to site characteristics such as: a. topography, b. soil conditions, c. drainage, d. natural environment, e. existing vegetation, f. built form, g. neighbouring development, h. traffic and transport corridors.",event,[],[],Node
Building Location Zone (BLZ) is the part of the subject site where it can be reasonably expected that a building can be located.,event,[],[],Node
subject site,entity,[],[],Node
land zoned B1 Neighbourhood Centre,entity,[],[],Node
land zoned B2 Local Centre,entity,[],[],Node
IN1 General Industrial,entity,[],[],Node
IN2 Light Industrial,entity,[],[],Node
environmental performance,entity,[],[],Node
sustainable and climatically responsive development,entity,[],[],Node
building height,entity,[],[],Node
surrounding prevailing street wall height,entity,[],[],Node
prevailing streetscape height and taller building,entity,[],[],Node
setbacks to front boundary,entity,[],[],Node
existing character and prevailing setbacks of the streetscape,entity,[],[],Node
existing or neighbouring properties are built to front boundaries,entity,[],[],Node
setbacks from street frontage,entity,[],[],Node
fabric of a Heritage Item,entity,[],[],Node
"Non-residential areas include land zoned B1 Neighbourhood Centre, B2 Local Centre, B7 Business Park, IN1 General Industrial and IN2 Light Industrial under the Inner West LEP 2022.",event,[],[],Node
"To respect the values of Heritage Items, including fabric and setting.",event,[],[],Node
"To achieve sustainable and climatically responsive development that maximises the environmental performance of buildings, facilities and infrastructure.",event,[],[],Node
Building height is compatible with the surrounding prevailing street wall height and does not overbear the public domain.,event,[],[],Node
"Where adjoining a building that is substantially taller than the prevailing streetscape height, the development achieves a height that provides a transition between the taller building and the prevailing streetscape height.",event,[],[],Node
"Where in the B1 Neighbourhood Centre Zone or B2 Local Centre Zone, the setbacks to the front and side boundaries of the property are to reflect the existing character and prevailing setbacks of the streetscape.",event,[],[],Node
"Development is to have a zero setback where existing or neighbouring properties are built to the front or side boundaries, or the street reflects a coherent street wall with minimal separation existing between buildings.",event,[],[],Node
Setbacks from the street frontage greater than zero are only generally acceptable where that setback...,event,[],[],Node
B1 Neighbourhood Centre,entity,[],[],Node
B2 Local Centre,entity,[],[],Node
B7 Business Park,entity,[],[],Node
facilities,entity,[],[],Node
infrastructure,entity,[],[],Node
street wall height,entity,[],[],Node
prevailing streetscape height,entity,[],[],Node
B1 Neighbourhood Centre Zone,entity,[],[],Node
B2 Local Centre Zone,entity,[],[],Node
"Setbacks from the street frontage greater than zero are only generally acceptable where that setback: a. would be part of the fabric of a Heritage Item, or enables greater visual access to a Heritage Item on an adjoining site, b. is for a ground floor non-residential use and the setback is no greater than 3m and allows for a semi-public space such as a courtyard that provides a high level of interaction with the street, and c. is for the provision of a new useable public domain such as a plaza.",event,[],[],Node
Clause C3,entity,[],[],Node
solar access,entity,[],[],Node
nearby properties,entity,[],[],Node
photovoltaic systems,entity,[],[],Node
slate roof with decorative features,entity,[],[],Node
photovoltaic system,entity,[],[],Node
have minimal visual impact,entity,[],[],Node
building and its streetscape context,entity,[],[],Node
"design, siting and materials",entity,[],[],Node
Heritage Item in Schedule 5,entity,[],[],Node
building and its setting,entity,[],[],Node
fabric of the building,entity,[],[],Node
photovoltaic panels,entity,[],[],Node
The installation of a photovoltaic system is prohibited on any part of a slate roof with decorative features where the property is in a Heritage Conservation Area or is identified as a Heritage Item.,event,[],[],Node
Photovoltaic systems are prohibited on any part of a slate roof with decorative features where the property is in a Heritage Conservation Area or is identified as a Heritage Item.,event,[],[],Node
The installation of a photovoltaic system may be granted development consent when it can be shown that the installation will have minimal visual impact.,event,[],[],Node
"be of a design, siting and materials, including colour of trim, that is sympathetic to the character of the building and its streetscape context and which will have minimal visual impact",event,[],[],Node
The installation of a photovoltaic system may be granted development consent when it can be shown that the installation will not reduce the structural integrity of any building.,event,[],[],Node
not reduce the structural integrity of or involve structural alterations to any building to which it is attached,event,[],[],Node
The installation of a photovoltaic system may be granted development consent when it can be shown that the installation will not result in negative impacts on amenity.,event,[],[],Node
"not result in negative impacts on amenity, building fabric or heritage values of the building and its setting",event,[],[],Node
The installation of a photovoltaic system may be granted development consent when it can be shown that the installation will not result in irreversible alteration.,event,[],[],Node
not result in any irreversible alteration or damage to the fabric of the building.,event,[],[],Node
Photovoltaic panels should be removed from the roof when obsolete and sent to a recycling facility where possible.,event,[],[],Node
ensure optimal power output,event,[],[],Node
will not have an adverse impact on the amenity and solar access of the property or nearby or adjacent properties and occupants,event,[],[],Node
nearby or adjacent properties and occupants,entity,[],[],Node
restrict the development potential of nearby and adjacent properties,event,[],[],Node
nearby and adjacent properties,entity,[],[],Node
"result in the production of noise, air or water pollution or other adverse environmental impacts",event,[],[],Node
noise,entity,[],[],Node
air,entity,[],[],Node
environmental impacts,entity,[],[],Node
reduce the structural integrity or have an adverse impact on the setting or significance of any property listed as a Heritage Item in Schedule 5 of the Inner West LEP 2022,event,[],[],Node
"result in negative impacts on amenity, building fabric or heritage values of the building and its setting including streetscape",event,[],[],Node
are prohibited on any part of a slate roof with decorative features where the property is in a Heritage Conservation Area or is identified as a Heritage Item in Schedule 5 of the Inner West LEP 2022,event,[],[],Node
Installation of a photovoltaic system on a property located in a Heritage Conservation Area or that is listed as a Heritage Item in Schedule 5 of the Inner West LEP 2022 may be granted development consent where it can be shown,event,[],[],Node
"be of a design, siting and materials, including colour of trim, that is sympathetic to the character of the building and its streetscape context",event,[],[],Node
not reduce the structural integrity of or involve structural alterations to any building to which it is attached that may adversely impact the significance of the building,event,[],[],Node
"not result in negative impacts on amenity, building fabric or heritage values of the building and its setting in the streetscape",event,[],[],Node
not result in any irreversible alteration or damage to the fabric of the building,event,[],[],Node
"When obsolete, photovoltaic panels should be removed from the roof and where possible, sent to a recycling facility",event,[],[],Node
roof,entity,[],[],Node
recycling facility,entity,[],[],Node
Contents Page Amdt No 19,entity,[],[],Node
November 2023,entity,[],[],Node
The planning document is named Leichhardt DCP 2013.,event,[],[],Node
It has an amendment number and a date November 2023.,event,[],[],Node
The document is located in the Inner West region.,event,[],[],Node
It can be found at docs/dcps/INNERWEST/leichhardt/,event,[],[],Node
The amendment number 19 has been applied to the document.,event,[],[],Node
It has a previous version without this amendment.,event,[],[],Node
The document's contents have been updated in November 2023.,event,[],[],Node
There are new information and changes applied to the document.,event,[],[],Node
The Planning Document is titled Leichhardt DCP 2013 - Contents Page Amdt No 19 - November 2023.pdf.,event,[],[],Node
The Planning Document is stored in the folder docs/dcps/INNERWEST/leichhardt.,event,[],[],Node
Section,entity,[],[],Node
C,entity,[],[],Node
Planning Document is available for review.,event,[],[],Node
public comment on the document has been invited.,event,[],[],Node
Public comment on the document has been invited.,event,[],[],Node
submission of written comments closed on 28 March 2013.,event,[],[],Node
Submission of written comments closed on 28 March 2013.,event,[],[],Node
public exhibition of the document took place from 25 January to 21 February 2013.,event,[],[],Node
The Planning Document is titled Leichhardt DCP 2013 Part C Section 5.,event,[],[],Node
Leichhardt DCP 2013 Part C Section 5,entity,[],[],Node
The document was created for the Inner West Council area.,event,[],[],Node
The Planning Document is located in the docs/dcps/INNERWEST/leichhardt folder.,event,[],[],Node
Objectives,entity,[],[],Node
Table,entity,[],[],Node
Uses,entity,[],[],Node
permitted,entity,[],[],Node
Height_limit,entity,[],[],Node
Grove,entity,[],[],Node
Dulwich,entity,[],[],Node
Clause 2.1 - zoning (land_use_zoning) is defined,event,[],[],Node
Clause 2.2 - zoning (land_use_zoning) explains its application,event,[],[],Node
Clause 2.2 - zoning (land_use_zonation) explains its application,event,[],[],Node
Zone objectives and Land Use Table are explained in Clause 2.3,event,[],[],Node
Additional permitted uses for particular land are listed in Clause 2.5,event,[],[],Node
Heritage conservation is controlled by Clause 5.10,event,[],[],Node
The height of buildings on Dulwich Grove land is regulated by Clause 7.2,event,[],[],Node
Floor space ratio on Dulwich Grove land is also regulated in Clause 7.3,event,[],[],Node
Additional permitted uses for Dulwich Grove land are listed in Clause 7.4,event,[],[],Node
Land use zones are defined.,event,[],[],Node
Government,entity,[],[],Node
Zoning of land to which Plan applies is specified.,event,[],[],Node
Legislature,entity,[],[],Node
Zone objectives and Land Use Table are outlined.,event,[],[],Node
Additional permitted uses for particular land are listed.,event,[],[],Node
Developers,entity,[],[],Node
Heritage conservation is addressed.,event,[],[],Node
Historians,entity,[],[],Node
Height of buildings on Dulwich Grove land is regulated.,event,[],[],Node
Architects,entity,[],[],Node
Floor space ratio on Dulwich Grove land is controlled.,event,[],[],Node
Engineers,entity,[],[],Node
Additional permitted uses for Dulwich Grove land are specified.,event,[],[],Node
NSW Legislation-101-150.pdf,entity,[],[],Node
The document is in PDF format.,event,[],[],Node
It has been uploaded to a planning website.,event,[],[],Node
Planning documents are typically reviewed by stakeholders before adoption.,event,[],[],Node
This document was adopted in 2022.,event,[],[],Node
Local Environmental Plans often undergo updates and revisions after initial adoption.,event,[],[],Node
The Inner West Local Environmental Plan was first introduced in this format in 2022.,event,[],[],Node
Government agencies provide public access to documents like the one described.,event,[],[],Node
They aim to increase transparency and accountability among stakeholders.,event,[],[],Node
Increased transparency can lead to more informed decision-making processes.,event,[],[],Node
Stakeholders are better equipped to provide input on future updates and revisions to the plan.,event,[],[],Node
The Planning Document is titled as Inner West Local Environmental Plan 2022.,event,[],[],Node
It was published in NSW Legislation-101-150.pdf.,event,[],[],Node
Legislation,entity,[],[],Node
West,entity,[],[],Node
The planning document is available in the docs/lep directory.,event,[],[],Node
The document is also known as Inner West Local Environmental Plan 2022.,event,[],[],Node
The document is a NSW Legislation file.,event,[],[],Node
It was created under the New South Wales legislation system.,event,[],[],Node
The planning document can be found in the docs/lep directory.,event,[],[],Node
This is where related documents are stored for easy access.,event,[],[],Node
You must strictly output in the following JSON format,event,[],[],Node
this assistant,entity,[],[],Node
the user,entity,[],[],Node
Here is the passage.,event,[],[],Node
the assistant,entity,[],[],Node
the passage,entity,[],[],Node
area of outstanding biodiversity value,entity,[],[],Node
aquatic reserve,entity,[],[],Node
marine park,entity,[],[],Node
ponds,entity,[],[],Node
intensive aquaculture,entity,[],[],Node
"culture ponds, tanks and other culture facilities",entity,[],[],Node
outlets,entity,[],[],Node
flood event,entity,[],[],Node
Must not be carried out on land declared an area of outstanding biodiversity value under the Biodiversity Conservation Act 2016.,event,[],[],Node
land within a wetland of international significance declared under the Ramsar Convention on Wetlands must also be protected,event,[],[],Node
Must not be carried out on vacant Crown land.,event,[],[],Node
Must not be carried out on land within a wetland of international significance declared under the Ramsar Convention on Wetlands.,event,[],[],Node
Species of fish or marine vegetation cultivated or kept must be consistent with the relevant aquaculture industry development plan,event,[],[],Node
For pond-based aquaculture that is also intensive aquaculture—ponds must be capable of being drained or pumped and then completely dried.,event,[],[],Node
"For pond-based aquaculture and tank-based aquaculture that is also intensive aquaculture—no discharge of freshwater used to intensively cultivate or keep fish to natural waterbodies or wetlands is permitted, except freshwater discharge from open flow through systems.",event,[],[],Node
Ponds must be capable of being drained or pumped and then completely dried,event,[],[],Node
"All outlets from culture ponds, tanks and other culture facilities must be screened to avoid the escape of fish.",event,[],[],Node
"For pond-based aquaculture and tank-based aquaculture that is also intensive aquaculture—no discharge of freshwater used to intensively cultivate or keep fish to natural waterbodies or wetlands is permitted, except freshwater discharge from open flow through systems",event,[],[],Node
"Must not be carried out on the following land, except to the extent necessary to gain access to water—",event,[],[],Node
"All outlets from culture ponds, tanks and other culture facilities must be screened to avoid the escape of fish",event,[],[],Node
"Must not be carried out on the following land, except to the extent necessary to gain access to water",event,[],[],Node
area of outstanding biodiversity value under the Biodiversity Conservation Act 2016,entity,[],[],Node
vacant Crown land,entity,[],[],Node
wetland of international significance declared under the Ramsar Convention on Wetlands,entity,[],[],Node
"Must not be carried out on the following land, except for the purposes of minimal infrastructure to support the extraction of water from, and discharge of water to, the land concerned",event,[],[],Node
aquatic reserve under the Marine Estate Management Act 2014,entity,[],[],Node
marine park under the Marine Estate Management Act 2014,entity,[],[],Node
species of fish,entity,[],[],Node
marine vegetation,entity,[],[],Node
relevant aquaculture industry development plan,entity,[],[],Node
Ponds must be capable of being drained or pumped and then completely dried for pond-based aquaculture that is also intensive aquaculture,event,[],[],Node
pond-based aquaculture,entity,[],[],Node
"No discharge of freshwater used to intensively cultivate or keep fish to natural waterbodies or wetlands is permitted, except freshwater discharge from open flow through systems for pond-based aquaculture and tank-based aquaculture that is also intensive aquaculture",event,[],[],Node
freshwater,entity,[],[],Node
natural waterbodies,entity,[],[],Node
wetlands,entity,[],[],Node
tank-based aquaculture,entity,[],[],Node
culture ponds,entity,[],[],Node
tanks,entity,[],[],Node
other culture facilities,entity,[],[],Node
fish,entity,[],[],Node
Must be designed or constructed on land so that it will not be inundated by the discharge of a 1:100 ARI (average recurrent interval) flood event,event,[],[],Node
1:100 ARI flood event,entity,[],[],Node
Clause Dictionary - zoning (land_use_zoning),entity,[],[],Node
Creative industries,entity,[],[],Node
Curtilage,entity,[],[],Node
Heritage item,entity,[],[],Node
Demolish,entity,[],[],Node
Draft heritage item,entity,[],[],Node
State Environmental Planning Policy (Exempt and Complying Development Codes) 2008,entity,[],[],Node
Eco-tourist facility,entity,[],[],Node
Visitors,entity,[],[],Node
Creative industries are a type of light industry,event,[],[],Node
see the definition of that term in this Dictionary,event,[],[],Node
"curtilage, in relation to a heritage item or conservation area, means the area of land (including land covered by water) surrounding a heritage item, a heritage conservation area, or building, work or place within a heritage conservation area",event,[],[],Node
it contributes to its heritage significance,event,[],[],Node
"demolish, in relation to a heritage item or an Aboriginal object, or a building, work, relic or tree within a heritage conservation area, means wholly or partly destroy, dismantle or deface the heritage item, Aboriginal object or building, work, relic or tree",event,[],[],Node
curtilage has been destroyed,event,[],[],Node
a draft heritage item has the same meaning as in State Environmental Planning Policy (Exempt and Complying Development Codes) 2008,event,[],[],Node
"demolish, in relation to a heritage item or an Aboriginal object, or a building, work, relic or tree within a heritage conservation area, means wholly or partly destroy",event,[],[],Node
an eco-tourist facility means a building or place that— (a) provides temporary or short-term accommodation to visitors on a commercial basis,event,[],[],Node
it is located in or adjacent to an area with special ecological or cultural features,event,[],[],Node
an eco-tourist facility means a building or place that— (b) is located in or adjacent to an area with special ecological or cultural features,event,[],[],Node
"it minimizes bulk, scale and overall physical footprint and any ecological or visual impact",event,[],[],Node
"an eco-tourist facility means a building or place that— (c) is sensitively designed and located so as to minimize bulk, scale and overall physical footprint",event,[],[],Node
it minimizes ecological or visual impact,event,[],[],Node
Creative industries are defined in this Dictionary.,event,[],[],Node
Dictionary,entity,[],[],Node
Curtilage is defined as the area of land surrounding a heritage item or conservation area.,event,[],[],Node
conservation area,entity,[],[],Node
"Demolish means wholly or partly destroy, dismantle or deface a heritage item or an Aboriginal object.",event,[],[],Node
demolish,entity,[],[],Node
Aboriginal object,entity,[],[],Node
Draft heritage item has the same meaning as in State Environmental Planning Policy (Exempt and Complying Development Codes) 2008.,event,[],[],Node
An eco-tourist facility is defined as a building or place that provides temporary accommodation to visitors on a commercial basis in an area with special ecological or cultural features.,event,[],[],Node
eco-tourist facility,entity,[],[],Node
applicant,entity,[],[],Node
consent authority,entity,[],[],Node
heriage conservation area,entity,[],[],Node
proposed development,entity,[],[],Node
heritage management document,entity,[],[],Node
carrying out of proposed development,entity,[],[],Node
heritage conservation management plan,entity,[],[],Node
the applicant has notified the consent authority of the proposed development,event,[],[],Node
the consent authority has advised the applicant in writing,event,[],[],Node
the consent authority has advised the applicant in writing that it is satisfied with the proposed development,event,[],[],Node
it is of a minor nature or for the maintenance of the heritage item,event,[],[],Node
the consent authority must consider the effect of the proposed development on the heritage significance of the item or area concerned,event,[],[],Node
granting consent under this clause in respect of a heritage item or heritage conservation area,event,[],[],Node
the consent authority may require a heritage management document to be prepared that assesses the extent to which the carrying out of the proposed development would affect the heritage significance of the heritage item or heritage conservation area concerned,event,[],[],Node
granting consent to any development on land on which a heritage item is located,event,[],[],Node
the consent authority may require the submission of a heritage conservation management plan before granting consent under this clause,event,[],[],Node
considering the heritage significance of a heritage item and the extent of change proposed to it,event,[],[],Node
the consent authority has advised the applicant in writing before any work is carried out that it is satisfied,event,[],[],Node
the consent authority must notify the Heritage Council of its intention to grant consent to the carrying out of development on an archaeological site,event,[],[],Node
Heritage Council,entity,[],[],Node
archaeological site,entity,[],[],Node
local Aboriginal communities,entity,[],[],Node
The consent authority must consider the effect of the proposed development on the heritage significance of the place.,event,[],[],Node
The consent authority must grant consent under this clause to the carrying out of development in an Aboriginal place of heritage significance.,event,[],[],Node
The consent authority must notify the local Aboriginal communities about the application.,event,[],[],Node
The consent authority must take into consideration any response received from the local Aboriginal communities within 28 days after the notice is sent.,event,[],[],Node
The consent authority must notify the Heritage Council about the application.,event,[],[],Node
The consent authority must take into consideration any response received from the Heritage Council within 28 days after the notice is sent.,event,[],[],Node
consider the effect of the proposed development on the heritage significance of the place and any Aboriginal object known or reasonably likely to be located at the place,event,[],[],Node
Aboriginal places of heritage significance,entity,[],[],Node
"notify the local Aboriginal communities, in writing or in such other manner as may be appropriate, about the application",event,[],[],Node
take into consideration any response received within 28 days after the notice is sent,event,[],[],Node
notify the Heritage Council about the application,event,[],[],Node
take into consideration any response received from the Heritage Council within 28 days after the notice is sent,event,[],[],Node
zone,entity,[],[],Node
consent,entity,[],[],Node
Floor Space Ratio,entity,[],[],Node
maximum,entity,[],[],Node
Planning Document: docs/lep/Inner West Local Environmental Plan 2022 - NSW Legislation.pdf is provided.,event,[],[],Node
Clause 2.1 - zoning (land_use_zoning): Land use zones is described.,event,[],[],Node
Clause 2.2 - zoning (land_use_zoning): Zoning of land to which Plan applies is also discussed.,event,[],[],Node
Clause 2.3 - zoning (land_use_zoning): Zone objectives and Land Use Table is outlined.,event,[],[],Node
Clause 2.2 - zoning (land_use_zoning): Zoning of land to which Plan applies establishes the basis for zone objectives.,event,[],[],Node
Unzoned land is identified in Clause 2.4 - zoning (land_use_zoning).,event,[],[],Node
Clause 2.3 - zoning (land_use_zoning): Zone objectives and Land Use Table does not cover all areas.,event,[],[],Node
Additional permitted uses for particular land are specified in Clause 2.5 - zoning (land_use_zoning).,event,[],[],Node
Clause 2.3 - zoning (land_use_zoning): Zone objectives and Land Use Table sets the framework for such specifications.,event,[],[],Node
Demolition requires development consent as stated in Clause 2.7 - development_control.,event,[],[],Node
"Clause 4.4A - fsr_control (development_control) implements specific development standards, including those related to demolition.",event,[],[],Node
Land use zones are defined in Clause 2.1,event,[],[],Node
Clause 2.1,entity,[],[],Node
Zoning of land to which Plan applies is described in Clause 2.2,event,[],[],Node
Clause 2.2,entity,[],[],Node
Land Use Table,entity,[],[],Node
Unzoned land is mentioned in Clause 2.4,event,[],[],Node
Clause 2.4,entity,[],[],Node
unzoned land,entity,[],[],Node
Additional permitted uses for particular land are specified in Clause 2.5,event,[],[],Node
Clause 2.5,entity,[],[],Node
additional uses,entity,[],[],Node
particular land,entity,[],[],Node
Demolition requires development consent as stated in Clause 2.7,event,[],[],Node
Clause 2.7,entity,[],[],Node
development consent,entity,[],[],Node
Principal development standards are outlined in Part 4 of the plan,event,[],[],Node
Part 4,entity,[],[],Node
principal development standards,entity,[],[],Node
An exception to maximum floor space ratio is made for active street frontages as per Clause 4.4A,event,[],[],Node
Clause 4.4A,entity,[],[],Node
maximum floor space ratio,entity,[],[],Node
active street frontages,entity,[],[],Node
fsr_control,entity,[],[],Node
biodiversity values of trees and other vegetation in non-rural areas of the State,entity,[],[],Node
trees and other vegetation in non-rural areas of the State,entity,[],[],Node
Clause 2.3 defines zoning categories.,event,[],[],Node
Clause 2.1 aims to protect biodiversity and preserve amenity through environmental protection.,event,[],[],Node
Clause 2.3 lists different types of zones.,event,[],[],Node
Clause 2.1 emphasizes the importance of environmental protection in non-rural areas.,event,[],[],Node
Zone RU5 Village is defined,event,[],[],Node
Zone RU5 Village,entity,[],[],Node
Zone R1 General Residential is defined,event,[],[],Node
Zone R1 General Residential,entity,[],[],Node
Zone R2 Low Density Residential is defined,event,[],[],Node
Zone R2 Low Density Residential,entity,[],[],Node
Zone R3 Medium Density Residential is defined,event,[],[],Node
Zone R3 Medium Density Residential,entity,[],[],Node
Zone R4 High Density Residential is defined,event,[],[],Node
Zone R4 High Density Residential,entity,[],[],Node
Zone R5 Large Lot Residential is defined,event,[],[],Node
Zone R5 Large Lot Residential,entity,[],[],Node
Zone B1 Neighbourhood Centre is defined,event,[],[],Node
Zone B1 Neighbourhood Centre,entity,[],[],Node
Zone B2 Local Centre is defined,event,[],[],Node
Zone B2 Local Centre,entity,[],[],Node
Zone B3 Commercial Core is defined,event,[],[],Node
Zone B3 Commercial Core,entity,[],[],Node
Zone B4 Mixed Use is defined,event,[],[],Node
Zone B4 Mixed Use,entity,[],[],Node
Zone B5 Business Development is defined,event,[],[],Node
Zone B5 Business Development,entity,[],[],Node
Zone B6 Enterprise Corridor is defined,event,[],[],Node
Zone B6 Enterprise Corridor,entity,[],[],Node
Zone B7 Business Park is defined,event,[],[],Node
Zone B7 Business Park,entity,[],[],Node
Zone B8 Metropolitan Centre is defined,event,[],[],Node
Zone B8 Metropolitan Centre,entity,[],[],Node
Zone E1 Local Centre is defined,event,[],[],Node
Zone E1 Local Centre,entity,[],[],Node
Zone E2 Commercial Centre is defined,event,[],[],Node
Zone E2 Commercial Centre,entity,[],[],Node
Zone E3 Productivity Support is defined,event,[],[],Node
Zone E3 Productivity Support,entity,[],[],Node
Zone E4 General Industrial is defined,event,[],[],Node
Zone E4 General Industrial,entity,[],[],Node
Zone E5 Heavy Industrial is defined,event,[],[],Node
Zone E5 Heavy Industrial,entity,[],[],Node
Zone IN1 General Industrial is defined,event,[],[],Node
Zone IN1 General Industrial,entity,[],[],Node
Zone IN2 Light Industrial is defined,event,[],[],Node
Zone IN2 Light Industrial,entity,[],[],Node
Zone IN3 Heavy Industrial is defined,event,[],[],Node
Zone IN3 Heavy Industrial,entity,[],[],Node
Zone IN4 Working Waterfront is defined,event,[],[],Node
Zone IN4 Working Waterfront,entity,[],[],Node
Zone MU1 Mixed Use is defined,event,[],[],Node
Zone MU1 Mixed Use,entity,[],[],Node
The biodiversity values of trees and other vegetation in non-rural areas are to be protected,event,[],[],Node
other vegetation,entity,[],[],Node
non-rural areas,entity,[],[],Node
The amenity of non-rural areas is to be preserved through the preservation of trees and other vegetation,event,[],[],Node
docs/sepps/NSW Legislation.pdf,entity,[],[],Node
The planning document is titled State Environmental Planning Policy (Exempt and Complying Development Codes).,event,[],[],Node
it outlines policies for exempt and complying development in New South Wales.,event,[],[],Node
It outlines policies for exempt and complying development in New South Wales.,event,[],[],Node
these developments are governed by specific codes and guidelines.,event,[],[],Node
These developments are governed by specific codes and guidelines.,event,[],[],Node
the introduction of this policy in 2008.,event,[],[],Node
The introduction of this policy occurred in 2008.,event,[],[],Node
it was published as a document titled NSW Legislation.pdf.,event,[],[],Node
The State Environmental Planning Policy (SEPP) was released in 2008.,event,[],[],Node
The policy is related to exempt and complying development codes.,event,[],[],Node
Exempt Development Codes,entity,[],[],Node
Complying Development Codes,entity,[],[],Node
The document can be found in the NSW Legislation PDF file.,event,[],[],Node
NSW Legislation.pdf,entity,[],[],Node
docs/sepps/State Environmental Planning Policy (Exempt and Complying Development Codes) 2008 - NSW Legislation.pdf,entity,[],[],Node
housing,entity,[],[],Node
vulnerable members of the community,entity,[],[],Node
new housing development,entity,[],[],Node
residents with a reasonable level of amenity,entity,[],[],Node
locations where it will make good use of existing and planned infrastructure and services,entity,[],[],Node
short-term rental accommodation,entity,[],[],Node
existing affordable rental housing,entity,[],[],Node
enabling the development of diverse housing types,event,[],[],Node
encouraging the development of housing that will meet the needs of more vulnerable members of the community,event,[],[],Node
ensuring new housing development provides residents with a reasonable level of amenity,event,[],[],Node
promoting the planning and delivery of housing in locations where it will make good use of existing and planned infrastructure and services,event,[],[],Node
minimising adverse climate and environmental impacts of new housing development,event,[],[],Node
reinforcing the importance of designing housing in a way that reflects and enhances its locality,event,[],[],Node
"supporting short-term rental accommodation as a home-sharing activity and contributor to local economies, while managing the social and environmental impacts from this use",event,[],[],Node
mitigating the loss of existing affordable rental housing,event,[],[],Node
encouraging the development of housing for vulnerable members of the community,event,[],[],Node
Low income households,entity,[],[],Node
Seniors,entity,[],[],Node
People with a disability,entity,[],[],Node
Local authorities,entity,[],[],Node
promoting the planning and delivery of housing in locations with existing infrastructure,event,[],[],Node
Infrastructure developers,entity,[],[],Node
Environmental protection agencies,entity,[],[],Node
designing housing to reflect its locality,event,[],[],Node
supporting short-term rental accommodation,event,[],[],Node
Short-term rental operators,entity,[],[],Node
Homeowners,entity,[],[],Node
Tourism boards,entity,[],[],Node
Landlords,entity,[],[],Node
Tenants,entity,[],[],Node
Western Sydney Employment Area,entity,[],[],Node
employment,entity,[],[],Node
environmental conservation,entity,[],[],Node
recreation purposes,entity,[],[],Node
development control plan,entity,[],[],Node
areas with high biodiversity or heritage or cultural value,entity,[],[],Node
State Environmental Planning Policy No 1—Development Standards,entity,[],[],Node
this Chapter,entity,[],[],Node
LEPs or local environmental plan or deemed environmental planning instrument,entity,[],[],Node
This Chapter aims to protect and enhance the land for employment purposes.,event,[],[],Node
"to promote economic development and the creation of employment in the Western Sydney Employment Area by providing for development including major warehousing, distribution, freight transport, industrial, high technology and research facilities,",event,[],[],Node
"to rezone land for employment, environmental conservation or recreation purposes,",event,[],[],Node
"to conserve and rehabilitate areas that have a high biodiversity or heritage or cultural value, in particular areas of remnant vegetation.",event,[],[],Node
"to ensure that development occurs in a logical, environmentally sensitive and cost-effective manner and only after a development control plan (including specific development controls) has been prepared for the land concerned,",event,[],[],Node
"This Chapter prevails over LEPs In the event of an inconsistency between this Chapter and a local environmental plan or deemed environmental planning instrument that applies to the land to which this Chapter applies,",event,[],[],Node
State Environmental Planning Policy No 1—Development Standards does not apply to the land to which this Chapter applies.,event,[],[],Node
"This Chapter to prevail over LEPs In the event of an inconsistency between this Chapter and a local environmental plan or deemed environmental planning instrument that applies to the land to which this Chapter applies,",event,[],[],Node
This Chapter aims to protect and enhance the land to which this Chapter applies (the Western Sydney Employment Area) for employment purposes.,event,[],[],Node
"to promote economic development and the creation of employment in the Western Sydney Employment Area by providing for development including major warehousing, distribution, freight transport, industrial, high technology and research facilities",event,[],[],Node
economic development,entity,[],[],Node
"to rezone land for employment, environmental conservation or recreation purposes",event,[],[],Node
recreation,entity,[],[],Node
"to ensure that development occurs in a logical, environmentally sensitive and cost-effective manner and only after a development control plan (including specific development controls) has been prepared for the land concerned",event,[],[],Node
specific development controls,entity,[],[],Node
"to conserve and rehabilitate areas that have a high biodiversity or heritage or cultural value, in particular areas of remnant vegetation",event,[],[],Node
areas with high biodiversity,entity,[],[],Node
cultural value,entity,[],[],Node
remnant vegetation,entity,[],[],Node
State Environmental Planning Policy No 1—Development Standards does not apply to the land to which this Chapter applies,event,[],[],Node
"This Chapter to prevail over LEPs In the event of an inconsistency between this Chapter and a local environmental plan or deemed environmental planning instrument that applies to the land to which this Chapter applies, this Chapter prevails to the extent of the inconsistency",event,[],[],Node
LEPs,entity,[],[],Node
local environmental plan,entity,[],[],Node
deemed environmental planning instrument,entity,[],[],Node
heritage_protection,entity,[],[],Node
Standard Instrument (Local Environmental Plans) Order 2006,entity,[],[],Node
Crown Land Management Act 2016,entity,[],[],Node
Threatened Species Conservation Act 1995,entity,[],[],Node
Fisheries Management Act 1994,entity,[],[],Node
another environmental planning instrument,entity,[],[],Node
Words and expressions used in this Chapter have (subject to this section) the same meaning as they have in the standard local environmental planning instrument prescribed by the Standard Instrument (Local Environmental Plans) Order 2006.,event,[],[],Node
"land, places, buildings or structures listed on the State Heritage Register under the Heritage Act 1977,",event,[],[],Node
"land reserved or dedicated under the Crown Land Management Act 2016 for the preservation of flora, fauna, geological formations or for other environmental protection purposes,",event,[],[],Node
land identified as being critical habitat under the Threatened Species Conservation Act 1995 or Part 7A of the Fisheries Management Act 1994.,event,[],[],Node
"Subject to section 74(1) of the Act, in the event of an inconsistency between this Chapter and another environmental planning instrument, whether made before or after the commencement of this Chapter, this Chapter prevails to the extent of the inconsistency.",event,[],[],Node
land is listed on the State Heritage Register under the Heritage Act 1977,event,[],[],Node
Heritage Act 1977,entity,[],[],Node
Words and expressions have the same meaning as they do in the standard local environmental planning instrument prescribed by the Standard Instrument (Local Environmental Plans) Order 2006,event,[],[],Node
words and expressions,entity,[],[],Node
standard local environmental planning instrument,entity,[],[],Node
land is reserved or dedicated under the Crown Land Management Act 2016 for environmental protection purposes,event,[],[],Node
land is identified as critical habitat under the Threatened Species Conservation Act 1995 or Part 7A of the Fisheries Management Act 1994,event,[],[],Node
this Chapter prevails in case of inconsistency with another environmental planning instrument,event,[],[],Node
primary production,entity,[],[],Node
land use conflict,entity,[],[],Node
agriculture,entity,[],[],Node
State significant agricultural land,entity,[],[],Node
sustainable agriculture,entity,[],[],Node
aqua culture,entity,[],[],Node
oyster aquaculture,entity,[],[],Node
all proposed development in the State,entity,[],[],Node
aquaculture,entity,[],[],Node
aquaculture development,entity,[],[],Node
to facilitate the orderly economic use and development of lands for primary production,event,[],[],Node
to reduce land use conflict and sterilisation of rural land by balancing primary production,event,[],[],Node
"to identify State significant agricultural land for the purpose of ensuring the ongoing viability of agriculture on that land, having regard to social, economic and environmental considerations",event,[],[],Node
to simplify the regulatory process for smaller-scale low risk artificial waterbodies,event,[],[],Node
"to reduce land use conflict and sterilisation of rural land by balancing primary production, residential development and the protection of native vegetation, biodiversity and water resources",event,[],[],Node
"to simplify the regulatory process for smaller-scale low risk artificial waterbodies, and routine maintenance of artificial water supply or drainage, in irrigation areas and districts, and for routine and emergency work in irrigation areas and districts",event,[],[],Node
to encourage sustainable agriculture,event,[],[],Node
to require consideration of the effects of all proposed development in the State on oyster aquaculture,event,[],[],Node
to identify aquaculture that is to be treated as designated development using a well-defined and concise development assessment regime based on environment risks associated with site and operational factors.,event,[],[],Node
aquaculture development means development for the purpose of aquaculture,event,[],[],Node
"to encourage sustainable agriculture, including sustainable aquaculture",event,[],[],Node
lands,entity,[],[],Node
rural land,entity,[],[],Node
water resources,entity,[],[],Node
social factors,entity,[],[],Node
economic factors,entity,[],[],Node
environmental considerations,entity,[],[],Node
artificial waterbodies,entity,[],[],Node
irrigation areas,entity,[],[],Node
districts,entity,[],[],Node
designated development,entity,[],[],Node
Coastal Management Act 2016,entity,[],[],Node
coastal zone,entity,[],[],Node
Part 5A of the Local Land Services Act 2013,entity,[],[],Node
coastal wetlands,entity,[],[],Node
Coastal Wetlands and Littoral Rainforests Area Map,entity,[],[],Node
The aim of this Chapter is to promote an integrated and co-ordinated approach to land use planning in the coastal zone.,event,[],[],Node
This Chapter applies to land within the coastal zone.,event,[],[],Node
This Chapter promotes an integrated and co-ordinated approach to land use planning in the coastal zone by managing development in the coastal zone.,event,[],[],Node
The following may be carried out on land identified as “coastal wetlands” or “littoral rainforest” on the Coastal Wetlands and Littoral Rainforests Area Map only with development consent.,event,[],[],Node
"The clearing of native vegetation within the meaning of Part 5A of the Local Land Services Act 2013, may be carried out on land identified as “coastal wetlands” or “littoral rainforest” on the Coastal Wetlands and Littoral Rainforests Area Map only with development consent.",event,[],[],Node
"The harm of mangroves, saltmarshes, seagrass meadows, coastal dunes, and other ecological communities within the meaning of Part 5A of the Local Land Services Act 2013, may be carried out on land identified as “coastal wetlands” or “littoral rainforest” on the Coastal Wetlands and Littoral Rainforests Area Map only with development consent.",event,[],[],Node
This Chapter,entity,[],[],Node
the Coastal Management Act 2016,entity,[],[],Node
managing development in the coastal zone and protecting the environmental assets of the coast,event,[],[],Node
environmental assets of the coast,entity,[],[],Node
establishing a framework for land use planning to guide decision-making in the coastal zone,event,[],[],Node
land use planning,entity,[],[],Node
decision-making,entity,[],[],Node
mapping the 4 coastal management areas that comprise the NSW coastal zone,event,[],[],Node
coastal management areas,entity,[],[],Node
NSW coastal zone,entity,[],[],Node
This Chapter applies to land within the coastal zone,event,[],[],Node
the clearing of native vegetation within the meaning of Part 5A of the Local Land Services Act 2013 may be carried out with development consent,event,[],[],Node
Part 5A,entity,[],[],Node
Local Land Services Act 2013,entity,[],[],Node
Clause 2.2 - other (development_control),entity,[],[],Node
a competing provision,entity,[],[],Node
Subsection (1),entity,[],[],Node
Clause 3.1 - other (development_control),entity,[],[],Node
the erection of a new building,entity,[],[],Node
"alterations, enlargement or extension",entity,[],[],Node
development on land wholly in any of the following zones,entity,[],[],Node
Schedule 1 or 2,entity,[],[],Node
development involving a heritage item,entity,[],[],Node
"A competing provision of an environmental planning instrument or development control plan, whenever made, is of no effect to the extent to which the provision aims—",event,[],[],Node
"to reduce consumption of mains-supplied potable water or greenhouse gas emissions related to the use of a building,",event,[],[],Node
"to reduce consumption of mains-supplied potable water or greenhouse gas emissions related to the use of the land on which a building is located,",event,[],[],Node
"to improve the thermal performance of development,",event,[],[],Node
"Subsection (1) does not displace a competing provision to the extent to which the provision applies to part of BASIX development or BASIX optional development that will not be used for residential purposes, or",event,[],[],Node
"Subsection (1) does not apply to a competing provision that encourages, or offers incentives for, the adoption of measures beyond the measures required by provisions of the kind referred to in the definition of competing provision.",event,[],[],Node
"This Chapter applies to development, other than development for the purposes of residential accommodation, that involves—",event,[],[],Node
development on land wholly in any of the following zones—,event,[],[],Node
A standard specified in Schedule 1 or 2 does not apply to development involving a heritage item or in a heritage conservation area to the extent that the Planning Secretary is satisfied that the development is not capable of achieving a standard because of other development controls that apply.,event,[],[],Node
"that involves the erection of a new building, if the development has an estimated development cost of $5 million or more,",event,[],[],Node
"or alterations, enlargement or extension of an existing building, if the development has an estimated development cost of $10 million or more",event,[],[],Node
provision,entity,[],[],Node
environmental planning instrument,entity,[],[],Node
Subsection (1) does not—,event,[],[],Node
subsection 1,entity,[],[],Node
competing provision,entity,[],[],Node
"zones RU1, RU2 or RU3",entity,[],[],Node
Zone E5,entity,[],[],Node
Zone IN3,entity,[],[],Node
"Zones C1, C2 or C3",entity,[],[],Node
"Zones W1, W2, W3 or W4",entity,[],[],Node
standard,entity,[],[],Node
Planning Secretary,entity,[],[],Node
Policy,entity,[],[],Node
Transportation,entity,[],[],Node
State,entity,[],[],Node
The planning document is titled State Environmental Planning Policy (Transport and Infrastructure) 2021.,event,[],[],Node
It is a NSW Legislation.,event,[],[],Node
Such legislation is enacted by the New South Wales Parliament.,event,[],[],Node
The document is named State Environmental Planning Policy (Transport and Infrastructure) 2021.,event,[],[],Node
State Environmental Planning Policy (Transport and Infrastructure) 2021,entity,[],[],Node
The document is located in the directory docs/sepps/.,event,[],[],Node
sepps,entity,[],[],Node
The document is a NSW Legislation pdf file.,event,[],[],Node
provisions,entity,[],[],Node
relevant provisions,entity,[],[],Node
assessment,entity,[],[],Node
detailed objectives,entity,[],[],Node
Marrickville LGA,entity,[],[],Node
environmental heritage,entity,[],[],Node
ecological principles,entity,[],[],Node
This DCP applies to the whole of the Inner West Local Government Area for the extent of land shown on Figure 1 : Extent of land where this DCP applies.,event,[],[],Node
This DCP is to be read in conjunction with Inner West Local Environmental Plan 2022.,event,[],[],Node
"In the event of an inconsistency between the provisions of the two documents, the provisions of Inner West LEP 2022 shall prevail to the extent of the inconsistency.",event,[],[],Node
The purpose of this DCP is to supplement the provisions of Inner West LEP 2022 and provide more detailed provisions to guide development.,event,[],[],Node
"Under Section 4.15 of the EP & A Act, Council is required to consider the relevant provisions of this DCP when assessing a development application.",event,[],[],Node
Build upon Inner West LEP 2022 by providing detailed objectives and controls for development.,event,[],[],Node
To maintain and enhance the environmental and cultural heritage of the Marrickville LGA.,event,[],[],Node
"To ensure that development considers the principles of ecologically sustainable development, in particular energy, water and stormwater efficiency, solar access, waste reduction and local biodiversity.",event,[],[],Node
This DCP applies to the whole of the Inner West Local Government Area for the extent of land shown on Figure 1,event,[],[],Node
This DCP is to be read in conjunction with Inner West Local Environmental Plan 2022,event,[],[],Node
The provisions of Inner West LEP 2022 shall prevail to the extent of the inconsistency,event,[],[],Node
the provisions of this DCP,entity,[],[],Node
The purpose of this DCP is to supplement the provisions of Inner West LEP 2022 and provide more detailed provisions to guide development,event,[],[],Node
Council is required to consider the relevant provisions of this DCP when assessing a development application,event,[],[],Node
Build upon Inner West LEP 2022 by providing detailed objectives and controls for development,event,[],[],Node
To maintain and enhance the environmental and cultural heritage of the Marrickville LGA,event,[],[],Node
the Marrickville LGA,entity,[],[],Node
drainage systems,entity,[],[],Node
site plan,entity,[],[],Node
existing and proposed ground and floor levels,entity,[],[],Node
surface flow path treatment,entity,[],[],Node
easements required,entity,[],[],Node
Development Application means an application made under the Environmental Planning and Assessment Act 1979 for consent or permission to carry out development.,event,[],[],Node
Stormwater Drainage Concept Plan (SDCP) is a site plan of a development demonstrating the feasibility of the proposed drainage systems within the site,event,[],[],Node
An application is made under the Environmental Planning and Assessment Act 1979 for consent or permission to carry out development.,event,[],[],Node
A site plan of a development demonstrating the feasibility of the proposed drainage systems within the site and connection to Council's system is created.,event,[],[],Node
"The Stormwater Drainage Concept Plan includes existing and proposed ground and floor levels, surface flow path treatment, easements required, on-site detention storages, and details of internal piped systems.",event,[],[],Node
good urban design,entity,[],[],Node
substantial development,entity,[],[],Node
public environment,entity,[],[],Node
This section ensures good urban design is integral to all substantial development,event,[],[],Node
it impacts the public environment,event,[],[],Node
clause,entity,[],[],Node
urban_design,entity,[],[],Node
substantial_development,entity,[],[],Node
Clause 2.10 - parking (development_control),entity,[],[],Node
provision of car and bicycle parking,entity,[],[],Node
most constrained car parking rates,entity,[],[],Node
least constrained car parking rates,entity,[],[],Node
Section 2.10.4,entity,[],[],Node
The three Parking Areas,entity,[],[],Node
Appendix 1,entity,[],[],Node
the map of the three Parking Areas,entity,[],[],Node
car parking rate,entity,[],[],Node
demand on-site,entity,[],[],Node
bicycle parking provision rates,entity,[],[],Node
the LGA,entity,[],[],Node
RMS Guide to Traffic Generating Developments (2002),entity,[],[],Node
parking provision rates,entity,[],[],Node
This section of the DCP guides the provision of car and bicycle parking and their design for private developments.,event,[],[],Node
Parking policy is an important component of promoting sustainable transport and planning for liveable and economically viable communities.,event,[],[],Node
To provide for current and future demand for bicycle parking and to ensure bicycle parking is well designed and located.,event,[],[],Node
"In larger developments, and in some smaller developments where appropriate, a key action for improved management of parking is prioritising targeted users of parking space - for efficiency, equity and environmental reasons.",event,[],[],Node
"It prescribes different car parking provision rates for three sub-sections of the LGA - highly accessible areas, moderately accessible areas and least accessible areas.",event,[],[],Node
"To balance the need to meet car parking demand on-site to avoid excessive spillover on to streets , with the need to constrain parking to maintain the area’s compact urban form and promote sustainable transport.",event,[],[],Node
Car parking rates are most constrained in Parking Area 1 and least constrained in Parking Area 3.,event,[],[],Node
"For bicycles, provision rates are prescribed uniformly across the where this DCP applies.",event,[],[],Node
Contemporary policies also meet current demand and allow for future demand for bicycle parking a nd parking for carshare and environmental vehicles.,event,[],[],Node
"RMS Guide to Traffic Generating Developments ( 2002 ), which provides guidance on parking provision rates, whilst re cognising the need to reduce those rates in accessible areas in the interests of applying travel demand management principles,",event,[],[],Node
private developments,entity,[],[],Node
"It prescribes different car parking provision rates for three sub-sections of the LGA - highly accessible areas (Parking Area 1), moderately accessible areas (Parking Area 2) and least accessible areas (Parking Area 3).",event,[],[],Node
Parking Area 2,entity,[],[],Node
bicycles,entity,[],[],Node
"To balance the need to meet car parking demand on-site to avoid excessive spillover on to streets, with the need to constrain parking to maintain the area’s compact urban form and promote sustainable transport.",event,[],[],Node
urban form,entity,[],[],Node
parking policy,entity,[],[],Node
communities,entity,[],[],Node
Contemporary policies also meet current demand and allow for future demand for bicycle parking and parking for carshare and environmental vehicles.,event,[],[],Node
policies,entity,[],[],Node
carshare,entity,[],[],Node
environmental vehicles,entity,[],[],Node
"RMS Guide to Traffic Generating Developments (2002), which provides guidance on parking provision rates, whilst recognising the need to reduce those rates in accessible areas in the interests of applying travel demand management principles,",event,[],[],Node
RMS Guide,entity,[],[],Node
specific detail for fencing in heritage conservation areas,entity,[],[],Node
existing fences,entity,[],[],Node
new fences,entity,[],[],Node
fences over 1.2 meters high,entity,[],[],Node
visibility,entity,[],[],Node
fences on sloping sites,entity,[],[],Node
high solid walls and fences,entity,[],[],Node
aluminium panel fencing,entity,[],[],Node
Specific detail for fencing in heritage conservation areas is provided in Part 8 (Heritage) of this DCP.,event,[],[],Node
NB Specific detail for fencing in heritage conservation areas (HCAs) is provided in Part 8 (Heritage) of this DCP.,event,[],[],Node
"Modifications to the fence of a heritage item, period building or within a heritage conservation area must be designed in a manner which contributes to the historic style of the building and streetscape context.",event,[],[],Node
Existing fences must be retained where they are consistent with the period style of the building.,event,[],[],Node
"Any new fences must be consistent with the traditional designs used in the area, but using simpler detailing.",event,[],[],Node
Fences over 1.2 metres high are generally inappropriate as they reduce visibility of the garden setting and the heritage item or period building.,event,[],[],Node
"On sloping sites, fences may rise to a maximum 1.5 metres before stepping down to 1.2 metres or less.",event,[],[],Node
High solid walls and fences must be avoided as they detract from the streetscape and impede passive surveillance.,event,[],[],Node
"New fences must be finished in dark or recessive materials and surfaces, and aluminium panel fencing must be avoided.",event,[],[],Node
Specific detail for fencing in heritage conservation areas is provided in Part 8 of this DCP.,event,[],[],Node
This DCP,entity,[],[],Node
Modifications to the fence of a heritage item must be designed in a manner which contributes to the historic style of the building and streetscape context.,event,[],[],Node
garden settings,entity,[],[],Node
sloping sites,entity,[],[],Node
high solid walls,entity,[],[],Node
surfaces,entity,[],[],Node
architectural features,entity,[],[],Node
advertising signs,entity,[],[],Node
retail strips,entity,[],[],Node
effectiveness of advertising,entity,[],[],Node
design quality,entity,[],[],Node
compatibility with architectural design,entity,[],[],Node
local streetscape,entity,[],[],Node
visual prominence and integrity of the roof,entity,[],[],Node
"These provisions are intended to protect the significant characteristics of retail/commercial strips, neighbourhoods, buildings, streetscapes, vistas and the skyline.",event,[],[],Node
Clause 2.12 specifies Council’s objectives and requirements for the erection and display of advertising signs.,event,[],[],Node
"Advertising signs clearly indicate retail and commercial uses, and contribute to lively retail strips.",event,[],[],Node
"However, too much signage creates visual clutter, detracts from the streetscape quality and reduces the effectiveness of advertising.",event,[],[],Node
"To ensure all advertising achieves a high level of design quality and is compatible with the architectural design of the host building, the character of the streetscape and the size and juxtaposition of other signs in the immediate vicinity.",event,[],[],Node
To ensure signage does not dominate or detract from the architectural features of the building and from the white-way lighting found along some retail strips.,event,[],[],Node
"To ensure advertising does not cause amenity loss, or have a detrimental effect on the natural or built environment or the safety, appearance or efficiency of any public area.",event,[],[],Node
Clause 2.12.1 specifies requirements for signage to ensure its compatibility with road safety principles.,event,[],[],Node
To ensure the location and design of signs are consistent with road safety principles.,event,[],[],Node
"To ensure the use of corporate logos, colour and illumination schemes in signage are compatible with the architecture of the host building and do not adversely impact upon the local streetscape.",event,[],[],Node
To ensure signage retains the visual prominence and integrity of the roof and silhouette form of the business centre.,event,[],[],Node
Clause 2.12.1 specifies requirements for signage to be compatible with the architectural design of the host building.,event,[],[],Node
retail/commercial strips,entity,[],[],Node
neighbourhoods,entity,[],[],Node
the skyline,entity,[],[],Node
"Advertising signs clearly indicate retail and commercial uses, and contribute to lively retail streets.",event,[],[],Node
retail and commercial uses,entity,[],[],Node
lively retail streets,entity,[],[],Node
"Too much signage creates visual clutter, detracts from the streetscape quality and reduces the effectiveness of advertising.",event,[],[],Node
visual clutter,entity,[],[],Node
streetscape quality,entity,[],[],Node
advertising,entity,[],[],Node
all advertising,entity,[],[],Node
architectural design,entity,[],[],Node
white-way lighting,entity,[],[],Node
amenity loss,entity,[],[],Node
natural environment,entity,[],[],Node
public area,entity,[],[],Node
road safety principles,entity,[],[],Node
corporate logos,entity,[],[],Node
colour,entity,[],[],Node
illumination schemes,entity,[],[],Node
architecture,entity,[],[],Node
silhouette form,entity,[],[],Node
business centre,entity,[],[],Node
Biodiversity Map,entity,[],[],Node
The proposed development involves any work that will disturb or reduce existing pervious surface area of a site by more than 25%.,event,[],[],Node
Bandicoot Protection Area,entity,[],[],Node
work,entity,[],[],Node
existing pervious surface area,entity,[],[],Node
distinctive environmental features,entity,[],[],Node
outlook,entity,[],[],Node
structures,entity,[],[],Node
colours and materials,entity,[],[],Node
vegetation,entity,[],[],Node
clearing of vegetation,entity,[],[],Node
Thornley Street scenic protection area,entity,[],[],Node
potential adverse environmental impact,entity,[],[],Node
"scale compatible with the character, landscape and scenic qualities of the area",entity,[],[],Node
The following objectives apply to land that contains unique environmental features.,event,[],[],Node
Additional objectives and controls also apply to land in the Thornley Street Scenic Protection Area.,event,[],[],Node
Development must be designed to address any distinctive environmental features of the site or on adjoining nearby land.,event,[],[],Node
"Development must respond to these features by appropriately considering outlook, the location of structures, design and materials.",event,[],[],Node
Clearing of vegetation must be minimised and colours and materials selected that integrate with the characteristics of the area.,event,[],[],Node
Development within the scenic protection area must be designed and located to minimise potential adverse environmental impact.,event,[],[],Node
"The Thornley Street scenic protection area is an area with unique environmental features and has been identified for its landscape, cultural and scenic qualities.",event,[],[],Node
"Development within the scenic protection area must be: of a scale compatible with the character, landscape and scenic qualities of the area.",event,[],[],Node
Development adjoining public open space must be set back from open space and be of a height and scale appropriate to the unique environmental qualities of the area.,event,[],[],Node
"The following objectives, controls and design solutions apply to land that contains unique environmental features.",event,[],[],Node
nearby land,entity,[],[],Node
colours,entity,[],[],Node
cultural,entity,[],[],Node
scenic qualities,entity,[],[],Node
"Of a scale compatible with the character, landscape and scenic qualities of the area",event,[],[],Node
information about energy efficiency,entity,[],[],Node
The planning document is located in Marrickville.,event,[],[],Node
Marrickville DCP 2011 - 2 16 Energy Efficiency.pdf is a document related to energy efficiency.,event,[],[],Node
The document is called Marrickville DCP 2011 - 2 16 Energy Efficiency.pdf.,event,[],[],Node
It is located in docs/dcps/INNERWEST/Marrickville.,event,[],[],Node
Planning Document: docs/dcps/INNERWEST/Marrickville/Marrickville DCP 2011 - 2 16 Energy Efficiency.pdf,event,[],[],Node
Inner West,entity,[],[],Node
targets,entity,[],[],Node
potable water,entity,[],[],Node
fittings,entity,[],[],Node
appliances,entity,[],[],Node
urban stormwater,entity,[],[],Node
wastewater,entity,[],[],Node
WSUD,entity,[],[],Node
microclimates,entity,[],[],Node
fauna,entity,[],[],Node
stormwater management,entity,[],[],Node
flood control approach,entity,[],[],Node
BASIX policy,entity,[],[],Node
water use fittings,entity,[],[],Node
standards,entity,[],[],Node
Treat stormwater so that the area reaches the relevant stormwater quality targets for stormwater reuse and/or stormwater entering receiving waters.,event,[],[],Node
"Reduce the consumption of potable water through water efficient fittings and appliances, rainwater harvesting and wastewater reuse.",event,[],[],Node
"Use rainwater, treated urban stormwater or treated wastewater for non-potable uses where appropriate.",event,[],[],Node
"Implement WSUD into the public and private domain for multiple benefits, including improving microclimates, improving habitat for local fauna and maximising the visual and recreational amenity of urban development.",event,[],[],Node
Shift the focus of water management from the traditional flood control approach to a sustainable stormwater management approach.,event,[],[],Node
Specific developments are required to meet water conservation and stormwater quality targets that have been established for land where this DCP applies.,event,[],[],Node
All buildings not covered by the State Environmental Planning Policy - BASIX: that are installing any water use fittings must meet minimum standards defined by the Water Efficiency Labelling and Standards (WELS) Scheme.,event,[],[],Node
private domain,entity,[],[],Node
habitat,entity,[],[],Node
urban development,entity,[],[],Node
water management,entity,[],[],Node
flood control,entity,[],[],Node
residential buildings,entity,[],[],Node
All buildings not covered by the State Environmental Planning Policy - BASIX: i. that are installing any water use fittings must meet minimum standards defined by the Water Efficiency Labelling and Standards (WELS) Scheme.,event,[],[],Node
WELS Scheme,entity,[],[],Node
landscape d areas,entity,[],[],Node
softer and more interesting street presentation,entity,[],[],Node
green corridors,entity,[],[],Node
retention of indigenous vegetation,entity,[],[],Node
green roofs and green walls,entity,[],[],Node
To ensure industrial sites have adequate landscape d areas to present a softer and more interesting street presentation and to facilitate rainwater infiltration.,event,[],[],Node
To create a vegetated buffer between residential and industrial uses,event,[],[],Node
"To encourage green corridors and to require the retention of indigenous vegetation – and, in the case of new plantings, to encourage planting locally indigenous species.",event,[],[],Node
To create a vegetated buffer between residential and industrial uses.,event,[],[],Node
residential,entity,[],[],Node
industrial,entity,[],[],Node
danger to life,entity,[],[],Node
detention,entity,[],[],Node
retention,entity,[],[],Node
pipe system,entity,[],[],Node
development drainage systems,entity,[],[],Node
The flow of stormwater from developments needs to be managed,event,[],[],Node
to negate or reduce to an acceptable frequency the possibility of flooding buildings and/or the danger to life at any location,event,[],[],Node
the flow of stormwater from developments needs to be managed so as to negate or reduce to an acceptable frequency the possibility of flooding buildings and/or the danger to life at any location,event,[],[],Node
through the storage of stormwater where appropriate in developments,event,[],[],Node
and the control of major development drainage systems,event,[],[],Node
"Attached Dwellings, Dwelling Houses, Secondary Dwellings and Semi-Detached Dwellings are affected by Clause 2.25.2",event,[],[],Node
they are types of land use mentioned in the clause,event,[],[],Node
"Multi-Dwelling Housing, Residential Flat Buildings and Shop Top Housing are also affected by Clause 2.25.2",event,[],[],Node
they are other types of land use mentioned in the clause,event,[],[],Node
"Commercial, Industrial, and Institutional uses are exempt from Clause 2.25.2",event,[],[],Node
they are explicitly excluded from the clause,event,[],[],Node
On Site Detention is required for developments under Clause 2.25.2,event,[],[],Node
"it is mentioned as a requirement in the clause with a reference number (3, 6)",event,[],[],Node
On Site Retention is also required for developments under Clause 2.25.2,event,[],[],Node
"it is mentioned as a requirement in the clause with a reference number (3, 8)",event,[],[],Node
Gravity Pipe System is necessary for developments under Clause 2.25.2,event,[],[],Node
it is explicitly stated as a required system in the clause with a reference number (4),event,[],[],Node
The flow of stormwater from developments needs to be managed so as to negate or reduce to an acceptable frequency the possibility of flooding buildings and/or the danger to life at any location,event,[],[],Node
The storage of stormwater where appropriate in developments is necessary,event,[],[],Node
Major development drainage systems need to be controlled,event,[],[],Node
"Attached Dwellings, Dwelling Houses, Secondary Dwellings and Semi-Detached Dwellings require stormwater management",event,[],[],Node
Attached Dwellings,entity,[],[],Node
Dwelling Houses,entity,[],[],Node
Secondary Dwellings,entity,[],[],Node
Semi-Detached Dwellings,entity,[],[],Node
"Multi-Dwelling Housing, Residential Flat Buildings and Shop Top Housing require stormwater management",event,[],[],Node
Multi-Dwelling Housing,entity,[],[],Node
Residential Flat Buildings,entity,[],[],Node
Shop Top Housing,entity,[],[],Node
"Commercial, Industrial and Institutional developments require stormwater management",event,[],[],Node
Commercial,entity,[],[],Node
Institutional,entity,[],[],Node
restoration,entity,[],[],Node
site and context analysis,entity,[],[],Node
appreciation of site,entity,[],[],Node
opportunities,entity,[],[],Node
constraints,entity,[],[],Node
"This DCP encourages restoration, sympathetic alterations and additions and infill development that retains and enhances the area where this DCP applies unique character.",event,[],[],Node
Front setbacks and front projections,event,[],[],Node
Side setbacks,event,[],[],Node
"Designs for new buildings, or additions which will be visible from the street, should incorporate those features to ensure consistency with the streetscape.",event,[],[],Node
A site and context analysis must be submitted for all new development excluding internal alterations and minor external alterations and additions.,event,[],[],Node
"The site and context analysis must demonstrate an appreciation of the site and its context, and the opportunities and constraints on the layout and design of the site.",event,[],[],Node
"The site and context analysis must demonstrate that the development will integrate within the streetscape when considering scale, proportion and massing.",event,[],[],Node
"The site and context analysis must demonstrate that the building is well proportioned, both as an individual element and within the streetscape.",event,[],[],Node
internal alterations,entity,[],[],Node
minor external alterations,entity,[],[],Node
context,entity,[],[],Node
layout,entity,[],[],Node
proportion,entity,[],[],Node
massing,entity,[],[],Node
ease of use and comfort,entity,[],[],Node
legible design and wayfinding features,entity,[],[],Node
DDA,entity,[],[],Node
public places to be inaccessible to people with a disability,entity,[],[],Node
The DDA also makes it unlawful for public places to be inaccessible to people with a disability.,event,[],[],Node
entrances,entity,[],[],Node
gradients,entity,[],[],Node
rest areas,entity,[],[],Node
"Opportunities for access through principal entrances of buildings and facilities,",event,[],[],Node
public places,entity,[],[],Node
It seeks to ensure that people with a disability have the same rights to equality before the law as the rest of the community.,event,[],[],Node
law,entity,[],[],Node
New development,entity,[],[],Node
Australian Standard,entity,[],[],Node
"Australian Standard AS 2021 Acoustics – aircraft noise intrusion – building, siting and construction",entity,[],[],Node
ANEF,entity,[],[],Node
Acoustic measures,entity,[],[],Node
New dwellings close to high noise sources,entity,[],[],Node
noise sources,entity,[],[],Node
"Child care centres, educational establishments, hospitals, places of public worship and residential accommodation close to busy roads and rail lines",entity,[],[],Node
Australian Standards and SEPPs,entity,[],[],Node
"Decks, balconies and verandas alongside boundaries and noisy walking surfaces or elevated side passages",entity,[],[],Node
residential building,entity,[],[],Node
Recreational facilities such as swimming pools and barbecue areas,entity,[],[],Node
bedroom areas,entity,[],[],Node
Private open spaces of new residential development,entity,[],[],Node
users,entity,[],[],Node
New development on land within an ANEF affected area must be designed and constructed in accordance with the relevant Australian Standard and other guidelines issued by relevant agencies and authorities,event,[],[],Node
"Australian Standard AS 2021 Acoustics – aircraft noise intrusion – building, siting and construction provides standards for noise attenuation of buildings located within an ANEF affected area",event,[],[],Node
The introduction of acoustic measures to reduce aircraft noise must not unacceptably detract from the streetscape value of individual buildings,event,[],[],Node
"New dwellings close to high noise sources such as busy roads, rail lines and industry must be designed to locate habitable rooms and private open spaces away from noise sources or protect those areas with appropriate noise shielding devices",event,[],[],Node
"Development for the purpose of child care centres, educational establishments, hospitals, places of public worship and residential accommodation close to busy roads and rail lines must also comply with the relevant Australian Standards and State Environmental Planning Policies (SEPPs)",event,[],[],Node
"Decks, balconies and verandas alongside boundaries and noisy walking surfaces or elevated side passages must be avoided where they face a residential building",event,[],[],Node
Recreational facilities such as swimming pools and barbecue areas must be located away from the bedroom areas of adjoining dwellings,event,[],[],Node
Private open spaces of new residential development must be located and designed to offer a reasonable level of privacy for their users,event,[],[],Node
ANEF affected area,entity,[],[],Node
Relevant agencies and authorities,entity,[],[],Node
Australian Standard AS 2021 Acoustics,entity,[],[],Node
Aircraft noise intrusion,entity,[],[],Node
Aircraft noise,entity,[],[],Node
Streetscape value,entity,[],[],Node
Individual buildings,entity,[],[],Node
New dwellings,entity,[],[],Node
High noise sources,entity,[],[],Node
Busy roads,entity,[],[],Node
Rail lines,entity,[],[],Node
Industry,entity,[],[],Node
Habitable rooms,entity,[],[],Node
Private open spaces,entity,[],[],Node
Noise sources,entity,[],[],Node
Educational establishments,entity,[],[],Node
Hospitals,entity,[],[],Node
Places of public worship,entity,[],[],Node
Residential accommodation,entity,[],[],Node
Australian Standards,entity,[],[],Node
State Environmental Planning Policies (SEPPs),entity,[],[],Node
"Decks, balconies and verandas along side boundaries and noisy walking surfaces or elevated side passages must be avoided where they face a residential building",event,[],[],Node
Decks,entity,[],[],Node
Balconies,entity,[],[],Node
Verandas,entity,[],[],Node
Residential building,entity,[],[],Node
Recreational facilities,entity,[],[],Node
Swimming pools,entity,[],[],Node
Barbecue areas,entity,[],[],Node
Bedroom areas,entity,[],[],Node
New residential development,entity,[],[],Node
Users,entity,[],[],Node
overshadowing of internal and external spaces,entity,[],[],Node
building work,entity,[],[],Node
adjoining or nearby sites,entity,[],[],Node
energy efficiency,entity,[],[],Node
passive solar design,entity,[],[],Node
the use of buildings,entity,[],[],Node
neighbours,entity,[],[],Node
Clause 2.7.1,entity,[],[],Node
PV panels and solar hot water systems,entity,[],[],Node
shadow diagrams,entity,[],[],Node
June 21 at hourly intervals between 9.00am and 3.00pm from Clause C1,entity,[],[],Node
windows of principal living areas and principal areas of open space,entity,[],[],Node
between 9.00am and 3.00pm on June 21,entity,[],[],Node
Retaining direct solar access and avoiding detrimental overshadowing of internal and external spaces are significant concerns for residents where building work is proposed on adjoining or nearby sites,event,[],[],Node
"To promote energy efficiency in the design, construction and use of buildings",event,[],[],Node
To encourage the use of passive solar design,event,[],[],Node
To protect solar access enjoyed by neighbours,event,[],[],Node
To ensure PV panels and solar hot water systems are located and placed to receive maximum exposure to sunlight,event,[],[],Node
Shadow diagrams must show the effect in plan and elevation view of existing and proposed overshadowing for June 21 at hourly intervals between 9.00am and 3.00pm.,event,[],[],Node
Direct solar access to windows of principal living areas and principal areas of open space of nearby residential accommodation must:,event,[],[],Node
Not be reduced to less than two hours between 9.00am and 3.00pm on 21 June,event,[],[],Node
construction,entity,[],[],Node
use of buildings,entity,[],[],Node
Shadow diagrams must show the effect in plan and elevation view of existing and proposed overshadowing for June 21 at hourly intervals between 9.00am and 3.00pm,event,[],[],Node
June 21,entity,[],[],Node
elevation view,entity,[],[],Node
Direct solar access to windows of principal living areas and principal areas of open space of nearby residential accommodation must not be reduced to less than two hours between 9.00am and 3.00pm on 21 June,event,[],[],Node
principal areas of open space,entity,[],[],Node
nearby residential accommodation,entity,[],[],Node
proposals,entity,[],[],Node
A SIC or SIS is required with any development application if Council believes a proposed development is likely to have a significant impact on the community.,event,[],[],Node
Council needs to consider Section 4.15 of the Environmental Planning and Assessment Act 1979 (EP&A Act) and the Inner West Local Environmental Plan 2022 (IWLEP 2022) and policies.,event,[],[],Node
To ensure proposals are considered in accordance with Section 4.15 of the Environmental Planning and Assessment Act 1979 (EP&A Act) and the Inner West Local Environmental Plan 2022 (IWLEP 2022) and policies.,event,[],[],Node
Proposals,entity,[],[],Node
Section 4.15 of the Environmental Planning and Assessment Act 1979 (EP&A Act),entity,[],[],Node
The Inner West Local Environmental Plan 2022 (IWLEP 2022),entity,[],[],Node
Policies,entity,[],[],Node
Proposed Development,entity,[],[],Node
Section 2.9.5,entity,[],[],Node
formal crime risk assessment process,entity,[],[],Node
CPTED principles,entity,[],[],Node
"laneways, alleyways, parks and open spaces",entity,[],[],Node
those areas,entity,[],[],Node
"Assessing all applications against basic CPTED design principles,",event,[],[],Node
Undertaking a crime risk assessment for specifically identified development types.,event,[],[],Node
This section of the DCP sets out detailed objectives and controls for CPTED against which Council will assess all developments.,event,[],[],Node
To minimise unintended or unauthorised access to any premises by the appropriate design and location of built and natural elements.,event,[],[],Node
"Access control uses physical and symbolic barriers to attract, channel or restrict the movement of people in order to make it clear where people are permitted to go or not go.",event,[],[],Node
Assessing all applications against basic CPTED design principles,event,[],[],Node
Undertaking a crime risk assessment for specifically identified development types,event,[],[],Node
Development Types,entity,[],[],Node
Sets out detailed objectives and controls for CPTED against which Council will assess all developments,event,[],[],Node
Section of the DCP,entity,[],[],Node
Subjecting development types to a formal crime risk assessment process under Section 2.9.5,event,[],[],Node
Ensuring all development applications are assessed against the four core CPTED principles to enhance community safety,event,[],[],Node
"Encouraging development which adjoins laneways, alleyways, parks and open spaces or other public areas to contribute to the safety of those areas by maximising opportunities for surveillance",event,[],[],Node
Encouraging the use of external lighting to improve the safety and security of property by increasing opportunities for casual surveillance and deterring illegal access,event,[],[],Node
Properties,entity,[],[],Node
Minimising unintended or unauthorised access to any premises by the appropriate design and location of built and natural elements,event,[],[],Node
Premises,entity,[],[],Node
Built and Natural Elements,entity,[],[],Node
"Using physical and symbolic barriers to attract, channel or restrict the movement of people in order to make it clear where people are permitted to go or not go",event,[],[],Node
Access Control,entity,[],[],Node
People,entity,[],[],Node
subdivision,entity,[],[],Node
significant features,entity,[],[],Node
issues,entity,[],[],Node
easements,entity,[],[],Node
application,entity,[],[],Node
vehicle access,entity,[],[],Node
Stat e roads,entity,[],[],Node
road widening purposes,entity,[],[],Node
"vehicles, pedestrians and cyclists",entity,[],[],Node
footpath area,entity,[],[],Node
boundary adjustment,entity,[],[],Node
continuing use on the newly proposed lots,entity,[],[],Node
Subdivision is defined as development that seeks division of land into two or more parts.,event,[],[],Node
"Under the Environmental Planning and Assessment Act, 1979 (EP&A Act),",event,[],[],Node
Subdivision must not compromise the significant features of the existing site or adjoining sites.,event,[],[],Node
Applicants must demonstrate that issues have been considered in the preparation of the subdivision application.,event,[],[],Node
"Subdivision or site amalgamation must not compromise the significant features of the existing site or adjoining sites,",event,[],[],Node
Site topography and other natural and physical features of the land must be considered.,event,[],[],Node
"Existing services, Existing vegetation, Existing easements or the need for any new easements,",event,[],[],Node
Corner properties must have splayed corners for road widening purposes.,event,[],[],Node
"Splays will generally be as follows: 3 metres x 3 metres at street and street corner,",event,[],[],Node
Development consent must be sought for any continuing use on the newly proposed lots.,event,[],[],Node
When a proposal involves boundary adjustment or excision of land where it is proposed to continue existing uses:,event,[],[],Node
The arrangement of new lot boundaries must not create any non-compliances with any controls within this DCP.,event,[],[],Node
"Development consent, by way of a new application must be sought for any continuing use on the newly proposed lots,",event,[],[],Node
parts,entity,[],[],Node
"Subdivision must not compromise the significant features of the existing site or adjoining sites, including streetscape, landscape features, trees, fences and rocky outcrops.",event,[],[],Node
rocky outcrops,entity,[],[],Node
Applicants must demonstrate that the following issues have been considered in the preparation of the subdivision or amalgamation application.,event,[],[],Node
amalgamation application,entity,[],[],Node
site topography,entity,[],[],Node
natural and physical features of the land,entity,[],[],Node
existing services,entity,[],[],Node
"Corner properties must have splayed corners for road widening purposes and to improve sight lines at intersections for vehicles, pedestrians and cyclists.",event,[],[],Node
newly proposed lots,entity,[],[],Node
lot boundaries,entity,[],[],Node
The document is titled Marrickville DCP 2011.,event,[],[],Node
It was adopted by the Marrickville Council in 2011.,event,[],[],Node
The document was adopted by the Marrickville Council in 2011.,event,[],[],Node
"Councillor Sam Iskandar, Mayor of Marrickville at the time, welcomed the adoption of the DCP.",event,[],[],Node
The Marrickville Council had been working on the development control plan for several years prior to its adoption.,event,[],[],Node
He believed that it would provide a framework for sustainable development in Marrickville.,event,[],[],Node
Planning Document: docs/dcps/INNERWEST/Marrickville/Marrickville DCP 2011 - 4 0 Cover.pdf is available for reference.,event,[],[],Node
The document is located in the folder docs/dcps/INNERWEST/Marrickville/,event,[],[],Node
The DCP 2011 - 4 0 Cover.pdf file is referenced.,event,[],[],Node
DCP 2011 - 4 0 Cover.pdf,entity,[],[],Node
Clause 4.2,entity,[],[],Node
core controls,entity,[],[],Node
Section 4.2,entity,[],[],Node
other relevant sections,entity,[],[],Node
existing zoning,entity,[],[],Node
BASIX SEPP,entity,[],[],Node
energy and water efficiency,entity,[],[],Node
principles of ecologically sustainable development,entity,[],[],Node
amenity for neighbours,entity,[],[],Node
minimal impact on neighbouring/adjoining properties,entity,[],[],Node
building location and design,entity,[],[],Node
use of public transport,entity,[],[],Node
driveways or garages,entity,[],[],Node
view of the development,entity,[],[],Node
Clause 4.2 provides core controls and objectives relevant to multi dwelling housing and residential flat buildings.,event,[],[],Node
"It must be consulted in conjunction with other relevant sections of the DCP that provide applicable controls and objectives like parking, landscaping, fencing or solar access.",event,[],[],Node
State Environmental Planning Policy (Building Sustainability Index: BASIX) 2004 (BASIX SEPP) requires new residential developments to be energy and water efficient.,event,[],[],Node
"To maintain a reasonable level of amenity for neighbours by ensuring development has minimal impact on neighbouring/adjoining properties in terms of building dominance (bulk and scale), overshadowing and privacy (both visual and acoustic).",event,[],[],Node
"To consider building location, design and car parking in order to maximize use of public transport.",event,[],[],Node
"Ensure new development maintains the same setback and enhances the streetscape character of the locality,",event,[],[],Node
Ensure driveways or garages do not dominate the view of the development from the street and consider alternative modes of transport and car share options to reduce on-site parking.,event,[],[],Node
Section 4.2 provides core controls and objectives relevant to multi dwelling housing and residential flat buildings.,event,[],[],Node
residential developments,entity,[],[],Node
driveways,entity,[],[],Node
garages,entity,[],[],Node
MDCP,entity,[],[],Node
Plan of Management,entity,[],[],Node
Section 4.1,entity,[],[],Node
multi dwelling housing and residential flat buildings,entity,[],[],Node
Section 5,entity,[],[],Node
commercial and mixed use development,entity,[],[],Node
minimum access requirements for boarding houses,entity,[],[],Node
solar access requirements for boarding houses,entity,[],[],Node
Table 1,entity,[],[],Node
car parking requirements for boarding houses,entity,[],[],Node
A Plan of Management is required for a boarding house.,event,[],[],Node
In accordance with A.2.6 of MDCP 2011,event,[],[],Node
Development applications for boarding houses in the R2 – Low Density Residential zone will be assessed in accordance with the relevant controls in Section 4.1.,event,[],[],Node
"Development applications for boarding houses in the R1 – General Residential, R3 – Medium Density Residential and R4 – High Density Residential zones will be assessed in accordance with the relevant controls in Section 4.2.",event,[],[],Node
"Development applications for boarding houses in the B1 - Neighbour hood Centre Zone, B2 - Local Centre Zone and B4 - Mixe d Use zones will be assessed in accordance with the relevant controls in Section 5.",event,[],[],Node
Car parking requirements for boarding houses are lower than for residential flat buildings to reflect an expected lower car ownership rate and to facilitate housing affordability.,event,[],[],Node
A Plan of Management is required for a boarding house in accordance with A.2.6 of MDCP 2011,event,[],[],Node
MDCP 2011,entity,[],[],Node
Development applications for boarding houses in the R2 – Low Density Residential zone will be assessed in accordance with Section 4.1 and Section 4.3,event,[],[],Node
Section 4.3,entity,[],[],Node
"Development applications for boarding houses in the R1 – General Residential, R3 – Medium Density Residential and R4 – High Density Residential zones will be assessed in accordance with Section 4.2 and Section 4.3",event,[],[],Node
"Development applications for boarding houses in the B1 - Neighbourhood Centre Zone, B2 - Local Centre Zone and B4 - Mixed Use zones will be assessed in accordance with Section 5 and Section 4.3",event,[],[],Node
Minimum access requirements for boarding houses are provided in Section 2.5.10,event,[],[],Node
Car parking requirements for boarding houses are detailed in Table 1 in Section 2.10 Parking and parking provision rates for boarding houses are lower than for residential flat buildings,event,[],[],Node
Section 2.10 Parking,entity,[],[],Node
Energy efficiency requirements for boarding houses are detailed in Section 4.3.3,event,[],[],Node
Section 4.3.3,entity,[],[],Node
Council's POM Template,entity,[],[],Node
development_application,entity,[],[],Node
relevant controls in Section 4.1,entity,[],[],Node
objectives and controls in Section 4.3,entity,[],[],Node
R2 - Low Density Residential zone,entity,[],[],Node
"R1 - General Residential, R3 - Medium Density Residential and R4 - High Density Residential zones",entity,[],[],Node
"B1 - Neighbourhood Centre Zone, B2 - Local Centre Zone and B4 - Mixed Use zones",entity,[],[],Node
energy efficiency requirements,entity,[],[],Node
A Plan of Management is required for a boarding house,event,[],[],Node
Clause 4.3.2 - development_application (development_control),event,[],[],Node
"Development applications for boarding houses in the B1 - Neighbour hood Centre Zone, B2 - Local Centre Zone and B4 - Mixe d Use zones will be assessed",event,[],[],Node
Development applications for boarding houses will be assessed,event,[],[],Node
Solar access requirements fo r boarding houses are detailed in Section 2.7.5.2,event,[],[],Node
Car parking requirements for boarding houses are detailed in Table 1 in Section 2.10 Parking,event,[],[],Node
parking provision rates for boarding houses are lower than for residential flat buildings to reflect an expected lower car ownership rate and to facilitate housing affordability,event,[],[],Node
Energy efficiency requirements fo r boarding houses are detailed in Section 2.16.2,event,[],[],Node
Development applications for boarding houses in R2 – Low Density Residential zone will be assessed,event,[],[],Node
Boarding houses in R2 – Low Density Residential zone,entity,[],[],Node
"Development applications for boarding houses in R1 – General Residential, R3 – Medium Density Residential and R4 – High Density Residential zones will be assessed",event,[],[],Node
Boarding houses in R1 – General Residential,entity,[],[],Node
Boarding houses in R3 – Medium Density Residential,entity,[],[],Node
Boarding houses in R4 – High Density Residential,entity,[],[],Node
"Development applications for boarding houses in B1 - Neighbourhood Centre Zone, B2 - Local Centre Zone and B4 - Mixed Use zones will be assessed",event,[],[],Node
Boarding houses in B1 - Neighbourhood Centre Zone,entity,[],[],Node
Boarding houses in B2 - Local Centre Zone,entity,[],[],Node
Boarding houses in B4 - Mixed Use,entity,[],[],Node
Car parking requirements for boarding houses are detailed and lower than for residential flat buildings,event,[],[],Node
Residential flat buildings,entity,[],[],Node
Energy efficiency requirements for boarding houses are referred to Section 2.16.2,event,[],[],Node
Floor space ratio and height,entity,[],[],Node
height,entity,[],[],Node
Site coverage,entity,[],[],Node
The Floor space ratio and height is discussed in Clause 4.1.6.1.,event,[],[],Node
Clause 4.1.7 deals with parking.,event,[],[],Node
Building setbacks are addressed in Clause 4.1.6.2.,event,[],[],Node
Site coverage is also discussed in Clause 4.1.6.3.,event,[],[],Node
The development control provisions are presented in the clauses.,event,[],[],Node
Floor space ratio and height is an important aspect of development control.,event,[],[],Node
Floor space ratio and height are controlled.,event,[],[],Node
Clause 4.1.6.1 - fsr_control,entity,[],[],Node
Building setbacks are determined.,event,[],[],Node
Clause 4.1.6.2 - setback,entity,[],[],Node
Car parking requirements exist.,event,[],[],Node
Clause 4.1.7,entity,[],[],Node
Height limitations are established.,event,[],[],Node
Clause 4.1.6.1 - height_limit,entity,[],[],Node
Site coverage limits are set.,event,[],[],Node
Clause 4.1.6.3 - setback,entity,[],[],Node
site_coverage,entity,[],[],Node
Clause 5.1.3.2,entity,[],[],Node
Clause 5.1.3.1,entity,[],[],Node
Clause 5.1.3.3,entity,[],[],Node
Clause 5.1.6,entity,[],[],Node
Clause 5.1.1,entity,[],[],Node
Clause 5.1.2,entity,[],[],Node
Type of commercial and mixed use developments,entity,[],[],Node
Clause 5.3.1.3,entity,[],[],Node
The passage describes Clause 5.1.3.2 of the planning document.,event,[],[],Node
It deals with height limits in development control.,event,[],[],Node
Clause 5.1.3.2 addresses height limits.,event,[],[],Node
"Clause 5.1.3.1, which is about floor space ratio (FSR), comes before it.",event,[],[],Node
The passage also mentions Clause 5.1.3.1.,event,[],[],Node
It deals with floor space ratio (FSR) in development control.,event,[],[],Node
Clause 5.1.3.2 follows Clause 5.1.3.1.,event,[],[],Node
Both clauses are part of the development control section.,event,[],[],Node
Another clause mentioned in the passage is Clause 5.1.6.,event,[],[],Node
"It deals with vehicle access, parking, loading and services in development control.",event,[],[],Node
Clause 5.1.3.3 addresses massing and setbacks.,event,[],[],Node
They are related to the height limits dealt with in Clause 5.1.3.2.,event,[],[],Node
The passage also mentions Clause 5.1.6 as part of development control.,event,[],[],Node
"It deals with vehicle access, parking, loading and services.",event,[],[],Node
Clause 5.1.3.2 addresses height limits in development control.,event,[],[],Node
"Massing and setbacks are also regulated, as seen in Clause 5.1.3.3.",event,[],[],Node
"The passage mentions Clause 5.1.6 dealing with vehicle access, parking, loading and services.",event,[],[],Node
It is located in the development control section of the document.,event,[],[],Node
Clause 5.1.2 deals with zoning for commercial and mixed use developments.,event,[],[],Node
Zoning regulations are essential for controlling such developments.,event,[],[],Node
"It comes after the clauses dealing with height limits, FSR, and massing/setbacks.",event,[],[],Node
Clause 5.1.1 deals with heritage issues related to contributory buildings.,event,[],[],Node
Height was controlled by Clause 5.1.3.2,event,[],[],Node
Floor space ratio (FSR) was controlled by Clause 5.1.3.1,event,[],[],Node
Massing and setbacks were controlled by Clause 5.1.3.3,event,[],[],Node
"Vehicle access, parking, loading and services were controlled by Clause 5.1.6",event,[],[],Node
Contributory buildings were considered in Clause 5.1.1,event,[],[],Node
Type of commercial and mixed use developments was controlled by Clause 5.1.2,event,[],[],Node
Environmental protection was considered in Clause 5.3.1.3,event,[],[],Node
commercial zones,entity,[],[],Node
Clause 6.1.1,entity,[],[],Node
streetscape characteristics of the surrounding area,entity,[],[],Node
Clause 6.1.2.1,entity,[],[],Node
existing lots,entity,[],[],Node
plan of consolidation,entity,[],[],Node
space for parking or other purposes,entity,[],[],Node
vehicles associated with the new development,entity,[],[],Node
"where industrial activities are permissible, under the provisions of Inner West LEP 2022",event,[],[],Node
"To encourage design that is of a type, scale, height, bulk and character that is compatible with, and will enhance, the streetscape characteristics of the surrounding area",event,[],[],Node
Where development or use of a number of existing lots is proposed,event,[],[],Node
"the lots must be consolidated into one parcel, and the plan of consolidation lodged with the relevant authority",event,[],[],Node
No part of any site is to be separately leased from the remainder of the property for the purpose of a separate occupation or operation from an approved use,event,[],[],Node
except where the prior development consent of Council has been sought and obtained,event,[],[],Node
"Where there is to be a strata plan of subdivision, any space for parking or other purposes forming a part of a sole occupancy unit must be included in the same strata lot as the unit",event,[],[],Node
"To ensure all loading and unloading, turning movements, queuing and parking of vehicles, including delivery vehicles associated with the new development, occurs wholly within the site",event,[],[],Node
Where there is to be a strata plan of subdivision,event,[],[],Node
streetscape characteristics,entity,[],[],Node
surrounding area,entity,[],[],Node
The lots must be consolidated into one parcel,event,[],[],Node
parcel,entity,[],[],Node
No part of any site is to be separately leased from the remainder of the property for the purpose of a separate occupation or operation,event,[],[],Node
occupation,entity,[],[],Node
operation,entity,[],[],Node
Any space for parking or other purposes forming a part of a sole occupancy unit must be included in the same strata lot as the unit,event,[],[],Node
space,entity,[],[],Node
sole occupancy unit,entity,[],[],Node
"To ensure all loading and unloading, turning movements, queuing and parking of vehicles occurs wholly within the site",event,[],[],Node
childcare centres,entity,[],[],Node
Inner W est LEP 202 2,entity,[],[],Node
Section 5 o f this DCP,entity,[],[],Node
Section 6 of this DCP,entity,[],[],Node
Before submitting a development application applicants are required to refer to the National Quality Framework.,event,[],[],Node
so that these requirements can be incorporated into the design of the child care centre.,event,[],[],Node
Applicants are required to lodge a statement with the development application.,event,[],[],Node
"the proposal will comply with the Education and Care Services National Law 2011 and Regulation 2011, and the National Quality Standard.",event,[],[],Node
Development applications for child care centres in the R2 – Low Density Residential Zone will be assessed.,event,[],[],Node
the relevant controls in Section 4.1 of this DCP relating to low density residential development and the relevant objectives and controls in Section 7.1.,event,[],[],Node
"Development applications for child care centres in the R1 – General Residential Zone, R3 – Medium Density Residential Zone, R4 – High Density Residential Zone , RE1 - Public Recreation and RE2 – Private Recreation Zone will be assessed.",event,[],[],Node
the relevant controls in Section 4.2 of this DCP relating to multi dwelling housing and residential flat buildings and the relevant objectives and controls in Section 7.1.,event,[],[],Node
"Development applications for child care centres in the B1 - Neighbourhood Centre Zone, B2 - Local Centre Zone, B4 - Mixed Use Zone, B5 - Business Development Zone and B7 - Business Park Zone will be assessed.",event,[],[],Node
the relevant controls in Section 5 of this DCP relating to commercial and mixed use development and the relevant objectives and controls in Section 7.1.,event,[],[],Node
Development applications for child care centres in the IN2 – Light Industrial Zone will be assessed.,event,[],[],Node
the relevant controls in Section 6 of this DCP relating to industrial development and the relevant objectives and controls in Section 7.1.,event,[],[],Node
Childcare centres are permitted with consent in certain zones.,event,[],[],Node
Applicants must refer to the National Quality Framework before submitting a development application.,event,[],[],Node
National Quality Framework,entity,[],[],Node
Development applications for child care centres in R2 – Low Density Residential Zone will be assessed in accordance with Section 4.1 of this DCP.,event,[],[],Node
development applications,entity,[],[],Node
R2 – Low Density Residential Zone,entity,[],[],Node
"Development applications for child care centres in R1 – General Residential Zone, R3 – Medium Density Residential Zone, R4 – High Density Residential Zone, RE1 - Public Recreation and RE2 – Private Recreation Zone will be assessed in accordance with Section 4.2 of this DCP.",event,[],[],Node
R1 – General Residential Zone,entity,[],[],Node
R3 – Medium Density Residential Zone,entity,[],[],Node
R4 – High Density Residential Zone,entity,[],[],Node
RE1 - Public Recreation,entity,[],[],Node
RE2 – Private Recreation Zone,entity,[],[],Node
"Development applications for child care centres in B1 - Neighbourhood Centre Zone, B2 - Local Centre Zone, B4 - Mixed Use Zone, B5 - Business Development Zone and B7 - Business Park Zone will be assessed in accordance with Section 5 of this DCP.",event,[],[],Node
B4 - Mixed Use Zone,entity,[],[],Node
B5 - Business Development Zone,entity,[],[],Node
B7 - Business Park Zone,entity,[],[],Node
Development applications for child care centres in IN2 – Light Industrial Zone will be assessed in accordance with Section 6 of this DCP.,event,[],[],Node
IN2 – Light Industrial Zone,entity,[],[],Node
Car parking requirements for child care centres must be considered.,event,[],[],Node
car parking requirements,entity,[],[],Node
centre,entity,[],[],Node
proposal,entity,[],[],Node
controls,entity,[],[],Node
Part 8,entity,[],[],Node
centres are detailed in Section 2.10.,event,[],[],Node
Clause None - heritage (development_control):,event,[],[],Node
"Where a child care centre is on the site of a heritage item or within a heritage conservation area,",event,[],[],Node
the proposal will also need to comply with the relevant heritage controls contained in Part 8 of this DCP.,event,[],[],Node
A child care centre is on the site of a heritage item,event,[],[],Node
Section 7.0 Cover,entity,[],[],Node
The planning document is related to Marrickville DCP.,event,[],[],Node
Marrickville DCP 2011 - 7.0 Cover.pdf is a cover page of the document.,event,[],[],Node
The cover page is located in the docs/dcps/INNERWEST/Marrickville directory.,event,[],[],Node
Planning Document: docs/dcps/INNERWEST/Marrickville/Marrickville DCP 2011 - 7.0 Cover.pdf,event,[],[],Node
The planning document is stored in a directory named Marrickville.,event,[],[],Node
Planning Document: docs/dcps/INNERWEST/Marrickville/Marrickville DCP 2011 - 7.0 Cover.pdf was planned.,event,[],[],Node
industry standards,entity,[],[],Node
regulations,entity,[],[],Node
Clause O2,entity,[],[],Node
amenity impacts,entity,[],[],Node
"Council’s controls are designed to ensure that adult businesses, restricted premises and sex services premises operate in appropriate locations",event,[],[],Node
"MLEP 2011 specifically regulates where sex services premises (IN1 General Industrial zone, IN2 Light Industrial zone and B6 Enterprise Corridor zone) and restricted premises (B4 Mixed Use zone and B5 Business Development zone) may be located.",event,[],[],Node
"To minimise amenity impacts upon adjoining land uses, particularly residential and other sensitive land uses.",event,[],[],Node
Disturbances caused by insufficient off -street parking,event,[],[],Node
Council’s controls are designed to ensure that adult businesses operate in appropriate locations,event,[],[],Node
council's controls,entity,[],[],Node
"To minimise amenity impacts upon adjoining land uses, particularly residential and other sensitive land uses",event,[],[],Node
residential land uses,entity,[],[],Node
sensitive land uses,entity,[],[],Node
Disturbances caused by insufficient off-street parking,event,[],[],Node
insufficient off-street parking,entity,[],[],Node
map,entity,[],[],Node
The planning document is available online.,event,[],[],Node
the council website contains many documents,event,[],[],Node
The document was released in 2011.,event,[],[],Node
the Marrickville DCP was implemented,event,[],[],Node
The Marrickville DCP is a planning instrument for the area.,event,[],[],Node
it guides the development of the local community,event,[],[],Node
Planning Document: docs/dcps/INNERWEST/Marrickville/Marrickville DCP 2011 - 8.0 Heritage Conservation Areas Map.pdf was accessed,event,[],[],Node
Unknown User,entity,[],[],Node
Development consent,entity,[],[],Node
Archaeological sites,entity,[],[],Node
Places of Aboriginal heritage significance,entity,[],[],Node
Clause 8.1.2 - heritage (development_control) deals with Heritage Items,event,[],[],Node
Clause 8.1.3 - heritage (development_control) deals with Heritage Conservation Areas,event,[],[],Node
Clause 8.1.7 - heritage (development_control) deals with Heritage Items,event,[],[],Node
Clause 8.1.7.2 - heritage (development_control) deals with Development in the vicinity of a heritage item,event,[],[],Node
Clause 8.1.10 - heritage (environmental_protection) deals with Archaeological sites,event,[],[],Node
Clause 8.1.11 - heritage (environmental_protection) deals with Places of Aboriginal heritage significance,event,[],[],Node
"Clause 8.1.9 does not exist, but Clause 8.1.3 deals with Heritage Conservation Areas",event,[],[],Node
Clause 8.1.8 - heritage (development_control) deals with Requirement for a HIS or CMP,event,[],[],Node
Heritage Items are mentioned in Clause 8.1.2.,event,[],[],Node
Clause 8.1.2,entity,[],[],Node
Heritage Conservation Areas are mentioned in Clause 8.1.3.,event,[],[],Node
Clause 8.1.3,entity,[],[],Node
Development consent is mentioned in Clause 8.1.5.,event,[],[],Node
Clause 8.1.5,entity,[],[],Node
Heritage Items are mentioned again in Clause 8.1.7.,event,[],[],Node
Clause 8.1.7,entity,[],[],Node
Development in the vicinity of a heritage item is mentioned in Clause 8.1.7.2.,event,[],[],Node
Clause 8.1.7.2,entity,[],[],Node
A HIS or CMP is required in Clause 8.1.8.,event,[],[],Node
Clause 8.1.8,entity,[],[],Node
HIS,entity,[],[],Node
CMP,entity,[],[],Node
Archaeological sites are mentioned in Clause 8.1.10.,event,[],[],Node
Clause 8.1.10,entity,[],[],Node
Places of Aboriginal heritage significance are mentioned in Clause 8.1.11.,event,[],[],Node
Clause 8.1.11,entity,[],[],Node
Marrickville DCP 2011 - 9 0 Cover.pdf,entity,[],[],Node
The planning document is located in docs/dcps/INNERWEST/Marrickville/,event,[],[],Node
it relates to Marrickville DCP 2011 - 9 0 Cover,event,[],[],Node
Marrickville DCP 2011 - 9 0 Cover is a document type,event,[],[],Node
it has a cover page,event,[],[],Node
planning precinct,entity,[],[],Node
achieving desired future character,entity,[],[],Node
conservation areas,entity,[],[],Node
Clause 9.1.2,entity,[],[],Node
impacts to biodiversity,entity,[],[],Node
off-street car parking provision does not impact precinct amenity,entity,[],[],Node
development within the precinct considers the potential impacts to biodiversity,event,[],[],Node
To ens ure that the provision and location of off -street car parking doe s not adversely impact the amenity of the precinct.,event,[],[],Node
period,entity,[],[],Node
group of buildings,entity,[],[],Node
significant streetscapes and public domain elements,entity,[],[],Node
"landscaping, fencing, open space, sandstone kerbing and guttering, views and vistas and prevailing subdivision patterns",entity,[],[],Node
"To protect groups or runs of buildings which retain their original built form including roof forms, o riginal detailing and finishes",event,[],[],Node
"To protect significant str eetscapes and/or public domain elements within the precinct including landscaping, fencing, open space, sandstone kerbing and guttering, views and vistas and prevailing subdivision patterns",event,[],[],Node
To preserve the predominantly low density residential character o f the pr ecinct,event,[],[],Node
"To ensure that n ew development respects local fauna by minimising lighting impacts on nocturnal fauna, reinforcing the permeability of the GreenWay Corridor to the surrounding built environment for local fauna, and providing a minimum 3 metre native vegetation buffer between the GreenWay C orridor and any new development.",event,[],[],Node
"To protect groups or runs of buildings which retain their original built form including roof forms, o riginal detailing and finishes.",event,[],[],Node
"To protect significant str eetscapes and/or public domain elements within the precinct including landscaping, fencing, open space, sandstone kerbing and guttering, views and vistas and prevailing subdivision patterns.",event,[],[],Node
To preserve the predominantly low density residential character o f the pr ecinct.,event,[],[],Node
Hoskins Park Precinct,entity,[],[],Node
high biodiversity values,entity,[],[],Node
none specified,entity,[],[],Node
It is essential that development within the precinct considers all potential impacts to biodiversity.,event,[],[],Node
It is essential that development within the precinct considers the potential impacts to biodiversity,event,[],[],Node
Development considers all potential impacts to biodiversity.,event,[],[],Node
To protect the identified values of the Lewisham Estate and Hoskins Park & Environs Heritage Conservation Areas,event,[],[],Node
Jarvie Ave nue Heritage Conservation Area,entity,[],[],Node
"roof form, original detailing and finishes",entity,[],[],Node
"The precinct contains three Heritage Conservation Areas being the Porter’s Brickworks Estate Heritage Conservation Area, Jarvie Ave nue Heritage Conservation Area and the Rathlin Estate Heritage Conservation Area.",event,[],[],Node
This precinct also contain s a small part of the HCA 28 Dulwich Hill Commercial Precinct Heritage Conservation Area located on Marrickville Road.,event,[],[],Node
"To protect groups or runs of buildings which retain their original form including roof form s, original detailing and finishes.",event,[],[],Node
significant streetscape and/or public domain elements,entity,[],[],Node
To protect the identified values of the Audley Street South (Bayswater Estate) Heritage Conservation Area and the Norwood Park Estate Heritage Conservation Area,event,[],[],Node
To protect the identified values of the Audley Street South (Bayswater Estate) Heritage Conservation Area and the Norwood Park Estate Heritage Conservation Area.,event,[],[],Node
single st orey streetscapes,entity,[],[],Node
Enmore - Newtown Heritage C onservation Area,entity,[],[],Node
The precinct contains three heritage conservation areas.,event,[],[],Node
To maintain distinctly single st orey streetscapes within the precinct.,event,[],[],Node
"To protect significant streetscape s and/or public domain elements within the precinct including landsc aping, fencing, open space, sandstone kerbing and guttering, views and vistas and prevailing subdivision patter ns.",event,[],[],Node
To ensure the provision and location of off -street car parking does not adversely impact the amenity of the precinct.,event,[],[],Node
"To protect the identified values of the En more-Newtown Heritage C onservation Area, Enmore House Esta.",event,[],[],Node
Enmore - Newtown Heritage Conservation Area,entity,[],[],Node
To maintain distinctly single story streetscapes within the precinct.,event,[],[],Node
Single story streetscapes,entity,[],[],Node
Significant streetscapes,entity,[],[],Node
Open space,entity,[],[],Node
Sandstone kerbing and guttering,entity,[],[],Node
Views and vistas,entity,[],[],Node
Prevailing subdivision patterns,entity,[],[],Node
Low to medium density residential character,entity,[],[],Node
Off-street car parking,entity,[],[],Node
"To protect the identified values of the Enmore - Newtown Heritage Conservation Area, Enmore House Estate Heritage Conservation Area and Holmwood Estate Heritage Conservation Area.",event,[],[],Node
Victoria Road,entity,[],[],Node
small lot sizes and era of housing,entity,[],[],Node
Eastern Channel 1 North and East sub catchments,entity,[],[],Node
"original built form, roof forms, original detailing and finishes",entity,[],[],Node
The precinct contains the Llewellyn Esta te Heritage Conservation Area and part of the Enmore House Estate Heritage Conservation Area.,event,[],[],Node
Front setbacks vary throughout the precinct with common se tbacks of less than 2 metres for dwellings that are predominantly Victorian and Federation era and 2 -4 metre se tbacks for Federation and Inter -War period dwellings.,event,[],[],Node
"The dominant fences are brick, bric k and metal, and iron palisade.",event,[],[],Node
Off street car parking for dwellings to the north of Victoria Road is either not present due to the small lot sizes and era of housing or via rear laneway access only.,event,[],[],Node
"In the southern end of the precinct, the larger lot sizes and later era of the housing stock means that some dwellings have access to rea r garages via side driveways.",event,[],[],Node
The precinct is within the Eastern Channel 1 North and East sub catchments which drain to the Cooks River.,event,[],[],Node
"To protect groups or runs of buildings which retain their original built form includ ing roof forms, original detailing and finishes.",event,[],[],Node
The precinct contains the Llewellyn Estate Heritage Conservation Area and part of the Enmore House Estate Heritage Conservation Area.,event,[],[],Node
Front setbacks vary throughout the precinct with common setbacks of less than 2 metres for dwellings that are predominantly Victorian and Federation era and 2-4 metre setbacks for Federation and Inter-War period dwellings.,event,[],[],Node
Inter-War period,entity,[],[],Node
Front fences are generally low and with the style and materials generally reflecting the period of the dwellings.,event,[],[],Node
front fences,entity,[],[],Node
"The dominant fences are brick, brick and metal, and iron palisade.",event,[],[],Node
metal,entity,[],[],Node
iron palisade,entity,[],[],Node
off street car parking,entity,[],[],Node
"In the southern end of the precinct, the larger lot sizes and later era of the housing stock means that some dwellings have access to rear garages via side driveways.",event,[],[],Node
southern end,entity,[],[],Node
rear garages,entity,[],[],Node
significant streetscape,entity,[],[],Node
The Abergeldie Estate Heritage Conservation Area exists.,event,[],[],Node
Clause 9.16.1 - heritage (heritage): The precinct contains The Abergeldie Est ate Heritage Conservation Area.,event,[],[],Node
Off street parking is typically a side driveway except where lots are too small and on-street parking prevails.,event,[],[],Node
Clause 9.16.1 - parking (development_control): Off street parking is typically a side driveway except where lots are too small and on -street parkin g prevails,event,[],[],Node
Clause 9.16.2 - heritage (heritage): To protect and preserve the identified period buildings within the precinct and encourage their sympathetic alteration or restoratio n,event,[],[],Node
Clause 9.16.2 - heritage (heritage): To protect the identified Heritage Items within the precinct.,event,[],[],Node
Clause 9.16.2 - height_limit (development_control): To maintain distinctly single storey streetscapes that exist within the precinct.,event,[],[],Node
"Clause 9.16.2 - heritage (heritage): To protect groups or runs of buildings which retain their original form including roof forms, original detail ing and finishes.",event,[],[],Node
"Clause 9.16.2 - heritage (heritage): To protect significant streetscape s and/or public domain elements within the precinct including landscaping, fencing, open space, sandstone kerbing and guttering, views and vistas and prevailing subdivision patterns.",event,[],[],Node
Clause 9.16.2 - zoning (land_use_zoning): To preserve the predo minantly low density residen tial character of the precinct.,event,[],[],Node
Abergeldie Estate,entity,[],[],Node
"Off street parking is typically a side driveway except where lots are too small and on-street parking prevails (for example, parts of Union, Arlington and Abergeldie Streets).",event,[],[],Node
pockets of low density residential dwellings,entity,[],[],Node
permeability to the surrounding built environment,entity,[],[],Node
To ensure that new development considers all potential i mpacts to biodiversity.,event,[],[],Node
To ensure that the provision and locati on of off-street car parking does not adversely impact the amenity of the precinct.,event,[],[],Node
South Dulwich Hill,entity,[],[],Node
low to medium density resident character,entity,[],[],Node
To preserve the predominantly low to medium density resident ial character of the precinct,event,[],[],Node
To protect the identified values of the Inter -War Group Heritage Conservation Area,event,[],[],Node
To ensure that the provision and location of off -street car parking does not adversely impact the amenity of the precinct,event,[],[],Node
Refer to Part 8 (Heritage) of this DCP for detailed c ontrols and guidelines,event,[],[],Node
To preserve the predominantly low to medium density resident ial character of the precinct.,event,[],[],Node
low to medium density residents,entity,[],[],Node
To ensure that the provision and location of off -street car parking does not adversely impact the amenity of the precinct.,event,[],[],Node
To protect the identified values of the Inter -War Group Heritage Conservation Area.,event,[],[],Node
Refer to Part 8 (Heritage) of this DCP for detailed c ontrols and guidelines.,event,[],[],Node
Railway Street (Pet ersham) Heritage Conservation Area,entity,[],[],Node
"The precinct contains three Heritage Conservation Areas being the Petersham North Heritage Conservation Area, Railway Street (Pet ersham) Heritage Conservation Area and the Hordern Avenue Heritage Conservation Area.",event,[],[],Node
Area s within the precinct have been identified as having high biodiversity .,event,[],[],Node
"It is essen tial that development within tho se areas consider s the potential impacts to biodiversity including native fauna (including T hreatened S pecies and Endangered P opulations), native vegetation (including Endangered Ecological C ommunities), and habitat elements (including their condition , structure, function, connectivity and disturbance).",event,[],[],Node
To maintain distinctly single storey streetsca pes that exist within the precinct.,event,[],[],Node
T hreatened S pecies,entity,[],[],Node
Endangered P opulations,entity,[],[],Node
Endangered Ecological C ommunities,entity,[],[],Node
single storey streetsca pes,entity,[],[],Node
o riginal detailing and finishes,entity,[],[],Node
significant streetscape s,entity,[],[],Node
To protect the identified Heritage Items within the prec inct,event,[],[],Node
"To protect significant streetscape s and/or public domain elements within the precinct including landscaping, fencing, open space, sandstone kerbing and guttering, views and vistas and prevailing subdivision patterns",event,[],[],Node
To preserve the predominantly low density residential character of the pre cinct,event,[],[],Node
To protect the identified Heritage Items within the prec inct.,event,[],[],Node
To preserve the predominantly low density residential character of the pre cinct.,event,[],[],Node
Jocelyn Avenue,entity,[],[],Node
vehicular access,entity,[],[],Node
"The precinct contains three Heritage Conservation Areas being the David Street Heritage Conservation Area, the Inter War Group Heritage Conservation Area",event,[],[],Node
Off street parking is generally provided on both sides of streets within the precinct.,event,[],[],Node
"Most streets are able to accommodate off street parking without restricting vehicular access, with the exception of Jocelyn Avenue.",event,[],[],Node
To protect the identified Heritag e Items within the prec inct,event,[],[],Node
To preserve the predominantly low density residen tial character of the pre cinct,event,[],[],Node
Off street parking is generally provided on both sides of streets within the precinct,event,[],[],Node
Most streets are able to accommodate off street parking without restricting vehicular access,event,[],[],Node
Jocelyn Avenue is an exception for off street parking,event,[],[],Node
values of the Civic Precinct H eritage C onservation A rea,entity,[],[],Node
clause 9.23.2 - heritage (heritage),entity,[],[],Node
allotment amalgamations,entity,[],[],Node
masterplan structure,entity,[],[],Node
medium density and residential flat building development,entity,[],[],Node
Ann Street and Arthur Street area,entity,[],[],Node
high density redevelopment,entity,[],[],Node
land bounded by Arthur Street and the rail corridor,entity,[],[],Node
new residential flat building development,entity,[],[],Node
existing developmen t at the western end of the precinct,entity,[],[],Node
"To ensure orderly development on masterplan sites in accordance with the principles of the masterplan vision, including allotment amalgamations, where required, that are not detrimental to achieving the overall masterplan structure and achieve an efficient and high quality built outcome.",event,[],[],Node
To encourage complementary medium density and residential flat building development in the Ann Street and Arthur Street area.,event,[],[],Node
To promote high density redevelopment on the land bounded by Arthur Street and the rail corridor.,event,[],[],Node
"To accommodate new residential flat building development to reflect the existing development at the western end of the precinct bounded by Livingstone Road, Arthur Street and the rail corridor.",event,[],[],Node
masterplan vision,entity,[],[],Node
Ann Street,entity,[],[],Node
Arthur Street,entity,[],[],Node
medium density,entity,[],[],Node
high density development,entity,[],[],Node
"To accommodate new residential flat building development to reflect the existing developments at the western end of the precinct bounded by Livingstone Road, Arthur Street and the rail corridor.",event,[],[],Node
new residential flat buildings,entity,[],[],Node
existing developments,entity,[],[],Node
Livingstone Road,entity,[],[],Node
rail corridor,entity,[],[],Node
Goodsell Estate Heritag e Conservation Area,entity,[],[],Node
Existing character buildings (groups or rows),entity,[],[],Node
New buildings,entity,[],[],Node
existing character buildings (groups or rows),entity,[],[],Node
Building envelopes,entity,[],[],Node
existin g buildings,entity,[],[],Node
Building heights across the precinct range from single storey residential and industrial buildings to three to four storey commercial/industrial buildings and a recent six storey residential flat building on the southern corner of May Street and the Princes Highway.,event,[],[],Node
"To provide buildin g heights to fit the context with restricted heights on narrower streets and laneways and taller buildings along the Princes Highway, May Street and Campbell Street.",event,[],[],Node
"To retain existing character buildings (groups or rows) and adapt, recycle and blend new with old.",event,[],[],Node
To protect the identified Heritage I tems within the precinct.,event,[],[],Node
To develop building envelopes to strongly define existing,event,[],[],Node
This precinct contains the Goodsell Estate Heritag e Conservation Area,event,[],[],Node
Building heights across the precinct range from single storey residential and industrial buildings to three to four storey commercial/industrial buildings and a recent six storey residential flat building on the southern corner of Ma y Street and the Princes Highway.,event,[],[],Node
fifth level and roof set back by a distance of 3 metres,entity,[],[],Node
desired scale of the buildings on the street,entity,[],[],Node
Princes Highway and Barwon Park Road,entity,[],[],Node
northern gateway to the precinct,entity,[],[],Node
lower scaled buildings through intermediate scale development,entity,[],[],Node
"Five storey buildings fronting the Princes Highway are to have the fifth level and roof (including any open pergolas) set back from the external wall of the floor below by a distance of 3 metres,",event,[],[],Node
While a maximum building height has been set under MLEP 2011 it does not mean it can always be achieved or is desirable.,event,[],[],Node
"Five storey buildings fronting the Princes Highway are to have the fifth level and roof set back from the external wall of the floor below by a distance of 3 metres, measured from the building alignment facing the Princes Highway.",event,[],[],Node
While a maximum building height has been set under MLEP 2011 it does not mean it can always be achieved or is desirable. All development must fit within its context and not impact adversely on adjoining properties.,event,[],[],Node
maximum building height,entity,[],[],Node
all development,entity,[],[],Node
Residential lots,entity,[],[],Node
a small setback or no setback,entity,[],[],Node
streeetscapes,entity,[],[],Node
single storey existing within the precinct,entity,[],[],Node
The entire precinct is reserved SP2 Infrastructure (Classified Road),event,[],[],Node
Residential lots either contain a small setback or no setback from the road,event,[],[],Node
There are no Heritage Conservation Areas contained within the precinct,event,[],[],Node
To maintain single storey streetscapes that existing within the precinct,event,[],[],Node
Cyclists,entity,[],[],Node
Public domain,entity,[],[],Node
Sandstone kerbing,entity,[],[],Node
Guttering,entity,[],[],Node
Vistas,entity,[],[],Node
Subdivision patterns,entity,[],[],Node
There are no Heritage Conserva tion Areas contained within the precinct.,event,[],[],Node
sympathetic alteration,entity,[],[],Node
streetscape and/or public domain elements,entity,[],[],Node
views and vistas to open space areas,entity,[],[],Node
new development in the foreshore area,entity,[],[],Node
"To protect groups or runs of building which retain their original built form including roof forms, original detailing and finishes",event,[],[],Node
To preserve the predominan tly low and m edium density residential character of the precinct,event,[],[],Node
To prot ect significa nt streetscape s and/or public domain elements within the precinct,event,[],[],Node
To retain existing views and vistas to open space areas adjace nt to the Cooks River,event,[],[],Node
Retain existing views and vistas to open space areas adjace nt to the Cooks River,event,[],[],Node
To maintai n public access to tho se areas,event,[],[],Node
To ensure that new development in the foreshore area will not impact on natural foreshore processes or affect the significance and amenity of the area,event,[],[],Node
To retain existing views and vistas to open space areas adjacent to the Cooks River and maintain public access to those areas.,event,[],[],Node
medium density residential areas,entity,[],[],Node
habit elements,entity,[],[],Node
"their condition, structure, function, connectivity and disturbance",entity,[],[],Node
buildings which retain their original built form,entity,[],[],Node
medium to high density residential,entity,[],[],Node
"Generally, off street parking is also available within the precinct.",event,[],[],Node
The desired future character of the area is: To protect and preserve the identified period buildings within the precinct and encourage their sympathetic alteration or restoration.,event,[],[],Node
To preserve the predominantly medium to high density residential character of the precinct.,event,[],[],Node
Areas,entity,[],[],Node
"Generally, off-street parking is also available within the precinct.",event,[],[],Node
To maintain distinctly single-storey streetscapes that exist within the precinct.,event,[],[],Node
single-storey streetscapes,entity,[],[],Node
To preserve the predominantly medium to high-density residential character of the precinct.,event,[],[],Node
medium to high-density residential character,entity,[],[],Node
Annanda le Farm Heritage Conservation Area,entity,[],[],Node
Kingston W est Heritage Conservation Area,entity,[],[],Node
Cardigan Str eet Heritage Conservation Area,entity,[],[],Node
streescape and public domain elements,entity,[],[],Node
The precinct contains three Heritage Conservation Areas.,event,[],[],Node
"To protect significant streetscapes and/or public domain elements with in the precinct including landscaping, fencing, open space, sandstone kerbing and guttering, views and vistas and prevailing subdivision patterns.",event,[],[],Node
"The precinct contains three Heritage Conservation Areas , being HCA 6 Annanda le Farm Heritage Conservation Area, HCA 7 Kingston West Heritage Conservation Area and HCA 8 Cardigan Street Heritage Conservation Area.",event,[],[],Node
HCA 7 Kingston West Heritage Conservation Area,entity,[],[],Node
"To protect significant streetscape s and/or public domain elements with in the precinct including landscaping, fencing, open space, sandstone kerbing and guttering, views and vistas and prevailing subdivision patterns.",event,[],[],Node
off -street car parking,entity,[],[],Node
historical use,entity,[],[],Node
unsympathetic alterations,entity,[],[],Node
"Thornley Street has been identified as a scenic protection area for its unique environmental features and landscape, cultural and scenic qualities including lookouts, rocky outcrops, cliff faces, remnant bushlands, steep slopes, natural watercourses and escarpments (as outlined in MDCP 2011 Section 2.14 Unique Environmental Features).",event,[],[],Node
Development within this area is to be managed to ensure that it does not adversely impact on any of its unique environmental features.,event,[],[],Node
substantial rock faced stone walling,entity,[],[],Node
Many of the building modifications which have occurred to date are unsympathetic with their heritage values. Reversal of unsympathetic alterations and modifications is encouraged.,event,[],[],Node
"Areas within parts of the precinct have been identified as having high biodiversity values within the LGA . It is essential that development within those areas considers the potential impacts to biodiversity including native fauna (including Threatened Species and Endangered Populations), native vegetation (including Endangered Ecological Communities), and habitat elements (including their condition, structure, function, connectivity and disturbance).",event,[],[],Node
"Thornley Street has been identified as a scenic protection area for its unique environmental features and landscape, cultural and scenic qualities including lookouts, rocky outcrops, cliff faces, remnant bushlands, steep slopes, natural watercourses and escarpments (as outlined in MDCP 2011 Section 2.14 Unique Environmental Features) . Development within this area is to be managed to ensure that it does not adversely impact on any of its unique environmental features.",event,[],[],Node
lookouts,entity,[],[],Node
cliff faces,entity,[],[],Node
remnant bushlands,entity,[],[],Node
steep slopes,entity,[],[],Node
natural watercourses,entity,[],[],Node
escarpments,entity,[],[],Node
Collins Street Heritage Conservation Area,entity,[],[],Node
To protect the identified values of the Collins Street Heritage Conservation Area.,event,[],[],Node
their original form,entity,[],[],Node
Wells Ave nue Heritage Conservation Area,entity,[],[],Node
"To protect groups or runs of buildings which retain their original form including roof forms, original detailing and finishes",event,[],[],Node
To protect the identified values of the Wells Avenue Heritage Conservation Area and the Stanley Street Heritage Conservation Area,event,[],[],Node
To protect the identified period buildings within the precinct,event,[],[],Node
To protect the identified values of the Wells Avenue Heritage Conservation Area and the Stanley Street Heritage Conservation Area.,event,[],[],Node
Clause 9.33.2 - heritage,entity,[],[],Node
Clause 9.33.2 - parking (development_control),entity,[],[],Node
off-street car parking provision and location,entity,[],[],Node
Clause 9.33.2 - land_use_zoning,entity,[],[],Node
existing industrial lands,entity,[],[],Node
Sydney Airport and Port Botany,entity,[],[],Node
Clause 9.33.2 - other (development_control),entity,[],[],Node
new development operation,entity,[],[],Node
To protect significant streetscape and/or public domain elements within the precinct.,event,[],[],Node
To protect existing industrial lands required to service Sydney Airport and Port Botany.,event,[],[],Node
To protect significant streetscape and/or public domain elements within the precinct,event,[],[],Node
To protect existing industrial lands required to service Sydney Airport and Port Botany,event,[],[],Node
Sydney Airport,entity,[],[],Node
Port Botany,entity,[],[],Node
To ensure that any new development does not negatively impact on the operation of the Princes Highway,event,[],[],Node
groups of buildings,entity,[],[],Node
significant streetscape and public domain elements,entity,[],[],Node
"It is essential that development with the precinct considers the potential impacts to biodiversity including native fauna (including Threatened Species and Endangered Populations), native vegetation (including Endangered Ecological Communities), and habitat elements (including their condition, structure, function, connectivity and disturbance)",event,[],[],Node
"To protect grou ps or runs of buildings which retain t heir original form including roof forms, original detailing and finishes",event,[],[],Node
"To protect significant streetscape s and/or public domain elements within the precinct including landscaping, fencing, open space, sandstone kerb ing and guttering, views and vistas an d prevailing subdivision patterns",event,[],[],Node
development with the precinct considers the potential impacts to biodiversity,event,[],[],Node
protect and preserve the identified period buildings within the precinct,event,[],[],Node
protect the identified Heritage Items within the precinct,event,[],[],Node
maintain distinctly single storey streetscapes that exist within the precinct,event,[],[],Node
protect groups or runs of buildings which retain their original form,event,[],[],Node
protect significant streetscape and/or public domain elements within the precinct,event,[],[],Node
"support pedestrian and cyclist access, activity and amenity including maintaining and enhancing the public domain quality",event,[],[],Node
pedestrian,entity,[],[],Node
cyclist,entity,[],[],Node
preserve the predominantly low density residential character of the precinct,event,[],[],Node
density residential character,entity,[],[],Node
Parramatta Road Commercial Precinct Heritage Conservation Area (HCA 5),entity,[],[],Node
Clause 9.32.3.1,entity,[],[],Node
Precinct -specific planning controls,entity,[],[],Node
Site-specific planning controls,entity,[],[],Node
Building heights are mostly 2 to 3 storeys,entity,[],[],Node
larger buildings,entity,[],[],Node
Fort Street High School (William Wilkins Building),entity,[],[],Node
The Clarence Hotel,entity,[],[],Node
Eastern corner with Crystal Street,entity,[],[],Node
Petersham Inn Hotel,entity,[],[],Node
Western corner with Phillip Street,entity,[],[],Node
Olympia Milk Bar,entity,[],[],Node
190 Parramatta Road,entity,[],[],Node
A five storey Federation building,entity,[],[],Node
Eastern corner with Cardigan Street,entity,[],[],Node
Bridge Road School,entity,[],[],Node
Clause 9.35.3 - heritage (heritage): Heritage Conservation Areas (HCAs),event,[],[],Node
Clause 9.32.3.1 - heritage (heritage): Parramatta Road Commercial Precinct Heritage Conservation Area (HCA 5),event,[],[],Node
Clause PART 9 - setback (development_control): a nil setback,event,[],[],Node
Clause PART 9 - parking (development_control): private parking area,event,[],[],Node
"Clause PART 9 - height_limit (development_control): Building heights are mostly 2 to 3 storeys, interspersed with some larger buildings.",event,[],[],Node
The shop top housing developments at the eastern end of the precinct are up to 7 store ys high.,event,[],[],Node
"Heritage Items within the precinct include part of Fort Street High School (William Wilkins Building),",event,[],[],Node
"the Clarence Hotel on the eastern corner with Crystal Street,",event,[],[],Node
"Petersham Inn Hotel on the western corner with Phillip Street,",event,[],[],Node
"the Olympia Milk Bar at 190 Parramatta Road,",event,[],[],Node
a five storey Federation building on the eastern corner with Cardigan Street which has recently being redeveloped and Bridge Road School,event,[],[],Node
Heritage Conservation Areas (HCAs) are mentioned in Clause 9.35.3,event,[],[],Node
Clause 9.35.3,entity,[],[],Node
Heritage Conservation Areas (HCAs),entity,[],[],Node
Parramatta Road Commercial Precinct Heritage Conservation Area (HCA 5) is mentioned in Clause 9.32.3.1,event,[],[],Node
Precinct-specific planning controls are discussed in Clause 9.35.4,event,[],[],Node
Clause 9.35.4,entity,[],[],Node
Precinct-specific planning controls,entity,[],[],Node
Site-specific planning controls are mentioned in Clause 9.35.5,event,[],[],Node
Clause 9.35.5,entity,[],[],Node
A nil setback is required according to Clause PART 9 - setback,event,[],[],Node
Clause PART 9 - setback,entity,[],[],Node
Private parking area is mentioned in Clause PART 9 - parking,event,[],[],Node
Clause PART 9 - parking,entity,[],[],Node
private parking area,entity,[],[],Node
Building heights are mostly 2 to 3 storeys according to Clause PART 9 - height_limit,event,[],[],Node
Clause PART 9 - height_limit,entity,[],[],Node
2 to 3 storeys,entity,[],[],Node
Shop top housing developments at the eastern end of the precinct are up to 7 storeys high according to Clause PART 9 - height_limit,event,[],[],Node
shop top housing developments,entity,[],[],Node
eastern end of the precinct,entity,[],[],Node
up to 7 storeys high,entity,[],[],Node
Heritage Items within the precinct include part of Fort Street High School (William Wilkins Building) according to Clause PART 9 - heritage,event,[],[],Node
Clause PART 9 - heritage,entity,[],[],Node
Heritage Items within the precinct,entity,[],[],Node
part of Fort Street High School (William Wilkins Building),entity,[],[],Node
The Clarence Hotel on the eastern corner with Crystal Street is mentioned in Clause PART 9 - heritage,event,[],[],Node
eastern corner with Crystal Street,entity,[],[],Node
Petersham Inn Hotel on the western corner with Phillip Street is mentioned in Clause PART 9 - heritage,event,[],[],Node
western corner with Phillip Street,entity,[],[],Node
The Olympia Milk Bar at 190 Parramatta Road is mentioned in Clause PART 9 - heritage,event,[],[],Node
The Olympia Milk Bar,entity,[],[],Node
A five storey Federation building on the eastern corner with Cardigan Street has recently been redeveloped according to Clause PART 9 - heritage,event,[],[],Node
a five storey Federation building,entity,[],[],Node
eastern corner with Cardigan Street,entity,[],[],Node
Bridge Road School is mentioned in Clause PART 9 - heritage,event,[],[],Node
"To retain, as a minimum, the front portion of contributory buildings where they are contributory to the heritage conservation area (HCA) and streetscape s.",event,[],[],Node
To protect the identified heritage values of the Petersham Commercial Precinct Heritage Conservation Area .,event,[],[],Node
The precinct contains the Petersham Commercial Precinct Heritage Conservation Area HCA 25. Refer to Part 8 (Heritage) of this DCP for detailed controls and guidelines.,event,[],[],Node
Heritage Conservation Area (HCA),entity,[],[],Node
Heritage Values,entity,[],[],Node
New Development,entity,[],[],Node
Rear Upper Levels,entity,[],[],Node
Contributory Buildings,entity,[],[],Node
Infill Development,entity,[],[],Node
Street Building Front,entity,[],[],Node
Vehicles,entity,[],[],Node
Streetscape Appearance,entity,[],[],Node
Commercial Viability,entity,[],[],Node
Pedestrian Safety,entity,[],[],Node
HCA (Heritage Conservation Area),entity,[],[],Node
H eritage Item s,entity,[],[],Node
To protect the identified Heritage Item s within the precinct.,event,[],[],Node
To protect the identified values of the King Street and Enmore Road Heritage Conservation Area .,event,[],[],Node
Identified Heritage Items,entity,[],[],Node
To ensure that buil dings provide strong definition to the street through retention of the existing nil building setbacks.,event,[],[],Node
"To retain, as a minimum, the front portion of contributory buildings where they are contributory to the heritage conservation area (HCA) and/or streetsca pe.",event,[],[],Node
"Where required, t o protect, pr eserve and enhance the existing character of the streetscape, where only compatible development is permitted.",event,[],[],Node
existing predominantly traditional two storey commercial st reetscape,event,[],[],Node
Traditional two storey commercial streetscape,entity,[],[],Node
New Buildings,entity,[],[],Node
Commercial Fronts,entity,[],[],Node
HCA 28,entity,[],[],Node
four storeys in appearance,entity,[],[],Node
efficient parking,entity,[],[],Node
original parapeted roof forms,entity,[],[],Node
"The Dulwich Hill Commercial Precinct Heritage Conservation Area is of aesthetic significance as a largely intact retailing precinct which retains original parapeted roof forms, recessed shopfronts and generally intact first floor shop facades.",event,[],[],Node
identified heritage values,entity,[],[],Node
rear upper levels,entity,[],[],Node
commercial viability and vitality,entity,[],[],Node
retailing precinct,entity,[],[],Node
parapeted roof forms,entity,[],[],Node
shopfronts,entity,[],[],Node
Clause 9.39.1,entity,[],[],Node
part of the brick factory wall,entity,[],[],Node
The Mill House,entity,[],[],Node
the redevelopment,entity,[],[],Node
the site on the southern side of Smidmore Street,entity,[],[],Node
Smidmore and Murray Street,entity,[],[],Node
rooftop parking,entity,[],[],Node
the operations of the shopping centre,entity,[],[],Node
Part of the brick factory wall was retained and is still visible along Victoria Road.,event,[],[],Node
"The Mill House, built about 1860 and occupied by the Vicars family, was incorporated in the redevelopment.",event,[],[],Node
Pedestrian access is also provided from the rooftop car parking areas down into the centre.,event,[],[],Node
Two vehicle access ramps accessed off Smidmore and Murray Street provide car access to the roof top parking.,event,[],[],Node
"The site on the southern side of Smidmore Street from the Marrickville Metro shopping centre is a large industrial lot, containing a two storey industrial warehouse development built to the boundary and associated car parking.",event,[],[],Node
"The block to the east contains a mix of large and smaller lots, predominantly containing two storey industrial buildings and associated car parking.",event,[],[],Node
"Roads in this precinct tend to be quite narrow, with time restricted parking on both sides of the streets.",event,[],[],Node
"The operations of the shopping centre have the potential to impact on the amenity of residential areas by way of noise and other emissions, parking and traffic generation.",event,[],[],Node
The precinct does not contain any Heritage Conservation Areas.,event,[],[],Node
brick factory,entity,[],[],Node
wall,entity,[],[],Node
Mill House,entity,[],[],Node
Vicars family,entity,[],[],Node
It is one of the oldest buildings in Marrickville and is a local heritage item.,event,[],[],Node
local heritage item,entity,[],[],Node
rooftop car parking areas,entity,[],[],Node
vehicle access ramps,entity,[],[],Node
Smidmore Street,entity,[],[],Node
Murray Street,entity,[],[],Node
roof top parking,entity,[],[],Node
large industrial lot,entity,[],[],Node
two storey industrial warehouse development,entity,[],[],Node
block,entity,[],[],Node
east,entity,[],[],Node
two storey industrial buildings,entity,[],[],Node
shopping centre,entity,[],[],Node
traffic generation,entity,[],[],Node
roads,entity,[],[],Node
time restricted parking,entity,[],[],Node
HCA 10: Camperdown Park Heritage Conservation Area,entity,[],[],Node
HCA 11: North Kingston Estate Heritage Conservation Area,entity,[],[],Node
HCA 9: Hopetoun -Roberts -Federation Streets Heritage Conservation Area,entity,[],[],Node
Development Control,entity,[],[],Node
On-street parking,entity,[],[],Node
The document discusses Clause 9.4.3 which deals with heritage.,event,[],[],Node
This section is titled Heritage Conservation Areas (HCAs),event,[],[],Node
Clause 9.4.3 is about heritage conservation areas.,event,[],[],Node
It includes HCA 10: Camperdown Park Heritage Conservation Area (C10),event,[],[],Node
Clause 9.4.4 talks about other development controls such as precinct-specific planning controls,event,[],[],Node
Clause 9.4.1 is about on-street parking and setbacks in the area.,event,[],[],Node
This is followed by Clause 9.4.2 which deals with specific details of this section,event,[],[],Node
Clause 9.4.5 is about site-specific planning controls,event,[],[],Node
On-street parking is generally on both sides of the street,event,[],[],Node
vehicle,entity,[],[],Node
The remaining carriageway being narrow single vehicle access,event,[],[],Node
carriageway,entity,[],[],Node
Front setbacks are mostly 0-2 metres,event,[],[],Node
metre,entity,[],[],Node
new development at rear upper levels,entity,[],[],Node
retained portions of contributory buildings or infill development,entity,[],[],Node
new buildings facing onto streets,entity,[],[],Node
"To retain, as a minimum, the front portion of contributory buildings where they are contr ibutory to the heritage conservation area (HCA) and/or streetscapes.",event,[],[],Node
To protect the identified heritage values of the Civic Precinct Heritage Conservation Area .,event,[],[],Node
To ensure new development at rear upper levels is a maximum of five storeys and is designed to be subservient to retained portions of co ntributory buildings or infill development to the street building front.,event,[],[],Node
"Where required, to ensure there are active commercial fronts to new buildings facing onto streets to create a vibrant and safe streetscape.",event,[],[],Node
Infill development,entity,[],[],Node
street definition,entity,[],[],Node
employment generating landuses,entity,[],[],Node
existing,entity,[],[],Node
commercial fronts,entity,[],[],Node
active streetscape,entity,[],[],Node
suitable amenity,entity,[],[],Node
efficient parking and access,entity,[],[],Node
To create a vibrant and safe streetscape by encouraging active commercial fronts facing streets at ground floor level.,event,[],[],Node
To encourage active commercial fronts facing streets at ground floor level to create a vibrant and safe streetscape.,event,[],[],Node
To ensure that the design of higher density development demonstrates good urban design and environmental sustainability and provides suitable amenity for occupants of those developments.,event,[],[],Node
To ensure that the higher density development protects the residential amenity of adjoining and surrounding properties.,event,[],[],Node
heritage protection,entity,[],[],Node
significant industrial buildings,entity,[],[],Node
any redevelopment of the precinct,entity,[],[],Node
"streetscape appearance, commercial viability and vitality",entity,[],[],Node
To ensure that significant industrial building s are retained as p art of any redevelopment of the precinct.,event,[],[],Node
"To facilitate efficient parking, loading and access for vehicles that minimises impact to streetscape appearance, commercial viability and vitality and pedestrian safe ty and amenity.",event,[],[],Node
To ensure that significant industrial building(s) are retained as part of any redevelopment of the precinct.,event,[],[],Node
significant industrial building(s),entity,[],[],Node
Lewisham as a village-type locality,entity,[],[],Node
mixed use development of high to medium densities and scales,entity,[],[],Node
"minor service retail, commercial offices and showrooms",entity,[],[],Node
"It is essential that development within the precinct consider the potential impacts to biodiversity including native fauna (including Threatened Species and Endangered Populations),",event,[],[],Node
"As it is redeveloped, the precinct will fit appropriately into the heart of Lewisham as a village-type locality accommodating mixed use development of high to medium densities and scales.",event,[],[],Node
"It is essential that development within the precinct considers the potential impacts to biodiversity including native fauna (including Threatened Species and Endangered Populations),",event,[],[],Node
"It is essential that development within the precinct considers the potential impacts to biodiversity including native vegetation (including Endangered Ecological Communities),",event,[],[],Node
"It is essential that development within the precinct considers the potential impacts to biodiversity including habitat elements (including their condition, structure, function, connectivity and disturbance).",event,[],[],Node
"As it is redeveloped, the precinct will fit appropriately into the heart of Lewisham as a village-type locality.",event,[],[],Node
Lewisham,entity,[],[],Node
operations of Sydney Airport,entity,[],[],Node
development in foreshore area,entity,[],[],Node
"parking, loading and access for vehicles",entity,[],[],Node
the entire precinct is subject to Australian Noise Exposure Forecast (ANEF) contours between 25 and 40.,event,[],[],Node
To ensure new development is compatible with the operations of Sydney Airport.,event,[],[],Node
A significant portion of this precinct is reserved SP2 Infrastructure (Classified Road),event,[],[],Node
This precinct,entity,[],[],Node
The entire precinct is subject to Australian Noise Exposure Forecast (ANEF) contours between 25 and 40,event,[],[],Node
The entire precinct,entity,[],[],Node
Australian Noise Exposure Forecast (ANEF),entity,[],[],Node
"To protect the integrity and ongoing retention of the existing industrial zoned land, particularly those identified as being of state significance",event,[],[],Node
The existing industrial zoned land,entity,[],[],Node
state significance,entity,[],[],Node
To ensure new development is compatible with the operations of Sydney Airport,event,[],[],Node
To ensure that development in the foreshore area will not impact on natural foreshore processes or affect the significance and amenity of the area,event,[],[],Node
the foreshore area,entity,[],[],Node
"To facilitate efficient parking, loading and access for vehicles that minimises impact to streetscape appearance, commercial viability and vitality and pedestrian safety and amenity",event,[],[],Node
streedape appearance,entity,[],[],Node
framework,entity,[],[],Node
Precinct 47 – Victoria Road,entity,[],[],Node
development within the boundary,entity,[],[],Node
orderly development,entity,[],[],Node
urban design outcome,entity,[],[],Node
residents and community,entity,[],[],Node
access within the precinct,entity,[],[],Node
high quality urban/public domain,entity,[],[],Node
This section of the Development Control Plan (DCP) establishes a framework to guide development in Precinct 47 – Victoria Road (the precinct).,event,[],[],Node
"This section of the DCP applies to development within the boundary of the precinct as shown in Figure 1: Land application - Precinct 47 – Victoria Road Precinct, Marrickville.",event,[],[],Node
The purpose of this section of the DCP is to guide the future development of the precinct by:,event,[],[],Node
"Communicating the planning, design and environmental objectives and controls against which the consent authority will assess future development applications",event,[],[],Node
"Ensuring the orderly, efficient and environmentally sensitive development of the precinct",event,[],[],Node
Promoting a high-quality urban design outcome,event,[],[],Node
Ensure key infrastructure is delivered for future residents and the community,event,[],[],Node
"Ensure access within the precinct is inclusive by delivering a high quality urban/public domain which is accessible beyond a minimum compliance approach and which caters for equitable, dignified, safe and easy to use access for all",event,[],[],Node
This section of the DCP establishes a framework to guide development in Precinct 47 – Victoria Road (the precinct).,event,[],[],Node
Precinct 47,entity,[],[],Node
Figure 1,entity,[],[],Node
"The purpose of this section of the DCP is to guide the future development of the precinct by: Communicating the planning, design and environmental objectives and controls against which the consent authority will assess future development applications.",event,[],[],Node
future development,entity,[],[],Node
future residents,entity,[],[],Node
all,entity,[],[],Node
medium density residential character,entity,[],[],Node
To protect the identified values of the Lewisham Estate Heritage Conservation Area,event,[],[],Node
To maintain distinctly single storey streetscapes within the precinct,event,[],[],Node
To preserve the predominantly medium density residential character comprising terrace/row housing on individual allotments within the precinct,event,[],[],Node
"To protect significant streetscape and/or public domain elements within the precinct including landscaping, fencing, open space, sandstone kerbing and guttering, views and vistas and prevailing subdivision patterns",event,[],[],Node
To ensure orderly development on masterplan sites in accordance with the principles of the masterplan vision,event,[],[],Node
"To ensure orderly development on masterplan sites in accordance with the principles of the masterplan vision, including allotment amalgamations",event,[],[],Node
"To protect significant streetscape and/or public domain elements within the precinct including landscaping, fencing, open space, sandstone kerbing and guttering , views and vistas and prevailing subdivision patterns.",event,[],[],Node
To preserve the predominantly medium density residential character comprising terrace/row housing on individual allotments within the precinct.,event,[],[],Node
terrace/row housing,entity,[],[],Node
individual allotments,entity,[],[],Node
To ensure the provision and location of off -street car p arking does not adversely impact t he amenity of the precinct.,event,[],[],Node
principles of the masterplan vision,entity,[],[],Node
overall masterplan structure,entity,[],[],Node
the potential impacts to biodiversity,entity,[],[],Node
The precinct contains the Petersham South (Norwood Estate) and the Morgan Street Heritage Conservation Areas.,event,[],[],Node
Areas within the precinct have been identified as having high biodiversity values within the LGA.,event,[],[],Node
"It is essential that development within those areas consider the potential impacts to biodiversity including native fauna (including Threatened Species and Endangered Populations), native vegetation (including Endangered Ecological Communities), and habitat elements (including their condition, structure, function, connectivity and disturbance).",event,[],[],Node
Petersham South,entity,[],[],Node
Norwood Estate,entity,[],[],Node
The planning document is titled Marrickville DCP 2011.,event,[],[],Node
It was adopted by Marrickville Council in 2011.,event,[],[],Node
Previous versions of the document were published in 2007 and 2009.,event,[],[],Node
The council consulted with the community for several months before publishing them.,event,[],[],Node
A draft of the document was also made available online for public review and comment.,event,[],[],Node
You must **strictly output in the following JSON format**,event,[],[],Node
locations,entity,[],[],Node
former industrial land,entity,[],[],Node
non-retail employment,entity,[],[],Node
existing industrial streetscape character,entity,[],[],Node
amenity for occupants,entity,[],[],Node
To facilitate urban renewal in appropriate locations.,event,[],[],Node
To maintain non-retail employment as part of any mixed use redevelopment of former industrial land and reflect the existing industrial streetscape character in the design.,event,[],[],Node
Identified period buildings,entity,[],[],Node
Significant public domain elements,entity,[],[],Node
Kerb and guttering,entity,[],[],Node
Former industrial land,entity,[],[],Node
Industrial streetscape,entity,[],[],Node
Higher density development,entity,[],[],Node
identifie d period buildings,entity,[],[],Node
existing within the precinct,entity,[],[],Node
residen tial character,entity,[],[],Node
predominantly low density precinct,entity,[],[],Node
provision and location of off -street car parking,entity,[],[],Node
"values of the Petersham South ( Norwood Estate ) Heritage Conservation Area, N orwood Park Es tate Heritage Conservation Area and the Llewellyn Estate Heritage Conservation Area.",entity,[],[],Node
identified heritage items within the precinct,entity,[],[],Node
"To protect the identified values of the Petersham South (Norwood Estate) Heritage Conservation Area, Norwood Park Estate Heritage Conservation Area and the Llewellyn Estate Heritage Conservation Area",event,[],[],Node
The Marrickville Planning Document was created.,event,[],[],Node
The document contains a precincts map.,event,[],[],Node
The map is included in the Marrickville DCP 2011 document.,event,[],[],Node
The document is used for planning and development purposes.,event,[],[],Node
Planning Document: docs/dcps/INNERWEST/Marrickville/Marrickville DCP 2011 - 9.0 Precincts Map.pdf,event,[],[],Node
a representative example of Inter-War Mediterranean Revival style public utility building,entity,[],[],Node
"However, the precinct does contain a number of listed heritage items, one of State Significance.",event,[],[],Node
"The precinct does contain a number of listed heritage items, one of State Significance.",event,[],[],Node
being the Sydenham Pit and Drainage Pumping Station.,event,[],[],Node
Numerous buildings have allocated space for off-street parking within their respective site.,event,[],[],Node
Originally the precinct was a large tract of swamp land that was seen as an impediment to development in the area.,event,[],[],Node
The pumping station is a representative example of Inter-War Mediterranean Revival style public utility building.,event,[],[],Node
being the Sydenham Pit and Drainage Pumping Station is a representative example of Inter-War Mediterranean Revival style public utility building.,event,[],[],Node
the entire precinct,entity,[],[],Node
swamp land,entity,[],[],Node
There was little consideration for its major role in maintaining the local ecology.,event,[],[],Node
local ecology,entity,[],[],Node
existing employment generating land uses,entity,[],[],Node
67 and 73 – 83 Mary Street,entity,[],[],Node
Precinct 31,entity,[],[],Node
Unwins Bridge Road,entity,[],[],Node
Precinct 48,entity,[],[],Node
Development Control Plan (DCP),entity,[],[],Node
Precinct 75,entity,[],[],Node
43 Roberts Street,entity,[],[],Node
50-52 Edith Street,entity,[],[],Node
Figure 1: Map of precinct,entity,[],[],Node
This section of the DCP applies to development within the boundary of the precinct,entity,[],[],Node
The DCP establishes a framework to guide development in Precinct 31.,event,[],[],Node
This section of the Development Control Plan (DCP) is part of the Marrickville DCP.,event,[],[],Node
This section of the DCP applies to development within the boundary of the precinct as shown in Figure 1: Map of precinct.,event,[],[],Node
The purpose of this section of the DCP is to guide the future development of the precinct.,event,[],[],Node
To minimise impacts to the surrounding low-density residential neighbourhoods.,event,[],[],Node
To provide lower scale and density buildings along Edith Street.,event,[],[],Node
Development within the precinct is to be undertaken in accordance with the Indicative Site Layout as shown in Figure 1 subject to compliance with relevant controls including the Apartment Design Guide.,event,[],[],Node
"Under Marrickville DCP, the 67 and 73 – 83 Mary Street, 43 Roberts Street and 50-52 Edith Street, St Peters is part of the Unwins Bridge Road (Precinct 31).",event,[],[],Node
St Peters,entity,[],[],Node
low-density residential neighbourhoods,entity,[],[],Node
surrounding low scale areas,entity,[],[],Node
Indicative Site Layout,entity,[],[],Node
Apartment Design Guide,entity,[],[],Node
Urban Design,entity,[],[],Node
Site Analysis,entity,[],[],Node
Airport Height Control,entity,[],[],Node
Height Limit,entity,[],[],Node
Equity of Access and Mobility,entity,[],[],Node
Access,entity,[],[],Node
Acoustic and Visual Privacy,entity,[],[],Node
Solar Access and Overshadowing,entity,[],[],Node
Solar Access,entity,[],[],Node
Social Impact Assessment,entity,[],[],Node
Clause 2.1 - urban_design (development_control) is described,event,[],[],Node
it deals with Urban Design,event,[],[],Node
Urban Design is dealt with in Clause 2.1,event,[],[],Node
Clause 2.2 - public_domain (development_control) is also described,event,[],[],Node
Clause 2.2 - public_domain (development_control) is described,event,[],[],Node
it deals with Public Domain,event,[],[],Node
Public Domain is dealt with in Clause 2.2,event,[],[],Node
Clause 2.3 - site_analysis (development_control) is also described,event,[],[],Node
Clause 2.3 - site_analysis (development_control) is described,event,[],[],Node
it deals with Site and Context Analysis,event,[],[],Node
Site and Context Analysis is dealt with in Clause 2.3,event,[],[],Node
Clause 2.4 - height_limit (development_control) is also described,event,[],[],Node
Clause 2.4 - height_limit (development_control) is described,event,[],[],Node
it deals with Airport Height Control,event,[],[],Node
Airport Height Control is dealt with in Clause 2.4,event,[],[],Node
Clause 2.5 - access (development_control) is also described,event,[],[],Node
Clause 2.5 - access (development_control) is described,event,[],[],Node
it deals with Equity of Access and Mobility,event,[],[],Node
Equity of Access and Mobility is dealt with in Clause 2.5,event,[],[],Node
Clause 2.6 - privacy (development_control) is also described,event,[],[],Node
Clause 2.6 - privacy (development_control) is described,event,[],[],Node
it deals with Acoustic and Visual Privacy,event,[],[],Node
Acoustic and Visual Privacy is dealt with in Clause 2.6,event,[],[],Node
Clause 2.7 - solar_access (development_control) is also described,event,[],[],Node
Clause 2.7 - solar_access (development_control) is described,event,[],[],Node
it deals with Solar Access and Overshadowing,event,[],[],Node
Solar Access and Overshadowing is dealt with in Clause 2.7,event,[],[],Node
Clause 2.8 - other (development_control) is also described,event,[],[],Node
Clause 2.8 - other (development_control) is described,event,[],[],Node
it deals with Social Impact Assessment,event,[],[],Node
Urban Design was done,event,[],[],Node
Public Domain was handled,event,[],[],Node
Site and Context Analysis was conducted,event,[],[],Node
Site and Context,entity,[],[],Node
Airport Height Control was implemented,event,[],[],Node
Airport,entity,[],[],Node
Equity of Access and Mobility was ensured,event,[],[],Node
Access and Mobility,entity,[],[],Node
Acoustic and Visual Privacy was maintained,event,[],[],Node
Solar Access and Overshadowing was analyzed,event,[],[],Node
Social Impact Assessment was performed,event,[],[],Node
Social Impact,entity,[],[],Node
The planning document is called Marrickville DCP 2011 - Cover.pdf.,event,[],[],Node
It was prepared as part of the Marrickville Local Environmental Plan 2011.,event,[],[],Node
The document is attached to the planning application.,event,[],[],Node
"As part of a broader effort to develop the inner west area, including Marrickville.",event,[],[],Node
The Planning Document is located in docs/dcps/INNERWEST/Marrickville/,event,[],[],Node
dcp,entity,[],[],Node
The document name is Marrickville DCP 2011 - Cover.pdf,event,[],[],Node
Marrickville DCP 2011 - Cover.pdf,entity,[],[],Node
Information to be submitted with a Development Application,entity,[],[],Node
Development Application Lodgement Process,entity,[],[],Node
Exempt and Complying Development,entity,[],[],Node
a type of development control,entity,[],[],Node
Over -the-counter verbal advice,entity,[],[],Node
a part of development_control,entity,[],[],Node
'Pre-DA' advisory panel meetings,entity,[],[],Node
a type of meeting for development applications,entity,[],[],Node
Lodgement of a development application,entity,[],[],Node
Designated development,entity,[],[],Node
a type of development,entity,[],[],Node
Integrated development,entity,[],[],Node
Information to be submitted with a Development Application is required.,event,[],[],Node
The Development Application Lodgement Process can begin.,event,[],[],Node
Exempt and Complying Development can be processed.,event,[],[],Node
Over -the-counter verbal advice is provided.,event,[],[],Node
'Pre-DA' advisory panel meetings are held.,event,[],[],Node
Information to be submitted with a Development Application is provided.,event,[],[],Node
The Lodgement of a development application can begin.,event,[],[],Node
Designated development requires further processing.,event,[],[],Node
Integrated development is processed.,event,[],[],Node
Applicant,entity,[],[],Node
Panel Members,entity,[],[],Node
Planning Authorities,entity,[],[],Node
Environmental Protection Agencies,entity,[],[],Node
