:START_ID,:END_ID,:TYPE
Signage,e5852e5cdfc12d22f469eeffb3aaee7b32d28cbadc811b8c02edd5a12f1f642e,Source
high-rise buildings,e5852e5cdfc12d22f469eeffb3aaee7b32d28cbadc811b8c02edd5a12f1f642e,Source
underawning sign,e5852e5cdfc12d22f469eeffb3aaee7b32d28cbadc811b8c02edd5a12f1f642e,Source
excess of 2500mm x 400mm,e5852e5cdfc12d22f469eeffb3aaee7b32d28cbadc811b8c02edd5a12f1f642e,Source
Signs,e5852e5cdfc12d22f469eeffb3aaee7b32d28cbadc811b8c02edd5a12f1f642e,Source
a lower level than 2600mm above the footpath,e5852e5cdfc12d22f469eeffb3aaee7b32d28cbadc811b8c02edd5a12f1f642e,Source
original sign panels,e5852e5cdfc12d22f469eeffb3aaee7b32d28cbadc811b8c02edd5a12f1f642e,Source
the parapet of the building facade,e5852e5cdfc12d22f469eeffb3aaee7b32d28cbadc811b8c02edd5a12f1f642e,Source
heritage cases,e5852e5cdfc12d22f469eeffb3aaee7b32d28cbadc811b8c02edd5a12f1f642e,Source
Signage on high-rise buildings (in excess of 15 metres),e5852e5cdfc12d22f469eeffb3aaee7b32d28cbadc811b8c02edd5a12f1f642e,Source
Any underawning sign in excess of 2500mm x 400mm,e5852e5cdfc12d22f469eeffb3aaee7b32d28cbadc811b8c02edd5a12f1f642e,Source
Signs at a lower level than 2600mm above the footpath,e5852e5cdfc12d22f469eeffb3aaee7b32d28cbadc811b8c02edd5a12f1f642e,Source
Where original sign panels have been incorporated into the parapet of the building facade,e5852e5cdfc12d22f469eeffb3aaee7b32d28cbadc811b8c02edd5a12f1f642e,Source
These must be retained,e5852e5cdfc12d22f469eeffb3aaee7b32d28cbadc811b8c02edd5a12f1f642e,Source
"Where original sign panels have been incorporated into the parapet of the building facade, these must be retained",e5852e5cdfc12d22f469eeffb3aaee7b32d28cbadc811b8c02edd5a12f1f642e,Source
parapet,e5852e5cdfc12d22f469eeffb3aaee7b32d28cbadc811b8c02edd5a12f1f642e,Source
building facade,e5852e5cdfc12d22f469eeffb3aaee7b32d28cbadc811b8c02edd5a12f1f642e,Source
Development,7de7863e3eb097534f36032c7ce77ac48ec8f29b2dde6a862ab3a70205d5bb1c,Source
land,7de7863e3eb097534f36032c7ce77ac48ec8f29b2dde6a862ab3a70205d5bb1c,Source
Bandicoot Protection Area,7de7863e3eb097534f36032c7ce77ac48ec8f29b2dde6a862ab3a70205d5bb1c,Source
Wildlife Corridor,7de7863e3eb097534f36032c7ce77ac48ec8f29b2dde6a862ab3a70205d5bb1c,Source
native vegetation,7de7863e3eb097534f36032c7ce77ac48ec8f29b2dde6a862ab3a70205d5bb1c,Source
Buildings,7de7863e3eb097534f36032c7ce77ac48ec8f29b2dde6a862ab3a70205d5bb1c,Source
an outlook,7de7863e3eb097534f36032c7ce77ac48ec8f29b2dde6a862ab3a70205d5bb1c,Source
a visual transition,7de7863e3eb097534f36032c7ce77ac48ec8f29b2dde6a862ab3a70205d5bb1c,Source
views,7de7863e3eb097534f36032c7ce77ac48ec8f29b2dde6a862ab3a70205d5bb1c,Source
Development on land identified on the Biodiversity Map as Bandicoot Protection Area,7de7863e3eb097534f36032c7ce77ac48ec8f29b2dde6a862ab3a70205d5bb1c,Source
Development on land identified on the Biodiversity Map as Wildlife Corridor must incorporate native vegetation as part of any landscaping works,7de7863e3eb097534f36032c7ce77ac48ec8f29b2dde6a862ab3a70205d5bb1c,Source
Buildings must be located to provide an outlook to public open space without appearing to privatise that space,7de7863e3eb097534f36032c7ce77ac48ec8f29b2dde6a862ab3a70205d5bb1c,Source
"Development must provide a visual transition between open space, bushland reserves or other public spaces and buildings, including avoiding abutting public open space with back fences",7de7863e3eb097534f36032c7ce77ac48ec8f29b2dde6a862ab3a70205d5bb1c,Source
Development must protect views to and from public open spaces,7de7863e3eb097534f36032c7ce77ac48ec8f29b2dde6a862ab3a70205d5bb1c,Source
Development on land identified on the Biodiversity Map as Bandicoot Protection Area may be required to undertake an assessment of significance.,7de7863e3eb097534f36032c7ce77ac48ec8f29b2dde6a862ab3a70205d5bb1c,Source
Development on land identified on the Biodiversity Map as Wildlife Corridor must incorporate native vegetation as part of any landscaping works.,7de7863e3eb097534f36032c7ce77ac48ec8f29b2dde6a862ab3a70205d5bb1c,Source
Buildings must be located to provide an outlook to public open space without appearing to privatise that space.,7de7863e3eb097534f36032c7ce77ac48ec8f29b2dde6a862ab3a70205d5bb1c,Source
public open space,7de7863e3eb097534f36032c7ce77ac48ec8f29b2dde6a862ab3a70205d5bb1c,Source
"Development must provide a visual transition between open space, bushland reserves or other public spaces and buildings, including avoiding abutting public open space with back fences.",7de7863e3eb097534f36032c7ce77ac48ec8f29b2dde6a862ab3a70205d5bb1c,Source
open space,7de7863e3eb097534f36032c7ce77ac48ec8f29b2dde6a862ab3a70205d5bb1c,Source
bushland reserves,7de7863e3eb097534f36032c7ce77ac48ec8f29b2dde6a862ab3a70205d5bb1c,Source
public spaces,7de7863e3eb097534f36032c7ce77ac48ec8f29b2dde6a862ab3a70205d5bb1c,Source
buildings,7de7863e3eb097534f36032c7ce77ac48ec8f29b2dde6a862ab3a70205d5bb1c,Source
Development must protect views to and from public open spaces.,7de7863e3eb097534f36032c7ce77ac48ec8f29b2dde6a862ab3a70205d5bb1c,Source
public open spaces,7de7863e3eb097534f36032c7ce77ac48ec8f29b2dde6a862ab3a70205d5bb1c,Source
scenic protection area,59a9fc5eb910b62893713973b3f90a5833729099846f311073f98f92b8ea680e,Source
minimise potential adverse environmental impact,59a9fc5eb910b62893713973b3f90a5833729099846f311073f98f92b8ea680e,Source
"character, landscape, and scenic qualities of the area",59a9fc5eb910b62893713973b3f90a5833729099846f311073f98f92b8ea680e,Source
adjoining public open space,59a9fc5eb910b62893713973b3f90a5833729099846f311073f98f92b8ea680e,Source
design of new development,59a9fc5eb910b62893713973b3f90a5833729099846f311073f98f92b8ea680e,Source
plantings,59a9fc5eb910b62893713973b3f90a5833729099846f311073f98f92b8ea680e,Source
fauna habitat,59a9fc5eb910b62893713973b3f90a5833729099846f311073f98f92b8ea680e,Source
the area,59a9fc5eb910b62893713973b3f90a5833729099846f311073f98f92b8ea680e,Source
Development adjoining public open space must be set back from open space and be of a height and scale appropriate to the unique environmental qualities of the area.,59a9fc5eb910b62893713973b3f90a5833729099846f311073f98f92b8ea680e,Source
Development within the scenic protection area must be designed and located to minimise potential adverse environmental impact.,59a9fc5eb910b62893713973b3f90a5833729099846f311073f98f92b8ea680e,Source
This is particularly important where properties are within a foreshore area or where the land is flood affected.,59a9fc5eb910b62893713973b3f90a5833729099846f311073f98f92b8ea680e,Source
"Sandstone cliffs, outcrops, and overhangs must be retained in situ and integrated into the design of new development.",59a9fc5eb910b62893713973b3f90a5833729099846f311073f98f92b8ea680e,Source
Any plantings are to enhance fauna habitat and to be local species endemic to the area.,59a9fc5eb910b62893713973b3f90a5833729099846f311073f98f92b8ea680e,Source
WSUD provisions,951b72d305ee3afe2e1977ce56f375f62107849293be2c160a7352c7677d209b,Source
new development and redevelopment,951b72d305ee3afe2e1977ce56f375f62107849293be2c160a7352c7677d209b,Source
Specific developments,951b72d305ee3afe2e1977ce56f375f62107849293be2c160a7352c7677d209b,Source
water conservation and stormwater quality targets,951b72d305ee3afe2e1977ce56f375f62107849293be2c160a7352c7677d209b,Source
All residential buildings,951b72d305ee3afe2e1977ce56f375f62107849293be2c160a7352c7677d209b,Source
State Environmental Planning Policy - Building Sustainability Index (BASIX),951b72d305ee3afe2e1977ce56f375f62107849293be2c160a7352c7677d209b,Source
Buildings not covered by State Environmental Planning Policy - BASIX,951b72d305ee3afe2e1977ce56f375f62107849293be2c160a7352c7677d209b,Source
rainwater tanks,951b72d305ee3afe2e1977ce56f375f62107849293be2c160a7352c7677d209b,Source
minimum standards defined by Water Efficiency Labelling and Standards (WELS) Scheme,951b72d305ee3afe2e1977ce56f375f62107849293be2c160a7352c7677d209b,Source
passive cooling methods,951b72d305ee3afe2e1977ce56f375f62107849293be2c160a7352c7677d209b,Source
cooling towers,951b72d305ee3afe2e1977ce56f375f62107849293be2c160a7352c7677d209b,Source
connected to a conductivity meter,951b72d305ee3afe2e1977ce56f375f62107849293be2c160a7352c7677d209b,Source
alternative water sources,951b72d305ee3afe2e1977ce56f375f62107849293be2c160a7352c7677d209b,Source
Common open space,951b72d305ee3afe2e1977ce56f375f62107849293be2c160a7352c7677d209b,Source
sources other than potable mains water,951b72d305ee3afe2e1977ce56f375f62107849293be2c160a7352c7677d209b,Source
Development types identified in Table 1,951b72d305ee3afe2e1977ce56f375f62107849293be2c160a7352c7677d209b,Source
stormwater quality load reduction controls,951b72d305ee3afe2e1977ce56f375f62107849293be2c160a7352c7677d209b,Source
Specific developments are required to meet water conservation and stormwater quality targets,951b72d305ee3afe2e1977ce56f375f62107849293be2c160a7352c7677d209b,Source
that have been established for land where this DCP applies,951b72d305ee3afe2e1977ce56f375f62107849293be2c160a7352c7677d209b,Source
All residential buildings are to demonstrate compliance with State Environmental Planning Policy - Building Sustainability Index (BASIX),951b72d305ee3afe2e1977ce56f375f62107849293be2c160a7352c7677d209b,Source
as required,951b72d305ee3afe2e1977ce56f375f62107849293be2c160a7352c7677d209b,Source
All buildings not covered by the State Environmental Planning Policy - BASIX that are installing any water use fittings must meet minimum standards defined by the Water Efficiency Labelling and Standards (WELS) Scheme,951b72d305ee3afe2e1977ce56f375f62107849293be2c160a7352c7677d209b,Source
"Minimum WELS ratings are 4 star dual-flush toilets, 3 star showerheads, 4 star taps (for all taps other than bath)",951b72d305ee3afe2e1977ce56f375f62107849293be2c160a7352c7677d209b,Source
"are to install rainwater tanks to meet all non-potable demands, including outdoor use, toilets, and laundry (for child care centres, this water is to be used for irrigation and toilet flushing only)",951b72d305ee3afe2e1977ce56f375f62107849293be2c160a7352c7677d209b,Source
are to incorporate passive cooling methods that rely on improved natural ventilation to supplement or preclude mechanical cooling (refer Section 2.16.5.6),951b72d305ee3afe2e1977ce56f375f62107849293be2c160a7352c7677d209b,Source
The WSUD provisions apply to new development and redevelopment within the area aiming to reduce potable water use and treat stormwater.,951b72d305ee3afe2e1977ce56f375f62107849293be2c160a7352c7677d209b,Source
Specific developments are required to meet water conservation and stormwater quality targets.,951b72d305ee3afe2e1977ce56f375f62107849293be2c160a7352c7677d209b,Source
All residential buildings are to demonstrate compliance with State Environmental Planning Policy - Building Sustainability Index (BASIX).,951b72d305ee3afe2e1977ce56f375f62107849293be2c160a7352c7677d209b,Source
residential buildings,951b72d305ee3afe2e1977ce56f375f62107849293be2c160a7352c7677d209b,Source
Buildings installing water use fittings must meet minimum standards defined by the Water Efficiency Labelling and Standards (WELS) Scheme.,951b72d305ee3afe2e1977ce56f375f62107849293be2c160a7352c7677d209b,Source
Water Efficiency Labelling and Standards (WELS) Scheme,951b72d305ee3afe2e1977ce56f375f62107849293be2c160a7352c7677d209b,Source
Buildings are to install rainwater tanks to meet all non-potable demands.,951b72d305ee3afe2e1977ce56f375f62107849293be2c160a7352c7677d209b,Source
Buildings are to incorporate passive cooling methods relying on improved natural ventilation.,951b72d305ee3afe2e1977ce56f375f62107849293be2c160a7352c7677d209b,Source
Cooling towers are to be connected to a conductivity meter.,951b72d305ee3afe2e1977ce56f375f62107849293be2c160a7352c7677d209b,Source
Cooling towers,951b72d305ee3afe2e1977ce56f375f62107849293be2c160a7352c7677d209b,Source
conductivity meter,951b72d305ee3afe2e1977ce56f375f62107849293be2c160a7352c7677d209b,Source
A water meter is to be connected to a building energy and water metering system to monitor water usage.,951b72d305ee3afe2e1977ce56f375f62107849293be2c160a7352c7677d209b,Source
water meter,951b72d305ee3afe2e1977ce56f375f62107849293be2c160a7352c7677d209b,Source
building energy and water metering system,951b72d305ee3afe2e1977ce56f375f62107849293be2c160a7352c7677d209b,Source
Alternative water sources are to be employed for cooling towers.,951b72d305ee3afe2e1977ce56f375f62107849293be2c160a7352c7677d209b,Source
Alternative water sources,951b72d305ee3afe2e1977ce56f375f62107849293be2c160a7352c7677d209b,Source
Water use within common open space should be supplied from non-potable sources to meet 80% of the water use demand.,951b72d305ee3afe2e1977ce56f375f62107849293be2c160a7352c7677d209b,Source
Water use,951b72d305ee3afe2e1977ce56f375f62107849293be2c160a7352c7677d209b,Source
common open space,951b72d305ee3afe2e1977ce56f375f62107849293be2c160a7352c7677d209b,Source
Stormwater quality load reduction controls are specified for different pollutants.,951b72d305ee3afe2e1977ce56f375f62107849293be2c160a7352c7677d209b,Source
Stormwater quality load reduction controls,951b72d305ee3afe2e1977ce56f375f62107849293be2c160a7352c7677d209b,Source
2.17.4,5c5b43d1c4174ac1961c0d5a267053ed49417aaa6bb3b42e5dcb9f209274deef,Source
environmental_protection,5c5b43d1c4174ac1961c0d5a267053ed49417aaa6bb3b42e5dcb9f209274deef,Source
reduction,5c5b43d1c4174ac1961c0d5a267053ed49417aaa6bb3b42e5dcb9f209274deef,Source
post development mean annual load,5c5b43d1c4174ac1961c0d5a267053ed49417aaa6bb3b42e5dcb9f209274deef,Source
Total Nitrogen (TN),5c5b43d1c4174ac1961c0d5a267053ed49417aaa6bb3b42e5dcb9f209274deef,Source
Reduction in the post development mean annual load of Total Nitrogen (TN),5c5b43d1c4174ac1961c0d5a267053ed49417aaa6bb3b42e5dcb9f209274deef,Source
$45 \%$ reduction in other environmental protection measures,5c5b43d1c4174ac1961c0d5a267053ed49417aaa6bb3b42e5dcb9f209274deef,Source
45% reduction in the post development mean annual load of Total Nitrogen (TN),5c5b43d1c4174ac1961c0d5a267053ed49417aaa6bb3b42e5dcb9f209274deef,Source
Any new development,5749edd7368b578efeea00cd0949ded397b1bf519708601446f088cb6223a7a7,Source
existing trees on site,5749edd7368b578efeea00cd0949ded397b1bf519708601446f088cb6223a7a7,Source
To minimise,5749edd7368b578efeea00cd0949ded397b1bf519708601446f088cb6223a7a7,Source
hard paved areas and facilitate rainwater infiltration,5749edd7368b578efeea00cd0949ded397b1bf519708601446f088cb6223a7a7,Source
To encourage,5749edd7368b578efeea00cd0949ded397b1bf519708601446f088cb6223a7a7,Source
large scale developments,5749edd7368b578efeea00cd0949ded397b1bf519708601446f088cb6223a7a7,Source
A landscape plan and maintenance schedule,5749edd7368b578efeea00cd0949ded397b1bf519708601446f088cb6223a7a7,Source
"any development application for residential, commercial and industrial development that requires landscaping",5749edd7368b578efeea00cd0949ded397b1bf519708601446f088cb6223a7a7,Source
Use of mulch or similar treatments,5749edd7368b578efeea00cd0949ded397b1bf519708601446f088cb6223a7a7,Source
100mm,5749edd7368b578efeea00cd0949ded397b1bf519708601446f088cb6223a7a7,Source
Any court walls facing,5749edd7368b578efeea00cd0949ded397b1bf519708601446f088cb6223a7a7,Source
a communal area or public place or road,5749edd7368b578efeea00cd0949ded397b1bf519708601446f088cb6223a7a7,Source
Any new development must preserve and protect any existing trees on site.,5749edd7368b578efeea00cd0949ded397b1bf519708601446f088cb6223a7a7,Source
To minimise the extent of hard paved areas and facilitate rainwater infiltration.,5749edd7368b578efeea00cd0949ded397b1bf519708601446f088cb6223a7a7,Source
To encourage green roofs and green walls particularly for large scale developments.,5749edd7368b578efeea00cd0949ded397b1bf519708601446f088cb6223a7a7,Source
"A landscape plan and maintenance schedule must be submitted with any development application for residential, commercial and industrial development that requires landscaping.",5749edd7368b578efeea00cd0949ded397b1bf519708601446f088cb6223a7a7,Source
Use of mulch or similar treatments of garden beds with mulch depth not less than 100mm.,5749edd7368b578efeea00cd0949ded397b1bf519708601446f088cb6223a7a7,Source
Any court walls facing a communal area or public place or road (that must be constructed of a material similar in type and colour to that used for the development found on site).,5749edd7368b578efeea00cd0949ded397b1bf519708601446f088cb6223a7a7,Source
existing trees,5749edd7368b578efeea00cd0949ded397b1bf519708601446f088cb6223a7a7,Source
landscape plan,5749edd7368b578efeea00cd0949ded397b1bf519708601446f088cb6223a7a7,Source
maintenance schedule,5749edd7368b578efeea00cd0949ded397b1bf519708601446f088cb6223a7a7,Source
Use of mulch or similar treatments of garden beds with mulch depth not less than 100mm,5749edd7368b578efeea00cd0949ded397b1bf519708601446f088cb6223a7a7,Source
mulch,5749edd7368b578efeea00cd0949ded397b1bf519708601446f088cb6223a7a7,Source
stormwater,73bd91eaf8869e6ad1df774c6eb739c8d71ccf19cddd47ec4959c7b5fbdcdca7,Source
flow,73bd91eaf8869e6ad1df774c6eb739c8d71ccf19cddd47ec4959c7b5fbdcdca7,Source
urban environment,73bd91eaf8869e6ad1df774c6eb739c8d71ccf19cddd47ec4959c7b5fbdcdca7,Source
pedestrian and vehicular traffic,73bd91eaf8869e6ad1df774c6eb739c8d71ccf19cddd47ec4959c7b5fbdcdca7,Source
quality of receiving waters,73bd91eaf8869e6ad1df774c6eb739c8d71ccf19cddd47ec4959c7b5fbdcdca7,Source
gravity Pipe System,73bd91eaf8869e6ad1df774c6eb739c8d71ccf19cddd47ec4959c7b5fbdcdca7,Source
development,73bd91eaf8869e6ad1df774c6eb739c8d71ccf19cddd47ec4959c7b5fbdcdca7,Source
Pump System,73bd91eaf8869e6ad1df774c6eb739c8d71ccf19cddd47ec4959c7b5fbdcdca7,Source
qualified Engineer,73bd91eaf8869e6ad1df774c6eb739c8d71ccf19cddd47ec4959c7b5fbdcdca7,Source
drainage design,73bd91eaf8869e6ad1df774c6eb739c8d71ccf19cddd47ec4959c7b5fbdcdca7,Source
Sediment Control Plan,73bd91eaf8869e6ad1df774c6eb739c8d71ccf19cddd47ec4959c7b5fbdcdca7,Source
positive Covenant,73bd91eaf8869e6ad1df774c6eb739c8d71ccf19cddd47ec4959c7b5fbdcdca7,Source
easements,73bd91eaf8869e6ad1df774c6eb739c8d71ccf19cddd47ec4959c7b5fbdcdca7,Source
gravity drainage,73bd91eaf8869e6ad1df774c6eb739c8d71ccf19cddd47ec4959c7b5fbdcdca7,Source
Development activities,73bd91eaf8869e6ad1df774c6eb739c8d71ccf19cddd47ec4959c7b5fbdcdca7,Source
adverse impact on properties,73bd91eaf8869e6ad1df774c6eb739c8d71ccf19cddd47ec4959c7b5fbdcdca7,Source
Site discharges,73bd91eaf8869e6ad1df774c6eb739c8d71ccf19cddd47ec4959c7b5fbdcdca7,Source
pre-development discharges,73bd91eaf8869e6ad1df774c6eb739c8d71ccf19cddd47ec4959c7b5fbdcdca7,Source
OSD or OSR of stormwater,73bd91eaf8869e6ad1df774c6eb739c8d71ccf19cddd47ec4959c7b5fbdcdca7,Source
pre-development conditions,73bd91eaf8869e6ad1df774c6eb739c8d71ccf19cddd47ec4959c7b5fbdcdca7,Source
The flow of stormwater from developments needs to be managed,73bd91eaf8869e6ad1df774c6eb739c8d71ccf19cddd47ec4959c7b5fbdcdca7,Source
to negate or reduce the possibility of flooding buildings and/or the danger to life,73bd91eaf8869e6ad1df774c6eb739c8d71ccf19cddd47ec4959c7b5fbdcdca7,Source
Surface stormwater flows need to be controlled,73bd91eaf8869e6ad1df774c6eb739c8d71ccf19cddd47ec4959c7b5fbdcdca7,Source
from the effects of uncontrolled flows resulting from infrequent storm events,73bd91eaf8869e6ad1df774c6eb739c8d71ccf19cddd47ec4959c7b5fbdcdca7,Source
caused by uncontrolled flows resulting from frequent storm events,73bd91eaf8869e6ad1df774c6eb739c8d71ccf19cddd47ec4959c7b5fbdcdca7,Source
"the quality of receiving waters, adjacent and downstream land-use, and the rights of landowners",73bd91eaf8869e6ad1df774c6eb739c8d71ccf19cddd47ec4959c7b5fbdcdca7,Source
On Site Detention is required,73bd91eaf8869e6ad1df774c6eb739c8d71ccf19cddd47ec4959c7b5fbdcdca7,Source
On Site Retention,73bd91eaf8869e6ad1df774c6eb739c8d71ccf19cddd47ec4959c7b5fbdcdca7,Source
Qualified Engineer is required to prepare drainage design,73bd91eaf8869e6ad1df774c6eb739c8d71ccf19cddd47ec4959c7b5fbdcdca7,Source
Sediment Control Plan is required,73bd91eaf8869e6ad1df774c6eb739c8d71ccf19cddd47ec4959c7b5fbdcdca7,Source
Positive Covenant Required,73bd91eaf8869e6ad1df774c6eb739c8d71ccf19cddd47ec4959c7b5fbdcdca7,Source
Written agreement from adjoining owners is required,73bd91eaf8869e6ad1df774c6eb739c8d71ccf19cddd47ec4959c7b5fbdcdca7,Source
achieving gravity drainage easements,73bd91eaf8869e6ad1df774c6eb739c8d71ccf19cddd47ec4959c7b5fbdcdca7,Source
Development activities must not cause adverse impacts,73bd91eaf8869e6ad1df774c6eb739c8d71ccf19cddd47ec4959c7b5fbdcdca7,Source
preserving surface flow paths and not increasing water levels,73bd91eaf8869e6ad1df774c6eb739c8d71ccf19cddd47ec4959c7b5fbdcdca7,Source
Site discharges need to be restricted to pre-development levels,73bd91eaf8869e6ad1df774c6eb739c8d71ccf19cddd47ec4959c7b5fbdcdca7,Source
using On-site Stormwater Detention and On Site Retention,73bd91eaf8869e6ad1df774c6eb739c8d71ccf19cddd47ec4959c7b5fbdcdca7,Source
OSD or OSR of stormwater is required,73bd91eaf8869e6ad1df774c6eb739c8d71ccf19cddd47ec4959c7b5fbdcdca7,Source
to pre-development conditions,73bd91eaf8869e6ad1df774c6eb739c8d71ccf19cddd47ec4959c7b5fbdcdca7,Source
"The flow of stormwater from developments needs to be managed so as to negate or reduce to an acceptable frequency the possibility of flooding buildings and/or the danger to life at any location, through the storage of stormwater where appropriate in developments and the control of major development drainage systems.",73bd91eaf8869e6ad1df774c6eb739c8d71ccf19cddd47ec4959c7b5fbdcdca7,Source
developments,73bd91eaf8869e6ad1df774c6eb739c8d71ccf19cddd47ec4959c7b5fbdcdca7,Source
To protect the urban environment from the effects of otherwise uncontrolled surface stormwater flows resulting from infrequent (and lesser) storm events.,73bd91eaf8869e6ad1df774c6eb739c8d71ccf19cddd47ec4959c7b5fbdcdca7,Source
surface stormwater flows,73bd91eaf8869e6ad1df774c6eb739c8d71ccf19cddd47ec4959c7b5fbdcdca7,Source
To minimise or negate disruption and/or danger to both pedestrian and vehicular traffic that may be caused by otherwise uncontrolled surface stormwater flows resulting from frequent storm events.,73bd91eaf8869e6ad1df774c6eb739c8d71ccf19cddd47ec4959c7b5fbdcdca7,Source
pedestrian,73bd91eaf8869e6ad1df774c6eb739c8d71ccf19cddd47ec4959c7b5fbdcdca7,Source
vehicular traffic,73bd91eaf8869e6ad1df774c6eb739c8d71ccf19cddd47ec4959c7b5fbdcdca7,Source
"To protect the quality of receiving waters, adjacent and downstream land-use and the rights of adjacent and downstream landowners.",73bd91eaf8869e6ad1df774c6eb739c8d71ccf19cddd47ec4959c7b5fbdcdca7,Source
adjacent land-use,73bd91eaf8869e6ad1df774c6eb739c8d71ccf19cddd47ec4959c7b5fbdcdca7,Source
downstream land-use,73bd91eaf8869e6ad1df774c6eb739c8d71ccf19cddd47ec4959c7b5fbdcdca7,Source
adjacent landowners,73bd91eaf8869e6ad1df774c6eb739c8d71ccf19cddd47ec4959c7b5fbdcdca7,Source
downstream landowners,73bd91eaf8869e6ad1df774c6eb739c8d71ccf19cddd47ec4959c7b5fbdcdca7,Source
"On Site Detention Yes (3, 6)",73bd91eaf8869e6ad1df774c6eb739c8d71ccf19cddd47ec4959c7b5fbdcdca7,Source
On Site Detention,73bd91eaf8869e6ad1df774c6eb739c8d71ccf19cddd47ec4959c7b5fbdcdca7,Source
"On Site Retention Yes (3,8)",73bd91eaf8869e6ad1df774c6eb739c8d71ccf19cddd47ec4959c7b5fbdcdca7,Source
Gravity Pipe System Required Yes (4),73bd91eaf8869e6ad1df774c6eb739c8d71ccf19cddd47ec4959c7b5fbdcdca7,Source
Gravity Pipe System,73bd91eaf8869e6ad1df774c6eb739c8d71ccf19cddd47ec4959c7b5fbdcdca7,Source
Pump System Permitted No (4),73bd91eaf8869e6ad1df774c6eb739c8d71ccf19cddd47ec4959c7b5fbdcdca7,Source
Drainage Easement over downstream property (2),73bd91eaf8869e6ad1df774c6eb739c8d71ccf19cddd47ec4959c7b5fbdcdca7,Source
Drainage Easement,73bd91eaf8869e6ad1df774c6eb739c8d71ccf19cddd47ec4959c7b5fbdcdca7,Source
downstream property,73bd91eaf8869e6ad1df774c6eb739c8d71ccf19cddd47ec4959c7b5fbdcdca7,Source
"Qualified Engineer required to prepare drainage design Yes (3, 6)",73bd91eaf8869e6ad1df774c6eb739c8d71ccf19cddd47ec4959c7b5fbdcdca7,Source
Qualified Engineer,73bd91eaf8869e6ad1df774c6eb739c8d71ccf19cddd47ec4959c7b5fbdcdca7,Source
Sediment Control Plan Required Yes (1),73bd91eaf8869e6ad1df774c6eb739c8d71ccf19cddd47ec4959c7b5fbdcdca7,Source
Positive Covenant Required (i.e. Section88E (3) Instrument) No (5),73bd91eaf8869e6ad1df774c6eb739c8d71ccf19cddd47ec4959c7b5fbdcdca7,Source
Positive Covenant,73bd91eaf8869e6ad1df774c6eb739c8d71ccf19cddd47ec4959c7b5fbdcdca7,Source
"Where easements are necessary over any adjoining or downstream property to achieve gravity drainage, a written agreement from the adjoining owners is to be submitted with the SDCP.",73bd91eaf8869e6ad1df774c6eb739c8d71ccf19cddd47ec4959c7b5fbdcdca7,Source
adjoining property,73bd91eaf8869e6ad1df774c6eb739c8d71ccf19cddd47ec4959c7b5fbdcdca7,Source
adjoining owners,73bd91eaf8869e6ad1df774c6eb739c8d71ccf19cddd47ec4959c7b5fbdcdca7,Source
SDCP,73bd91eaf8869e6ad1df774c6eb739c8d71ccf19cddd47ec4959c7b5fbdcdca7,Source
Development activities must not cause an adverse impact on adjoining or any other properties. This includes preserving surface flow paths and not increasing water levels.,73bd91eaf8869e6ad1df774c6eb739c8d71ccf19cddd47ec4959c7b5fbdcdca7,Source
adjoining properties,73bd91eaf8869e6ad1df774c6eb739c8d71ccf19cddd47ec4959c7b5fbdcdca7,Source
surface flow paths,73bd91eaf8869e6ad1df774c6eb739c8d71ccf19cddd47ec4959c7b5fbdcdca7,Source
water levels,73bd91eaf8869e6ad1df774c6eb739c8d71ccf19cddd47ec4959c7b5fbdcdca7,Source
Site discharges will need to be restricted to pre-development discharges using On-site Stormwater Detention (OSD) and On Site Retention (OSR).,73bd91eaf8869e6ad1df774c6eb739c8d71ccf19cddd47ec4959c7b5fbdcdca7,Source
On-site Stormwater Detention,73bd91eaf8869e6ad1df774c6eb739c8d71ccf19cddd47ec4959c7b5fbdcdca7,Source
OSD or OSR of stormwater is required to limit discharges from developments to pre-development conditions.,73bd91eaf8869e6ad1df774c6eb739c8d71ccf19cddd47ec4959c7b5fbdcdca7,Source
OSD,73bd91eaf8869e6ad1df774c6eb739c8d71ccf19cddd47ec4959c7b5fbdcdca7,Source
OSR,73bd91eaf8869e6ad1df774c6eb739c8d71ccf19cddd47ec4959c7b5fbdcdca7,Source
Extensions,c2f8da61953d8020633e31395a6f836f394d9f10310b5b7f51e86e407480fd7f,Source
less than $40 \mathsf { m } ^ { 2 }$,c2f8da61953d8020633e31395a6f836f394d9f10310b5b7f51e86e407480fd7f,Source
Sites,c2f8da61953d8020633e31395a6f836f394d9f10310b5b7f51e86e407480fd7f,Source
Cooks River,c2f8da61953d8020633e31395a6f836f394d9f10310b5b7f51e86e407480fd7f,Source
major Sydney Water Corporation controlled trunk drainage system,c2f8da61953d8020633e31395a6f836f394d9f10310b5b7f51e86e407480fd7f,Source
Single dwelling developments,c2f8da61953d8020633e31395a6f836f394d9f10310b5b7f51e86e407480fd7f,Source
on-site retention (OSR) in lieu of OSD,c2f8da61953d8020633e31395a6f836f394d9f10310b5b7f51e86e407480fd7f,Source
OSR system,c2f8da61953d8020633e31395a6f836f394d9f10310b5b7f51e86e407480fd7f,Source
specific requirements,c2f8da61953d8020633e31395a6f836f394d9f10310b5b7f51e86e407480fd7f,Source
calculated OSD storage volume,c2f8da61953d8020633e31395a6f836f394d9f10310b5b7f51e86e407480fd7f,Source
"For single dwelling developments, where a maximum of two residential dwellings are being created",c2f8da61953d8020633e31395a6f836f394d9f10310b5b7f51e86e407480fd7f,Source
on-site retention (OSR) may be used in lieu of OSD,c2f8da61953d8020633e31395a6f836f394d9f10310b5b7f51e86e407480fd7f,Source
The OSR system must adhere to specific tank size requirements based on lot size,c2f8da61953d8020633e31395a6f836f394d9f10310b5b7f51e86e407480fd7f,Source
The OSR must provide water to designated outlets and display standard labelling,c2f8da61953d8020633e31395a6f836f394d9f10310b5b7f51e86e407480fd7f,Source
OSR is not required under certain exclusions applying to OSD,c2f8da61953d8020633e31395a6f836f394d9f10310b5b7f51e86e407480fd7f,Source
"For other developments excluded by the above, OSR may be used to offset the calculated OSD storage volume",c2f8da61953d8020633e31395a6f836f394d9f10310b5b7f51e86e407480fd7f,Source
Sites that discharge directly to the Cooks River or into a major Sydney Water Corporation controlled trunk drainage system,c2f8da61953d8020633e31395a6f836f394d9f10310b5b7f51e86e407480fd7f,Source
Sydney Water Corporation,c2f8da61953d8020633e31395a6f836f394d9f10310b5b7f51e86e407480fd7f,Source
Clause 2.3,0a8debeb73ef9421193d58cf2b2f27bc0e0fa2c80b37bbfb3ee41c7ed01d32d4,Source
setback,0a8debeb73ef9421193d58cf2b2f27bc0e0fa2c80b37bbfb3ee41c7ed01d32d4,Source
height_limit,0a8debeb73ef9421193d58cf2b2f27bc0e0fa2c80b37bbfb3ee41c7ed01d32d4,Source
Clause 2.3.1,0a8debeb73ef9421193d58cf2b2f27bc0e0fa2c80b37bbfb3ee41c7ed01d32d4,Source
Clause 2.3.3,0a8debeb73ef9421193d58cf2b2f27bc0e0fa2c80b37bbfb3ee41c7ed01d32d4,Source
other,0a8debeb73ef9421193d58cf2b2f27bc0e0fa2c80b37bbfb3ee41c7ed01d32d4,Source
Front setbacks and front projections,0a8debeb73ef9421193d58cf2b2f27bc0e0fa2c80b37bbfb3ee41c7ed01d32d4,Source
Eaves height,0a8debeb73ef9421193d58cf2b2f27bc0e0fa2c80b37bbfb3ee41c7ed01d32d4,Source
"Minimise overshadowing, loss of privacy and views",0a8debeb73ef9421193d58cf2b2f27bc0e0fa2c80b37bbfb3ee41c7ed01d32d4,Source
"The site and context analysis must demonstrate that the development will integrate within the streetscape when considering scale, proportion and massing",0a8debeb73ef9421193d58cf2b2f27bc0e0fa2c80b37bbfb3ee41c7ed01d32d4,Source
"The site and context analysis must demonstrate that the building is well proportioned, both as an individual element and within the streetscape",0a8debeb73ef9421193d58cf2b2f27bc0e0fa2c80b37bbfb3ee41c7ed01d32d4,Source
The site and context analysis must demonstrate that the building will sit comfortably with surrounding buildings in terms of its massing,0a8debeb73ef9421193d58cf2b2f27bc0e0fa2c80b37bbfb3ee41c7ed01d32d4,Source
"Any endangered ecological community (EEC), significant trees or other vegetation (including any unique environmental features) and any other existing trees upon the site or close to the boundaries with adjoining sites",0a8debeb73ef9421193d58cf2b2f27bc0e0fa2c80b37bbfb3ee41c7ed01d32d4,Source
Clause 2.5.1,0fe9fff16a974627f444c8d0761e0690780a21775dfb9d52848427036e5bba2a,Source
parking,0fe9fff16a974627f444c8d0761e0690780a21775dfb9d52848427036e5bba2a,Source
adequate supply of car parking facilities,0fe9fff16a974627f444c8d0761e0690780a21775dfb9d52848427036e5bba2a,Source
people with a disability,0fe9fff16a974627f444c8d0761e0690780a21775dfb9d52848427036e5bba2a,Source
Clause 2.5.3,0fe9fff16a974627f444c8d0761e0690780a21775dfb9d52848427036e5bba2a,Source
provision for ease of use and comfort,0fe9fff16a974627f444c8d0761e0690780a21775dfb9d52848427036e5bba2a,Source
safety measures,0fe9fff16a974627f444c8d0761e0690780a21775dfb9d52848427036e5bba2a,Source
legible design and way finding features,0fe9fff16a974627f444c8d0761e0690780a21775dfb9d52848427036e5bba2a,Source
opportunities for access through principal entrances,0fe9fff16a974627f444c8d0761e0690780a21775dfb9d52848427036e5bba2a,Source
retention or improvement of existing accessible features,0fe9fff16a974627f444c8d0761e0690780a21775dfb9d52848427036e5bba2a,Source
development application,0fe9fff16a974627f444c8d0761e0690780a21775dfb9d52848427036e5bba2a,Source
matters as relevant to the application,0fe9fff16a974627f444c8d0761e0690780a21775dfb9d52848427036e5bba2a,Source
capacity for accessible features in future development,0fe9fff16a974627f444c8d0761e0690780a21775dfb9d52848427036e5bba2a,Source
Clause 2.5.1 - parking (development_control),0fe9fff16a974627f444c8d0761e0690780a21775dfb9d52848427036e5bba2a,Source
Clause 2.5.3 - other (development_control),0fe9fff16a974627f444c8d0761e0690780a21775dfb9d52848427036e5bba2a,Source
When assessing a development application Council must take into account the following matters as relevant to the application,0fe9fff16a974627f444c8d0761e0690780a21775dfb9d52848427036e5bba2a,Source
To provide an adequate supply of car parking facilities for use by people with a disability.,0fe9fff16a974627f444c8d0761e0690780a21775dfb9d52848427036e5bba2a,Source
"When assessing a development application Council must take into account specific factors related to ease of use, safety measures, legible design, access opportunities, and retention or improvement of existing accessible features.",0fe9fff16a974627f444c8d0761e0690780a21775dfb9d52848427036e5bba2a,Source
Council,0fe9fff16a974627f444c8d0761e0690780a21775dfb9d52848427036e5bba2a,Source
Planning Document,285a0607986de14e249b7ed622b00bd819de963bc49e1a372a29caa029c0b6bb,Source
Marrickville DCP 2011 - 2 6 Acoustic and Visual Privacy,285a0607986de14e249b7ed622b00bd819de963bc49e1a372a29caa029c0b6bb,Source
Planning Document: Marrickville DCP 2011 - 2 6 Acoustic and Visual Privacy,285a0607986de14e249b7ed622b00bd819de963bc49e1a372a29caa029c0b6bb,Source
Planning Document content on privacy regulations,285a0607986de14e249b7ed622b00bd819de963bc49e1a372a29caa029c0b6bb,Source
Marrickville DCP 2011,285a0607986de14e249b7ed622b00bd819de963bc49e1a372a29caa029c0b6bb,Source
solar access,f877657ae707f4029dc705d372402c01ce3377e9f031f340c4f24e9aab95865b,Source
not be reduced to less than two hours between 9.00am and 3.00pm on 21 June,f877657ae707f4029dc705d372402c01ce3377e9f031f340c4f24e9aab95865b,Source
not be further reduced,f877657ae707f4029dc705d372402c01ce3377e9f031f340c4f24e9aab95865b,Source
PV panels and solar hot water systems,f877657ae707f4029dc705d372402c01ce3377e9f031f340c4f24e9aab95865b,Source
areas of a building where there is minimal or no adverse impacts on the streetscape or architectural integrity of the host building,f877657ae707f4029dc705d372402c01ce3377e9f031f340c4f24e9aab95865b,Source
a minimum four hours of direct sunlight between 9 .00am and 3 .00pm during midwinter,f877657ae707f4029dc705d372402c01ce3377e9f031f340c4f24e9aab95865b,Source
Direct solar access to windows of principal living areas and principal areas of open space of nearby residential accommodation must not be reduced to less than two hours between 9.00am and 3.00pm on 21 June,f877657ae707f4029dc705d372402c01ce3377e9f031f340c4f24e9aab95865b,Source
solar access should not be further reduced where less than two hours of sunlight is currently available on 21 June,f877657ae707f4029dc705d372402c01ce3377e9f031f340c4f24e9aab95865b,Source
PV panels and solar hot water systems must be placed on areas of a building where there is minimal or no adverse impacts on the streetscape or architectural integrity of the host building,f877657ae707f4029dc705d372402c01ce3377e9f031f340c4f24e9aab95865b,Source
where there is minimal or no overshadowing,f877657ae707f4029dc705d372402c01ce3377e9f031f340c4f24e9aab95865b,Source
PV panels and solar hot water systems must receive a minimum four hours of direct sunlight between 9 .00am and 3 .00pm during midwinter,f877657ae707f4029dc705d372402c01ce3377e9f031f340c4f24e9aab95865b,Source
the requirement for placing them in areas with minimal or no adverse impacts,f877657ae707f4029dc705d372402c01ce3377e9f031f340c4f24e9aab95865b,Source
"Direct solar access to windows of principal living areas and principal areas of open space of nearby residential accommodation must not be reduced to less than two hours between 9.00am and 3.00pm on 21 June or where less than two hours of sunlight is currently available on 21 June, solar access should not be further reduced.",f877657ae707f4029dc705d372402c01ce3377e9f031f340c4f24e9aab95865b,Source
residential accommodation,f877657ae707f4029dc705d372402c01ce3377e9f031f340c4f24e9aab95865b,Source
PV panels and solar hot water systems must be placed on areas of a building where there is minimal or no adverse impacts on the streetscape or architectural integrity of the host building and where there is minimal or no overshadowing.,f877657ae707f4029dc705d372402c01ce3377e9f031f340c4f24e9aab95865b,Source
PV panels,f877657ae707f4029dc705d372402c01ce3377e9f031f340c4f24e9aab95865b,Source
solar hot water systems,f877657ae707f4029dc705d372402c01ce3377e9f031f340c4f24e9aab95865b,Source
building,f877657ae707f4029dc705d372402c01ce3377e9f031f340c4f24e9aab95865b,Source
PV panels and solar hot water systems must receive a minimum four hours of direct sunlight between 9.00am and 3.00pm during midwinter.,f877657ae707f4029dc705d372402c01ce3377e9f031f340c4f24e9aab95865b,Source
sign panels,e5852e5cdfc12d22f469eeffb3aaee7b32d28cbadc811b8c02edd5a12f1f642e,Source
height_limit is specified in Clause 2.12.4.6,e5852e5cdfc12d22f469eeffb3aaee7b32d28cbadc811b8c02edd5a12f1f642e,Source
other development controls in Clause 2.12.2,e5852e5cdfc12d22f469eeffb3aaee7b32d28cbadc811b8c02edd5a12f1f642e,Source
height_limit specified in Clause 2.12.2,e5852e5cdfc12d22f469eeffb3aaee7b32d28cbadc811b8c02edd5a12f1f642e,Source
Original sign panels incorporated into the parapet of the building facade,e5852e5cdfc12d22f469eeffb3aaee7b32d28cbadc811b8c02edd5a12f1f642e,Source
must be retained as per Clause C3,e5852e5cdfc12d22f469eeffb3aaee7b32d28cbadc811b8c02edd5a12f1f642e,Source
Clause C3,e5852e5cdfc12d22f469eeffb3aaee7b32d28cbadc811b8c02edd5a12f1f642e,Source
outlook to public open space,7de7863e3eb097534f36032c7ce77ac48ec8f29b2dde6a862ab3a70205d5bb1c,Source
visual transition between open space,7de7863e3eb097534f36032c7ce77ac48ec8f29b2dde6a862ab3a70205d5bb1c,Source
Buildings must be located to provide an outlook to public open space without appearing to privatize that space.,7de7863e3eb097534f36032c7ce77ac48ec8f29b2dde6a862ab3a70205d5bb1c,Source
"Development must provide a visual transition between open space, bushland reserves, or other public spaces and buildings, including avoiding abutting public open space with back fences.",7de7863e3eb097534f36032c7ce77ac48ec8f29b2dde6a862ab3a70205d5bb1c,Source
potential adverse environmental impact,59a9fc5eb910b62893713973b3f90a5833729099846f311073f98f92b8ea680e,Source
"Sandstone cliffs, outcrops, and overhangs",59a9fc5eb910b62893713973b3f90a5833729099846f311073f98f92b8ea680e,Source
Any plantings,59a9fc5eb910b62893713973b3f90a5833729099846f311073f98f92b8ea680e,Source
Development adjoining public open space must be set back from open space and be of a height and scale appropriate to the unique environmental qualities of the area,59a9fc5eb910b62893713973b3f90a5833729099846f311073f98f92b8ea680e,Source
Development within the scenic protection area must be designed and located to minimise potential adverse environmental impact,59a9fc5eb910b62893713973b3f90a5833729099846f311073f98f92b8ea680e,Source
"Development within the scenic protection area must be of a scale compatible with the character, landscape, and scenic qualities of the area",59a9fc5eb910b62893713973b3f90a5833729099846f311073f98f92b8ea680e,Source
Development within the scenic protection area must have minimal visual impact when viewed from any adjoining public open space,59a9fc5eb910b62893713973b3f90a5833729099846f311073f98f92b8ea680e,Source
"Where adjoining public open space provides a visual transition between open space and avoids abutting public open space with high, blank, or solid fences",59a9fc5eb910b62893713973b3f90a5833729099846f311073f98f92b8ea680e,Source
"Sandstone cliffs, outcrops, and overhangs must be retained in situ and integrated into the design of new development",59a9fc5eb910b62893713973b3f90a5833729099846f311073f98f92b8ea680e,Source
Any plantings are to enhance fauna habitat and to be local species endemic to the area,59a9fc5eb910b62893713973b3f90a5833729099846f311073f98f92b8ea680e,Source
"Development within the scenic protection area must be of a scale compatible with the character, landscape, and scenic qualities of the area.",59a9fc5eb910b62893713973b3f90a5833729099846f311073f98f92b8ea680e,Source
Development within the scenic protection area must be of minimal visual impact when viewed from any adjoining public open space.,59a9fc5eb910b62893713973b3f90a5833729099846f311073f98f92b8ea680e,Source
"Development within the scenic protection area must avoid abutting public open space with high, blank, or solid fences.",59a9fc5eb910b62893713973b3f90a5833729099846f311073f98f92b8ea680e,Source
Sandstone cliffs,59a9fc5eb910b62893713973b3f90a5833729099846f311073f98f92b8ea680e,Source
outcrops,59a9fc5eb910b62893713973b3f90a5833729099846f311073f98f92b8ea680e,Source
overhangs,59a9fc5eb910b62893713973b3f90a5833729099846f311073f98f92b8ea680e,Source
local species,59a9fc5eb910b62893713973b3f90a5833729099846f311073f98f92b8ea680e,Source
rainwater tanks to meet all non-potable demands,951b72d305ee3afe2e1977ce56f375f62107849293be2c160a7352c7677d209b,Source
a conductivity meter,951b72d305ee3afe2e1977ce56f375f62107849293be2c160a7352c7677d209b,Source
90% reduction in the post development mean annual load of Gross Pollutants,951b72d305ee3afe2e1977ce56f375f62107849293be2c160a7352c7677d209b,Source
85% reduction in the post development mean annual load of Total Suspended Solids,951b72d305ee3afe2e1977ce56f375f62107849293be2c160a7352c7677d209b,Source
60% reduction in the post development mean annual load of Total Phosphorus,951b72d305ee3afe2e1977ce56f375f62107849293be2c160a7352c7677d209b,Source
The WSUD provisions within this chapter apply to new development and redevelopment within the area,951b72d305ee3afe2e1977ce56f375f62107849293be2c160a7352c7677d209b,Source
Clause 2.17 - other (development_control),951b72d305ee3afe2e1977ce56f375f62107849293be2c160a7352c7677d209b,Source
Clause 2.17.2 - other (development_control),951b72d305ee3afe2e1977ce56f375f62107849293be2c160a7352c7677d209b,Source
Clause 2.17.3 - other (development_control),951b72d305ee3afe2e1977ce56f375f62107849293be2c160a7352c7677d209b,Source
Buildings not covered by the State Environmental Planning Policy - BASIX that are installing any water use fittings must meet minimum standards defined by the Water Efficiency Labelling and Standards (WELS) Scheme,951b72d305ee3afe2e1977ce56f375f62107849293be2c160a7352c7677d209b,Source
Buildings are to install rainwater tanks to meet all non-potable demands,951b72d305ee3afe2e1977ce56f375f62107849293be2c160a7352c7677d209b,Source
Buildings are to incorporate passive cooling methods that rely on improved natural ventilation,951b72d305ee3afe2e1977ce56f375f62107849293be2c160a7352c7677d209b,Source
Cooling towers are to be connected to a conductivity meter to ensure optimum circulation before discharge,951b72d305ee3afe2e1977ce56f375f62107849293be2c160a7352c7677d209b,Source
Buildings are to include a water meter connected to a building energy and water metering system to monitor water usage,951b72d305ee3afe2e1977ce56f375f62107849293be2c160a7352c7677d209b,Source
Buildings are to employ alternative water sources for cooling towers,951b72d305ee3afe2e1977ce56f375f62107849293be2c160a7352c7677d209b,Source
Water use within common open space should be supplied from sources other than potable mains water,951b72d305ee3afe2e1977ce56f375f62107849293be2c160a7352c7677d209b,Source
$90 \%$ reduction in the post development mean annual load of Gross Pollutants (greater than 5mm) is required for all development types identified in Table 1,951b72d305ee3afe2e1977ce56f375f62107849293be2c160a7352c7677d209b,Source
Clause 2.17.4 - other (environmental_protection),951b72d305ee3afe2e1977ce56f375f62107849293be2c160a7352c7677d209b,Source
$8 5 \%$ reduction in the post development mean annual load of Total Suspended Solids (TSS) is required,951b72d305ee3afe2e1977ce56f375f62107849293be2c160a7352c7677d209b,Source
$60 \%$ reduction in the post development mean annual load of Total Phosphorus (TP) is required,951b72d305ee3afe2e1977ce56f375f62107849293be2c160a7352c7677d209b,Source
The WSUD provisions within this chapter apply to new development and redevelopment within the area and aim to reduce potable water use and treat stormwater.,951b72d305ee3afe2e1977ce56f375f62107849293be2c160a7352c7677d209b,Source
new development,951b72d305ee3afe2e1977ce56f375f62107849293be2c160a7352c7677d209b,Source
redevelopment,951b72d305ee3afe2e1977ce56f375f62107849293be2c160a7352c7677d209b,Source
area,951b72d305ee3afe2e1977ce56f375f62107849293be2c160a7352c7677d209b,Source
water conservation targets,951b72d305ee3afe2e1977ce56f375f62107849293be2c160a7352c7677d209b,Source
stormwater quality targets,951b72d305ee3afe2e1977ce56f375f62107849293be2c160a7352c7677d209b,Source
State Environmental Planning Policy - BASIX,951b72d305ee3afe2e1977ce56f375f62107849293be2c160a7352c7677d209b,Source
water use fittings,951b72d305ee3afe2e1977ce56f375f62107849293be2c160a7352c7677d209b,Source
minimum standards,951b72d305ee3afe2e1977ce56f375f62107849293be2c160a7352c7677d209b,Source
"Buildings are to install rainwater tanks to meet non-potable demands including outdoor use, toilets, and laundry.",951b72d305ee3afe2e1977ce56f375f62107849293be2c160a7352c7677d209b,Source
non-potable demands,951b72d305ee3afe2e1977ce56f375f62107849293be2c160a7352c7677d209b,Source
outdoor use,951b72d305ee3afe2e1977ce56f375f62107849293be2c160a7352c7677d209b,Source
toilets,951b72d305ee3afe2e1977ce56f375f62107849293be2c160a7352c7677d209b,Source
laundry,951b72d305ee3afe2e1977ce56f375f62107849293be2c160a7352c7677d209b,Source
natural ventilation,951b72d305ee3afe2e1977ce56f375f62107849293be2c160a7352c7677d209b,Source
Cooling towers are to be connected to a conductivity meter to ensure optimum circulation before discharge.,951b72d305ee3afe2e1977ce56f375f62107849293be2c160a7352c7677d209b,Source
circulation,951b72d305ee3afe2e1977ce56f375f62107849293be2c160a7352c7677d209b,Source
discharge,951b72d305ee3afe2e1977ce56f375f62107849293be2c160a7352c7677d209b,Source
Buildings are to include a water meter connected to a building energy and water metering system to monitor water usage.,951b72d305ee3afe2e1977ce56f375f62107849293be2c160a7352c7677d209b,Source
building energy,951b72d305ee3afe2e1977ce56f375f62107849293be2c160a7352c7677d209b,Source
water metering system,951b72d305ee3afe2e1977ce56f375f62107849293be2c160a7352c7677d209b,Source
water usage,951b72d305ee3afe2e1977ce56f375f62107849293be2c160a7352c7677d209b,Source
Buildings are to employ alternative water sources for cooling towers.,951b72d305ee3afe2e1977ce56f375f62107849293be2c160a7352c7677d209b,Source
Water use within common open space should be supplied from sources other than potable mains water to meet 80% of the water use demand.,951b72d305ee3afe2e1977ce56f375f62107849293be2c160a7352c7677d209b,Source
sources,951b72d305ee3afe2e1977ce56f375f62107849293be2c160a7352c7677d209b,Source
potable mains water,951b72d305ee3afe2e1977ce56f375f62107849293be2c160a7352c7677d209b,Source
water use demand,951b72d305ee3afe2e1977ce56f375f62107849293be2c160a7352c7677d209b,Source
Stormwater quality load reduction controls are specified for various pollutants.,951b72d305ee3afe2e1977ce56f375f62107849293be2c160a7352c7677d209b,Source
pollutants,951b72d305ee3afe2e1977ce56f375f62107849293be2c160a7352c7677d209b,Source
cause 2.17.4,5c5b43d1c4174ac1961c0d5a267053ed49417aaa6bb3b42e5dcb9f209274deef,Source
45% reduction,5c5b43d1c4174ac1961c0d5a267053ed49417aaa6bb3b42e5dcb9f209274deef,Source
post development mean annual load of Total Nitrogen (TN),5c5b43d1c4174ac1961c0d5a267053ed49417aaa6bb3b42e5dcb9f209274deef,Source
A $45 \%$ reduction in the post development mean annual load of Total Nitrogen (TN),5c5b43d1c4174ac1961c0d5a267053ed49417aaa6bb3b42e5dcb9f209274deef,Source
environmental protection,5c5b43d1c4174ac1961c0d5a267053ed49417aaa6bb3b42e5dcb9f209274deef,Source
Cause 2.17.4 - other (environmental_protection): $45 \%$ reduction in the post development mean annual load of Total Nitrogen (TN),5c5b43d1c4174ac1961c0d5a267053ed49417aaa6bb3b42e5dcb9f209274deef,Source
Total Nitrogen,5c5b43d1c4174ac1961c0d5a267053ed49417aaa6bb3b42e5dcb9f209274deef,Source
extent of hard paved areas,5749edd7368b578efeea00cd0949ded397b1bf519708601446f088cb6223a7a7,Source
green roofs and green walls,5749edd7368b578efeea00cd0949ded397b1bf519708601446f088cb6223a7a7,Source
any development application,5749edd7368b578efeea00cd0949ded397b1bf519708601446f088cb6223a7a7,Source
garden beds,5749edd7368b578efeea00cd0949ded397b1bf519708601446f088cb6223a7a7,Source
court walls,5749edd7368b578efeea00cd0949ded397b1bf519708601446f088cb6223a7a7,Source
a material similar in type and colour to that used for the development found on site,5749edd7368b578efeea00cd0949ded397b1bf519708601446f088cb6223a7a7,Source
green roofs,5749edd7368b578efeea00cd0949ded397b1bf519708601446f088cb6223a7a7,Source
green walls,5749edd7368b578efeea00cd0949ded397b1bf519708601446f088cb6223a7a7,Source
residential development,5749edd7368b578efeea00cd0949ded397b1bf519708601446f088cb6223a7a7,Source
commercial development,5749edd7368b578efeea00cd0949ded397b1bf519708601446f088cb6223a7a7,Source
industrial development,5749edd7368b578efeea00cd0949ded397b1bf519708601446f088cb6223a7a7,Source
landscaping,5749edd7368b578efeea00cd0949ded397b1bf519708601446f088cb6223a7a7,Source
"Any court walls facing a communal area or public place or road (that must be constructed of a material similar in type and colour to that used for the development found on site), and",5749edd7368b578efeea00cd0949ded397b1bf519708601446f088cb6223a7a7,Source
communal area,5749edd7368b578efeea00cd0949ded397b1bf519708601446f088cb6223a7a7,Source
public place,5749edd7368b578efeea00cd0949ded397b1bf519708601446f088cb6223a7a7,Source
road,5749edd7368b578efeea00cd0949ded397b1bf519708601446f088cb6223a7a7,Source
material,5749edd7368b578efeea00cd0949ded397b1bf519708601446f088cb6223a7a7,Source
possibility of flooding buildings and/or danger to life,73bd91eaf8869e6ad1df774c6eb739c8d71ccf19cddd47ec4959c7b5fbdcdca7,Source
in developments,73bd91eaf8869e6ad1df774c6eb739c8d71ccf19cddd47ec4959c7b5fbdcdca7,Source
major development drainage systems,73bd91eaf8869e6ad1df774c6eb739c8d71ccf19cddd47ec4959c7b5fbdcdca7,Source
effects,73bd91eaf8869e6ad1df774c6eb739c8d71ccf19cddd47ec4959c7b5fbdcdca7,Source
uncontrolled surface stormwater flows,73bd91eaf8869e6ad1df774c6eb739c8d71ccf19cddd47ec4959c7b5fbdcdca7,Source
disruption and/or danger,73bd91eaf8869e6ad1df774c6eb739c8d71ccf19cddd47ec4959c7b5fbdcdca7,Source
"quality of receiving waters, adjacent and downstream land-use, and rights of landowners",73bd91eaf8869e6ad1df774c6eb739c8d71ccf19cddd47ec4959c7b5fbdcdca7,Source
Yes,73bd91eaf8869e6ad1df774c6eb739c8d71ccf19cddd47ec4959c7b5fbdcdca7,Source
No,73bd91eaf8869e6ad1df774c6eb739c8d71ccf19cddd47ec4959c7b5fbdcdca7,Source
adjoining or downstream property,73bd91eaf8869e6ad1df774c6eb739c8d71ccf19cddd47ec4959c7b5fbdcdca7,Source
discharges from developments to pre-development conditions,73bd91eaf8869e6ad1df774c6eb739c8d71ccf19cddd47ec4959c7b5fbdcdca7,Source
stormwater flows,73bd91eaf8869e6ad1df774c6eb739c8d71ccf19cddd47ec4959c7b5fbdcdca7,Source
receiving waters,73bd91eaf8869e6ad1df774c6eb739c8d71ccf19cddd47ec4959c7b5fbdcdca7,Source
land-use,73bd91eaf8869e6ad1df774c6eb739c8d71ccf19cddd47ec4959c7b5fbdcdca7,Source
landowners,73bd91eaf8869e6ad1df774c6eb739c8d71ccf19cddd47ec4959c7b5fbdcdca7,Source
proposed extended roof or paved area,c2f8da61953d8020633e31395a6f836f394d9f10310b5b7f51e86e407480fd7f,Source
Cooks River or major Sydney Water Corporation controlled trunk drainage system,c2f8da61953d8020633e31395a6f836f394d9f10310b5b7f51e86e407480fd7f,Source
maximum of two residential dwellings are being created,c2f8da61953d8020633e31395a6f836f394d9f10310b5b7f51e86e407480fd7f,Source
on-site retention (OSR) instead of OSD,c2f8da61953d8020633e31395a6f836f394d9f10310b5b7f51e86e407480fd7f,Source
Lot size (sqm),c2f8da61953d8020633e31395a6f836f394d9f10310b5b7f51e86e407480fd7f,Source
OSR tank size per lot (Strata or Torrens Title) (Litres),c2f8da61953d8020633e31395a6f836f394d9f10310b5b7f51e86e407480fd7f,Source
"toilet cisterns, laundry washing machine connections, external taps, and irrigation systems",c2f8da61953d8020633e31395a6f836f394d9f10310b5b7f51e86e407480fd7f,Source
exclusions applying to OSD under C5 i and ii above,c2f8da61953d8020633e31395a6f836f394d9f10310b5b7f51e86e407480fd7f,Source
Other developments,c2f8da61953d8020633e31395a6f836f394d9f10310b5b7f51e86e407480fd7f,Source
OSR to offset calculated OSD storage volume,c2f8da61953d8020633e31395a6f836f394d9f10310b5b7f51e86e407480fd7f,Source
Extensions (alterations and additions) where the proposed extended roof or paved area are less than $4 0 \mathsf { m } ^ { 2 }$,c2f8da61953d8020633e31395a6f836f394d9f10310b5b7f51e86e407480fd7f,Source
limit allowable discharges to the equivalent fully pervious discharges for the site area,c2f8da61953d8020633e31395a6f836f394d9f10310b5b7f51e86e407480fd7f,Source
apply limitations on allowable discharges,c2f8da61953d8020633e31395a6f836f394d9f10310b5b7f51e86e407480fd7f,Source
allow the use of on-site retention (OSR) instead of OSD,c2f8da61953d8020633e31395a6f836f394d9f10310b5b7f51e86e407480fd7f,Source
the allowance of OSR for single dwelling developments,c2f8da61953d8020633e31395a6f836f394d9f10310b5b7f51e86e407480fd7f,Source
The OSR must provide water to various outlets and systems within the property,c2f8da61953d8020633e31395a6f836f394d9f10310b5b7f51e86e407480fd7f,Source
the installation of OSR system,c2f8da61953d8020633e31395a6f836f394d9f10310b5b7f51e86e407480fd7f,Source
OSR is not required for certain developments excluded from OSD requirements,c2f8da61953d8020633e31395a6f836f394d9f10310b5b7f51e86e407480fd7f,Source
the same exclusions apply to OSD under specific clauses,c2f8da61953d8020633e31395a6f836f394d9f10310b5b7f51e86e407480fd7f,Source
OSR may be used to offset calculated OSD storage volume for certain excluded developments,c2f8da61953d8020633e31395a6f836f394d9f10310b5b7f51e86e407480fd7f,Source
exclusions for OSD as per specific clauses,c2f8da61953d8020633e31395a6f836f394d9f10310b5b7f51e86e407480fd7f,Source
Allowable discharges limited to equivalent fully pervious discharges for the site area,c2f8da61953d8020633e31395a6f836f394d9f10310b5b7f51e86e407480fd7f,Source
site area,c2f8da61953d8020633e31395a6f836f394d9f10310b5b7f51e86e407480fd7f,Source
Extensions (alterations and additions) with proposed extended roof or paved area less than $40 m^2$,c2f8da61953d8020633e31395a6f836f394d9f10310b5b7f51e86e407480fd7f,Source
extensions,c2f8da61953d8020633e31395a6f836f394d9f10310b5b7f51e86e407480fd7f,Source
Sites discharging directly to the Cooks River or major Sydney Water Corporation controlled trunk drainage system,c2f8da61953d8020633e31395a6f836f394d9f10310b5b7f51e86e407480fd7f,Source
On-site retention (OSR) may be used in lieu of OSD for single dwelling developments,c2f8da61953d8020633e31395a6f836f394d9f10310b5b7f51e86e407480fd7f,Source
single dwelling developments,c2f8da61953d8020633e31395a6f836f394d9f10310b5b7f51e86e407480fd7f,Source
OSR system must adhere to specified lot size and tank size requirements,c2f8da61953d8020633e31395a6f836f394d9f10310b5b7f51e86e407480fd7f,Source
OSR must provide water to specific outlets,c2f8da61953d8020633e31395a6f836f394d9f10310b5b7f51e86e407480fd7f,Source
OSR not required for certain exclusions under OSD,c2f8da61953d8020633e31395a6f836f394d9f10310b5b7f51e86e407480fd7f,Source
OSR may be used to offset calculated OSD storage volume at a specified rate,c2f8da61953d8020633e31395a6f836f394d9f10310b5b7f51e86e407480fd7f,Source
Clause 2.3 - setback (development_control),0a8debeb73ef9421193d58cf2b2f27bc0e0fa2c80b37bbfb3ee41c7ed01d32d4,Source
Clause 2.3 - height_limit (development_control),0a8debeb73ef9421193d58cf2b2f27bc0e0fa2c80b37bbfb3ee41c7ed01d32d4,Source
"Minimising overshadowing, loss of privacy and views",0a8debeb73ef9421193d58cf2b2f27bc0e0fa2c80b37bbfb3ee41c7ed01d32d4,Source
Clause 2.3.1 - environmental_protection (environmental_protection),0a8debeb73ef9421193d58cf2b2f27bc0e0fa2c80b37bbfb3ee41c7ed01d32d4,Source
The site and context analysis,0a8debeb73ef9421193d58cf2b2f27bc0e0fa2c80b37bbfb3ee41c7ed01d32d4,Source
"integration within the streetscape when considering scale, proportion and massing, as stated in Clause 2.3.3 - other (development_control)",0a8debeb73ef9421193d58cf2b2f27bc0e0fa2c80b37bbfb3ee41c7ed01d32d4,Source
The building's well proportioned,0a8debeb73ef9421193d58cf2b2f27bc0e0fa2c80b37bbfb3ee41c7ed01d32d4,Source
Clause 2.3.3 - other (development_control),0a8debeb73ef9421193d58cf2b2f27bc0e0fa2c80b37bbfb3ee41c7ed01d32d4,Source
The building,0a8debeb73ef9421193d58cf2b2f27bc0e0fa2c80b37bbfb3ee41c7ed01d32d4,Source
according to Clause 2.3.3 - other (development_control),0a8debeb73ef9421193d58cf2b2f27bc0e0fa2c80b37bbfb3ee41c7ed01d32d4,Source
"Protection of any endangered ecological community, significant trees, or other vegetation",0a8debeb73ef9421193d58cf2b2f27bc0e0fa2c80b37bbfb3ee41c7ed01d32d4,Source
Clause 2.3.3 - environmental_protection (environmental_protection),0a8debeb73ef9421193d58cf2b2f27bc0e0fa2c80b37bbfb3ee41c7ed01d32d4,Source
development_control,0a8debeb73ef9421193d58cf2b2f27bc0e0fa2c80b37bbfb3ee41c7ed01d32d4,Source
Side setbacks,0a8debeb73ef9421193d58cf2b2f27bc0e0fa2c80b37bbfb3ee41c7ed01d32d4,Source
adequate supply,0fe9fff16a974627f444c8d0761e0690780a21775dfb9d52848427036e5bba2a,Source
following matters,0fe9fff16a974627f444c8d0761e0690780a21775dfb9d52848427036e5bba2a,Source
application,0fe9fff16a974627f444c8d0761e0690780a21775dfb9d52848427036e5bba2a,Source
"location of handrails, guard-rails and tactile indicators",0fe9fff16a974627f444c8d0761e0690780a21775dfb9d52848427036e5bba2a,Source
principal entrances,0fe9fff16a974627f444c8d0761e0690780a21775dfb9d52848427036e5bba2a,Source
existing accessible features,0fe9fff16a974627f444c8d0761e0690780a21775dfb9d52848427036e5bba2a,Source
"i. The provision for ease of use and comfort through appropriate gradients, rest areas, circulation space and user friendly entrances,",0fe9fff16a974627f444c8d0761e0690780a21775dfb9d52848427036e5bba2a,Source
"ii. Safety measures, including contrasting colours for points of danger, slip resistant travel surfaces and appropriate positioning of street furniture, public art installations, signage or any other obstacles, including those in the public domain,",0fe9fff16a974627f444c8d0761e0690780a21775dfb9d52848427036e5bba2a,Source
"iii. Legible design and way finding features, such as signs and international symbols and indicators, to assist in determining the location of handrails, guard-rails and tactile indicators where relevant,",0fe9fff16a974627f444c8d0761e0690780a21775dfb9d52848427036e5bba2a,Source
"iv. Opportunities for access through principal entrances of commercial buildings, public buildings and residential flat development,",0fe9fff16a974627f444c8d0761e0690780a21775dfb9d52848427036e5bba2a,Source
"v. The retention or improvement of existing accessible features,",0fe9fff16a974627f444c8d0761e0690780a21775dfb9d52848427036e5bba2a,Source
vi. The extent to which development may compromise or reduce the capacity for accessible features in future development.,0fe9fff16a974627f444c8d0761e0690780a21775dfb9d52848427036e5bba2a,Source
"When assessing a development application Council must take into account the following matters as relevant to the application: i. The provision for ease of use and comfort through appropriate gradients, rest areas, circulation space and user friendly entrances, ii. Safety measures, including contrasting colours for points of danger, slip resistant travel surfaces and appropriate positioning of street furniture, public art installations, signage or any other obstacles, including those in the public domain, iii. Legible design and way finding features, such as signs and international symbols and indicators, to assist in determining the location of handrails, guard-rails and tactile indicators where relevant, iv. Opportunities for access through principal entrances of commercial buildings, public buildings and residential flat development, v. The retention or improvement of existing accessible features, and vi. The extent to which development may compromise or reduce the capacity for accessible features in future development.",0fe9fff16a974627f444c8d0761e0690780a21775dfb9d52848427036e5bba2a,Source
Acoustic and Visual Privacy,285a0607986de14e249b7ed622b00bd819de963bc49e1a372a29caa029c0b6bb,Source
Planning Document was created,285a0607986de14e249b7ed622b00bd819de963bc49e1a372a29caa029c0b6bb,Source
Acoustic and Visual Privacy were considered,285a0607986de14e249b7ed622b00bd819de963bc49e1a372a29caa029c0b6bb,Source
Direct solar access,f877657ae707f4029dc705d372402c01ce3377e9f031f340c4f24e9aab95865b,Source
less than two hours between 9.00am and 3.00pm on 21 June,f877657ae707f4029dc705d372402c01ce3377e9f031f340c4f24e9aab95865b,Source
less than two hours of sunlight is currently available on 21 June,f877657ae707f4029dc705d372402c01ce3377e9f031f340c4f24e9aab95865b,Source
where there is minimal or no adverse impacts on the streetscape or architectural integrity of the host building,f877657ae707f4029dc705d372402c01ce3377e9f031f340c4f24e9aab95865b,Source
four hours of direct sunlight between 9.00am and 3.00pm during midwinter,f877657ae707f4029dc705d372402c01ce3377e9f031f340c4f24e9aab95865b,Source
solar access should not be further reduced if less than two hours of sunlight is currently available on 21 June,f877657ae707f4029dc705d372402c01ce3377e9f031f340c4f24e9aab95865b,Source
PV panels and solar hot water systems must receive a minimum four hours of direct sunlight between 9.00am and 3.00pm during midwinter,f877657ae707f4029dc705d372402c01ce3377e9f031f340c4f24e9aab95865b,Source
PV panels and solar hot water systems must be placed on areas of a building with minimal or no overshadowing,f877657ae707f4029dc705d372402c01ce3377e9f031f340c4f24e9aab95865b,Source
Direct solar access requirements to windows and open spaces,f877657ae707f4029dc705d372402c01ce3377e9f031f340c4f24e9aab95865b,Source
windows,f877657ae707f4029dc705d372402c01ce3377e9f031f340c4f24e9aab95865b,Source
Placement requirements for PV panels and solar hot water systems,f877657ae707f4029dc705d372402c01ce3377e9f031f340c4f24e9aab95865b,Source
streetscape,f877657ae707f4029dc705d372402c01ce3377e9f031f340c4f24e9aab95865b,Source
architectural integrity,f877657ae707f4029dc705d372402c01ce3377e9f031f340c4f24e9aab95865b,Source
Minimum sunlight requirement for PV panels and solar hot water systems,f877657ae707f4029dc705d372402c01ce3377e9f031f340c4f24e9aab95865b,Source
lower level than 2600mm above the footpath,e5852e5cdfc12d22f469eeffb3aaee7b32d28cbadc811b8c02edd5a12f1f642e,Source
parapet of the building facade,e5852e5cdfc12d22f469eeffb3aaee7b32d28cbadc811b8c02edd5a12f1f642e,Source
may be required to undertake an assessment of significance,7de7863e3eb097534f36032c7ce77ac48ec8f29b2dde6a862ab3a70205d5bb1c,Source
must incorporate native vegetation as part of any landscaping works,7de7863e3eb097534f36032c7ce77ac48ec8f29b2dde6a862ab3a70205d5bb1c,Source
without appearing to privatise that space,7de7863e3eb097534f36032c7ce77ac48ec8f29b2dde6a862ab3a70205d5bb1c,Source
including avoiding abutting public open space with back fences,7de7863e3eb097534f36032c7ce77ac48ec8f29b2dde6a862ab3a70205d5bb1c,Source
"Development must provide a visual transition between open space, bushland reserves, or other public spaces and buildings, including avoiding abutting public open space with back fences",7de7863e3eb097534f36032c7ce77ac48ec8f29b2dde6a862ab3a70205d5bb1c,Source
Land,7de7863e3eb097534f36032c7ce77ac48ec8f29b2dde6a862ab3a70205d5bb1c,Source
Biodiversity Map,7de7863e3eb097534f36032c7ce77ac48ec8f29b2dde6a862ab3a70205d5bb1c,Source
Appendix 3,7de7863e3eb097534f36032c7ce77ac48ec8f29b2dde6a862ab3a70205d5bb1c,Source
Native Vegetation,7de7863e3eb097534f36032c7ce77ac48ec8f29b2dde6a862ab3a70205d5bb1c,Source
Public Open Space,7de7863e3eb097534f36032c7ce77ac48ec8f29b2dde6a862ab3a70205d5bb1c,Source
Open Space,7de7863e3eb097534f36032c7ce77ac48ec8f29b2dde6a862ab3a70205d5bb1c,Source
Bushland Reserves,7de7863e3eb097534f36032c7ce77ac48ec8f29b2dde6a862ab3a70205d5bb1c,Source
Public Spaces,7de7863e3eb097534f36032c7ce77ac48ec8f29b2dde6a862ab3a70205d5bb1c,Source
Back Fences,7de7863e3eb097534f36032c7ce77ac48ec8f29b2dde6a862ab3a70205d5bb1c,Source
Views,7de7863e3eb097534f36032c7ce77ac48ec8f29b2dde6a862ab3a70205d5bb1c,Source
Public Open Spaces,7de7863e3eb097534f36032c7ce77ac48ec8f29b2dde6a862ab3a70205d5bb1c,Source
"open space and avoids abutting public open space with high, blank, or solid fences",59a9fc5eb910b62893713973b3f90a5833729099846f311073f98f92b8ea680e,Source
local species endemic to the area,59a9fc5eb910b62893713973b3f90a5833729099846f311073f98f92b8ea680e,Source
Properties are within a foreshore area or where the land is flood affected,59a9fc5eb910b62893713973b3f90a5833729099846f311073f98f92b8ea680e,Source
"Development within the scenic protection area must ensure adjoining public open space provides a visual transition between open space and avoids abutting public open space with high, blank, or solid fences.",59a9fc5eb910b62893713973b3f90a5833729099846f311073f98f92b8ea680e,Source
must meet minimum standards defined by the Water Efficiency Labelling and Standards (WELS) Scheme,951b72d305ee3afe2e1977ce56f375f62107849293be2c160a7352c7677d209b,Source
all non-potable demands,951b72d305ee3afe2e1977ce56f375f62107849293be2c160a7352c7677d209b,Source
a water meter connected to a building energy and water metering system,951b72d305ee3afe2e1977ce56f375f62107849293be2c160a7352c7677d209b,Source
alternative water sources for cooling towers,951b72d305ee3afe2e1977ce56f375f62107849293be2c160a7352c7677d209b,Source
other than potable mains water,951b72d305ee3afe2e1977ce56f375f62107849293be2c160a7352c7677d209b,Source
$90 \%$ reduction in the post development mean annual load of Gross Pollutants (greater than 5mm),951b72d305ee3afe2e1977ce56f375f62107849293be2c160a7352c7677d209b,Source
$85 \%$ reduction in the post development mean annual load of Total Suspended Solids (TSS),951b72d305ee3afe2e1977ce56f375f62107849293be2c160a7352c7677d209b,Source
$60 \%$ reduction in the post development mean annual load of Total Phosphorus (TP),951b72d305ee3afe2e1977ce56f375f62107849293be2c160a7352c7677d209b,Source
Clause 2.17 - other (development_control) applies to new development and redevelopment within the area,951b72d305ee3afe2e1977ce56f375f62107849293be2c160a7352c7677d209b,Source
Planning Document: Marrickville DCP 2011 - 2 17 Water Sensitive Urban Design,951b72d305ee3afe2e1977ce56f375f62107849293be2c160a7352c7677d209b,Source
Specific developments must meet water conservation and stormwater quality targets,951b72d305ee3afe2e1977ce56f375f62107849293be2c160a7352c7677d209b,Source
All residential buildings must demonstrate compliance with State Environmental Planning Policy - BASIX,951b72d305ee3afe2e1977ce56f375f62107849293be2c160a7352c7677d209b,Source
Buildings installing water use fittings must meet minimum standards defined by the WELS Scheme,951b72d305ee3afe2e1977ce56f375f62107849293be2c160a7352c7677d209b,Source
Buildings not covered by BASIX must install rainwater tanks for non-potable demands,951b72d305ee3afe2e1977ce56f375f62107849293be2c160a7352c7677d209b,Source
Buildings must incorporate passive cooling methods relying on natural ventilation,951b72d305ee3afe2e1977ce56f375f62107849293be2c160a7352c7677d209b,Source
Cooling towers used must be connected to a conductivity meter,951b72d305ee3afe2e1977ce56f375f62107849293be2c160a7352c7677d209b,Source
Buildings must include a water meter connected to a building energy and water metering system,951b72d305ee3afe2e1977ce56f375f62107849293be2c160a7352c7677d209b,Source
Alternative water sources must be employed for cooling towers,951b72d305ee3afe2e1977ce56f375f62107849293be2c160a7352c7677d209b,Source
Water use within common open space should be supplied from non-potable sources,951b72d305ee3afe2e1977ce56f375f62107849293be2c160a7352c7677d209b,Source
Stormwater quality load reduction controls include a $90 \%$ reduction in Gross Pollutants,951b72d305ee3afe2e1977ce56f375f62107849293be2c160a7352c7677d209b,Source
Stormwater quality load reduction controls include a $85 \%$ reduction in Total Suspended Solids,951b72d305ee3afe2e1977ce56f375f62107849293be2c160a7352c7677d209b,Source
Stormwater quality load reduction controls include a $60 \%$ reduction in Total Phosphorus,951b72d305ee3afe2e1977ce56f375f62107849293be2c160a7352c7677d209b,Source
Buildings installing any water use fittings must meet minimum standards defined by the Water Efficiency Labelling and Standards (WELS) Scheme.,951b72d305ee3afe2e1977ce56f375f62107849293be2c160a7352c7677d209b,Source
Buildings are to incorporate passive cooling methods that rely on improved natural ventilation.,951b72d305ee3afe2e1977ce56f375f62107849293be2c160a7352c7677d209b,Source
Buildings are to include a water meter connected to a building energy and water metering system.,951b72d305ee3afe2e1977ce56f375f62107849293be2c160a7352c7677d209b,Source
Water use within common open space should be supplied from sources other than potable mains water.,951b72d305ee3afe2e1977ce56f375f62107849293be2c160a7352c7677d209b,Source
"For all development types identified in Table 1, stormwater quality load reduction controls are specified.",951b72d305ee3afe2e1977ce56f375f62107849293be2c160a7352c7677d209b,Source
development types,951b72d305ee3afe2e1977ce56f375f62107849293be2c160a7352c7677d209b,Source
other (environmental_protection),5c5b43d1c4174ac1961c0d5a267053ed49417aaa6bb3b42e5dcb9f209274deef,Source
Cause 2.17.4 - other (environmental_protection): $45 \%$ reduction in the post development mean annual load of Total Nitrogen (TN).,5c5b43d1c4174ac1961c0d5a267053ed49417aaa6bb3b42e5dcb9f209274deef,Source
rainwater infiltration,5749edd7368b578efeea00cd0949ded397b1bf519708601446f088cb6223a7a7,Source
mulch depth,5749edd7368b578efeea00cd0949ded397b1bf519708601446f088cb6223a7a7,Source
material similar in type and colour,5749edd7368b578efeea00cd0949ded397b1bf519708601446f088cb6223a7a7,Source
Any new development must preserve and protect any existing trees on site,5749edd7368b578efeea00cd0949ded397b1bf519708601446f088cb6223a7a7,Source
To minimise the extent of hard paved areas and facilitate rainwater infiltration,5749edd7368b578efeea00cd0949ded397b1bf519708601446f088cb6223a7a7,Source
To encourage green roofs and green walls particularly for large scale developments,5749edd7368b578efeea00cd0949ded397b1bf519708601446f088cb6223a7a7,Source
"A landscape plan and maintenance schedule must be submitted with any development application for residential, commercial and industrial development that requires landscaping",5749edd7368b578efeea00cd0949ded397b1bf519708601446f088cb6223a7a7,Source
Any court walls facing a communal area or public place or road,5749edd7368b578efeea00cd0949ded397b1bf519708601446f088cb6223a7a7,Source
"Any court walls facing a communal area or public place or road (that must be constructed of a material similar in type and colour to that used for the development found on site),",5749edd7368b578efeea00cd0949ded397b1bf519708601446f088cb6223a7a7,Source
flooding buildings and/or danger to life,73bd91eaf8869e6ad1df774c6eb739c8d71ccf19cddd47ec4959c7b5fbdcdca7,Source
negate or reduce to an acceptable frequency,73bd91eaf8869e6ad1df774c6eb739c8d71ccf19cddd47ec4959c7b5fbdcdca7,Source
storage where appropriate in developments,73bd91eaf8869e6ad1df774c6eb739c8d71ccf19cddd47ec4959c7b5fbdcdca7,Source
control of major development drainage systems,73bd91eaf8869e6ad1df774c6eb739c8d71ccf19cddd47ec4959c7b5fbdcdca7,Source
infrequent storm events,73bd91eaf8869e6ad1df774c6eb739c8d71ccf19cddd47ec4959c7b5fbdcdca7,Source
lesser storm events,73bd91eaf8869e6ad1df774c6eb739c8d71ccf19cddd47ec4959c7b5fbdcdca7,Source
frequent storm events,73bd91eaf8869e6ad1df774c6eb739c8d71ccf19cddd47ec4959c7b5fbdcdca7,Source
effects of uncontrolled surface stormwater flows,73bd91eaf8869e6ad1df774c6eb739c8d71ccf19cddd47ec4959c7b5fbdcdca7,Source
disruption and danger to traffic,73bd91eaf8869e6ad1df774c6eb739c8d71ccf19cddd47ec4959c7b5fbdcdca7,Source
quality,73bd91eaf8869e6ad1df774c6eb739c8d71ccf19cddd47ec4959c7b5fbdcdca7,Source
adjacent and downstream land-use,73bd91eaf8869e6ad1df774c6eb739c8d71ccf19cddd47ec4959c7b5fbdcdca7,Source
rights of adjacent and downstream landowners,73bd91eaf8869e6ad1df774c6eb739c8d71ccf19cddd47ec4959c7b5fbdcdca7,Source
development activities,73bd91eaf8869e6ad1df774c6eb739c8d71ccf19cddd47ec4959c7b5fbdcdca7,Source
preserving surface flow paths,73bd91eaf8869e6ad1df774c6eb739c8d71ccf19cddd47ec4959c7b5fbdcdca7,Source
increasing water levels,73bd91eaf8869e6ad1df774c6eb739c8d71ccf19cddd47ec4959c7b5fbdcdca7,Source
On-site Stormwater Detention (OSD) and On Site Retention (OSR),73bd91eaf8869e6ad1df774c6eb739c8d71ccf19cddd47ec4959c7b5fbdcdca7,Source
Clause # 2.25.1 - environmental_protection,73bd91eaf8869e6ad1df774c6eb739c8d71ccf19cddd47ec4959c7b5fbdcdca7,Source
Clause # 2.25 - environmental_protection,73bd91eaf8869e6ad1df774c6eb739c8d71ccf19cddd47ec4959c7b5fbdcdca7,Source
Clause 2.25.3.2 - environmental_protection,73bd91eaf8869e6ad1df774c6eb739c8d71ccf19cddd47ec4959c7b5fbdcdca7,Source
Clause 2.25.3.1 - other,73bd91eaf8869e6ad1df774c6eb739c8d71ccf19cddd47ec4959c7b5fbdcdca7,Source
Clause 2.25.3.3 - environmental_protection,73bd91eaf8869e6ad1df774c6eb739c8d71ccf19cddd47ec4959c7b5fbdcdca7,Source
pedestrian traffic,73bd91eaf8869e6ad1df774c6eb739c8d71ccf19cddd47ec4959c7b5fbdcdca7,Source
sites,c2f8da61953d8020633e31395a6f836f394d9f10310b5b7f51e86e407480fd7f,Source
maximum of two residential dwellings,c2f8da61953d8020633e31395a6f836f394d9f10310b5b7f51e86e407480fd7f,Source
specified requirements,c2f8da61953d8020633e31395a6f836f394d9f10310b5b7f51e86e407480fd7f,Source
Extensions (alterations and additions) where the proposed extended roof or paved area are less than $40 m^2,c2f8da61953d8020633e31395a6f836f394d9f10310b5b7f51e86e407480fd7f,Source
discharge directly to the Cooks River or into a major Sydney Water Corporation controlled trunk drainage system,c2f8da61953d8020633e31395a6f836f394d9f10310b5b7f51e86e407480fd7f,Source
Lot size (sqm) Greater than 200,c2f8da61953d8020633e31395a6f836f394d9f10310b5b7f51e86e407480fd7f,Source
"Minimum OSR tank size per lot (Strata or Torrens Title) is 5,000 Litres",c2f8da61953d8020633e31395a6f836f394d9f10310b5b7f51e86e407480fd7f,Source
Lot size (sqm) Less than 200 but greater than 100,c2f8da61953d8020633e31395a6f836f394d9f10310b5b7f51e86e407480fd7f,Source
"Minimum OSR tank size per lot (Strata or Torrens Title) is 4,000 Litres",c2f8da61953d8020633e31395a6f836f394d9f10310b5b7f51e86e407480fd7f,Source
Lot size (sqm) Less than 100,c2f8da61953d8020633e31395a6f836f394d9f10310b5b7f51e86e407480fd7f,Source
"Minimum OSR tank size per lot (Strata or Torrens Title) is 3,000 Litres",c2f8da61953d8020633e31395a6f836f394d9f10310b5b7f51e86e407480fd7f,Source
"The OSR must provide water to all new and/or upgraded toilet cisterns, laundry washing machine connections, external taps, and irrigation systems",c2f8da61953d8020633e31395a6f836f394d9f10310b5b7f51e86e407480fd7f,Source
Standard labeling shall be displayed at such outlets,c2f8da61953d8020633e31395a6f836f394d9f10310b5b7f51e86e407480fd7f,Source
OSR is not required as per the same exclusions applying to OSD under C5 i and ii above,c2f8da61953d8020633e31395a6f836f394d9f10310b5b7f51e86e407480fd7f,Source
"For other developments excluded by the above, OSR may be used to offset the calculated OSD storage volume at a rate of $1 m^3, for every $2.5 m^3 of OSR storage provided (up to a maximum OSD offset of $10 m^3)",c2f8da61953d8020633e31395a6f836f394d9f10310b5b7f51e86e407480fd7f,Source
Allowable discharges will be limited to the equivalent fully pervious discharges for the site area.,c2f8da61953d8020633e31395a6f836f394d9f10310b5b7f51e86e407480fd7f,Source
Sites that discharge directly to the Cooks River or into a major Sydney Water Corporation controlled trunk drainage system.,c2f8da61953d8020633e31395a6f836f394d9f10310b5b7f51e86e407480fd7f,Source
site and context analysis,0a8debeb73ef9421193d58cf2b2f27bc0e0fa2c80b37bbfb3ee41c7ed01d32d4,Source
"integration within the streetscape when considering scale, proportion and massing",0a8debeb73ef9421193d58cf2b2f27bc0e0fa2c80b37bbfb3ee41c7ed01d32d4,Source
"building is well proportioned, both as an individual element and within the streetscape",0a8debeb73ef9421193d58cf2b2f27bc0e0fa2c80b37bbfb3ee41c7ed01d32d4,Source
building will sit comfortably with surrounding buildings in terms of its massing,0a8debeb73ef9421193d58cf2b2f27bc0e0fa2c80b37bbfb3ee41c7ed01d32d4,Source
"endangered ecological community (EEC), significant trees or other vegetation (including any unique environmental features) and any other existing trees upon the site or close to the boundaries with adjoining sites",0a8debeb73ef9421193d58cf2b2f27bc0e0fa2c80b37bbfb3ee41c7ed01d32d4,Source
"that the development will integrate within the streetscape when considering scale, proportion and massing",0a8debeb73ef9421193d58cf2b2f27bc0e0fa2c80b37bbfb3ee41c7ed01d32d4,Source
"that the building is well proportioned, both as an individual element and within the streetscape",0a8debeb73ef9421193d58cf2b2f27bc0e0fa2c80b37bbfb3ee41c7ed01d32d4,Source
that the building will sit comfortably with surrounding buildings in terms of its massing,0a8debeb73ef9421193d58cf2b2f27bc0e0fa2c80b37bbfb3ee41c7ed01d32d4,Source
"Any endangered ecological community (EEC), significant trees or other vegetation",0a8debeb73ef9421193d58cf2b2f27bc0e0fa2c80b37bbfb3ee41c7ed01d32d4,Source
any unique environmental features and any other existing trees upon the site or close to the boundaries with adjoining sites,0a8debeb73ef9421193d58cf2b2f27bc0e0fa2c80b37bbfb3ee41c7ed01d32d4,Source
"Front setbacks and front projections, • Side setbacks",0a8debeb73ef9421193d58cf2b2f27bc0e0fa2c80b37bbfb3ee41c7ed01d32d4,Source
"The site and context analysis must demonstrate that the development will integrate within the streetscape when considering scale, proportion and massing.",0a8debeb73ef9421193d58cf2b2f27bc0e0fa2c80b37bbfb3ee41c7ed01d32d4,Source
"The site and context analysis must demonstrate that the building is well proportioned, both as an individual element and within the streetscape.",0a8debeb73ef9421193d58cf2b2f27bc0e0fa2c80b37bbfb3ee41c7ed01d32d4,Source
The site and context analysis must demonstrate that the building will sit comfortably with surrounding buildings in terms of its massing.,0a8debeb73ef9421193d58cf2b2f27bc0e0fa2c80b37bbfb3ee41c7ed01d32d4,Source
Council must take into account the following matters,0fe9fff16a974627f444c8d0761e0690780a21775dfb9d52848427036e5bba2a,Source
extent to which development may compromise or reduce the capacity for accessible features in future development,0fe9fff16a974627f444c8d0761e0690780a21775dfb9d52848427036e5bba2a,Source
Parking facilities provision for people with a disability,0fe9fff16a974627f444c8d0761e0690780a21775dfb9d52848427036e5bba2a,Source
"Assessment of development application considering ease of use and comfort, safety measures, legible design, and accessibility",0fe9fff16a974627f444c8d0761e0690780a21775dfb9d52848427036e5bba2a,Source
Acoustic and visual privacy regulations in Marrickville DCP 2011,285a0607986de14e249b7ed622b00bd819de963bc49e1a372a29caa029c0b6bb,Source
Planning document named Marrickville DCP 2011 - 2 6 Acoustic and Visual Privacy was created,285a0607986de14e249b7ed622b00bd819de963bc49e1a372a29caa029c0b6bb,Source
less than two hours,f877657ae707f4029dc705d372402c01ce3377e9f031f340c4f24e9aab95865b,Source
where there is minimal or no adverse impacts on the streetscape or architectural integrity,f877657ae707f4029dc705d372402c01ce3377e9f031f340c4f24e9aab95865b,Source
a minimum four hours of direct sunlight between 9.00am and 3.00pm during midwinter,f877657ae707f4029dc705d372402c01ce3377e9f031f340c4f24e9aab95865b,Source
Direct solar access requirements for windows and open space of nearby residential accommodation,f877657ae707f4029dc705d372402c01ce3377e9f031f340c4f24e9aab95865b,Source
areas of a building,f877657ae707f4029dc705d372402c01ce3377e9f031f340c4f24e9aab95865b,Source
host building,f877657ae707f4029dc705d372402c01ce3377e9f031f340c4f24e9aab95865b,Source
overshadowing,f877657ae707f4029dc705d372402c01ce3377e9f031f340c4f24e9aab95865b,Source
Minimum sunlight requirement for PV panels and solar hot water systems during midwinter,f877657ae707f4029dc705d372402c01ce3377e9f031f340c4f24e9aab95865b,Source
direct sunlight,f877657ae707f4029dc705d372402c01ce3377e9f031f340c4f24e9aab95865b,Source
Signs and Advertising Structures,e5852e5cdfc12d22f469eeffb3aaee7b32d28cbadc811b8c02edd5a12f1f642e,Source
15 metres,e5852e5cdfc12d22f469eeffb3aaee7b32d28cbadc811b8c02edd5a12f1f642e,Source
2500mm x 400mm,e5852e5cdfc12d22f469eeffb3aaee7b32d28cbadc811b8c02edd5a12f1f642e,Source
2600mm above the footpath,e5852e5cdfc12d22f469eeffb3aaee7b32d28cbadc811b8c02edd5a12f1f642e,Source
incorporated into the parapet of the building facade,e5852e5cdfc12d22f469eeffb3aaee7b32d28cbadc811b8c02edd5a12f1f642e,Source
height limit is set in Clause 2.12.4.6,e5852e5cdfc12d22f469eeffb3aaee7b32d28cbadc811b8c02edd5a12f1f642e,Source
restriction is specified in Clause 2.12.2,e5852e5cdfc12d22f469eeffb3aaee7b32d28cbadc811b8c02edd5a12f1f642e,Source
height limit is defined in Clause 2.12.2,e5852e5cdfc12d22f469eeffb3aaee7b32d28cbadc811b8c02edd5a12f1f642e,Source
must be retained based on Clause C3,e5852e5cdfc12d22f469eeffb3aaee7b32d28cbadc811b8c02edd5a12f1f642e,Source
Signage on high-rise buildings exceeding 15 metres,e5852e5cdfc12d22f469eeffb3aaee7b32d28cbadc811b8c02edd5a12f1f642e,Source
High-rise buildings,e5852e5cdfc12d22f469eeffb3aaee7b32d28cbadc811b8c02edd5a12f1f642e,Source
Underawning sign exceeding 2500mm x 400mm,e5852e5cdfc12d22f469eeffb3aaee7b32d28cbadc811b8c02edd5a12f1f642e,Source
Underawning sign,e5852e5cdfc12d22f469eeffb3aaee7b32d28cbadc811b8c02edd5a12f1f642e,Source
Signs below 2600mm above the footpath,e5852e5cdfc12d22f469eeffb3aaee7b32d28cbadc811b8c02edd5a12f1f642e,Source
Retention of original sign panels in the parapet of the building facade,e5852e5cdfc12d22f469eeffb3aaee7b32d28cbadc811b8c02edd5a12f1f642e,Source
Original sign panels,e5852e5cdfc12d22f469eeffb3aaee7b32d28cbadc811b8c02edd5a12f1f642e,Source
Building facade,e5852e5cdfc12d22f469eeffb3aaee7b32d28cbadc811b8c02edd5a12f1f642e,Source
an outlook to public open space,7de7863e3eb097534f36032c7ce77ac48ec8f29b2dde6a862ab3a70205d5bb1c,Source
native vegetation as part of any landscaping works,7de7863e3eb097534f36032c7ce77ac48ec8f29b2dde6a862ab3a70205d5bb1c,Source
"a visual transition between open space, bushland reserves or other public spaces and buildings",7de7863e3eb097534f36032c7ce77ac48ec8f29b2dde6a862ab3a70205d5bb1c,Source
views to and from public open spaces,7de7863e3eb097534f36032c7ce77ac48ec8f29b2dde6a862ab3a70205d5bb1c,Source
Development on land identified on the Biodiversity Map as Wildlife Corridor,7de7863e3eb097534f36032c7ce77ac48ec8f29b2dde6a862ab3a70205d5bb1c,Source
back fences,7de7863e3eb097534f36032c7ce77ac48ec8f29b2dde6a862ab3a70205d5bb1c,Source
Designed and located,59a9fc5eb910b62893713973b3f90a5833729099846f311073f98f92b8ea680e,Source
"character, landscape and scenic qualities of the area",59a9fc5eb910b62893713973b3f90a5833729099846f311073f98f92b8ea680e,Source
"open space and avoids abutting public open space with high, blank or solid fences",59a9fc5eb910b62893713973b3f90a5833729099846f311073f98f92b8ea680e,Source
"Sandstone cliffs, outcrops and overhangs",59a9fc5eb910b62893713973b3f90a5833729099846f311073f98f92b8ea680e,Source
Development within the scenic protection area must be of minimal visual impact when viewed from any adjoining public open space,59a9fc5eb910b62893713973b3f90a5833729099846f311073f98f92b8ea680e,Source
"Development within the scenic protection area must ensure adjoining public open space provides a visual transition between open space and avoids abutting public open space with high, blank, or solid fences",59a9fc5eb910b62893713973b3f90a5833729099846f311073f98f92b8ea680e,Source
"Development within the scenic protection area must ensure that adjoining public open space provides a visual transition between open space and avoids abutting public open space with high, blank, or solid fences.",59a9fc5eb910b62893713973b3f90a5833729099846f311073f98f92b8ea680e,Source
minimum standards defined by the Water Efficiency Labelling and Standards (WELS) Scheme,951b72d305ee3afe2e1977ce56f375f62107849293be2c160a7352c7677d209b,Source
rainwater tanks for non-potable demands,951b72d305ee3afe2e1977ce56f375f62107849293be2c160a7352c7677d209b,Source
$90 \%$ reduction in Gross Pollutants (greater than 5mm),951b72d305ee3afe2e1977ce56f375f62107849293be2c160a7352c7677d209b,Source
$85 \%$ reduction in Total Suspended Solids (TSS),951b72d305ee3afe2e1977ce56f375f62107849293be2c160a7352c7677d209b,Source
$60 \%$ reduction in Total Phosphorus (TP),951b72d305ee3afe2e1977ce56f375f62107849293be2c160a7352c7677d209b,Source
All buildings not covered by the State Environmental Planning Policy - BASIX are to install rainwater tanks,951b72d305ee3afe2e1977ce56f375f62107849293be2c160a7352c7677d209b,Source
"for child care centres, this water is to be used for irrigation and toilet flushing only",951b72d305ee3afe2e1977ce56f375f62107849293be2c160a7352c7677d209b,Source
All buildings not covered by the State Environmental Planning Policy - BASIX are to incorporate passive cooling methods,951b72d305ee3afe2e1977ce56f375f62107849293be2c160a7352c7677d209b,Source
that rely on improved natural ventilation (refer Section 2.16.5.6),951b72d305ee3afe2e1977ce56f375f62107849293be2c160a7352c7677d209b,Source
"(e.g. stormwater, greywater or wastewater)",951b72d305ee3afe2e1977ce56f375f62107849293be2c160a7352c7677d209b,Source
The WSUD provisions within this chapter apply to new development and redevelopment within the area and aim to reduce potable water use and treat stormwater to reach stormwater quality targets.,951b72d305ee3afe2e1977ce56f375f62107849293be2c160a7352c7677d209b,Source
Specific developments are required to meet water conservation and stormwater quality targets established for land where this DCP applies.,951b72d305ee3afe2e1977ce56f375f62107849293be2c160a7352c7677d209b,Source
"All residential buildings are to demonstrate compliance with State Environmental Planning Policy - Building Sustainability Index (BASIX), as required.",951b72d305ee3afe2e1977ce56f375f62107849293be2c160a7352c7677d209b,Source
Buildings not covered by the State Environmental Planning Policy - BASIX that are installing any water use fittings must meet minimum standards defined by the Water Efficiency Labelling and Standards (WELS) Scheme.,951b72d305ee3afe2e1977ce56f375f62107849293be2c160a7352c7677d209b,Source
"Buildings are to install rainwater tanks to meet all non-potable demands, including outdoor use, toilets, and laundry.",951b72d305ee3afe2e1977ce56f375f62107849293be2c160a7352c7677d209b,Source
Buildings are to incorporate passive cooling methods that rely on improved natural ventilation to supplement or preclude mechanical cooling.,951b72d305ee3afe2e1977ce56f375f62107849293be2c160a7352c7677d209b,Source
"For all development types identified in Table 1, stormwater quality load reduction controls are: 90% reduction in the post development mean annual load of Gross Pollutants (greater than 5mm).",951b72d305ee3afe2e1977ce56f375f62107849293be2c160a7352c7677d209b,Source
hard paved areas,5749edd7368b578efeea00cd0949ded397b1bf519708601446f088cb6223a7a7,Source
rainwater,5749edd7368b578efeea00cd0949ded397b1bf519708601446f088cb6223a7a7,Source
flooding buildings and/or the danger to life,73bd91eaf8869e6ad1df774c6eb739c8d71ccf19cddd47ec4959c7b5fbdcdca7,Source
storage in developments and control of drainage systems,73bd91eaf8869e6ad1df774c6eb739c8d71ccf19cddd47ec4959c7b5fbdcdca7,Source
disruption and/or danger to traffic,73bd91eaf8869e6ad1df774c6eb739c8d71ccf19cddd47ec4959c7b5fbdcdca7,Source
required,73bd91eaf8869e6ad1df774c6eb739c8d71ccf19cddd47ec4959c7b5fbdcdca7,Source
limiting discharges from developments,73bd91eaf8869e6ad1df774c6eb739c8d71ccf19cddd47ec4959c7b5fbdcdca7,Source
"Clause # 2.25.2 - other (development_control): On Site Detention Yes (3, 6)",73bd91eaf8869e6ad1df774c6eb739c8d71ccf19cddd47ec4959c7b5fbdcdca7,Source
"Clause # 2.25.2 - other (development_control): Qualified Engineer required to prepare drainage design Yes (3, 6)",73bd91eaf8869e6ad1df774c6eb739c8d71ccf19cddd47ec4959c7b5fbdcdca7,Source
Clause 2.25.3.3 - environmental_protection (environmental_protection): OSD or OSR of stormwater is required to limit discharges from developments to pre-development conditions,73bd91eaf8869e6ad1df774c6eb739c8d71ccf19cddd47ec4959c7b5fbdcdca7,Source
Clause # 2.25.2 - other (development_control): Sediment Control Plan Required Yes (1),73bd91eaf8869e6ad1df774c6eb739c8d71ccf19cddd47ec4959c7b5fbdcdca7,Source
Clause 2.25.3.2 - environmental_protection (environmental_protection): Site discharges will need to be restricted to pre-development discharges using On-site Stormwater Detention (OSD) and On Site Retention (OSR),73bd91eaf8869e6ad1df774c6eb739c8d71ccf19cddd47ec4959c7b5fbdcdca7,Source
less than $40 \mathsf{m}^{2}$,c2f8da61953d8020633e31395a6f836f394d9f10310b5b7f51e86e407480fd7f,Source
the Cooks River or into a major Sydney Water Corporation controlled trunk drainage system,c2f8da61953d8020633e31395a6f836f394d9f10310b5b7f51e86e407480fd7f,Source
Lot size,c2f8da61953d8020633e31395a6f836f394d9f10310b5b7f51e86e407480fd7f,Source
OSR tank size per lot,c2f8da61953d8020633e31395a6f836f394d9f10310b5b7f51e86e407480fd7f,Source
specific outlets,c2f8da61953d8020633e31395a6f836f394d9f10310b5b7f51e86e407480fd7f,Source
Extensions where the proposed extended roof or paved area are less than $40 \mathsf{m^2}$,c2f8da61953d8020633e31395a6f836f394d9f10310b5b7f51e86e407480fd7f,Source
allowable discharges will be limited to the equivalent fully pervious discharges for the site area,c2f8da61953d8020633e31395a6f836f394d9f10310b5b7f51e86e407480fd7f,Source
"For single dwelling developments, where a maximum of two residential dwellings are being created, on-site retention (OSR) may be used in lieu of OSD",c2f8da61953d8020633e31395a6f836f394d9f10310b5b7f51e86e407480fd7f,Source
The OSR system must adhere to specific lot size requirements for OSR tank size per lot,c2f8da61953d8020633e31395a6f836f394d9f10310b5b7f51e86e407480fd7f,Source
"OSR must provide water to all new and/or upgraded toilet cisterns, laundry washing machine connections, external taps, and irrigation systems",c2f8da61953d8020633e31395a6f836f394d9f10310b5b7f51e86e407480fd7f,Source
at a rate of $1 \mathsf{m^3}$ for every $2.5 \mathsf{m^3}$ of OSR storage provided (up to a maximum OSD offset of $10 \mathsf{m^3}$),c2f8da61953d8020633e31395a6f836f394d9f10310b5b7f51e86e407480fd7f,Source
front setbacks,0a8debeb73ef9421193d58cf2b2f27bc0e0fa2c80b37bbfb3ee41c7ed01d32d4,Source
front projections,0a8debeb73ef9421193d58cf2b2f27bc0e0fa2c80b37bbfb3ee41c7ed01d32d4,Source
side setbacks,0a8debeb73ef9421193d58cf2b2f27bc0e0fa2c80b37bbfb3ee41c7ed01d32d4,Source
integration within the streetscape,0a8debeb73ef9421193d58cf2b2f27bc0e0fa2c80b37bbfb3ee41c7ed01d32d4,Source
building well proportioned,0a8debeb73ef9421193d58cf2b2f27bc0e0fa2c80b37bbfb3ee41c7ed01d32d4,Source
building sit comfortably with surrounding buildings,0a8debeb73ef9421193d58cf2b2f27bc0e0fa2c80b37bbfb3ee41c7ed01d32d4,Source
existing trees upon the site or close to the boundaries with adjoining sites,0a8debeb73ef9421193d58cf2b2f27bc0e0fa2c80b37bbfb3ee41c7ed01d32d4,Source
"the development will integrate within the streetscape when considering scale, proportion and massing (Clause 2.3.3 - other)",0a8debeb73ef9421193d58cf2b2f27bc0e0fa2c80b37bbfb3ee41c7ed01d32d4,Source
"the building is well proportioned, both as an individual element and within the streetscape (Clause 2.3.3 - other)",0a8debeb73ef9421193d58cf2b2f27bc0e0fa2c80b37bbfb3ee41c7ed01d32d4,Source
the building will sit comfortably with surrounding buildings in terms of its massing (Clause 2.3.3 - other),0a8debeb73ef9421193d58cf2b2f27bc0e0fa2c80b37bbfb3ee41c7ed01d32d4,Source
extent to which development may compromise or reduce capacity for accessible features,0fe9fff16a974627f444c8d0761e0690780a21775dfb9d52848427036e5bba2a,Source
Parking facilities for people with a disability,0fe9fff16a974627f444c8d0761e0690780a21775dfb9d52848427036e5bba2a,Source
Clause 2.5.3 considerations for ease of use and comfort,0fe9fff16a974627f444c8d0761e0690780a21775dfb9d52848427036e5bba2a,Source
Assessing a development application,0fe9fff16a974627f444c8d0761e0690780a21775dfb9d52848427036e5bba2a,Source
Taking into account safety measures,0fe9fff16a974627f444c8d0761e0690780a21775dfb9d52848427036e5bba2a,Source
Legible design and wayfinding features,0fe9fff16a974627f444c8d0761e0690780a21775dfb9d52848427036e5bba2a,Source
Determining the location of handrails and guard-rails,0fe9fff16a974627f444c8d0761e0690780a21775dfb9d52848427036e5bba2a,Source
Opportunities for access through principal entrances,0fe9fff16a974627f444c8d0761e0690780a21775dfb9d52848427036e5bba2a,Source
The retention or improvement of existing accessible features,0fe9fff16a974627f444c8d0761e0690780a21775dfb9d52848427036e5bba2a,Source
The capacity for accessible features in future development,0fe9fff16a974627f444c8d0761e0690780a21775dfb9d52848427036e5bba2a,Source
windows of principal living areas and principal areas of open space of nearby residential accommodation,f877657ae707f4029dc705d372402c01ce3377e9f031f340c4f24e9aab95865b,Source
minimal or no adverse impacts on the streetscape or architectural integrity of the host building and minimal or no overshadowing,f877657ae707f4029dc705d372402c01ce3377e9f031f340c4f24e9aab95865b,Source
Direct solar access to windows of principal living areas and principal areas of open space of nearby residential accommodation must not be reduced to less than two hours between 9.00am and 3.00pm on 21 June or solar access should not be further reduced.,f877657ae707f4029dc705d372402c01ce3377e9f031f340c4f24e9aab95865b,Source
living areas,f877657ae707f4029dc705d372402c01ce3377e9f031f340c4f24e9aab95865b,Source
PV panels and solar hot water systems must be placed on areas of a building with minimal or no adverse impacts on the streetscape or architectural integrity of the host building and minimal or no overshadowing.,f877657ae707f4029dc705d372402c01ce3377e9f031f340c4f24e9aab95865b,Source
social impact assessment,25f525e73c6fd192ab7b50244d580c8adf873382d6cd2591aa5ecb8c8f95ddb4,Source
positive or negative impact,25f525e73c6fd192ab7b50244d580c8adf873382d6cd2591aa5ecb8c8f95ddb4,Source
"people’s way of life, their culture, or their community",25f525e73c6fd192ab7b50244d580c8adf873382d6cd2591aa5ecb8c8f95ddb4,Source
SIC or SIS,25f525e73c6fd192ab7b50244d580c8adf873382d6cd2591aa5ecb8c8f95ddb4,Source
a significant impact on the community,25f525e73c6fd192ab7b50244d580c8adf873382d6cd2591aa5ecb8c8f95ddb4,Source
"A social impact assessment aims to predict the positive or negative impact of development or land use change on people’s way of life, culture, or community.",25f525e73c6fd192ab7b50244d580c8adf873382d6cd2591aa5ecb8c8f95ddb4,Source
A SIC or SIS is required with any development application if a proposed development is likely to have a significant impact on the community.,25f525e73c6fd192ab7b50244d580c8adf873382d6cd2591aa5ecb8c8f95ddb4,Source
In the opinion of Council,25f525e73c6fd192ab7b50244d580c8adf873382d6cd2591aa5ecb8c8f95ddb4,Source
"A social impact assessment (SIA) aims to predict the positive or negative impact that development or land use change may have on people’s way of life, their culture, or their community.",25f525e73c6fd192ab7b50244d580c8adf873382d6cd2591aa5ecb8c8f95ddb4,Source
land use change,25f525e73c6fd192ab7b50244d580c8adf873382d6cd2591aa5ecb8c8f95ddb4,Source
people,25f525e73c6fd192ab7b50244d580c8adf873382d6cd2591aa5ecb8c8f95ddb4,Source
way of life,25f525e73c6fd192ab7b50244d580c8adf873382d6cd2591aa5ecb8c8f95ddb4,Source
culture,25f525e73c6fd192ab7b50244d580c8adf873382d6cd2591aa5ecb8c8f95ddb4,Source
community,25f525e73c6fd192ab7b50244d580c8adf873382d6cd2591aa5ecb8c8f95ddb4,Source
"A SIC or SIS is required with any development application if, in the opinion of Council, a proposed development is likely to have a significant impact on the community.",25f525e73c6fd192ab7b50244d580c8adf873382d6cd2591aa5ecb8c8f95ddb4,Source
SIC,25f525e73c6fd192ab7b50244d580c8adf873382d6cd2591aa5ecb8c8f95ddb4,Source
SIS,25f525e73c6fd192ab7b50244d580c8adf873382d6cd2591aa5ecb8c8f95ddb4,Source
proposed development,25f525e73c6fd192ab7b50244d580c8adf873382d6cd2591aa5ecb8c8f95ddb4,Source
development applications,2b4500f4e174186529a5f12f11f51c1d6b80cccd0862f0dd4a7b85c463a9aa0d,Source
four core CPTED principles,2b4500f4e174186529a5f12f11f51c1d6b80cccd0862f0dd4a7b85c463a9aa0d,Source
"street, building, and between buildings",2b4500f4e174186529a5f12f11f51c1d6b80cccd0862f0dd4a7b85c463a9aa0d,Source
individual dwelling entries,2b4500f4e174186529a5f12f11f51c1d6b80cccd0862f0dd4a7b85c463a9aa0d,Source
street frontage or other vantage point,2b4500f4e174186529a5f12f11f51c1d6b80cccd0862f0dd4a7b85c463a9aa0d,Source
communal areas,2b4500f4e174186529a5f12f11f51c1d6b80cccd0862f0dd4a7b85c463a9aa0d,Source
spaces,2b4500f4e174186529a5f12f11f51c1d6b80cccd0862f0dd4a7b85c463a9aa0d,Source
"laneways, alleyways, parks, and open spaces",2b4500f4e174186529a5f12f11f51c1d6b80cccd0862f0dd4a7b85c463a9aa0d,Source
external lighting,2b4500f4e174186529a5f12f11f51c1d6b80cccd0862f0dd4a7b85c463a9aa0d,Source
safety and security of property,2b4500f4e174186529a5f12f11f51c1d6b80cccd0862f0dd4a7b85c463a9aa0d,Source
unintended or unauthorised access,2b4500f4e174186529a5f12f11f51c1d6b80cccd0862f0dd4a7b85c463a9aa0d,Source
design and location of elements,2b4500f4e174186529a5f12f11f51c1d6b80cccd0862f0dd4a7b85c463a9aa0d,Source
opportunities for unauthorised access,2b4500f4e174186529a5f12f11f51c1d6b80cccd0862f0dd4a7b85c463a9aa0d,Source
security devices,2b4500f4e174186529a5f12f11f51c1d6b80cccd0862f0dd4a7b85c463a9aa0d,Source
clear numbering,2b4500f4e174186529a5f12f11f51c1d6b80cccd0862f0dd4a7b85c463a9aa0d,Source
unintended access,2b4500f4e174186529a5f12f11f51c1d6b80cccd0862f0dd4a7b85c463a9aa0d,Source
blind or sharp corners,2b4500f4e174186529a5f12f11f51c1d6b80cccd0862f0dd4a7b85c463a9aa0d,Source
"pathways, stairwells, hallways, and car parks",2b4500f4e174186529a5f12f11f51c1d6b80cccd0862f0dd4a7b85c463a9aa0d,Source
buildings and structures,2b4500f4e174186529a5f12f11f51c1d6b80cccd0862f0dd4a7b85c463a9aa0d,Source
"street, other buildings, communal and public areas",2b4500f4e174186529a5f12f11f51c1d6b80cccd0862f0dd4a7b85c463a9aa0d,Source
To contribute to the safety of the public domain and optimize the use of public spaces and facilities by the community,2b4500f4e174186529a5f12f11f51c1d6b80cccd0862f0dd4a7b85c463a9aa0d,Source
the creation of a physical environment that encourages a feeling of safety,2b4500f4e174186529a5f12f11f51c1d6b80cccd0862f0dd4a7b85c463a9aa0d,Source
To ensure all development applications are assessed against the four core CPTED principles,2b4500f4e174186529a5f12f11f51c1d6b80cccd0862f0dd4a7b85c463a9aa0d,Source
community safety,2b4500f4e174186529a5f12f11f51c1d6b80cccd0862f0dd4a7b85c463a9aa0d,Source
To promote the design of private and public spaces which contribute to community safety,2b4500f4e174186529a5f12f11f51c1d6b80cccd0862f0dd4a7b85c463a9aa0d,Source
"all developments carried out by Council, other levels of government, and public agencies",2b4500f4e174186529a5f12f11f51c1d6b80cccd0862f0dd4a7b85c463a9aa0d,Source
"To orientate buildings to maximize surveillance from the street to the building, from the building to the street, and between buildings",2b4500f4e174186529a5f12f11f51c1d6b80cccd0862f0dd4a7b85c463a9aa0d,Source
individual dwelling entries in multi dwelling housing and the main building entry in other forms of residential buildings are clearly visible,2b4500f4e174186529a5f12f11f51c1d6b80cccd0862f0dd4a7b85c463a9aa0d,Source
"To encourage development which adjoins laneways, alleyways, parks, and open spaces or other public areas",2b4500f4e174186529a5f12f11f51c1d6b80cccd0862f0dd4a7b85c463a9aa0d,Source
the safety of those areas by maximizing opportunities for surveillance,2b4500f4e174186529a5f12f11f51c1d6b80cccd0862f0dd4a7b85c463a9aa0d,Source
To encourage the use of external lighting to improve the safety and security of property,2b4500f4e174186529a5f12f11f51c1d6b80cccd0862f0dd4a7b85c463a9aa0d,Source
increasing opportunities for casual surveillance and deterring illegal access,2b4500f4e174186529a5f12f11f51c1d6b80cccd0862f0dd4a7b85c463a9aa0d,Source
To minimize unintended or unauthorized access to any premises,2b4500f4e174186529a5f12f11f51c1d6b80cccd0862f0dd4a7b85c463a9aa0d,Source
the appropriate design and location of built and natural elements,2b4500f4e174186529a5f12f11f51c1d6b80cccd0862f0dd4a7b85c463a9aa0d,Source
To provide clear numbering to buildings,2b4500f4e174186529a5f12f11f51c1d6b80cccd0862f0dd4a7b85c463a9aa0d,Source
unintended access and to assist persons trying to find the building,2b4500f4e174186529a5f12f11f51c1d6b80cccd0862f0dd4a7b85c463a9aa0d,Source
"To avoid blind or sharp corners along pathways or in stairwells, hallways, and car parks",2b4500f4e174186529a5f12f11f51c1d6b80cccd0862f0dd4a7b85c463a9aa0d,Source
this inhibits surveillance,2b4500f4e174186529a5f12f11f51c1d6b80cccd0862f0dd4a7b85c463a9aa0d,Source
"Siting buildings and structures to face the street, other buildings, and communal and public areas",2b4500f4e174186529a5f12f11f51c1d6b80cccd0862f0dd4a7b85c463a9aa0d,Source
development control clause 2.9.3.1,2b4500f4e174186529a5f12f11f51c1d6b80cccd0862f0dd4a7b85c463a9aa0d,Source
"To promote the design of private and public spaces which contribute to community safety, including all developments carried out by Council, other levels of government and public agencies.",2b4500f4e174186529a5f12f11f51c1d6b80cccd0862f0dd4a7b85c463a9aa0d,Source
government,2b4500f4e174186529a5f12f11f51c1d6b80cccd0862f0dd4a7b85c463a9aa0d,Source
public agencies,2b4500f4e174186529a5f12f11f51c1d6b80cccd0862f0dd4a7b85c463a9aa0d,Source
To provide clear numbering to buildings to prevent unintended access and to assist persons (including emergency personnel) trying to find the building.,2b4500f4e174186529a5f12f11f51c1d6b80cccd0862f0dd4a7b85c463a9aa0d,Source
emergency personnel,2b4500f4e174186529a5f12f11f51c1d6b80cccd0862f0dd4a7b85c463a9aa0d,Source
entrances,d5cc33c38763c43600887d0f617207535ffd1432473127e4c48aa3e1020705f9,Source
visible from street,d5cc33c38763c43600887d0f617207535ffd1432473127e4c48aa3e1020705f9,Source
blind corners,d5cc33c38763c43600887d0f617207535ffd1432473127e4c48aa3e1020705f9,Source
areas where movement is predicted,d5cc33c38763c43600887d0f617207535ffd1432473127e4c48aa3e1020705f9,Source
lighting,d5cc33c38763c43600887d0f617207535ffd1432473127e4c48aa3e1020705f9,Source
"enable people to see, and be seen",d5cc33c38763c43600887d0f617207535ffd1432473127e4c48aa3e1020705f9,Source
site landscaping,d5cc33c38763c43600887d0f617207535ffd1432473127e4c48aa3e1020705f9,Source
suitable site landscaping without obscuring sight lines,d5cc33c38763c43600887d0f617207535ffd1432473127e4c48aa3e1020705f9,Source
shopfronts,d5cc33c38763c43600887d0f617207535ffd1432473127e4c48aa3e1020705f9,Source
allow an outlook to the public domain,d5cc33c38763c43600887d0f617207535ffd1432473127e4c48aa3e1020705f9,Source
public facilities,d5cc33c38763c43600887d0f617207535ffd1432473127e4c48aa3e1020705f9,Source
in areas of high use,d5cc33c38763c43600887d0f617207535ffd1432473127e4c48aa3e1020705f9,Source
Surveillance,d5cc33c38763c43600887d0f617207535ffd1432473127e4c48aa3e1020705f9,Source
windows over vehicle routes,d5cc33c38763c43600887d0f617207535ffd1432473127e4c48aa3e1020705f9,Source
height,d5cc33c38763c43600887d0f617207535ffd1432473127e4c48aa3e1020705f9,Source
access,d5cc33c38763c43600887d0f617207535ffd1432473127e4c48aa3e1020705f9,Source
to and egress from car parks,d5cc33c38763c43600887d0f617207535ffd1432473127e4c48aa3e1020705f9,Source
by intruders to a building or a neighbouring property,d5cc33c38763c43600887d0f617207535ffd1432473127e4c48aa3e1020705f9,Source
fencing,d5cc33c38763c43600887d0f617207535ffd1432473127e4c48aa3e1020705f9,Source
to delineate private and public areas,d5cc33c38763c43600887d0f617207535ffd1432473127e4c48aa3e1020705f9,Source
security measures,d5cc33c38763c43600887d0f617207535ffd1432473127e4c48aa3e1020705f9,Source
to reduce the likelihood of unauthorised access,d5cc33c38763c43600887d0f617207535ffd1432473127e4c48aa3e1020705f9,Source
"Avoiding or eliminating blind corners in areas where movement is predicted (on stairs, in corridors or along pathways)",d5cc33c38763c43600887d0f617207535ffd1432473127e4c48aa3e1020705f9,Source
Appropriately designing entrances to ensure that they are visible from the street,d5cc33c38763c43600887d0f617207535ffd1432473127e4c48aa3e1020705f9,Source
"Using appropriate lighting (in accordance with relevant Australian Standards) to enable people to see, and be seen, whilst avoiding amenity impacts upon neighbouring properties",d5cc33c38763c43600887d0f617207535ffd1432473127e4c48aa3e1020705f9,Source
Carrying out suitable site landscaping (where appropriate to the context) without obscuring sight lines or providing opportunities for the concealment of intruders,d5cc33c38763c43600887d0f617207535ffd1432473127e4c48aa3e1020705f9,Source
Ensuring shopfronts allow an outlook to the public domain and have a positive streetscape appearance by avoiding the use of roller shutters or other solid shutters,d5cc33c38763c43600887d0f617207535ffd1432473127e4c48aa3e1020705f9,Source
"Ensuring the appropriate location of public facilities associated with developments such as automatic teller machines (ATMs), telephones, bicycle storage and the like by locating those facilities in areas of high use and incorporating security features into their design",d5cc33c38763c43600887d0f617207535ffd1432473127e4c48aa3e1020705f9,Source
should be limited in height,d5cc33c38763c43600887d0f617207535ffd1432473127e4c48aa3e1020705f9,Source
"WP Surveillance from windows over vehicle routes, in an To maximise surveillance and minimise the creation of hiding places, landscaping along pedestrian pathways, car parks and play areas",d5cc33c38763c43600887d0f617207535ffd1432473127e4c48aa3e1020705f9,Source
"Minimising unintended access by intruders to a building or a neighbouring property through the careful placement of built and natural elements like carports, fences and proposed trees",d5cc33c38763c43600887d0f617207535ffd1432473127e4c48aa3e1020705f9,Source
"Providing clearly visible access to and egress from car parks, together with adequate directions to lift wells, stairwells and other facilities",d5cc33c38763c43600887d0f617207535ffd1432473127e4c48aa3e1020705f9,Source
Effectively using fencing or other means to delineate private and public areas without obstructing sightlines by high opaque barriers,d5cc33c38763c43600887d0f617207535ffd1432473127e4c48aa3e1020705f9,Source
"Appropriately designing and installing security measures (like open-mesh security grilles and doors) to reduce the likelihood of unauthorised access to buildings and communal areas whilst ensuring natural surveillance, compatibility with the character of the surrou",d5cc33c38763c43600887d0f617207535ffd1432473127e4c48aa3e1020705f9,Source
Subdivision or site amalgamation,9ce9fb83ab70f19b5bb1058bad8ce96b27c04f9669e085b62136e9c4fff85ef5,Source
significant features of the existing site or adjoining sites,9ce9fb83ab70f19b5bb1058bad8ce96b27c04f9669e085b62136e9c4fff85ef5,Source
Corner properties,9ce9fb83ab70f19b5bb1058bad8ce96b27c04f9669e085b62136e9c4fff85ef5,Source
splayed corner(s) for road widening purposes,9ce9fb83ab70f19b5bb1058bad8ce96b27c04f9669e085b62136e9c4fff85ef5,Source
"improve sight lines at intersections for vehicles, pedestrians and cyclists",9ce9fb83ab70f19b5bb1058bad8ce96b27c04f9669e085b62136e9c4fff85ef5,Source
"increase the footpath area for pedestrian access at corners, especially in centres",9ce9fb83ab70f19b5bb1058bad8ce96b27c04f9669e085b62136e9c4fff85ef5,Source
proposed subdivision or amalgamation,9ce9fb83ab70f19b5bb1058bad8ce96b27c04f9669e085b62136e9c4fff85ef5,Source
"prevailing cadastral pattern of the lots fronting the same street, in terms of area, dimensions, shape and orientation",9ce9fb83ab70f19b5bb1058bad8ce96b27c04f9669e085b62136e9c4fff85ef5,Source
"Subdivision or site amalgamation must not compromise the significant features of the existing site or adjoining sites, including streetscape, landscape features, trees, fences and rocky outcrops.",9ce9fb83ab70f19b5bb1058bad8ce96b27c04f9669e085b62136e9c4fff85ef5,Source
"Corner properties must have splayed corner(s) for road widening purposes and to improve sight lines at intersections for vehicles, pedestrians and cyclists and increase the footpath area for pedestrian access at corners, especially in centres.",9ce9fb83ab70f19b5bb1058bad8ce96b27c04f9669e085b62136e9c4fff85ef5,Source
"The proposed subdivision or amalgamation must have characteristics similar to the prevailing cadastral pattern of the lots fronting the same street, in terms of area, dimensions, shape and orientation.",9ce9fb83ab70f19b5bb1058bad8ce96b27c04f9669e085b62136e9c4fff85ef5,Source
existing site,9ce9fb83ab70f19b5bb1058bad8ce96b27c04f9669e085b62136e9c4fff85ef5,Source
adjoining sites,9ce9fb83ab70f19b5bb1058bad8ce96b27c04f9669e085b62136e9c4fff85ef5,Source
landscape features,9ce9fb83ab70f19b5bb1058bad8ce96b27c04f9669e085b62136e9c4fff85ef5,Source
trees,9ce9fb83ab70f19b5bb1058bad8ce96b27c04f9669e085b62136e9c4fff85ef5,Source
fences,9ce9fb83ab70f19b5bb1058bad8ce96b27c04f9669e085b62136e9c4fff85ef5,Source
rocky outcrops,9ce9fb83ab70f19b5bb1058bad8ce96b27c04f9669e085b62136e9c4fff85ef5,Source
road widening purposes,9ce9fb83ab70f19b5bb1058bad8ce96b27c04f9669e085b62136e9c4fff85ef5,Source
sight lines,9ce9fb83ab70f19b5bb1058bad8ce96b27c04f9669e085b62136e9c4fff85ef5,Source
intersections,9ce9fb83ab70f19b5bb1058bad8ce96b27c04f9669e085b62136e9c4fff85ef5,Source
vehicles,9ce9fb83ab70f19b5bb1058bad8ce96b27c04f9669e085b62136e9c4fff85ef5,Source
pedestrians,9ce9fb83ab70f19b5bb1058bad8ce96b27c04f9669e085b62136e9c4fff85ef5,Source
cyclists,9ce9fb83ab70f19b5bb1058bad8ce96b27c04f9669e085b62136e9c4fff85ef5,Source
footpath area,9ce9fb83ab70f19b5bb1058bad8ce96b27c04f9669e085b62136e9c4fff85ef5,Source
pedestrian access,9ce9fb83ab70f19b5bb1058bad8ce96b27c04f9669e085b62136e9c4fff85ef5,Source
centres,9ce9fb83ab70f19b5bb1058bad8ce96b27c04f9669e085b62136e9c4fff85ef5,Source
proposed subdivision,9ce9fb83ab70f19b5bb1058bad8ce96b27c04f9669e085b62136e9c4fff85ef5,Source
amalgamation,9ce9fb83ab70f19b5bb1058bad8ce96b27c04f9669e085b62136e9c4fff85ef5,Source
prevailing cadastral pattern,9ce9fb83ab70f19b5bb1058bad8ce96b27c04f9669e085b62136e9c4fff85ef5,Source
lots,9ce9fb83ab70f19b5bb1058bad8ce96b27c04f9669e085b62136e9c4fff85ef5,Source
street,9ce9fb83ab70f19b5bb1058bad8ce96b27c04f9669e085b62136e9c4fff85ef5,Source
dimensions,9ce9fb83ab70f19b5bb1058bad8ce96b27c04f9669e085b62136e9c4fff85ef5,Source
shape,9ce9fb83ab70f19b5bb1058bad8ce96b27c04f9669e085b62136e9c4fff85ef5,Source
orientation,9ce9fb83ab70f19b5bb1058bad8ce96b27c04f9669e085b62136e9c4fff85ef5,Source
Marrickville DCP 2011 - 4 0 Cover,ff9de959b9fc79ae2c39bfe9e75bb862a8694eb9d207e7082882e13111843221,Source
Planning Document: Marrickville DCP 2011 - 4 0 Cover,ff9de959b9fc79ae2c39bfe9e75bb862a8694eb9d207e7082882e13111843221,Source
a document related to Marrickville DCP 2011,ff9de959b9fc79ae2c39bfe9e75bb862a8694eb9d207e7082882e13111843221,Source
Planning Document prepared,ff9de959b9fc79ae2c39bfe9e75bb862a8694eb9d207e7082882e13111843221,Source
Clause 4.2.4.2,38c54cebcc19462d9ccd537eeb34e6466320c2d3c35218f2730e522dee591935,Source
Building heights,38c54cebcc19462d9ccd537eeb34e6466320c2d3c35218f2730e522dee591935,Source
Clause 4.2.4.3,38c54cebcc19462d9ccd537eeb34e6466320c2d3c35218f2730e522dee591935,Source
Building setbacks,38c54cebcc19462d9ccd537eeb34e6466320c2d3c35218f2730e522dee591935,Source
Clause 4.2.4.1,38c54cebcc19462d9ccd537eeb34e6466320c2d3c35218f2730e522dee591935,Source
Floor space ratio and site coverage,38c54cebcc19462d9ccd537eeb34e6466320c2d3c35218f2730e522dee591935,Source
4.2.6,38c54cebcc19462d9ccd537eeb34e6466320c2d3c35218f2730e522dee591935,Source
Parking and access,38c54cebcc19462d9ccd537eeb34e6466320c2d3c35218f2730e522dee591935,Source
4.2.10,38c54cebcc19462d9ccd537eeb34e6466320c2d3c35218f2730e522dee591935,Source
Period residential flat buildings,38c54cebcc19462d9ccd537eeb34e6466320c2d3c35218f2730e522dee591935,Source
4.2.1,38c54cebcc19462d9ccd537eeb34e6466320c2d3c35218f2730e522dee591935,Source
zoning,38c54cebcc19462d9ccd537eeb34e6466320c2d3c35218f2730e522dee591935,Source
4.2.2,38c54cebcc19462d9ccd537eeb34e6466320c2d3c35218f2730e522dee591935,Source
Clause 4.2.4.3 - setback: Building setbacks,38c54cebcc19462d9ccd537eeb34e6466320c2d3c35218f2730e522dee591935,Source
Clause 4.2.4.2 - height_limit: Building heights,38c54cebcc19462d9ccd537eeb34e6466320c2d3c35218f2730e522dee591935,Source
Clause 4.2.4.1 - fsr_control: 4.2.4.1 Floor space ratio and site coverage,38c54cebcc19462d9ccd537eeb34e6466320c2d3c35218f2730e522dee591935,Source
Clause 4.2.6 - parking (development_control): Parking and access .... .. 10,38c54cebcc19462d9ccd537eeb34e6466320c2d3c35218f2730e522dee591935,Source
Clause 4.2.10 - heritage (development_control): 4.2.10 Period residential flat buildings...... .. 13,38c54cebcc19462d9ccd537eeb34e6466320c2d3c35218f2730e522dee591935,Source
"Clause 4.2.1 - environmental_protection (environmental_protection): To ensure new development considers the principles of ecologically sustainable development, in particular energy, water and stormwater efficiency, solar access, natural ventilation, waste reduction and local biodiversity.",38c54cebcc19462d9ccd537eeb34e6466320c2d3c35218f2730e522dee591935,Source
Clause 4.2.1 - zoning (land_use_zoning): To ensure new development is compatible with the existing zoning and desired future character of the locality.,38c54cebcc19462d9ccd537eeb34e6466320c2d3c35218f2730e522dee591935,Source
Clause 4.2.2 - setback (development_control): Ensure new development maintains the same setback and enhances the streetscape character of the locality,38c54cebcc19462d9ccd537eeb34e6466320c2d3c35218f2730e522dee591935,Source
IWLEP 2022,38c54cebcc19462d9ccd537eeb34e6466320c2d3c35218f2730e522dee591935,Source
relevant controls in Section 4.1 of DCP,77ba4428337d5208112f27b98ddfcec209554256d629f6cffa422d440fee9636,Source
relevant controls in Section 4.2 of DCP,77ba4428337d5208112f27b98ddfcec209554256d629f6cffa422d440fee9636,Source
relevant controls in Section 5 of DCP,77ba4428337d5208112f27b98ddfcec209554256d629f6cffa422d440fee9636,Source
Table 1 in Section 2.10 Parking,77ba4428337d5208112f27b98ddfcec209554256d629f6cffa422d440fee9636,Source
residential flat buildings,77ba4428337d5208112f27b98ddfcec209554256d629f6cffa422d440fee9636,Source
heritage,77ba4428337d5208112f27b98ddfcec209554256d629f6cffa422d440fee9636,Source
relevant heritage planning controls in Part 8 of DCP,77ba4428337d5208112f27b98ddfcec209554256d629f6cffa422d440fee9636,Source
design of boarding house,77ba4428337d5208112f27b98ddfcec209554256d629f6cffa422d440fee9636,Source
character of the local area,77ba4428337d5208112f27b98ddfcec209554256d629f6cffa422d440fee9636,Source
no negative impacts on the amenity of the local area,77ba4428337d5208112f27b98ddfcec209554256d629f6cffa422d440fee9636,Source
Resident numbers,77ba4428337d5208112f27b98ddfcec209554256d629f6cffa422d440fee9636,Source
gross floor area of the boarding room,77ba4428337d5208112f27b98ddfcec209554256d629f6cffa422d440fee9636,Source
private open space,77ba4428337d5208112f27b98ddfcec209554256d629f6cffa422d440fee9636,Source
at least 8 square metres,77ba4428337d5208112f27b98ddfcec209554256d629f6cffa422d440fee9636,Source
Development applications for boarding houses in the R2 – Low Density Residential zone will be assessed in accordance with the relevant controls in Section 4.1 of this DCP relating to low density residential development,77ba4428337d5208112f27b98ddfcec209554256d629f6cffa422d440fee9636,Source
the zoning falls under Clause 4.3.3 - zoning (land_use_zoning),77ba4428337d5208112f27b98ddfcec209554256d629f6cffa422d440fee9636,Source
"Development applications for boarding houses in the R1 – General Residential, R3 – Medium Density Residential and R4 – High Density Residential zones will be assessed in accordance with the relevant controls in Section 4.2 of this DCP relating to multi dwelling housing and residential flat buildings",77ba4428337d5208112f27b98ddfcec209554256d629f6cffa422d440fee9636,Source
"Development applications for boarding houses in the B1 - Neighbourhood Centre Zone, B2 - Local Centre Zone and B4 - Mixed Use zones will be assessed in accordance with the relevant controls in Section 5 of this DCP relating to commercial and mixed use development",77ba4428337d5208112f27b98ddfcec209554256d629f6cffa422d440fee9636,Source
Car parking requirements for boarding houses are detailed in Table 1 in Section 2.10 Parking,77ba4428337d5208112f27b98ddfcec209554256d629f6cffa422d440fee9636,Source
the parking falls under Clause 4.3.3 - parking (development_control),77ba4428337d5208112f27b98ddfcec209554256d629f6cffa422d440fee9636,Source
"Where a boarding house is on the site of a heritage item or within a heritage conservation area, the proposal will also need to comply with the relevant heritage planning controls contained in Part 8 of this DCP",77ba4428337d5208112f27b98ddfcec209554256d629f6cffa422d440fee9636,Source
it relates to heritage in Clause 4.3.3 - heritage (development_control),77ba4428337d5208112f27b98ddfcec209554256d629f6cffa422d440fee9636,Source
"The design of a boarding house is to be compatible with the character of the local area, and ensure there are no negative impacts on the amenity of the local area",77ba4428337d5208112f27b98ddfcec209554256d629f6cffa422d440fee9636,Source
of the development control in Clause 4.3.3.1 - other (development_control),77ba4428337d5208112f27b98ddfcec209554256d629f6cffa422d440fee9636,Source
Resident numbers will be determined based on the gross floor area of the boarding room,77ba4428337d5208112f27b98ddfcec209554256d629f6cffa422d440fee9636,Source
the development control specified in Clause 4.3.3.2 - other (development_control),77ba4428337d5208112f27b98ddfcec209554256d629f6cffa422d440fee9636,Source
"An area of private open space, at least 8 square metres with a minimum",77ba4428337d5208112f27b98ddfcec209554256d629f6cffa422d440fee9636,Source
the completion of the development control in Clause 4.3.3.4 - other (development_control),77ba4428337d5208112f27b98ddfcec209554256d629f6cffa422d440fee9636,Source
Development applications for boarding houses in the R2 – Low Density Residential zone will be assessed.,77ba4428337d5208112f27b98ddfcec209554256d629f6cffa422d440fee9636,Source
boarding houses,77ba4428337d5208112f27b98ddfcec209554256d629f6cffa422d440fee9636,Source
"Development applications for boarding houses in the R1 – General Residential, R3 – Medium Density Residential and R4 – High Density Residential zones will be assessed.",77ba4428337d5208112f27b98ddfcec209554256d629f6cffa422d440fee9636,Source
"Development applications for boarding houses in the B1 - Neighbourhood Centre Zone, B2 - Local Centre Zone and B4 - Mixed Use zones will be assessed.",77ba4428337d5208112f27b98ddfcec209554256d629f6cffa422d440fee9636,Source
Car parking requirements for boarding houses are detailed in Table 1 in Section 2.10 Parking.,77ba4428337d5208112f27b98ddfcec209554256d629f6cffa422d440fee9636,Source
"Where a boarding house is on the site of a heritage item or within a heritage conservation area, the proposal will need to comply with relevant heritage planning controls.",77ba4428337d5208112f27b98ddfcec209554256d629f6cffa422d440fee9636,Source
boarding house,77ba4428337d5208112f27b98ddfcec209554256d629f6cffa422d440fee9636,Source
heritage item,77ba4428337d5208112f27b98ddfcec209554256d629f6cffa422d440fee9636,Source
heritage conservation area,77ba4428337d5208112f27b98ddfcec209554256d629f6cffa422d440fee9636,Source
The design of a boarding house is to be compatible with the character of the local area.,77ba4428337d5208112f27b98ddfcec209554256d629f6cffa422d440fee9636,Source
local area,77ba4428337d5208112f27b98ddfcec209554256d629f6cffa422d440fee9636,Source
Resident numbers in boarding houses will be determined based on the gross floor area of the boarding room.,77ba4428337d5208112f27b98ddfcec209554256d629f6cffa422d440fee9636,Source
An area of private open space in boarding houses should be at least 8 square metres.,77ba4428337d5208112f27b98ddfcec209554256d629f6cffa422d440fee9636,Source
dimension,e91f3db3b2a61c2093865dcccb0e00f4327fe5933108eeaadecd2aed13f39561,Source
boarding house manager’s accommodation,e91f3db3b2a61c2093865dcccb0e00f4327fe5933108eeaadecd2aed13f39561,Source
boarding house manager,e91f3db3b2a61c2093865dcccb0e00f4327fe5933108eeaadecd2aed13f39561,Source
1 off street car parking space,e91f3db3b2a61c2093865dcccb0e00f4327fe5933108eeaadecd2aed13f39561,Source
1 off street car parking space is required to be provided for each boarding house manager,e91f3db3b2a61c2093865dcccb0e00f4327fe5933108eeaadecd2aed13f39561,Source
dimension of 2.5 metres is required to be provided adjacent to each boarding house manager’s accommodation,e91f3db3b2a61c2093865dcccb0e00f4327fe5933108eeaadecd2aed13f39561,Source
dimension of 2.5 metres is required to be provided adjacent to each boarding house manager’s accommodation with any such private open space not being provided within the front setback area,e91f3db3b2a61c2093865dcccb0e00f4327fe5933108eeaadecd2aed13f39561,Source
height_limit (development_control),e5852e5cdfc12d22f469eeffb3aaee7b32d28cbadc811b8c02edd5a12f1f642e,Source
other (development_control),e5852e5cdfc12d22f469eeffb3aaee7b32d28cbadc811b8c02edd5a12f1f642e,Source
Original sign panels have been incorporated into the parapet of the building facade,e5852e5cdfc12d22f469eeffb3aaee7b32d28cbadc811b8c02edd5a12f1f642e,Source
heritage (heritage),e5852e5cdfc12d22f469eeffb3aaee7b32d28cbadc811b8c02edd5a12f1f642e,Source
"high, blank or solid fences",59a9fc5eb910b62893713973b3f90a5833729099846f311073f98f92b8ea680e,Source
new development and redevelopment within the area,951b72d305ee3afe2e1977ce56f375f62107849293be2c160a7352c7677d209b,Source
Residential buildings,951b72d305ee3afe2e1977ce56f375f62107849293be2c160a7352c7677d209b,Source
Buildings not covered by the State Environmental Planning Policy - BASIX,951b72d305ee3afe2e1977ce56f375f62107849293be2c160a7352c7677d209b,Source
development types identified in Table 1,951b72d305ee3afe2e1977ce56f375f62107849293be2c160a7352c7677d209b,Source
Clause 2.17.2 - Specific developments are required to meet water conservation and stormwater quality targets,951b72d305ee3afe2e1977ce56f375f62107849293be2c160a7352c7677d209b,Source
Clause 2.17.3 - All residential buildings are to demonstrate compliance with State Environmental Planning Policy - Building Sustainability Index (BASIX),951b72d305ee3afe2e1977ce56f375f62107849293be2c160a7352c7677d209b,Source
All buildings not covered by the State Environmental Planning Policy - BASIX must meet minimum standards defined by the Water Efficiency Labelling and Standards (WELS) Scheme,951b72d305ee3afe2e1977ce56f375f62107849293be2c160a7352c7677d209b,Source
Clause 2.17.3 - All buildings not covered by the State Environmental Planning Policy - BASIX that are installing any water use fittings must meet minimum standards defined by the Water Efficiency Labelling and Standards (WELS) Scheme,951b72d305ee3afe2e1977ce56f375f62107849293be2c160a7352c7677d209b,Source
"are to install rainwater tanks to meet all non-potable demands, including outdoor use, toilets, and laundry",951b72d305ee3afe2e1977ce56f375f62107849293be2c160a7352c7677d209b,Source
are to incorporate passive cooling methods that rely on improved natural ventilation to supplement or preclude mechanical cooling,951b72d305ee3afe2e1977ce56f375f62107849293be2c160a7352c7677d209b,Source
"where cooling towers are used, they are to be connected to a conductivity meter to ensure optimum circulation before discharge",951b72d305ee3afe2e1977ce56f375f62107849293be2c160a7352c7677d209b,Source
to include a water meter connected to a building energy and water metering system to monitor water usage,951b72d305ee3afe2e1977ce56f375f62107849293be2c160a7352c7677d209b,Source
to employ alternative water sources for cooling towers,951b72d305ee3afe2e1977ce56f375f62107849293be2c160a7352c7677d209b,Source
Water use within common open space should be supplied from sources other than potable mains water to meet 80% of the water use demand,951b72d305ee3afe2e1977ce56f375f62107849293be2c160a7352c7677d209b,Source
Clause 2.17.4 - Stormwater quality load reduction controls are 90% reduction in the post development mean annual load of Gross Pollutants (greater than 5mm),951b72d305ee3afe2e1977ce56f375f62107849293be2c160a7352c7677d209b,Source
85% reduction in the post development mean annual load of Total Suspended Solids (TSS),951b72d305ee3afe2e1977ce56f375f62107849293be2c160a7352c7677d209b,Source
Clause 2.17.4 - 85% reduction in the post development mean annual load of Total Suspended Solids (TSS),951b72d305ee3afe2e1977ce56f375f62107849293be2c160a7352c7677d209b,Source
60% reduction in the post development mean annual load of Total Phosphorus (TP),951b72d305ee3afe2e1977ce56f375f62107849293be2c160a7352c7677d209b,Source
Buildings not covered by the State Environmental Planning Policy - BASIX are required to meet minimum standards defined by the Water Efficiency Labelling and Standards (WELS) Scheme for water use fittings.,951b72d305ee3afe2e1977ce56f375f62107849293be2c160a7352c7677d209b,Source
Buildings are to incorporate passive cooling methods relying on improved natural ventilation to supplement or preclude mechanical cooling.,951b72d305ee3afe2e1977ce56f375f62107849293be2c160a7352c7677d209b,Source
"For all development types identified in Table 1, stormwater quality load reduction controls are: 90% reduction in Gross Pollutants, 85% reduction in Total Suspended Solids, and 60% reduction in Total Phosphorus.",951b72d305ee3afe2e1977ce56f375f62107849293be2c160a7352c7677d209b,Source
ause 2.17.4,5c5b43d1c4174ac1961c0d5a267053ed49417aaa6bb3b42e5dcb9f209274deef,Source
Reduction in the post development mean annual load of Total Nitrogen (TN) by 45%,5c5b43d1c4174ac1961c0d5a267053ed49417aaa6bb3b42e5dcb9f209274deef,Source
Other environmental protection measure with code 2.17.4,5c5b43d1c4174ac1961c0d5a267053ed49417aaa6bb3b42e5dcb9f209274deef,Source
extent,5749edd7368b578efeea00cd0949ded397b1bf519708601446f088cb6223a7a7,Source
landscape plan and maintenance schedule,5749edd7368b578efeea00cd0949ded397b1bf519708601446f088cb6223a7a7,Source
Any court walls facing a communal area or public place or road (that must be constructed of a material similar in type and colour to that used for the development found on site),5749edd7368b578efeea00cd0949ded397b1bf519708601446f088cb6223a7a7,Source
"receiving waters, adjacent and downstream land-use, rights of landowners",73bd91eaf8869e6ad1df774c6eb739c8d71ccf19cddd47ec4959c7b5fbdcdca7,Source
"3, 6",73bd91eaf8869e6ad1df774c6eb739c8d71ccf19cddd47ec4959c7b5fbdcdca7,Source
"3, 8",73bd91eaf8869e6ad1df774c6eb739c8d71ccf19cddd47ec4959c7b5fbdcdca7,Source
4,73bd91eaf8869e6ad1df774c6eb739c8d71ccf19cddd47ec4959c7b5fbdcdca7,Source
1,73bd91eaf8869e6ad1df774c6eb739c8d71ccf19cddd47ec4959c7b5fbdcdca7,Source
the possibility of flooding buildings and/or the danger to life,73bd91eaf8869e6ad1df774c6eb739c8d71ccf19cddd47ec4959c7b5fbdcdca7,Source
To protect the urban environment from the effects of uncontrolled surface stormwater flows,73bd91eaf8869e6ad1df774c6eb739c8d71ccf19cddd47ec4959c7b5fbdcdca7,Source
Clause # 2.25 - environmental_protection (environmental_protection),73bd91eaf8869e6ad1df774c6eb739c8d71ccf19cddd47ec4959c7b5fbdcdca7,Source
"To protect the quality of receiving waters, adjacent and downstream land-use and landowners' rights",73bd91eaf8869e6ad1df774c6eb739c8d71ccf19cddd47ec4959c7b5fbdcdca7,Source
Clause # 2.25.1 - environmental_protection (environmental_protection),73bd91eaf8869e6ad1df774c6eb739c8d71ccf19cddd47ec4959c7b5fbdcdca7,Source
On Site Retention is required,73bd91eaf8869e6ad1df774c6eb739c8d71ccf19cddd47ec4959c7b5fbdcdca7,Source
Clause # 2.25.2 - other (development_control),73bd91eaf8869e6ad1df774c6eb739c8d71ccf19cddd47ec4959c7b5fbdcdca7,Source
Clause # 2.25.2 - other (environmental_protection),73bd91eaf8869e6ad1df774c6eb739c8d71ccf19cddd47ec4959c7b5fbdcdca7,Source
Where easements are necessary to achieve gravity drainage,73bd91eaf8869e6ad1df774c6eb739c8d71ccf19cddd47ec4959c7b5fbdcdca7,Source
Clause 2.25.3.1 - other (development_control),73bd91eaf8869e6ad1df774c6eb739c8d71ccf19cddd47ec4959c7b5fbdcdca7,Source
Development activities must not cause an adverse impact on properties,73bd91eaf8869e6ad1df774c6eb739c8d71ccf19cddd47ec4959c7b5fbdcdca7,Source
Clause 2.25.3.2 - environmental_protection (environmental_protection),73bd91eaf8869e6ad1df774c6eb739c8d71ccf19cddd47ec4959c7b5fbdcdca7,Source
Clause 2.25.3.3 - environmental_protection (environmental_protection),73bd91eaf8869e6ad1df774c6eb739c8d71ccf19cddd47ec4959c7b5fbdcdca7,Source
"On Site Retention Yes (3, 8)",73bd91eaf8869e6ad1df774c6eb739c8d71ccf19cddd47ec4959c7b5fbdcdca7,Source
Section88E (3) Instrument,73bd91eaf8869e6ad1df774c6eb739c8d71ccf19cddd47ec4959c7b5fbdcdca7,Source
specified lot size requirements,c2f8da61953d8020633e31395a6f836f394d9f10310b5b7f51e86e407480fd7f,Source
same exclusions applying to OSD under C5 i and ii,c2f8da61953d8020633e31395a6f836f394d9f10310b5b7f51e86e407480fd7f,Source
Lot size (sqm) OSR tank size per lot (Strata or Torrens Title) (Litres),c2f8da61953d8020633e31395a6f836f394d9f10310b5b7f51e86e407480fd7f,Source
The OSR system must adhere to the following,c2f8da61953d8020633e31395a6f836f394d9f10310b5b7f51e86e407480fd7f,Source
"The OSR must provide water to all new and/or upgraded toilet cisterns, laundry washing machine connections, external taps and irrigation systems",c2f8da61953d8020633e31395a6f836f394d9f10310b5b7f51e86e407480fd7f,Source
"OSR must provide water to all new and/or upgraded toilet cisterns, laundry washing machine connections, external taps and irrigation systems",c2f8da61953d8020633e31395a6f836f394d9f10310b5b7f51e86e407480fd7f,Source
"For other developments excluded by the above, OSR may be used to offset the calculated OSD storage volume at a rate of $1 \mathsf { m } ^ { 3 }$, for every $2 . 5 \mathsf { m } ^ { 3 }$ of OSR storage provided (up to a maximum OSD offset of $1 0 \mathsf { m } ^ { 3 } ig ]$ )",c2f8da61953d8020633e31395a6f836f394d9f10310b5b7f51e86e407480fd7f,Source
"The development will integrate within the streetscape when considering scale, proportion and massing",0a8debeb73ef9421193d58cf2b2f27bc0e0fa2c80b37bbfb3ee41c7ed01d32d4,Source
"The building is well proportioned, both as an individual element and within the streetscape",0a8debeb73ef9421193d58cf2b2f27bc0e0fa2c80b37bbfb3ee41c7ed01d32d4,Source
The building will sit comfortably with surrounding buildings in terms of its massing,0a8debeb73ef9421193d58cf2b2f27bc0e0fa2c80b37bbfb3ee41c7ed01d32d4,Source
"The provision for ease of use and comfort through appropriate gradients, rest areas, circulation space and user friendly entrances",0fe9fff16a974627f444c8d0761e0690780a21775dfb9d52848427036e5bba2a,Source
"Safety measures, including contrasting colours for points of danger, slip resistant travel surfaces and appropriate positioning of street furniture, public art installations, signage or any other obstacles, including those in the public domain",0fe9fff16a974627f444c8d0761e0690780a21775dfb9d52848427036e5bba2a,Source
"Legible design and way finding features, such as signs and international symbols and indicators, to assist in determining the location of handrails, guard-rails and tactile indicators where relevant",0fe9fff16a974627f444c8d0761e0690780a21775dfb9d52848427036e5bba2a,Source
"Opportunities for access through principal entrances of commercial buildings, public buildings and residential flat development",0fe9fff16a974627f444c8d0761e0690780a21775dfb9d52848427036e5bba2a,Source
The extent to which development may compromise or reduce the capacity for accessible features in future development,0fe9fff16a974627f444c8d0761e0690780a21775dfb9d52848427036e5bba2a,Source
the requirement that they must be placed in areas with minimal or no overshadowing,f877657ae707f4029dc705d372402c01ce3377e9f031f340c4f24e9aab95865b,Source
Direct solar access requirements for windows of principal living areas and open spaces,f877657ae707f4029dc705d372402c01ce3377e9f031f340c4f24e9aab95865b,Source
Sunlight requirement for PV panels and solar hot water systems during midwinter,f877657ae707f4029dc705d372402c01ce3377e9f031f340c4f24e9aab95865b,Source
"people's way of life, culture, or community",25f525e73c6fd192ab7b50244d580c8adf873382d6cd2591aa5ecb8c8f95ddb4,Source
significant impact on the community,25f525e73c6fd192ab7b50244d580c8adf873382d6cd2591aa5ecb8c8f95ddb4,Source
SIA,25f525e73c6fd192ab7b50244d580c8adf873382d6cd2591aa5ecb8c8f95ddb4,Source
development or land use change,25f525e73c6fd192ab7b50244d580c8adf873382d6cd2591aa5ecb8c8f95ddb4,Source
"street to building, building to street, between buildings",2b4500f4e174186529a5f12f11f51c1d6b80cccd0862f0dd4a7b85c463a9aa0d,Source
"dwelling entries in multi dwelling housing, main building entry in other forms of residential buildings",2b4500f4e174186529a5f12f11f51c1d6b80cccd0862f0dd4a7b85c463a9aa0d,Source
communal areas in a development,2b4500f4e174186529a5f12f11f51c1d6b80cccd0862f0dd4a7b85c463a9aa0d,Source
such spaces,2b4500f4e174186529a5f12f11f51c1d6b80cccd0862f0dd4a7b85c463a9aa0d,Source
"laneways, alleyways, parks, open spaces, public areas",2b4500f4e174186529a5f12f11f51c1d6b80cccd0862f0dd4a7b85c463a9aa0d,Source
unauthorised access to any premises,2b4500f4e174186529a5f12f11f51c1d6b80cccd0862f0dd4a7b85c463a9aa0d,Source
built and natural elements,2b4500f4e174186529a5f12f11f51c1d6b80cccd0862f0dd4a7b85c463a9aa0d,Source
opportunities for unauthorised access to buildings,2b4500f4e174186529a5f12f11f51c1d6b80cccd0862f0dd4a7b85c463a9aa0d,Source
appropriate security devices,2b4500f4e174186529a5f12f11f51c1d6b80cccd0862f0dd4a7b85c463a9aa0d,Source
clear numbering to buildings,2b4500f4e174186529a5f12f11f51c1d6b80cccd0862f0dd4a7b85c463a9aa0d,Source
persons trying to find the building,2b4500f4e174186529a5f12f11f51c1d6b80cccd0862f0dd4a7b85c463a9aa0d,Source
"blind or sharp corners along pathways, stairwells, hallways, car parks",2b4500f4e174186529a5f12f11f51c1d6b80cccd0862f0dd4a7b85c463a9aa0d,Source
surveillance,2b4500f4e174186529a5f12f11f51c1d6b80cccd0862f0dd4a7b85c463a9aa0d,Source
All development applications are assessed against the four core CPTED principles,2b4500f4e174186529a5f12f11f51c1d6b80cccd0862f0dd4a7b85c463a9aa0d,Source
To ensure individual dwelling entries in multi dwelling housing are clearly visible from the street frontage,2b4500f4e174186529a5f12f11f51c1d6b80cccd0862f0dd4a7b85c463a9aa0d,Source
Orientate buildings to maximise surveillance from the street to the building,2b4500f4e174186529a5f12f11f51c1d6b80cccd0862f0dd4a7b85c463a9aa0d,Source
To ensure communal areas in a development have a reasonable level of surveillance,2b4500f4e174186529a5f12f11f51c1d6b80cccd0862f0dd4a7b85c463a9aa0d,Source
"Encourage development which adjoins laneways, alleyways, parks, and open spaces",2b4500f4e174186529a5f12f11f51c1d6b80cccd0862f0dd4a7b85c463a9aa0d,Source
Provide clear numbering to buildings,2b4500f4e174186529a5f12f11f51c1d6b80cccd0862f0dd4a7b85c463a9aa0d,Source
"To contribute to the safety of the public domain and optimise the use of public spaces and facilities by the community, through the creation of a physical environment that encourages a feeling of safety.",2b4500f4e174186529a5f12f11f51c1d6b80cccd0862f0dd4a7b85c463a9aa0d,Source
visible from the street,d5cc33c38763c43600887d0f617207535ffd1432473127e4c48aa3e1020705f9,Source
amenity impacts upon neighbouring properties,d5cc33c38763c43600887d0f617207535ffd1432473127e4c48aa3e1020705f9,Source
suitable site landscaping without obscuring sight lines or providing opportunities for the concealment of intruders,d5cc33c38763c43600887d0f617207535ffd1432473127e4c48aa3e1020705f9,Source
allow an outlook to the public domain and have a positive streetscape appearance,d5cc33c38763c43600887d0f617207535ffd1432473127e4c48aa3e1020705f9,Source
"public facilities associated with developments such as automatic teller machines (ATMs), telephones, bicycle storage and the like",d5cc33c38763c43600887d0f617207535ffd1432473127e4c48aa3e1020705f9,Source
"landscaping along pedestrian pathways, car parks and play areas",d5cc33c38763c43600887d0f617207535ffd1432473127e4c48aa3e1020705f9,Source
"car parks, together with adequate directions to lift wells, stairwells and other facilities",d5cc33c38763c43600887d0f617207535ffd1432473127e4c48aa3e1020705f9,Source
"by intruders to a building or a neighbouring property through the careful placement of built and natural elements like carports, fences and proposed trees",d5cc33c38763c43600887d0f617207535ffd1432473127e4c48aa3e1020705f9,Source
fencing or other means,d5cc33c38763c43600887d0f617207535ffd1432473127e4c48aa3e1020705f9,Source
sightlines by high opaque barriers,d5cc33c38763c43600887d0f617207535ffd1432473127e4c48aa3e1020705f9,Source
"security measures to reduce the likelihood of unauthorised access to buildings and communal areas whilst ensuring natural surveillance, compatibility with the character of the surrou",d5cc33c38763c43600887d0f617207535ffd1432473127e4c48aa3e1020705f9,Source
splayed corner(s),9ce9fb83ab70f19b5bb1058bad8ce96b27c04f9669e085b62136e9c4fff85ef5,Source
"sight lines at intersections for vehicles, pedestrians and cyclists",9ce9fb83ab70f19b5bb1058bad8ce96b27c04f9669e085b62136e9c4fff85ef5,Source
"footpath area for pedestrian access at corners, especially in centres",9ce9fb83ab70f19b5bb1058bad8ce96b27c04f9669e085b62136e9c4fff85ef5,Source
"Subdivision or site amalgamation must not compromise the significant features of the existing site or adjoining sites, including streetscape, landscape features, trees, fences and rocky outcrops",9ce9fb83ab70f19b5bb1058bad8ce96b27c04f9669e085b62136e9c4fff85ef5,Source
Corner properties must have splayed corner(s) for road widening purposes,9ce9fb83ab70f19b5bb1058bad8ce96b27c04f9669e085b62136e9c4fff85ef5,Source
"Corner properties must have splayed corner(s) for road widening purposes and to improve sight lines at intersections for vehicles, pedestrians and cyclists and increase the footpath area for pedestrian access at corners, especially in centres",9ce9fb83ab70f19b5bb1058bad8ce96b27c04f9669e085b62136e9c4fff85ef5,Source
"The proposed subdivision or amalgamation must have characteristics similar to the prevailing cadastral pattern of the lots fronting the same street, in terms of area, dimensions, shape and orientation",9ce9fb83ab70f19b5bb1058bad8ce96b27c04f9669e085b62136e9c4fff85ef5,Source
lots fronting the same street,9ce9fb83ab70f19b5bb1058bad8ce96b27c04f9669e085b62136e9c4fff85ef5,Source
4 0 Cover,ff9de959b9fc79ae2c39bfe9e75bb862a8694eb9d207e7082882e13111843221,Source
Clause 4.2.4.2,38c54cebcc19462d9ccd537eeb34e6466320c2d3c35218f2730e522dee591935,Source
Clause 4.2.4.3,38c54cebcc19462d9ccd537eeb34e6466320c2d3c35218f2730e522dee591935,Source
Clause 4.2.4.1,38c54cebcc19462d9ccd537eeb34e6466320c2d3c35218f2730e522dee591935,Source
fsr_control,38c54cebcc19462d9ccd537eeb34e6466320c2d3c35218f2730e522dee591935,Source
Clause 4.2.6,38c54cebcc19462d9ccd537eeb34e6466320c2d3c35218f2730e522dee591935,Source
Clause 4.2.10,38c54cebcc19462d9ccd537eeb34e6466320c2d3c35218f2730e522dee591935,Source
Clause 4.2.1,38c54cebcc19462d9ccd537eeb34e6466320c2d3c35218f2730e522dee591935,Source
Clause 4.2.2,38c54cebcc19462d9ccd537eeb34e6466320c2d3c35218f2730e522dee591935,Source
Clause 4.2.4.3 - setback (development_control),38c54cebcc19462d9ccd537eeb34e6466320c2d3c35218f2730e522dee591935,Source
Clause 4.2.4.2 - height_limit (development_control),38c54cebcc19462d9ccd537eeb34e6466320c2d3c35218f2730e522dee591935,Source
Clause 4.2.4.1 - fsr_control (development_control),38c54cebcc19462d9ccd537eeb34e6466320c2d3c35218f2730e522dee591935,Source
Clause 4.2.6 - parking (development_control),38c54cebcc19462d9ccd537eeb34e6466320c2d3c35218f2730e522dee591935,Source
Clause 4.2.10 - heritage (development_control),38c54cebcc19462d9ccd537eeb34e6466320c2d3c35218f2730e522dee591935,Source
Clause 4.2.1 - zoning (land_use_zoning),38c54cebcc19462d9ccd537eeb34e6466320c2d3c35218f2730e522dee591935,Source
Clause 4.2.1 - environmental_protection (environmental_protection),38c54cebcc19462d9ccd537eeb34e6466320c2d3c35218f2730e522dee591935,Source
Clause 4.2.2 - setback (development_control),38c54cebcc19462d9ccd537eeb34e6466320c2d3c35218f2730e522dee591935,Source
relevant controls in Section 4.1 of Marrickville DCP 2011,77ba4428337d5208112f27b98ddfcec209554256d629f6cffa422d440fee9636,Source
relevant controls in Section 4.2 of Marrickville DCP 2011,77ba4428337d5208112f27b98ddfcec209554256d629f6cffa422d440fee9636,Source
relevant controls in Section 5 of Marrickville DCP 2011,77ba4428337d5208112f27b98ddfcec209554256d629f6cffa422d440fee9636,Source
relevant heritage planning controls in Part 8 of Marrickville DCP 2011,77ba4428337d5208112f27b98ddfcec209554256d629f6cffa422d440fee9636,Source
area of private open space,77ba4428337d5208112f27b98ddfcec209554256d629f6cffa422d440fee9636,Source
at least 8 square meters,77ba4428337d5208112f27b98ddfcec209554256d629f6cffa422d440fee9636,Source
Development applications for boarding houses in the R2 – Low Density Residential zone will be assessed in accordance with the relevant controls in Section 4.1 of this DCP,77ba4428337d5208112f27b98ddfcec209554256d629f6cffa422d440fee9636,Source
"Development applications for boarding houses in the R1 – General Residential, R3 – Medium Density Residential and R4 – High Density Residential zones will be assessed in accordance with the relevant controls in Section 4.2 of this DCP",77ba4428337d5208112f27b98ddfcec209554256d629f6cffa422d440fee9636,Source
"Development applications for boarding houses in the B1 - Neighbourhood Centre Zone, B2 - Local Centre Zone and B4 - Mixed Use zones will be assessed in accordance with the relevant controls in Section 5 of this DCP",77ba4428337d5208112f27b98ddfcec209554256d629f6cffa422d440fee9636,Source
Parking provision rates for boarding houses are lower than for residential flat buildings to reflect an expected lower car ownership rate and to facilitate housing affordability,77ba4428337d5208112f27b98ddfcec209554256d629f6cffa422d440fee9636,Source
Resident numbers will be determined based on the gross floor area of the boarding room (excluding any area used for the purposes of private kitchen or bathroom facilities),77ba4428337d5208112f27b98ddfcec209554256d629f6cffa422d440fee9636,Source
Development applications for boarding houses in the R2 – Low Density Residential zone will be assessed in accordance with the relevant controls in Section 4.1 of this DCP relating to low density residential development and the relevant objectives and controls in Section 4.3.,77ba4428337d5208112f27b98ddfcec209554256d629f6cffa422d440fee9636,Source
R2 – Low Density Residential zone,77ba4428337d5208112f27b98ddfcec209554256d629f6cffa422d440fee9636,Source
"Development applications for boarding houses in the R1 – General Residential, R3 – Medium Density Residential and R4 – High Density Residential zones will be assessed in accordance with the relevant controls in Section 4.2 of this DCP relating to multi dwelling housing and residential flat buildings and the relevant objectives and controls in Section 4.3.",77ba4428337d5208112f27b98ddfcec209554256d629f6cffa422d440fee9636,Source
R1 – General Residential zone,77ba4428337d5208112f27b98ddfcec209554256d629f6cffa422d440fee9636,Source
R3 – Medium Density Residential zone,77ba4428337d5208112f27b98ddfcec209554256d629f6cffa422d440fee9636,Source
R4 – High Density Residential zone,77ba4428337d5208112f27b98ddfcec209554256d629f6cffa422d440fee9636,Source
"Development applications for boarding houses in the B1 - Neighbourhood Centre Zone, B2 - Local Centre Zone and B4 - Mixed Use zones will be assessed in accordance with the relevant controls in Section 5 of this DCP relating to commercial and mixed use development and the relevant objectives and controls in Section 4.3.",77ba4428337d5208112f27b98ddfcec209554256d629f6cffa422d440fee9636,Source
B1 - Neighbourhood Centre Zone,77ba4428337d5208112f27b98ddfcec209554256d629f6cffa422d440fee9636,Source
B2 - Local Centre Zone,77ba4428337d5208112f27b98ddfcec209554256d629f6cffa422d440fee9636,Source
B4 - Mixed Use zones,77ba4428337d5208112f27b98ddfcec209554256d629f6cffa422d440fee9636,Source
"Where a boarding house is on the site of a heritage item or within a heritage conservation area, the proposal will also need to comply with the relevant heritage planning controls contained in Part 8 of this DCP.",77ba4428337d5208112f27b98ddfcec209554256d629f6cffa422d440fee9636,Source
"The design of a boarding house is to be compatible with the character of the local area, and ensure there are no negative impacts on the amenity of the local area.",77ba4428337d5208112f27b98ddfcec209554256d629f6cffa422d440fee9636,Source
boarding house manager's accommodation,e91f3db3b2a61c2093865dcccb0e00f4327fe5933108eeaadecd2aed13f39561,Source
accommodation,e91f3db3b2a61c2093865dcccb0e00f4327fe5933108eeaadecd2aed13f39561,Source
front setback area,e91f3db3b2a61c2093865dcccb0e00f4327fe5933108eeaadecd2aed13f39561,Source
Clause 4.3.3.4 - parking (development_control),e91f3db3b2a61c2093865dcccb0e00f4327fe5933108eeaadecd2aed13f39561,Source
any such private open space not being provided within the front setback area,e91f3db3b2a61c2093865dcccb0e00f4327fe5933108eeaadecd2aed13f39561,Source
dimension of 2.5 metres is required to be provided adjacent to each boarding house manager’s accommodation with any such private open space not being provided within the front setback area.,e91f3db3b2a61c2093865dcccb0e00f4327fe5933108eeaadecd2aed13f39561,Source
Clause 4.3.3.4 - parking (development_control): 1 off street car parking space is required to be provided for each boarding house manager.,e91f3db3b2a61c2093865dcccb0e00f4327fe5933108eeaadecd2aed13f39561,Source
Clause 2.12.4.6 - height_limit (development_control),e5852e5cdfc12d22f469eeffb3aaee7b32d28cbadc811b8c02edd5a12f1f642e,Source
Clause 2.12.2 - other (development_control),e5852e5cdfc12d22f469eeffb3aaee7b32d28cbadc811b8c02edd5a12f1f642e,Source
Clause 2.12.2 - height_limit (development_control),e5852e5cdfc12d22f469eeffb3aaee7b32d28cbadc811b8c02edd5a12f1f642e,Source
Clause C3 - heritage (heritage),e5852e5cdfc12d22f469eeffb3aaee7b32d28cbadc811b8c02edd5a12f1f642e,Source
"a visual transition between open space, bushland reserves, or other public spaces and buildings",7de7863e3eb097534f36032c7ce77ac48ec8f29b2dde6a862ab3a70205d5bb1c,Source
Buildings must be located to provide an outlook to public open space without appearing to privatize that space,7de7863e3eb097534f36032c7ce77ac48ec8f29b2dde6a862ab3a70205d5bb1c,Source
Development on land identified as Bandicoot Protection Area may be required to undertake an assessment of significance.,7de7863e3eb097534f36032c7ce77ac48ec8f29b2dde6a862ab3a70205d5bb1c,Source
Development on land identified as Wildlife Corridor must incorporate native vegetation as part of any landscaping works.,7de7863e3eb097534f36032c7ce77ac48ec8f29b2dde6a862ab3a70205d5bb1c,Source
"compatible with character, landscape, and scenic qualities",59a9fc5eb910b62893713973b3f90a5833729099846f311073f98f92b8ea680e,Source
"Properties within a foreshore area or flood-affected land must have developments of a scale compatible with the character, landscape, and scenic qualities of the area.",59a9fc5eb910b62893713973b3f90a5833729099846f311073f98f92b8ea680e,Source
Developments must have minimal visual impact when viewed from any adjoining public open space.,59a9fc5eb910b62893713973b3f90a5833729099846f311073f98f92b8ea680e,Source
"Adjoining public open space should avoid abutting with high, blank, or solid fences.",59a9fc5eb910b62893713973b3f90a5833729099846f311073f98f92b8ea680e,Source
Development within the scenic protection area must of minimal visual impact when viewed from any adjoining public open space.,59a9fc5eb910b62893713973b3f90a5833729099846f311073f98f92b8ea680e,Source
"Development within the scenic protection area must where adjoining public open space provides a visual transition between open space and avoids abutting public open space with high, blank, or solid fences.",59a9fc5eb910b62893713973b3f90a5833729099846f311073f98f92b8ea680e,Source
Reduce potable water use,951b72d305ee3afe2e1977ce56f375f62107849293be2c160a7352c7677d209b,Source
Treat stormwater,951b72d305ee3afe2e1977ce56f375f62107849293be2c160a7352c7677d209b,Source
to be connected to a conductivity meter,951b72d305ee3afe2e1977ce56f375f62107849293be2c160a7352c7677d209b,Source
to employ alternative water sources,951b72d305ee3afe2e1977ce56f375f62107849293be2c160a7352c7677d209b,Source
Water use within common open space,951b72d305ee3afe2e1977ce56f375f62107849293be2c160a7352c7677d209b,Source
90% reduction in the post development mean annual load of Gross Pollutants (greater than 5mm),951b72d305ee3afe2e1977ce56f375f62107849293be2c160a7352c7677d209b,Source
"All residential buildings are to demonstrate compliance with State Environmental Planning Policy - Building Sustainability Index (BASIX), as required",951b72d305ee3afe2e1977ce56f375f62107849293be2c160a7352c7677d209b,Source
All buildings not covered by the State Environmental Planning Policy - BASIX: i. that are installing any water use fittings must meet minimum standards defined by the Water Efficiency Labelling and Standards (WELS) Scheme.,951b72d305ee3afe2e1977ce56f375f62107849293be2c160a7352c7677d209b,Source
Buildings not covered by the State Environmental Planning Policy - BASIX that are installing water use fittings must meet minimum standards defined by the Water Efficiency Labelling and Standards (WELS) Scheme.,951b72d305ee3afe2e1977ce56f375f62107849293be2c160a7352c7677d209b,Source
Stormwater quality load reduction controls are specified for identified development types.,951b72d305ee3afe2e1977ce56f375f62107849293be2c160a7352c7677d209b,Source
90% reduction in the post development mean annual load of Gross Pollutants (greater than 5mm) is required.,951b72d305ee3afe2e1977ce56f375f62107849293be2c160a7352c7677d209b,Source
Gross Pollutants,951b72d305ee3afe2e1977ce56f375f62107849293be2c160a7352c7677d209b,Source
85% reduction in the post development mean annual load of Total Suspended Solids (TSS) is required.,951b72d305ee3afe2e1977ce56f375f62107849293be2c160a7352c7677d209b,Source
Total Suspended Solids (TSS),951b72d305ee3afe2e1977ce56f375f62107849293be2c160a7352c7677d209b,Source
60% reduction in the post development mean annual load of Total Phosphorus (TP) is required.,951b72d305ee3afe2e1977ce56f375f62107849293be2c160a7352c7677d209b,Source
Total Phosphorus (TP),951b72d305ee3afe2e1977ce56f375f62107849293be2c160a7352c7677d209b,Source
2.17.4 - other (environmental_protection): $45 \%$ reduction in the post development mean annual load of Total Nitrogen (TN),5c5b43d1c4174ac1961c0d5a267053ed49417aaa6bb3b42e5dcb9f209274deef,Source
$45 \%$ reduction in the post development mean annual load of Total Nitrogen (TN),5c5b43d1c4174ac1961c0d5a267053ed49417aaa6bb3b42e5dcb9f209274deef,Source
communal area or public place or road,5749edd7368b578efeea00cd0949ded397b1bf519708601446f088cb6223a7a7,Source
material similar in type and colour to that used for the development found on site,5749edd7368b578efeea00cd0949ded397b1bf519708601446f088cb6223a7a7,Source
flow of stormwater from developments,73bd91eaf8869e6ad1df774c6eb739c8d71ccf19cddd47ec4959c7b5fbdcdca7,Source
stormwater management,73bd91eaf8869e6ad1df774c6eb739c8d71ccf19cddd47ec4959c7b5fbdcdca7,Source
development drainage systems,73bd91eaf8869e6ad1df774c6eb739c8d71ccf19cddd47ec4959c7b5fbdcdca7,Source
major developments,73bd91eaf8869e6ad1df774c6eb739c8d71ccf19cddd47ec4959c7b5fbdcdca7,Source
effects of stormwater flows,73bd91eaf8869e6ad1df774c6eb739c8d71ccf19cddd47ec4959c7b5fbdcdca7,Source
uncontrolled stormwater flows,73bd91eaf8869e6ad1df774c6eb739c8d71ccf19cddd47ec4959c7b5fbdcdca7,Source
"quality of receiving waters, land-use, and landowners' rights",73bd91eaf8869e6ad1df774c6eb739c8d71ccf19cddd47ec4959c7b5fbdcdca7,Source
adjacent and downstream areas,73bd91eaf8869e6ad1df774c6eb739c8d71ccf19cddd47ec4959c7b5fbdcdca7,Source
with easements over properties,73bd91eaf8869e6ad1df774c6eb739c8d71ccf19cddd47ec4959c7b5fbdcdca7,Source
written agreement for easements,73bd91eaf8869e6ad1df774c6eb739c8d71ccf19cddd47ec4959c7b5fbdcdca7,Source
site discharges,73bd91eaf8869e6ad1df774c6eb739c8d71ccf19cddd47ec4959c7b5fbdcdca7,Source
stormwater detention and retention,73bd91eaf8869e6ad1df774c6eb739c8d71ccf19cddd47ec4959c7b5fbdcdca7,Source
limiting discharges,73bd91eaf8869e6ad1df774c6eb739c8d71ccf19cddd47ec4959c7b5fbdcdca7,Source
Clause # 2.25.1 - environmental_protection: To protect the urban environment from the effects of otherwise uncontrolled surface stormwater flows resulting from infrequent (and lesser) storm events.,73bd91eaf8869e6ad1df774c6eb739c8d71ccf19cddd47ec4959c7b5fbdcdca7,Source
Clause # 2.25.1 - environmental_protection: To minimise or negate disruption and/or danger to both pedestrian and vehicular traffic that may be caused by otherwise uncontrolled surface stormwater flows resulting from frequent storm events.,73bd91eaf8869e6ad1df774c6eb739c8d71ccf19cddd47ec4959c7b5fbdcdca7,Source
"Clause # 2.25.1 - environmental_protection: To protect the quality of receiving waters, adjacent and downstream land-use and the rights of adjacent and downstream landowners.",73bd91eaf8869e6ad1df774c6eb739c8d71ccf19cddd47ec4959c7b5fbdcdca7,Source
"Clause # 2.25.2 - other (development_control): On Site Retention Yes (3,8)",73bd91eaf8869e6ad1df774c6eb739c8d71ccf19cddd47ec4959c7b5fbdcdca7,Source
Clause # 2.25.2 - other (development_control): Gravity Pipe System Required Yes (4),73bd91eaf8869e6ad1df774c6eb739c8d71ccf19cddd47ec4959c7b5fbdcdca7,Source
"Clause 2.25.3.1 - other (development_control): Where easements are necessary over any adjoining or downstream property to achieve gravity drainage, a written agreement from the adjoining owners is to be submitted with the SDCP.",73bd91eaf8869e6ad1df774c6eb739c8d71ccf19cddd47ec4959c7b5fbdcdca7,Source
Clause 2.25.3.2 - environmental_protection: Development activities must not cause an adverse impact on adjoining or any other properties. This includes preserving surface flow paths and not increasing water levels.,73bd91eaf8869e6ad1df774c6eb739c8d71ccf19cddd47ec4959c7b5fbdcdca7,Source
Clause 2.25.3.2 - environmental_protection: Site discharges will need to be restricted to pre-development discharges using On-site Stormwater Detention (OSD) and On Site Retention (OSR).,73bd91eaf8869e6ad1df774c6eb739c8d71ccf19cddd47ec4959c7b5fbdcdca7,Source
Clause 2.25.3.3 - environmental_protection: OSD or OSR of stormwater is required to limit discharges from developments to pre-development conditions.,73bd91eaf8869e6ad1df774c6eb739c8d71ccf19cddd47ec4959c7b5fbdcdca7,Source
life,73bd91eaf8869e6ad1df774c6eb739c8d71ccf19cddd47ec4959c7b5fbdcdca7,Source
storm events,73bd91eaf8869e6ad1df774c6eb739c8d71ccf19cddd47ec4959c7b5fbdcdca7,Source
adverse impact,73bd91eaf8869e6ad1df774c6eb739c8d71ccf19cddd47ec4959c7b5fbdcdca7,Source
Cooks River or into a major Sydney Water Corporation controlled trunk drainage system,c2f8da61953d8020633e31395a6f836f394d9f10310b5b7f51e86e407480fd7f,Source
new and/or upgraded facilities,c2f8da61953d8020633e31395a6f836f394d9f10310b5b7f51e86e407480fd7f,Source
per exclusions applying to OSD,c2f8da61953d8020633e31395a6f836f394d9f10310b5b7f51e86e407480fd7f,Source
clause 2.3,0a8debeb73ef9421193d58cf2b2f27bc0e0fa2c80b37bbfb3ee41c7ed01d32d4,Source
clause 2.3.1,0a8debeb73ef9421193d58cf2b2f27bc0e0fa2c80b37bbfb3ee41c7ed01d32d4,Source
clause 2.3.3,0a8debeb73ef9421193d58cf2b2f27bc0e0fa2c80b37bbfb3ee41c7ed01d32d4,Source
Height limit,0a8debeb73ef9421193d58cf2b2f27bc0e0fa2c80b37bbfb3ee41c7ed01d32d4,Source
Environmental protection,0a8debeb73ef9421193d58cf2b2f27bc0e0fa2c80b37bbfb3ee41c7ed01d32d4,Source
The development will integrate within the streetscape,0a8debeb73ef9421193d58cf2b2f27bc0e0fa2c80b37bbfb3ee41c7ed01d32d4,Source
"Scale, proportion, and massing",0a8debeb73ef9421193d58cf2b2f27bc0e0fa2c80b37bbfb3ee41c7ed01d32d4,Source
The building is well proportioned,0a8debeb73ef9421193d58cf2b2f27bc0e0fa2c80b37bbfb3ee41c7ed01d32d4,Source
The building will sit comfortably with surrounding buildings,0a8debeb73ef9421193d58cf2b2f27bc0e0fa2c80b37bbfb3ee41c7ed01d32d4,Source
Massing,0a8debeb73ef9421193d58cf2b2f27bc0e0fa2c80b37bbfb3ee41c7ed01d32d4,Source
"Endangered ecological community (EEC), significant trees or other vegetation",0a8debeb73ef9421193d58cf2b2f27bc0e0fa2c80b37bbfb3ee41c7ed01d32d4,Source
Any other existing trees upon the site or close to the boundaries with adjoining sites,0a8debeb73ef9421193d58cf2b2f27bc0e0fa2c80b37bbfb3ee41c7ed01d32d4,Source
Front setbacks and front projections are determined,0a8debeb73ef9421193d58cf2b2f27bc0e0fa2c80b37bbfb3ee41c7ed01d32d4,Source
Eaves height is specified,0a8debeb73ef9421193d58cf2b2f27bc0e0fa2c80b37bbfb3ee41c7ed01d32d4,Source
"Minimise overshadowing, loss of privacy, and views for environmental protection",0a8debeb73ef9421193d58cf2b2f27bc0e0fa2c80b37bbfb3ee41c7ed01d32d4,Source
The site and context analysis must demonstrate integration within the streetscape for development,0a8debeb73ef9421193d58cf2b2f27bc0e0fa2c80b37bbfb3ee41c7ed01d32d4,Source
The building is required to be well-proportioned within the streetscape,0a8debeb73ef9421193d58cf2b2f27bc0e0fa2c80b37bbfb3ee41c7ed01d32d4,Source
Building's compatibility with surrounding buildings in terms of massing is emphasized,0a8debeb73ef9421193d58cf2b2f27bc0e0fa2c80b37bbfb3ee41c7ed01d32d4,Source
"Protection of endangered ecological communities, significant trees, and vegetation is mandated",0a8debeb73ef9421193d58cf2b2f27bc0e0fa2c80b37bbfb3ee41c7ed01d32d4,Source
When assessing a development application Council must take into account the following matters as relevant to the application.,0fe9fff16a974627f444c8d0761e0690780a21775dfb9d52848427036e5bba2a,Source
"The provision for ease of use and comfort through appropriate gradients, rest areas, circulation space and user-friendly entrances.",0fe9fff16a974627f444c8d0761e0690780a21775dfb9d52848427036e5bba2a,Source
"Safety measures, including contrasting colours for points of danger, slip-resistant travel surfaces, and appropriate positioning of street furniture, public art installations, signage or any other obstacles, including those in the public domain.",0fe9fff16a974627f444c8d0761e0690780a21775dfb9d52848427036e5bba2a,Source
"Legible design and wayfinding features, such as signs and international symbols and indicators, to assist in determining the location of handrails, guard-rails and tactile indicators where relevant.",0fe9fff16a974627f444c8d0761e0690780a21775dfb9d52848427036e5bba2a,Source
"Opportunities for access through principal entrances of commercial buildings, public buildings, and residential flat development.",0fe9fff16a974627f444c8d0761e0690780a21775dfb9d52848427036e5bba2a,Source
The retention or improvement of existing accessible features.,0fe9fff16a974627f444c8d0761e0690780a21775dfb9d52848427036e5bba2a,Source
The extent to which development may compromise or reduce the capacity for accessible features in future development.,0fe9fff16a974627f444c8d0761e0690780a21775dfb9d52848427036e5bba2a,Source
Acoustic and Visual Privacy guidelines,285a0607986de14e249b7ed622b00bd819de963bc49e1a372a29caa029c0b6bb,Source
Planning Document Marrickville DCP 2011 - 2 6 Acoustic and Visual Privacy,285a0607986de14e249b7ed622b00bd819de963bc49e1a372a29caa029c0b6bb,Source
PV panels and solar hot water systems must be placed on areas of a building where there is minimal or no adverse impacts on the streetscape or architectural integrity of the host building and where there is minimal or no overshadowing,f877657ae707f4029dc705d372402c01ce3377e9f031f340c4f24e9aab95865b,Source
windows of principal living areas,f877657ae707f4029dc705d372402c01ce3377e9f031f340c4f24e9aab95865b,Source
principal areas of open space,f877657ae707f4029dc705d372402c01ce3377e9f031f340c4f24e9aab95865b,Source
nearby residential accommodation,f877657ae707f4029dc705d372402c01ce3377e9f031f340c4f24e9aab95865b,Source
"positive or negative impact on people’s way of life, culture, or community",25f525e73c6fd192ab7b50244d580c8adf873382d6cd2591aa5ecb8c8f95ddb4,Source
dwelling entries,2b4500f4e174186529a5f12f11f51c1d6b80cccd0862f0dd4a7b85c463a9aa0d,Source
street frontage or vantage point,2b4500f4e174186529a5f12f11f51c1d6b80cccd0862f0dd4a7b85c463a9aa0d,Source
"laneways, parks, open spaces",2b4500f4e174186529a5f12f11f51c1d6b80cccd0862f0dd4a7b85c463a9aa0d,Source
safety and security,2b4500f4e174186529a5f12f11f51c1d6b80cccd0862f0dd4a7b85c463a9aa0d,Source
unauthorised access,2b4500f4e174186529a5f12f11f51c1d6b80cccd0862f0dd4a7b85c463a9aa0d,Source
design and location,2b4500f4e174186529a5f12f11f51c1d6b80cccd0862f0dd4a7b85c463a9aa0d,Source
corners,2b4500f4e174186529a5f12f11f51c1d6b80cccd0862f0dd4a7b85c463a9aa0d,Source
"pathways, stairwells, hallways, car parks",2b4500f4e174186529a5f12f11f51c1d6b80cccd0862f0dd4a7b85c463a9aa0d,Source
To contribute to the safety of the public domain and optimise the use of public spaces and facilities by the community,2b4500f4e174186529a5f12f11f51c1d6b80cccd0862f0dd4a7b85c463a9aa0d,Source
To ensure all development applications are assessed against the four core CPTED principles to enhance community safety,2b4500f4e174186529a5f12f11f51c1d6b80cccd0862f0dd4a7b85c463a9aa0d,Source
"To orientate buildings to maximise surveillance from the street to the building, from the building to the street and between buildings",2b4500f4e174186529a5f12f11f51c1d6b80cccd0862f0dd4a7b85c463a9aa0d,Source
"To ensure individual dwelling entries in multi dwelling housing, and the main building entry in other forms of residential buildings, are clearly visible from the street frontage or other vantage point offering natural surveillance to enhance the safety and security of building users",2b4500f4e174186529a5f12f11f51c1d6b80cccd0862f0dd4a7b85c463a9aa0d,Source
"(for example, car parks and communal open space)",2b4500f4e174186529a5f12f11f51c1d6b80cccd0862f0dd4a7b85c463a9aa0d,Source
"To encourage development which adjoins laneways, alleyways, parks and open spaces or other public areas to contribute to the safety of those areas by maximising opportunities for surveillance",2b4500f4e174186529a5f12f11f51c1d6b80cccd0862f0dd4a7b85c463a9aa0d,Source
To minimise unintended or unauthorised access to any premises by the appropriate design and location of built and natural elements,2b4500f4e174186529a5f12f11f51c1d6b80cccd0862f0dd4a7b85c463a9aa0d,Source
To reduce opportunities for unauthorised access to buildings by the use of appropriate security devices,2b4500f4e174186529a5f12f11f51c1d6b80cccd0862f0dd4a7b85c463a9aa0d,Source
"To avoid blind or sharp corners along pathways or in stairwells, hallways and car parks as this inhibits surveillance",2b4500f4e174186529a5f12f11f51c1d6b80cccd0862f0dd4a7b85c463a9aa0d,Source
public domain,2b4500f4e174186529a5f12f11f51c1d6b80cccd0862f0dd4a7b85c463a9aa0d,Source
facilities,2b4500f4e174186529a5f12f11f51c1d6b80cccd0862f0dd4a7b85c463a9aa0d,Source
physical environment,2b4500f4e174186529a5f12f11f51c1d6b80cccd0862f0dd4a7b85c463a9aa0d,Source
To ensure all development applications are assessed against the four core CPTED principles to enhance community safety.,2b4500f4e174186529a5f12f11f51c1d6b80cccd0862f0dd4a7b85c463a9aa0d,Source
CPTED principles,2b4500f4e174186529a5f12f11f51c1d6b80cccd0862f0dd4a7b85c463a9aa0d,Source
private spaces,2b4500f4e174186529a5f12f11f51c1d6b80cccd0862f0dd4a7b85c463a9aa0d,Source
"To orientate buildings to maximise surveillance from the street to the building, from the building to the street and between buildings.",2b4500f4e174186529a5f12f11f51c1d6b80cccd0862f0dd4a7b85c463a9aa0d,Source
"To ensure individual dwelling entries in multi dwelling housing, and the main building entry in other forms of residential buildings, are clearly visible from the street frontage or other vantage point offering natural surveillance to enhance the safety and security of building users.",2b4500f4e174186529a5f12f11f51c1d6b80cccd0862f0dd4a7b85c463a9aa0d,Source
multi dwelling housing,2b4500f4e174186529a5f12f11f51c1d6b80cccd0862f0dd4a7b85c463a9aa0d,Source
building entry,2b4500f4e174186529a5f12f11f51c1d6b80cccd0862f0dd4a7b85c463a9aa0d,Source
street frontage,2b4500f4e174186529a5f12f11f51c1d6b80cccd0862f0dd4a7b85c463a9aa0d,Source
safety,2b4500f4e174186529a5f12f11f51c1d6b80cccd0862f0dd4a7b85c463a9aa0d,Source
security,2b4500f4e174186529a5f12f11f51c1d6b80cccd0862f0dd4a7b85c463a9aa0d,Source
building users,2b4500f4e174186529a5f12f11f51c1d6b80cccd0862f0dd4a7b85c463a9aa0d,Source
"To ensure communal areas in a development are well defined and have a reasonable level of surveillance of such spaces (for example, car parks and communal open space).",2b4500f4e174186529a5f12f11f51c1d6b80cccd0862f0dd4a7b85c463a9aa0d,Source
car parks,2b4500f4e174186529a5f12f11f51c1d6b80cccd0862f0dd4a7b85c463a9aa0d,Source
"To encourage development which adjoins laneways, alleyways, parks and open spaces or other public areas to contribute to the safety of those areas by maximising opportunities for surveillance.",2b4500f4e174186529a5f12f11f51c1d6b80cccd0862f0dd4a7b85c463a9aa0d,Source
laneways,2b4500f4e174186529a5f12f11f51c1d6b80cccd0862f0dd4a7b85c463a9aa0d,Source
alleyways,2b4500f4e174186529a5f12f11f51c1d6b80cccd0862f0dd4a7b85c463a9aa0d,Source
parks,2b4500f4e174186529a5f12f11f51c1d6b80cccd0862f0dd4a7b85c463a9aa0d,Source
open spaces,2b4500f4e174186529a5f12f11f51c1d6b80cccd0862f0dd4a7b85c463a9aa0d,Source
public areas,2b4500f4e174186529a5f12f11f51c1d6b80cccd0862f0dd4a7b85c463a9aa0d,Source
To encourage the use of external lighting to improve the safety and security of property by increasing opportunities for casual surveillance and deterring illegal access.,2b4500f4e174186529a5f12f11f51c1d6b80cccd0862f0dd4a7b85c463a9aa0d,Source
property,2b4500f4e174186529a5f12f11f51c1d6b80cccd0862f0dd4a7b85c463a9aa0d,Source
illegal access,2b4500f4e174186529a5f12f11f51c1d6b80cccd0862f0dd4a7b85c463a9aa0d,Source
To minimise unintended or unauthorised access to any premises by the appropriate design and location of built and natural elements.,2b4500f4e174186529a5f12f11f51c1d6b80cccd0862f0dd4a7b85c463a9aa0d,Source
premises,2b4500f4e174186529a5f12f11f51c1d6b80cccd0862f0dd4a7b85c463a9aa0d,Source
design,2b4500f4e174186529a5f12f11f51c1d6b80cccd0862f0dd4a7b85c463a9aa0d,Source
location,2b4500f4e174186529a5f12f11f51c1d6b80cccd0862f0dd4a7b85c463a9aa0d,Source
built elements,2b4500f4e174186529a5f12f11f51c1d6b80cccd0862f0dd4a7b85c463a9aa0d,Source
natural elements,2b4500f4e174186529a5f12f11f51c1d6b80cccd0862f0dd4a7b85c463a9aa0d,Source
To reduce opportunities for unauthorised access to buildings by the use of appropriate security devices.,2b4500f4e174186529a5f12f11f51c1d6b80cccd0862f0dd4a7b85c463a9aa0d,Source
opportunities,2b4500f4e174186529a5f12f11f51c1d6b80cccd0862f0dd4a7b85c463a9aa0d,Source
numbering,2b4500f4e174186529a5f12f11f51c1d6b80cccd0862f0dd4a7b85c463a9aa0d,Source
persons,2b4500f4e174186529a5f12f11f51c1d6b80cccd0862f0dd4a7b85c463a9aa0d,Source
"To avoid blind or sharp corners along pathways or in stairwells, hallways and car parks as this inhibits surveillance.",2b4500f4e174186529a5f12f11f51c1d6b80cccd0862f0dd4a7b85c463a9aa0d,Source
pathways,2b4500f4e174186529a5f12f11f51c1d6b80cccd0862f0dd4a7b85c463a9aa0d,Source
stairwells,2b4500f4e174186529a5f12f11f51c1d6b80cccd0862f0dd4a7b85c463a9aa0d,Source
hallways,2b4500f4e174186529a5f12f11f51c1d6b80cccd0862f0dd4a7b85c463a9aa0d,Source
"Siting buildings and structures to face the street, other buildings (without causing privacy issues) and communal and public areas (such as car parks, pedestrian access ways, playgrounds, swimming pools or gardens).",2b4500f4e174186529a5f12f11f51c1d6b80cccd0862f0dd4a7b85c463a9aa0d,Source
structures,2b4500f4e174186529a5f12f11f51c1d6b80cccd0862f0dd4a7b85c463a9aa0d,Source
other buildings,2b4500f4e174186529a5f12f11f51c1d6b80cccd0862f0dd4a7b85c463a9aa0d,Source
privacy issues,2b4500f4e174186529a5f12f11f51c1d6b80cccd0862f0dd4a7b85c463a9aa0d,Source
pedestrian access ways,2b4500f4e174186529a5f12f11f51c1d6b80cccd0862f0dd4a7b85c463a9aa0d,Source
playgrounds,2b4500f4e174186529a5f12f11f51c1d6b80cccd0862f0dd4a7b85c463a9aa0d,Source
swimming pools,2b4500f4e174186529a5f12f11f51c1d6b80cccd0862f0dd4a7b85c463a9aa0d,Source
gardens,2b4500f4e174186529a5f12f11f51c1d6b80cccd0862f0dd4a7b85c463a9aa0d,Source
"people to see, and be seen",d5cc33c38763c43600887d0f617207535ffd1432473127e4c48aa3e1020705f9,Source
suitable,d5cc33c38763c43600887d0f617207535ffd1432473127e4c48aa3e1020705f9,Source
outlook to the public domain,d5cc33c38763c43600887d0f617207535ffd1432473127e4c48aa3e1020705f9,Source
areas of high use,d5cc33c38763c43600887d0f617207535ffd1432473127e4c48aa3e1020705f9,Source
vehicle routes,d5cc33c38763c43600887d0f617207535ffd1432473127e4c48aa3e1020705f9,Source
intruders to a building or a neighbouring property,d5cc33c38763c43600887d0f617207535ffd1432473127e4c48aa3e1020705f9,Source
delineate private and public areas,d5cc33c38763c43600887d0f617207535ffd1432473127e4c48aa3e1020705f9,Source
to reduce the likelihood of unauthorised access to buildings and communal areas,d5cc33c38763c43600887d0f617207535ffd1432473127e4c48aa3e1020705f9,Source
"To maximise surveillance and minimise the creation of hiding places, landscaping along pedestrian pathways, car parks and play areas should be limited in height",d5cc33c38763c43600887d0f617207535ffd1432473127e4c48aa3e1020705f9,Source
"Minimising unintended access by intruders to a building or a neighbouring property through the careful placement of built and natural elements like carports, fences, and proposed trees",d5cc33c38763c43600887d0f617207535ffd1432473127e4c48aa3e1020705f9,Source
"Appropriately designing and installing security measures (like open-mesh security grilles and doors) to reduce the likelihood of unauthorized access to buildings and communal areas whilst ensuring natural surveillance, compatibility with the character of the surroundings",d5cc33c38763c43600887d0f617207535ffd1432473127e4c48aa3e1020705f9,Source
Proposed subdivision or amalgamation,9ce9fb83ab70f19b5bb1058bad8ce96b27c04f9669e085b62136e9c4fff85ef5,Source
Planning Document created,ff9de959b9fc79ae2c39bfe9e75bb862a8694eb9d207e7082882e13111843221,Source
4.2.4.2 Building heights,38c54cebcc19462d9ccd537eeb34e6466320c2d3c35218f2730e522dee591935,Source
4.2.4.3 Building setbacks,38c54cebcc19462d9ccd537eeb34e6466320c2d3c35218f2730e522dee591935,Source
4.2.4.1 Floor space ratio and site coverage,38c54cebcc19462d9ccd537eeb34e6466320c2d3c35218f2730e522dee591935,Source
4.2.6 Parking and access,38c54cebcc19462d9ccd537eeb34e6466320c2d3c35218f2730e522dee591935,Source
4.2.10 Period residential flat buildings,38c54cebcc19462d9ccd537eeb34e6466320c2d3c35218f2730e522dee591935,Source
4.2.1 Zoning,38c54cebcc19462d9ccd537eeb34e6466320c2d3c35218f2730e522dee591935,Source
4.2.2 Setback,38c54cebcc19462d9ccd537eeb34e6466320c2d3c35218f2730e522dee591935,Source
4.2.1 Environmental protection,38c54cebcc19462d9ccd537eeb34e6466320c2d3c35218f2730e522dee591935,Source
relevant controls,77ba4428337d5208112f27b98ddfcec209554256d629f6cffa422d440fee9636,Source
heritage planning controls,77ba4428337d5208112f27b98ddfcec209554256d629f6cffa422d440fee9636,Source
boarding house design,77ba4428337d5208112f27b98ddfcec209554256d629f6cffa422d440fee9636,Source
gross floor area,77ba4428337d5208112f27b98ddfcec209554256d629f6cffa422d440fee9636,Source
Parking rates for boarding houses are most constrained in Parking Area 1 and least constrained in Parking Area 3,77ba4428337d5208112f27b98ddfcec209554256d629f6cffa422d440fee9636,Source
"An area of private open space, at least 8 square meters with a minimum",77ba4428337d5208112f27b98ddfcec209554256d629f6cffa422d440fee9636,Source
Development applications for boarding houses in the R2 – Low Density Residential zone will be assessed in accordance with the relevant controls in Section 4.1 of this DCP.,77ba4428337d5208112f27b98ddfcec209554256d629f6cffa422d440fee9636,Source
"Development applications for boarding houses in the R1 – General Residential, R3 – Medium Density Residential and R4 – High Density Residential zones will be assessed in accordance with the relevant controls in Section 4.2 of this DCP.",77ba4428337d5208112f27b98ddfcec209554256d629f6cffa422d440fee9636,Source
"Development applications for boarding houses in the B1 - Neighbourhood Centre Zone, B2 - Local Centre Zone and B4 - Mixed Use zones will be assessed in accordance with the relevant controls in Section 5 of this DCP.",77ba4428337d5208112f27b98ddfcec209554256d629f6cffa422d440fee9636,Source
Resident numbers will be determined based on the gross floor area of the boarding room (excluding any area used for the purposes of private kitchen or bathroom facilities).,77ba4428337d5208112f27b98ddfcec209554256d629f6cffa422d440fee9636,Source
boarding room,77ba4428337d5208112f27b98ddfcec209554256d629f6cffa422d440fee9636,Source
1 off street car parking space is required to be provided for each boarding house manager.,e91f3db3b2a61c2093865dcccb0e00f4327fe5933108eeaadecd2aed13f39561,Source
Signage on high-rise buildings in excess of 15 metres,e5852e5cdfc12d22f469eeffb3aaee7b32d28cbadc811b8c02edd5a12f1f642e,Source
height_limit is specified in Clause 2.12.2,e5852e5cdfc12d22f469eeffb3aaee7b32d28cbadc811b8c02edd5a12f1f642e,Source
an assessment of significance,7de7863e3eb097534f36032c7ce77ac48ec8f29b2dde6a862ab3a70205d5bb1c,Source
"Development must provide a visual transition between open space, bushland reserves or other public spaces and buildings",7de7863e3eb097534f36032c7ce77ac48ec8f29b2dde6a862ab3a70205d5bb1c,Source
any adjoining public open space,59a9fc5eb910b62893713973b3f90a5833729099846f311073f98f92b8ea680e,Source
This is particularly important where properties are within a foreshore area or where the land is flood affected,59a9fc5eb910b62893713973b3f90a5833729099846f311073f98f92b8ea680e,Source
"Development within the scenic protection area must be designed and located to minimise potential adverse environmental impact. This is particularly important where properties are within a foreshore area or where the land is flood-affected (see maps in Section 2.22 – Flood Management), Of a scale compatible with the character, landscape, and scenic qualities of the area, Of minimal visual impact when viewed from any adjoining public open space, and Where adjoining public open space provides a visual transition between open space and avoids abutting public open space with high, blank, or solid fences (such as timber paling fences without openings or corrugated fencing).",59a9fc5eb910b62893713973b3f90a5833729099846f311073f98f92b8ea680e,Source
properties,59a9fc5eb910b62893713973b3f90a5833729099846f311073f98f92b8ea680e,Source
foreshore area,59a9fc5eb910b62893713973b3f90a5833729099846f311073f98f92b8ea680e,Source
flood-affected area,59a9fc5eb910b62893713973b3f90a5833729099846f311073f98f92b8ea680e,Source
Table 1,951b72d305ee3afe2e1977ce56f375f62107849293be2c160a7352c7677d209b,Source
The WSUD provisions apply to new development and redevelopment within the area,951b72d305ee3afe2e1977ce56f375f62107849293be2c160a7352c7677d209b,Source
they aim to reduce potable water use and treat stormwater,951b72d305ee3afe2e1977ce56f375f62107849293be2c160a7352c7677d209b,Source
targets have been established for land where the DCP applies,951b72d305ee3afe2e1977ce56f375f62107849293be2c160a7352c7677d209b,Source
All residential buildings are to demonstrate compliance with State Environmental Planning Policy - BASIX,951b72d305ee3afe2e1977ce56f375f62107849293be2c160a7352c7677d209b,Source
Buildings installing water use fittings must meet minimum WELS ratings,951b72d305ee3afe2e1977ce56f375f62107849293be2c160a7352c7677d209b,Source
installing any water use fittings,951b72d305ee3afe2e1977ce56f375f62107849293be2c160a7352c7677d209b,Source
Buildings installing rainwater tanks for non-potable demands,951b72d305ee3afe2e1977ce56f375f62107849293be2c160a7352c7677d209b,Source
installing rainwater tanks to meet all non-potable demands,951b72d305ee3afe2e1977ce56f375f62107849293be2c160a7352c7677d209b,Source
Buildings are to incorporate passive cooling methods relying on natural ventilation,951b72d305ee3afe2e1977ce56f375f62107849293be2c160a7352c7677d209b,Source
A water meter connected to a building energy and water metering system is required to monitor water usage,951b72d305ee3afe2e1977ce56f375f62107849293be2c160a7352c7677d209b,Source
monitoring water usage,951b72d305ee3afe2e1977ce56f375f62107849293be2c160a7352c7677d209b,Source
employing alternative water sources for cooling towers,951b72d305ee3afe2e1977ce56f375f62107849293be2c160a7352c7677d209b,Source
Common open space water use should be supplied from non-potable sources,951b72d305ee3afe2e1977ce56f375f62107849293be2c160a7352c7677d209b,Source
meeting 80% of the water use demand,951b72d305ee3afe2e1977ce56f375f62107849293be2c160a7352c7677d209b,Source
Stormwater quality load reduction controls include 90% reduction in post development mean annual load of Gross Pollutants,951b72d305ee3afe2e1977ce56f375f62107849293be2c160a7352c7677d209b,Source
controls are identified in Table 1,951b72d305ee3afe2e1977ce56f375f62107849293be2c160a7352c7677d209b,Source
Stormwater quality load reduction controls include 85% reduction in post development mean annual load of Total Suspended Solids,951b72d305ee3afe2e1977ce56f375f62107849293be2c160a7352c7677d209b,Source
Stormwater quality load reduction controls include 60% reduction in post development mean annual load of Total Phosphorus,951b72d305ee3afe2e1977ce56f375f62107849293be2c160a7352c7677d209b,Source
"The WSUD provisions within this chapter apply to new development and redevelopment within the area and aim to reduce potable water use, and Treat stormwater so that the area reaches the relevant stormwater quality targets for stormwater reuse and/or stormwater entering receiving waters.",951b72d305ee3afe2e1977ce56f375f62107849293be2c160a7352c7677d209b,Source
Specific developments are required to meet water conservation and stormwater quality targets that have been established for land where this DCP applies.,951b72d305ee3afe2e1977ce56f375f62107849293be2c160a7352c7677d209b,Source
"All buildings not covered by the State Environmental Planning Policy - BASIX that are installing any water use fittings must meet minimum standards defined by the Water Efficiency Labelling and Standards (WELS) Scheme. Minimum WELS ratings are 4 star dual-flush toilets, 3 star showerheads, 4 star taps (for all taps other than bath",951b72d305ee3afe2e1977ce56f375f62107849293be2c160a7352c7677d209b,Source
"are to install rainwater tanks to meet all non-potable demands, including outdoor use, toilets, and laundry (for child care centres, this water is to be used for irrigation and toilet flushing only).",951b72d305ee3afe2e1977ce56f375f62107849293be2c160a7352c7677d209b,Source
are to incorporate passive cooling methods that rely on improved natural ventilation to supplement or preclude mechanical cooling (refer Section 2.16.5.6).,951b72d305ee3afe2e1977ce56f375f62107849293be2c160a7352c7677d209b,Source
"where cooling towers are used, they are to be connected to a conductivity meter to ensure optimum circulation before discharge.",951b72d305ee3afe2e1977ce56f375f62107849293be2c160a7352c7677d209b,Source
to include a water meter connected to a building energy and water metering system to monitor water usage.,951b72d305ee3afe2e1977ce56f375f62107849293be2c160a7352c7677d209b,Source
to employ alternative water sources for cooling towers.,951b72d305ee3afe2e1977ce56f375f62107849293be2c160a7352c7677d209b,Source
"Water use within common open space (for uses such as irrigation and water features) should be supplied from sources other than potable mains water (e.g. stormwater, greywater or wastewater) to meet 80% of the water use demand.",951b72d305ee3afe2e1977ce56f375f62107849293be2c160a7352c7677d209b,Source
85% reduction in the post development mean annual load of Total Suspended Solids (TSS).,951b72d305ee3afe2e1977ce56f375f62107849293be2c160a7352c7677d209b,Source
60% reduction in the post development mean annual load of Total Phosphorus (TP).,951b72d305ee3afe2e1977ce56f375f62107849293be2c160a7352c7677d209b,Source
environmental protection measure,5c5b43d1c4174ac1961c0d5a267053ed49417aaa6bb3b42e5dcb9f209274deef,Source
mulch depth not less than 100mm,5749edd7368b578efeea00cd0949ded397b1bf519708601446f088cb6223a7a7,Source
"receiving waters, adjacent and downstream land-use, rights of adjacent and downstream landowners",73bd91eaf8869e6ad1df774c6eb739c8d71ccf19cddd47ec4959c7b5fbdcdca7,Source
"(3, 6)",73bd91eaf8869e6ad1df774c6eb739c8d71ccf19cddd47ec4959c7b5fbdcdca7,Source
"(3, 8)",73bd91eaf8869e6ad1df774c6eb739c8d71ccf19cddd47ec4959c7b5fbdcdca7,Source
(4),73bd91eaf8869e6ad1df774c6eb739c8d71ccf19cddd47ec4959c7b5fbdcdca7,Source
(1),73bd91eaf8869e6ad1df774c6eb739c8d71ccf19cddd47ec4959c7b5fbdcdca7,Source
(i.e. Section88E (3) Instrument),73bd91eaf8869e6ad1df774c6eb739c8d71ccf19cddd47ec4959c7b5fbdcdca7,Source
adverse impact on adjoining or any other properties,73bd91eaf8869e6ad1df774c6eb739c8d71ccf19cddd47ec4959c7b5fbdcdca7,Source
pre-development discharges using On-site Stormwater Detention (OSD) and On Site Retention (OSR),73bd91eaf8869e6ad1df774c6eb739c8d71ccf19cddd47ec4959c7b5fbdcdca7,Source
"Clause # 2.25.2 - other (development_control): On Site Retention Yes (3, 8)",73bd91eaf8869e6ad1df774c6eb739c8d71ccf19cddd47ec4959c7b5fbdcdca7,Source
Clause 2.25.3.3,c2f8da61953d8020633e31395a6f836f394d9f10310b5b7f51e86e407480fd7f,Source
allowable discharges,c2f8da61953d8020633e31395a6f836f394d9f10310b5b7f51e86e407480fd7f,Source
less than $40 m^2,c2f8da61953d8020633e31395a6f836f394d9f10310b5b7f51e86e407480fd7f,Source
directly to the Cooks River or into a major Sydney Water Corporation controlled trunk drainage system,c2f8da61953d8020633e31395a6f836f394d9f10310b5b7f51e86e407480fd7f,Source
as per exclusions applying to OSD,c2f8da61953d8020633e31395a6f836f394d9f10310b5b7f51e86e407480fd7f,Source
OSR to offset the calculated OSD storage volume,c2f8da61953d8020633e31395a6f836f394d9f10310b5b7f51e86e407480fd7f,Source
"For single dwelling developments, where a maximum of two residential dwellings are being created (including secondary dwellings, alterations and additions, dual occupancies, attached and semi-detached), on-site retention (OSR) may be used in lieu of OSD",c2f8da61953d8020633e31395a6f836f394d9f10310b5b7f51e86e407480fd7f,Source
"For other developments excluded by the above, OSR may be used to offset the calculated OSD storage volume at a rate of $1 \mathsf { m } ^ { 3 }$",c2f8da61953d8020633e31395a6f836f394d9f10310b5b7f51e86e407480fd7f,Source
height limit,0a8debeb73ef9421193d58cf2b2f27bc0e0fa2c80b37bbfb3ee41c7ed01d32d4,Source
parking (development_control),0fe9fff16a974627f444c8d0761e0690780a21775dfb9d52848427036e5bba2a,Source
assessing a development application,0fe9fff16a974627f444c8d0761e0690780a21775dfb9d52848427036e5bba2a,Source
the application,0fe9fff16a974627f444c8d0761e0690780a21775dfb9d52848427036e5bba2a,Source
"When assessing a development application Council must take into account the provision for ease of use and comfort through appropriate gradients, rest areas, circulation space, and user-friendly entrances.",0fe9fff16a974627f444c8d0761e0690780a21775dfb9d52848427036e5bba2a,Source
"When assessing a development application Council must take into account safety measures, including contrasting colours for points of danger, slip-resistant travel surfaces, and appropriate positioning of street furniture, public art installations, signage, or any other obstacles.",0fe9fff16a974627f444c8d0761e0690780a21775dfb9d52848427036e5bba2a,Source
"When assessing a development application Council must take into account legible design and wayfinding features to assist in determining the location of handrails, guard-rails, and tactile indicators where relevant.",0fe9fff16a974627f444c8d0761e0690780a21775dfb9d52848427036e5bba2a,Source
"When assessing a development application Council must take into account opportunities for access through principal entrances of commercial buildings, public buildings, and residential flat development.",0fe9fff16a974627f444c8d0761e0690780a21775dfb9d52848427036e5bba2a,Source
When assessing a development application Council must take into account the retention or improvement of existing accessible features.,0fe9fff16a974627f444c8d0761e0690780a21775dfb9d52848427036e5bba2a,Source
When assessing a development application Council must take into account the extent to which development may compromise or reduce the capacity for accessible features in future development.,0fe9fff16a974627f444c8d0761e0690780a21775dfb9d52848427036e5bba2a,Source
Planning regulations for acoustic and visual privacy measures,285a0607986de14e249b7ed622b00bd819de963bc49e1a372a29caa029c0b6bb,Source
areas of a building where there is minimal or no adverse impacts on the streetscape or architectural integrity,f877657ae707f4029dc705d372402c01ce3377e9f031f340c4f24e9aab95865b,Source
Direct solar access must not be reduced to less than two hours between 9.00am and 3.00pm on 21 June,f877657ae707f4029dc705d372402c01ce3377e9f031f340c4f24e9aab95865b,Source
PV panels and solar hot water systems must be placed on areas of a building with minimal or no adverse impacts on the streetscape or architectural integrity,f877657ae707f4029dc705d372402c01ce3377e9f031f340c4f24e9aab95865b,Source
the requirement of minimal or no overshadowing for their placement,f877657ae707f4029dc705d372402c01ce3377e9f031f340c4f24e9aab95865b,Source
Direct solar access requirements for windows of principal living areas,f877657ae707f4029dc705d372402c01ce3377e9f031f340c4f24e9aab95865b,Source
"people’s way of life, culture, or community",25f525e73c6fd192ab7b50244d580c8adf873382d6cd2591aa5ecb8c8f95ddb4,Source
A SIC or SIS is required with any development application,25f525e73c6fd192ab7b50244d580c8adf873382d6cd2591aa5ecb8c8f95ddb4,Source
a proposed development is likely to have a significant impact on the community,25f525e73c6fd192ab7b50244d580c8adf873382d6cd2591aa5ecb8c8f95ddb4,Source
maximise surveillance,2b4500f4e174186529a5f12f11f51c1d6b80cccd0862f0dd4a7b85c463a9aa0d,Source
improve safety and security,2b4500f4e174186529a5f12f11f51c1d6b80cccd0862f0dd4a7b85c463a9aa0d,Source
reduce unauthorised access,2b4500f4e174186529a5f12f11f51c1d6b80cccd0862f0dd4a7b85c463a9aa0d,Source
"pathways, stairwells, car parks",2b4500f4e174186529a5f12f11f51c1d6b80cccd0862f0dd4a7b85c463a9aa0d,Source
"street, communal areas, public areas",2b4500f4e174186529a5f12f11f51c1d6b80cccd0862f0dd4a7b85c463a9aa0d,Source
elements,2b4500f4e174186529a5f12f11f51c1d6b80cccd0862f0dd4a7b85c463a9aa0d,Source
"Siting buildings and structures to face the street, other buildings (without causing privacy issues) and communal and public areas (such as car parks, pedestrian access ways, playgrounds, swimming pools or gardens)",2b4500f4e174186529a5f12f11f51c1d6b80cccd0862f0dd4a7b85c463a9aa0d,Source
"blind in areas where movement is predicted (on stairs, in corridors or along pathways)",d5cc33c38763c43600887d0f617207535ffd1432473127e4c48aa3e1020705f9,Source
"people to see, and be seen, whilst avoiding amenity impacts upon neighbouring properties",d5cc33c38763c43600887d0f617207535ffd1432473127e4c48aa3e1020705f9,Source
sight lines or providing opportunities for the concealment of intruders,d5cc33c38763c43600887d0f617207535ffd1432473127e4c48aa3e1020705f9,Source
an outlook to the public domain and have a positive streetscape appearance by avoiding the use of roller shutters or other solid shutters,d5cc33c38763c43600887d0f617207535ffd1432473127e4c48aa3e1020705f9,Source
"associated with developments such as automatic teller machines (ATMs), telephones, bicycle storage and the like by locating those facilities in areas of high use and incorporating security features into their design",d5cc33c38763c43600887d0f617207535ffd1432473127e4c48aa3e1020705f9,Source
"and minimise the creation of hiding places, landscaping along pedestrian pathways, car parks and play areas",d5cc33c38763c43600887d0f617207535ffd1432473127e4c48aa3e1020705f9,Source
"to and egress from car parks, together with adequate directions to lift wells, stairwells and other facilities",d5cc33c38763c43600887d0f617207535ffd1432473127e4c48aa3e1020705f9,Source
to delineate private and public areas without obstructing sightlines by high opaque barriers,d5cc33c38763c43600887d0f617207535ffd1432473127e4c48aa3e1020705f9,Source
"like open-mesh security grilles and doors) to reduce the likelihood of unauthorised access to buildings and communal areas whilst ensuring natural surveillance, compatibility with the character of the surrou",d5cc33c38763c43600887d0f617207535ffd1432473127e4c48aa3e1020705f9,Source
"Ensuring the appropriate location of public facilities associated with developments such as automatic teller machines (ATMs), telephones, bicycle storage and the like by locating those facilities in areas of high use and incorporating security features into their design.",d5cc33c38763c43600887d0f617207535ffd1432473127e4c48aa3e1020705f9,Source
should be limited in height.,d5cc33c38763c43600887d0f617207535ffd1432473127e4c48aa3e1020705f9,Source
Effectively using fencing or other means to,d5cc33c38763c43600887d0f617207535ffd1432473127e4c48aa3e1020705f9,Source
"splayed corner(s) for road widening purposes and to improve sight lines at intersections for vehicles, pedestrians and cyclists and increase the footpath area for pedestrian access at corners, especially in centres",9ce9fb83ab70f19b5bb1058bad8ce96b27c04f9669e085b62136e9c4fff85ef5,Source
Cover,ff9de959b9fc79ae2c39bfe9e75bb862a8694eb9d207e7082882e13111843221,Source
Planning Document was prepared,ff9de959b9fc79ae2c39bfe9e75bb862a8694eb9d207e7082882e13111843221,Source
relevant heritage planning controls contained in Part 8 of Marrickville DCP 2011,77ba4428337d5208112f27b98ddfcec209554256d629f6cffa422d440fee9636,Source
"area of private open space, at least 8 square metres",77ba4428337d5208112f27b98ddfcec209554256d629f6cffa422d440fee9636,Source
Clause 4.3.3 - heritage (development_control),77ba4428337d5208112f27b98ddfcec209554256d629f6cffa422d440fee9636,Source
Development applications for boarding houses in the R2 – Low Density Residential zone will be assessed,77ba4428337d5208112f27b98ddfcec209554256d629f6cffa422d440fee9636,Source
"Development applications for boarding houses in the R1 – General Residential, R3 – Medium Density Residential and R4 – High Density Residential zones will be assessed",77ba4428337d5208112f27b98ddfcec209554256d629f6cffa422d440fee9636,Source
"Development applications for boarding houses in the B1 - Neighbourhood Centre Zone, B2 - Local Centre Zone and B4 - Mixed Use zones will be assessed",77ba4428337d5208112f27b98ddfcec209554256d629f6cffa422d440fee9636,Source
"Where a boarding house is on the site of a heritage item or within a heritage conservation area, the proposal will need to comply with the relevant heritage planning controls contained in Part 8 of this DCP",77ba4428337d5208112f27b98ddfcec209554256d629f6cffa422d440fee9636,Source
The design of a boarding house is to be compatible with the character of the local area,77ba4428337d5208112f27b98ddfcec209554256d629f6cffa422d440fee9636,Source
provided in Appendix 3,7de7863e3eb097534f36032c7ce77ac48ec8f29b2dde6a862ab3a70205d5bb1c,Source
fauna habitat and to be local species endemic to the area,59a9fc5eb910b62893713973b3f90a5833729099846f311073f98f92b8ea680e,Source
Development within the scenic protection area must be designed and located to minimize potential adverse environmental impact.,59a9fc5eb910b62893713973b3f90a5833729099846f311073f98f92b8ea680e,Source
Designed and located to minimize potential adverse environmental impact.,59a9fc5eb910b62893713973b3f90a5833729099846f311073f98f92b8ea680e,Source
"Development within the scenic protection area must be of a scale compatible with the character, landscape and scenic qualities of the area.",59a9fc5eb910b62893713973b3f90a5833729099846f311073f98f92b8ea680e,Source
"Adjoining public open space provides a visual transition between open space and avoids abutting public open space with high, blank or solid fences.",59a9fc5eb910b62893713973b3f90a5833729099846f311073f98f92b8ea680e,Source
Treat stormwater so that the area reaches the relevant stormwater quality targets for stormwater reuse and/or stormwater entering receiving waters,951b72d305ee3afe2e1977ce56f375f62107849293be2c160a7352c7677d209b,Source
buildings not covered by the State Environmental Planning Policy - BASIX,951b72d305ee3afe2e1977ce56f375f62107849293be2c160a7352c7677d209b,Source
passive cooling methods that rely on improved natural ventilation,951b72d305ee3afe2e1977ce56f375f62107849293be2c160a7352c7677d209b,Source
they are to be connected to a conductivity meter to ensure optimum circulation before discharge,951b72d305ee3afe2e1977ce56f375f62107849293be2c160a7352c7677d209b,Source
they employ alternative water sources,951b72d305ee3afe2e1977ce56f375f62107849293be2c160a7352c7677d209b,Source
common open space water use,951b72d305ee3afe2e1977ce56f375f62107849293be2c160a7352c7677d209b,Source
"sources other than potable mains water (e.g. stormwater, greywater or wastewater) to meet 80% of the water use demand",951b72d305ee3afe2e1977ce56f375f62107849293be2c160a7352c7677d209b,Source
Cooling towers are used,951b72d305ee3afe2e1977ce56f375f62107849293be2c160a7352c7677d209b,Source
The WSUD provisions within this chapter apply to new development and redevelopment within the area and aim to reduce potable water use and treat stormwater to reach relevant stormwater quality targets.,951b72d305ee3afe2e1977ce56f375f62107849293be2c160a7352c7677d209b,Source
potable water,951b72d305ee3afe2e1977ce56f375f62107849293be2c160a7352c7677d209b,Source
water conservation,951b72d305ee3afe2e1977ce56f375f62107849293be2c160a7352c7677d209b,Source
DCP,951b72d305ee3afe2e1977ce56f375f62107849293be2c160a7352c7677d209b,Source
compliance,951b72d305ee3afe2e1977ce56f375f62107849293be2c160a7352c7677d209b,Source
Buildings not covered by State Environmental Planning Policy - BASIX that are installing water use fittings must meet minimum standards defined by the Water Efficiency Labelling and Standards (WELS) Scheme.,951b72d305ee3afe2e1977ce56f375f62107849293be2c160a7352c7677d209b,Source
mechanical cooling,951b72d305ee3afe2e1977ce56f375f62107849293be2c160a7352c7677d209b,Source
optimum circulation,951b72d305ee3afe2e1977ce56f375f62107849293be2c160a7352c7677d209b,Source
Total Suspended Solids,951b72d305ee3afe2e1977ce56f375f62107849293be2c160a7352c7677d209b,Source
Total Phosphorus,951b72d305ee3afe2e1977ce56f375f62107849293be2c160a7352c7677d209b,Source
Reduction in the post-development mean annual load of Total Nitrogen (TN),5c5b43d1c4174ac1961c0d5a267053ed49417aaa6bb3b42e5dcb9f209274deef,Source
Other (environmental_protection) cause 2.17.4,5c5b43d1c4174ac1961c0d5a267053ed49417aaa6bb3b42e5dcb9f209274deef,Source
quality of receiving waters and land-use,73bd91eaf8869e6ad1df774c6eb739c8d71ccf19cddd47ec4959c7b5fbdcdca7,Source
Clause # 2.25.1 - environmental_protection (environmental_protection): To protect the urban environment from the effects of otherwise uncontrolled surface stormwater flows resulting from infrequent (and lesser) storm events.,73bd91eaf8869e6ad1df774c6eb739c8d71ccf19cddd47ec4959c7b5fbdcdca7,Source
"Clause # 2.25 - environmental_protection (environmental_protection): The flow of stormwater from developments needs to be managed so as to negate or reduce to an acceptable frequency the possibility of flooding buildings and/or the danger to life at any location, through the storage of stormwater where appropriate in developments and the control of major development drainage systems.",73bd91eaf8869e6ad1df774c6eb739c8d71ccf19cddd47ec4959c7b5fbdcdca7,Source
Clause 2.25.3.2 - environmental_protection (environmental_protection): Site discharges will need to be restricted to pre-development discharges using On-site Stormwater Detention (OSD) and On Site Retention (OSR).,73bd91eaf8869e6ad1df774c6eb739c8d71ccf19cddd47ec4959c7b5fbdcdca7,Source
Clause 2.25.3.3 - environmental_protection (environmental_protection): OSD or OSR of stormwater is required to limit discharges from developments to pre-development conditions.,73bd91eaf8869e6ad1df774c6eb739c8d71ccf19cddd47ec4959c7b5fbdcdca7,Source
The flow of stormwater from developments needs to be managed to negate or reduce flooding and danger to life,73bd91eaf8869e6ad1df774c6eb739c8d71ccf19cddd47ec4959c7b5fbdcdca7,Source
To protect the urban environment from uncontrolled surface stormwater flows,73bd91eaf8869e6ad1df774c6eb739c8d71ccf19cddd47ec4959c7b5fbdcdca7,Source
To minimize disruption and danger to pedestrian and vehicular traffic from stormwater flows,73bd91eaf8869e6ad1df774c6eb739c8d71ccf19cddd47ec4959c7b5fbdcdca7,Source
"To protect the quality of receiving waters, adjacent and downstream land-use, and rights of landowners",73bd91eaf8869e6ad1df774c6eb739c8d71ccf19cddd47ec4959c7b5fbdcdca7,Source
Gravity Pipe System Required,73bd91eaf8869e6ad1df774c6eb739c8d71ccf19cddd47ec4959c7b5fbdcdca7,Source
Qualified Engineer required to prepare drainage design,73bd91eaf8869e6ad1df774c6eb739c8d71ccf19cddd47ec4959c7b5fbdcdca7,Source
Sediment Control Plan Required,73bd91eaf8869e6ad1df774c6eb739c8d71ccf19cddd47ec4959c7b5fbdcdca7,Source
Written agreement from adjoining owners needed for necessary easements,73bd91eaf8869e6ad1df774c6eb739c8d71ccf19cddd47ec4959c7b5fbdcdca7,Source
Development activities must not cause adverse impacts on properties,73bd91eaf8869e6ad1df774c6eb739c8d71ccf19cddd47ec4959c7b5fbdcdca7,Source
Site discharges restricted to pre-development levels using OSD and OSR,73bd91eaf8869e6ad1df774c6eb739c8d71ccf19cddd47ec4959c7b5fbdcdca7,Source
pre-development levels,73bd91eaf8869e6ad1df774c6eb739c8d71ccf19cddd47ec4959c7b5fbdcdca7,Source
OSD or OSR required to limit stormwater discharges from developments,73bd91eaf8869e6ad1df774c6eb739c8d71ccf19cddd47ec4959c7b5fbdcdca7,Source
stormwater discharges,73bd91eaf8869e6ad1df774c6eb739c8d71ccf19cddd47ec4959c7b5fbdcdca7,Source
On-site retention (OSR) system,c2f8da61953d8020633e31395a6f836f394d9f10310b5b7f51e86e407480fd7f,Source
specific guidelines,c2f8da61953d8020633e31395a6f836f394d9f10310b5b7f51e86e407480fd7f,Source
OSR tank size per lot (Strata or Torrens Title),c2f8da61953d8020633e31395a6f836f394d9f10310b5b7f51e86e407480fd7f,Source
water to specific outlets,c2f8da61953d8020633e31395a6f836f394d9f10310b5b7f51e86e407480fd7f,Source
same exclusions applying to OSD under C5 i and ii above,c2f8da61953d8020633e31395a6f836f394d9f10310b5b7f51e86e407480fd7f,Source
to offset the calculated OSD storage volume,c2f8da61953d8020633e31395a6f836f394d9f10310b5b7f51e86e407480fd7f,Source
The OSR system must adhere to the specified lot size requirements for OSR tank size,c2f8da61953d8020633e31395a6f836f394d9f10310b5b7f51e86e407480fd7f,Source
The OSR must provide water to specified outlets,c2f8da61953d8020633e31395a6f836f394d9f10310b5b7f51e86e407480fd7f,Source
"For other developments excluded by the above, OSR may be used to offset the calculated OSD storage volume at a specified rate",c2f8da61953d8020633e31395a6f836f394d9f10310b5b7f51e86e407480fd7f,Source
"the development will integrate within the streetscape when considering scale, proportion and massing (Clause 2.3.3 - other (development_control))",0a8debeb73ef9421193d58cf2b2f27bc0e0fa2c80b37bbfb3ee41c7ed01d32d4,Source
"the building is well proportioned, both as an individual element and within the streetscape (Clause 2.3.3 - other (development_control))",0a8debeb73ef9421193d58cf2b2f27bc0e0fa2c80b37bbfb3ee41c7ed01d32d4,Source
the building will sit comfortably with surrounding buildings in terms of its massing (Clause 2.3.3 - other (development_control)),0a8debeb73ef9421193d58cf2b2f27bc0e0fa2c80b37bbfb3ee41c7ed01d32d4,Source
matters relevant to the application,0fe9fff16a974627f444c8d0761e0690780a21775dfb9d52848427036e5bba2a,Source
ease of use and comfort,0fe9fff16a974627f444c8d0761e0690780a21775dfb9d52848427036e5bba2a,Source
legible design and way-finding features,0fe9fff16a974627f444c8d0761e0690780a21775dfb9d52848427036e5bba2a,Source
extent to which development may compromise or reduce capacity for accessible features in future development,0fe9fff16a974627f444c8d0761e0690780a21775dfb9d52848427036e5bba2a,Source
To provide an adequate supply of car parking facilities for use by people with a disability,0fe9fff16a974627f444c8d0761e0690780a21775dfb9d52848427036e5bba2a,Source
When assessing a development application Council must take into account the provision for ease of use and comfort,0fe9fff16a974627f444c8d0761e0690780a21775dfb9d52848427036e5bba2a,Source
When assessing a development application Council must take into account safety measures,0fe9fff16a974627f444c8d0761e0690780a21775dfb9d52848427036e5bba2a,Source
When assessing a development application Council must take into account legible design and wayfinding features,0fe9fff16a974627f444c8d0761e0690780a21775dfb9d52848427036e5bba2a,Source
When assessing a development application Council must take into account opportunities for access through principal entrances,0fe9fff16a974627f444c8d0761e0690780a21775dfb9d52848427036e5bba2a,Source
When assessing a development application Council must take into account the retention or improvement of existing accessible features,0fe9fff16a974627f444c8d0761e0690780a21775dfb9d52848427036e5bba2a,Source
When assessing a development application Council must take into account the extent to which development may compromise or reduce the capacity for accessible features in future development,0fe9fff16a974627f444c8d0761e0690780a21775dfb9d52848427036e5bba2a,Source
Acoustic and Visual Privacy were addressed,285a0607986de14e249b7ed622b00bd819de963bc49e1a372a29caa029c0b6bb,Source
areas of a building with minimal or no adverse impacts on the streetscape or architectural integrity,f877657ae707f4029dc705d372402c01ce3377e9f031f340c4f24e9aab95865b,Source
Direct solar access to windows of principal living areas and principal areas of open space of nearby residential accommodation,f877657ae707f4029dc705d372402c01ce3377e9f031f340c4f24e9aab95865b,Source
Not be reduced to less than two hours between 9.00am and 3.00pm on 21 June,f877657ae707f4029dc705d372402c01ce3377e9f031f340c4f24e9aab95865b,Source
"Where less than two hours of sunlight is currently available on 21 June, solar access should not be further reduced",f877657ae707f4029dc705d372402c01ce3377e9f031f340c4f24e9aab95865b,Source
on areas of a building where there is minimal or no adverse impacts on the streetscape or architectural integrity of the host building and where there is minimal or no overshadowing,f877657ae707f4029dc705d372402c01ce3377e9f031f340c4f24e9aab95865b,Source
Direct solar access requirements for windows and open spaces of nearby residential accommodation,f877657ae707f4029dc705d372402c01ce3377e9f031f340c4f24e9aab95865b,Source
Requirement for PV panels and solar hot water systems to receive minimum four hours of direct sunlight during midwinter,f877657ae707f4029dc705d372402c01ce3377e9f031f340c4f24e9aab95865b,Source
midwinter,f877657ae707f4029dc705d372402c01ce3377e9f031f340c4f24e9aab95865b,Source
"people’s way of life, culture, community",25f525e73c6fd192ab7b50244d580c8adf873382d6cd2591aa5ecb8c8f95ddb4,Source
the community,25f525e73c6fd192ab7b50244d580c8adf873382d6cd2591aa5ecb8c8f95ddb4,Source
street to building,2b4500f4e174186529a5f12f11f51c1d6b80cccd0862f0dd4a7b85c463a9aa0d,Source
reasonable level of surveillance,2b4500f4e174186529a5f12f11f51c1d6b80cccd0862f0dd4a7b85c463a9aa0d,Source
"laneways, alleyways, parks, open spaces or public areas",2b4500f4e174186529a5f12f11f51c1d6b80cccd0862f0dd4a7b85c463a9aa0d,Source
improve safety and security of property,2b4500f4e174186529a5f12f11f51c1d6b80cccd0862f0dd4a7b85c463a9aa0d,Source
access to premises,2b4500f4e174186529a5f12f11f51c1d6b80cccd0862f0dd4a7b85c463a9aa0d,Source
appropriate design and location of elements,2b4500f4e174186529a5f12f11f51c1d6b80cccd0862f0dd4a7b85c463a9aa0d,Source
reduce opportunities for unauthorised access to buildings,2b4500f4e174186529a5f12f11f51c1d6b80cccd0862f0dd4a7b85c463a9aa0d,Source
To contribute to the safety of the public domain and optimize the use of public spaces and facilities,2b4500f4e174186529a5f12f11f51c1d6b80cccd0862f0dd4a7b85c463a9aa0d,Source
Buildings are oriented to maximize surveillance,2b4500f4e174186529a5f12f11f51c1d6b80cccd0862f0dd4a7b85c463a9aa0d,Source
"From the street to the building, from the building to the street, and between buildings",2b4500f4e174186529a5f12f11f51c1d6b80cccd0862f0dd4a7b85c463a9aa0d,Source
Individual dwelling entries are clearly visible from the street frontage,2b4500f4e174186529a5f12f11f51c1d6b80cccd0862f0dd4a7b85c463a9aa0d,Source
Or other vantage point offering natural surveillance,2b4500f4e174186529a5f12f11f51c1d6b80cccd0862f0dd4a7b85c463a9aa0d,Source
Communal areas in a development have a reasonable level of surveillance,2b4500f4e174186529a5f12f11f51c1d6b80cccd0862f0dd4a7b85c463a9aa0d,Source
To ensure well-defined spaces and enhance safety,2b4500f4e174186529a5f12f11f51c1d6b80cccd0862f0dd4a7b85c463a9aa0d,Source
"Development adjoins laneways, parks, and open spaces",2b4500f4e174186529a5f12f11f51c1d6b80cccd0862f0dd4a7b85c463a9aa0d,Source
By maximizing opportunities for surveillance,2b4500f4e174186529a5f12f11f51c1d6b80cccd0862f0dd4a7b85c463a9aa0d,Source
External lighting is used to improve safety and security,2b4500f4e174186529a5f12f11f51c1d6b80cccd0862f0dd4a7b85c463a9aa0d,Source
To encourage development,2b4500f4e174186529a5f12f11f51c1d6b80cccd0862f0dd4a7b85c463a9aa0d,Source
Unintended or unauthorized access is minimized,2b4500f4e174186529a5f12f11f51c1d6b80cccd0862f0dd4a7b85c463a9aa0d,Source
To ensure safety and security of premises,2b4500f4e174186529a5f12f11f51c1d6b80cccd0862f0dd4a7b85c463a9aa0d,Source
Clear numbering is provided to buildings,2b4500f4e174186529a5f12f11f51c1d6b80cccd0862f0dd4a7b85c463a9aa0d,Source
Trying to find the building,2b4500f4e174186529a5f12f11f51c1d6b80cccd0862f0dd4a7b85c463a9aa0d,Source
Blind or sharp corners are avoided,2b4500f4e174186529a5f12f11f51c1d6b80cccd0862f0dd4a7b85c463a9aa0d,Source
"Along pathways or in stairwells, hallways, and car parks",2b4500f4e174186529a5f12f11f51c1d6b80cccd0862f0dd4a7b85c463a9aa0d,Source
movement is predicted,d5cc33c38763c43600887d0f617207535ffd1432473127e4c48aa3e1020705f9,Source
people to see and be seen,d5cc33c38763c43600887d0f617207535ffd1432473127e4c48aa3e1020705f9,Source
obscuring sight lines,d5cc33c38763c43600887d0f617207535ffd1432473127e4c48aa3e1020705f9,Source
an outlook to the public domain,d5cc33c38763c43600887d0f617207535ffd1432473127e4c48aa3e1020705f9,Source
location of public facilities,d5cc33c38763c43600887d0f617207535ffd1432473127e4c48aa3e1020705f9,Source
associated with developments,d5cc33c38763c43600887d0f617207535ffd1432473127e4c48aa3e1020705f9,Source
hiding places,d5cc33c38763c43600887d0f617207535ffd1432473127e4c48aa3e1020705f9,Source
placement of built and natural elements,d5cc33c38763c43600887d0f617207535ffd1432473127e4c48aa3e1020705f9,Source
sightlines,d5cc33c38763c43600887d0f617207535ffd1432473127e4c48aa3e1020705f9,Source
likelihood of unauthorised access,d5cc33c38763c43600887d0f617207535ffd1432473127e4c48aa3e1020705f9,Source
"Appropriately designing and installing security measures (like open-mesh security grilles and doors) to reduce the likelihood of unauthorised access to buildings and communal areas whilst ensuring natural surveillance, compatibility with the character of the surrounding area",d5cc33c38763c43600887d0f617207535ffd1432473127e4c48aa3e1020705f9,Source
"improved sight lines at intersections for vehicles, pedestrians, and cyclists",9ce9fb83ab70f19b5bb1058bad8ce96b27c04f9669e085b62136e9c4fff85ef5,Source
"increased footpath area for pedestrian access at corners, especially in centres",9ce9fb83ab70f19b5bb1058bad8ce96b27c04f9669e085b62136e9c4fff85ef5,Source
"prevailing cadastral pattern of the lots fronting the same street, in terms of area, dimensions, shape, and orientation",9ce9fb83ab70f19b5bb1058bad8ce96b27c04f9669e085b62136e9c4fff85ef5,Source
Planning Document: Marrickville DCP 2011,ff9de959b9fc79ae2c39bfe9e75bb862a8694eb9d207e7082882e13111843221,Source
Planning Document is Marrickville DCP 2011 - 4 0 Cover,ff9de959b9fc79ae2c39bfe9e75bb862a8694eb9d207e7082882e13111843221,Source
Clause 4.2.4.2 - height_limit (development_control): 4.2.4.2 Building heights,38c54cebcc19462d9ccd537eeb34e6466320c2d3c35218f2730e522dee591935,Source
Clause 4.2.4.3 - setback (development_control): 4.2.4.3 Building setbacks,38c54cebcc19462d9ccd537eeb34e6466320c2d3c35218f2730e522dee591935,Source
Clause 4.2.4.1 - fsr_control (development_control): 4.2.4.1 Floor space ratio and site coverage,38c54cebcc19462d9ccd537eeb34e6466320c2d3c35218f2730e522dee591935,Source
Clause 4.2.6 - parking (development_control): Parking and access,38c54cebcc19462d9ccd537eeb34e6466320c2d3c35218f2730e522dee591935,Source
Clause 4.2.10 - heritage (development_control): 4.2.10 Period residential flat buildings,38c54cebcc19462d9ccd537eeb34e6466320c2d3c35218f2730e522dee591935,Source
Clause 4.2.1 - zoning (land_use_zoning): To ensure new development is compatible with the existing zoning and desired future character of the locality,38c54cebcc19462d9ccd537eeb34e6466320c2d3c35218f2730e522dee591935,Source
"Clause 4.2.1 - environmental_protection (environmental_protection): To ensure new development considers the principles of ecologically sustainable development, in particular energy, water and stormwater efficiency, solar access, natural ventilation, waste reduction and local biodiversity",38c54cebcc19462d9ccd537eeb34e6466320c2d3c35218f2730e522dee591935,Source
relevant objectives,77ba4428337d5208112f27b98ddfcec209554256d629f6cffa422d440fee9636,Source
Parking Area 1,77ba4428337d5208112f27b98ddfcec209554256d629f6cffa422d440fee9636,Source
Parking Area 3,77ba4428337d5208112f27b98ddfcec209554256d629f6cffa422d440fee9636,Source
relevant heritage planning controls,77ba4428337d5208112f27b98ddfcec209554256d629f6cffa422d440fee9636,Source
8 square metres,77ba4428337d5208112f27b98ddfcec209554256d629f6cffa422d440fee9636,Source
Development applications for boarding houses in the R2 – Low Density Residential zone will be assessed in accordance with the relevant controls in Section 4.1 of this DCP relating to low density residential development and the relevant objectives and controls in Section 4.3,77ba4428337d5208112f27b98ddfcec209554256d629f6cffa422d440fee9636,Source
"Development applications for boarding houses in the R1 – General Residential, R3 – Medium Density Residential and R4 – High Density Residential zones will be assessed in accordance with the relevant controls in Section 4.2 of this DCP relating to multi dwelling housing and residential flat buildings and the relevant objectives and controls in Section 4.3",77ba4428337d5208112f27b98ddfcec209554256d629f6cffa422d440fee9636,Source
"Development applications for boarding houses in the B1 - Neighbourhood Centre Zone, B2 - Local Centre Zone and B4 - Mixed Use zones will be assessed in accordance with the relevant controls in Section 5 of this DCP relating to commercial and mixed use development and the relevant objectives and controls in Section 4.3",77ba4428337d5208112f27b98ddfcec209554256d629f6cffa422d440fee9636,Source
Car parking requirements for boarding houses are detailed in Table 1 in Section 2.10 Parking. Parking provision rates for boarding houses are lower than for residential flat buildings to reflect an expected lower car ownership rate and to facilitate housing affordability,77ba4428337d5208112f27b98ddfcec209554256d629f6cffa422d440fee9636,Source
"Where a boarding house is on the site of a heritage item or within a heritage conservation area, the proposal will need to comply with the relevant heritage planning controls",77ba4428337d5208112f27b98ddfcec209554256d629f6cffa422d440fee9636,Source
2.5 metres,e91f3db3b2a61c2093865dcccb0e00f4327fe5933108eeaadecd2aed13f39561,Source
off street car parking space,e91f3db3b2a61c2093865dcccb0e00f4327fe5933108eeaadecd2aed13f39561,Source
each boarding house manager,e91f3db3b2a61c2093865dcccb0e00f4327fe5933108eeaadecd2aed13f39561,Source
Clause 4.3.3.4 - parking (development_control): 1 off street car parking space is required to be provided for each boarding house manager,e91f3db3b2a61c2093865dcccb0e00f4327fe5933108eeaadecd2aed13f39561,Source
