"concept_id:ID","name",":LABEL"
"5362a2d55bca9eb08132aebfac9b2ae3b3ee14112a64bf440d8adce7056aa291","walkability","Concept"
"fcbbaedd368981a413ddc04d53b29524fc7fa612baf2a45dedafb7e7020ec591","environmental assessment","Concept"
"c2e4ab9ddd658057f5720737b83b30c07a9f27fc178634102671a1716495cfa9","reply","Concept"
"ccc3867dd69eaae924047081b73f4bf7daa59b15d529a8d49c8facdbb2f145bb","harvest","Concept"
"443790c9f87000158c41d19a97254ac0b287378be811c573811fe5c60ef2587d","heritage preservation","Concept"
"40dcd3974a4b36cd6a2936b59c03f05874707dea0d3976f5e9ec8e37a3b617a0","map","Concept"
"28dca6c4e46a57e49e016278268175e86c5da422f2c0fda77654eabacd0fb5fa","ban","Concept"
"46dd4b2485cb387f5e66527a1829a48e5d2baa056eecb05cb02ee62921bc4b71","folder structure","Concept"
"01dcf49618dc59eef74a5ac642d5e531cdc0f474742b241d4ded1a391ac16606","renewal","Concept"
"59d8cbc28ba66273023c95260f63503d577d30fc141f1de27c6fdf16701eb168","repository","Concept"
"2142fac9af23933baf2368a01a60ebcdd9fa30ff0700fcf6404da1b0d8a1b1bb","modernity","Concept"
"44bf1eb3b7c892947d6b321aeb2a3856a09e38fa6532e0e055bf2aac0a83165e","decibel limit","Concept"
"876a386d855af7fa8aa5576e873480596ffa960bedb7bbb9fa592ceef49b5525","preservation.","Concept"
"033878678963c9d6fcf724b9a56965d0fca1c6e63c4b4bb16bef48bc20ad77d6","catchment","Concept"
"a578dc621edcb6baf0aacea78c501a8ebdd4b7b32fcb1fc40a96e3dcc014160a","reduced demand","Concept"
"b5c1e4a87670a7f1f150f8d045d73155d5c3b21983bb775582d76846dfe450e5","driveway","Concept"
"2e86c84e1800a7afa72a87669b932f572056d4bb8f5251b6bfc8ceab74ebcd3b","solstice regulation","Concept"
"184c9d03116d16d1ed5dc5832bdb7d46436e7bb0660e304e25cfc323a020efc9","traditional","Concept"
"c22ea12afde02564e804ffe0a57e8c9b1969462b65d54a3b4344a3c6c05e9013","policy change","Concept"
"c3386dd6ea9e9af6ed1aa073a92fab703d8734e0c93abda0ea20b2196b586cfc","traffic management","Concept"
"297c29330f8e96bc3344363fe1deb1d9e00826a39ae2cd4b8e34ee4521ecc426","anonymity","Concept"
"b7f6479717954f9d78ed6f762073616927ffb7c123be4619124541a11700b3d4","building","Concept"
"74f3a6490b8d475d9b6e12d7e6a4eb40c57de77df3b4ffb00efcc98fcb388b86","councils","Concept"
"13a034b9c0c50df9677eb44a9e280183e42c54221be0f19b16a1362a0447d9c3","classification","Concept"
"4ed9d1ca36a15716c1fe85815a1aa84fcff2ac67972994bf9010578c4210d8af","minor","Concept"
"fe6cdc54a226bb2bf507bd281001131c8dc580a08980083d346edf339b52d6c3","accessibility","Concept"
"bc6f178888f67713953b494d3491c2fdd30ebeecbfea368aa3c4b38d5da9e4a4","birthdate","Concept"
"8a09189261437077689eaf9bc1fa705f61d241c854bf6e623932b41548363729","acknowledgment","Concept"
"b8aa2f3b1bc82069630b3296447bf8f4aee5e80d5931fe016e42b4d2fce847fa","certificate","Concept"
"d21534b5b8a18fc76f564ec4b9a963b663faa614fb7c5677ccbef52650bd7709","emptying","Concept"
"47d40a2712792b195d09e393548a5c3a3fea002dbb44839a798ee9776cc8124a","adoption document","Concept"
"46c3207f87220d3919f4ec3d613319bfbf6f8f0fe8a5b4edfa1b724a629c0659","delivery","Concept"
"ee73d0ab0586f2da62e0b44906d8d9f73b8030d065ac7e752d90a1167c418f27","coverage","Concept"
"f0bcaa1698a50e1c8c24c16665121ac92bb3e443c7f2d14d7762043c754a52c5","inclusion","Concept"
"25a1752c8e897584a4f8a454a69fabdc090fa22584c1ec0a373e5eb44caf1153","policy enforcement","Concept"
"83b7f78fb760b8f28cb3fc736f2f24aa1ffcab9df8d3b8475280f02ca092f0e0","geography","Concept"
"93228134e1c735faa6c4d482eae215e7666a59fa5e2b373f366a0ef696f569ef","definitions","Concept"
"65a12e18efe7b566aa11ae82c545cc89dac5e911814290230a5f151e2612403e","drive","Concept"
"3e65bb29371a345542c5fea7854f853ea5eff8924220711f7772ed39be1511d2","schedule","Concept"
"22256f821f5e3c4e41ed1ca7bccfbf0660d223da98c2b9a7edf24fb3d2837b4f","shop-free","Concept"
"d91c9e14d2ee9a22dad65feb11d78e869f42b835f035c5ed5239a3bb76515dea","scenery","Concept"
"7a9d57f6382e509d847bc840e5dd112bda4033b0a530ab3e1ac95cd8e38074af","gazetting","Concept"
"af3c5c7c0263fa1ecd6c676082b4d4a2e773d96468a5d6517e85b97f00b9911f","release","Concept"
"9b92f0e1d9808c50dd265de984352a63300731d3585317f8862cde5fc2c66c68","scenic","Concept"
"599a62a5fe19cdc2aa0e0e65f903fe049fd06dd9936fc493c772151ed3f40016","adherence","Concept"
"86b538fb342c141d2381b789d35842de1bb5a5d4fbc1c8e0c4b5266fee5858f6","discussion","Concept"
"85ccfa41c240b507949718a13255664b36ca6640113c32ebb20ee7123ff3bb70","masonry","Concept"
"f4d736a1033294fdc777ac7c6b266087be2cf76cbdf23d8043246afeda89a5fe","mitigation","Concept"
"2d0ad16fb46868359afb242cb0c55abc161a4053f756111dff6e4e96e8aa8d51","""conservation""
]","Concept"
"d24b2c8ee1ea7b819fb92205c90428b3e06df498acd7c0d7474883dc15df0e97","poisoning","Concept"
"c8e1a69aba9af758e38308de13033a321a5aef8c52a02a8d2b82b61cd54ddbbb","environmental regulation","Concept"
"a36a4b61afcf1c97c67c31d24b61228981eaf7aab5a15aa5bca7bed8792f0641","finance","Concept"
"913034f1457eb51e455ef23813f1164b2a18bcd8a3715001e0f0cd6d6aacfa7a","excavation","Concept"
"8fded1d8ca8afba9922366ff6e52506def03d45b6f1544fe769ffdbd137ecc4e","sex restriction","Concept"
"40f04a0de90af36d3021e3da7477c8435c6f096162b6851cfc1cf8165693be7d","amenities","Concept"
"d9b64142b31a3d73418aab09056578c650917f51b943dce0181a0b2316035d58","affordability measures","Concept"
"3218a88c659bd08b517c4b8dad3c7b10944670cf59881c81b1f97f6c88f2b8f5","vandalism","Concept"
"673e3fccc0c1be3254b6fca016174a09146377112161b73871ea2796c26cb11a","site coverage","Concept"
"48d2341ddcdabdd9c78f84fc948482394c12cb37347a9b1c0e19d5c03f877746","sympathetic aesthetics","Concept"
"601e1f387f4c72de4917fe9dc64cd8d35d5c85f5e381d88a20af0bd8995f2032","environmental protection","Concept"
"d064ec00ba9c67381501a4ed8a0a6486575aef713d8b803867b3bb44ec87f910","location urban planning","Concept"
"cb84b965050abf875adaa46a4d17edd40ebda959552a125b8427bc1e0cc0b83e","renovations","Concept"
"54d185397262980c5ffdfd0380da8dd1a47d7b5182fbe6413d1e759228742f8b","difficulties","Concept"
"c3513a2a60723cd7ec6bb84eed4964c7cbb4c22b507e5bef09734c918b8aee70","daylight preservation","Concept"
"828ef1e85102e130155db32c60b877675bd8eb80ac190d1fa14cb98400cbffbb","desecration","Concept"
"1ba003074b0f62afde10d3e6307dfb9fcc491e489a071ef2d19ba5c9c54b94a1","on-site retention","Concept"
"084576d2bb1acacee227c3d8836bff1661d4fe8499b1ede3ab0657c9dab16c6d","amendments","Concept"
"d7c3e10ea135c7cc6461825c4ff0675b759db8051f47379be361e2d80751d3b9","tree conservation","Concept"
"bcd65d712469a75bfcbad825a384dd196146f87d30dabc3a6c3672feefadd3a5","animation","Concept"
"4526e8f13b09aaf811bf943a8ffabc34b7cbfee9b38668fee8606d16d05b2c0c","""protection""","Concept"
"66218a5045b1d57568fd6b4c63533f8ff3c33e5172b1eedd59942caa49fc3119","importance","Concept"
"c167d1a02a2c34551f12b5fbf43409b775e96e18cd148dd4c65b4f699e0c8dbc","ruling","Concept"
"ac495795ee806f4d02f194eaec9fa19ae6ec5aeca694334af59c4a2a89818a24","""phrases2"": ""retreat""","Concept"
"114690d891ea33d62270f45e1285d26a16e992f742dcf92ec9d7999b5df54171","entrance","Concept"
"31503fb54088a5c754815d732e8ea5455f285a5d80be4e689cc7038c9776484b","disregard","Concept"
"ff6c100121dc5efe2ef3ccfa07e18bf4214d09457a8174d95f666d843df0a340","mixed","Concept"
"258a899ea9b2725993fc52b848b247f9dec4fd1d15ec9ddb6ef31cd3e3b2648a","ratio","Concept"
"1853aec25a40e7cc148517cb3b86fefeec9303a4d4989b9b30989687fc5ec498","water","Concept"
"6b535c903f8c042d9ca351c1b1da75447e062071a697c0d50ada2746a995573f","topography","Concept"
"09f006a32437fce1bbf7d53a50854e68a54137205467d174d414f4dd747aa59d","ownership","Concept"
"d5a8c974cf77209107b70548be903bdfa17c3ac6250e844cce8f46d26be637c2","eco","Concept"
"94decba29bf1738bb19383acb2ec26d1d579b35e21139e23ceebc3ffc00c418f","dereliction","Concept"
"b7dc3a9abc74382f48921dbe875d7999b19b1407c256aea04652b3796500de82","boundary enforcement","Concept"
"a9807a3457c21bdd3029009b4620a66727e4b1f6634fd54b027343c6710e402c","hindrances","Concept"
"cf1fca71aa858328e522933b0c1648cc22ce7e0c94b6ef37a1e531c2b26ca20a","growth","Concept"
"643ec16e01dd19118a69821bbcd1daa975667b681da41eab0e9218ea8c8150ed","holistic operation","Concept"
"ef8d5250c14b432825703e2213b8d40a097277b65beeab2012c5d16c27d141f7","repeal","Concept"
"6bcc9d22b4382d2de37104f31b42ad9770763300ee6a526e249e50ddae60b522","[
  ""conservation""","Concept"
"40163e21965e68b179ef8e3d0736e4924ee2db4fa794ebefd97b40beb7c16a99","planning requirement","Concept"
"c1af5db67e2118bbb19c43eb44508ee7adbe6b93ce41a5c1b62e8ad8d5f541fb","ratification","Concept"
"091dbe788ae0e2cda5c07607ab1b57f289b23c882a08b98ef6f64e93737824cb","design protection","Concept"
"319ac0dc1074d053056c0270997ffcd0ffd7170dc53b8152508f5ed7b02cc5d7","revisions","Concept"
"4779ee7253b2fe6b2ad6826f822fd2fdfc878a573609afdfe98c43b92af32c48","architectural style","Concept"
"ebe5bddd8509bfcb7bb55dcdcf869afffd43b9ae9de4f1ebc127dc294dd061ad","signaling","Concept"
"596b31aedc109ac7b738400ad39517c71684064c2bbf654fc4f91b401200b332","daylight need","Concept"
"468e169fbaf483499cfaca1f1eb4b19eea4e370727764a879d4f8cdccaa0d650","greenbelt","Concept"
"4506418dc6d57f288e56fd1561ce307f93be7ea39ebba3352d27231b9b16b3d5","employment","Concept"
"c5be9c0b65da294b33324d325bced9de5d743392d89ebbfef80eb78ecf04e8f6","safeguarding","Concept"
"ae8f3243c37ee142b4100c9c544e5674ec1b8bea22958a5cac7f7e2daee615db","innovation","Concept"
"2bb38bdc0d762fc8eab1104c50f10244ce2a1aade4b9619c2f81e92a4e88685f","biodiversity preservation","Concept"
"acc59d2b12aac9868358788230bb7f04bd879a89175fe9553c15cdb75ce9c9a6","sunlight","Concept"
"b74cdef772ecf30f6f1b1a8989b3c4546ef90067be6c79f6dc7dbe73dde1ac7e","listing","Concept"
"36d3b3afa43291b78ec99446f0296e513f5ff3a200f0e458be19f135ec91b27b","solar placement","Concept"
"26086ea4c5dac95202351576e764a606b7fbd33da2eec22273a1ea002b759485","amenity provision","Concept"
"76a345f8470c2f015fa1a30a5976a1871c0e5732c652a3183589eec6b905e063","confirmation","Concept"
"db43736b19b01b1164e4483ed83c2e2d6d2c5793ee8ebcdbe53208fee13e49c4","precision","Concept"
"095f35126227fed569ab6de8dbee0e7d9c717da1822d2cafc01d5a63cedc2c3a","zone definition","Concept"
"297818cb24014a3525f7dac17e48683ef396a965252383406e50ecf3269eb5d2","residential","Concept"
"a1c260b9e9880c042c4bac395c3dd7c84215876b775e44c42fb7b614e9106355","construction standard","Concept"
"4f83e16e848969d7323f41f754d53f2871e31dc541c936d1df667da330ed7b13","attaching","Concept"
"5cb2e49536d3aedab904e306f53dc0794d75d80b3b6b67a85dbd5d3714f59077","upkeep","Concept"
"86c64c9537a7d21767fae20f789f7a3479dce97a0f3e67267a742c318f873826","museum","Concept"
"53ca393f499354ff557c7bad2196f602143aecf9cdf1c20d14f41c4f4f9c3203","labeling","Concept"
"72962b63e8c76d2ce6b7c2184b5e3bd6c666eff642de86dd53a062a0122f08f7","minimization","Concept"
"a1b5dff8a39f5daed965b8fbbc429deda47e4cf8a15f0512fee85f45e77bf8af","endangered","Concept"
"1da659ab8fd663adf9457886ac50181d3a43e2321c56cf2181c7ec69900bb984","elevation","Concept"
"35a549427b6c123b6b5bc370b0b4c32bc6842009768003eeac385d142a74f357","registration","Concept"
"7ddcfa88755df3572fbb1100f1dd7855e518175d019792b2ae5890d1c3449a67","transition","Concept"
"554688f2b03887f80bf6c46171c1798e13f4566e733993382de978ef1748bff0","adoption","Concept"
"7669af586c3b459626dfe1f0d2242ac7ec09235fe5cbad798c7092d70d6b079e","solitude","Concept"
"2dfb685b4fafef7c9f785d8fc54b9230a07dc7f4d4fb1eefd94cd89bf1fd959a","resolution","Concept"
"e49a028ab4210fab808e08db95a060c795b78e2486836817380dc57ad8f78ff5","existing infrastructure","Concept"
"59fc8e3d1fa6a6c1912d7cf4a1c40d726c55a6a0548623ec7c6c9929f6405e0d","interface","Concept"
"94fb0377b0c3663b57f1ddec4261499e4433271eafe1c64a9c1806167bcd0f09","sustainability analysis","Concept"
"fc140c86797baa4203e1bd75c396f5c5cdae50c96acf4e2d4a4a4fe3d10d71d0","secrecy","Concept"
"d145043d85e23a434b0faaa1ce5424b8d0f9dc6f733fa0c5e80af78f46002336","basix","Concept"
"0778a4af5e10d3f2b72b7b87b0f977e7362bab1547715fe7a61054b8d46cee83","sustainability requirement","Concept"
"46f749b999baddb578d40841f30ae2b4386078c25ab524a2a20853c3a243d859","lowering densities","Concept"
"0df6d548da111438e2c5bf215c980432061fa97d31d2cbc0b7d82034523e2793","heritage","Concept"
"4d2706068e4d546aae55219ba1f0ed86a4d6229187a29b46325a0a7362344795","security audit","Concept"
"03abddd30cafe77ae4d62dd19f6f2fd3ec59775d7deb8dbca0a276cb251cf616","hazardous waste","Concept"
"f002e5abcb1d4230315294ed1c66ae771cab9637139c6228b763c2183c2ffa13","delay","Concept"
"9332458aed2bae6c8d2b5aa2ba1c8dcdf50dd8571b94a91438c70364c0d2a5b2","pathways","Concept"
"4cc306ec0003e645d54314273983eceb6ac91e6cf6c755ac54789bb5eeaa74f4","width","Concept"
"4d88f785e00c1b9bacbe9da6bb95e3a6c5ac0256967aa8e2eb6a7676c2543fec","screening","Concept"
"b61661f5225113d37c959666c614d53b3aee223d764165c5874310b8e5a6f005","environmentally","Concept"
"7ccad36c8a60c9c6ac452523b337f30f3a9cc59df41c99fc178831978ddd386a","eco-friendliness","Concept"
"eb3cc42b46cccd6ec1a694a9d5b3f88dae39c400186c74c65bb61495f316cae4","skyscraper","Concept"
"33851bdc4608da7542753e9edf1dc2e95d670ff864e26a1f3353279b2b0ef8c5","progress","Concept"
"ee2bdfe8d515d4788b1b3e909b72510faa8d432441cd6c89232894302db3dda3","sustainable planning","Concept"
"939e1928a57dfab4ef7462e131a78122c076168e5d6bf930f7f5b7534035c4f0","urban gridlock","Concept"
"b5a4662372a9884f4837a25fbf433268874afa8f20fdda220a971a2470052650","ease","Concept"
"e4e6680871a5ec5abfa6e2e64c14db197e034f160e484d5de4664609449b2d56","mixed use","Concept"
"daef74a9aa211021d74ddf75f6d53abead8c825f16921dbee80d6ba9b9e72cb1","landmark","Concept"
"eafce510105a9981f193dd8a8c27828b7ab2d727ecfcc1269b3d002ad5f24bf3","contextual design","Concept"
"57e8f8add07fb59793a4c487d409ca15f83ba8cfc3b652fe9c2d96e659821d82","surveillance","Concept"
"ac562770bb1cc866fdd588179a4fabbb0cd1eba23ebd7f2c8f768d538a98db6e","street activation","Concept"
"5aa9e58270f227998abd81d9441f38765228485e2f2c6ef2f782a38db137433c","architectural harmony","Concept"
"b2ae948d1014bc2907c0244d3b10d811b8e9f77c7380b26b8fc00b14027ca028","details","Concept"
"6d7a018a562ac1cf1dd6fd4e4f59fff9c7249ab1282b833b8e2aa8fdd360d28b","tasking","Concept"
"55250c09a12f3331294fafd52c13a5bcd14bebbd4b3f518d720079fb820a27d3","environmental adaptation","Concept"
"ffd21d47bdd764447b00d2c09a7b0c84daaa41b0ab895e7970b9817213164291","infrastructure","Concept"
"4e0f730a20c8c3a1ccc9a9aabfa223923945ba2b4a89a12f7db5bb1a26d1ea70","greenbuildings","Concept"
"ac415ffa02a0a5804b31744a5f9309f8692cee8005bc00355c883b761d1aa23d","copyright","Concept"
"9cda0e96f69aa4777c38b480e1c38414385d3b4772d3364e356328340384f440","ventilation system","Concept"
"63dd0f7a9bf5d006254d395df3ccb223dd9fa83dab4ae1af9c3dc1c5f93ec6e4","marking","Concept"
"2d1c925615bcb9e0b542995b67048e64ad4b6e01d308d2cf02ca7d5327057947","citation","Concept"
"220d2ee9dc2ebd29fb72027c533f6725d72b72e9528c4b65b6ea887800115ced","restriction","Concept"
"2206e3bda554a44a68dfdc7188c871b28a78a0c41a95b659df7979a576b5818d","rates","Concept"
"8b529abd96872589f5d65d8f25c405cf396dab10db2e16c40ea6d9c8e703bda7","multi-unit dwellings","Concept"
"e6682a55748c49a5bffe096fc0c65da851eead3ccc6679c0ef21b8bbedbaa62c","swamp","Concept"
"767936af6bec71c02eda81c854e483c84966a2653a4e7a3403d1b4c6cfb2785f","open access","Concept"
"2317ec4ab1fed4e3cd66a541b5a8599f634c5acba4d3cf8e57458bb7380208f8","detention","Concept"
"b4db32f4bfccdfcefb7376f023ad994291efbc8d4ce89d6641b24d0eb0510ba2","harmony","Concept"
"329da8e2954de1b8bd151ec25b471676fb67f1f8f23a0b4d1c956401f26b8b25","synergy","Concept"
"6f35f125cf0dbed1dff4415ae3fe2a099479724a07e4781795dbb7f0cb0676b0","uniqueness","Concept"
"467953c52550ba4cb7b705355545afaa2c404dd3494ce30a095da5b7fedb01d1","modern","Concept"
"42c1f5299717e67549bb2e93b44c2ed1f6c3e3ffa9547edb8199a55b3f44fda2","vehicle flow","Concept"
"918663674f1491b7bd431eee78169b3ea8b75c131372f8e1afc92d5d9349599a","gathering","Concept"
"e8289c0ca8f40177dd860b6bc7635be1483d86f261dad35b4e1eaaf696fb0655","period","Concept"
"a0c64d4455bf47ba173be521743cab4384cef6f03cfe704b32ce9b9409c75a78","transport","Concept"
"a23e2afed7c1755d47eb5c975899b582c656cf2ac85a36cf642b204d1cdf7cd6","pumping failure","Concept"
"d3893e56a6f6874d0657bafb529615aa02292017f10a47fb86d644522f6a5d6e","industry","Concept"
"65cacfd49477ee071f8e18493b91100a393be622c6226aa13df2465793cce7e8","finalization","Concept"
"32f4148a2729b6cf236b19b9dd3189f99eee819a74f305c6415c5bab00d857f3","formality","Concept"
"ad9c10abb64a8b066ac69cbaa70e7c376eeeeefa686c8cce0b1535726238b95f","simplicity","Concept"
"9d5478f5ce53fc134b31e2d3a516f813e2e659122e6a7531ddf9946d6811a0da","space constraint","Concept"
"567bb8526a40fd33a88f51615cc5746ac234fa380c5511312ad64705698ca322","confinement","Concept"
"a44ca320b8853ab1123ff9440fb62bbdab8fd79898ac1ed4e01ba450f97cfe69","incorporating","Concept"
"ffae46eb7c74221e8643d36a35b2dbb690fe8e9c9de8d673ff9aa64e05b2371c","pedestrian","Concept"
"7cf2a37735e157c1426fa8944a45695dc8d238a0a8df4572c183c0d69c886077","mathematical definition","Concept"
"e8254d6c3f20d2042b797e9a52d8e5d5b9549a1c6c1542af7f19ea6e70c842c6","loss","Concept"
"3d7763a5c73b954b5545db1b8553e2ed2adbbd9d264e831a2303eb820b2294c7","pause","Concept"
"293ba7ddbf20aaf575b685884571f2431752d95f1079b37d30413e8f8c38780d","land use.","Concept"
"2d524af59b89591fa9d05c8111b12387cc4a5eaddd7603e05e055b622a7953cc","jurisdiction","Concept"
"9619c8833bf96af1decec350226b6ccacb9db9468cb8c082cf7d37fdf19dc614","division","Concept"
"c39aa634f3c6c41a60c31bce605cd2b04760993a7535e35b447b3ab73fa92082","disruptions","Concept"
"48da7cb49487f98d6e913e99b8cfa564001aa50481560fc161177371c17a6ca1","cutoff","Concept"
"7b3d28a22798e63ad1b42beb06919349bc0237a7438ad442283f7b4e3763c213","contextual awareness","Concept"
"af36afe1b25ded4fde7289647aef3c17fbdb4bc36a15e5b22465b7c971df6364","abandonment","Concept"
"80a833bd06574afb0f6173bc39e816e473e319842e1311f56f74b5fac8a1b200","referencing","Concept"
"7a7a34948109d0e1017a859e5b824ea5c4a382c6cbae3a8fa31f8a4b6f34fa5f","inheritance","Concept"
"089bf960711a195ae7e692947cf4ed00e93fb9a9e273608d49001700089fcd00","unveiling","Concept"
"ddbd7f34bc1dcd9bd50aeade482edfc2458c0ae185f42e252eefc98747c7cb98","settlement","Concept"
"da857f2605350ecce9751459f9784917bf8c5d3b0320b8543fcf76980d11fda8","no malls","Concept"
"5a6b0796afc25c83bbb343bd5a59cf0c10ae5c9266970975e2b5775c89fc5e38","space","Concept"
"f8d3fa40df26ac5b4e614a286fa0600f200ccc3466973174a45faa56c953aa10","""heritage""
]","Concept"
"23595836d0c6db9d88293cf8132277bdfb8705400c361e8e8b8c3451b9f5634a","viewing","Concept"
"73c56aa46c0f1fe9bbd6ddc456c2d70d8b34e69c2b937f0179ac5c3d9af1f691","clause","Concept"
"4710d474d2e88026be035b09307738dd3eb40ea8b2879eaa04f43460d029d37f","neglect","Concept"
"47a609a83ea5172d02d31696d7ac78f59b99b71e641bddb357b8b517f7f3a568","regulatory issue","Concept"
"e296b0acc61278e3ef3c974b865f5ea27d7a47d287280545d896bab369bc6c87","referral","Concept"
"f9d77c7454a3777cffbba1d0c3be3f2207a54d9c63be4a5b333fc802e0d71c67","safeguard","Concept"
"3f936ec30426296807b27f56a6c8e70caa0106b3b9d47dc991fd657d88d59758","inundation","Concept"
"45a582209c729d74db063a97a5758cfa50951b19962ac8b4be05246b962857f1","legality","Concept"
"ccf7adc57337f83ebb608edb158f3fa201429817a97a6bb93e5ef08bc6e057bb","richness","Concept"
"5b1a517daa4a98352e319074c8378f8b7fc95684caedfba3c82d3a1922efb367","zoning_law","Concept"
"d945fdea8f34d4c5cbbf83b7267fd7e19e591f08c66970b39e95ca5d1af444c8","reflections","Concept"
"83f3b05659b1f63a829ec68723e78bd9c61183d6391bae93fda47041806f0c87","communication","Concept"
"d580491c2fb426db394be42a74a07aef82baf4aea014366c5445aa0ff33f68c9","compromise","Concept"
"379f2239cf75f744dc356c234fb67830d7a8fddb38ffaeb4c67bfb4eeb9a0f6c","highway","Concept"
"b6a6e87096d0e46e86ff3b158b39516884b47203b42e1c9b353497803bdfa3ef","display","Concept"
"da0ed3e235185179db687d4aa1dfcf42121b18a65c2df5a6edb370c7b812003c","contamination","Concept"
"66c3d9401f84dd92adfe01755527d9d0a848c361cb654ae94f6ea507c2504083","involvement","Concept"
"02f22c651735f43276e521314463b2bd8039bab4563aeffd40e5c396f56d2229","ordering","Concept"
"4a06a7334426fc2f602d7b68f3b742e8b80e27e130ef6ed1dc75bdce0f0f542e","water protection","Concept"
"6a6787b6d43c46a5a61be8ecc9ae702a4c6138e9ce7a5d62fce1b3e942825a72","compliancecheck","Concept"
"d43cbafc919f86979cf8f12ee71eed615530b2fe4e149c25e3674e327da78c0b","enjoyment","Concept"
"4276c048187d7399f47994afc67f0acfa723b8395d09c005324aeafc57c6a2fd","height restriction","Concept"
"f18580572d895e5ea51c9d342ab3ac9a170eb92c0739bdbd72957784f16da1ab","exposure","Concept"
"191e2e59eaad0d354d7b5a76434afee6a6717a2e5682d24980dfcdf3c3fde7a6","exemptions","Concept"
"e7a48ca95e5fd17666df94f05b2a3727f8ea136dd9e4c2edb883ef62f40bb665","utilization","Concept"
"1be072e80cda9f215bec899560553581091616623b2d51686aeace537014fc2b","launch","Concept"
"3eaf10818573b84215ab361f2cd6118b7b05d3dbacd037374703f33b67c52c0c","corridor","Concept"
"6c5d0db8c6826ec3d01cf7729d58ca65ccbebaa44bd0c56871383132c266c092","rate","Concept"
"3ed971962ff907c440624492d7ab71ddb24e0125795241ed68e11e482fa948c7","land modification","Concept"
"a599fb79766ee093f41888880456b9e65a980bf9360d183d9afd1e6ecce898ad","building rules","Concept"
"e2b0fc20f7e26bdcc3465facc5124a73a751ce1088295d3462bb41bb415ac209","commercial boost","Concept"
"a4e4dfcf4a29d7d11455507cc02be95ad2a29bbca8b697697e8fa91642b63ac5","dominance","Concept"
"4dae9997da843ea295d47f5a74df3f013f0f5814ae45d19aba89cc324f990ae9","mapping","Concept"
"51d7b1a83e94999aa2d7ea051fde4fedc479ada8e9d30a3eb17a9a08e6d130a3","single occupancy","Concept"
"fab6b0030297f01189ea68b02e90e8a023f0275d03e798daa22848f701813813","valuation","Concept"
"9170a731b24f76d5e7e885415fb154eb01fd432fe2503614bb830bdfa9269a79","exemption rule","Concept"
"3c1ebdd39be537e0d4c7d14e5ad0d2fa494573b108752eeef5a0c78060e343db","rehabilitation","Concept"
"f8ae150efce516ee4a7eec59d41a2b7b697120e3a84c552e21a5da4e59c108e6","permitting","Concept"
"4e55185c0ee89ddb3f34ee51106767419824813252dc187b377dce526f4b79a5","congested roads","Concept"
"8218d4e720df13cda9db640f764d60e4e8d7d06d622d6a6b4d1b60408e534c3b","reference","Concept"
"2899c4dab67ff6fafc167e9671edaae1422e756258b76b842a34d453989813b9","proportionality","Concept"
"4f2028f56854987078da3fff713d028f2b20ed7fe1d233f9671689b209e01cbf","silence","Concept"
"cb5c2f12e670dc63af8d769e9e901a5ff12bc83f55f960cef35a6f0789b14f31","classified","Concept"
"6dbd35a494bf0b29c27a44b9c759acae84d225ba34d00c514df3bfceac40b95d","significance","Concept"
"c1c09b9d9ae57a9acbb6f6de13ccbebb1d361fa4283fb4d568ffcd44be1e8e89","quiet","Concept"
"3cc1f6a414f8f1b9529d6bbe7f5b1e90afbcac25164aaaa4944b419f11552380","geographic","Concept"
"e8723c3b456c562143917b85e5c6c1284cd0433ae939f087ad3553b8b9a4e4df","sequencing","Concept"
"83b9926bfa7c138f5d98b35987c9e2f446354b031938a1500dbd5a3e59b05a43","extension","Concept"
"1ea499f2b4546917dc9da4d12222504957ef68141dc345a0990f3644cc06a57d","illumination","Concept"
"10ba536f7e7c5d973150fb6b75a1f9a2c47ccb34783cec74c35bc00a10807c68","constraint","Concept"
"03589e901bc021d660e0a3f1aaaf9ed35e762086b2adaac2ea22df00aea7bd6a","renovation","Concept"
"ebe1dba2b94dd2c1e17f57469f9cb2210d00258322aa79277128e3f13d7affc3","specificity  relevance","Concept"
"463490dc266d0b3fde911bb9dd7f5fa85d0974a271ad3d87ab34a825d2575831","zone regulation","Concept"
"2d330678745269d5416e96bb62dc3554e0398b63fbb91c140eb34c950409918e","assessment","Concept"
"672604604ed171e088364c37c74f2c5040f5a7f9f53f089b709bcc2fccd53a9a","tourism","Concept"
"bda10d6ba891b30db0c7c70bfbbc8c79cf2afb49d5d34eaaf4163ebff4da6ecf","stormwater","Concept"
"ce5dcd06340ea0fc44d4b08189c759e077e6d3990efaacc62cac771f81eae9fc","geometry","Concept"
"13e713e251f4f4bd49726abb3e518e71b239f9d614fa787b407048b659412b85","lines","Concept"
"1793a338d883c3174628bda41de1c40a8956e795406ae9749865b818f1b40784","operation","Concept"
"be4e7d8c759aebba38b189e654e5dcbd4a255a406cf4ac8ddee7084ddf2256cb","negligence","Concept"
"30dbdb5527e51a93331b9cf9c4f8ee4b14730af000f29912ef14f9e577ad9cac","preservation","Concept"
"0cce2a3f6cbe557e8cffbe807f911cae2db57dd8cd524e9547bbbde6f743fb91","supersession","Concept"
"44cab4f98bbca00a09cb98cc62d11e418a51127b1ac8f781c937b966375bbba5","design consideration","Concept"
"b14b5576d88193c34edfbba7dfc67a92dbe00ca9577e006de08e8cd4fb9b2b77","military operations","Concept"
"eb38bd24036a74c65d2515e093cc4712ba92e64d31b4eacf99119f1181fe6940","chemical presence","Concept"
"98a5b0e259bf9a534bf2dac489ccc2386d5165cb55804646947bdafcf184b623","guidelines","Concept"
"54981cd7058246b1f7e03c2c32a010fbc921817630426960edf0fc45ea40ad1b","vegetation management","Concept"
"35d5ad8ed482978473ced55d5bea44036967e9108adbe9a8e33790864e7fd1f9","acoustic","Concept"
"f1203a68f786c359b427f629dd9e9f0cb5fba88e8296b3d92383e5ac944d0fb2","awareness","Concept"
"68e42a0fa446ec464b55d2b0d02ee660cf86aa373e906ea0b69408568f0cc26e","signing","Concept"
"c56d334b5436de9b7026ae0018cd0c1d147ee2df2f8f2f5b4940c607199aabb4","reversal","Concept"
"a694c64f1abbbeb1fb4a2ab9941a75d96bfda6d0d37f0fcbef7fd54b42a5aa26","sustainable growth","Concept"
"a4dfc702fcf072af2d4df4c80f49d07d8f3251821bff1852b4b5211cc733c507","limitations","Concept"
"55035f24dfca26a8b04ed0558b7c6b8c827b968d85505770436da2afa96d4c5c","accountability","Concept"
"2e45e8c9ecc24995035d72f6ffe6cc5b9c45cf1a96c65892d1ee3ecd291894a7","enumeration","Concept"
"f315bad391c1044ed013cfe1875124d608f05c73e4d2b543d7c53c0e26b1a154","explanation","Concept"
"6b1aeee3f9ff771b8b11984d29a1fbde78b5186a922ab6891168ec6fc0873dc6","upgrades","Concept"
"4c77e65a6e80a30dd822128627ea6df1ba9ec63b5dbf2cb81bfbe93c8cc48908","""landmark""","Concept"
"3487a416794f890e5ede9729adb8fd90803a528fa66281994e982a9389413bf9","zone explanation","Concept"
"1b256a8b241be00cba11430d53f2e1682e481d21d3a481fb9074df1f556c8c46","equality","Concept"
"2e92730309058b38301ab32fc5e8d7909542b31deef61ecdae8722562a2d8437","observation","Concept"
"a56a1f260b4743c60e7340ab8c51da22e28eb144a170ab8102265de40c39599c","planning law","Concept"
"7df18dd0fa8da0545598913902a074a9f85c9b64db6e3b0faa293f4e637b4d9d","shadow","Concept"
"ec8e67b6189bc53a793d375c7304f0e64c72767d7aabf47f3b3be666b4e75620","zoning control","Concept"
"882f59542ebc04cfff69ef0d4bd7767dd748c3d4174c704915bf367956b9d048","modifications","Concept"
"57d4765c6336c4521d353418fe1f773909dd12d15557b69264f80f2f68c927f3","building regulation","Concept"
"b5c532fc0636353b4bb2b6ce095cf9bd127644895454a2dfaf405f8acc5c6d1a","save","Concept"
"b413784d056d4b4244d17c8491052494649705c364d340b771b8d6443062d475","public order","Concept"
"cc928978c5c4b9d815c1c32a96f25658e8c3344257dc92ec0c9ecdac9e3331ec","dwellings","Concept"
"93cf19db2dcc2a5d6cd696ee86aa23811295e1ee369a17407f974452fd380ff0","file access","Concept"
"4479be9370b6bad9e42fccc7ef91728ec320bbbb7219cb62a5a3f64c1a88fbae","retail-free","Concept"
"5a3222cd11c5bce60ee7868caf788183da9bf1b51e887fe50f4ef052b9f6aa59","""scale""","Concept"
"5f4e83c110c954b7046f8695bca2feb185ecd2800c03317afd22986319692343","reserve","Concept"
"6ff27473de08325eb48829cc40f5c329e6ee04862caa5786a5dee4dd77648ca0","detail","Concept"
"20524be8655807373fb1b1dd14395f5e97f932d744b378a6eaef7cf6305a1096","variance","Concept"
"f619a33a90e1d64dbad7a4af78ca715c59c2519c105e264f94b06d4ccfaa5f23","policy making","Concept"
"2e435abc59003eb63ed9a34265eea573ea79e34a1a66c10287b4275cba835e3c","commerce","Concept"
"c26baf2b5279577add3291623d97bf1c0fe95e1860ba7b9c8f1fd9f835c6f352","adoption law","Concept"
"e6557a2ee1e3f629f6bce75c95c90fe01df713988e683fdf72eda678e9cf181d","height limits","Concept"
"1dcbc429b73db4f6d18d877cb2f84576144a8c48e2c224d854c0c26baea238f3","""conservation""","Concept"
"2b09d4a0d5e627b2c5844ffc0d25439363aa6040d8aee455549faddcd7fa40b1","profession","Concept"
"9b47d34af452d543add699e16ab26785032d23957ced7fb20643bd3fbd4cfe3b","equity","Concept"
"8d4e30d52ebff7a75596d23ccdf602335849d81f5075985a826cc3b03810779b","meetings","Concept"
"c8549c2a356f0319e54342a188f816c47e187f15d94d896e09ed0ef8689f60b7","transparency","Concept"
"0363c4dd82f8842cd2dbb254ea1c68c537eeca63ee00cdd7bd41d1a12add5ee2","regulation","Concept"
"ba81f1c25a791cf3685899628210e576a01e6ba4fbf85a50b05b9819ee442dac","discrepancy","Concept"
"6763903581796f0f5b39bf74e91b95882a1cb2eab2a7142c24921c8073c75e1c","bliss","Concept"
"fd939c403c08c35faf352aa55fd42d1c44968e0ebf5e7974fa6d0a3068b25069","publication","Concept"
"a54e9af3702589e2ac12b63109be4a510c274a2c5f95e639a650926d70344364","response","Concept"
"e450a8181a9ce750202836779748a30a4c2bbbba507f733e0f77df06cc91b0b7","consent","Concept"
"3398061cbbab8191325eec54682e68a6d2af0695d18444510b328966edfe2e68","care","Concept"
"9b5b1c24d3a9276c24d1172d5d58b52445930b8d619b95966c98b211c5667724","vantage","Concept"
"e7fa89f0818a5295bab5df81772d71e2b247a0e7f93cc03591de770b763a7b52","integrated use","Concept"
"86e2348da3f045717929fb864b2057c309c3c0ec5347f3809ac1d5db56a95ae8","accessibility guarantee","Concept"
"9f46f72363e008d8c6d97a7be0eef33a4d459a4bf97d37c2d3cda41c99c0b002","concern","Concept"
"cedf20ac2c3e42098ae634ecd59afaaecf216d7360b7ca368b2c170f25d30f5a","creative","Concept"
"fc63383ff7457d121bd4616c109e6cd925fc387b276073d29613668bebdd864c","signage","Concept"
"da8b0dec1120662eb5393daa1d25d800877469578733ff2ab5782808e8f42486","parliament","Concept"
"4911d67d630df55188e27f4f8fc808a89c7a3ba0e750699d64e551308a84a1de","outdoor","Concept"
"ce2eee1e4bacc4c621e7d5b13bf378414cd09547cccf435b277472823462199a","surrounding","Concept"
"74c9cd89074262acde7ee06cfcebe57bcfc1ffc95134e830abc698e5e7f56f7d","parking costs","Concept"
"16a9fa337325464c05933c0fd73bd5128756631d52c0c0c1103862905d80d9b5","shopping","Concept"
"b29ad4158808e1884df7a7939659f9cff790595424f51dac5797d7c1f0382b1a","restraint","Concept"
"e782d3d62dff8530fe99702494d1623e482bb35bbe7fd12e0a9317cf91afd35f","enclosure","Concept"
"3d2ed4041a1ad81a588fdafadf7ddfe5eb77249fee514eac65db83418fd5e384","warning","Concept"
"5ca27a1d3c211d21953b7cf0048caf14a8fd32cf1b2f4912e93b182d7fde21e7","purification","Concept"
"5b95639e39346a12796a6812bb2aec6e469733f4964c96f355eacb5f4f99d63a","blending","Concept"
"47ad5158c24c2e8edd8d4e4c39384fbe615873e9aebc759348eee2a1020810d9","architecture","Concept"
"e749a3bac3fcc1d06ef575af7781aa31cbe1d27316fcbc339ef88fa06f5f8eb5","rural","Concept"
"1000da80ad55a5371153d6143d5e5214982941bf1dc4d5fb506c2b2ddd3d7465","clarity","Concept"
"89fe79d15d3bfaa005862326438f3d7d4aa39eb8a0be77547e6ef25476f60679","origin","Concept"
"06c43add7d91ef22b1a9574405cf3d083aca970ad91c5a197820bf0bde10966e","splayed corners","Concept"
"78ea4349ad4b93495e80f06446685b87cc5bdd5ac9e2ab1528554a8582f17317","solar restriction","Concept"
"4492a602321a06fc4a82d9870842e49f3353c37e745b3efab6399a78776e2630","absence","Concept"
"a3e9e31e63f8dfdb8f8534db66baa31ba05e19ce020530e23708d7fbec4cd7fe","fragmentation","Concept"
"3ffcd5d07f9b36f98b044545cb1809b10a06b57888b9c4c0c0fda6f6a1edd151","vibrancy","Concept"
"16a2c8966bedc4fa3ee25160025b8ddf44b8be7479c577e247a534fc40a8006e","zoning revision","Concept"
"67284b34cdae282d8db832133f3d17467ac11de6a4e6e918bc17949faf58e5e5","restrictions","Concept"
"a907b71dae96484136f0c46998712ef5872d49a6762168a138a331c44994248a","spatial investigation","Concept"
"387c08bdde207aed4f91568bd81b0eb66f68eb31c9c3e19af989f5baed286d5c","[
  ""planning""","Concept"
"8f9319e297de41856db8b955d0b57d2f52262137f2b055aaf8d38e5e0ea00a64","cohesion","Concept"
"7b07bdc84dd0f899645660409dca5ec0a0878f98e73ebc5396f2c66e5a9ad534","water storage","Concept"
"b3393a3b3d05e03f6f4abf7213f414785a9c8f75b9476ab2516fe21cc8decae3","architectural thought","Concept"
"816956899825d0044f72fd423cf4d64a016c7d2e27835d7adcb3cd826dd89135","solar integration","Concept"
"fc5fd71618060efadcd8a21bd5c9cb0d6356ef6115b291fb9b9617e067c1a8d7","i see what you're asking for now. since the event is a reference to a document","Concept"
"0e23f952c89b72e9f676d581d66f7533543feabd5ebbbb3cf395590c959791e1","discovery","Concept"
"fdad2f323ebe58eca530df402b6a537494c92a12260fe5d6a46d23e79fdf8812","noise level","Concept"
"9325fd5da4a44513848881a53e31ccce532dc82cca7a5d6226eaf22a4ecd1419","environment","Concept"
"8ed0cc475823b25ce7496bba0d4ae0551d1f844767e1bffeb6d4e38464803eb8","massing","Concept"
"169fb4a846e687b90e628be6a0f642d4490c34fc2b8fbc1168cf5d502f8de87f","school","Concept"
"60b47792b70630483ba09bdde2dacaab835f1287bd6e3f7d535e612dd43b1fba","crossing","Concept"
"5590dfdb4ed5a492b5d50e7dcbfba7f17b54289a8c65ae2e821359b6e7acb30d","overkill","Concept"
"12fd01948bb0065e34f3041ce8e9d932987075362404e7bf0920ef07f152fc63","architecture style","Concept"
"cddd6c5435c0a315a6db405fd9532738cb7478e4a069f4f2fc4f800cfe11c59f","i'm ready to assist. please provide the next event.   (however","Concept"
"2ea4d8762c52ac42133989708a3c545028565f01b63cdcdf2d799040d2e34fd2","requirement","Concept"
"7db177ad7ac4c02599f7bbe6fa1d64dea1f86611155937d31b6f096b0f34c721","ecofriendly","Concept"
"d19d6c04e4e69bdcbeb7bd5fa500f6f18258da4f05a27be45b1699ca93ca7713","test","Concept"
"e97f848522aa48a77027705e9bef3905220340c483ee1250bbffc05ab7bf2f5e","low-rise","Concept"
"e64e7ebd7b15625636e2d1f95ae291c8f3e0d8a176072114b27890e40e02a548","development requirements","Concept"
"2697b3369df968bd92e3d4609d05f61efbd462ac39282bcc4f90800cdaeb9591","election","Concept"
"fdb1b01025be719585cb73dbfe15f00a5ce5b276b83b67eda58d946debbee368","""preservation""]","Concept"
"ba89458f56b6ebc0beb9d586f0d5eec9151c5c7805f87272a0c1460b5aad2b4f","openness","Concept"
"b0a742b32435c0afcdc4f834a9b0a554107926e9b49615b2ac5f2dc3a375c1dc","avoidance","Concept"
"2be96c0d195eabd258eec3155dd173607adaee4decd579ef45b1682f8fd71fdc","targets","Concept"
"f6f5ea3e23ba24e0c0fac7d2de6f61d9523715ffa3df9dda39a3a139e6476469","clause discussion","Concept"
"4e0f43969709813c2dc4d82ae06ecad5b9d5ab8cf0618de1c0b869387b4a570e","social evaluation","Concept"
"fae36c3af281215273c070541f14d8f0494a102f9c3a7ea5e22cca04cd16e891","ecosystem","Concept"
"e6b58ffb0eb4393a7919820051c156b37595f58673072f7156b71b090ca99b3c","filing","Concept"
"66dc3dedb558ed12491b9fe3235698eefff435c6070f30d657bbe87d5b966af1","impact","Concept"
"3098466c8e09d7555f427575826db5a1cb002fdedad7b9c43215cd9145041f2e","privacy","Concept"
"f2fc9b44617c427cbdebc5bcd917a3b5c4b92e5fa29c489220ca6d0739e29249","evaluation","Concept"
"7b3358b1811c063cdec19390794a2dc8e4795c856ea851c8759a472943d2902d","conflict","Concept"
"0bf84e094efb14fbcaf37edc2084f087ff87d8b46359589151aeb5b16ffcb255","""reservation""
]","Concept"
"3b30d28d8b3b69f2d665bc1c6089bfe2709a058f5d2ff3ac788c5c2a49d876a8","locations","Concept"
"2e1253fd750cd855a3372a10d233cd8390cc7cc5709544e440ec8dfc5a183c7c","nonimpact","Concept"
"33c96e68ec47b5c301297ce1b838a5129e8bf2a05482d02093d2298bce7d7493","assessment process","Concept"
"fad98c43a3dc3e2e39c6179f0f5237ae961ab0560afc22000c65dfea114d60ff","blend","Concept"
"b7ff2fbf7eb79c910919fd5dda5f73aacf5ce5a3abc33148a5379af3876e74fe","toxicity","Concept"
"f6066f08196f15064de8a12a3ab54ea76bf5ab7457e7b24df3dd1396383504ee","shift","Concept"
"c5d9bff2f40dc42c1fd484d7e3a41ebdffbf114e881fb84596d67694804ef256","struggle","Concept"
"037599484898d9e07f046ccf2f78dee867e43d45ee0c54c5936eb828f418cca9","balance","Concept"
"672f069539d887ae0a8c629f7aee05582105e2a38a6c9c382f764e1ef75c2753","protect","Concept"
"b9f27e3ef64bca519878e8844ff0a04ebf6161897dbe2629edbe706d4674f4de","distraction","Concept"
"cbd975cbe9de67bc3039f4bcce090719d93113d74326e692f1a3c832d9bd6116","visualization","Concept"
"504836bb79872444450278321ea5328cbfe90e97fc420844428f541f97643682","appendix","Concept"
"631a0c5f3be5d469e643c7c16d846b5f7d0ef365d918e6fd2eadfd325b292fa4","noise restriction","Concept"
"e96f331720de54eee5fdb061ce774d8a0ccd96a3ff1fb01b315418d7de4e03ef","repetition","Concept"
"31bef640fe7f20d075bbee959b2e21ff14ffd3625cf95f36af65637eb7c71899","water management","Concept"
"f63e190cae13a1d1f0066d6786977e7c2a367f222a8df1d5b2f5af08375358cb","clearance","Concept"
"ea7976a65546a237e43692f6f2ef3c3e21e7c257f75dd1959ec0d15d47872fcc","document creation","Concept"
"2b0e30f9eaa65f75ac0eba430b5a530597df0157d984b6b3eef5ed6099df9e46","water efficiency","Concept"
"acb1c6bfc61b74cf731f70ee503cc7227177e0cdf4e8dc88ebc4d74db69785fc","inclusive design","Concept"
"7526e88ec1f15dfc52d03caf43b9a10184638751e60041a901a29faaeb008722","envelope","Concept"
"41ac65e31243fe06d6666b8f0de64a5ae31feeb57d6d09ebc597406ceafc03ed","accommodation  consent","Concept"
"77a10f1c2575f29507b8be277d4b15350425f204952466fbcf380a0616818034","sign regulation","Concept"
"b2010b759853ac392f4123972f1e8ddbc238ed02fe9ac25a4095613b54b0d773","incentive","Concept"
"31257e02693d90c9cd20239ddd1b43d47149c6f5abfb79a3b84101a0f5c835aa","harvesting","Concept"
"20d90a3d27518c0a1d0db855557aea50e3102dded85e20f5b458b5e2175e7805","revitalisation","Concept"
"8938256440bbc1148eea83bb247e0d0e39db2273ed82dd390c388e350abe6312","code","Concept"
"6a37d6007ef11dadbf70cc15dca482a178f1c4e2f0e63d9967d692dc4a676889","advertising","Concept"
"a768e9c505e747549e956209bcb407f1db81bfc1e004a370d6a10216390d25ba","enhancement","Concept"
"900d8fec4d5e72be862474e8fa20b508c9e69c9b3ec58058732c6d5e98aafb16","centers","Concept"
"c389aa44ba5d4d2e1e98f605ea228d6e6cbbb7607e3a16507db15de91970f4a2","sustainability measure","Concept"
"05993b70fb3cfe8764221b15f8aaa151022da09204d138ef3928275c2bc795f8","update","Concept"
"ee6b936d75e3671387f4322f67391b2fa09cc11a4bcb5d46063097e3db8e9977","non-damage","Concept"
"5f659c8daae72588b4f74fdf3f9c2d05a7b196f329abe1cd37af0b101df57e5e","peak","Concept"
"cb55d0df6b735ef61b097678f6bd73019504c58749267e7ed9ad280116765c68","recognition","Concept"
"d260427a88ea781323e31f8254bd1fd90d25c2f7fdece2f1ca42a423b25a4590","adaptation","Concept"
"0357a6cc3ee5e4d211aee99d3e5a24d11885ed89d1bbde9d33c1154adcb51991","greenliving","Concept"
"83e61732a3c5195de4aec537e4a4e809925c1769a4e4dfc1a66dc8f4e4bd2998","access denied","Concept"
"c107e2af7fcb43440c2577e433d206fbd8157cdd1071b9b3db9798f341e9ec5f","travel","Concept"
"7b9d2c052ef36cb5d98f96d4fb0ca332d9c94a2d40844002e374df0444f29739","resource","Concept"
"e825c73d75fb98dea685c1de5466eee64097fe47a16a2edc19f29572924abeee","greening","Concept"
"4164a554b0cd66a2a6ff2ee15dbcd7430ce4e185e2fd534381b1fbe5d073ab36","pattern","Concept"
"1783f502aac132b048c3deeb28df1cd29b25e1f12bdf0fcb94963a29fed51972","signage regulation","Concept"
"d5f52a35d9e865291f048f224b8b3a3c9ea81a2e64de4230876147b152e957be","convention","Concept"
"a259e420237b10f5cb4b081c058658ac342da0661d9f2ab989980c4471d590a2","contribution","Concept"
"b967157b404ada43189f7dd50eef6605e6a40dfd90b30d1cec83266c28f8d320","archive","Concept"
"6dc22d9ac34af340d9bb35a51c2a392ee30f6e0dbd1078a499fd3fd66633d6da","""limitation""","Concept"
"6a46a71676f2c557eda3f03808bd99f2bf7ec1d7c6cc278278a14d24a5509ea3","designing","Concept"
"bda5241e4d362a44dbc90078fb399c8dd4fa5fdddc38086eb0d594331b94ce7b","submission","Concept"
"3ed359e3b6330433ceec3686e7c064a2e208334c81cf17f9b115c7f82435c9a2","zoning exemption","Concept"
"d6a585b02374ef1fbb76aa50b6697d9f4c646d21bc2acc72f16a473fd098a56b","ingress","Concept"
"7e8ca84585123f9f27baabc1e6bc231c1a0114b9ad0a186482a7ced1cb33074e","drafting","Concept"
"91cb1a93ec81c14212ebb8e491eb29597046d8e0d6bc8e6d2d7b6d2b30d38629","summer restriction","Concept"
"b61430ba5d4ac909199a742417f92fa4ad5dbf0577dcb1498c7972e08ae1389c","priority","Concept"
"e395c2c9d5fe9b1ecf7b01ecbc56d0f951251b929285feb4dd9c98df73cee842","doors","Concept"
"3af059f2841cfe6cf1876531c93b43bf5ac00654197407edf8c68a22e53aa57b","permit","Concept"
"25eaf3b2e505d82294cd20df434107448084c0e620fcfdda80f43c1c809fdf08","conservation area","Concept"
"7b08a69ed0447587abefea7eb70790270a227b77f83cfac32f9339c0e9039aa4","responsible","Concept"
"7bca2999d36d25eb9b22f9aaddc394201949f6decf41b406be76511b848ed781","exclusivity","Concept"
"3e8e50b1f8c31b471ca5df9f3f5c041083f85b65bf1dfb84e6b694cca6b173bf","addition","Concept"
"d184fba6307a2681ff1863117721ba6cbd35fa6d51f1fc4adcebd8b18040f709","blocking","Concept"
"7ecc9f4775d134725c7164c919cdef524ab6ed3d65a1e08a40dceb7c14b9ff56","search","Concept"
"5a42584f38997e32a92031a7e4a24cc2d655e65600a1be1a88b3d1ee93367caf","guidance","Concept"
"757c6c8c7f8d058b4b53fe79623159c0c9e8839429cf32ffad278ced4ceedfe9","crisis","Concept"
"7f6ba0b940307a21a5c106c491aaf90a698bc26b7f5ccecc19bdbcd131344b28","regulation change","Concept"
"ee5366c1c409347f3c57e4379560dae7bd3f887af1dadc7bdd40baa7f2069979","refinement","Concept"
"cd6cfe4a718f2d920eba7f5d0db5d6ad4465211c6d89bc4a7d1d26e6d650df2e","commercial area","Concept"
"7a793497a62d16f8ca26a5ecc93a195e3a2d5ace7cf415474bd2affe6dfabac3","saving","Concept"
"e37721fe30a67dc759feadc5c96fc7a5583fce9e5b07fa0d7ff7532e42d2e96e","safety guideline","Concept"
"026338e52efed38f72961d58ef7e760191e35fb1735b5e66982aeb1e2f3d478c","drainage system","Concept"
"c5a3babeb67d05e8b2ed96f4c9c6aef1826df8c605d46dde7e7dfb551eaa335e","regeneration","Concept"
"8bf4d96da5e58ab66353cca98a3ef64acf6567deca36f04fe8fe64abbb155b7e","natural zones","Concept"
"e0db6aabf3e9e80747ecb283b09329de39d6839d64e67b60c806e963544178ce","framework","Concept"
"3a5078e3d91f7a9098463e947871f3d7ac4c7af624ec76038550bb8c7a3d81c1","expiration","Concept"
"e61a59740f0bd35067c6725bd51925673ad9c878df32702a993ab06199d74da2","exemption","Concept"
"336aa18f764aebec81f722684aa51b37551ae2e4138a12e19236645c1e0ab9de","readability","Concept"
"ac8d6deb79a902bec0cb63b131f095aa7c35d9c5487ecf47a80fdd772e6699e6","safety measure","Concept"
"4c3d2aa9c9762c710beafc15582a7f22c94ce0216428fc4fa10fce96ea4e7d35","degradation","Concept"
"3b6e287355fa09d822dbd6271f1ae50e5e18474d51e61bfa117020e10950a8f8","birth","Concept"
"36eee0c3ec0dfd968d32027658e6b5a9a59ff3b3c803f00022d0e2b3a84e0477","advertisement restriction","Concept"
"cdd16b52af4cc74ec6716f2cf6e2e5ecf0457b2f5c2bce48db89fad42012e1ca","amenity","Concept"
"85ce329de4fef707a4d204baf7cc9cb82258ed5edbed432b8ec9fffe9e266f0d","place examination","Concept"
"d280a6e21178ce3e4ee1f9bbfafcca46b0406e50521d72ac084e60978558e0da","categorization","Concept"
"ba34ab2528d2935d16bd40fcfc803faeef6fb361247e789f0bc846b4a3a9070b","error","Concept"
"9b729950cb1309e59e9ddb896e1329fa5a3e8b8c38465a36a5d287de6c613572","zero setback","Concept"
"46306dc5e4dc21bf0d301eac70ce3dfbb50d672e92ec39ab48441b0e4ee11556","sunlight limit","Concept"
"2db068a71123023242972b7e1f266a95e23b21ce55d759704532c80e94afade0","buildings","Concept"
"fe2e4334c019f9939b60e77cec63abf27860db3dc5872261a7a35cffe406ef09","wayfinding","Concept"
"901fea8062877f450dc595dbaf5916b2e2a0d48e8ee82f8cd8af89596b59715b","property right","Concept"
"8d59c8a2e6c8a90bab29ebf8e8ecd72ffc99f4a288a3875ff87ff77890ced89a","density control","Concept"
"afc4f4a6403fa0422f63b6c608661f0e1cc0bc962f7146c34db40b1dd9df8cf7","calamity","Concept"
"beda04024a3a5e519e47df1507b2b428fc9a2f384da1146d772bb9a944deffc8","danger","Concept"
"401ff0f0b5085c5cede9e275d0a48a0930f2be691ac6d66380c022edcead3db4","water quality","Concept"
"edb44a472c9bcfe81e13aec442b1430af1cd08fd5d63a8e64868ad604fb693cf","sustainable methods","Concept"
"53a272bdab8e65ecc1e949ccaf975f2716d03c99b5d34df95b66bd6197a33449","functionality","Concept"
"4a4e47d2cd4ebf80142ba1fc912dbe4cedb2b99b855ee721de37301cdd206cb1","sound control","Concept"
"d1845ab9cecc19befa1ba15868a04b64e641e13246b742b727db067aa0d1d700","accuracy","Concept"
"a32fe3d9f7471a29f9b1a8f0f72c77c874508e4681a4b7eef616a24758c7d010","storage","Concept"
"c36a164c9c6414411c864993f59ca4606b2e7b26c6c922587879d049c2a425c5","omission","Concept"
"5c1f5d4f6a162c81d375c5c9f2e368283caafddac82c90230c8b3cf5ac584d51","beautification","Concept"
"22754bcf04c0675f270b10034772fd10b139addaf76d49ba19b73231507e4f7b","detached","Concept"
"bae753a176c2857d369ffbcbf11fc2ffb3bb785ec0bdf556329aaae860cb259a","project","Concept"
"fcd474a9c6a7aed78970634c492dbe0ea9aa37f1e72a0b9235c5a678e1d30285","no flow","Concept"
"78488aed712cd4bba5e93e66730b350519aa7a23b0221a3073e721aeb5c824b5","notice","Concept"
"40c6aec26ecb3c3c5067ed33b9dcb513f0ad3f993268ed7ab46b5ffff524bc1c","rights","Concept"
"64704a8008e16b8fcd34dade48159e4a08917b0cf886d281337bbbdbe7788048","repair","Concept"
"2c17fcc8a1893f7f0bfca8b31419448afbef2dfe4b39f8da662bd4bee78adb69","rise","Concept"
"a439d91e1cb64bf39727c1431df4a2ff81076bfc8b1872519f90f4afacf41d68","existence","Concept"
"8e316522caeb45f193520661fa1c48c35da309f46a589367aac85ea874bf3180","separation","Concept"
"7c0306205452288370aaa524cc7e1968685d3c3b2e92bde836ad98bfa69d7601","visual compatibility","Concept"
"0ee5192cb2644cb6c4ce0a98ed1b96ecc0090ef4b6ff6f2082f010a7c57adc1e","focus","Concept"
"538c554615146097f8626a669a513d1ea00925d0640c89289e37d8da544a2314","commitment","Concept"
"39a87a9ee444db545bf6c6a66c55e4894216e66db73ce46fc853fc621f418ceb","reflection","Concept"
"dfcf9c31322687985ef3150efeab8bdd6f1fbd46f1d2ea0125521998a020671f","disclosure","Concept"
"9a2399f3a38a8f36282c0cce9bfeacb0f9986cf6722493e684aa02a7cbb4a67d","conflict resolution","Concept"
"baf2140d09f1e350abfef3b568c319e1455d16fef44d563dd950cd34fffceb2b","coastal","Concept"
"a8c81a14cd588b4ddab722919658110e34debe91232f9262bbffd4100db48b75","finding","Concept"
"483e6bd305228c441e1efc220ae5b354ffa4dac3812ba89864fe8a9fe3fa120e","""sustainability""","Concept"
"9de9933d806f3e730e32a8136484d5d034d4c1542e9e91a6fd34b555bc6398de","forestry","Concept"
"b0b8ff4306ce5373cdebc29acc66d5d96c5a1ac0ae12e3a59da52c03358554b8","evaporation","Concept"
"c3604bc44056306db91e26f06a90ae3d680ceb0f0f88833a23eb57d743c19a57","recreation","Concept"
"b5faceeff5b365a5dea3e42280bb082f1070e54e389a12adacd364cbccc8bd5c","parking provision","Concept"
"40b6a43e7d69b3292b9b74a993a5f72ee8ef05fd0789af8973b64c216837548d","era","Concept"
"e8bc2356a9c41a333be156a19065078651b53a998d5644200172888c968806b1","flood","Concept"
"b1e2cd870273c6f9d891f6c4c457fe9dd4d96bf954e8c280121284ff6ba59bfc","disruption","Concept"
"7e2b261dfd4e207d40ac73305ba38240b0d1a6c58fbeb70f1ce84af76ae40b50","planning document","Concept"
"5e5ea94c403f61b65637d03e9f9c9e9ef4a7f4b4991382d514b3732bebe16495","admission","Concept"
"af888c8f3b0c22223603749d2b85e070d6ba2e58a778d7aa1f1e84b320cdad95","risk mitigation","Concept"
"4f9f6c2bc7a21712e2671154d3b0c4de95673d598a9d622dc54c8cbe905c4ddf","solar requirement","Concept"
"41b380376b21ba551503f9cbaa843c560ee21a6fdea2c3b10140a97945dfa771","adult control","Concept"
"23fa9da0082f4f9ea41e478299f869eea6791af5b52af7f897f950d92a1af8bd","reduce waste","Concept"
"74b0787792eed2d22e1a56b3cb807457350c9022457fe177d41e36bb65575382","accessible","Concept"
"c9e72f91a200339540923e165bb9cbf6914516b05d819a6b2ca4edc2eb0ef965","repeat","Concept"
"1abcc8cccf1e9113e443fe2313fbe7d983c77dc57c830da24dc2a676d432c24a","late","Concept"
"168711eddc48241d6948dbb2f0b813198b9c121a3a1c45623c2b6e1e7db645df","traffic","Concept"
"627a82143bdced02123820d9a7561d811c5134d9627de61bfd40492a3b586fbf","enclosures","Concept"
"75a6b431e75734fd10e3b427057b5211a34b25a191b1b85c447658f7b1e840d6","secure section","Concept"
"60a1ad338f33a0eb9acfcb346e1378dc292fc55fa1c9150ba6c5f869ddc9986f","measurement standard","Concept"
"0e412550299eef427a103d5ddd0252ee39ab5b699ce546c30a011a72acae2fd7","efficiency","Concept"
"f9ee5cd2523eb85ef4edf353444106a1d41c692dcb415d54e678cf83f620860f","chapter","Concept"
"8aa380745544a54d5d2bde773848006aa5875e9553479e797ecc3643c1daea48","interpretation","Concept"
"2b983a0b437d04e400f4b543ef4adcf6aad1f32cbb840c4fa47c42df0b11977a","statute","Concept"
"d66a7ce55ae8fc464217b0565d8cc0a9b7f6556ad73fdf65e7f3c8518ea8743f","justice","Concept"
"7c5e4d1d987e613145f7aac569271a2a2ce10844d42e1dcbbb91bc51723750ae","difficulty","Concept"
"de8638a60dc8d6c89c617ae6ae651af3624d3e334abd9a3511c5042b1a2db968","approach","Concept"
"8841c41d8ee3810dfb8176b577667e1664ea396a3f3832eeaed5d3f0631d7af2","overhaul","Concept"
"007cb236138ad52d28de0cd73f56339bac7bbeea62901ee4f648f1b612856e11","architectural","Concept"
"1c9b38dc67bd7fc517acf13d746786eeddcd79602e14d147d0e476d00a8dc69d","defense","Concept"
"c91da9397d0d3ccc87901505dd6b50addbaf201d806540c51ffe563c288d6ee1","orientation","Concept"
"4ba4d5a0dadebb00cc6cf11add6725e0356e65f49dc55c41f462535d6c85f22a","discretion","Concept"
"5cce13b2bb0fbb9724b78fee9e906c225bd5dd9dd7e413fc9d0ea6f37f0d839e","eco-friendly practices","Concept"
"075a531a6d214b6ad17197167e0e21fe87990ea58d07199a6900a7c0a4418609","street life","Concept"
"fbf12f3908e4cc20411ff1cffbf9e29f2a42a247867d78f333c7f7695674e946","documentation","Concept"
"a171aef63c05ca2be2584979e6e39e0d2671685e62fbbffd73bc65df33109df8","limited spaces","Concept"
"4e788e7009227ac7467c48430af39ebbd95650482bc5a930b1e997350742cd9f","retention","Concept"
"2065739d7ec99505810f309682781e04ec610840fd7ef77824d257f79e40ff38","request","Concept"
"3e2aecb6f773252180ecb4c238c259a7510a5701c5281907a5270c47aa65efe5","revision","Concept"
"db70dc30127ee4126dcf1ab2749f87db8b4452d790f276dc8e7c4e30d45889df","mdcp","Concept"
"c77378840a862cf980cf3120686f42376ecd9992175ceec8193ee4df7fc6a90c","control  laws","Concept"
"f9d25a8787e07668ec2cc354bd7f4d69ff4bb8fcc32d893e793d6a70235b859a","nighttime activity","Concept"
"e6c125e04fcae449b4b241ed414c7fc3b83b61ba53e477400516d4ea26b88cdd","expiry","Concept"
"972affb50b73af2c6f0e355eabf0d3b0bdbb29d79b5a6f5e7059cca0003b5591","business","Concept"
"7aaf32ef795e673cee38a7dc93142d111fd56e18d1bdc6d0ce976b022f2bc050","""phrases4"": ""seclusion""}]","Concept"
"c58a61ea573852115634f745fbe72cef4faf528c83b38e986fc499600d35f04c","airport management","Concept"
"e6b26ac84423bdf6f9ad805dab3fd227656af706128cec6fb012f812b4cfd3c9","usability test","Concept"
"97aafb6a8b45310740597ce053fe5009db25d21fbc5cdbeb2a208fc8b4916bba","consolidation","Concept"
"57c8a90245d4cac1279274c42ab20e260b436a3bb3980aa5d062d173275a1e22","eco tourism","Concept"
"6fea452d9b30ab18ba67df85d08209043722f0d9cc33eeee0c1405f890f20759","industrial zone","Concept"
"d50473addb955e88d4827f0ee4596acf88277f38f6547e1dab9811c8a823899b","variation","Concept"
"dafba19ce45f868ee9c3b9b71d006704aa87bf7f77c775c4eee9951e206c5a68","non-impact","Concept"
"767f717b321ee3b57064d969a731cbcc146fddbdd88fbe82afc2f7ee7c0dd74f","responsiveness","Concept"
"eaadab7d4c3a561181aba62e4d4bbf66592ac723fd46d7f41a85372b07c3905e","energy efficiency","Concept"
"e72ee2037d6aef55f15ed1b385a6f6121bfd9501cc2009645b1f1bae196531ed","promotion","Concept"
"d79ecd3869a0df398d9914933d3043a2397f9949fc102f0928e1fbed0390b490","industrial","Concept"
"1634c784fa153027c547446e46585352adc2b8be709c9aed838409b59700650f","limitation","Concept"
"92e288250a824bb08bc34873c55b7527472875773a71ba5febbc929a018bd402","road widening","Concept"
"b886c9fa9efe719d355df6639f7538f6428438cb27ae9084e2e0c210b8b4e1d9","meeting","Concept"
"b5eac758dd684ff0bbad54b83b508232dadaa45d20c40c7ce3de0cc7e5726b8f","intellectual property","Concept"
"307a5fb7e2e9ad9cfacad43d0ed23c8b1f99a5a871855e44bc40551823ce0d76","revitalizing","Concept"
"c8e5ad8cb0bf59bd9a968606ded145d5c19e001ef7cdccb01f4dd9decf5a1c08","scrutiny","Concept"
"c5f51ef1be3ae56a55e39fc3f561d8942b1173cb33cc89f9376065494f4ca28e","pedestrianization","Concept"
"5b4b88a2c2968eb27f0a143fc818b47fedbc38e40593281c39c9cfad3a04aca2","architectural term","Concept"
"7fb95e230af195f019bcf3e1f0f8c822442257ba7f592c9a196008e7abb4a45a","harm","Concept"
"8f23c7894bfe8d3d9821f6434c83138717f91a1ccf04f65c810ada02e69ece2d","reviews","Concept"
"a7b1b7ec26fc4980198691d07c0a8f7c760aede4066ea796aefd4e30583bcf7c","densification","Concept"
"046cc003f1d119a1eb32ae2577fab493540dceb36a62616e857344b2a5d5c466","disagreement","Concept"
"e62eecffece7138101a0784f741a10a9ebe13e0f1ccb18157c9e5cb6721f74ef","style","Concept"
"4e8eb21bef4b34666582e8c9910705226b257cdfa1c928b858da80d54b1137a9","legislation","Concept"
"26f90357760e61cc02323c7013060bb2a4bb6d65f1fd7f230ed39a3ab8ac17f5","interruption","Concept"
"946c58826e9d866f2c7e0458cf6fcac9ea30397493fcc867adf87f1e2f40ed45","work","Concept"
"5b5b2e4a4c29df727ad6ea7dfb4582adce9493a9473787ea67677e07460eb699","feasibility study","Concept"
"d7d844645ceb566cbc3fddbcb38b6c10dc89cd955a2b62b845164cd8c18e87e2","traffic control","Concept"
"0595b656184cb05d8ed28c824b15c893694280a5da3ec46d694044af0c402c4f","luxury homes","Concept"
"e9aa9baf44a8cfd30e68a50584862424287a4d3e252df675869dc69e84b1897f","aesthetics","Concept"
"4ff7e9f6417f13db5084d23562597372f6bffd701ac5c7f8a7ef75b366907049","folder","Concept"
"203db21b8a2ecfc6b2750367a556c4e149c2058d82867a38382d1d34c2f9b93b","flexibility","Concept"
"b0c7dac811c4913c432b44c2d67f055c9705baa516365bb3ec1cc6814ff19d30","location details","Concept"
"569c72d13c772b65d568b1017c87b8422f2b11a4c51b22c273e5129c64cf0143","runoff","Concept"
"50b5d102286d9b8cc8f37835223d7b2b011b263c0e8ee32ae0fb11805c9c4e83","environmental risk toxic site","Concept"
"c413b8cc4a04cc9e6510093b1eb5bf758db655cc85336d44ed4984a406439037","market","Concept"
"5e26084b84a335ba55fc72dc2551effaa8c212069ea4fa45e79bde8daa3e343c","review","Concept"
"b2ef03eec0fbc15b62f82e70b7fd03ec292cddaf215f2f09bdb632242d5b28de","planningdocument","Concept"
"bd01ba6c5051c2d6ca5a6ea1c933c1d25f185ce292684536999ab2488e4f3b43","serenity","Concept"
"e8e13e0b8a74807d6452e1a7039d70dfe86dee29ef2ef8257cb844b8eff66129","aesthetic","Concept"
"7eb84a54e9c5abee6afa8427933bdb6575ba82e82aeca41c9e5a92ab93e0eed2","decision","Concept"
"588451911ac254048fed43ec1604fb586e9e363eac2b6297a8959c7af47c547c","facilities","Concept"
"68d2145843ed145a684d83a736949ffa86b5fec9ed9fcd616131a76a5aac7403","deadline","Concept"
"f4afc3039190850b260e5542342718c3fce1524bafb07925084a41f258a099de","land division","Concept"
"8281e768b40fdc7f9ed57b50fb819a53b4850b7d682b4a545cd737e947da3351","site analysis","Concept"
"909f1eeddf971ac8849886cfaec4b245002c192c10e79026d94ee1c7f95c8af1","land classification","Concept"
"26459b8fc32cf21a8bced338796dce2e5a252bbf656cf28eae39eb3f3636badd","merger","Concept"
"d1c9a44c29aec23871ea39dc282a170589509b2d07cb68968f91451611fd68a0","layout","Concept"
"f3e98403b64549e3e4991733880e671a3df8bf3ba15b752b578ac3da2a241f86","peace","Concept"
"18bcc13e07f1558735ab02e67938ea90dc8d78a66d816bda464af207ae9699f5","ceiling","Concept"
"50f7bdd514a86870a68af0d276bb694006c3479cdbe16fbc51529a32472d2261","plotting","Concept"
"a7b94b99ad1c6e4b0487dc85d32228a3a7ed154484115a38ca1131862803d0fe","act","Concept"
"eb21059073a389ef6c688737014b2fe9bbb2a8b714a93ef144fb03b940a7434b","night market","Concept"
"0d437520b7638b2c9bd27ce048769587edca280f43f10fe37e6ea110ca76520a","development site","Concept"
"bf553d19b32574708be2b49e801de932a6af118987c2b8457a2beb0d70c41905","document access","Concept"
"ac879d09f2d015fea9ca35ddcdefd91bdfde6a32be12d8ba890935ba0b77acde","low density","Concept"
"73f8adf4310c5a4f30508c9da7e991a8a38a8813f54eb7504c0c37d9205a7d3c","reserved","Concept"
"8b7279dddaa12fc7f3ace5de8106976459321282137a9091d5500bd1e006210a","secure","Concept"
"32315de67a7462e390a0fa5adc1e5ed50e4a32b696dbaaec93414f3fd72f2443","auditory management","Concept"
"d5b5839e125d72d4b5f23050b5076fd742a2ef954ea2ee5f62bc452905563392","exception","Concept"
"008b123ac26226c3b54af1266d198b987c86357deb64fda393fbf0117a81ca29","pumping","Concept"
"703344edd412ed376b3da713e81ff0e381531ecd6099272b5de5bfc0583ca017","shortage","Concept"
"3bc89d20fbdc3b7cab2fba426a7b8ed96e63a2af2d5fdc529d963398c9f107a6","refuge","Concept"
"82193b64a7a343d21f4f502133829ff18b4d2e3cc389b831c1c05d95c4ed71ff","solar block","Concept"
"c48bd420b9995c0be71f62c4103ffed768009e62ccd44f2f7dbe279a5e6d99c8","determination","Concept"
"a07e1c95ccc4f02c5a34bb3416ba6f0f6bd791b5bd2687b8dbb717196bf90ff0","heritage sites","Concept"
"a88b00d0256be993cf0c5b88b7c2bb5f6a070dc5edf8ec82c0dc72bedd33bde8","permits","Concept"
"1f0437a49c2cce974431b094c6484747c09be7206ee8df8e3fd4a4f34a79fcaf","redesign","Concept"
"12cdf9606574406b4100501784f432ca255173ef1f10325f308ba4382d60d539","analysis","Concept"
"aba9e9868d1f1c92e35fb67655b16f7c1f0d7662ae246db57902ce1110970c9e","record","Concept"
"0dacf7e78a765565d777181536e5275cac39434e6072f0a9265c4cc4a6cde057","structure","Concept"
"8825d4dcc62e9cc88d30bd18e1a613d4accc76f0c673b17fb2373c75f827bde1","historicity","Concept"
"0e4a871219b90679ccdad01c95f838748c7a90a3e1986447162617ab002f1408","cultural significance","Concept"
"791e0e0918e4da3da8ad7d03567e8806bab0fd79ebcee3ab79c718ab5d9d9f33","congestion","Concept"
"debef12aa0cbdc3270aab8cd034158293b5ccb301629b028ee5ea9a2446ab6e9","night","Concept"
"58ca9287d48d2d8c486ebdb05e78a8225bda9a2405f9085025e875cb98608ac6","acoustics","Concept"
"c5a4c21cc875d51babc8d3e3cc02a627933a43ecd543283dee307d94e166a23c","directory","Concept"
"b0489b2421eef9132e1ef7e58a14a0eedc0f5b64618308ef0d9f254021f01438","projections","Concept"
"f556274b42ac7fb1949e57febc9a4eb24ba916fad998ee014a8a0280f5a2078b","feasibility","Concept"
"1dc46819fad7914b5aeedace4a2eceaf69680b8723d4e63314928783572e6e97","ecology","Concept"
"09077c0520b4cf9ba28ae9461b29a399a85d1ec0cbdaaa7d0e75cd9e08374fdb","rejection","Concept"
"abc6cc3ddfd9b3935569da16a9cdc9ede9a70708ff8fcc3e7f16c261c7059a94","defacement","Concept"
"ef6e935f50b1b623c552d7d3aaf62f12bdbe6630650aa1c9c0819b4fd2daf74c","land","Concept"
"c56e5fd9a5d4befbdbc26d9d887737826fbd830576b2400280de697148af70b2","aquaculture","Concept"
"92f26cc31fc235baf76b818b244dc0365efc8f69851f903d6290a7ec8b2a2a86","shapes","Concept"
"aa743ef1c103a2c463c50f728b33c1353e42215bfa566c49c9a9f5b5736edff1","suggestions","Concept"
"db5c01b07d4a08782ed69a215243438956c10de1aa28628f509a792435a13258","craftsman","Concept"
"ebd070126254f9ffa6348e25349a2d13dc9dfa8fe82685ce35c05fc4e9c726d6","upgrading","Concept"
"5faa415e423d0f5a9c3193d9bd58f4a99fdc3f649aa401983207c91e053d546c","halt","Concept"
"b35e8d561db50ebd61b37db34a0a22c3331de59173abe80ea8d5290184920227","modification","Concept"
"01d59c8dfec8202c20f5c16903d828294f7c4938e2b866dd9b70f6ddd1be1452","infiltrate","Concept"
"844b5f3fc7c960626a681b6995bd9984d1226262b8fde2378eac152cb28d2d3c","natural","Concept"
"175174fcb89b8650b894963e67af797239b068c1bd9c9045f1c5f06771ffcecd","road conflict","Concept"
"d3bab1eb701f5cefece1e3c44b78d4fd6c50c7584f6428167a0a10be7fd90f71","landscape design","Concept"
"5cd7b44c74f2e6ca7035a4ecc679b8a034998f4b20cd4f5a1ee6ba2de7c0573b","building regulations","Concept"
"5314355f73167f160463952eddb6543003984c71416d4b6d14a735c863bf85d6","trading","Concept"
"952fe6a255f6b9d62597139633908870b11ca5458ee24adb46661930300396e6","crime","Concept"
"5e73dd4eb2f33f9e3abf40584438751e648d3be3aa7634a91ec0110e6c3b3a29","cataloging","Concept"
"31e26ff54b36852a089beec450d8b56bf440e9d6e7cdf7a65a0b60d154bcdf1b","clarification","Concept"
"79e5686c6a5a7090de1b6da71c860d8a5de33e5375d9bc36ac11326343746b01","boundary","Concept"
"1e0631aa7098a0577e8c453e1ade13d26bbefb930d472376c5d0a53b836accb4","open space","Concept"
"f5781273b26e5ddc7b8da2bc44cfaa8e9b3fff4fd3b6289d44fc87f95351e782","solar access","Concept"
"fce7819a9e40a8c5add3dbcc6dabd0966c0cbefd4072449c0e335a7e951ffd94","revitalization","Concept"
"d7f41025891dd9435666bf14c5813aef8504b6d9874fd09a7333d9cda1141460","construction","Concept"
"4afd138a260750b542799a4db9fea2862fe5978282e23a2d08e955515245d406","public spaces","Concept"
"fc1407858154ac20f3c2ca1050a0628d3f09dada14890391f45ed79e2774e66d","planning regulations","Concept"
"5daf0bc1ad7c5fa08699ba20e639410cfd3335ef7aa1ff527d6bc01fbd4d2148","accreditation","Concept"
"7c460a4a085bc2d5ca571cbbd1957b9b6a722fc579e4ff22defd73e64aa1ecb4","livability","Concept"
"7a75552c03c757e243c50d8f175fb387d25398dc9714715fab58938a58f95575","respect","Concept"
"54d9cd55d3ec3024cf7cd0dd930bd98633cef0c5c02027a70e0dba0e3cfce3a7","controls","Concept"
"2ccae9882b819fdd34309ae8e6ef00e8fb069c128fe17a3d95b1de02b99d6ccc","social","Concept"
"81fc661a86f0023a021691866103b7c8f788397d462a218408d49e2503dcfc7b","deluge","Concept"
"abd6842088db96d17a1c3dbd94d110198cdc0304f89b9e3040fc60b86ae35318","deliberation","Concept"
"c14a8ec385529ff73dcaca696e562a16229a723937ca6a52077dba12432205db","gardening","Concept"
"f1d662701dc94ee8f9d38e13e89ae3e7b2d39fb9fd5d5776311aefb349cc8a4d","clash","Concept"
"8bc7b1c109c9fc51a95d7a42090c2b7f8e9812c6d4ae669116e71e738eca62d0","fencing","Concept"
"78a946775f710eca615d6a4f87252db960784b6072ca550a3bb1bbe954a29f6c","upload","Concept"
"89c28135adbb324c2c35b81ce62fd8f67c63795fadd9ff1ab8c2aa817ec14d98","lawmaking","Concept"
"2241369386f9aa59f1692aef77a4c35e45598cde0f7830976c3ab63483f0fee8","hazard","Concept"
"b255a3afe5f24d581d127c69a17796d5add4198fbd2fb594eba831415a0b1af7","stormwater management","Concept"
"64e0f57544f300035cc08f2349cffd371df1ac08f42cefdedf27dfbda9fcb51e","renewable","Concept"
"1b2c33f8afbace891f1a8f521d06d68532b1b497a9f440ec7a80321bff3101b0","obstacle","Concept"
"bf0bd81d041c39fa5e3dac78cd870e2c76f9e47c825eb1fd4b2d80794cf1e094","character","Concept"
"bc7786aa29f68deda6145333d9298227d7b5285a161891f114da027d30da3e70","partitioning","Concept"
"1940a71dd55a68d6eaeb179cbc66eabc7ad35d97f217f01533572883f5260a2b","approval process","Concept"
"28d34cd347b404c5606ac5440005ebf96fd7344d1c447fa3a02f3f1fc7a9e9ca","decorative","Concept"
"ed5cc90d453a0f4ce541655af3123bcbd7a0564a78fac0dab1e48676b00661b9","opinion","Concept"
"f9fd602da616c501bd1a8270ab9ed80c2622ab10e8a12c2eeebae71fd46a9be1","survey","Concept"
"4986f53c5b8992b737799c66842d6aa2cfeb928232026f9d58f74ec4d2988676","daylight limit","Concept"
"c24fea58d1b9c01b987f925ec2df5da2058a2342d2345c39651c4a54c30904e3","damage","Concept"
"e814f7ae7bf6ff21ead8fa1bad8fd26dda009a8974d5201744f12c359ca8f4a1","creation  creation","Concept"
"8ae7f620dfc841ebfcda7ca0e189a84b8f825b00760ea1c8e14474011706aee0","green area","Concept"
"c76216a52e84505a8ab0004bf9c2f4b794176b5797b1059d27ab9d5d8369da95","commercial","Concept"
"ae686b3dbf78c04bd1646c997d7f7667dce01cdd3d494853ebdade11e4fc1647","affordability goals","Concept"
"99265b1b19a3de0753423922e613379e58fde0749b795646a42608fcc426f0eb","regularity","Concept"
"f8371f711288a3926fa631e08c6d76e5863ac2ddf4b0aad4fc4c7bb027e0a67c","administrative task","Concept"
"4bbe795baf8fa08635268fbf0981f8f0922bdd4b23c279b7e315abbb5a8901e2","geometric concept","Concept"
"701997f45a7bddcad75ac079c4c93b43b5ca03b57b160028bed81c7c040d8763","zoning law","Concept"
"dad3af6dbf93f6d69bfcbf649084f5c1a768d52314535101f2e8d6f991aeb894","assessment requirements","Concept"
"faedfb542c38f8e58f778a4b3e496cca4301d9f4b914d62e09dcb8cf21a0891c","sex separation","Concept"
"e99427df2981d42ac75a1040a25ec9596702f75d1102e02d67a5df1703a522f0","parking guide","Concept"
"fc7fdeb092a44540c7af8d29fd7cf77c2cedd25a64ee4a00e2c34c43a63c7cfa","aid","Concept"
"b9c1834982efc84c6cf25cd928bfba437778a6bd3ee97f423f9a59414c27c120","eco friendly planning","Concept"
"7521fc50baeb2fd01ed191698549395ccacd9534cab785173f6415a678a483c1","production","Concept"
"dc614cfcffecd71e7af63da77936164d417ddbfc5f57dd0f43c8db0f8c1ca1f1","solar","Concept"
"93b322ce9481b31ae95e2d759ac0408679baab1fcd7281add8e86038981d08da","coherence","Concept"
"b289ea6cf44be0b1beefb8ff6fde15d5cc3c479d88ebe20b4b5d5e2d1503f21a","correction","Concept"
"4b898aab500364e0363752e8b9c46d653195e2c58a29418a1961e25afcf437ac","inclusive housing","Concept"
"bea0847ae04c841b4db4aa877fc84c9fd4a1ec2effe644f44e32ac8e542f9b2b","consensus","Concept"
"901e2ee6121094d9539cbc61e2a83bbee48b6aa159c90e308b0fa7e6b6018234","setbacks","Concept"
"b4530e34850963c303114d0201ae1cc893b9e78ada8f93e78c852e535869ec56","facility","Concept"
"08c3cbbea1cd352772359db8faf1deb9a89ac13359bf89f816adc1c2f53c44ba","file search","Concept"
"3285a2ab2c0126be16a020e00f493bde41a5a07eb05cb33705a97181a9568bfe","smart parking","Concept"
"ca7f8179ccbb115dfed69f0553a872b6a8912e814c6b095af7a2f2c216539e17","improvement","Concept"
"d2eed8dc3d5484901b29760a18bf783fcbe0550cf1d5c3db734639b779b1f22f","inheriting","Concept"
"81bdbb8d1aae00a227b360b1d65687aa67000884a8aad4a32c6dbace3e48ec5e","standards","Concept"
"89e99c81d26da0d658c52822cb284e4fbb88c3f2a810e8d424e149ca7cbdc1c5","sites","Concept"
"f8b5d23765632785539b9863a1acc43229d1d46a27bcc677aedebbe6faa5a688","usability","Concept"
"6ea84db9a33024d9a63697bd46e0aa8a8e554b2f4839ab817c3e8b43870ba9e8","interest","Concept"
"b315884569097b184d3f58463bbc35b989f612ee9ef45fd35ed851873e6ded14","height limit","Concept"
"47d4d9436369803aba2c821ca624b8dfe3e9d5f245d37cbf1b8346b5b59ee023","encouragement","Concept"
"e7ea215d65eeabb113c2141ec589e212d62c76c83c50f462f0866691fc243219","retailing","Concept"
"80a8957b343715d483434b903a15ea70c165ba20166fd649c594cdd9421531c6","strata","Concept"
"ff0a1c8d49e88f09e7fe5c17e3b8ca8afe0de3b43b194f49310e09d4ce290ffd","redecoration","Concept"
"5d015102e7260579c8b930015b4fb75203c4a965316d4b3a7d3c90879ba178cb","nonexistent","Concept"
"bf3b3f94b1313b9aee6bc7649010a2ac9185e84fcc47377483d5dcede5b7f928","conformity","Concept"
"2f8ce28221cb270b091c9eff611d5f94ac60c5ba0c9f28cf9d8c4bac4d99e8a4","access control","Concept"
"66eae57bcf9c0930bcaea4a8d652c65f5a9d9d5d1c32b1049faa050fe80a9231","remodeling","Concept"
"9a25b3d8e39004d6f6911f21a52f8d451b93f9a247a93599a2b9f83c6f85f372","organic farming","Concept"
"6c1bbd27a56548b07a8e79b690e1800ddb8138df8cf9ff5dd242f027cf323ec3","segmentation","Concept"
"c75ddef37d937650fcb33ce5769ba76465cbda7744c026f1af8528e5eafc3012","reduction","Concept"
"c91322ddd21ad7d2e4bd50e9504ac4e1ed939a10e1fb284ef4ef316fe926e60c","green","Concept"
"6a336404d60b1d913a51795dc2c51d52025e208959cbc8f8efdbdd3268bf9cfc","remnants","Concept"
"aa4a00fab8b1ca04fba070adfdb046f980e9808b9a84393fdde781794b2b9d07","proposal","Concept"
"820538202db8738150e65f6d90201b82fced9be04bb35383070ab65a770b5c38","mixeduse objectives","Concept"
"d053565c2215535fbecc77493bdd1bae337851594740e26e196a5cd9470400f1","water safety","Concept"
"02a55220edc8919061b049c13654e3a30550d6e74f68e29e4dcfe27b6eabd6c0","marketplace","Concept"
"e1bf5f6a1387091c3f2f93f3fb8c1a96176f50ac9efb7379a5dd4c414eeae6cf","infrastructure development","Concept"
"53e3ad797fe675cd78d05226900f793efab95edd39002cd1c8f0d2e8fddf4839","responsibility","Concept"
"27d51041f174a336dba5bfef8d5d890a6646039344bbb9d7169fa696439a88b5","lodgement","Concept"
"4b1ff11d1b6fcca1404ce3a3ef7f32de471c7c6783523a7e8cbfe6068bc3f396","gradation","Concept"
"7a1ad027fb0a91b60cb9befd7caf819ce4218108acd084d291008fb95cf27f52","unification","Concept"
"0694afeb41a86570dc8829227d4a59d6ddbdd0631b88af2514d919b2dde69394","appraisal","Concept"
"e8b60b4a2d6aaf6bee4463b94350da4cda255009c7aa84e4d13856dec910259f","file update","Concept"
"e96786ea66dc9f7be56eab8f37ceaea0c2475dfe3be4ae27a7af553c7c8d914b","dimensioning","Concept"
"d838a81aa727778440f5fd86baa7ae6a36fc00130fc359a63170adec39dcc0cb","risk assessment","Concept"
"48a47b5fc20c236003e1335d8326cfba174570f1ed39dfb707e5df8be809fc87","alteration","Concept"
"00ac04aa45ebca8ac0ca3d346b16c79bec24a76966a03d5d4798ea37a96de387","protection","Concept"
"00909e119016e92d419abd3bffd33fb2d4140c1f7d7ee2a1fbd2127660caaa0f","context","Concept"
"2669b673a157a8deff9fdd5ddb8eeb98e35d72b8a9c76173adb97235dc250df5","combination","Concept"
"1d07241912006a870404e72015494795ff1feb08366602b60e704c1ea2850a69","sustainable management","Concept"
"9b782388936747f86455b264145ee44a83e869097db7e127c4e6a2644ef22f2d","lodging","Concept"
"e736d828cf5f69c2e020a51ef1f88c0ff20e003bb4e9abf75827c89e67c66555","default","Concept"
"5f6ec690c52925b53a482e5edb68a561334f3718ba0422aadb026d54a9fcc33e","compatibility","Concept"
"2f99c916f71a06e34a917dcf9727304f3a0a3b7a7f7219cd757f5093f78f2be3","browsing","Concept"
"dde513b19b2d171a93988e74c72702d4b1c655d1b4834e43bf8797fc379a5d58","availability","Concept"
"aadde40e842a7220a000ab46e0975bafc63ca6163c0fa55f596c1ecf218209dc","shadowing","Concept"
"b96cb1c1003e41e5d515745df5e20bb40023f31af694d8c0138f22cc27868b40","document","Concept"
"21ae1f7aeba05423ab783e5d815314e340cc5759f220f1efc560105cdaf7a715","amalgamation","Concept"
"a112c9f6a673a04b94ea7ef352b8462defab91f9482b4a2d5e130091e7e78f71","alterations","Concept"
"ca869d13a8f2c62f7928ce5849c603a249692182221d055f9a8427cc3b1bf8c1","compliance","Concept"
"b448f72e528d63785e66bf93e5edab3ba35c65dfeae2f0326624b762ba21230a","corner","Concept"
"45c92fe8b57c04a3e589f2692618287eecad11b0a6f546894d4cfec4c19e27bd","creationdate","Concept"
"7e772fb4cc2293e794250fd95ecdb8dbadd88eb01387e73e14f08bbac678a81b","planning","Concept"
"1702a5b6cd8e85639e896bd06e7774e262366ccb9b5de25efee1f27dc983cf24","property alteration","Concept"
"4163622119fcdbf716ecaabe2309a8b2a5be99012a381276d35987a7756ff252","ecological","Concept"
"a8759f26dcc6b2f02adbf007559a6550a380176063aa575fbdef63c9a37220ec","lighting","Concept"
"9492ba4fa5684d2c2985553664be691cf26a3bc1c6c68aa7f79f9447f058e586","inter-war","Concept"
"2b668f5ed6852bb167d2b57274bc77652af10950311f392eeeeecb9b54c89672","governance","Concept"
"0fe6dcc255de89440cb56af7777f8355752193356050806c66a863dadff70f44","zone","Concept"
"f77069aa19034b83f7877c70debb620f4868c96b3c34689d2211c0cdccddd249","historic preservation","Concept"
"2442da54f68cd0eaac3a601b9c754d95a9796f6ff296227392a200091c980242","neighborhood","Concept"
"343a83415935c67c6f2fabbcb2381a58c6f3b29a57c85172132ae61a267b8649","pdf","Concept"
"fb9bc40a43b7bbe233820b35286a54dd9a0f578f5b8d47a940999be739bba15e","residential design","Concept"
"71c54d7c653d3aa2d2c9e80b5685d9adf70cd2b2f4192e61ccb19caf483addea","integration","Concept"
"8238344a835ba137b9dfbd517623958090a7c1cf432b59a324fc6619b91e0470","""damage""","Concept"
"47cd954e0bb7cece25e9a89632fdd47214c8814d792a91bfb28eb6061cd92562","sun protection","Concept"
"b22c7692c4d0c6c8bcae6ac5a98f1c4c3e837e93d23e1800cbdd6c4874fb8b58","urban renewal","Concept"
"9fb1adb65a142f3085365efe807934fe4c5d5b6f55c78235c16e63276295a1fd","setback rule","Concept"
"3ab4c0ab30db024130b712066163f480c102642a6a325154618a217a6648da2b","economy","Concept"
"b1cf8233d658cfab1bb46e0e81c593d0377de42583a9cbad70facd92906e7ec6","adjustments","Concept"
"1b9e5ac5440b9206463d8a9862f7d14e2ff0fc47f641aaf984184866e25875a7","natural control","Concept"
"550a4ec67655ade64b6536c4e881cd78de4e4e1ea40ac730e7ba0bfe8bcdf178","flood management","Concept"
"a8926dc4328254c840f3ee0f09159c0dc1ca3061ddea80d65ffb16c5ec460ba2","guideline","Concept"
"577badce962c355d877eaf688d59192280c7311c355bedabb82824c4d46e21c7","policy details","Concept"
"1dde3d69468b0a3a21a83954daddef7fd9f15b6aacd4abe96fc75a6c1bf3502f","housing policy","Concept"
"47fc63a4daac3bc7616cc35bc727d5d6125359367468616bf472903a8ff9a1c5","support","Concept"
"4968373783b22df9071d1654f689c68b72075564eb51178f6a5d0727d20d29e5","waste reduction","Concept"
"581edd66686421f89c326145f95cbd5bb3afd894577c68a61262c7dcc7c633c9","precinct","Concept"
"d4b7640e53415e5677b7d0f6192e2be9f0879815eb190675141420dc0b7cb2bc","visioning","Concept"
"bb46829be0dc02507f0429a0331c5de04a2242c5ddb7f213cfc664170fe97eef","affordability","Concept"
"6d938ce74e5eef3a6c03afdc87c451959c7bd7360870339092c2ee4b410b9763","comprehensive control","Concept"
"d5441b6a633d36215a27c1859b24346eca8121f13eecb229109d1a81af7a40e2","regulatory text","Concept"
"6eb923c00e1cb479c6ef02a0e2216cf0c8daf71517d7c55ae8e65f1fc9dc1be2","lot","Concept"
"93c16dc22e859b28cd8b86933bd52c0aca75def1d1483b868b2810c0931bdeb6","reinforcement","Concept"
"e538107d4fa7410d1180cb884674c31d2192d857b72444ffa737aabdbb9039f9","designs","Concept"
"6985288575ac12dc3fd93e1e4f68c41957a1c4edaf01221adfb95fca4f35e61f","pollution","Concept"
"b356b4461e930ab740444d2ed6597b5e0590ffd4b331ce59f779f866255f39d8","height_limit","Concept"
"2bc1f9ca854b947eb109016579c9d4cf2171726488f0f4473ea19d6de97958dd","non-structural","Concept"
"8795e224d811d0a62c9458c613a9d967821031f066ee2ca531d7cbd0c6ac7307","nonseparation","Concept"
"7e635f34914c6c1bf8db4a6d91d9b8cd77b7a658c50941f2b881fb9eb2405f69","naming","Concept"
"54149785623d37d46a6091f444b76a89d0a89d07c6c916ba5430df48de8e4550","partition","Concept"
"e2b861b8ab4bcefd08d8883ff5633f66e68e489b702c606bc41a9a38532d2054","non-invasive","Concept"
"b3ea480b52252c8e2e47fa4ddb7967f4b250c12df305e767326d6c465424418d","segregation","Concept"
"4571faab4338f717501abab5c86b6ffd73a9e1f665840a342d58e8dbdeb2ac95","process","Concept"
"c1c782ebbec05ef42692f0693207ef922fa526e1926a2648516443beea944b00","landscape","Concept"
"d9f687c6cb88f0724f6805ba03f03ddec3883492abc79ee4b268f096bb61585e","safety check","Concept"
"458f073bb6086ec6ea7de205781d9571d255997add74dcfb4f61469e8b185170","unzoned land","Concept"
"cf24b3b98738647ac61f7b67160970b0bb5d900ca4edca370a31dfb3ec8031a3","needs improvement","Concept"
"f02209675cc069cbe12f1a00f124951911c5ec8c63b2dad3a161f24f6ed5a81b","residential vs commercial","Concept"
"83a1c0c0b6a13dbd65e050f944e5f86bc6fa9e504e68793edd6ad7bfee362a49","document revision","Concept"
"6fcd8631e1c0e725f648a60a2f260b1cc6661837d7744b0f92350188541e0800","driveway access","Concept"
"8fba36904910adbcb289ea32dd0200febe39f841307492d19591e41b77f64ba9","ecofriendliness","Concept"
"9e14c76349693ce03fe3ee0b47461ad8df96926cb010b5a17ae9de048e8053e8","community needs","Concept"
"d12810a9dea5e1ce10a088283b41454348c5b81f81a84eeaba68afaa5bb27adb","urban area","Concept"
"9820e8d478ddbe58dacc745c77964a6709269456fb3c9b89b9aeb127d8264375","consideration","Concept"
"b58c849d68901737b388b7fb558c0f04fb1fc0c5b89bf05cfc225ecb02f14638","development rules","Concept"
"7fd6e87e9ccbe7f7ec4433d99cb71b410c98e65388b186198584644f595c5922","habitat","Concept"
"3c329ff77b0a72a4a4b1663e35ce7a25b2dd5f55a2f78227698d161dace5e265","sustainability","Concept"
"8e763d5d430271ef6ce7c798e554705527c55786c529f27b01791f0281914e09","mix","Concept"
"0dc2328603bcacb89558ed9d219e3f27a9492d4532c7909457a4aeb1821fda2c","development_control","Concept"
"8d4e0accbe2c40d8d08a597e1e414980c6abe09bd1b7dac5bf9046a1524df838","identification","Concept"
"5272eb931a0178430bf20cf01456308c48639fed5212ff9f59436ff0aa3bd031","consistency","Concept"
"c67f63dcda399af8b921ab9f9db09dd6d1500541acc0a621770012cf69ab84e5","complement","Concept"
"f4508896c1f8e79c47d405b007f6988b30aed3b05778d372be922760fb4c017f","""heritage""","Concept"
"479610231c5443ccb46d1ea81b5e1e29684634417e8670b8092152426ca61e5d","structuring","Concept"
"6c4db022c9b4ca31bb1eea9b54ff0ed5e8d4f2c9eecf4b94bd093b00a21d8910","community development","Concept"
"632237a4bc445935d04f55e780b5e06679ac48f65afae0df0c722c34971dca7b","eco-friendly planning","Concept"
"70b084c827efedbf60b093bd71f0b06e222081b46f40cb91731c89456871d548","zoning rules","Concept"
"df05f0993702e3f457eb02f9c6dd6a1f43a29f6910efed93022eecd7d305a4c2","risk","Concept"
"61fd53edbb3e8fd5243e46b44c43fd6d707aebfab1e004ea05d5faa44016b884","development","Concept"
"f29275afe9627411aa0452fa441d2f7fd91317c9f84e69d594e92a8f4e499464","neutrality","Concept"
"ce299937fd0bdfd348061f1eb9acf61f4af5572fa9564033781c2bab4082b116","design  pattern","Concept"
"d8693205c6b810e8a7c2bdab8818a6073920a7f47b532f1fa5a3e1b2eda1a405","void","Concept"
"c24abee921684b89885cf86a31eaaba6914f247e2bb76681751d330fa5f542a1","document type","Concept"
"b33d33992db19035c4349ede18dd50b4858ea815c45ca2f63f2c880f262bbcfe","park","Concept"
"57a354009b775186fcade0b4ab09692eb582a051b8371107a26e0dbe5a6608bb","flooding","Concept"
"1d95f0347ca23cc8feac6b2c7482f23e1736cedbc3462b0b5a2d80623e9b854c","postponement","Concept"
"83c1f249eed9a5898aac71f4a5017784dd04e6bf18ea4ca4fe9a2525b37ab9b5","land use","Concept"
"39bb2db0b8867d60400df7447229ab9d77c2b2c21d5de4165c6e85bea907dfc5","landmarks","Concept"
"f7eb34c7a2cb0c5d102cff0848785bef1c1d4aebdd666f6c30e819ecb964c721","shortstay","Concept"
"fe1c9bdd04dae181a64949cb25efdd0a3fca4b10641c76b19e9a9a38b7038d72","disappointments","Concept"
"b466296b5d076e2da51107bf84b9e6c4fc301f0cd1b85fbe76cb6a64be83891c","compliancy","Concept"
"de612cd0b11ef8cf67a5f3de359a5721be9c1488f4223c598f20e84699a80dd8","address","Concept"
"056fcb48448d4ecff207555387bdae6a8217a491e17c4b7e4a4400bf7937aac7","preservation efforts","Concept"
"9eb3b8b4f46943c26a4d874e06ed5ce70c3435205ccc6764f42a07e0742f9ba5","green agriculture","Concept"
"d83fdd35f511c9b43809e302235a81efb836766a0204d4d25efa7ef44d5a3b14","assurance","Concept"
"fb3e62939705b2ef8f74e7b47c67f067abd496b09e1b25ed39c1fe386602c4f5","transportation","Concept"
"973389d3e188f4b97ba8baa103d68dbf94b66f3d88bf9e635d82ef4be4303ecb","city planning","Concept"
"6625cfb6829b0c26c0a62560c07c6f234efdd2171bf5c3c19dd2873d7bd75e49","peacefulness","Concept"
"764fd45fc2466395f3fafe1b660874eb935358de8007f3c85c09a6a4dbe7020b","public space","Concept"
"5f97f6a9bc89f4a4278a0f38969be907969068f3f2c6eb8f7e9fa1d03207f4e0","reuse","Concept"
"7f59b39d56f8bb0c35a0882a4016a76602b43870541e0deed0e97210e6d93297","punishment","Concept"
"5b46ee3b2521044670a24abf669bd24070f1f53430ab309c9468d5393377f0c3","environmental impact assessment","Concept"
"aaca5620f46b4d222ae948daaf9341da9e1bdc08e14e82a984192778c5aa4864","docs","Concept"
"c6e545ee3b0db96732d419b72af00144bec22f0cceacf7e852915d313f8e766a","obligation","Concept"
"4ba67e57773b00b32174ab66c9edc6306661bdafc208dc9da93efd1350959da9","hiring","Concept"
"5fc361838807153162077f095c50c97d63131694afdc66149184dd1dcefefbb2","low rise","Concept"
"7d564b6df2c19fa13279b4d8083f7967b44ee0f2a4b96aa8c899e96cd398e7f7","information seeking","Concept"
"32e7a5166e9f21d1112ae948d05d85c599bd07aec6e7da93d6feb1ec45341861","attachment","Concept"
"42e7b328d872e308347763f1d6d9507155d89cf84b90d389d393e6686e90877a","landscaping","Concept"
"0ab84ac7af6adcf6d6bd5a17cdcc7ab705a42b46e4f45a45b54333e28adfcbe5","necessity","Concept"
"65ddebe7d3db5b782873ebb8bd895cce9e9b7ee2f800acc445a60a627280e365","adult business","Concept"
"159ed6655e2b86295f487783648f685fb4830650da2b03598a6afce64557fd0d","regulation compliance","Concept"
"01ce89d1e037c77ccba1d4f2895aba0b642f769ff55238fb10894ea21b45b543","obstruction","Concept"
"4cd06f5e741dcfa523b76f690f7880cf99aa8c989e8f0c714815c04694481def","urbanisation","Concept"
"8cbfebfa699ba5216fe74424ad6fcfd1450ecbef971b5987a6e45663ccad86d7","security","Concept"
"95de714b3f7ada6d1c13231ad05a2b035f9553efcb99dfe9c1f8373c255f8ea7","water conservation","Concept"
"02b951f41efe90ae1fca0813349cfbc1842df84df61a8ccd15b29217202f4b94","preservationism","Concept"
"e962e4505492b47ff543be3bdf692b7099d15f05dce8b8d2e83e416d4c1b8bff","visual","Concept"
"855c5668cf0a45a678e731a0fb7c1625c92869ab159faad77c0c6d9a1760e25a","ordinance","Concept"
"00c1648d3ed3e11edb9b8e60a3badd523145dfb9d50fa8f3d55924bf58a0422d","wsud","Concept"
"43b411558ef874249b280919d3bb647d5af63a27d8d85f051615dcab243a0f71","map provision","Concept"
"e6ad57b352a52488d25293d7238bdb868595b1a4e9b91e3fd498c29d48a3a677","debate","Concept"
"81009e33362a4ea1e4f39c417f65a3f7b8cafd90ef0d7f6bc7f09b6140cbc6ee","intersection safety","Concept"
"8bab6666b08d49947b848b4a5c92b860d7551318f70bc6eadde3e17c63bc0108","government","Concept"
"13b4010b1345b5a5010c6f2a8c90c5a59b12140ae9f7b2190b8365d03134d841","precautions","Concept"
"786e35d8d2aa578971aba8680159722be3eefb7d111980258d3c9b3e6e32e7ef","design constraint","Concept"
"92954dfd7aa866f99c82ccb4d33aa47baad3df6b4dfd4e395174eb394e71cb69","supportive","Concept"
"63104b967ea7bd44fe132b7e351b6daeea7579eb511a336e9343c4b03926dd06","agriculture","Concept"
"5912d5b4e1222576bac2eb7585bb497fdfd4ecf142f9f38f05f5d4ac2f4932ee","resilience","Concept"
"2e623aea43b23b332da0f6c6c5b5fa6686b918b37ab9dd3cfe190c2ff8385c24","suburban living","Concept"
"b59c4aa945d52f96b38a19aa40ffa30762962c2b4d451ee1869bc8c33f1e7491","duplication","Concept"
"1e4bc7d43e799a86cbc2ee4128c5c2c2797664d4d76def6bbb4ea390f70597cf","assistance","Concept"
"7b3f30748cc102566bd38d1ac58a9b519b8567896ead115db5d6bb760b82765d","retrieval","Concept"
"80fce8187012822934905ba54022e13a7b576b566c9cffe9711b2e04f0495b20","stone","Concept"
"a850f8380004232f78f91fe96037bc842fcd490ad1626e29c82fff8462fe5c77","areas","Concept"
"9921db923f93bb64f24e663423c61be539f2e7224a94972f6fe0ac166fbcbe0c","contextualism","Concept"
"e4998139b14e4728487b5b83bbeb0071e44248bdcf6b2d4e2bac3d05afc33b5f","challenge","Concept"
"7aaf38ddd60efbd87babdac99a788a310248dd0681cd73248b233315f4719791","""demolition""","Concept"
"46b63aaf5f9164fadf19508924dfaf98ab38d2cea0280c8292b4985a0d45a63a","positioning","Concept"
"a0468fe535941afc9d83635915acb409d829a1eda68d47e059e3dce57498a405","context study","Concept"
"76c88b9304550c4fef0c0d40587199c5864de6430b94214e7e7e05bf566820b2","policy formulation","Concept"
"58614e136fd12fb247b84ee874b50944a5c8c135e70b55630dbbbf5e0d5983aa","coastal management","Concept"
"f0cd9c0bf19f8b7bde2bcad80bca58884f53a96a4cac6c6805641477cdc575f3","soil maintenance","Concept"
"72fe5fab23446a47fe5985194608aacf2d13924480230c6bd72ef910dde06900","shelter","Concept"
"ea2bfc15e6cc1d3d02a5928ff79fe39db9a7382cb728149c34669e96f48eb0fa","shading","Concept"
"2305e978393c1d7d0d33a201b1a459fb6f31520ebb18f51c52664cc428290e59","it might not fit well with the abstract event phrases format you're looking for.)  please go ahead and give me the event.","Concept"
"61d63d623b9311f9c32d649f2c4b0e2184ab60b7e866fe35599d0800e68717cc","vacancy","Concept"
"e35a7d7eb29182185a381d527038e361a2475315d177d0dd24cef786c1b836f8","emission","Concept"
"3e3ebc2759368f703cc8e138ad2b3cba0b92137fa4ec2d4bc742fa506d851ff0","car ownership","Concept"
"132cda4aba6f64df2bf724517f770e0f04ce4c49b8cf4ee2f24e9313d7cdacc2","attendance","Concept"
"5bd540f7edc0f85867a48c012a1e297f06207445396d87ff13acc76fe4b7ad65","formation","Concept"
"0944b0b414c99676b48ab681e2539bbae52a1b58fa634e9befbae75debd43659","expansion","Concept"
"97e2dfd33a4968ddf2403163a93e9ac67fc3bde5cc8c25833a67285988b49873","title","Concept"
"296299f90685a842c907b6f172796e851a0c7ae4cf873dcf10ce98afb5173560","boarding house rules","Concept"
"e53f2494b4511c56be23aecc0bc41fb2f2b001f1a82884af17c254b80f94dde5","watershed","Concept"
"66888270a150afc3df269870342ab74ac096a843813182432605fe830b068d42","inception","Concept"
"314185d8ccc4fdcb32b661fa8da01d2a1bca3e8d13cb4c1293577a0817eff75f","centres","Concept"
"b6a9ca949dadb774cc00483b00ce699b3999120c8b8be36799d0637aa33e0573","similarity","Concept"
"6662f00346885a3e9d9cb762b41ebbb0a6bc10dbf5d75009b403ca726463dee5","creation year","Concept"
"b6d7a187def94408eb7752825c37d4e11029f182c26a0c65cf2d546603fc16e7","density","Concept"
"ba348182a4aaa5ccba96dcf1ceb347f4f876bcb5a17a044508afb48a90813b24","accessibility problem","Concept"
"2ba1c1f944429d8b48c3d802627b6d15c5b72605d15cdc1c2bd474c4910328b4","historic protection","Concept"
"cafc7514348e678d7b77081942dfd05ac1eb9b16e054d11c9e685a269d1fb938","networking","Concept"
"37b92f11b5225d5d41ec0c4fb81ad4c93b3b08f4f8f45a34ce204dabe06ec43b","boundaries","Concept"
"fcfa107d62b1366cf3a9521d639d2b40a6fb63d18e45f6c9be7f07baa7fd12dc","simplification","Concept"
"1a5a3095086338720c739fa63df375246f7c57abbd39ac9d80d673c0e410542d","planning regulation","Concept"
"f481b06c690da72ca4a8015d7b24c37d3dbd8271f5e5c7d7211149154fad2871","consistency check","Concept"
"486c65fe130863e602f8bcd6121aed5532364447c9f7dd00459666b6e0940796","verdict","Concept"
"609ef289ddf92a6f414ab5f9c01d92cc643f4f14d9f0aede3e5d9cbbd176e6b8","designation","Concept"
"0c5b5d288f7fdda8195da1b3113435df06c649d343f48262a50a2070faeb1908","timeframe","Concept"
"a305ae53a2b8b6fe2fbc85610598bd2dad5e6a983268429d1c1bd355004e995c","deterioration","Concept"
"68f5aba234f543dc4a8139a1f503ed68f6e2b0982eea5e4ad54d8ebdb1016a4e","separability","Concept"
"ecd4a5995bbbe3fe57891602886d206bcb08887367ca340f9f2843fdf5ef127a","monitoring","Concept"
"12952d2da462167c5c276a67c6a93fdb42a6ec20a2060795bb6aab5d6a650275","compliance review","Concept"
"36437597d92a39e71345ff4a3423074ced0d96f314b64bf7c91b56e1c66f8e89","override","Concept"
"88dd70ba75fd730589d0e1420ab2e72aea14ce5201093ea9b0c63ef885f9fdd7","urbanization","Concept"
"afc2c6f22896673bb6aa2251fde794ff03645d0baf8fb2152bd49fb884032aa6","acoustic design","Concept"
"21a7ba20a9a5faa03e606438bdfb80edf9c700dcac19b7ee78b00857e64ec4d5","structures","Concept"
"7366b4fb0245233f96bba878c01681ee64ecbb5f690239285b2483bd182bc92c","shielding","Concept"
"d5f45a7a17de3da9f23fffc000c50c157d6a393445b57145fc75c4f04461193e","relevance","Concept"
"914d717470c4f82cb0305c1f136f49549514dbaaa0995e6b07e8647854edef94","late night","Concept"
"460b82f6fd14036592410db486d311e4275fae23d9ab4215c75c083d434badfe","feedback","Concept"
"f041b4df058ae5d6148564d044a275238b478641dc234a61ea1841e89f089b85","environmental compliance","Concept"
"7b7a38b509935fe6e244ab34c520f4eb79e798172db2788cff2fa2b9b781f670","disturbance","Concept"
"1bd224cdbfd40146a0530b19b6db67341f49f9bb87ace00fd9387bdc3f5d7b95","traffic congestion","Concept"
"ca1c675879e96dbad6d51f88d7e6b5dabab61a56694723b44b2a4e1dc23d5964","flood prevention","Concept"
"a525aeb892888db8b15dee19075f05817c001b2a879109ad0e80da23ff2661be","eco friendly","Concept"
"acf533e84847e98e0b98569a0c11aef6781d019562af5e78b6d1c85ba2336ff1","prevails","Concept"
"1a450a7532021a8f36761160d58ea38d398d46820da233adfbe09e3453e4072f","direction","Concept"
"d0b88fcb7577ea159cce1f468ea86ebe1a26b9f077272248d229a1b89d1e9a5c","approvals","Concept"
"443a30a7c38b6a6558297d155af7d749dac548f8e2643f598e24538c1f56ac31","urban design","Concept"
"c2ce251040b4fc03ec804ef305aadbb229dbc7c255fc66edfc63659846fc96ae","barriers","Concept"
"fc27b577e0719362ec7dd5e882db2e870ca5c79f176aec43cdcc420ad7b43107","eclipse","Concept"
"a23cc059c3359985515b0de814b41d66c79f34a5dd37e1d08d813594068da49a","solar rules","Concept"
"f59b014ddae87f966da982827479b5301ef200c8bbeb2fc57a8b32badbaa82a7","permeability","Concept"
"b00207b9fef60f40bfaae9887eef930cfc011a1251e69a8057bbee582d33f1ec","revision history","Concept"
"7fc5c241b79f7a9556f11e20137487d5ce67d3761b84a15b5fc419f57e4dc621","recycling","Concept"
"b30ac3fd2ea36d8cf819589be5e4e7600a124a23e69b2bf40a1e07a8f4de56ed","timeline","Concept"
"8c4b3653a2057d31a2db9ccc8317418ca9cee5f06e5c0e4b57d32c7d8d683d54","energy demand","Concept"
"83b4c512a12d9374fedb171fee5126622f4ae5e4832517c0c8ffc931ed3adc4f","imbalance","Concept"
"c3a035ee387339ac2f457cdc0abc9e26f6005d54988dcee53047a4c68eb51784","nil","Concept"
"eabc45d7779cd76c7a7f9c09012f3ef2f10e38459ed2ecd678c9e88c78db1917","productivity","Concept"
"75aa14e870f5068d428ea98c8d98367fb649e0fb59f3961432e54202a154fa52","cultural preservation","Concept"
"3a548fe448f47f6276b0f27a37dec106115eb2958294044981bcb6f11ac9e4eb","environmental","Concept"
"2f677bf143d6105493321c8fb3b7eef55565dfb44540526f21ab2a3389d2c7b9","descent","Concept"
"a74dc9ad74fe3bb41f9135e8df9d9c80b6a26f14ee17d0e2d51b16a625306ffb","scaling","Concept"
"bc5ebf54106d518767a84b8e5e48103233d6d8acbe957b05f41285ae52166911","vision","Concept"
"2b3ed9badf29c330afd723c05041074c406ed3852ca3ca0917b84cd455942e73","""vandalism""","Concept"
"1181e399577ded51075d94bbf89c17529a668c4d281c7af03140e0408fe18d05","urban development","Concept"
"55e4c161508bc2161939914d138b1345c9645f8ab56d7e81a69ba50d67445e0d","amendment","Concept"
"5f31ea758f2b980820c267cf507d9fc54d4561599ce8eeafc34a5407491f8ee0","energy","Concept"
"1814228121965a4e2c74784000427cce4e8f0adf208834193b690b112d514776","tranquility","Concept"
"cbf94e0a187ab6f04c3acef45a51f80a6b22226665dfead2755ff96afb203c13","treatment","Concept"
"0502b2db0f7803c173d17269e6a570be32a6a7ec5b48e18ba414dfc17f151fd6","mentioning","Concept"
"a2ac056b7696ad207de42bbefe36546a15544134ce8c40a5783d5f7d403439b1","rejuvenation","Concept"
"e9b154398d8f4ac3c17e09632ac25cb838f9317e2d9126f7e55a3e0203070183","stability","Concept"
"dfd4c3472589dcd72c0159f52d19f045bed8a55909ed015bcb73a70aea2e4f74","low-density","Concept"
"0be5cf22124c0e5d193e9177c51c4e5f65cb0995475b648f6b45b9622fecba79","zoning regulation","Concept"
"37e67da7f10029e684c1c96929c8434d3c494418113c5dad2fdfd1ed94ccb157","manufacturing","Concept"
"93b79e2528eae228c9fc235932446239ce550f9c4c420d552a785e92f0e1cab6","nuisance","Concept"
"9432adce49bccb275f8203740696fe319d4155779dae5dfee62e022ce4b01941","overload","Concept"
"bde7e85ec6212fb98eb2bf4d84fb297e1f84f7e47673c432009fccf96b8aeef4","planing","Concept"
"c50fa366825543945dcdc9be2bfa9c2266e5bd4a30a304aea1af94bff442501f","development  restriction","Concept"
"b5f5ff68af3949ba441b878d8e6c17728bb87de8de379987d0c8cd7d5c96fcfa","accommodation","Concept"
"d6870ac2b8e0ac788bd914c41593df726cfd13ca2250dabadb7472428ab66925","sustainable design","Concept"
"57f2f4335362df8cb7a9d6b79ee0987b9fe1ef186f58a832622ffc8edb93e52b","accommodations","Concept"
"e5418f54a56b368641b86a89d3d58fcdf7d1917ad25e67863284b9a32fcdb102","renaming","Concept"
"6b9eb0c92145872290acd613da4d6ee7b736b547c814f31200f108abefbd22dc","overshadowing","Concept"
"be407ff4831912e311f9307d2e8a4e9dcf8b1536630ee85bab3fb876728a7e24","policy","Concept"
"80727e7a7c189893c07892ce6b692f55099220d901322b2c72833d90c1559b52","fusion","Concept"
"21ccd645366ee413698b96d1fa818de0b4f56b926f210370e92c9b22dd906323","start","Concept"
"20af3a2fbd89a581111d017fafd85c79366685cc19bde6e6032360b90560b502","healing","Concept"
"ba84129f4f5655303269df573d0b99f8ad2aba7125fd0893ea5f89dc7f838351","""provisions""
]","Concept"
"bbf7f9d03069ee53f677de8bee50f0d5e5ff09815b6312e69a649d837c5a4f70","emergency response","Concept"
"649b45343239dd36ed0bcac99523e9ad2e672240bcf5da23dd56684ba5810ea8","yard","Concept"
"462dd2328d5950d1c786c7157fd9812b1721665bd7c77bb68519fed903eb4bc3","barrier","Concept"
"69f08ce40675ca8a267e07e5666c44afaff8e1db1cb0c6bfb2e7fa7850521452","biodiversity","Concept"
"d1d9cc5261195a801a68757ef7f97feac977342b050de173af8ff5cde800e383","building_code","Concept"
"f9dcfa8b86caa58041ce56732f69f24de9f931022ee27cad7b41751e35937db5","rule","Concept"
"5dbcb20671e83a69f875d3363fd91a113250f52f8b59050b2602f30362dc3731","i will provide abstract phrases related to documentation or guidelines.  controls","Concept"
"cda5c403655fbb5e9bb4112f5c0c5c4bf635f52248a5e46dbc262adad241432c","mulching","Concept"
"581728741ac9405c0840086db40703a7318d985e9ff6ce59437426e5ae3bb21e","investment","Concept"
"2d406316cd27569c966b93ea7e159ff500408fad0f256f4af8832ae42519a28f","funding","Concept"
"f268f222125b0cefad49b58e68146796d2ea76fe50cc00e329e8f1468ed018aa","standardization","Concept"
"d0d2a6786ab5688d2d265aa73f883f0366c7648b3ff64449d03d52ecbce9a43c","destruction","Concept"
"c85b3f3bedde19f317d13d4efbbd24cef090607afdb51657d3e1b42b419ee480","location restriction","Concept"
"c75fdce06f4b50b0d9f858b05b75670b315c934aea19c34f1d424c238d5cee90","height control","Concept"
"ac9aeeb55a9f1aef77f5f1f642f3b212a42430b2fd4be5249ba81ff03e7aa84b","large lots","Concept"
"d74cad2d9b66f3b51a68abd95a8b989cdf227c6a625703718897dbe95f7f9ff5","enddate","Concept"
"8fc6c13448cf80389f40c6cb47ade5014aa50e13d5427540c87b77bb11c39a21","archaeology","Concept"
"69fdbb76b9a27b4eb219e26012572184aa6aeb5743aa04bcdef47db7130a0c52","stakeholder feedback","Concept"
"69d4f8d12e721a78511266cd055a08e4ca9d2241c6f43a6f831ae65b8d558310","disposal decommissioning","Concept"
"4fe34f3aabcdf34a498b067215736ca86a9e230ab34b2ced2f2ead908ceb9699","connection","Concept"
"be23cd3ec3767aef9b72d9cde963fc4a615d84d93aba9ea45948edb09126c297","content","Concept"
"cd54252f0b41d0cffe593643b5fcc4aeb1a358496053676edfbe0d29584f883a","engagement","Concept"
"c1ae4900e14a7458847c2cdecfc0930cd7a428e63625751da9a1f2317a5faea8","control measure","Concept"
"1402b743ac21b9a8ea15542802bb959905235d1a260fb257f88e9dc6024bbbee","sustainability certification","Concept"
"659f49e391f7a510aecbb163ec43377d39b52d392eda557b1b41b77a1b21c18a","binding","Concept"
"087850e2cc063c9e57ec9cdb538c3894dd62686982378d2526fb4dedb456493d","easement needs","Concept"
"1aa70037b514a74004bab904736171a73d8f311e86e55c52e86fbddf001371db","organization","Concept"
"0b893e18cf48e39da90f7fee252f03ba3cb0a7466318380a8ff30addbc78ab57","allocation","Concept"
"8e36873e0e8838a2ead0e0290157b520205b33cdbb46100896cbaa4e2ea8a58a","garage access","Concept"
"068968793dd03858e56b847c65a3027c6b3e992f12a0c84a19a236343b42d8a9","medium density","Concept"
"dd37b133e2d1538067bfc0c01ea01de82f36ad7d4736adc4523e73a7fd8dc933","engineering","Concept"
"7414f7bd677a6d5ae5c6591649093d9cde7b9bcb0342734f9fe154e9f5a63741","pollution zone","Concept"
"0d6edc06ba45924133051cc9524769e5865478747a3783251ce85175fc0fadf6","buffering","Concept"
"2a50241214f3f33eb243dc203b3eb65880f934de3615bf0370b1636ec97939cc","plan","Concept"
"dcc0060a95a562b7d2ea814d4c8e0c608595a3587190e7912e794c29c87cfda3","administration","Concept"
"2b5342e4790b49af02282f60f5c9a6d09e9a9a9f42a3327cc13367a29036b191","late trading","Concept"
"f000988decce4a1c37201c5560926fd368c8d805f458408004dc929a701ef35b","controversy","Concept"
"5587cd703a9fbbe2c05df58cd933d8ff41d461745d8b9063c0039766c412dec7","system error","Concept"
"ab3dd01371fef35464516b0045c036b1604b54f98103e0203877486ec0516647","subdivision","Concept"
"a26c4e848d3468bbf0b954dc627b92f8a1b239d90a49cfdc0fc68507c0d9a648","acoustic management","Concept"
"0d0e23b35d9b8139a5f3e180fefdf987c4eb41e4a80303c128d980d29be3e3b9","supervision","Concept"
"c9938114ae48c7611a0fc118d03180dd9d26fad4fb17373c34de65f58d363276","exclusionary","Concept"
"0dd1ec347e4d5aa79a27945b8074ab98c32e41c4dfde01a5b0fc80ebf16b1e7c","calculation","Concept"
"39b34f203a751cc967be0292ea75c6613845e9a538db2e6e46c5c85512debfcd","threat ecological damage","Concept"
"359d5514592d20f5001d90fdda5be79f8ee2c1a1225919830d334e63d31f703f","failures","Concept"
"73acfca8e0784d042c86ce5d18b57c4d7f291570b669d2e10f88678e068e5ab6","moderation","Concept"
"7c0564ba8baa915a3ae9e70d8a84f0fa265a323f7a2f44df6a947ee1509e3214","water hazard","Concept"
"816e3144c14567e1b81b2ea4a8aab30ab192576ba47d70fea00405bc23ccb28f","commercialization","Concept"
"bd739f77b8417a7f794f226529d683830871a62a4c46143d5d33505403e8d4e1","winter constraint","Concept"
"fe33386b2cbc1aa9216aed3ae995b2e7ccccb85751c7f88b606e3cd3cc073649","advice","Concept"
"caf3d522fe85e46ced3d78e322c08b08d259ee92065b5187bd7ca39157ccba95","industrialization","Concept"
"33e9efdf91301b26b5bc7aee61f2ddbfaa4f1424cd342f35e8bd55ce1344b02b","compatible","Concept"
"665fd8165a7908d1bff914ed3a4ae7ef39e79be5902507a70a3ffaa025c12cbf","supremacy","Concept"
"e1cf82c5bada6ee9046a116dd1f21fd30aec83f14f34a693dd6ca7eae62e0256","area","Concept"
"a2d21eecd53c517b36796a485b1a54d47b87a33934f1f1a4c7a3900da1e77e98","wildlife","Concept"
"e086294d27fea8bf6b4dbfa11e8ac57721c9b3c8fbe7ca22e55c648354775f42","[
  ""restriction""","Concept"
"18bcfac5a4d2c5b88f29a604c46f7abc89391be66f659c1603adec61f974239c","riverbasin","Concept"
"861fb7eb7b8c0d9383629f3b0323d6b70ca536a073225360ddb9e184ee901ad7","optimization","Concept"
"697b652d267e98f84d38a1ad634066f2219c808399a01049c5b9c624eda8df1e","dictionary","Concept"
"57a498bd8b4557e41cb00d442c4029d7bd79830f5f2205b623bf313a6782297f","database","Concept"
"60b6105a86e118fba4446075aaa869dbcd0b2eef23d9068ae37991b2c484f795","height restrictions","Concept"
"b7fd00705813ad564aa2ad21cff956c82518d66f99417b70566017787add336d","file location","Concept"
"a3afce74aca94e646f796466e6fd3e70c362e5eb6bb30f8a066837f28a24e00b","aesthetic standard","Concept"
"1ef36601ee685966029541fcdc701b337bd43a7680530de3771820117bdf15fb","enforcement","Concept"
"b427711a3d3b2e0ea50038297248c768fdc92a7e005adf15833a3b9a9ec41d54","hierarchy","Concept"
"6493f8d39192082fa9d3f96dbf5e0d79612c09d7f20261109baf9e34eec08c0d","location","Concept"
"8b7013987cfe56322e105ec1fd49e365c4bd79acbeec13fa2f9856b6f6f4c2b7","site_analysis","Concept"
"93dc523fad4345f942497fa0b8b7c38287c643b9c092fc928af99e497f98f9f7","solar regulation","Concept"
"aec0140ae392d1cbc39ade81898d945b6971da1357797fbebb103ace924ca5a7","sustainable development","Concept"
"e07965afe90231f859483a27b55ee350c6e4fd175d5401a07dcc3854d679437e","parking regulations","Concept"
"ed4b99ebad1908debe7f92ad884c0057df18e137248e1d8e6e9a954cfa846ffe","""preservation""","Concept"
"ccfdd3a74426e52a86f78e1c4a44e4cbff28fce103cfc95117bc48d4f2da5605","urban planning","Concept"
"ad9ba4e95025eba81d6aad94c5be9e5e8e84594311285237c34cf2645fa1048f","urban","Concept"
"35015522c6fa85272327758ecce3d9137ae0b2b2ea6c0b070eb09e261a4fb5e9","debut","Concept"
"5146e1964fe8d059bf6a96da9e8107d6221e6f42264c49ee39246c199969dcd0","sustainable","Concept"
"d0ca5e16b007c9fb00e7457a4dc90c74ee0629371f10fc382aa00a89644a321f","sign placement","Concept"
"dea85e5ca78beddc07585ba2cf76ad328847625e14a8c6296a01597cfec2660b","publishing","Concept"
"22029a3ede144650b20a17bc29adaf9e5c0fe3a686c12dcf266bace283420915","garden","Concept"
"958f7a39200d87acaa93893a9f852009e82faee303700f1f6e7af9f33f7ca02e","sharing","Concept"
"66ff5aeb639bd612e1747d101388f23e75cb59c168317f94199cfcd5f54d96ae","miniaturization","Concept"
"80b85829ac320cece0e7f22e96d2bd3e35d883b30331e5561433c23966a55fac","architecture control","Concept"
"8d8d67dc6688581ae18086470f8706a367e1b8edd033b4c1810796b9116440f1","origination","Concept"
"3a2e6ce6db8553c3407c470266ccb972955bb9c3e005ca6cc69badb1dc574fc4","activation","Concept"
"6ecd9feb31b0725b182e9f6aeb8cb3a7504536fa5412da72e7720cce8d1072df","contemporary policies","Concept"
"ecb5a538f335e57f94352b0efba090d00bc1d56e68b20cb2b28f9c68ce015e44","needs","Concept"
"7e83240809dc384c53772207b0961285f4a9699867c51eb673ffd242ad91212a","archiving","Concept"
"becfc182ff049717536d8f8c6e8be694d2cf112f3ad0db7b6293a74037b4b4bc","soundproofing","Concept"
"0de6fe888414a422911b8d3d573075dcfa6d11551cdfbc7fef8056b3ee4b521a","infrastructure adjustment","Concept"
"fd27b8fa969a71966697d11a19202fdac72576356ddffb2888c1fcc15884da31","dryingout","Concept"
"01abae03c31dd446d25f5c99b5f38e734c4e6e75fb2526c8d283602fdd327bb5","negation","Concept"
"1f4fb0c084b749553734b7b57a8c0ae526032c6ffe6521e86bb3d76cd781176b","minimisation","Concept"
"a8fae50c4d07f4b21d44af6e27c26fa4c2d6a21d402d04bd60ed6e220fa681c7","archaeological","Concept"
"454446c6264b76b2c3cb69406665cb129fdd164e66907ee160c8936ea96d6e61","clutter","Concept"
"f9623beb2b604139c7f39bdba331afc38b8e78b9aecd794a9560c0f8cad76c4b","[
  ""proportion""","Concept"
"fb7b7e13971caa55c4fd22834f8057db77b5516a5b44e90dc7f2addfeaced913","planning process","Concept"
"7169b81b3385f2259733257889fe9e5793e2c34ed46741964b9655074207b4c9","access rules","Concept"
"013ad8f3ec42dfa0ff21ac2d881c5df595d0f4a6711db78e2c8871aba0bfd01b","management  landscape","Concept"
"2ec9a3d4e8dfe557672ceed03d279d227a66155a02fd6d6149734e141700ad1b","seclusion","Concept"
"db1df136117eb41da968e245105a5fb10687aa3fb20fdfc8fae4c8dc4a215dbf","voting","Concept"
"5c93bedccfcf405badae942f6d63c122d0daab3a500be3b9a3f88aab724ae2ed","adult business regulation","Concept"
"4a870d48877a5db009eadfc5fd15a5a8371c0c30324459b2418b5b788d076b11","planification","Concept"
"37dd92780372db776b6dc962d34977dc6260d7274f28d91e235a569361ff7db5","locality","Concept"
"dcaefb0baeeea0dc6cd849d16cb3742709c4ec4ddd8f884a3d13746ee69a0f20","recovery","Concept"
"0d038f4ba54eca68381756d9a63223772c3e5a5fb7dd873ffa371985783ae815","secure site","Concept"
"162864099d0eef8fcfe22c26979bf9bd716381fec0c5e80b07c128a302e16b73","scheduling","Concept"
"5105c4e1c01b32844c769cbcae8971b59b3013c81ed2824979a2cc6c5c145185","tilling","Concept"
"edebdba6dc773e5f442f491fa623ce87cadfd17da8f3b698f7a900614741c18e","development limit","Concept"
"c6b3d9e31704dd9f6c11d53e9fa032c8df1186b09ae3049756eb2ad2780fa917","comfort","Concept"
"12f5eebf3e3c5a7f8988f3042f4130d4939fbb704f8c48fdcd9501474cd2392b","requirements","Concept"
"ae6c32d161301e9369fe47e1fde3b6dfb5616e2197bc99a8494d179853efc052","vigilance","Concept"
"360e909481eef08f394e52cb709221440dcd41ef570b59a2beb3b20367d72041","clause requirement","Concept"
"943b5bb1d12cefd430d5f64c785c96af8a558b720366957d9889744ed23189bf","redevelopment","Concept"
"182ccc4ad061862235e61b21b1d18cc23a693b37487574a0ee0d1d6fe828982b","patio","Concept"
"af0eb4cf4074e41b9c72e21226d78a8998bcc7ad9721cb880aca633d6c56dd12","usage","Concept"
"2b563e7fe2fb637b716fd925177af2ec8f118fb9c5487827f058480d3e5a8764","quietness","Concept"
"a55108a840d1095eba2e0d7833f5dbeb60585ca12faa7cc39b0bcbe9e875dc89","change","Concept"
"31fe6e87c054ad1c63683c3d39589f3e0356a11f531155eb039f2f733afdee1c","standardization process","Concept"
"0c9cd359641c2dae365143e2d2e7a7ea06b14bd17ad0ae59cdf3cb5854c6772f","conditionality","Concept"
"d4126d6c413f5a069b21bdc75f4a458f755d13c482ea55a1f22c0ae271903c37","wildlife protection","Concept"
"e71a60b6fe9a204cdb9597decd87f32c4c84d72ff953a9d729ff85adad446382","decoration","Concept"
"e9bf543ca9f91453777c78dc04ddf5413f6866ae8bd6bdae0ba6945fcf2f5650","gentrification","Concept"
"a42816e47230aa67a5cbd0c989865fa4a01d130c0431d61aa22587506cfe5491","land use gap","Concept"
"275ca4061335683878868649f32a930e4145ded6534b78eaceb4fbf8f044ef7d","size limit","Concept"
"af6aae8850d40b7b63bdb63fc928db0637c934760c4fee0018ccfd2efe0b9927","no harm","Concept"
"00fcab9361022a9ed7a9e44d25b2250131a05c056918bed678fc0d9c42f7b9b5","file","Concept"
"51dc7f242b4f7298227d93c76ad4867ac81db7805e9e279e4b908c4406978c46","equitable","Concept"
"60aef7829d40d0a64ed18b5c73c6dc86c5aff120578887fffc8ec2e94fd95996","organizing","Concept"
"dbda36000dd5c0798288d8c020cf0a32d5d301e1978432bf1df2cda0fa3af94f","district","Concept"
"53e7a4e5604a0fde37d42b2f970ffb30dd71a967288168893c9be0ceec661775","sign restriction","Concept"
"421ee0b0de0a9623113aa8a33eda0840090ae8ea04d74d9bf7a56e761d8402dd","precincts","Concept"
"ff4a6bb145190450b46f7984d0c5ca978291eb670c05476f5ae93114db605384","establishment","Concept"
"fb11efb273206cb749a68f919fc03f26fefefde0d9f992073c35f480dd48821e","properties","Concept"
"fa0b21e472c83aa45d9dfa50b85b0dc4c1923297b7c72ec7483b106e53b86b9a","cleanliness","Concept"
"4ae9dd06d46495c3f86a0eda6d1d926db02dcf91d86369c23ab1c7a209909dca","format","Concept"
"b32cc319d1633f0e53213386a158706e8dd0cf8b19f5eded338d48492c378c14","storage directory","Concept"
"8d631b46de57ced6e0f0bfc7ed646fa1a0d95539cd2e796d9e1a445172697aa1","fee","Concept"
"571b32995b73bf871b5bbc402709f11d0dbc5b9722173b4bf7e76e099aed9581","remnant","Concept"
"7e16a14122cc6dd7a7758f9d592d71c3461367f6f66b4fe05b47c46ce5608b02","rebirth","Concept"
"5da5f3d938f452936e5166ed91299e1f2bc1794786257d472e3b88d2e3e2564a","no copyright","Concept"
"13837da9c71a4f3658f26fc0d4854355289ce8a6268ccf0e61475f33da9037b8","passage","Concept"
"f0cf91b28e47d8b3d0e731a6637486aafdfff0942f382020ccc3eee1ac833ac7","land_use_dispute","Concept"
"9dba72ec51c28bfefb94c1ccb0620cd653ae5aa2d181a4d4228c909befba98ff","declaration","Concept"
"b79e3e1e87ecf1a9c181d35d8fbc41207de4f7bcf09f96c0492b5249a6a281c4","coordination","Concept"
"80924ab59b2b093d311885b9543c8a72c9890167e0961ace855d81cb6cf0188b","classified zone","Concept"
"10ce4094d0237833daf5222366e66701b672d2410bbbfc8d2df8cfa2dc252eb9","[{""phrases1"": ""solitude""","Concept"
"ec5537838d51636ccbd2c0233225e846b43b8451109223bc558431c39da50dfb","reviewprocess","Concept"
"b92203f04f56996aff2e0c16aef413260d9e2eb59ddf542076d429f2e6e56b2d","document storage","Concept"
"94262680b435ca18ca40da1e5e78fa2d7d3d9794d2b8efbe54a6ace623f51073","public","Concept"
"8d4e9a1468603863888bc34f5eea79bd40bfb928a5277d8ab28d28b2721cf524","tradition","Concept"
"33978b8cd4ea946c230ded7c098b0998f1b30f10120c1de9865300ff5ad82cfb","writing","Concept"
"a4e62d3d0871004b391635bdc4f06c8967df5e4f5c8fe96262f8404586148b28","domain","Concept"
"9f3ad605cbeba2ef663c53008a26ad9ecdb74db3c207508d4dd43e3b532c3956","concentration","Concept"
"b2af86fb44be6c4ae4645b8240431b5237ec8f7ad0adc5ae39aa9d84ea30b1f9","reform","Concept"
"5a95d93e9e7e82d589dffd15e60f5449f5e704c02690f22bb8edbbbba68c9bae","codification","Concept"
"530a7c484d415d389b647acc3050145eca4dd0808b9204238f3ce43c975d4f43","transformation","Concept"
"d1f69a4bb51c294587f2ba362189d438515fa63d875186de8a9993e20886c5e0","changes","Concept"
"e6db6b8ba72fb4619513ad8cd88c63177dd91ae8e74132ccc52457a47abeba84","service","Concept"
"9233601d225be00c2bf25c89c4e0a2899b795096c5f29ae3b22daa5a177e9408","cover","Concept"
"6501db2f90a6af0d422c889d17ecccb893e253f0175382d9381593616847a1e8","protected","Concept"
"0fc3da8507bb108108210443046139656c6e3b96730cddde51594862d8611d9b","electronic media","Concept"
"564dd05e8680ed2e263da9f6789df8ef6e2f28ca566fbb59d8e629d24d266df5","boundary change","Concept"
"2f6f490993d50d73bf41ecde76b38bcbaca7923b72426a5182ca96707a15edfb","parking regulation","Concept"
"b930c353ac160e9425c68f4cda65a69202b5594c17a5a7cf271c89228d8d2c69","historical","Concept"
"791ce7e95c24ae4fce0e01b5bd8d0074b29eb277a0be4c44e09bc37d94f8c140","rising","Concept"
"abc5c37f67583ecca3eff25fe1ef68be0d7357b0e3bb0245156f848a2d6384a7","fertilization","Concept"
"e6d24b25ae26c02a53453eacbe32e67ec4d1ecff9e9fb437e769688fd2b3765d","draft","Concept"
"188dbc6d4edfd3a16e7d30c01ad75c11f1119195ea9f945cc39f8b01fc2c3ade","community engagement","Concept"
"36afde2eb8c53be48798307ed0843ceb9f1677d3b1b4f41df10138d2ca553b8b","flood control","Concept"
"6e281eaa51b25bac694c44ff5aac9567bb551224c78c5dfe5792ec377b3cc75a","supportive living","Concept"
"f7cad1537f102c5f608646d74c96d9722c34871efc301cd63dad8dfbd11b5487","preparation","Concept"
"9348a8ac61f906a70dd0a1121b09fd7b5d5be8c6aa16bdf0454759953f57afbd","development control","Concept"
"6081ff6e7339ca6d74b1b4257cf1cbf6da7560b6c99f667a2ee40444844fa6dc","zones","Concept"
"49d10bdd1069c0c8ad188b25ad597ad95f3181b8efc7fac2f3c7e70afece62b3","shading restriction","Concept"
"25b7e2c1ccad561392e91f2e089b831f655c827eb40dddcb70ce18a420ce7af9","buffers","Concept"
"c41d6b9fba022362753b3da161096369d27df92aa370a692bc98f91aed129ecf","sanctuary","Concept"
"0069cd1a0aeff22b2f5e55e04e7f60ab705a923e662efe27c305a0daac6db355","landuse","Concept"
"2335df23e203403494d45b7eff38ce2dd74e2bd5b2b73009542b828202d374ed","water regulation","Concept"
"487f5bdff2ae2da2ede5ca2a7b822ad479ba1a7157f4318ca81064483fc2f7c9","parking challenge","Concept"
"25722b3a7c9e7f5cea588959e274f6600f9135294f129fbfe8a2f054763bb851","garage","Concept"
"df022ec25870df5fcc6ad232eef76531963708f05804a0ad188e1fef6aa0be1e","definition","Concept"
"8ab9b6291fbd4d97f94e8381232614d447af816556c35cc75da114075f9f93f2","integrated","Concept"
"78a98f5bfbd6e9853f43f3226502f15222a0551f88d44e1af6babe511272a742","navigation","Concept"
"d582eef692189d6e90993c5d6c27240f16ce3572e2242507fe0ea7a0e2ccb9ab","obstacles","Concept"
"f3b2af515db51c087ae3cb9e2bc9c9ed2dda5f46de0187f4ec98a1e885990fe4","incorporation","Concept"
"6f6f21f4dc84d4a622ca29266d42f5f0e82ffcbcf826919332ea8c75f0224e88","overflow","Concept"
"5448caed85b45fb3b533dce03c2e65e291190d47d2b2ae307d52c395a77eac60","slope","Concept"
"be39f7a3d4382de6ed02a5ecd2a3689900dd4f642ae0713fdc17857d652d8a04","concealment","Concept"
"8ed04ed41a85892fc57934808724c9f05a580fa6bec690050c230fec35166396","notification","Concept"
"961230d415edc5f936fee8d7542890f3dca0317995c9ba354542e2244f365600","licensing","Concept"
"f21b8bf7cbf142db5b83af45dec58cdc7c3f3b17d5ef30c33b39cb3f7c931be3","information","Concept"
"94bd18129c70a125c1dead823fe3c0747cdfad3a2461e798baf9f473ad513e1f","disaster","Concept"
"eb8047adfe341f073d8b31d0962c90b626c36a5624a65bc32dec823670e1df7d","density protection","Concept"
"972b12dd1becd7c9586078a351375d06bf4fe727f711004c4e304662bdf9c70a","lack","Concept"
"008c6747c384d31e6ffdc8be698813552055245c6ef496c2ecbc6e390b13d178","applicability","Concept"
"353ff3008faea94afe1ffd01dfb16bdc79413302e23a8d5da5c6989595a1afbb","approval commercial","Concept"
"99f9e8ada21b5e2e325517ecfa399980cfc3102ad529fd763f65a3ac4810e052","teamwork","Concept"
"bbc05903736b0da5dac1303ba53f796536b8f06370cad145af0646c28ecd009b","watermanagement","Concept"
"e208840e4f6f25e9e4e0d772bf6e8bec6105672f374eba9628356d4ada04acb8","verification","Concept"
"cb37b38827f88aa20d96f5324ce5d206cd6740e4c4f0a17bc97626b41c795be6","proportion","Concept"
"d85d5055fc6f8a5d17d81f685749d7b2db0ad754e661d6c240393b8ac0c389eb","preservationist","Concept"
"65e3fa832a09262eb796679c8bad2041b99f3d2aa1b9af626e9bb30d527f88e0","unified management","Concept"
"c0311a8cbc3d10bab3a8cab18b29628c1dbd21578c681bb9b583bcec67540d86","promoting","Concept"
"41216333fee099751818d096bf958f86f079ef83038b13639959933290b7c35f","project development","Concept"
"d979935811bdcdd106d62e9521f63339525a49a4e91ef46043b871ce07b79dc9","safety initiatives","Concept"
"22df1ce6491b5879627469e4976b0740b085976b49a50b4069803f18ca43589e","completion","Concept"
"a52a342916f9f2655ed01f884e9309a167599c4570c3be10aad2cf68cb0949b6","smart","Concept"
"5a202011f20676b1099035e7d008324293a53d133dde129025cf9cf8b978d7d1","environmentalism","Concept"
"8e37399e8c975801b7ea5edbdcf9629e2449c7be8d3e2a319ed99d19af14fe14","sunblock","Concept"
"b019982dd1057fcdd954dcf692c3140ce8a280cddcd64dcc3b6ac8a212f3636f","difference","Concept"
"676436eca3db62e6e3449712f629c0ca810d18adc2a8ad09e1498a89954971f0","place","Concept"
"ca76b05e04d0e7132ec9f73d36fafc8fb6870386d2b3dfc4f7a471923aae615a","distinctness","Concept"
"cfbcc9c69e7adc9ca51e72bf918c83934dd976fb7fc34ef4bd695100a42b6576","infrastructure plan","Concept"
"1b30e30bce72f37cfddf611e1949e4bc7910c06067e7cb786e5695e25439da92","emphasizes","Concept"
"2183374276d641702d30285c6fb547422d5adeee828bf81b50ddef3c29614c5d","understanding","Concept"
"359ea004de036fb0f893bead8493cb496579188897e3feb21fa5e3f50c80d5fc","extent","Concept"
"7a9f7db317330fcae8fd2df5ce1b6376484f4046a4a1a3fea0afdc9b7c452c2e","delays","Concept"
"fdd553ec624c97dac9fb84fd8a5a142da74814a1471a3e0441a37b3a4c9bb339","enactment","Concept"
"822f0296d46c6af490b0e9f487b79addcf424362e22751aa70d1ab28f96b532d","property rights","Concept"
"20bb7de35c2b32b0cb39ce156a9cd4bf2eff757af3344e28974c5e05f427b894","cooling","Concept"
"ea7c6612a58d1019c56ae261d627f5183e55e8c8240e2caf54dba6c4d81ef0d7","coexistence","Concept"
"2f55bcdc90d655ca679752faabcf9a063b807bbad3bdbd922194ea8d089cdf28","malfunction","Concept"
"16f1dcde124ac88152fa4338102bf52d27f23de9f0f52068ed129655ee039f9e","public domain","Concept"
"3f42a809b1356d0980812314029d0b7a0a3aac13c023c52e235d17c1e14210e4","history","Concept"
"a31e62a6c62af444eab43df56ced73830cd3fb14fc8be63a28caa337f43ce2da","refinements","Concept"
"8f21de71020a5a2de77e00acdf5bfaeac75b217514ccfd7eacecf258e347d74b","insight","Concept"
"dbd581fdbb85696c1b3307d1e2446255f6dd13867087aee8a8b5d7ce37cb828d","investigation","Concept"
"d0ca9c5483d9f88bcc904f93fae970721648fb1ce89617264b89202f0a93e6cc","distance","Concept"
"d4444326218695b78573ba21c6881e7454f9d7aab9dbe92c4b0853a5aa59725b","council decision","Concept"
"7a0c8f6966b8400ff691102fcdd924e1a31bf9500edb32c4d269839554456f9b","cultural","Concept"
"1be6a474a4068038590259bfb3a0356a14933061c1b6b2e429149523b9bb493a","greenery","Concept"
"107a41f50bf0228b14fb716ee5a8cbd5956ef96c548ac0afb6bd4635e1e15108","environmental law","Concept"
"5a65dfc94686c51824fc57eb1e6da05ad326ab0446545bde341575f719f3d1a7","merge","Concept"
"52a6e5f61ba09709362264764ca7e31f6c57710bbd6f1c753f8354c9c3a4b5e5","adjustment","Concept"
"0d1b30219cb5a44baa464a6f0fcb83bacfdd8b4498eda2c254799e6d2a20b3cb","processing","Concept"
"62da9a2ef58d7bfc39dd6d525c28a343db03a444cada35fae9df2278da6c79b0","lookup","Concept"
"1ffc9843e66ffa33e52516df89ef6077e917e5cc4a02bccd386d06722176bfc2","dispute","Concept"
"b043dd2b61382f56f7ce1318208dfee2a0be71b861af188951916a8de646c7df","prevalence","Concept"
"e3f9b6e3355b8ad7eb97fc73464f6530c693a54f3de42e57926f87f19b92c0bf","criteria","Concept"
"9fd0058943e1df514d893db8c835bfdec2bfdbbc2d4a900d1497f333724739e5","continuity","Concept"
"b6f106b496ba4d9046d56878f56a7c01fa6744ee916b1b44ff837d9a042f395c","construction rule","Concept"
"a836caee9f7a92f007eb18671e063252b7b79299b63ed0c290953d76ad03a9d6","use continuity","Concept"
"1f3c3b23df1abddbb89eececf74f30a6882dafd1bc49a681b0baf9acf5795da1","ventilation","Concept"
"de5f8f8852b871367e6219d498510c688e7264a6872db90ee4b006b1b31e1978","holdup","Concept"
"c81b38ec139ef801ed71d7ae899bf947de8fbf40d439afc43a45b67ff88c1444","limit","Concept"
"87478b387e356f76428c99d5726cf7d19b259439107af9789553d35d3ad67938","mention","Concept"
"37e81723c53ab4b154d9d2be0da8322a0537ed415b39fea4d361b39e2bc371f7","performance","Concept"
"1761ae56074617ee3b81ee8a5fad319edadda6cce8d18626274b9ea109544631","farming","Concept"
"a62b9b811502209be1e47501e13251061e41f527c777b29dd1e86902aa026ee4","notification  reminders","Concept"
"5a766a0668e6262ffb676af67ad9bff95f18ee0184e877a8f7a914fce2de8cf6","connected","Concept"
"f9b744b7084c298d712fd562c232d1a3ed6e186e1b224a5ba3718e240c5cf947","reservation","Concept"
"d1fa8cec63470a31769b51b5b2d3abe8c9211bf566f500d8d7fa222ffd812b37","planting","Concept"
"130711a1054d5953ea8968b914418ebf50f8cb0118d0ec066cb104b2bfb1effe","placement","Concept"
"01557911bc7a19cc0a3cbe8331c90c497aa9bb34bd04fe7cd283e4558f9a3387","vegetation","Concept"
"2bd03a48eb4f691274cd5a5b22b028a8385b071bfb8b343b4939470766aeedde","public access","Concept"
"6d18fd8a7cf4ce09309febfb0dbe783672740c893890ffb99726bec2db415ff4","property protection","Concept"
"49d411870e9ef5c4727f7c9ea7e5b4eddbbbf8b3d43a9af7258c9d1358a0e16b","updates","Concept"
"3456acdcdd97b03bd92723748652452537c5eca62cbdf8252ec85a39eb78303d","on site retention","Concept"
"9b6d60d56db5adb00fdb59423c7f7134623d6643938d2854bd565cb2aafe7e5a","trade","Concept"
"cdef58df0b62fed8a23283946a6ddfd50feeab36f1397a431ab67ffb985e240a","noncompliance","Concept"
"395807fbbd0d9a844614627f6f4b1761f12126f1885bf857049b6d0e38e17c9c","noise regulation","Concept"
"28ee5126226295c1218429325cbd4fc30b08ad5619c4483cb73adfbca44f5302","research","Concept"
"771c735b928cafbaf62d168b428bc618f05f91c7439bc3f3e2e8e11bcd8135c0","utility","Concept"
"ca1bf3830c3c8fbc931625384c1e45a547960323c9d2ca38682c2651092049b1","concept","Concept"
"49681dbac3515c12dfec84dd915c5e84658707dde489944dcc2da9e91fdc8b79","spatial relation","Concept"
"79377601a240a4606a0ea3060db3b387354d12a211a08f853ad03dd547c02cdc","height","Concept"
"dd5bda22c4ee00108368df94e83238748f26db7c932a7b933182d15beea7bb44","execution","Concept"
"17da04534e8f63b64ad9f484b38d2a9cd9bc8a6c8e90bd78957c999c6370bff1","report","Concept"
"25434396a53da3dd47f0e52415c8e1c039b76a7fb98f87a1a237e1ce3f24847e","detailing","Concept"
"df63a001f187befe4fe588234e5ce7bb6fa15ffdb3f1a55997d5acdcf889b0bb","environmental concern","Concept"
"0045fb00c39eacda0ef03b914972cdfbd39ab27d6dcda7415a2607fabd7808f4","exposure limit","Concept"
"3df0b9d0daedc3b8f1b42c5afbe8d3a812af349cf6c2b5ea34d480946830d07b","reconstruction","Concept"
"68a5977054948d5223c94ae49537210b3cfb42b7ea24fd77fa4537bad797ffce","milestone","Concept"
"e44a5ad0c7f1163515370b4d005ecfb304b172c6dd915270a50c0f743c1c2566","documents","Concept"
"b540487d22dba9ffad334f9976e68385aba46a4c668265bbd35c80082020adc4","clearing","Concept"
"808594879f7d39ceac9e5a1309d7e18223c55e2657aba567c65da9f9cdcadd83","parking issue","Concept"
"5a93b535c1618ce0a2ea39b4789e69d426648f7303a594306dd6aa5fc1853146","removal","Concept"
"72d522a4a18fb3e86d35d6b5c1ee78d3b70e1f1e16ca2613fd448a783c2830f2","restoration","Concept"
"9fc7f099919f189a0711d047d66d3adf1102f63c9c79f6ff359401174c29c94e","measurement","Concept"
"8aba2579529ecf9376ca1cf3339c0735f8b43dbe26659e94815b6b2729853805","conference","Concept"
"fe2884630021532b24e383049d6a72d2adddfa837f1a9518212a9b74773506a1","standard","Concept"
"4708f99c35cc19effdca34d55c4f97549b3768b3fac068d210d1c32e11d53638","landmark sustainability","Concept"
"634f60e6de96db0be2085af732ee10dd446723cec58a692bbb851fceab390759","noise reduction","Concept"
"aac2330a680f343fde16a64d2cc490f7b95a0df76e0954dea322b6fd38c3d4ef","hindrance","Concept"
"f8da4fc1dbc4391a7840c12b4e7b12ee700e5f4c95a1cc86dda3cc15233c8e43","convenience","Concept"
"5fa3d8cace91bed199ce4633cd6d49d323897008748f26e2faba0351e3983012","precedence","Concept"
"3205218072bbde42c1ed21582851c641c9f565cba1cf65c0b67ed7a536b9bd94","zoning change","Concept"
"22757d0fd4b72c51fa8d308ade7056735ff13f0b2b929be62f2f1c3d35ef3e13","fixing","Concept"
"6158550c91934b742b04888b9059527aaa75924a0b0b98684ec8785066031133","impact study","Concept"
"c632ae80cfc4606d8a3521bf71c7e008bac723bd2164a869e55615c391297548","objectives","Concept"
"e031eca2bd9a3cad8bd0b29059dc022e02bfa76c54814e3ff52a77d5cbbd8fed","permissions","Concept"
"74b98178d25892334d94733d1dad73d96821d61356692d9e5820a660f554dafd","data extraction","Concept"
"9919be28bbeaaa85f50170c04e8f6305e3d6128a9a90a997747a4eebe5271bef","gateway","Concept"
"26c2043aed7a7010b209218938d498294b4ecf01c180cc021120784093452513","showcase","Concept"
"bad2e53c1afbd2530bc6058439d0eda28016cc5d00b41a64f16595a83a1cd15a","drowning","Concept"
"36720b8a0286c87b45ec5e9b15a636ffb2dbcd4119c308270d00ab5e6aeec8f6","visibility","Concept"
"5613c1eec712cd15484a3875367bb57d0c975e184f467c8650afca1c3fddc0e4","disposal","Concept"
"69724b8045d226a7643de1d08ae77c48714e3eed8fd6a2b67635b5d6ff9721bf","community support","Concept"
"a06534d24f0017b4526df0b412c827bd661d0d7d057fd8e2888c52eaa9597c95","outline","Concept"
"cf46271e028e4ab201cde71694fece2f7cdff1ff04be20ba95f5bad6187cf728","community","Concept"
"6745f283d7932535ccb2149a99f6b877dc7ed08471c3d04c6d4dff862686e3e6","closed off","Concept"
"bb578b46bb04bfe2f83ce2c86fb66f4cc458c80abb854885fe646022199a72a3","public safety","Concept"
"716b3c650f4b676f9d565777f5e1ca5dbe63f14152a3412fd2bfeb686d1679f1","integrity","Concept"
"979c42634483e09282657929dabdf9d896b8f72ccde422a5281ac7d4c1820947","residential zone","Concept"
"f79f15c1e9e3f69a8a067028b57f38aedfe23acd32e935d96e83e6b97f38fb01","flood risk","Concept"
"af15fd27a1f42efc4a332084a70a0d8bc27efb6f4a3c9e69a5d546d44c242237","maintenance","Concept"
"112a66815786eb61667d09743567f99c9eb41549cdd0b875cda25324a8053688","""development""","Concept"
"3467dd3d9408ed126bf07f2e22e5d2caa095d1134bcbe2c0102dc58cc22593c2","leisure","Concept"
"5484cc8b5694635f4dfa72aabccb8b2dd744fb24176b4b914097411727423031","endorsement","Concept"
"84542edf67a55cbd634edae64b15d2e8b31ae15b2cf883654147222967ccb9b4","supplementation","Concept"
"cf21e8f0f3c2bd0430ddac37b3cc135657c70fb84bc6afb0d2bbafddcdded89d","demolition","Concept"
"626fb4178fba44effc5207cb54ae879e923de32046b8bbc7e39ab47f751a325f","data","Concept"
"e8e82b43cba2bff16ff4f6ae35695636f7869b2adc8e79256d9e416e51500cca","car parking","Concept"
"fadc1e6beba8b2b1f57e75149a7c7cf8cd5a0b6c930bb861a6e43b052434580b","safety","Concept"
"39596dd952465e0926733be3dee47a22352a20389ae679e2abf5c55838ec8e7f","preservation areas","Concept"
"300644d4053e820096f9751f524ca1ec110f161e6b459bf229c0ec2ebaa9c1a6","interwar","Concept"
"b0d7c513d497c9d6b9d905cfb01ea5f106e2d7196d5ca83b7f66f1b275e4caea","water saving","Concept"
"da7de9473012b6d7b993222683fcb51c7b2c8e705f7a94e3b067cb475260718c","agreement","Concept"
"3de505d3e49669743476ed3f589d2f2b67bb207d0c5831ee937948ab94e0d5b5","oversight","Concept"
"3014473821a4296e115dc0f2e88e32672432769fa91f33f48093a1d53c797196","eco design","Concept"
"393a67c1dd541d1cda90d95a46ef0dec0e4ab2de246f9da57424ccfc282811a5","[
  ""destruction""","Concept"
"22823e663e013e10cc33a0f5cd4d832d784924884f297f28ea65291e1618ed04","height limitation","Concept"
"307a74f31989708a27b2a62debddb1c63ef27d990243d1b52f669722f36d1e5b","""exclusion""","Concept"
"d4152451ef2480868b28f99819f0476a9d07a7eb81bf9b7ec2b69f42093e5c31","strategy","Concept"
"65bed9c8f4612093b93ce27c793d8159cf98059155751457f9f538068b3d4b31","grouping","Concept"
"4920c5b8e2a975768d7a58dc38be786d16dda0468c820e91e2776467ea5be49c","irrigation","Concept"
"a8f4854f7dbcec424fa2d08dba6cb11173518174ff564e2f36e3314658be0fc6","sensitivity","Concept"
"24586e3549159fab423ef14d934e9a58033582acfd08bab5f87ae6b3baf64597","building control","Concept"
"d932abba6a6875901dc33659833affe32ea047ad3151a5e92cddeca22349dbaa","specificity","Concept"
"701380dbc2dea68cc7552ab40b8201bd2cfbe03d56dd37b8d01e64cc2d89a509","undefined zone","Concept"
"8bbb351d1821623e912d50ff701cdb51305c76b003b6c0917f882b7b09ac03d9","vitality","Concept"
"6387f638401452b2a2830638ed529573f1a9154ee890bad8c859a9a5ae3e653c","estate","Concept"
"f9a2c3f4fa55158f0b6aec676a92fc37343171d5b463c643b4a190566167a5f8","desiccation","Concept"
"29f9db08ef25a063e34ff509b1b842d3acc439bec8927900f4e9ec632c523fca","beauty","Concept"
"799a3461105db13547be93f98ffab65fbdaffb8f1c2359fa6ee02def15cbf87b","emergency","Concept"
"842f4e68d740c0b0f2385e8d5ff3d909f79ec73466e27fb8990f46838bdcfb8b","relaxation","Concept"
"d85ef3af4810171db25e15f176c0df3323cad31d01896a9f9528476c5e6c5701","restricted area","Concept"
"7546344919177a3be0816dcdf5cdbd2a04fcaaa6caeb24e6c62a5581b4277b2a","safety enhancement","Concept"
"9449a0cacd73cdfbecdd096f00ebb62a26d76bdde7c68f62b35df0e63d9646d5","failure","Concept"
"a92299a06e394b6e9da1792b0285eee054bbeab948174a6e74d07cd696354286","prohibition","Concept"
"63f7cf4375a2730bee1744f0ee36dad764067519b3d232a1d14051b5be62d20a","regulations","Concept"
"19676224df5bee3ae69fad2d71f9d947bfc9cd4986eff04613559e9e2d7f600b","responsive","Concept"
"b65870678be7096c40328dd31829feb3b76f8d4220d14ef74c61e9580b537f45","assess","Concept"
"abd53fe5b9d9667424851f237c7c12d1cab3ff61348fc809e9753f6709be9562","minimal","Concept"
"dddab9848e253e738083efb92032a2dd521d7dd181d467e6238defccdc28a45c","insulation","Concept"
"d98860e6f41d516cd26c8326f4891b37efb2915aea7e29415a75c3a28628addf","daylight limitation","Concept"
"62091ff1dcd27a35994c098e5aba61cd398632dc1bf00bc990504aa8220ac723","collection","Concept"
"16c8d2864a4296a9ccc00d5be2c2fdcf096b073f5449e9836b47e685e3900ea2","decay","Concept"
"7c8620d1388960e1f480f5def65a7825abff3d75c012c27c7af3d6ce4e18fc66","naming process","Concept"
"d637469ff7bb7a528c38375ecef3e148f7f892db35fc510f26082e0c94430e45","law","Concept"
"408c7cd7d66eca10d25f1bbd50acdf6cbd77616a9fa41d905c05782a26626212","cultivation","Concept"
"d80fe01c6fe2905f7657303a66ece8d8d0abb3a611c285d141b92ff471a332f4","iwlep","Concept"
"45436b4a4d4a4eea8cba40e9695d092ef0d56452a5d7ae039fafc64ce648bdf0","legibility","Concept"
"f41af121a08b1b212e381f2beb97386a83453c8616dce3e12f530d275db6635b","spatial management","Concept"
"31147fd8dbdcc7506447f8dbab613ff512a794ea1d4197aad72df27ae325c986","hosting","Concept"
"927901d6f51d3a2c033b8f1a1cabc08b4ddd43cd2e7b0955384a6f47ed912efe","creation date","Concept"
"0226f38084ba44e37e854b5ec60c7e3c62fd55ec1096108312052f6a14de56df","operations","Concept"
"755afd054736503ee4ae0fff5e99a0bae6fd0a6e63717fdee24caee04c656c8d","permitted","Concept"
"79cd43c3562ae2cc06a2a5fd6d3753a2e4bfcd3c6001310d1e8dcd74fdf51854","land use control","Concept"
"c653c89cf2896496e4f48589b69cf82aefbee40afd4a5678a7c1cc35f55ad40b","authoring","Concept"
"1df6e2dca0b9f9321865ce3c5526465df2481f60702eae473f1c90236249e83e","landscapes","Concept"
"8f0a4ce25aa7e4d0cae1db4fb02ee14f93b5f982cc028d2f020819e8ff95eac1","announcement","Concept"
"9bdbe559028be8c960dd8a646590f64cbb4dd82d9731d17b739e791b9577a7e1","entry","Concept"
"0e9ab09fa238d65a9a6aec1c95f57244bdddddebd3c933061e55e67c2bc2c096","accumulation","Concept"
"d698b9f41e1c886e8b2a5467b03bb874a838b6d2a0d24d2d660157002ba4b822","mistake","Concept"
"6cf1ba9285945b8fcea0122d64b3182dc69f51063e3510f240a1c96de2505dd9","urbanism","Concept"
"3831d28ef4ae19be44a752105d470c6e23693dceee3bbbeba9768bec585876da","waiting","Concept"
"e12fee52fcc9e3757a80a77094e9bc3c16987f6e33c0a355afe9baa987d3b32f","arteries","Concept"
"41363a75b44daf7e601f0ef3a2413611ddafa786ecaf5b34f809ca68423f17ca","terrain","Concept"
"e688d6128ed7908ec6ead8aef13fb822b091c062fc234921745ce46f0c66beb9","drainage","Concept"
"2f3ac17032131abdaff4884f1df3acf311720a1d4ac4562247e2954de1f231c6","vulnerability","Concept"
"8a6cbbc4326995e39e3f5da8861c4f2b0e314ac467c417f6fb7de28751ea2629","ramp","Concept"
"e047d36b4711639cc70faf4889fe9fbb655e8cd9b773e4afafb7ab63a95d8272","environmental impact","Concept"
"42d589e4963597a2d6db1f131940cd69b78c5da566d6cfedc3069b65ee261627","coastal development","Concept"
"df7e0851822ecc3d62f2f606eccd90cffa845ad95dd90ca4d0831c94bb89e10b","revival","Concept"
"2f5f69e82490599dfd6e4fa5105951829acdc053c231996dbb4e879e33256385","housing impact","Concept"
"5bddbba7acdd8c39cc969e7bde7d37a1fa470bbbcc405e7f23c46b4ceaf8da53","allowance","Concept"
"1ec7fba9885bf9262a9ed04fd4c3f133418979d776ae8c27c148837836747b7e","maps","Concept"
"4b1b17e93831d097d2f55ab23ddc4cb8d3f0330bafa424cd05a053b4aa91e31e","spatial understanding","Concept"
"201ca4d5d80d00e7e1856fbab90a0d9b5aaa6cd3e2204c2a07fd2910d3349d16","council","Concept"
"8d0f8d3e83e1f623d135a391e92b3230959849bd817f855c1eb85d01082f46ee","acceptance","Concept"
"c34dadd8961a4d66e146e36a41d1c681963c4861daab171b808f931b5b49c07c","use","Concept"
"668eac6c62750030afe4e4f08dfb37e5f42dd19c4473a4bef767fe6c16008ea4","gravity","Concept"
"d8568f79b3e5917c47c3b63118c8d1eb83a1eddb9e847625a6c458bdeeb9ac9b","constraining","Concept"
"df5d363babd39ff4621872158772ddd844d8d1adb883340de105c4ab55b574da","distribution","Concept"
"e0577b71a7a2f0b4eca3697f164bc29bbfd2aacbe294d9ab2403fe9e67f02830","socializing","Concept"
"1e57b925e1c4498d0319fc0f019b16a35284b50bcc28857fa194523082de7e6e","digital","Concept"
"086d0b9e3576a8bdbf2b93e833afbdcb82496cfbe6821aa6d582a5840e68be2f","calmness","Concept"
"2b5bd86522766fc4b2baa3ab0c125519bcfc390c3bbee3dbf83932b4d2fb6966","decline","Concept"
"a24a3b8f59268894f5799539e5620a656c5f4dbff2500260d6c1e87f64f09835","drying","Concept"
"252fe6ff6407eef272667d0037e51efc1adeea350f59c54a4e7aca83f6d042a5","input","Concept"
"08e948125e2418bb8a4a782a4b3b7359e84a49b100ebbacddb722c8b131c880d","procedure","Concept"
"ccfefe0333c4458968591f3442bf247d1bea69891c21c470287069ba53407436","environmental rule","Concept"
"388426c6c55d038b43f080d7c7d541c7f05d16619d02bdc2f197c9ca7eee35e8","prevention","Concept"
"e421cc2bbf4d431af62ab013e4470fde15ff561de28691a12859971d6ff4e03c","provision","Concept"
"89ae88ae194527e1a71696fb7d0d1b1306f5f66f9d29282ce09c83927720cf8b","composition","Concept"
"59971650f33099333d3118ddb97de957f651571d7b1bcc578cbb7391af222362","overshadow","Concept"
"279708d8f6facb935aeea1c67fb0d7fe63c41ccfedd7fa4905365b2d09813590","permission","Concept"
"600c3278578053e34b0e53b526e12dfc5348b68963d826fdbc35e022ae0e1911","planning area","Concept"
"fdc1b5da7355836585717d74ca85c426d672609d5165eb593faab43c359f7c03","building codes","Concept"
"8c08a074146d30d97da62268b7a2d83d1bd5703f00490065b35920a71c0dd24e","summer solstice","Concept"
"66631adef7e962bd51dafe8fc80d554dcf0f4cd110daa0fc281004e154c143ea","takes precedence","Concept"
"36b76a48a5dfde36f178324562f2de87674c59f5f2792c3697e1cfc98d7560d5","public space improvements","Concept"
"ee84cebf72890f69c4e5a4328ea788f614c8ade244ab086e0826e00cf187bc2b","region","Concept"
"972203da5b0f4ada15b5c75978a698aaf619d7820a8f06e30d5f9b5eb2173a36","absorption","Concept"
"9537b4c57263edabde9aaba348b856d2f23c1bea1a6edfab11d474cabd237f8a","[""surrounding""","Concept"
"8037e6639b6bcdf6a8f9a0e621f22f1255b040549b87cabd0b581e732b8c6db0","creation","Concept"
"43bcee3df16460ef76391a246c210e5031e9d0c56798d88174589b7386c3fac4","visual constraint","Concept"
"15c3ee81d822b5e76aa6b6db9fd4bc1c09e393ab5a6fe44753caef75c4a10ebc","recruitment","Concept"
"f481fb99148e0d410a45009f4c677c803281952f8c19297f92ececa347ed2dd7","file format","Concept"
"8f4254842090313c0daec382ba6975969233f4cfb81115799a763116d3280122","waterfront","Concept"
"a60863dc0a2f1c807e1c457ce8bed37c05e8d4c845fe2cde1ef3c18e9b3fb068","public concern","Concept"
"c5383e8934eed7b10878960b8a2d3a314acb603528226fa9d4a6ccfa618ac257","narrow","Concept"
"bea67a786d26a6b30614c84395122cb147d74600746616f718440af337e29deb","logistics clash","Concept"
"ba5bbf8f3031d730e6412346e87947fdd4345dbc2f9a34b56c2a2e3484dad157","compact development","Concept"
"458ff45c7536ad44cc321e65566e0748d381d6b223606cc03449fe0be9d456ba","design requirement","Concept"
"bf1239ebc83c1d090c37334366b98489c66e926d5763ff9d542eaa579e9234f4","""desecration""
]","Concept"
"1dd004f70bf59f6cc8d181525db8e2e217969e7c0169d71de8adca5724e0da54","landfill","Concept"
"7cfabf0ecebcfe9cc50b4e5132a37e93f9754538ab260662071c62e9ff710199","restricted access","Concept"
"0236b31ce6f519ffd7f9316983870459ae8ce7d8d7d1d0b7ad26d3b8a5aa3c60","exhibition","Concept"
"15b3165703cd04718701531bfd91d398360f2f3d6692dc802852bf5f17d15cb1","validation","Concept"
"3109bf105f9e63cd81b6642212e265c65928ae143221d0c9f2a3c7689c3b29aa","responsible development","Concept"
"c42790233f1d0ad8477ed4ce0ef0591f429185491916a2cc0ddf2ff32d9c3313","issue","Concept"
"91469aa45b1c7052f8ee31bde293564f85c600671c8de26d93d6aa7e8932e8cc","minimalism","Concept"
"926c17a61abc96142d1bfc6db153803cf70ee0b6337d16454aaac2a7059517a7","installation","Concept"
"a9e2e7a8ec275f782c79ce2c2c47591a1ac6e768ac3c89c2951e86ec6d5ed8a5","zoning_issue","Concept"
"076fd01771f1faffe08b04704e364f56ae7d0e2df3982e81be0391c71250e1b8","childcare","Concept"
"f1561a42bf1c451ffdc399a8678588b8865375af60c5bb44817b082575f3a4ba","floodcontrol","Concept"
"d9e49da27a6cd950f838de4f7affff97e8072b151873ba231e2efc7c08976d51","side effects","Concept"
"1f15d43e3be690d108fae0fa2e8ecbbeb9f47b1cee83090e4c810e2e11bcb656","biodiversity hotspot","Concept"
"170aa34db8b2bef33472198262d42a0ea678f21aa35de0d95edae8e3b2dfb226","driveways","Concept"
"9011317d6abe8810bfa521dcf3bf6a4ad24851fad2941bea2d9529c76a7b4e76","governance reform","Concept"
"010d7497fdd22a46d06bb166d15cee0a92143b5e4c5dae7c86aed55042c6f470","corner design","Concept"
"f4b1287a511d251b52cf641f1cecdff2207a06c02692ef3811c690020b5158f9","incompleteness","Concept"
"13fc34201c541d66cd40d72cbc8d27d77b7b83f71b6c90e4f05fa460dc519c60","route","Concept"
"ed3d85d133f0f72b3a848b8c4d721fce2cdf9afde0ded7526fd965655a4b2871","waterflow","Concept"
"c89b338a5a7aab94d13e2913fe72a7d5634e1a5c6771c21375c3ca4dfada2c26","boom","Concept"
"0a7219dccb5bdb28c45197f0faafb659af237aa0fa3918d88fa25b72ae83c2b4","watercourse","Concept"
"e7ef90e8f928987077b857ae879b1dc2212c544935f3a9eb0a4fd9da55c3389a","summer rule","Concept"
"94caad0af4c00ed6cdd97d19dd1645b22432f626ad98e0daabd79e393a0c8066","nesting","Concept"
"bdd5bcc77cf5e9a383a511e6d27bd25e558255fe011e2e65f40f030266453b77","scale","Concept"
"1e2ec2fc28f8095534b48a8d143157bded018a19015f0f47c77ca87982a0e183","following","Concept"
"853a8646c73ecde294e61ee4e8ab3fb62675200d540ec79bfbc18387f14b1069","description","Concept"
"2189dc5b54e506b97d496fbe0471891dcbafc761f8604305f0ca2efa602bffe4","control","Concept"
"db7824686538757d418d591add66ccafcd9c9807f9d81cc894896e3d39be992d","uniformity","Concept"
"89d1aa6abb7bd66816461d581ebc879e8e410978daf11f6a3ea161fe6aeae404","specification","Concept"
"7842892248ee01e5d1b537c52050073aa4f8891e4fa372339963ba51c4c4f8b5","designated","Concept"
"8f15a44e79bdd84986aa236202c9af53867de8c35c62ac2676ca600e4e9995fc","reading","Concept"
"4f9bb5acd45084934d90c407a737965ef734bba024155f2382a6b543baa0f434","legal","Concept"
"514a0af780f44579ba9be62c885a920185cf86776171d404b2074542efd89aa7","adaptability","Concept"
"60be31412c03a2420cab0d6fe755dc2139d85c90e9a4ef7892151daa04c06292","tracking","Concept"
"fc209a39fbe8eece0c9b0ff06cad51dba0b30f6ec39a1a993e4df2081d2a2b20","historic","Concept"
"ad254d23eb4605ec82120ac71eb8e0618eafb285f8178aac7b9fadd9c023f8cd","date","Concept"
"f802fbd621f7ea6746ff8648650ca1099bc3d2f51e9d7348f9fdf7babb57ae27","framework plan","Concept"
"0c7620a600b549a73d7d0b5e05606b59107d5df5420f1248236c0f90a8ab9fb0","zoning issues","Concept"
"785741b88b711bc12d0ac8c4406f6c05704b06d217c060f0d61d03a6398e502e","implementation","Concept"
"76ebf38127a022378e76eb4333ae72c9fc1624f0b42559b8887d64fbb90c7a34","rainwater","Concept"
"3af12ebf79b7023786b08274f4193b41ac19d6f3deddeebdcf677c4f8d28c640","sight lines","Concept"
"b52d63adf269a8e65d48521dc3fa3b1470997905d8c82435e73d77d3c3694b3c","path","Concept"
"16d49e404f5844358359512547dfe73552ef7e9b540edcf63cb9679508a00ce9","charter","Concept"
"76955d66bbfbdb14159a4e5a56e3571754007f9dc55a3129e1d6fa9e0d9f10ba","aviation rules","Concept"
"8aab4e8602b6a4e0426de98acec2776fa1c0d65b8c8522f08a1cc6abae668e79","compactness","Concept"
"8d2eeaa1d6b5daeedbfc9e97989cc83ef5a5d95dc2bf6ce444bc4d241a75215f","consultation","Concept"
"fa18c7e13bd3b774f2fd64b7e58be27342eabad1d99ef807d47d71bef61f1f2d","editing","Concept"
"67d272b31ef0ac1527123cfd812fdf998a028c8591b037a8c62260d5abd6df51","isolation","Concept"
"6a928c7ad07f58a1a2a6115b1028ce444bc914b87b02793d1326d1291d4ede7d","water plan","Concept"
"0a90877c74e8e79874e78d0765d412207cbf74189b076b6d954657054c9a9844","suburbs","Concept"
"5eeaffbd1787ae2e1e363b730c7f89a9f981f2cdc8fb200c2740a31ac0875d84","build","Concept"
"bc3a325f6191e6685cf0d323ee3acd96570f2655056ac99e7bb535671def4fb3","accessibility for all","Concept"
"75c0ba0b03de2febfc2a421dedfaef854826f659fda2c8299d0497dae67e65c5","antiquity","Concept"
"b312a9eb7544f377ef1e65316a4bbab96f1422d54030855b0d6ff6e3178470ff","minimal impact","Concept"
"3b8bab76bb5218f12a378487489c9cf070d778a26d00709b4dae2a55dddb1f6c","safety features","Concept"
"6a3542bf793e08e9aa5171df70e69bfeada806945231f0347c9e4ee3f94875b7","housing","Concept"
"095e0c80ef0864b158ba05af3ac9f4cca9218891a619aa30e1f49e156bbbb240","containment","Concept"
"7dc6ce7cef1e8c5b4d6222d9c27858d64108ac7012182b0d0298ccb3fc22d45d","rescheduling","Concept"
"e7d95a14488472cb0b554779f397b80a1a04f046ed3b1808ddd196797cb38a8a","local","Concept"
"1cdb02e0b8fdb2b2d9005839059906dd4329f511b8aec981ea999ceb47e42daf","safetyfeatures","Concept"
"f3cf143d9773670f0ce5509fcd5a9207416325a16eab6746af85bc133961b0a8","""phrases3"": ""refuge""","Concept"
"0fd90a2b1c8843af19b9cad93e0bf5f6e10e760dcc1bc1762454a0560af66888","authorization","Concept"
"75cfc9ba1a2f4c7b416054bbbb9278ccbf526292e88b3f28e288941731dd6c00","opening","Concept"
"be0baf579ca41540104e9209514479f200219411a88d022007012f520727a0b3","conservation","Concept"
"050c3f6d0ea5fbeed3464cdeb92e062733fc435ecb37e6caea29c20180cf3782","tagging","Concept"
"26cabf4c24e9bf67fb7ea393a56577953efb4e51ca9ff777f33e5f7acb6be66d","streetscaping","Concept"
"c3fa2e116673fc342d4503d0c953924f0d269d32f2b4d9278f165d969434fd47","lower rates","Concept"
"fbbeee809f5dee1457f4599213f69ef0a238abda508f8c457505a3ef8c836b3d","neighborhood fit","Concept"
"ffccb34b8f5ec050fbb03ea5f71e49c809065196deb619f00e48665751599307","infrastructure control","Concept"
"182c1425ae03e97998d4ff3839bb2a8a7850f239dabe33898f1304375702c86d","size","Concept"
"ad1477906bdc85a4f868a651e74fd421ab9c3775ca509af12718d71ee85dd856","green building","Concept"
"0f2d8be743adcc62e12abfa83515c0f2f4981162d64a1a21482963c1e652e1fd","comment","Concept"
"32fb62b74872ed27afa2f9edad9913c1090c23c965bbdb8511200667d57703a6","mobility","Concept"
"cea17243c1406f866c7d7bece7aecd7ec61e03b313f572dd349b306d3a740ccc","objective","Concept"
"38e662e80f391e1f29c63599de017e17e96374221a46da76c0293b09031ca70f","document reference","Concept"
"885bdd63f0cbd552e81544be416d9c017f0bf7d61a3f3c429cbef6a51687cd04","setback","Concept"
"53348664131d60e2e46a2e96af93c4b10aa7a6e5f0066b65e49d35773fd57a4e","efficient","Concept"
"ed6ad3f79e20930a81f20dbb2f52ed7c9a5186112ed5a4e5b528ef6082ebea1d","assist","Concept"
"955b89e05869fa840661b9873783cb3a9c52eecee5aae83876785d81d2ca6ea0","certification","Concept"
"d71405aea8a49705c3a34272ab74246c76d381a42e75238f879113fe127143f1","parking","Concept"
"d56c0eb463d1aa7302df7e30aec5132be9e9224142e5d606b32d094348f1f8cd","decommission","Concept"
"0195ae8db1a65f444fdf048edd79b94896f3b631213ba4c546f8aa4e2c27823e","need","Concept"
"196ce80bc2c047776667d3584567b5a1b69086217e87885425fd66da92f168c5","site","Concept"
"bc80d879b8709877409f250a38bfa9530377eb03970dac8277c33ddb7cd7f0b7","i'll note that the provided event seems quite specific to architecture and zoning regulations. if this is correct","Concept"
"a47dbcb1a6039f37e195eb6b2b474450412fc8353f334186e99e55954f1901fb","ecofarming","Concept"
"dd2d4621f158cce48bd705acb1490d7e0b86ee5b82ec8b517a895e47f54693aa","venue operation","Concept"
"61496a684b796421d733144d773ac0197a7c1a5fffed9976bc60fd62021b1c1f","sign","Concept"
"772fd6dd669bf17e086fce6d1d7f19b8e52264579e9b06f9f1b1f57e4c95f1c3","buffer","Concept"
"6dfd0c957e6b58cec27baeea983dd4a26116715c85a668594723edd743d7eba1","site management","Concept"
"da46a3ae55da922b6cb154e052dc15a96a1e28566e548aa5f5b9b544d21bc980","land_identified","Concept"
"e2a5885efc89b5c352f4a2595afb7fb92e731e5d87b5ad2d38f84d3b873ae209","data retrieval","Concept"
"db681cfd5bbae64bd7cab19e210038bde5a0e1c515af933c03861cb61622c0a6","architecture rules","Concept"
"b9a0d3b1ca74896fdffe0fa81baefb169dd2476383df7ebef621902ce9a4573f","permeate","Concept"
"3f9fa84decab22650bf240db5c98969e7e5a2150decff0002424d4aa1d63b509","inspection","Concept"
"d45020de443d3a3dcd17f21ce87122ffdd0003f48f97a837e997db05d6755718","increase","Concept"
"4d0f353da0137a54785a76cca7979d9803ba61f3fa412389e84e93b43afd17d7","land management","Concept"
"2d353d2d60c20269e682865be10d39aefa8489082461f5a84979fef43222f83d","streetscape","Concept"
"7ce08964d88f37cea7f5604099566ffcb7365a9aed5f3ffddc29e24f789056bf","collaboration","Concept"
"58aeb4dbcafb2f4dfc2de11af895061bd59b0a08abd7491e79d0fe0c8d038b0f","exclusion","Concept"
"6db3b5c21e904ff7ef464332a19e346e99be97ae114733eed0ae4a0db593c048","renting","Concept"
"6b6aef9e3737a62869b5f839d3d89872845547f9dfb6e5356b1e1b3462b52be7","participation","Concept"
"33b5e3976589f5ec81a77e29933a47c32d6035f55197399909ae0675df5e6516","culture","Concept"
"8e8fff857b216182811dd6e90888e496c716d21e89ffe06f9ed83122bac16166","narrow roads","Concept"
"d6cc7105548de6794ae84dd034dd23faac2a91ed586a76c5f740397e5c433e65","drainage issue","Concept"
"d95bf4470024539f6d91fc38eadfa657d602bbf992a25986f2f9e87d8e056ea8","presentation","Concept"
"dab23f2e4be03aa59966d4a221788a82268e96a9556fb841bd718b6d78335fe0","policies","Concept"
"99beef0a5d3f2fadc7822041581857c994a24fcc4e154b40e0799214fe6c9390","alignment","Concept"
"9f94ad5dd1bf4ead63ab5f237917f2aa4aba85a9c10968270ae31f80f2055a3f","planning effort","Concept"
"ec9f817116feb1beb2c86ad8c77c0bcd11f1cafdbc9d474aa36724a55618b30f","features","Concept"
"7df2b33cdb286850f50c04addc16a31b5ff70f3e4e8e70b546c3c3489550cfce","specifications","Concept"
"4155b2a10d72b10e0fed32fb61f662b2412ce4e5e30cfdb9e9a74832d8feda77","zoning","Concept"
"b9b4ebd69cc51532bd3fa4918b9699ad9eb4501e0d1c5a1a1935dafc3680b432","nature","Concept"
"81e3fd5d6f28af5f1af89f37f415af45911ba3e6f2e8769bfbb946131aa56887","other","Concept"
"187cea94c8e8b6d55b09599f6237d199fbe02210985326b624b3423b518c3e76","building code","Concept"
"bb68ae27cc6b7674fff6d24c6b1e99fd3d01687c7aa4a72ef57377fee3aa81f1","digitalization","Concept"
"1af84c0de91d6fe4b71da6997369ca0fbc77ea5d17d20b23aa2bd63068963a28","design principle","Concept"
"ea754cb352f975005729f84164201bbd332fc65c4092ea883cba0f37dbd50413","housing costs","Concept"
"4f77c0ded16bc6db43bedf0f11e59c2dcd5cedfc3d8b29b85c5a1fe618a01934","threat","Concept"
"fc86a6955c28509939a7c4ae176a8f8ef4d9bb9d76343242c97928ffd4b3a05d","suburban","Concept"
"33c9ef227d46f026f5331b77c22f2cc992f5253ec3a2cb9c634d90b072dc7aa6","road design","Concept"
"44e30b031db3a5408a5466a69d3f2f60547c7c50be8188f0771df06dd0dd1592","conservationist","Concept"
"6b9ad8a28baba1f7e88a6c055a8932b51fff7fa618fc7643a49b051a1dbf7f01","affordable housing","Concept"
"42835340a225c2cdb6f9737fc241e0cb70a5f91bb0d627803b2455b370ac25b5","spacing","Concept"
"0097e47c24baf78b6b246864d146e1ac0c874e9aee9535256183b47fd1e9ee53","confidentiality","Concept"
"b73f849338c41daaf7b7292da4b10f93a419955a4cddd1d4857cf5ccffc24e9b","supersedes","Concept"
"340423952fa736b3ff7ed6cedbc4d03a4d64df07e4bcc13b675170410d47b3aa","introduction","Concept"
"e29eabc967d530a697fc096cc35ee90b9ef2d510add939365ea22656b97afdd5","technical description","Concept"
"c8360d1b8380c5e4be4f65fd22cea2ca753d990825091673a1821aa56a35d785","closure","Concept"
"ca6f552b7acfed35cf7da22df4b493783a54b498794b9e45fe76532ac956590c","management","Concept"
"d854c8edd0199ee9c586f66f5bb101a33de90f35898d93e9dba56abdf62a50c2","greenpractices","Concept"
"8f188239ef5ccc8c9a75e29ccc10a19718c507c244fa54c7df06c60751089b3c","relic","Concept"
"974fda3e52fb378ce55b8c79f6f9245e526972ebc57dd4a3316764172ffc123e","threat analysis","Concept"
"9ae7b90ec676968559d6a267a9b9b94c9cd2378718e9e39cd22e65f5e52a8d99","street appeal","Concept"
"3c3a565ee74770aee9605f34bd8e8ce7f3bdce6e2e611da75f4417d68a2bacdc","access","Concept"
"ab8575e45fd412ce3ff5fea0debfc05dc4561203e002506c0b605f2cfdaad2c0","design","Concept"
"dc647cd6050984b0e05a38098bc0f3ecda473519577e126b70d4f947ed69f09e","""prohibition""","Concept"
"1d8ed6d5181215233446f7acc1c33f22d83c949f305fca970c3164479cfae4e8","regulation planning","Concept"
"1805a182645cd64ea9a23a57785cbcebd8ea19044cb4bafd83dbdf1f75f58052","approval","Concept"
"16531f3e27d4034ddaa67cfa40659997c0d56cc4281d921f936b61132a080755","diversity","Concept"
"3f3934606d2eab386c299219af535628af458d283eb040ff35f5aeabab4e63e2","challenges","Concept"
"df13d145e488af4e9d9ef97992bc2097e45e7a7abdd8007c2c95461741a5b509","application","Concept"
"995aeff431a67ae90af649101122fa793eff8aa84937d41e87808cf61a115e0e","deviation","Concept"
"98d0cc0cae373aa6c80bac99a5d145e46a1a566e835355e52af35e627e3ce96e","congestion problem","Concept"
"8aabc0a1877cc2da84079cdd466e2d43ac8abaf98e751f1f8a53dc0ca1ca43eb","residential laws","Concept"
"7411cc8636c0abd3c73c2563350c9f2b60793d8031b2db3397b23965a3e2dda7","stormwater control","Concept"
"1d74802a5b5a129373272ba5d551768599752292d7d7f364bc68e81c7890b235","design guidelines","Concept"
"7bccf98090f98b05ec982b21bae36ddc38acb6203b301357017e392890c95489","pollution control","Concept"
"9b01ca34567bf8432618a088e5291ad7c698a702e0a7ceca36ba33d970f634e4","conservationism","Concept"
"5dd42683e0c295fe25e89a2f4de6d213063dcfc0106071ae1d2ab3b25e2c059c","""regulations""","Concept"
"c46e74392bf9165d4e66e1eac469ba8ddf1982010dda20079802306c7b0568dd","logistics","Concept"
"94c8914cdf2081cb43717b90449e10025f65d1884e3c1476595347a7e543cfb2","unzoned","Concept"
"9c10157e20d2a3d669394d37347714ce87c50b72f523cd80a0c3576592c9ec98","inclusivity","Concept"
"b7986ef01705b71008b22ff52c5960abce3069f3c4cd789ac9a303733b866070","indigenous rights","Concept"
"f2e1c840d41fa7064ff85b1036843d5abe64c184d52b0453dddee8b64bf2536f","social interaction","Concept"
"7b8239bf55cb710c73f6cc93b67a8e0eda4a1fb565d5e8fa2829f965046761ca","industrialized","Concept"
"e1b8ec66bc4e37e0c1e8a4737016e8fee00b83db0b9db19fec74802de72fe79b","coastal zone","Concept"
"2586b46ca748834c1596fd2e172c81c8d6ff527bf317decbc892fd303c2c5d20","zoning laws","Concept"
"284350012c6a839fe85474703ecf59cb9f83f802afcf6c446e2446d710e1b746","legacy","Concept"
"bedae7a3522863f222a457323ec81b78e228c42948ab9209429c3c687c960ce3","appreciation","Concept"
"db4b760862faebe0957f46f410027495726894a95e60c2cc80ca337637cd7fd5","limits","Concept"
"d35d4cb37c169b8145c6896d62577bed2faefb12f44bbb26aa9c5550a1de1f72","rules","Concept"
"073a9f8e7a1a1a6a9f8b81642896c97f4fe085a5de3c8561f6acb66beb8683b7","""perspective""
]","Concept"
