council,chapter,page,coverage,class
city_of_sydney,schedules,1,,figure/sparse
city_of_sydney,schedules,2,0.98,covered
city_of_sydney,schedules,3,0.98,covered
city_of_sydney,schedules,4,0.98,covered
city_of_sydney,schedules,5,0.98,covered
city_of_sydney,schedules,6,0.94,covered
city_of_sydney,schedules,7,0.96,covered
city_of_sydney,schedules,8,0.97,covered
city_of_sydney,schedules,9,0.97,covered
city_of_sydney,schedules,10,0.98,covered
city_of_sydney,schedules,11,0.98,covered
city_of_sydney,schedules,12,0.92,covered
city_of_sydney,schedules,13,0.98,covered
city_of_sydney,schedules,14,0.96,covered
city_of_sydney,schedules,15,0.96,covered
city_of_sydney,schedules,16,0.96,covered
city_of_sydney,schedules,17,0.96,covered
city_of_sydney,schedules,18,0.95,covered
city_of_sydney,schedules,19,0.92,covered
city_of_sydney,schedules,20,0.95,covered
city_of_sydney,schedules,21,0.90,covered
city_of_sydney,schedules,22,0.90,covered
city_of_sydney,schedules,23,0.85,covered
city_of_sydney,schedules,24,0.83,covered
city_of_sydney,schedules,25,0.86,covered
city_of_sydney,schedules,26,0.84,covered
city_of_sydney,schedules,27,0.85,covered
city_of_sydney,schedules,28,0.87,covered
city_of_sydney,schedules,29,0.91,covered
city_of_sydney,schedules,30,0.81,covered
city_of_sydney,schedules,31,0.97,covered
city_of_sydney,schedules,32,0.95,covered
city_of_sydney,schedules,33,0.81,covered
city_of_sydney,schedules,34,0.82,covered
city_of_sydney,schedules,35,,figure/sparse
city_of_sydney,schedules,36,0.00,GAP
city_of_sydney,schedules,37,0.03,GAP
city_of_sydney,schedules,38,0.94,covered
city_of_sydney,schedules,39,0.95,covered
city_of_sydney,schedules,40,0.96,covered
city_of_sydney,schedules,41,0.95,covered
city_of_sydney,schedules,42,0.95,covered
city_of_sydney,schedules,43,0.95,covered
city_of_sydney,schedules,44,0.95,covered
city_of_sydney,schedules,45,0.93,covered
city_of_sydney,schedules,46,0.95,covered
city_of_sydney,schedules,47,0.81,covered
city_of_sydney,schedules,48,0.97,covered
city_of_sydney,schedules,49,0.96,covered
city_of_sydney,schedules,50,0.88,covered
city_of_sydney,schedules,51,0.95,covered
city_of_sydney,schedules,52,0.95,covered
city_of_sydney,schedules,53,0.91,covered
city_of_sydney,schedules,54,0.92,covered
city_of_sydney,schedules,55,0.95,covered
city_of_sydney,schedules,56,0.96,covered
city_of_sydney,schedules,57,0.96,covered
city_of_sydney,schedules,58,0.95,covered
city_of_sydney,schedules,59,0.94,covered
city_of_sydney,schedules,60,0.97,covered
city_of_sydney,schedules,61,0.96,covered
city_of_sydney,schedules,62,0.95,covered
city_of_sydney,schedules,63,0.97,covered
city_of_sydney,schedules,64,0.96,covered
city_of_sydney,schedules,65,0.96,covered
city_of_sydney,schedules,66,0.81,covered
city_of_sydney,schedules,67,0.95,covered
city_of_sydney,schedules,68,0.98,covered
city_of_sydney,schedules,69,0.86,covered
city_of_sydney,schedules,70,0.70,covered
city_of_sydney,schedules,71,0.91,covered
city_of_sydney,schedules,72,0.99,covered
city_of_sydney,schedules,73,0.99,covered
city_of_sydney,schedules,74,0.48,GAP
city_of_sydney,schedules,75,0.99,covered
city_of_sydney,schedules,76,0.99,covered
city_of_sydney,schedules,77,0.14,GAP
city_of_sydney,schedules,78,0.04,GAP
city_of_sydney,schedules,79,0.03,GAP
city_of_sydney,section-1-introduction,1,,figure/sparse
city_of_sydney,section-1-introduction,2,0.89,covered
city_of_sydney,section-1-introduction,3,0.94,covered
city_of_sydney,section-1-introduction,4,0.94,covered
city_of_sydney,section-1-introduction,5,0.06,GAP
city_of_sydney,section-1-introduction,6,0.94,covered
city_of_sydney,section-1-introduction,7,0.89,covered
city_of_sydney,section-1-introduction,8,0.85,covered
city_of_sydney,section-1-introduction,9,0.89,covered
city_of_sydney,section-1-introduction,10,0.85,covered
city_of_sydney,section-1-introduction,11,0.00,GAP
city_of_sydney,section-1-introduction,12,0.06,GAP
city_of_sydney,section-1-introduction,13,0.96,covered
city_of_sydney,section-1-introduction,14,0.97,covered
city_of_sydney,section-1-introduction,15,0.97,covered
city_of_sydney,section-1-introduction,16,0.88,covered
city_of_sydney,section-2-locality-statements,1,,figure/sparse
city_of_sydney,section-2-locality-statements,2,0.95,covered
city_of_sydney,section-2-locality-statements,3,0.98,covered
city_of_sydney,section-2-locality-statements,4,0.98,covered
city_of_sydney,section-2-locality-statements,5,0.94,covered
city_of_sydney,section-2-locality-statements,6,0.95,covered
city_of_sydney,section-2-locality-statements,7,0.17,GAP
city_of_sydney,section-2-locality-statements,8,0.96,covered
city_of_sydney,section-2-locality-statements,9,0.85,covered
city_of_sydney,section-2-locality-statements,10,0.96,covered
city_of_sydney,section-2-locality-statements,11,0.67,covered
city_of_sydney,section-2-locality-statements,12,0.96,covered
city_of_sydney,section-2-locality-statements,13,0.67,covered
city_of_sydney,section-2-locality-statements,14,0.96,covered
city_of_sydney,section-2-locality-statements,15,0.82,covered
city_of_sydney,section-2-locality-statements,16,0.97,covered
city_of_sydney,section-2-locality-statements,17,0.82,covered
city_of_sydney,section-2-locality-statements,18,0.96,covered
city_of_sydney,section-2-locality-statements,19,0.76,covered
city_of_sydney,section-2-locality-statements,20,0.97,covered
city_of_sydney,section-2-locality-statements,21,0.82,covered
city_of_sydney,section-2-locality-statements,22,0.89,covered
city_of_sydney,section-2-locality-statements,23,0.86,covered
city_of_sydney,section-2-locality-statements,24,0.74,covered
city_of_sydney,section-2-locality-statements,25,0.91,covered
city_of_sydney,section-2-locality-statements,26,0.83,covered
city_of_sydney,section-2-locality-statements,27,0.96,covered
city_of_sydney,section-2-locality-statements,28,0.73,covered
city_of_sydney,section-2-locality-statements,29,0.97,covered
city_of_sydney,section-2-locality-statements,30,0.91,covered
city_of_sydney,section-2-locality-statements,31,0.93,covered
city_of_sydney,section-2-locality-statements,32,0.86,covered
city_of_sydney,section-2-locality-statements,33,0.82,covered
city_of_sydney,section-2-locality-statements,34,0.98,covered
city_of_sydney,section-2-locality-statements,35,0.92,covered
city_of_sydney,section-2-locality-statements,36,0.64,covered
city_of_sydney,section-2-locality-statements,37,0.95,covered
city_of_sydney,section-2-locality-statements,38,0.68,covered
city_of_sydney,section-2-locality-statements,39,0.79,covered
city_of_sydney,section-2-locality-statements,40,0.75,covered
city_of_sydney,section-2-locality-statements,41,0.84,covered
city_of_sydney,section-2-locality-statements,42,0.67,covered
city_of_sydney,section-2-locality-statements,43,0.67,covered
city_of_sydney,section-2-locality-statements,44,0.80,covered
city_of_sydney,section-2-locality-statements,45,0.67,covered
city_of_sydney,section-2-locality-statements,46,0.90,covered
city_of_sydney,section-2-locality-statements,47,0.72,covered
city_of_sydney,section-2-locality-statements,48,0.88,covered
city_of_sydney,section-2-locality-statements,49,0.67,covered
city_of_sydney,section-2-locality-statements,50,0.88,covered
city_of_sydney,section-2-locality-statements,51,0.76,covered
city_of_sydney,section-2-locality-statements,52,0.83,covered
city_of_sydney,section-2-locality-statements,53,0.83,covered
city_of_sydney,section-2-locality-statements,54,0.68,covered
city_of_sydney,section-2-locality-statements,55,0.90,covered
city_of_sydney,section-2-locality-statements,56,0.72,covered
city_of_sydney,section-2-locality-statements,57,0.96,covered
city_of_sydney,section-2-locality-statements,58,0.79,covered
city_of_sydney,section-2-locality-statements,59,0.83,covered
city_of_sydney,section-2-locality-statements,60,0.71,covered
city_of_sydney,section-2-locality-statements,61,0.91,covered
city_of_sydney,section-2-locality-statements,62,0.66,covered
city_of_sydney,section-2-locality-statements,63,0.73,covered
city_of_sydney,section-2-locality-statements,64,0.72,covered
city_of_sydney,section-2-locality-statements,65,0.73,covered
city_of_sydney,section-2-locality-statements,66,0.79,covered
city_of_sydney,section-2-locality-statements,67,0.70,covered
city_of_sydney,section-2-locality-statements,68,0.76,covered
city_of_sydney,section-2-locality-statements,69,0.74,covered
city_of_sydney,section-2-locality-statements,70,0.91,covered
city_of_sydney,section-2-locality-statements,71,0.77,covered
city_of_sydney,section-2-locality-statements,72,0.95,covered
city_of_sydney,section-2-locality-statements,73,0.10,GAP
city_of_sydney,section-2-locality-statements,74,0.81,covered
city_of_sydney,section-2-locality-statements,75,0.94,covered
city_of_sydney,section-2-locality-statements,76,0.57,covered
city_of_sydney,section-2-locality-statements,77,0.84,covered
city_of_sydney,section-2-locality-statements,78,0.85,covered
city_of_sydney,section-2-locality-statements,79,0.81,covered
city_of_sydney,section-2-locality-statements,80,0.80,covered
city_of_sydney,section-2-locality-statements,81,0.90,covered
city_of_sydney,section-2-locality-statements,82,0.79,covered
city_of_sydney,section-2-locality-statements,83,0.78,covered
city_of_sydney,section-2-locality-statements,84,0.73,covered
city_of_sydney,section-2-locality-statements,85,0.58,covered
city_of_sydney,section-2-locality-statements,86,0.80,covered
city_of_sydney,section-2-locality-statements,87,0.78,covered
city_of_sydney,section-2-locality-statements,88,0.77,covered
city_of_sydney,section-2-locality-statements,89,0.78,covered
city_of_sydney,section-2-locality-statements,90,0.70,covered
city_of_sydney,section-2-locality-statements,91,0.59,covered
city_of_sydney,section-2-locality-statements,92,0.76,covered
city_of_sydney,section-2-locality-statements,93,0.66,covered
city_of_sydney,section-2-locality-statements,94,0.53,covered
city_of_sydney,section-2-locality-statements,95,0.74,covered
city_of_sydney,section-2-locality-statements,96,0.69,covered
city_of_sydney,section-2-locality-statements,97,0.76,covered
city_of_sydney,section-2-locality-statements,98,0.80,covered
city_of_sydney,section-2-locality-statements,99,0.95,covered
city_of_sydney,section-2-locality-statements,100,0.84,covered
city_of_sydney,section-2-locality-statements,101,0.74,covered
city_of_sydney,section-2-locality-statements,102,0.89,covered
city_of_sydney,section-2-locality-statements,103,0.76,covered
city_of_sydney,section-2-locality-statements,104,0.94,covered
city_of_sydney,section-2-locality-statements,105,0.80,covered
city_of_sydney,section-2-locality-statements,106,0.80,covered
city_of_sydney,section-2-locality-statements,107,0.70,covered
city_of_sydney,section-2-locality-statements,108,0.81,covered
city_of_sydney,section-2-locality-statements,109,0.78,covered
city_of_sydney,section-2-locality-statements,110,0.82,covered
city_of_sydney,section-2-locality-statements,111,0.92,covered
city_of_sydney,section-2-locality-statements,112,0.75,covered
city_of_sydney,section-2-locality-statements,113,0.87,covered
city_of_sydney,section-2-locality-statements,114,0.70,covered
city_of_sydney,section-2-locality-statements,115,0.81,covered
city_of_sydney,section-2-locality-statements,116,0.80,covered
city_of_sydney,section-2-locality-statements,117,0.97,covered
city_of_sydney,section-2-locality-statements,118,0.72,covered
city_of_sydney,section-2-locality-statements,119,0.94,covered
city_of_sydney,section-2-locality-statements,120,0.72,covered
city_of_sydney,section-2-locality-statements,121,0.87,covered
city_of_sydney,section-2-locality-statements,122,0.82,covered
city_of_sydney,section-2-locality-statements,123,0.75,covered
city_of_sydney,section-2-locality-statements,124,0.88,covered
city_of_sydney,section-2-locality-statements,125,0.81,covered
city_of_sydney,section-2-locality-statements,126,0.79,covered
city_of_sydney,section-2-locality-statements,127,0.89,covered
city_of_sydney,section-2-locality-statements,128,0.62,covered
city_of_sydney,section-2-locality-statements,129,0.97,covered
city_of_sydney,section-2-locality-statements,130,0.69,covered
city_of_sydney,section-2-locality-statements,131,0.95,covered
city_of_sydney,section-2-locality-statements,132,0.77,covered
city_of_sydney,section-2-locality-statements,133,0.89,covered
city_of_sydney,section-2-locality-statements,134,0.60,covered
city_of_sydney,section-2-locality-statements,135,0.85,covered
city_of_sydney,section-2-locality-statements,136,0.62,covered
city_of_sydney,section-2-locality-statements,137,0.65,covered
city_of_sydney,section-2-locality-statements,138,0.91,covered
city_of_sydney,section-2-locality-statements,139,0.65,covered
city_of_sydney,section-2-locality-statements,140,0.57,covered
city_of_sydney,section-2-locality-statements,141,0.68,covered
city_of_sydney,section-2-locality-statements,142,0.80,covered
city_of_sydney,section-2-locality-statements,143,0.62,covered
city_of_sydney,section-2-locality-statements,144,0.87,covered
city_of_sydney,section-2-locality-statements,145,0.63,covered
city_of_sydney,section-2-locality-statements,146,0.83,covered
city_of_sydney,section-2-locality-statements,147,0.72,covered
city_of_sydney,section-2-locality-statements,148,0.67,covered
city_of_sydney,section-2-locality-statements,149,0.70,covered
city_of_sydney,section-2-locality-statements,150,0.76,covered
city_of_sydney,section-2-locality-statements,151,0.63,covered
city_of_sydney,section-2-locality-statements,152,0.88,covered
city_of_sydney,section-2-locality-statements,153,0.77,covered
city_of_sydney,section-2-locality-statements,154,0.74,covered
city_of_sydney,section-2-locality-statements,155,0.75,covered
city_of_sydney,section-2-locality-statements,156,0.82,covered
city_of_sydney,section-2-locality-statements,157,0.70,covered
city_of_sydney,section-2-locality-statements,158,0.84,covered
city_of_sydney,section-2-locality-statements,159,0.79,covered
city_of_sydney,section-2-locality-statements,160,0.76,covered
city_of_sydney,section-2-locality-statements,161,0.92,covered
city_of_sydney,section-2-locality-statements,162,0.78,covered
city_of_sydney,section-2-locality-statements,163,0.74,covered
city_of_sydney,section-2-locality-statements,164,0.80,covered
city_of_sydney,section-2-locality-statements,165,0.76,covered
city_of_sydney,section-2-locality-statements,166,0.69,covered
city_of_sydney,section-2-locality-statements,167,0.97,covered
city_of_sydney,section-2-locality-statements,168,0.80,covered
city_of_sydney,section-2-locality-statements,169,0.74,covered
city_of_sydney,section-2-locality-statements,170,0.98,covered
city_of_sydney,section-2-locality-statements,171,0.97,covered
city_of_sydney,section-3-general-provisions,1,,figure/sparse
city_of_sydney,section-3-general-provisions,2,0.98,covered
city_of_sydney,section-3-general-provisions,3,0.99,covered
city_of_sydney,section-3-general-provisions,4,0.99,covered
city_of_sydney,section-3-general-provisions,5,0.97,covered
city_of_sydney,section-3-general-provisions,6,0.88,covered
city_of_sydney,section-3-general-provisions,7,0.96,covered
city_of_sydney,section-3-general-provisions,8,0.93,covered
city_of_sydney,section-3-general-provisions,9,0.94,covered
city_of_sydney,section-3-general-provisions,10,0.96,covered
city_of_sydney,section-3-general-provisions,11,0.95,covered
city_of_sydney,section-3-general-provisions,12,0.97,covered
city_of_sydney,section-3-general-provisions,13,0.96,covered
city_of_sydney,section-3-general-provisions,14,0.93,covered
city_of_sydney,section-3-general-provisions,15,0.96,covered
city_of_sydney,section-3-general-provisions,16,0.97,covered
city_of_sydney,section-3-general-provisions,17,0.96,covered
city_of_sydney,section-3-general-provisions,18,0.97,covered
city_of_sydney,section-3-general-provisions,19,0.96,covered
city_of_sydney,section-3-general-provisions,20,0.38,GAP
city_of_sydney,section-3-general-provisions,21,0.92,covered
city_of_sydney,section-3-general-provisions,22,0.19,GAP
city_of_sydney,section-3-general-provisions,23,0.97,covered
city_of_sydney,section-3-general-provisions,24,0.88,covered
city_of_sydney,section-3-general-provisions,25,0.95,covered
city_of_sydney,section-3-general-provisions,26,0.96,covered
city_of_sydney,section-3-general-provisions,27,0.96,covered
city_of_sydney,section-3-general-provisions,28,0.96,covered
city_of_sydney,section-3-general-provisions,29,0.96,covered
city_of_sydney,section-3-general-provisions,30,0.97,covered
city_of_sydney,section-3-general-provisions,31,0.96,covered
city_of_sydney,section-3-general-provisions,32,0.90,covered
city_of_sydney,section-3-general-provisions,33,0.97,covered
city_of_sydney,section-3-general-provisions,34,0.96,covered
city_of_sydney,section-3-general-provisions,35,0.97,covered
city_of_sydney,section-3-general-provisions,36,0.83,covered
city_of_sydney,section-3-general-provisions,37,0.90,covered
city_of_sydney,section-3-general-provisions,38,0.86,covered
city_of_sydney,section-3-general-provisions,39,0.93,covered
city_of_sydney,section-3-general-provisions,40,0.18,GAP
city_of_sydney,section-3-general-provisions,41,0.96,covered
city_of_sydney,section-3-general-provisions,42,0.97,covered
city_of_sydney,section-3-general-provisions,43,0.96,covered
city_of_sydney,section-3-general-provisions,44,0.84,covered
city_of_sydney,section-3-general-provisions,45,0.94,covered
city_of_sydney,section-3-general-provisions,46,0.96,covered
city_of_sydney,section-3-general-provisions,47,0.55,covered
city_of_sydney,section-3-general-provisions,48,0.97,covered
city_of_sydney,section-3-general-provisions,49,0.97,covered
city_of_sydney,section-3-general-provisions,50,0.81,covered
city_of_sydney,section-3-general-provisions,51,0.96,covered
city_of_sydney,section-3-general-provisions,52,0.97,covered
city_of_sydney,section-3-general-provisions,53,0.96,covered
city_of_sydney,section-3-general-provisions,54,0.95,covered
city_of_sydney,section-3-general-provisions,55,0.96,covered
city_of_sydney,section-3-general-provisions,56,0.86,covered
city_of_sydney,section-3-general-provisions,57,0.97,covered
city_of_sydney,section-3-general-provisions,58,0.97,covered
city_of_sydney,section-3-general-provisions,59,0.96,covered
city_of_sydney,section-3-general-provisions,60,0.96,covered
city_of_sydney,section-3-general-provisions,61,0.95,covered
city_of_sydney,section-3-general-provisions,62,0.96,covered
city_of_sydney,section-3-general-provisions,63,0.97,covered
city_of_sydney,section-3-general-provisions,64,0.97,covered
city_of_sydney,section-3-general-provisions,65,0.97,covered
city_of_sydney,section-3-general-provisions,66,0.95,covered
city_of_sydney,section-3-general-provisions,67,0.89,covered
city_of_sydney,section-3-general-provisions,68,0.86,covered
city_of_sydney,section-3-general-provisions,69,0.97,covered
city_of_sydney,section-3-general-provisions,70,0.96,covered
city_of_sydney,section-3-general-provisions,71,0.95,covered
city_of_sydney,section-3-general-provisions,72,0.94,covered
city_of_sydney,section-3-general-provisions,73,0.96,covered
city_of_sydney,section-3-general-provisions,74,0.88,covered
city_of_sydney,section-3-general-provisions,75,0.67,covered
city_of_sydney,section-3-general-provisions,76,0.96,covered
city_of_sydney,section-3-general-provisions,77,0.96,covered
city_of_sydney,section-3-general-provisions,78,0.84,covered
city_of_sydney,section-3-general-provisions,79,0.76,covered
city_of_sydney,section-3-general-provisions,80,0.87,covered
city_of_sydney,section-3-general-provisions,81,0.96,covered
city_of_sydney,section-3-general-provisions,82,0.96,covered
city_of_sydney,section-3-general-provisions,83,0.96,covered
city_of_sydney,section-3-general-provisions,84,0.88,covered
city_of_sydney,section-3-general-provisions,85,0.96,covered
city_of_sydney,section-3-general-provisions,86,0.97,covered
city_of_sydney,section-3-general-provisions,87,0.88,covered
city_of_sydney,section-3-general-provisions,88,0.96,covered
city_of_sydney,section-3-general-provisions,89,0.92,covered
city_of_sydney,section-3-general-provisions,90,0.96,covered
city_of_sydney,section-3-general-provisions,91,0.96,covered
city_of_sydney,section-3-general-provisions,92,0.96,covered
city_of_sydney,section-3-general-provisions,93,0.92,covered
city_of_sydney,section-3-general-provisions,94,0.96,covered
city_of_sydney,section-3-general-provisions,95,0.95,covered
city_of_sydney,section-3-general-provisions,96,0.98,covered
city_of_sydney,section-3-general-provisions,97,0.98,covered
city_of_sydney,section-3-general-provisions,98,0.96,covered
city_of_sydney,section-3-general-provisions,99,0.96,covered
city_of_sydney,section-3-general-provisions,100,0.96,covered
city_of_sydney,section-3-general-provisions,101,0.93,covered
city_of_sydney,section-3-general-provisions,102,0.97,covered
city_of_sydney,section-3-general-provisions,103,0.97,covered
city_of_sydney,section-3-general-provisions,104,0.97,covered
city_of_sydney,section-3-general-provisions,105,0.96,covered
city_of_sydney,section-3-general-provisions,106,0.97,covered
city_of_sydney,section-3-general-provisions,107,0.97,covered
city_of_sydney,section-3-general-provisions,108,0.97,covered
city_of_sydney,section-3-general-provisions,109,0.97,covered
city_of_sydney,section-3-general-provisions,110,0.94,covered
city_of_sydney,section-3-general-provisions,111,0.96,covered
city_of_sydney,section-3-general-provisions,112,0.97,covered
city_of_sydney,section-3-general-provisions,113,0.96,covered
city_of_sydney,section-3-general-provisions,114,0.96,covered
city_of_sydney,section-3-general-provisions,115,0.97,covered
city_of_sydney,section-3-general-provisions,116,0.95,covered
city_of_sydney,section-3-general-provisions,117,0.88,covered
city_of_sydney,section-3-general-provisions,118,0.96,covered
city_of_sydney,section-3-general-provisions,119,0.90,covered
city_of_sydney,section-3-general-provisions,120,0.95,covered
city_of_sydney,section-3-general-provisions,121,0.97,covered
city_of_sydney,section-3-general-provisions,122,0.97,covered
city_of_sydney,section-3-general-provisions,123,0.39,GAP
city_of_sydney,section-3-general-provisions,124,0.93,covered
city_of_sydney,section-3-general-provisions,125,0.98,covered
city_of_sydney,section-3-general-provisions,126,0.97,covered
city_of_sydney,section-3-general-provisions,127,0.97,covered
city_of_sydney,section-3-general-provisions,128,0.97,covered
city_of_sydney,section-3-general-provisions,129,0.97,covered
city_of_sydney,section-3-general-provisions,130,0.97,covered
city_of_sydney,section-3-general-provisions,131,0.97,covered
city_of_sydney,section-3-general-provisions,132,0.97,covered
city_of_sydney,section-3-general-provisions,133,0.97,covered
city_of_sydney,section-3-general-provisions,134,0.97,covered
city_of_sydney,section-3-general-provisions,135,0.97,covered
city_of_sydney,section-3-general-provisions,136,0.95,covered
city_of_sydney,section-3-general-provisions,137,0.80,covered
city_of_sydney,section-3-general-provisions,138,0.96,covered
city_of_sydney,section-3-general-provisions,139,0.84,covered
city_of_sydney,section-3-general-provisions,140,0.95,covered
city_of_sydney,section-3-general-provisions,141,0.88,covered
city_of_sydney,section-4-development-types,1,,figure/sparse
city_of_sydney,section-4-development-types,2,0.98,covered
city_of_sydney,section-4-development-types,3,0.81,covered
city_of_sydney,section-4-development-types,4,0.93,covered
city_of_sydney,section-4-development-types,5,0.75,covered
city_of_sydney,section-4-development-types,6,0.95,covered
city_of_sydney,section-4-development-types,7,0.95,covered
city_of_sydney,section-4-development-types,8,0.87,covered
city_of_sydney,section-4-development-types,9,0.96,covered
city_of_sydney,section-4-development-types,10,0.96,covered
city_of_sydney,section-4-development-types,11,0.92,covered
city_of_sydney,section-4-development-types,12,0.96,covered
city_of_sydney,section-4-development-types,13,0.94,covered
city_of_sydney,section-4-development-types,14,0.98,covered
city_of_sydney,section-4-development-types,15,0.97,covered
city_of_sydney,section-4-development-types,16,0.12,GAP
city_of_sydney,section-4-development-types,17,0.23,GAP
city_of_sydney,section-4-development-types,18,0.97,covered
city_of_sydney,section-4-development-types,19,0.77,covered
city_of_sydney,section-4-development-types,20,0.94,covered
city_of_sydney,section-4-development-types,21,0.96,covered
city_of_sydney,section-4-development-types,22,0.84,covered
city_of_sydney,section-4-development-types,23,0.94,covered
city_of_sydney,section-4-development-types,24,0.94,covered
city_of_sydney,section-4-development-types,25,0.95,covered
city_of_sydney,section-4-development-types,26,0.87,covered
city_of_sydney,section-4-development-types,27,0.96,covered
city_of_sydney,section-4-development-types,28,0.96,covered
city_of_sydney,section-4-development-types,29,0.96,covered
city_of_sydney,section-4-development-types,30,0.96,covered
city_of_sydney,section-4-development-types,31,0.95,covered
city_of_sydney,section-4-development-types,32,0.96,covered
city_of_sydney,section-4-development-types,33,0.96,covered
city_of_sydney,section-4-development-types,34,0.97,covered
city_of_sydney,section-4-development-types,35,0.95,covered
city_of_sydney,section-4-development-types,36,0.94,covered
city_of_sydney,section-4-development-types,37,0.95,covered
city_of_sydney,section-4-development-types,38,0.87,covered
city_of_sydney,section-4-development-types,39,0.79,covered
city_of_sydney,section-4-development-types,40,0.96,covered
city_of_sydney,section-4-development-types,41,0.96,covered
city_of_sydney,section-4-development-types,42,0.94,covered
city_of_sydney,section-4-development-types,43,0.97,covered
city_of_sydney,section-4-development-types,44,0.96,covered
city_of_sydney,section-4-development-types,45,0.96,covered
city_of_sydney,section-4-development-types,46,0.80,covered
city_of_sydney,section-4-development-types,47,0.71,covered
city_of_sydney,section-4-development-types,48,0.95,covered
city_of_sydney,section-4-development-types,49,0.96,covered
city_of_sydney,section-4-development-types,50,0.96,covered
city_of_sydney,section-4-development-types,51,0.97,covered
city_of_sydney,section-4-development-types,52,0.96,covered
city_of_sydney,section-4-development-types,53,0.94,covered
city_of_sydney,section-4-development-types,54,0.94,covered
city_of_sydney,section-4-development-types,55,0.96,covered
city_of_sydney,section-4-development-types,56,0.96,covered
city_of_sydney,section-4-development-types,57,0.96,covered
city_of_sydney,section-4-development-types,58,0.95,covered
city_of_sydney,section-4-development-types,59,0.96,covered
city_of_sydney,section-4-development-types,60,0.97,covered
city_of_sydney,section-4-development-types,61,0.97,covered
city_of_sydney,section-4-development-types,62,0.97,covered
city_of_sydney,section-4-development-types,63,0.96,covered
city_of_sydney,section-4-development-types,64,0.96,covered
city_of_sydney,section-4-development-types,65,0.96,covered
city_of_sydney,section-4-development-types,66,0.95,covered
city_of_sydney,section-4-development-types,67,0.97,covered
city_of_sydney,section-4-development-types,68,0.97,covered
city_of_sydney,section-4-development-types,69,0.97,covered
city_of_sydney,section-4-development-types,70,0.96,covered
city_of_sydney,section-4-development-types,71,0.96,covered
city_of_sydney,section-4-development-types,72,0.97,covered
city_of_sydney,section-4-development-types,73,0.96,covered
city_of_sydney,section-4-development-types,74,0.97,covered
city_of_sydney,section-4-development-types,75,0.97,covered
city_of_sydney,section-4-development-types,76,0.98,covered
city_of_sydney,section-4-development-types,77,0.97,covered
city_of_sydney,section-4-development-types,78,0.93,covered
city_of_sydney,section-5-specific-areas,1,,figure/sparse
city_of_sydney,section-5-specific-areas,2,0.97,covered
city_of_sydney,section-5-specific-areas,3,0.97,covered
city_of_sydney,section-5-specific-areas,4,0.09,GAP
city_of_sydney,section-5-specific-areas,5,0.12,GAP
city_of_sydney,section-5-specific-areas,6,0.12,GAP
city_of_sydney,section-5-specific-areas,7,0.96,covered
city_of_sydney,section-5-specific-areas,8,0.98,covered
city_of_sydney,section-5-specific-areas,9,0.86,covered
city_of_sydney,section-5-specific-areas,10,0.84,covered
city_of_sydney,section-5-specific-areas,11,0.80,covered
city_of_sydney,section-5-specific-areas,12,0.90,covered
city_of_sydney,section-5-specific-areas,13,0.95,covered
city_of_sydney,section-5-specific-areas,14,0.68,covered
city_of_sydney,section-5-specific-areas,15,0.02,GAP
city_of_sydney,section-5-specific-areas,16,0.02,GAP
city_of_sydney,section-5-specific-areas,17,0.00,GAP
city_of_sydney,section-5-specific-areas,18,0.00,GAP
city_of_sydney,section-5-specific-areas,19,0.02,GAP
city_of_sydney,section-5-specific-areas,20,0.00,GAP
city_of_sydney,section-5-specific-areas,21,0.00,GAP
city_of_sydney,section-5-specific-areas,22,0.01,GAP
city_of_sydney,section-5-specific-areas,23,0.02,GAP
city_of_sydney,section-5-specific-areas,24,0.00,GAP
city_of_sydney,section-5-specific-areas,25,0.02,GAP
city_of_sydney,section-5-specific-areas,26,0.00,GAP
city_of_sydney,section-5-specific-areas,27,0.02,GAP
city_of_sydney,section-5-specific-areas,28,0.97,covered
city_of_sydney,section-5-specific-areas,29,0.45,GAP
city_of_sydney,section-5-specific-areas,30,0.65,covered
city_of_sydney,section-5-specific-areas,31,0.89,covered
city_of_sydney,section-5-specific-areas,32,0.93,covered
city_of_sydney,section-5-specific-areas,33,0.88,covered
city_of_sydney,section-5-specific-areas,34,0.97,covered
city_of_sydney,section-5-specific-areas,35,0.19,GAP
city_of_sydney,section-5-specific-areas,36,0.68,covered
city_of_sydney,section-5-specific-areas,37,0.98,covered
city_of_sydney,section-5-specific-areas,38,0.97,covered
city_of_sydney,section-5-specific-areas,39,0.96,covered
city_of_sydney,section-5-specific-areas,40,0.60,covered
city_of_sydney,section-5-specific-areas,41,0.97,covered
city_of_sydney,section-5-specific-areas,42,0.97,covered
city_of_sydney,section-5-specific-areas,43,0.97,covered
city_of_sydney,section-5-specific-areas,44,0.97,covered
city_of_sydney,section-5-specific-areas,45,0.97,covered
city_of_sydney,section-5-specific-areas,46,0.97,covered
city_of_sydney,section-5-specific-areas,47,0.98,covered
city_of_sydney,section-5-specific-areas,48,0.96,covered
city_of_sydney,section-5-specific-areas,49,0.00,GAP
city_of_sydney,section-5-specific-areas,50,0.23,GAP
city_of_sydney,section-5-specific-areas,51,0.21,GAP
city_of_sydney,section-5-specific-areas,52,0.25,GAP
city_of_sydney,section-5-specific-areas,53,0.27,GAP
city_of_sydney,section-5-specific-areas,54,0.18,GAP
city_of_sydney,section-5-specific-areas,55,0.20,GAP
city_of_sydney,section-5-specific-areas,56,0.14,GAP
city_of_sydney,section-5-specific-areas,57,0.14,GAP
city_of_sydney,section-5-specific-areas,58,0.12,GAP
city_of_sydney,section-5-specific-areas,59,0.13,GAP
city_of_sydney,section-5-specific-areas,60,0.24,GAP
city_of_sydney,section-5-specific-areas,61,0.24,GAP
city_of_sydney,section-5-specific-areas,62,0.97,covered
city_of_sydney,section-5-specific-areas,63,,figure/sparse
city_of_sydney,section-5-specific-areas,64,,figure/sparse
city_of_sydney,section-5-specific-areas,65,,figure/sparse
city_of_sydney,section-5-specific-areas,66,,figure/sparse
city_of_sydney,section-5-specific-areas,67,,figure/sparse
city_of_sydney,section-5-specific-areas,68,,figure/sparse
city_of_sydney,section-5-specific-areas,69,,figure/sparse
city_of_sydney,section-5-specific-areas,70,,figure/sparse
city_of_sydney,section-5-specific-areas,71,0.98,covered
city_of_sydney,section-5-specific-areas,72,0.96,covered
city_of_sydney,section-5-specific-areas,73,,figure/sparse
city_of_sydney,section-5-specific-areas,74,0.55,covered
city_of_sydney,section-5-specific-areas,75,0.98,covered
city_of_sydney,section-5-specific-areas,76,0.93,covered
city_of_sydney,section-5-specific-areas,77,0.98,covered
city_of_sydney,section-5-specific-areas,78,0.97,covered
city_of_sydney,section-5-specific-areas,79,0.04,GAP
city_of_sydney,section-5-specific-areas,80,0.97,covered
city_of_sydney,section-5-specific-areas,81,0.06,GAP
city_of_sydney,section-5-specific-areas,82,0.03,GAP
city_of_sydney,section-5-specific-areas,83,0.04,GAP
city_of_sydney,section-5-specific-areas,84,0.56,covered
city_of_sydney,section-5-specific-areas,85,0.96,covered
city_of_sydney,section-5-specific-areas,86,0.95,covered
city_of_sydney,section-5-specific-areas,87,0.10,GAP
city_of_sydney,section-5-specific-areas,88,0.96,covered
city_of_sydney,section-5-specific-areas,89,0.20,GAP
city_of_sydney,section-5-specific-areas,90,0.97,covered
city_of_sydney,section-5-specific-areas,91,0.96,covered
city_of_sydney,section-5-specific-areas,92,0.97,covered
city_of_sydney,section-5-specific-areas,93,0.91,covered
city_of_sydney,section-5-specific-areas,94,0.97,covered
city_of_sydney,section-5-specific-areas,95,0.95,covered
city_of_sydney,section-5-specific-areas,96,0.88,covered
city_of_sydney,section-5-specific-areas,97,0.96,covered
city_of_sydney,section-5-specific-areas,98,0.03,GAP
city_of_sydney,section-5-specific-areas,99,0.77,covered
city_of_sydney,section-5-specific-areas,100,0.90,covered
city_of_sydney,section-5-specific-areas,101,0.24,GAP
city_of_sydney,section-5-specific-areas,102,0.79,covered
city_of_sydney,section-5-specific-areas,103,0.93,covered
city_of_sydney,section-5-specific-areas,104,0.07,GAP
city_of_sydney,section-5-specific-areas,105,0.07,GAP
city_of_sydney,section-5-specific-areas,106,0.24,GAP
city_of_sydney,section-5-specific-areas,107,0.13,GAP
city_of_sydney,section-5-specific-areas,108,0.21,GAP
city_of_sydney,section-5-specific-areas,109,0.12,GAP
city_of_sydney,section-5-specific-areas,110,0.11,GAP
city_of_sydney,section-5-specific-areas,111,0.20,GAP
city_of_sydney,section-5-specific-areas,112,0.13,GAP
city_of_sydney,section-5-specific-areas,113,0.85,covered
city_of_sydney,section-5-specific-areas,114,0.07,GAP
city_of_sydney,section-5-specific-areas,115,0.96,covered
city_of_sydney,section-5-specific-areas,116,0.11,GAP
city_of_sydney,section-5-specific-areas,117,0.06,GAP
city_of_sydney,section-5-specific-areas,118,0.08,GAP
city_of_sydney,section-5-specific-areas,119,0.16,GAP
city_of_sydney,section-5-specific-areas,120,0.96,covered
city_of_sydney,section-5-specific-areas,121,0.92,covered
city_of_sydney,section-5-specific-areas,122,0.96,covered
city_of_sydney,section-5-specific-areas,123,0.09,GAP
city_of_sydney,section-5-specific-areas,124,0.07,GAP
city_of_sydney,section-5-specific-areas,125,0.97,covered
city_of_sydney,section-5-specific-areas,126,0.97,covered
city_of_sydney,section-5-specific-areas,127,0.11,GAP
city_of_sydney,section-5-specific-areas,128,0.97,covered
city_of_sydney,section-5-specific-areas,129,0.09,GAP
city_of_sydney,section-5-specific-areas,130,0.02,GAP
city_of_sydney,section-5-specific-areas,131,0.98,covered
city_of_sydney,section-5-specific-areas,132,0.91,covered
city_of_sydney,section-5-specific-areas,133,0.98,covered
city_of_sydney,section-5-specific-areas,134,0.03,GAP
city_of_sydney,section-5-specific-areas,135,0.98,covered
city_of_sydney,section-5-specific-areas,136,0.96,covered
city_of_sydney,section-5-specific-areas,137,0.07,GAP
city_of_sydney,section-5-specific-areas,138,0.12,GAP
city_of_sydney,section-5-specific-areas,139,0.34,GAP
city_of_sydney,section-5-specific-areas,140,0.11,GAP
city_of_sydney,section-5-specific-areas,141,0.80,covered
city_of_sydney,section-5-specific-areas,142,0.70,covered
city_of_sydney,section-5-specific-areas,143,0.70,covered
city_of_sydney,section-5-specific-areas,144,0.60,covered
city_of_sydney,section-5-specific-areas,145,0.14,GAP
city_of_sydney,section-5-specific-areas,146,0.84,covered
city_of_sydney,section-5-specific-areas,147,0.55,covered
city_of_sydney,section-5-specific-areas,148,0.95,covered
city_of_sydney,section-5-specific-areas,149,0.96,covered
city_of_sydney,section-5-specific-areas,150,0.04,GAP
city_of_sydney,section-5-specific-areas,151,0.97,covered
city_of_sydney,section-5-specific-areas,152,0.03,GAP
city_of_sydney,section-5-specific-areas,153,0.24,GAP
city_of_sydney,section-5-specific-areas,154,0.67,covered
city_of_sydney,section-5-specific-areas,155,0.91,covered
city_of_sydney,section-5-specific-areas,156,0.98,covered
city_of_sydney,section-5-specific-areas,157,0.96,covered
city_of_sydney,section-5-specific-areas,158,0.80,covered
city_of_sydney,section-5-specific-areas,159,0.10,GAP
city_of_sydney,section-5-specific-areas,160,0.96,covered
city_of_sydney,section-5-specific-areas,161,0.39,GAP
city_of_sydney,section-5-specific-areas,162,0.95,covered
city_of_sydney,section-5-specific-areas,163,0.91,covered
city_of_sydney,section-5-specific-areas,164,0.83,covered
city_of_sydney,section-5-specific-areas,165,0.80,covered
city_of_sydney,section-5-specific-areas,166,0.97,covered
city_of_sydney,section-5-specific-areas,167,0.97,covered
city_of_sydney,section-5-specific-areas,168,0.71,covered
city_of_sydney,section-5-specific-areas,169,0.96,covered
city_of_sydney,section-5-specific-areas,170,0.00,GAP
city_of_sydney,section-5-specific-areas,171,0.94,covered
city_of_sydney,section-5-specific-areas,172,0.89,covered
city_of_sydney,section-5-specific-areas,173,0.97,covered
city_of_sydney,section-5-specific-areas,174,0.03,GAP
city_of_sydney,section-5-specific-areas,175,0.08,GAP
city_of_sydney,section-5-specific-areas,176,,figure/sparse
city_of_sydney,section-5-specific-areas,177,,figure/sparse
city_of_sydney,section-5-specific-areas,178,,figure/sparse
city_of_sydney,section-5-specific-areas,179,,figure/sparse
city_of_sydney,section-5-specific-areas,180,0.95,covered
city_of_sydney,section-5-specific-areas,181,0.03,GAP
city_of_sydney,section-5-specific-areas,182,0.97,covered
city_of_sydney,section-5-specific-areas,183,0.84,covered
city_of_sydney,section-5-specific-areas,184,0.03,GAP
city_of_sydney,section-5-specific-areas,185,0.96,covered
city_of_sydney,section-5-specific-areas,186,0.94,covered
city_of_sydney,section-5-specific-areas,187,0.18,GAP
city_of_sydney,section-5-specific-areas,188,0.95,covered
city_of_sydney,section-5-specific-areas,189,0.00,GAP
city_of_sydney,section-5-specific-areas,190,0.87,covered
city_of_sydney,section-5-specific-areas,191,0.00,GAP
city_of_sydney,section-5-specific-areas,192,0.91,covered
city_of_sydney,section-5-specific-areas,193,0.90,covered
city_of_sydney,section-5-specific-areas,194,0.00,GAP
city_of_sydney,section-5-specific-areas,195,0.56,covered
city_of_sydney,section-5-specific-areas,196,0.82,covered
city_of_sydney,section-5-specific-areas,197,0.09,GAP
city_of_sydney,section-5-specific-areas,198,0.91,covered
city_of_sydney,section-5-specific-areas,199,0.96,covered
city_of_sydney,section-5-specific-areas,200,0.05,GAP
city_of_sydney,section-5-specific-areas,201,0.94,covered
city_of_sydney,section-5-specific-areas,202,0.79,covered
city_of_sydney,section-5-specific-areas,203,0.05,GAP
city_of_sydney,section-5-specific-areas,204,0.92,covered
city_of_sydney,section-5-specific-areas,205,0.98,covered
city_of_sydney,section-5-specific-areas,206,0.94,covered
city_of_sydney,section-5-specific-areas,207,0.08,GAP
city_of_sydney,section-5-specific-areas,208,0.91,covered
city_of_sydney,section-5-specific-areas,209,0.88,covered
city_of_sydney,section-5-specific-areas,210,0.94,covered
city_of_sydney,section-5-specific-areas,211,0.85,covered
city_of_sydney,section-5-specific-areas,212,0.42,GAP
city_of_sydney,section-5-specific-areas,213,0.96,covered
city_of_sydney,section-5-specific-areas,214,0.40,GAP
city_of_sydney,section-5-specific-areas,215,0.96,covered
city_of_sydney,section-5-specific-areas,216,0.59,covered
city_of_sydney,section-5-specific-areas,217,0.94,covered
city_of_sydney,section-5-specific-areas,218,0.86,covered
city_of_sydney,section-5-specific-areas,219,0.97,covered
city_of_sydney,section-5-specific-areas,220,,figure/sparse
city_of_sydney,section-5-specific-areas,221,,figure/sparse
city_of_sydney,section-5-specific-areas,222,,figure/sparse
city_of_sydney,section-5-specific-areas,223,,figure/sparse
city_of_sydney,section-5-specific-areas,224,,figure/sparse
city_of_sydney,section-5-specific-areas,225,,figure/sparse
city_of_sydney,section-5-specific-areas,226,0.07,GAP
city_of_sydney,section-5-specific-areas,227,0.10,GAP
city_of_sydney,section-5-specific-areas,228,0.80,covered
city_of_sydney,section-5-specific-areas,229,0.04,GAP
city_of_sydney,section-5-specific-areas,230,0.05,GAP
city_of_sydney,section-5-specific-areas,231,0.97,covered
city_of_sydney,section-5-specific-areas,232,0.61,covered
city_of_sydney,section-5-specific-areas,233,0.10,GAP
city_of_sydney,section-5-specific-areas,234,0.21,GAP
city_of_sydney,section-5-specific-areas,235,0.96,covered
city_of_sydney,section-5-specific-areas,236,0.09,GAP
city_of_sydney,section-5-specific-areas,237,0.95,covered
city_of_sydney,section-5-specific-areas,238,0.03,GAP
city_of_sydney,section-5-specific-areas,239,0.78,covered
city_of_sydney,section-5-specific-areas,240,0.79,covered
city_of_sydney,section-5-specific-areas,241,0.11,GAP
city_of_sydney,section-5-specific-areas,242,0.01,GAP
city_of_sydney,section-5-specific-areas,243,0.95,covered
city_of_sydney,section-5-specific-areas,244,0.97,covered
city_of_sydney,section-5-specific-areas,245,0.97,covered
city_of_sydney,section-5-specific-areas,246,0.97,covered
city_of_sydney,section-5-specific-areas,247,0.97,covered
city_of_sydney,section-5-specific-areas,248,0.97,covered
city_of_sydney,section-5-specific-areas,249,0.97,covered
city_of_sydney,section-5-specific-areas,250,0.98,covered
city_of_sydney,section-5-specific-areas,251,0.97,covered
city_of_sydney,section-5-specific-areas,252,0.97,covered
city_of_sydney,section-5-specific-areas,253,0.98,covered
city_of_sydney,section-5-specific-areas,254,0.13,GAP
city_of_sydney,section-5-specific-areas,255,0.49,GAP
city_of_sydney,section-5-specific-areas,256,0.98,covered
city_of_sydney,section-5-specific-areas,257,0.97,covered
city_of_sydney,section-5-specific-areas,258,0.34,GAP
city_of_sydney,section-5-specific-areas,259,0.05,GAP
city_of_sydney,section-5-specific-areas,260,0.04,GAP
city_of_sydney,section-5-specific-areas,261,0.13,GAP
city_of_sydney,section-5-specific-areas,262,0.00,GAP
city_of_sydney,section-5-specific-areas,263,0.09,GAP
city_of_sydney,section-5-specific-areas,264,,figure/sparse
city_of_sydney,section-5-specific-areas,265,,figure/sparse
city_of_sydney,section-5-specific-areas,266,,figure/sparse
city_of_sydney,section-5-specific-areas,267,0.05,GAP
city_of_sydney,section-5-specific-areas,268,0.03,GAP
city_of_sydney,section-5-specific-areas,269,0.06,GAP
city_of_sydney,section-5-specific-areas,270,0.03,GAP
city_of_sydney,section-5-specific-areas,271,0.00,GAP
city_of_sydney,section-5-specific-areas,272,0.05,GAP
city_of_sydney,section-5-specific-areas,273,0.00,GAP
city_of_sydney,section-5-specific-areas,274,0.00,GAP
city_of_sydney,section-5-specific-areas,275,0.00,GAP
city_of_sydney,section-5-specific-areas,276,0.00,GAP
city_of_sydney,section-5-specific-areas,277,0.00,GAP
city_of_sydney,section-5-specific-areas,278,0.00,GAP
city_of_sydney,section-5-specific-areas,279,0.07,GAP
city_of_sydney,section-5-specific-areas,280,0.98,covered
city_of_sydney,section-5-specific-areas,281,0.97,covered
city_of_sydney,section-5-specific-areas,282,0.35,GAP
city_of_sydney,section-5-specific-areas,283,,figure/sparse
city_of_sydney,section-5-specific-areas,284,,figure/sparse
city_of_sydney,section-5-specific-areas,285,0.94,covered
city_of_sydney,section-5-specific-areas,286,0.97,covered
city_of_sydney,section-5-specific-areas,287,0.98,covered
city_of_sydney,section-5-specific-areas,288,0.95,covered
city_of_sydney,section-5-specific-areas,289,0.97,covered
city_of_sydney,section-5-specific-areas,290,0.03,GAP
city_of_sydney,section-5-specific-areas,291,0.68,covered
city_of_sydney,section-5-specific-areas,292,0.72,covered
city_of_sydney,section-5-specific-areas,293,0.80,covered
city_of_sydney,section-5-specific-areas,294,0.09,GAP
city_of_sydney,section-5-specific-areas,295,0.04,GAP
city_of_sydney,section-5-specific-areas,296,0.02,GAP
city_of_sydney,section-5-specific-areas,297,0.05,GAP
city_of_sydney,section-5-specific-areas,298,0.03,GAP
city_of_sydney,section-5-specific-areas,299,0.04,GAP
city_of_sydney,section-5-specific-areas,300,0.05,GAP
city_of_sydney,section-5-specific-areas,301,0.96,covered
city_of_sydney,section-5-specific-areas,302,0.60,covered
city_of_sydney,section-5-specific-areas,303,0.97,covered
city_of_sydney,section-5-specific-areas,304,0.03,GAP
city_of_sydney,section-5-specific-areas,305,0.97,covered
city_of_sydney,section-5-specific-areas,306,0.96,covered
city_of_sydney,section-5-specific-areas,307,0.97,covered
city_of_sydney,section-5-specific-areas,308,0.15,GAP
city_of_sydney,section-5-specific-areas,309,0.03,GAP
city_of_sydney,section-5-specific-areas,310,0.05,GAP
city_of_sydney,section-5-specific-areas,311,0.04,GAP
city_of_sydney,section-5-specific-areas,312,0.95,covered
city_of_sydney,section-5-specific-areas,313,0.09,GAP
city_of_sydney,section-5-specific-areas,314,0.97,covered
city_of_sydney,section-5-specific-areas,315,0.04,GAP
city_of_sydney,section-5-specific-areas,316,0.05,GAP
city_of_sydney,section-5-specific-areas,317,0.97,covered
city_of_sydney,section-5-specific-areas,318,0.97,covered
city_of_sydney,section-5-specific-areas,319,0.04,GAP
city_of_sydney,section-5-specific-areas,320,0.06,GAP
city_of_sydney,section-5-specific-areas,321,0.97,covered
city_of_sydney,section-5-specific-areas,322,0.97,covered
city_of_sydney,section-5-specific-areas,323,0.97,covered
city_of_sydney,section-5-specific-areas,324,0.97,covered
city_of_sydney,section-5-specific-areas,325,0.95,covered
city_of_sydney,section-5-specific-areas,326,0.96,covered
city_of_sydney,section-5-specific-areas,327,,figure/sparse
city_of_sydney,section-5-specific-areas,328,0.97,covered
city_of_sydney,section-5-specific-areas,329,0.97,covered
city_of_sydney,section-5-specific-areas,330,,figure/sparse
city_of_sydney,section-5-specific-areas,331,0.97,covered
city_of_sydney,section-5-specific-areas,332,0.75,covered
city_of_sydney,section-5-specific-areas,333,0.70,covered
city_of_sydney,section-5-specific-areas,334,0.71,covered
city_of_sydney,section-5-specific-areas,335,0.97,covered
city_of_sydney,section-5-specific-areas,336,,figure/sparse
city_of_sydney,section-5-specific-areas,337,,figure/sparse
city_of_sydney,section-5-specific-areas,338,0.97,covered
city_of_sydney,section-5-specific-areas,339,,figure/sparse
city_of_sydney,section-5-specific-areas,340,,figure/sparse
city_of_sydney,section-5-specific-areas,341,0.97,covered
city_of_sydney,section-5-specific-areas,342,0.97,covered
city_of_sydney,section-5-specific-areas,343,0.97,covered
city_of_sydney,section-5-specific-areas,344,,figure/sparse
city_of_sydney,section-5-specific-areas,345,0.97,covered
city_of_sydney,section-5-specific-areas,346,0.96,covered
city_of_sydney,section-5-specific-areas,347,0.81,covered
city_of_sydney,section-5-specific-areas,348,0.98,covered
city_of_sydney,section-5-specific-areas,349,0.98,covered
city_of_sydney,section-5-specific-areas,350,0.56,covered
city_of_sydney,section-5-specific-areas,351,0.92,covered
city_of_sydney,section-5-specific-areas,352,0.98,covered
city_of_sydney,section-5-specific-areas,353,0.86,covered
city_of_sydney,section-5-specific-areas,354,0.87,covered
city_of_sydney,section-5-specific-areas,355,0.98,covered
city_of_sydney,section-5-specific-areas,356,0.97,covered
city_of_sydney,section-5-specific-areas,357,0.98,covered
city_of_sydney,section-5-specific-areas,358,0.97,covered
city_of_sydney,section-5-specific-areas,359,0.85,covered
city_of_sydney,section-5-specific-areas,360,0.80,covered
city_of_sydney,section-5-specific-areas,361,0.63,covered
city_of_sydney,section-5-specific-areas,362,0.97,covered
city_of_sydney,section-5-specific-areas,363,0.97,covered
city_of_sydney,section-5-specific-areas,364,0.97,covered
city_of_sydney,section-5-specific-areas,365,0.97,covered
city_of_sydney,section-5-specific-areas,366,0.71,covered
city_of_sydney,section-6-specific-sites,1,,figure/sparse
city_of_sydney,section-6-specific-sites,2,0.99,covered
city_of_sydney,section-6-specific-sites,3,0.99,covered
city_of_sydney,section-6-specific-sites,4,0.90,covered
city_of_sydney,section-6-specific-sites,5,0.05,GAP
city_of_sydney,section-6-specific-sites,6,0.94,covered
city_of_sydney,section-6-specific-sites,7,0.08,GAP
city_of_sydney,section-6-specific-sites,8,0.08,GAP
city_of_sydney,section-6-specific-sites,9,0.97,covered
city_of_sydney,section-6-specific-sites,10,0.97,covered
city_of_sydney,section-6-specific-sites,11,0.97,covered
city_of_sydney,section-6-specific-sites,12,0.97,covered
city_of_sydney,section-6-specific-sites,13,0.97,covered
city_of_sydney,section-6-specific-sites,14,0.98,covered
city_of_sydney,section-6-specific-sites,15,0.97,covered
city_of_sydney,section-6-specific-sites,16,0.43,GAP
city_of_sydney,section-6-specific-sites,17,0.31,GAP
city_of_sydney,section-6-specific-sites,18,0.03,GAP
city_of_sydney,section-6-specific-sites,19,0.06,GAP
city_of_sydney,section-6-specific-sites,20,0.30,GAP
city_of_sydney,section-6-specific-sites,21,0.29,GAP
city_of_sydney,section-6-specific-sites,22,0.21,GAP
city_of_sydney,section-6-specific-sites,23,0.23,GAP
city_of_sydney,section-6-specific-sites,24,0.30,GAP
city_of_sydney,section-6-specific-sites,25,0.24,GAP
city_of_sydney,section-6-specific-sites,26,0.29,GAP
city_of_sydney,section-6-specific-sites,27,0.22,GAP
city_of_sydney,section-6-specific-sites,28,0.28,GAP
city_of_sydney,section-6-specific-sites,29,0.32,GAP
city_of_sydney,section-6-specific-sites,30,0.29,GAP
city_of_sydney,section-6-specific-sites,31,0.20,GAP
city_of_sydney,section-6-specific-sites,32,0.23,GAP
city_of_sydney,section-6-specific-sites,33,0.28,GAP
city_of_sydney,section-6-specific-sites,34,,figure/sparse
city_of_sydney,section-6-specific-sites,35,0.00,GAP
city_of_sydney,section-6-specific-sites,36,0.00,GAP
city_of_sydney,section-6-specific-sites,37,0.96,covered
city_of_sydney,section-6-specific-sites,38,0.85,covered
city_of_sydney,section-6-specific-sites,39,0.97,covered
city_of_sydney,section-6-specific-sites,40,0.94,covered
city_of_sydney,section-6-specific-sites,41,0.95,covered
city_of_sydney,section-6-specific-sites,42,0.20,GAP
city_of_sydney,section-6-specific-sites,43,0.95,covered
city_of_sydney,section-6-specific-sites,44,0.97,covered
city_of_sydney,section-6-specific-sites,45,0.96,covered
city_of_sydney,section-6-specific-sites,46,0.95,covered
city_of_sydney,section-6-specific-sites,47,0.95,covered
city_of_sydney,section-6-specific-sites,48,0.00,GAP
city_of_sydney,section-6-specific-sites,49,0.97,covered
city_of_sydney,section-6-specific-sites,50,0.97,covered
city_of_sydney,section-6-specific-sites,51,0.44,GAP
city_of_sydney,section-6-specific-sites,52,0.65,covered
city_of_sydney,section-6-specific-sites,53,0.73,covered
city_of_sydney,section-6-specific-sites,54,0.13,GAP
city_of_sydney,section-6-specific-sites,55,0.35,GAP
city_of_sydney,section-6-specific-sites,56,0.84,covered
city_of_sydney,section-6-specific-sites,57,0.96,covered
city_of_sydney,section-6-specific-sites,58,0.96,covered
city_of_sydney,section-6-specific-sites,59,0.70,covered
city_of_sydney,section-6-specific-sites,60,0.00,GAP
city_of_sydney,section-6-specific-sites,61,0.73,covered
city_of_sydney,section-6-specific-sites,62,0.53,covered
city_of_sydney,section-6-specific-sites,63,0.77,covered
city_of_sydney,section-6-specific-sites,64,0.84,covered
city_of_sydney,section-6-specific-sites,65,0.90,covered
city_of_sydney,section-6-specific-sites,66,0.82,covered
city_of_sydney,section-6-specific-sites,67,0.80,covered
city_of_sydney,section-6-specific-sites,68,0.82,covered
city_of_sydney,section-6-specific-sites,69,0.03,GAP
city_of_sydney,section-6-specific-sites,70,0.22,GAP
city_of_sydney,section-6-specific-sites,71,0.08,GAP
city_of_sydney,section-6-specific-sites,72,0.00,GAP
city_of_sydney,section-6-specific-sites,73,0.00,GAP
city_of_sydney,section-6-specific-sites,74,0.59,covered
city_of_sydney,section-6-specific-sites,75,0.09,GAP
city_of_sydney,section-6-specific-sites,76,0.30,GAP
city_of_sydney,section-6-specific-sites,77,0.29,GAP
city_of_sydney,section-6-specific-sites,78,0.86,covered
city_of_sydney,section-6-specific-sites,79,0.80,covered
city_of_sydney,section-6-specific-sites,80,0.96,covered
city_of_sydney,section-6-specific-sites,81,0.70,covered
city_of_sydney,section-6-specific-sites,82,0.73,covered
city_of_sydney,section-6-specific-sites,83,0.95,covered
city_of_sydney,section-6-specific-sites,84,0.04,GAP
city_of_sydney,section-6-specific-sites,85,0.96,covered
city_of_sydney,section-6-specific-sites,86,0.91,covered
city_of_sydney,section-6-specific-sites,87,0.95,covered
city_of_sydney,section-6-specific-sites,88,0.82,covered
city_of_sydney,section-6-specific-sites,89,0.97,covered
city_of_sydney,section-6-specific-sites,90,0.80,covered
city_of_sydney,section-6-specific-sites,91,0.79,covered
city_of_sydney,section-6-specific-sites,92,0.81,covered
city_of_sydney,section-6-specific-sites,93,0.08,GAP
city_of_sydney,section-6-specific-sites,94,0.00,GAP
city_of_sydney,section-6-specific-sites,95,0.85,covered
city_of_sydney,section-6-specific-sites,96,0.04,GAP
city_of_sydney,section-6-specific-sites,97,0.58,covered
city_of_sydney,section-6-specific-sites,98,0.96,covered
city_of_sydney,section-6-specific-sites,99,0.97,covered
city_of_sydney,section-6-specific-sites,100,0.96,covered
city_of_sydney,section-6-specific-sites,101,0.00,GAP
city_of_sydney,section-6-specific-sites,102,0.00,GAP
city_of_sydney,section-6-specific-sites,103,0.10,GAP
city_of_sydney,section-6-specific-sites,104,0.85,covered
city_of_sydney,section-6-specific-sites,105,0.75,covered
city_of_sydney,section-6-specific-sites,106,0.81,covered
city_of_sydney,section-6-specific-sites,107,,figure/sparse
city_of_sydney,section-6-specific-sites,108,0.96,covered
city_of_sydney,section-6-specific-sites,109,0.74,covered
city_of_sydney,section-6-specific-sites,110,0.96,covered
city_of_sydney,section-6-specific-sites,111,0.14,GAP
city_of_sydney,section-6-specific-sites,112,0.74,covered
city_of_sydney,section-6-specific-sites,113,0.05,GAP
city_of_sydney,section-6-specific-sites,114,0.22,GAP
city_of_sydney,section-6-specific-sites,115,0.66,covered
city_of_sydney,section-6-specific-sites,116,0.97,covered
city_of_sydney,section-6-specific-sites,117,0.49,GAP
city_of_sydney,section-6-specific-sites,118,0.01,GAP
city_of_sydney,section-6-specific-sites,119,0.29,GAP
city_of_sydney,section-6-specific-sites,120,0.05,GAP
city_of_sydney,section-6-specific-sites,121,0.05,GAP
city_of_sydney,section-6-specific-sites,122,0.97,covered
city_of_sydney,section-6-specific-sites,123,0.77,covered
city_of_sydney,section-6-specific-sites,124,0.26,GAP
city_of_sydney,section-6-specific-sites,125,0.96,covered
city_of_sydney,section-6-specific-sites,126,0.96,covered
city_of_sydney,section-6-specific-sites,127,0.96,covered
city_of_sydney,section-6-specific-sites,128,0.20,GAP
city_of_sydney,section-6-specific-sites,129,,figure/sparse
city_of_sydney,section-6-specific-sites,130,,figure/sparse
city_of_sydney,section-6-specific-sites,131,0.96,covered
city_of_sydney,section-6-specific-sites,132,0.04,GAP
city_of_sydney,section-6-specific-sites,133,0.12,GAP
city_of_sydney,section-6-specific-sites,134,0.09,GAP
city_of_sydney,section-6-specific-sites,135,0.95,covered
city_of_sydney,section-6-specific-sites,136,0.96,covered
city_of_sydney,section-6-specific-sites,137,0.94,covered
city_of_sydney,section-6-specific-sites,138,0.86,covered
city_of_sydney,section-6-specific-sites,139,0.28,GAP
city_of_sydney,section-6-specific-sites,140,0.44,GAP
city_of_sydney,section-6-specific-sites,141,0.38,GAP
city_of_sydney,section-6-specific-sites,142,0.07,GAP
city_of_sydney,section-6-specific-sites,143,0.00,GAP
city_of_sydney,section-6-specific-sites,144,0.26,GAP
city_of_sydney,section-6-specific-sites,145,0.59,covered
city_of_sydney,section-6-specific-sites,146,0.97,covered
city_of_sydney,section-6-specific-sites,147,0.76,covered
city_of_sydney,section-6-specific-sites,148,0.97,covered
city_of_sydney,section-6-specific-sites,149,0.97,covered
city_of_sydney,section-6-specific-sites,150,0.96,covered
city_of_sydney,section-6-specific-sites,151,0.04,GAP
city_of_sydney,section-6-specific-sites,152,0.98,covered
city_of_sydney,section-6-specific-sites,153,0.96,covered
city_of_sydney,section-6-specific-sites,154,0.49,GAP
city_of_sydney,section-6-specific-sites,155,0.86,covered
city_of_sydney,section-6-specific-sites,156,0.97,covered
city_of_sydney,section-6-specific-sites,157,0.95,covered
city_of_sydney,section-6-specific-sites,158,0.69,covered
city_of_sydney,section-6-specific-sites,159,0.15,GAP
city_of_sydney,section-6-specific-sites,160,0.14,GAP
city_of_sydney,section-6-specific-sites,161,0.76,covered
city_of_sydney,section-6-specific-sites,162,0.96,covered
city_of_sydney,section-6-specific-sites,163,0.96,covered
city_of_sydney,section-6-specific-sites,164,0.86,covered
city_of_sydney,section-6-specific-sites,165,0.78,covered
city_of_sydney,section-6-specific-sites,166,0.97,covered
city_of_sydney,section-6-specific-sites,167,0.76,covered
city_of_sydney,section-6-specific-sites,168,0.96,covered
city_of_sydney,section-6-specific-sites,169,0.95,covered
city_of_sydney,section-6-specific-sites,170,0.57,covered
city_of_sydney,section-6-specific-sites,171,0.17,GAP
city_of_sydney,section-6-specific-sites,172,0.25,GAP
city_of_sydney,section-6-specific-sites,173,0.81,covered
city_of_sydney,section-6-specific-sites,174,0.71,covered
city_of_sydney,section-6-specific-sites,175,0.96,covered
city_of_sydney,section-6-specific-sites,176,0.97,covered
city_of_sydney,section-6-specific-sites,177,0.40,GAP
city_of_sydney,section-6-specific-sites,178,0.81,covered
city_of_sydney,section-6-specific-sites,179,0.89,covered
city_of_sydney,section-6-specific-sites,180,0.97,covered
city_of_sydney,section-6-specific-sites,181,0.97,covered
city_of_sydney,section-6-specific-sites,182,0.45,GAP
city_of_sydney,section-6-specific-sites,183,0.34,GAP
city_of_sydney,section-6-specific-sites,184,0.97,covered
city_of_sydney,section-6-specific-sites,185,0.74,covered
city_of_sydney,section-6-specific-sites,186,0.77,covered
city_of_sydney,section-6-specific-sites,187,0.83,covered
city_of_sydney,section-6-specific-sites,188,0.94,covered
city_of_sydney,section-6-specific-sites,189,0.80,covered
city_of_sydney,section-6-specific-sites,190,0.97,covered
city_of_sydney,section-6-specific-sites,191,0.97,covered
city_of_sydney,section-6-specific-sites,192,0.76,covered
city_of_sydney,section-6-specific-sites,193,0.97,covered
city_of_sydney,section-6-specific-sites,194,0.96,covered
city_of_sydney,section-6-specific-sites,195,0.82,covered
city_of_sydney,section-6-specific-sites,196,0.54,covered
city_of_sydney,section-6-specific-sites,197,0.26,GAP
city_of_sydney,section-6-specific-sites,198,0.82,covered
city_of_sydney,section-6-specific-sites,199,0.80,covered
city_of_sydney,section-6-specific-sites,200,0.48,GAP
city_of_sydney,section-6-specific-sites,201,0.35,GAP
city_of_sydney,section-6-specific-sites,202,0.89,covered
city_of_sydney,section-6-specific-sites,203,0.97,covered
city_of_sydney,section-6-specific-sites,204,0.97,covered
city_of_sydney,section-6-specific-sites,205,0.97,covered
city_of_sydney,section-6-specific-sites,206,0.97,covered
city_of_sydney,section-6-specific-sites,207,0.92,covered
city_of_sydney,section-6-specific-sites,208,0.60,covered
city_of_sydney,section-6-specific-sites,209,0.60,covered
city_of_sydney,section-6-specific-sites,210,0.39,GAP
city_of_sydney,section-6-specific-sites,211,0.83,covered
city_of_sydney,section-6-specific-sites,212,0.96,covered
city_of_sydney,section-6-specific-sites,213,0.79,covered
city_of_sydney,section-6-specific-sites,214,0.77,covered
city_of_sydney,section-6-specific-sites,215,0.78,covered
city_of_sydney,section-6-specific-sites,216,0.75,covered
city_of_sydney,section-6-specific-sites,217,0.72,covered
city_of_sydney,section-6-specific-sites,218,0.34,GAP
city_of_sydney,section-6-specific-sites,219,0.82,covered
city_of_sydney,section-6-specific-sites,220,0.75,covered
city_of_sydney,section-6-specific-sites,221,0.97,covered
city_of_sydney,section-6-specific-sites,222,0.97,covered
city_of_sydney,section-6-specific-sites,223,0.74,covered
city_of_sydney,section-6-specific-sites,224,0.96,covered
city_of_sydney,section-6-specific-sites,225,0.94,covered
city_of_sydney,section-6-specific-sites,226,0.89,covered
city_of_sydney,section-6-specific-sites,227,0.97,covered
city_of_sydney,section-6-specific-sites,228,0.96,covered
city_of_sydney,section-6-specific-sites,229,0.97,covered
city_of_sydney,section-6-specific-sites,230,0.97,covered
city_of_sydney,section-6-specific-sites,231,0.97,covered
city_of_sydney,section-6-specific-sites,232,0.97,covered
city_of_sydney,section-6-specific-sites,233,0.97,covered
city_of_sydney,section-6-specific-sites,234,0.97,covered
city_of_sydney,section-6-specific-sites,235,0.56,covered
city_of_sydney,section-6-specific-sites,236,0.18,GAP
city_of_sydney,section-6-specific-sites,237,0.73,covered
city_of_sydney,section-6-specific-sites,238,0.33,GAP
city_of_sydney,section-6-specific-sites,239,0.08,GAP
city_of_sydney,section-6-specific-sites,240,0.65,covered
city_of_sydney,section-6-specific-sites,241,0.59,covered
city_of_sydney,section-6-specific-sites,242,0.23,GAP
city_of_sydney,section-6-specific-sites,243,0.96,covered
city_of_sydney,section-6-specific-sites,244,0.97,covered
city_of_sydney,section-6-specific-sites,245,0.97,covered
city_of_sydney,section-6-specific-sites,246,0.97,covered
city_of_sydney,section-6-specific-sites,247,0.86,covered
city_of_sydney,section-6-specific-sites,248,0.97,covered
city_of_sydney,section-6-specific-sites,249,0.97,covered
city_of_sydney,section-6-specific-sites,250,0.96,covered
city_of_sydney,section-6-specific-sites,251,0.97,covered
city_of_sydney,section-6-specific-sites,252,0.96,covered
city_of_sydney,section-6-specific-sites,253,0.97,covered
city_of_sydney,section-6-specific-sites,254,0.91,covered
city_of_sydney,section-6-specific-sites,255,0.14,GAP
city_of_sydney,section-6-specific-sites,256,0.97,covered
city_of_sydney,section-6-specific-sites,257,0.62,covered
city_of_sydney,section-6-specific-sites,258,0.89,covered
city_of_sydney,section-6-specific-sites,259,0.87,covered
city_of_sydney,section-6-specific-sites,260,0.92,covered
city_of_sydney,section-6-specific-sites,261,0.12,GAP
city_of_sydney,section-6-specific-sites,262,0.67,covered
city_of_sydney,section-6-specific-sites,263,0.81,covered
city_of_sydney,section-6-specific-sites,264,0.97,covered
city_of_sydney,section-6-specific-sites,265,0.97,covered
ashfield,chapter-a-miscellaneous,1,,figure/sparse
ashfield,chapter-a-miscellaneous,2,,figure/sparse
ashfield,chapter-a-miscellaneous,3,0.00,GAP
ashfield,chapter-a-miscellaneous,4,,figure/sparse
ashfield,chapter-a-miscellaneous,5,0.62,covered
ashfield,chapter-a-miscellaneous,6,0.86,covered
ashfield,chapter-a-miscellaneous,7,0.85,covered
ashfield,chapter-a-miscellaneous,8,,figure/sparse
ashfield,chapter-a-miscellaneous,9,0.81,covered
ashfield,chapter-a-miscellaneous,10,0.63,covered
ashfield,chapter-a-miscellaneous,11,0.78,covered
ashfield,chapter-a-miscellaneous,12,0.64,covered
ashfield,chapter-a-miscellaneous,13,,figure/sparse
ashfield,chapter-a-miscellaneous,14,0.55,covered
ashfield,chapter-a-miscellaneous,15,0.90,covered
ashfield,chapter-a-miscellaneous,16,0.73,covered
ashfield,chapter-a-miscellaneous,17,0.66,covered
ashfield,chapter-a-miscellaneous,18,0.81,covered
ashfield,chapter-a-miscellaneous,19,0.81,covered
ashfield,chapter-a-miscellaneous,20,0.69,covered
ashfield,chapter-a-miscellaneous,21,0.00,GAP
ashfield,chapter-a-miscellaneous,22,0.00,GAP
ashfield,chapter-a-miscellaneous,23,,figure/sparse
ashfield,chapter-a-miscellaneous,24,,figure/sparse
ashfield,chapter-a-miscellaneous,25,0.58,covered
ashfield,chapter-a-miscellaneous,26,0.06,GAP
ashfield,chapter-a-miscellaneous,27,,figure/sparse
ashfield,chapter-a-miscellaneous,28,0.61,covered
ashfield,chapter-a-miscellaneous,29,0.66,covered
ashfield,chapter-a-miscellaneous,30,0.23,GAP
ashfield,chapter-a-miscellaneous,31,,figure/sparse
ashfield,chapter-a-miscellaneous,32,0.76,covered
ashfield,chapter-a-miscellaneous,33,0.59,covered
ashfield,chapter-a-miscellaneous,34,,figure/sparse
ashfield,chapter-a-miscellaneous,35,0.72,covered
ashfield,chapter-a-miscellaneous,36,0.82,covered
ashfield,chapter-a-miscellaneous,37,0.74,covered
ashfield,chapter-a-miscellaneous,38,0.52,covered
ashfield,chapter-a-miscellaneous,39,0.77,covered
ashfield,chapter-a-miscellaneous,40,0.62,covered
ashfield,chapter-a-miscellaneous,41,0.76,covered
ashfield,chapter-a-miscellaneous,42,0.63,covered
ashfield,chapter-a-miscellaneous,43,0.71,covered
ashfield,chapter-a-miscellaneous,44,,figure/sparse
ashfield,chapter-a-miscellaneous,45,,figure/sparse
ashfield,chapter-a-miscellaneous,46,0.68,covered
ashfield,chapter-a-miscellaneous,47,0.80,covered
ashfield,chapter-a-miscellaneous,48,0.75,covered
ashfield,chapter-a-miscellaneous,49,,figure/sparse
ashfield,chapter-a-miscellaneous,50,,figure/sparse
ashfield,chapter-a-miscellaneous,51,,figure/sparse
ashfield,chapter-a-miscellaneous,52,0.00,GAP
ashfield,chapter-a-miscellaneous,53,,figure/sparse
ashfield,chapter-a-miscellaneous,54,0.78,covered
ashfield,chapter-a-miscellaneous,55,0.73,covered
ashfield,chapter-a-miscellaneous,56,0.87,covered
ashfield,chapter-a-miscellaneous,57,0.83,covered
ashfield,chapter-a-miscellaneous,58,0.63,covered
ashfield,chapter-a-miscellaneous,59,0.00,GAP
ashfield,chapter-a-miscellaneous,60,0.72,covered
ashfield,chapter-a-miscellaneous,61,0.63,covered
ashfield,chapter-a-miscellaneous,62,0.51,covered
ashfield,chapter-a-miscellaneous,63,0.31,GAP
ashfield,chapter-a-miscellaneous,64,0.20,GAP
ashfield,chapter-a-miscellaneous,65,0.20,GAP
ashfield,chapter-a-miscellaneous,66,0.32,GAP
ashfield,chapter-a-miscellaneous,67,0.00,GAP
ashfield,chapter-a-miscellaneous,68,0.74,covered
ashfield,chapter-a-miscellaneous,69,0.78,covered
ashfield,chapter-a-miscellaneous,70,0.72,covered
ashfield,chapter-a-miscellaneous,71,0.38,GAP
ashfield,chapter-a-miscellaneous,72,0.00,GAP
ashfield,chapter-a-miscellaneous,73,0.35,GAP
ashfield,chapter-a-miscellaneous,74,0.69,covered
ashfield,chapter-a-miscellaneous,75,0.01,GAP
ashfield,chapter-a-miscellaneous,76,0.00,GAP
ashfield,chapter-a-miscellaneous,77,0.00,GAP
ashfield,chapter-a-miscellaneous,78,0.00,GAP
ashfield,chapter-a-miscellaneous,79,0.00,GAP
ashfield,chapter-a-miscellaneous,80,0.00,GAP
ashfield,chapter-a-miscellaneous,81,0.00,GAP
ashfield,chapter-a-miscellaneous,82,0.00,GAP
ashfield,chapter-a-miscellaneous,83,0.00,GAP
ashfield,chapter-a-miscellaneous,84,0.00,GAP
ashfield,chapter-a-miscellaneous,85,0.48,GAP
ashfield,chapter-a-miscellaneous,86,0.85,covered
ashfield,chapter-a-miscellaneous,87,0.72,covered
ashfield,chapter-a-miscellaneous,88,0.00,GAP
ashfield,chapter-a-miscellaneous,89,0.00,GAP
ashfield,chapter-a-miscellaneous,90,,figure/sparse
ashfield,chapter-a-miscellaneous,91,0.67,covered
ashfield,chapter-a-miscellaneous,92,0.75,covered
ashfield,chapter-a-miscellaneous,93,0.73,covered
ashfield,chapter-a-miscellaneous,94,,figure/sparse
ashfield,chapter-a-miscellaneous,95,0.54,covered
ashfield,chapter-a-miscellaneous,96,0.17,GAP
ashfield,chapter-a-miscellaneous,97,0.00,GAP
ashfield,chapter-a-miscellaneous,98,0.00,GAP
ashfield,chapter-a-miscellaneous,99,0.00,GAP
ashfield,chapter-a-miscellaneous,100,0.74,covered
ashfield,chapter-a-miscellaneous,101,0.79,covered
ashfield,chapter-a-miscellaneous,102,0.71,covered
ashfield,chapter-a-miscellaneous,103,0.68,covered
ashfield,chapter-a-miscellaneous,104,0.00,GAP
ashfield,chapter-a-miscellaneous,105,0.00,GAP
ashfield,chapter-a-miscellaneous,106,0.00,GAP
ashfield,chapter-a-miscellaneous,107,0.77,covered
ashfield,chapter-a-miscellaneous,108,0.36,GAP
ashfield,chapter-a-miscellaneous,109,,figure/sparse
ashfield,chapter-a-miscellaneous,110,,figure/sparse
ashfield,chapter-a-miscellaneous,111,,figure/sparse
ashfield,chapter-a-miscellaneous,112,0.76,covered
ashfield,chapter-a-miscellaneous,113,0.67,covered
ashfield,chapter-a-miscellaneous,114,,figure/sparse
ashfield,chapter-a-miscellaneous,115,0.81,covered
ashfield,chapter-a-miscellaneous,116,0.71,covered
ashfield,chapter-a-miscellaneous,117,,figure/sparse
ashfield,chapter-a-miscellaneous,118,0.79,covered
ashfield,chapter-a-miscellaneous,119,0.64,covered
ashfield,chapter-a-miscellaneous,120,0.48,GAP
ashfield,chapter-a-miscellaneous,121,,figure/sparse
ashfield,chapter-a-miscellaneous,122,0.74,covered
ashfield,chapter-a-miscellaneous,123,0.69,covered
ashfield,chapter-a-miscellaneous,124,,figure/sparse
ashfield,chapter-a-miscellaneous,125,0.46,GAP
ashfield,chapter-a-miscellaneous,126,0.59,covered
ashfield,chapter-b-public-domain,1,,figure/sparse
ashfield,chapter-b-public-domain,2,,figure/sparse
ashfield,chapter-b-public-domain,3,0.00,GAP
ashfield,chapter-b-public-domain,4,0.09,GAP
ashfield,chapter-b-public-domain,5,0.72,covered
ashfield,chapter-b-public-domain,6,0.64,covered
ashfield,chapter-b-public-domain,7,0.79,covered
ashfield,chapter-b-public-domain,8,0.77,covered
ashfield,chapter-b-public-domain,9,0.67,covered
ashfield,chapter-b-public-domain,10,0.33,GAP
ashfield,chapter-b-public-domain,11,,figure/sparse
ashfield,chapter-c-sustainability,1,,figure/sparse
ashfield,chapter-c-sustainability,2,0.00,GAP
ashfield,chapter-c-sustainability,3,,figure/sparse
ashfield,chapter-c-sustainability,4,0.00,GAP
ashfield,chapter-c-sustainability,5,0.50,covered
ashfield,chapter-c-sustainability,6,0.80,covered
ashfield,chapter-c-sustainability,7,0.15,GAP
ashfield,chapter-c-sustainability,8,0.27,GAP
ashfield,chapter-c-sustainability,9,0.00,GAP
ashfield,chapter-c-sustainability,10,,figure/sparse
ashfield,chapter-c-sustainability,11,0.20,GAP
ashfield,chapter-c-sustainability,12,0.64,covered
ashfield,chapter-c-sustainability,13,,figure/sparse
ashfield,chapter-c-sustainability,14,0.01,GAP
ashfield,chapter-c-sustainability,15,0.03,GAP
ashfield,chapter-c-sustainability,16,0.91,covered
ashfield,chapter-c-sustainability,17,0.84,covered
ashfield,chapter-c-sustainability,18,0.50,covered
ashfield,chapter-c-sustainability,19,0.72,covered
ashfield,chapter-c-sustainability,20,0.63,covered
ashfield,chapter-c-sustainability,21,0.73,covered
ashfield,chapter-c-sustainability,22,0.80,covered
ashfield,chapter-c-sustainability,23,0.89,covered
ashfield,chapter-c-sustainability,24,,figure/sparse
ashfield,chapter-c-sustainability,25,0.04,GAP
ashfield,chapter-c-sustainability,26,0.64,covered
ashfield,chapter-c-sustainability,27,0.32,GAP
ashfield,chapter-c-sustainability,28,0.53,covered
ashfield,chapter-c-sustainability,29,0.03,GAP
ashfield,chapter-c-sustainability,30,0.73,covered
ashfield,chapter-c-sustainability,31,0.75,covered
ashfield,chapter-c-sustainability,32,0.24,GAP
ashfield,chapter-c-sustainability,33,,figure/sparse
ashfield,chapter-c-sustainability,34,0.18,GAP
ashfield,chapter-c-sustainability,35,0.70,covered
ashfield,chapter-c-sustainability,36,0.70,covered
ashfield,chapter-c-sustainability,37,0.74,covered
ashfield,chapter-c-sustainability,38,0.48,GAP
ashfield,chapter-c-sustainability,39,,figure/sparse
ashfield,chapter-c-sustainability,40,0.59,covered
ashfield,chapter-c-sustainability,41,0.33,GAP
ashfield,chapter-c-sustainability,42,0.81,covered
ashfield,chapter-c-sustainability,43,0.86,covered
ashfield,chapter-c-sustainability,44,0.55,covered
ashfield,chapter-c-sustainability,45,0.67,covered
ashfield,chapter-c-sustainability,46,,figure/sparse
ashfield,chapter-c-sustainability,47,0.62,covered
ashfield,chapter-c-sustainability,48,0.67,covered
ashfield,chapter-c-sustainability,49,0.51,covered
ashfield,chapter-c-sustainability,50,0.67,covered
ashfield,chapter-c-sustainability,51,0.79,covered
ashfield,chapter-c-sustainability,52,0.62,covered
ashfield,chapter-c-sustainability,53,0.68,covered
ashfield,chapter-c-sustainability,54,0.69,covered
ashfield,chapter-c-sustainability,55,0.79,covered
ashfield,chapter-c-sustainability,56,0.79,covered
ashfield,chapter-c-sustainability,57,0.05,GAP
ashfield,chapter-c-sustainability,58,0.01,GAP
ashfield,chapter-c-sustainability,59,0.10,GAP
ashfield,chapter-c-sustainability,60,0.01,GAP
ashfield,chapter-c-sustainability,61,0.06,GAP
ashfield,chapter-c-sustainability,62,0.06,GAP
ashfield,chapter-c-sustainability,63,0.71,covered
ashfield,chapter-c-sustainability,64,0.76,covered
ashfield,chapter-c-sustainability,65,0.66,covered
ashfield,chapter-c-sustainability,66,0.02,GAP
ashfield,chapter-c-sustainability,67,0.03,GAP
ashfield,chapter-c-sustainability,68,0.08,GAP
ashfield,chapter-c-sustainability,69,0.01,GAP
ashfield,chapter-c-sustainability,70,0.09,GAP
ashfield,chapter-c-sustainability,71,,figure/sparse
ashfield,chapter-c-sustainability,72,,figure/sparse
ashfield,chapter-c-sustainability,73,,figure/sparse
ashfield,chapter-c-sustainability,74,,figure/sparse
ashfield,chapter-c-sustainability,75,,figure/sparse
ashfield,chapter-c-sustainability,76,,figure/sparse
ashfield,chapter-c-sustainability,77,,figure/sparse
ashfield,chapter-c-sustainability,78,0.00,GAP
ashfield,chapter-c-sustainability,79,0.05,GAP
ashfield,chapter-c-sustainability,80,0.31,GAP
ashfield,chapter-c-sustainability,81,0.00,GAP
ashfield,chapter-c-sustainability,82,0.00,GAP
ashfield,chapter-c-sustainability,83,0.00,GAP
ashfield,chapter-c-sustainability,84,0.00,GAP
ashfield,chapter-c-sustainability,85,,figure/sparse
ashfield,chapter-c-sustainability,86,0.05,GAP
ashfield,chapter-c-sustainability,87,,figure/sparse
ashfield,chapter-c-sustainability,88,0.55,covered
ashfield,chapter-c-sustainability,89,0.54,covered
ashfield,chapter-c-sustainability,90,,figure/sparse
ashfield,chapter-d-precinct-guidelines,1,,figure/sparse
ashfield,chapter-d-precinct-guidelines,2,0.00,GAP
ashfield,chapter-d-precinct-guidelines,3,,figure/sparse
ashfield,chapter-d-precinct-guidelines,4,0.84,covered
ashfield,chapter-d-precinct-guidelines,5,0.76,covered
ashfield,chapter-d-precinct-guidelines,6,0.83,covered
ashfield,chapter-d-precinct-guidelines,7,0.83,covered
ashfield,chapter-d-precinct-guidelines,8,0.00,GAP
ashfield,chapter-d-precinct-guidelines,9,,figure/sparse
ashfield,chapter-d-precinct-guidelines,10,0.00,GAP
ashfield,chapter-d-precinct-guidelines,11,0.00,GAP
ashfield,chapter-d-precinct-guidelines,12,0.87,covered
ashfield,chapter-d-precinct-guidelines,13,0.40,GAP
ashfield,chapter-d-precinct-guidelines,14,0.83,covered
ashfield,chapter-d-precinct-guidelines,15,,figure/sparse
ashfield,chapter-d-precinct-guidelines,16,,figure/sparse
ashfield,chapter-d-precinct-guidelines,17,0.78,covered
ashfield,chapter-d-precinct-guidelines,18,0.81,covered
ashfield,chapter-d-precinct-guidelines,19,,figure/sparse
ashfield,chapter-d-precinct-guidelines,20,0.79,covered
ashfield,chapter-d-precinct-guidelines,21,0.74,covered
ashfield,chapter-d-precinct-guidelines,22,0.70,covered
ashfield,chapter-d-precinct-guidelines,23,0.00,GAP
ashfield,chapter-d-precinct-guidelines,24,,figure/sparse
ashfield,chapter-d-precinct-guidelines,25,0.82,covered
ashfield,chapter-d-precinct-guidelines,26,0.71,covered
ashfield,chapter-d-precinct-guidelines,27,0.84,covered
ashfield,chapter-d-precinct-guidelines,28,,figure/sparse
ashfield,chapter-d-precinct-guidelines,29,,figure/sparse
ashfield,chapter-d-precinct-guidelines,30,0.87,covered
ashfield,chapter-d-precinct-guidelines,31,0.88,covered
ashfield,chapter-d-precinct-guidelines,32,0.82,covered
ashfield,chapter-d-precinct-guidelines,33,0.86,covered
ashfield,chapter-d-precinct-guidelines,34,,figure/sparse
ashfield,chapter-d-precinct-guidelines,35,0.92,covered
ashfield,chapter-d-precinct-guidelines,36,0.84,covered
ashfield,chapter-d-precinct-guidelines,37,0.96,covered
ashfield,chapter-d-precinct-guidelines,38,0.95,covered
ashfield,chapter-d-precinct-guidelines,39,0.93,covered
ashfield,chapter-d-precinct-guidelines,40,,figure/sparse
ashfield,chapter-d-precinct-guidelines,41,,figure/sparse
ashfield,chapter-d-precinct-guidelines,42,0.58,covered
ashfield,chapter-d-precinct-guidelines,43,,figure/sparse
ashfield,chapter-d-precinct-guidelines,44,0.85,covered
ashfield,chapter-d-precinct-guidelines,45,0.91,covered
ashfield,chapter-d-precinct-guidelines,46,0.62,covered
ashfield,chapter-d-precinct-guidelines,47,,figure/sparse
ashfield,chapter-d-precinct-guidelines,48,,figure/sparse
ashfield,chapter-d-precinct-guidelines,49,0.80,covered
ashfield,chapter-d-precinct-guidelines,50,0.83,covered
ashfield,chapter-d-precinct-guidelines,51,0.84,covered
ashfield,chapter-d-precinct-guidelines,52,0.88,covered
ashfield,chapter-d-precinct-guidelines,53,0.00,GAP
ashfield,chapter-d-precinct-guidelines,54,0.70,covered
ashfield,chapter-d-precinct-guidelines,55,0.62,covered
ashfield,chapter-d-precinct-guidelines,56,0.69,covered
ashfield,chapter-d-precinct-guidelines,57,,figure/sparse
ashfield,chapter-d-precinct-guidelines,58,,figure/sparse
ashfield,chapter-d-precinct-guidelines,59,0.64,covered
ashfield,chapter-d-precinct-guidelines,60,,figure/sparse
ashfield,chapter-d-precinct-guidelines,61,0.78,covered
ashfield,chapter-d-precinct-guidelines,62,0.58,covered
ashfield,chapter-d-precinct-guidelines,63,,figure/sparse
ashfield,chapter-d-precinct-guidelines,64,,figure/sparse
ashfield,chapter-d-precinct-guidelines,65,0.00,GAP
ashfield,chapter-d-precinct-guidelines,66,0.37,GAP
ashfield,chapter-d-precinct-guidelines,67,0.80,covered
ashfield,chapter-d-precinct-guidelines,68,,figure/sparse
ashfield,chapter-d-precinct-guidelines,69,,figure/sparse
ashfield,chapter-d-precinct-guidelines,70,0.51,covered
ashfield,chapter-d-precinct-guidelines,71,,figure/sparse
ashfield,chapter-d-precinct-guidelines,72,0.65,covered
ashfield,chapter-d-precinct-guidelines,73,0.48,GAP
ashfield,chapter-d-precinct-guidelines,74,0.00,GAP
ashfield,chapter-d-precinct-guidelines,75,0.00,GAP
ashfield,chapter-d-precinct-guidelines,76,0.86,covered
ashfield,chapter-d-precinct-guidelines,77,0.87,covered
ashfield,chapter-d-precinct-guidelines,78,0.80,covered
ashfield,chapter-d-precinct-guidelines,79,0.00,GAP
ashfield,chapter-d-precinct-guidelines,80,,figure/sparse
ashfield,chapter-d-precinct-guidelines,81,0.72,covered
ashfield,chapter-d-precinct-guidelines,82,0.50,GAP
ashfield,chapter-d-precinct-guidelines,83,0.71,covered
ashfield,chapter-d-precinct-guidelines,84,,figure/sparse
ashfield,chapter-d-precinct-guidelines,85,0.77,covered
ashfield,chapter-d-precinct-guidelines,86,,figure/sparse
ashfield,chapter-d-precinct-guidelines,87,0.58,covered
ashfield,chapter-d-precinct-guidelines,88,0.14,GAP
ashfield,chapter-d-precinct-guidelines,89,,figure/sparse
ashfield,chapter-d-precinct-guidelines,90,0.00,GAP
ashfield,chapter-d-precinct-guidelines,91,0.31,GAP
ashfield,chapter-d-precinct-guidelines,92,0.35,GAP
ashfield,chapter-d-precinct-guidelines,93,0.68,covered
ashfield,chapter-d-precinct-guidelines,94,0.73,covered
ashfield,chapter-d-precinct-guidelines,95,0.51,covered
ashfield,chapter-d-precinct-guidelines,96,,figure/sparse
ashfield,chapter-d-precinct-guidelines,97,0.81,covered
ashfield,chapter-d-precinct-guidelines,98,0.76,covered
ashfield,chapter-d-precinct-guidelines,99,0.61,covered
ashfield,chapter-d-precinct-guidelines,100,0.66,covered
ashfield,chapter-d-precinct-guidelines,101,,figure/sparse
ashfield,chapter-d-precinct-guidelines,102,0.80,covered
ashfield,chapter-d-precinct-guidelines,103,0.78,covered
ashfield,chapter-d-precinct-guidelines,104,,figure/sparse
ashfield,chapter-d-precinct-guidelines,105,0.75,covered
ashfield,chapter-d-precinct-guidelines,106,0.71,covered
ashfield,chapter-d-precinct-guidelines,107,,figure/sparse
ashfield,chapter-d-precinct-guidelines,108,0.80,covered
ashfield,chapter-d-precinct-guidelines,109,0.79,covered
ashfield,chapter-d-precinct-guidelines,110,,figure/sparse
ashfield,chapter-d-precinct-guidelines,111,0.80,covered
ashfield,chapter-d-precinct-guidelines,112,0.84,covered
ashfield,chapter-d-precinct-guidelines,113,0.79,covered
ashfield,chapter-d-precinct-guidelines,114,0.78,covered
ashfield,chapter-d-precinct-guidelines,115,0.43,GAP
ashfield,chapter-d-precinct-guidelines,116,0.57,covered
ashfield,chapter-d-precinct-guidelines,117,0.00,GAP
ashfield,chapter-d-precinct-guidelines,118,0.68,covered
ashfield,chapter-d-precinct-guidelines,119,0.76,covered
ashfield,chapter-d-precinct-guidelines,120,0.80,covered
ashfield,chapter-d-precinct-guidelines,121,0.00,GAP
ashfield,chapter-d-precinct-guidelines,122,,figure/sparse
ashfield,chapter-d-precinct-guidelines,123,,figure/sparse
ashfield,chapter-d-precinct-guidelines,124,,figure/sparse
ashfield,chapter-d-precinct-guidelines,125,,figure/sparse
ashfield,chapter-d-precinct-guidelines,126,,figure/sparse
ashfield,chapter-d-precinct-guidelines,127,0.00,GAP
ashfield,chapter-d-precinct-guidelines,128,0.00,GAP
ashfield,chapter-d-precinct-guidelines,129,,figure/sparse
ashfield,chapter-d-precinct-guidelines,130,0.01,GAP
ashfield,chapter-d-precinct-guidelines,131,0.01,GAP
ashfield,chapter-d-precinct-guidelines,132,0.00,GAP
ashfield,chapter-d-precinct-guidelines,133,,figure/sparse
ashfield,chapter-d-precinct-guidelines,134,,figure/sparse
ashfield,chapter-d-precinct-guidelines,135,,figure/sparse
ashfield,chapter-d-precinct-guidelines,136,,figure/sparse
ashfield,chapter-d-precinct-guidelines,137,0.47,GAP
ashfield,chapter-d-precinct-guidelines,138,0.47,GAP
ashfield,chapter-d-precinct-guidelines,139,0.70,covered
ashfield,chapter-d-precinct-guidelines,140,0.61,covered
ashfield,chapter-d-precinct-guidelines,141,,figure/sparse
ashfield,chapter-d-precinct-guidelines,142,0.70,covered
ashfield,chapter-d-precinct-guidelines,143,0.81,covered
ashfield,chapter-d-precinct-guidelines,144,0.74,covered
ashfield,chapter-d-precinct-guidelines,145,0.00,GAP
ashfield,chapter-d-precinct-guidelines,146,0.00,GAP
ashfield,chapter-d-precinct-guidelines,147,0.00,GAP
ashfield,chapter-d-precinct-guidelines,148,0.75,covered
ashfield,chapter-d-precinct-guidelines,149,0.71,covered
ashfield,chapter-d-precinct-guidelines,150,0.64,covered
ashfield,chapter-d-precinct-guidelines,151,0.80,covered
ashfield,chapter-d-precinct-guidelines,152,0.43,GAP
ashfield,chapter-d-precinct-guidelines,153,0.08,GAP
ashfield,chapter-d-precinct-guidelines,154,,figure/sparse
ashfield,chapter-d-precinct-guidelines,155,,figure/sparse
ashfield,chapter-d-precinct-guidelines,156,,figure/sparse
ashfield,chapter-d-precinct-guidelines,157,0.94,covered
ashfield,chapter-d-precinct-guidelines,158,,figure/sparse
ashfield,chapter-d-precinct-guidelines,159,0.71,covered
ashfield,chapter-d-precinct-guidelines,160,0.84,covered
ashfield,chapter-d-precinct-guidelines,161,,figure/sparse
ashfield,chapter-d-precinct-guidelines,162,0.78,covered
ashfield,chapter-d-precinct-guidelines,163,,figure/sparse
ashfield,chapter-d-precinct-guidelines,164,0.00,GAP
ashfield,chapter-d-precinct-guidelines,165,0.84,covered
ashfield,chapter-d-precinct-guidelines,166,0.77,covered
ashfield,chapter-d-precinct-guidelines,167,0.20,GAP
ashfield,chapter-d-precinct-guidelines,168,,figure/sparse
ashfield,chapter-d-precinct-guidelines,169,,figure/sparse
ashfield,chapter-d-precinct-guidelines,170,0.47,GAP
ashfield,chapter-d-precinct-guidelines,171,,figure/sparse
ashfield,chapter-d-precinct-guidelines,172,0.42,GAP
ashfield,chapter-d-precinct-guidelines,173,0.50,covered
ashfield,chapter-d-precinct-guidelines,174,0.34,GAP
ashfield,chapter-d-precinct-guidelines,175,0.45,GAP
ashfield,chapter-d-precinct-guidelines,176,0.57,covered
ashfield,chapter-d-precinct-guidelines,177,0.56,covered
ashfield,chapter-d-precinct-guidelines,178,,figure/sparse
ashfield,chapter-d-precinct-guidelines,179,,figure/sparse
ashfield,chapter-d-precinct-guidelines,180,,figure/sparse
ashfield,chapter-d-precinct-guidelines,181,,figure/sparse
ashfield,chapter-d-precinct-guidelines,182,0.00,GAP
ashfield,chapter-d-precinct-guidelines,183,,figure/sparse
ashfield,chapter-d-precinct-guidelines,184,0.86,covered
ashfield,chapter-d-precinct-guidelines,185,0.71,covered
ashfield,chapter-d-precinct-guidelines,186,0.77,covered
ashfield,chapter-d-precinct-guidelines,187,0.50,covered
ashfield,chapter-d-precinct-guidelines,188,,figure/sparse
ashfield,chapter-d-precinct-guidelines,189,0.87,covered
ashfield,chapter-d-precinct-guidelines,190,0.67,covered
ashfield,chapter-d-precinct-guidelines,191,0.67,covered
ashfield,chapter-d-precinct-guidelines,192,,figure/sparse
ashfield,chapter-d-precinct-guidelines,193,0.94,covered
ashfield,chapter-d-precinct-guidelines,194,0.36,GAP
ashfield,chapter-d-precinct-guidelines,195,0.60,covered
ashfield,chapter-d-precinct-guidelines,196,,figure/sparse
ashfield,chapter-d-precinct-guidelines,197,0.94,covered
ashfield,chapter-d-precinct-guidelines,198,0.89,covered
ashfield,chapter-d-precinct-guidelines,199,0.91,covered
ashfield,chapter-d-precinct-guidelines,200,0.87,covered
ashfield,chapter-d-precinct-guidelines,201,0.84,covered
ashfield,chapter-d-precinct-guidelines,202,0.87,covered
ashfield,chapter-d-precinct-guidelines,203,,figure/sparse
ashfield,chapter-d-precinct-guidelines,204,,figure/sparse
ashfield,chapter-e1-heritage,1,,figure/sparse
ashfield,chapter-e1-heritage,2,0.02,GAP
ashfield,chapter-e1-heritage,3,0.00,GAP
ashfield,chapter-e1-heritage,4,,figure/sparse
ashfield,chapter-e1-heritage,5,,figure/sparse
ashfield,chapter-e1-heritage,6,0.01,GAP
ashfield,chapter-e1-heritage,7,0.03,GAP
ashfield,chapter-e1-heritage,8,0.11,GAP
ashfield,chapter-e1-heritage,9,0.00,GAP
ashfield,chapter-e1-heritage,10,0.00,GAP
ashfield,chapter-e1-heritage,11,0.43,GAP
ashfield,chapter-e1-heritage,12,0.35,GAP
ashfield,chapter-e1-heritage,13,,figure/sparse
ashfield,chapter-e1-heritage,14,0.50,covered
ashfield,chapter-e1-heritage,15,0.44,GAP
ashfield,chapter-e1-heritage,16,,figure/sparse
ashfield,chapter-e1-heritage,17,,figure/sparse
ashfield,chapter-e1-heritage,18,0.70,covered
ashfield,chapter-e1-heritage,19,0.34,GAP
ashfield,chapter-e1-heritage,20,0.85,covered
ashfield,chapter-e1-heritage,21,0.55,covered
ashfield,chapter-e1-heritage,22,0.40,GAP
ashfield,chapter-e1-heritage,23,0.74,covered
ashfield,chapter-e1-heritage,24,,figure/sparse
ashfield,chapter-e1-heritage,25,,figure/sparse
ashfield,chapter-e1-heritage,26,0.53,covered
ashfield,chapter-e1-heritage,27,0.36,GAP
ashfield,chapter-e1-heritage,28,0.67,covered
ashfield,chapter-e1-heritage,29,0.57,covered
ashfield,chapter-e1-heritage,30,0.77,covered
ashfield,chapter-e1-heritage,31,,figure/sparse
ashfield,chapter-e1-heritage,32,0.40,GAP
ashfield,chapter-e1-heritage,33,0.44,GAP
ashfield,chapter-e1-heritage,34,0.00,GAP
ashfield,chapter-e1-heritage,35,,figure/sparse
ashfield,chapter-e1-heritage,36,0.49,GAP
ashfield,chapter-e1-heritage,37,,figure/sparse
ashfield,chapter-e1-heritage,38,0.35,GAP
ashfield,chapter-e1-heritage,39,,figure/sparse
ashfield,chapter-e1-heritage,40,0.50,covered
ashfield,chapter-e1-heritage,41,0.15,GAP
ashfield,chapter-e1-heritage,42,,figure/sparse
ashfield,chapter-e1-heritage,43,,figure/sparse
ashfield,chapter-e1-heritage,44,0.00,GAP
ashfield,chapter-e1-heritage,45,0.00,GAP
ashfield,chapter-e1-heritage,46,0.00,GAP
ashfield,chapter-e1-heritage,47,0.04,GAP
ashfield,chapter-e1-heritage,48,0.14,GAP
ashfield,chapter-e1-heritage,49,0.00,GAP
ashfield,chapter-e1-heritage,50,0.00,GAP
ashfield,chapter-e1-heritage,51,0.00,GAP
ashfield,chapter-e1-heritage,52,0.66,covered
ashfield,chapter-e1-heritage,53,0.00,GAP
ashfield,chapter-e1-heritage,54,0.00,GAP
ashfield,chapter-e1-heritage,55,0.10,GAP
ashfield,chapter-e1-heritage,56,0.09,GAP
ashfield,chapter-e1-heritage,57,0.00,GAP
ashfield,chapter-e1-heritage,58,0.66,covered
ashfield,chapter-e1-heritage,59,0.00,GAP
ashfield,chapter-e1-heritage,60,0.05,GAP
ashfield,chapter-e1-heritage,61,0.48,GAP
ashfield,chapter-e1-heritage,62,0.08,GAP
ashfield,chapter-e1-heritage,63,0.00,GAP
ashfield,chapter-e1-heritage,64,0.00,GAP
ashfield,chapter-e1-heritage,65,0.66,covered
ashfield,chapter-e1-heritage,66,0.00,GAP
ashfield,chapter-e1-heritage,67,0.00,GAP
ashfield,chapter-e1-heritage,68,0.12,GAP
ashfield,chapter-e1-heritage,69,0.48,GAP
ashfield,chapter-e1-heritage,70,0.01,GAP
ashfield,chapter-e1-heritage,71,0.00,GAP
ashfield,chapter-e1-heritage,72,0.66,covered
ashfield,chapter-e1-heritage,73,0.00,GAP
ashfield,chapter-e1-heritage,74,0.00,GAP
ashfield,chapter-e1-heritage,75,0.08,GAP
ashfield,chapter-e1-heritage,76,0.42,GAP
ashfield,chapter-e1-heritage,77,0.00,GAP
ashfield,chapter-e1-heritage,78,0.00,GAP
ashfield,chapter-e1-heritage,79,0.66,covered
ashfield,chapter-e1-heritage,80,0.00,GAP
ashfield,chapter-e1-heritage,81,0.07,GAP
ashfield,chapter-e1-heritage,82,0.37,GAP
ashfield,chapter-e1-heritage,83,0.18,GAP
ashfield,chapter-e1-heritage,84,0.66,covered
ashfield,chapter-e1-heritage,85,0.00,GAP
ashfield,chapter-e1-heritage,86,0.00,GAP
ashfield,chapter-e1-heritage,87,0.04,GAP
ashfield,chapter-e1-heritage,88,0.32,GAP
ashfield,chapter-e1-heritage,89,0.06,GAP
ashfield,chapter-e1-heritage,90,0.00,GAP
ashfield,chapter-e1-heritage,91,0.66,covered
ashfield,chapter-e1-heritage,92,0.00,GAP
ashfield,chapter-e1-heritage,93,0.00,GAP
ashfield,chapter-e1-heritage,94,0.17,GAP
ashfield,chapter-e1-heritage,95,0.54,covered
ashfield,chapter-e1-heritage,96,0.00,GAP
ashfield,chapter-e1-heritage,97,0.66,covered
ashfield,chapter-e1-heritage,98,0.00,GAP
ashfield,chapter-e1-heritage,99,0.07,GAP
ashfield,chapter-e1-heritage,100,0.50,covered
ashfield,chapter-e1-heritage,101,0.66,covered
ashfield,chapter-e1-heritage,102,0.00,GAP
ashfield,chapter-e1-heritage,103,0.05,GAP
ashfield,chapter-e1-heritage,104,0.24,GAP
ashfield,chapter-e1-heritage,105,0.00,GAP
ashfield,chapter-e1-heritage,106,0.00,GAP
ashfield,chapter-e1-heritage,107,0.00,GAP
ashfield,chapter-e1-heritage,108,0.00,GAP
ashfield,chapter-e1-heritage,109,0.00,GAP
ashfield,chapter-e1-heritage,110,0.00,GAP
ashfield,chapter-e1-heritage,111,0.00,GAP
ashfield,chapter-e1-heritage,112,0.66,covered
ashfield,chapter-e1-heritage,113,0.00,GAP
ashfield,chapter-e1-heritage,114,0.05,GAP
ashfield,chapter-e1-heritage,115,0.40,GAP
ashfield,chapter-e1-heritage,116,0.01,GAP
ashfield,chapter-e1-heritage,117,0.00,GAP
ashfield,chapter-e1-heritage,118,0.66,covered
ashfield,chapter-e1-heritage,119,0.00,GAP
ashfield,chapter-e1-heritage,120,0.13,GAP
ashfield,chapter-e1-heritage,121,0.37,GAP
ashfield,chapter-e1-heritage,122,0.06,GAP
ashfield,chapter-e1-heritage,123,0.00,GAP
ashfield,chapter-e1-heritage,124,0.00,GAP
ashfield,chapter-e1-heritage,125,0.00,GAP
ashfield,chapter-e1-heritage,126,0.66,covered
ashfield,chapter-e1-heritage,127,0.00,GAP
ashfield,chapter-e1-heritage,128,0.00,GAP
ashfield,chapter-e1-heritage,129,0.00,GAP
ashfield,chapter-e1-heritage,130,0.07,GAP
ashfield,chapter-e1-heritage,131,0.27,GAP
ashfield,chapter-e1-heritage,132,0.04,GAP
ashfield,chapter-e1-heritage,133,0.00,GAP
ashfield,chapter-e1-heritage,134,0.66,covered
ashfield,chapter-e1-heritage,135,0.00,GAP
ashfield,chapter-e1-heritage,136,0.00,GAP
ashfield,chapter-e1-heritage,137,0.00,GAP
ashfield,chapter-e1-heritage,138,0.00,GAP
ashfield,chapter-e1-heritage,139,0.00,GAP
ashfield,chapter-e1-heritage,140,0.07,GAP
ashfield,chapter-e1-heritage,141,0.16,GAP
ashfield,chapter-e1-heritage,142,0.00,GAP
ashfield,chapter-e1-heritage,143,0.66,covered
ashfield,chapter-e1-heritage,144,0.00,GAP
ashfield,chapter-e1-heritage,145,0.56,covered
ashfield,chapter-e1-heritage,146,0.81,covered
ashfield,chapter-e1-heritage,147,0.67,covered
ashfield,chapter-e1-heritage,148,0.66,covered
ashfield,chapter-e1-heritage,149,0.00,GAP
ashfield,chapter-e1-heritage,150,0.68,covered
ashfield,chapter-e1-heritage,151,0.91,covered
ashfield,chapter-e1-heritage,152,0.62,covered
ashfield,chapter-e1-heritage,153,0.66,covered
ashfield,chapter-e1-heritage,154,0.00,GAP
ashfield,chapter-e1-heritage,155,0.57,covered
ashfield,chapter-e1-heritage,156,0.92,covered
ashfield,chapter-e1-heritage,157,0.12,GAP
ashfield,chapter-e1-heritage,158,0.00,GAP
ashfield,chapter-e1-heritage,159,0.00,GAP
ashfield,chapter-e1-heritage,160,0.66,covered
ashfield,chapter-e1-heritage,161,0.00,GAP
ashfield,chapter-e1-heritage,162,0.00,GAP
ashfield,chapter-e1-heritage,163,0.00,GAP
ashfield,chapter-e1-heritage,164,0.11,GAP
ashfield,chapter-e1-heritage,165,0.27,GAP
ashfield,chapter-e1-heritage,166,0.66,covered
ashfield,chapter-e1-heritage,167,0.00,GAP
ashfield,chapter-e1-heritage,168,0.05,GAP
ashfield,chapter-e1-heritage,169,0.52,covered
ashfield,chapter-e1-heritage,170,0.00,GAP
ashfield,chapter-e1-heritage,171,0.00,GAP
ashfield,chapter-e1-heritage,172,0.65,covered
ashfield,chapter-e1-heritage,173,0.00,GAP
ashfield,chapter-e1-heritage,174,0.00,GAP
ashfield,chapter-e1-heritage,175,0.04,GAP
ashfield,chapter-e1-heritage,176,0.76,covered
ashfield,chapter-e1-heritage,177,0.01,GAP
ashfield,chapter-e1-heritage,178,0.00,GAP
ashfield,chapter-e1-heritage,179,0.00,GAP
ashfield,chapter-e1-heritage,180,0.66,covered
ashfield,chapter-e1-heritage,181,0.00,GAP
ashfield,chapter-e1-heritage,182,0.84,covered
ashfield,chapter-e1-heritage,183,0.88,covered
ashfield,chapter-e1-heritage,184,0.20,GAP
ashfield,chapter-e1-heritage,185,0.00,GAP
ashfield,chapter-e1-heritage,186,0.00,GAP
ashfield,chapter-e1-heritage,187,0.00,GAP
ashfield,chapter-e1-heritage,188,0.66,covered
ashfield,chapter-e1-heritage,189,0.00,GAP
ashfield,chapter-e1-heritage,190,0.00,GAP
ashfield,chapter-e1-heritage,191,0.55,covered
ashfield,chapter-e1-heritage,192,0.79,covered
ashfield,chapter-e1-heritage,193,0.02,GAP
ashfield,chapter-e1-heritage,194,0.00,GAP
ashfield,chapter-e1-heritage,195,0.66,covered
ashfield,chapter-e1-heritage,196,0.00,GAP
ashfield,chapter-e1-heritage,197,0.10,GAP
ashfield,chapter-e1-heritage,198,0.07,GAP
ashfield,chapter-e1-heritage,199,0.66,covered
ashfield,chapter-e1-heritage,200,0.00,GAP
ashfield,chapter-e1-heritage,201,0.14,GAP
ashfield,chapter-e1-heritage,202,0.07,GAP
ashfield,chapter-e1-heritage,203,0.66,covered
ashfield,chapter-e1-heritage,204,0.00,GAP
ashfield,chapter-e1-heritage,205,0.70,covered
ashfield,chapter-e1-heritage,206,0.60,covered
ashfield,chapter-e1-heritage,207,0.00,GAP
ashfield,chapter-e1-heritage,208,0.00,GAP
ashfield,chapter-e1-heritage,209,0.66,covered
ashfield,chapter-e1-heritage,210,0.00,GAP
ashfield,chapter-e1-heritage,211,0.68,covered
ashfield,chapter-e1-heritage,212,0.87,covered
ashfield,chapter-e1-heritage,213,0.02,GAP
ashfield,chapter-e1-heritage,214,0.00,GAP
ashfield,chapter-e1-heritage,215,0.66,covered
ashfield,chapter-e1-heritage,216,0.00,GAP
ashfield,chapter-e1-heritage,217,0.00,GAP
ashfield,chapter-e1-heritage,218,0.68,covered
ashfield,chapter-e1-heritage,219,0.89,covered
ashfield,chapter-e1-heritage,220,0.69,covered
ashfield,chapter-e1-heritage,221,,figure/sparse
ashfield,chapter-e1-heritage,222,0.66,covered
ashfield,chapter-e1-heritage,223,0.00,GAP
ashfield,chapter-e1-heritage,224,0.00,GAP
ashfield,chapter-e1-heritage,225,0.64,covered
ashfield,chapter-e1-heritage,226,0.89,covered
ashfield,chapter-e1-heritage,227,0.86,covered
ashfield,chapter-e1-heritage,228,0.00,GAP
ashfield,chapter-e1-heritage,229,0.00,GAP
ashfield,chapter-e1-heritage,230,0.66,covered
ashfield,chapter-e1-heritage,231,0.00,GAP
ashfield,chapter-e1-heritage,232,0.09,GAP
ashfield,chapter-e1-heritage,233,0.54,covered
ashfield,chapter-e1-heritage,234,0.00,GAP
ashfield,chapter-e1-heritage,235,0.00,GAP
ashfield,chapter-e1-heritage,236,,figure/sparse
ashfield,chapter-e1-heritage,237,0.66,covered
ashfield,chapter-e1-heritage,238,0.00,GAP
ashfield,chapter-e1-heritage,239,0.00,GAP
ashfield,chapter-e1-heritage,240,0.18,GAP
ashfield,chapter-e1-heritage,241,0.24,GAP
ashfield,chapter-e1-heritage,242,0.66,covered
ashfield,chapter-e1-heritage,243,0.00,GAP
ashfield,chapter-e1-heritage,244,0.08,GAP
ashfield,chapter-e1-heritage,245,0.36,GAP
ashfield,chapter-e1-heritage,246,0.06,GAP
ashfield,chapter-e1-heritage,247,0.00,GAP
ashfield,chapter-e1-heritage,248,0.00,GAP
ashfield,chapter-e1-heritage,249,0.00,GAP
ashfield,chapter-e1-heritage,250,0.66,covered
ashfield,chapter-e1-heritage,251,0.00,GAP
ashfield,chapter-e1-heritage,252,0.00,GAP
ashfield,chapter-e1-heritage,253,0.09,GAP
ashfield,chapter-e1-heritage,254,0.41,GAP
ashfield,chapter-e1-heritage,255,0.04,GAP
ashfield,chapter-e1-heritage,256,0.00,GAP
ashfield,chapter-e1-heritage,257,0.00,GAP
ashfield,chapter-e1-heritage,258,0.66,covered
ashfield,chapter-e1-heritage,259,0.00,GAP
ashfield,chapter-e1-heritage,260,0.00,GAP
ashfield,chapter-e1-heritage,261,0.10,GAP
ashfield,chapter-e1-heritage,262,0.44,GAP
ashfield,chapter-e1-heritage,263,0.00,GAP
ashfield,chapter-e1-heritage,264,0.00,GAP
ashfield,chapter-e1-heritage,265,0.00,GAP
ashfield,chapter-e1-heritage,266,0.66,covered
ashfield,chapter-e1-heritage,267,0.00,GAP
ashfield,chapter-e1-heritage,268,0.00,GAP
ashfield,chapter-e1-heritage,269,0.09,GAP
ashfield,chapter-e1-heritage,270,0.43,GAP
ashfield,chapter-e1-heritage,271,0.01,GAP
ashfield,chapter-e1-heritage,272,0.00,GAP
ashfield,chapter-e1-heritage,273,0.00,GAP
ashfield,chapter-e1-heritage,274,0.66,covered
ashfield,chapter-e1-heritage,275,0.00,GAP
ashfield,chapter-e1-heritage,276,0.07,GAP
ashfield,chapter-e1-heritage,277,0.31,GAP
ashfield,chapter-e1-heritage,278,0.00,GAP
ashfield,chapter-e1-heritage,279,0.00,GAP
ashfield,chapter-e1-heritage,280,0.66,covered
ashfield,chapter-e1-heritage,281,0.00,GAP
ashfield,chapter-e1-heritage,282,0.00,GAP
ashfield,chapter-e1-heritage,283,0.08,GAP
ashfield,chapter-e1-heritage,284,0.45,GAP
ashfield,chapter-e1-heritage,285,0.07,GAP
ashfield,chapter-e1-heritage,286,0.00,GAP
ashfield,chapter-e1-heritage,287,,figure/sparse
ashfield,chapter-e1-heritage,288,0.66,covered
ashfield,chapter-e1-heritage,289,0.00,GAP
ashfield,chapter-e1-heritage,290,0.00,GAP
ashfield,chapter-e1-heritage,291,0.62,covered
ashfield,chapter-e1-heritage,292,0.42,GAP
ashfield,chapter-e1-heritage,293,0.00,GAP
ashfield,chapter-e1-heritage,294,0.00,GAP
ashfield,chapter-e1-heritage,295,0.66,covered
ashfield,chapter-e1-heritage,296,0.00,GAP
ashfield,chapter-e1-heritage,297,0.67,covered
ashfield,chapter-e1-heritage,298,0.72,covered
ashfield,chapter-e1-heritage,299,0.00,GAP
ashfield,chapter-e1-heritage,300,0.00,GAP
ashfield,chapter-e1-heritage,301,0.66,covered
ashfield,chapter-e1-heritage,302,0.00,GAP
ashfield,chapter-e1-heritage,303,0.00,GAP
ashfield,chapter-e1-heritage,304,0.02,GAP
ashfield,chapter-e1-heritage,305,0.56,covered
ashfield,chapter-e1-heritage,306,0.00,GAP
ashfield,chapter-e1-heritage,307,0.00,GAP
ashfield,chapter-e1-heritage,308,0.66,covered
ashfield,chapter-e1-heritage,309,0.00,GAP
ashfield,chapter-e1-heritage,310,0.06,GAP
ashfield,chapter-e1-heritage,311,0.28,GAP
ashfield,chapter-e1-heritage,312,0.00,GAP
ashfield,chapter-e1-heritage,313,0.00,GAP
ashfield,chapter-e1-heritage,314,0.00,GAP
ashfield,chapter-e1-heritage,315,0.66,covered
ashfield,chapter-e1-heritage,316,0.00,GAP
ashfield,chapter-e1-heritage,317,0.10,GAP
ashfield,chapter-e1-heritage,318,0.23,GAP
ashfield,chapter-e1-heritage,319,0.13,GAP
ashfield,chapter-e1-heritage,320,0.00,GAP
ashfield,chapter-e1-heritage,321,0.00,GAP
ashfield,chapter-e1-heritage,322,0.00,GAP
ashfield,chapter-e1-heritage,323,0.00,GAP
ashfield,chapter-e1-heritage,324,0.66,covered
ashfield,chapter-e1-heritage,325,0.00,GAP
ashfield,chapter-e1-heritage,326,0.00,GAP
ashfield,chapter-e1-heritage,327,0.00,GAP
ashfield,chapter-e1-heritage,328,0.00,GAP
ashfield,chapter-e1-heritage,329,0.13,GAP
ashfield,chapter-e1-heritage,330,0.38,GAP
ashfield,chapter-e1-heritage,331,0.00,GAP
ashfield,chapter-e1-heritage,332,0.66,covered
ashfield,chapter-e1-heritage,333,0.00,GAP
ashfield,chapter-e1-heritage,334,0.10,GAP
ashfield,chapter-e1-heritage,335,0.39,GAP
ashfield,chapter-e1-heritage,336,0.05,GAP
ashfield,chapter-e1-heritage,337,0.00,GAP
ashfield,chapter-e1-heritage,338,0.66,covered
ashfield,chapter-e1-heritage,339,0.00,GAP
ashfield,chapter-e1-heritage,340,0.00,GAP
ashfield,chapter-e1-heritage,341,0.00,GAP
ashfield,chapter-e1-heritage,342,0.14,GAP
ashfield,chapter-e1-heritage,343,0.13,GAP
ashfield,chapter-e1-heritage,344,0.01,GAP
ashfield,chapter-e1-heritage,345,0.00,GAP
ashfield,chapter-e1-heritage,346,0.00,GAP
ashfield,chapter-e1-heritage,347,0.66,covered
ashfield,chapter-e1-heritage,348,0.00,GAP
ashfield,chapter-e1-heritage,349,0.65,covered
ashfield,chapter-e1-heritage,350,0.89,covered
ashfield,chapter-e1-heritage,351,0.25,GAP
ashfield,chapter-e1-heritage,352,0.66,covered
ashfield,chapter-e1-heritage,353,0.00,GAP
ashfield,chapter-e1-heritage,354,0.00,GAP
ashfield,chapter-e1-heritage,355,0.00,GAP
ashfield,chapter-e1-heritage,356,0.00,GAP
ashfield,chapter-e1-heritage,357,0.00,GAP
ashfield,chapter-e1-heritage,358,0.71,covered
ashfield,chapter-e1-heritage,359,0.81,covered
ashfield,chapter-e1-heritage,360,0.00,GAP
ashfield,chapter-e1-heritage,361,0.00,GAP
ashfield,chapter-e1-heritage,362,0.00,GAP
ashfield,chapter-e1-heritage,363,0.00,GAP
ashfield,chapter-e1-heritage,364,0.00,GAP
ashfield,chapter-e1-heritage,365,0.00,GAP
ashfield,chapter-e1-heritage,366,0.66,covered
ashfield,chapter-e1-heritage,367,0.00,GAP
ashfield,chapter-e1-heritage,368,0.00,GAP
ashfield,chapter-e1-heritage,369,0.17,GAP
ashfield,chapter-e1-heritage,370,0.27,GAP
ashfield,chapter-e1-heritage,371,0.10,GAP
ashfield,chapter-e1-heritage,372,0.00,GAP
ashfield,chapter-e1-heritage,373,0.00,GAP
ashfield,chapter-e1-heritage,374,0.66,covered
ashfield,chapter-e1-heritage,375,0.00,GAP
ashfield,chapter-e1-heritage,376,0.00,GAP
ashfield,chapter-e1-heritage,377,,figure/sparse
ashfield,chapter-e1-heritage,378,0.17,GAP
ashfield,chapter-e1-heritage,379,0.49,GAP
ashfield,chapter-e1-heritage,380,0.00,GAP
ashfield,chapter-e1-heritage,381,0.00,GAP
ashfield,chapter-e1-heritage,382,0.66,covered
ashfield,chapter-e1-heritage,383,0.00,GAP
ashfield,chapter-e1-heritage,384,0.10,GAP
ashfield,chapter-e1-heritage,385,0.22,GAP
ashfield,chapter-e1-heritage,386,0.01,GAP
ashfield,chapter-e1-heritage,387,0.00,GAP
ashfield,chapter-e1-heritage,388,0.00,GAP
ashfield,chapter-e1-heritage,389,0.66,covered
ashfield,chapter-e1-heritage,390,0.00,GAP
ashfield,chapter-e1-heritage,391,0.00,GAP
ashfield,chapter-e1-heritage,392,,figure/sparse
ashfield,chapter-e2-haberfield,1,0.00,GAP
ashfield,chapter-e2-haberfield,2,0.00,GAP
ashfield,chapter-e2-haberfield,3,0.49,GAP
ashfield,chapter-e2-haberfield,4,0.00,GAP
ashfield,chapter-e2-haberfield,5,0.33,GAP
ashfield,chapter-e2-haberfield,6,0.22,GAP
ashfield,chapter-e2-haberfield,7,0.48,GAP
ashfield,chapter-e2-haberfield,8,0.38,GAP
ashfield,chapter-e2-haberfield,9,0.37,GAP
ashfield,chapter-e2-haberfield,10,0.33,GAP
ashfield,chapter-e2-haberfield,11,0.36,GAP
ashfield,chapter-e2-haberfield,12,0.25,GAP
ashfield,chapter-e2-haberfield,13,0.43,GAP
ashfield,chapter-e2-haberfield,14,0.27,GAP
ashfield,chapter-e2-haberfield,15,0.31,GAP
ashfield,chapter-e2-haberfield,16,0.14,GAP
ashfield,chapter-e2-haberfield,17,0.36,GAP
ashfield,chapter-e2-haberfield,18,0.24,GAP
ashfield,chapter-e2-haberfield,19,0.29,GAP
ashfield,chapter-e2-haberfield,20,0.45,GAP
ashfield,chapter-e2-haberfield,21,0.27,GAP
ashfield,chapter-e2-haberfield,22,0.53,covered
ashfield,chapter-f-dev-category,1,,figure/sparse
ashfield,chapter-f-dev-category,2,0.00,GAP
ashfield,chapter-f-dev-category,3,,figure/sparse
ashfield,chapter-f-dev-category,4,0.89,covered
ashfield,chapter-f-dev-category,5,0.82,covered
ashfield,chapter-f-dev-category,6,0.72,covered
ashfield,chapter-f-dev-category,7,,figure/sparse
ashfield,chapter-f-dev-category,8,0.76,covered
ashfield,chapter-f-dev-category,9,0.71,covered
ashfield,chapter-f-dev-category,10,0.52,covered
ashfield,chapter-f-dev-category,11,0.75,covered
ashfield,chapter-f-dev-category,12,0.76,covered
ashfield,chapter-f-dev-category,13,0.62,covered
ashfield,chapter-f-dev-category,14,0.21,GAP
ashfield,chapter-f-dev-category,15,,figure/sparse
ashfield,chapter-f-dev-category,16,0.50,covered
ashfield,chapter-f-dev-category,17,0.62,covered
ashfield,chapter-f-dev-category,18,,figure/sparse
ashfield,chapter-f-dev-category,19,0.67,covered
ashfield,chapter-f-dev-category,20,0.61,covered
ashfield,chapter-f-dev-category,21,0.36,GAP
ashfield,chapter-f-dev-category,22,,figure/sparse
ashfield,chapter-f-dev-category,23,0.55,covered
ashfield,chapter-f-dev-category,24,0.56,covered
ashfield,chapter-f-dev-category,25,0.39,GAP
ashfield,chapter-f-dev-category,26,0.73,covered
ashfield,chapter-f-dev-category,27,0.84,covered
ashfield,chapter-f-dev-category,28,0.86,covered
ashfield,chapter-f-dev-category,29,0.79,covered
ashfield,chapter-f-dev-category,30,0.74,covered
ashfield,chapter-f-dev-category,31,0.87,covered
ashfield,chapter-f-dev-category,32,0.40,GAP
ashfield,chapter-f-dev-category,33,0.67,covered
ashfield,chapter-f-dev-category,34,0.70,covered
ashfield,chapter-f-dev-category,35,,figure/sparse
ashfield,chapter-f-dev-category,36,0.53,covered
ashfield,chapter-f-dev-category,37,0.49,GAP
ashfield,chapter-f-dev-category,38,0.74,covered
ashfield,chapter-f-dev-category,39,0.45,GAP
ashfield,chapter-f-dev-category,40,0.26,GAP
ashfield,chapter-f-dev-category,41,0.24,GAP
ashfield,chapter-f-dev-category,42,0.54,covered
ashfield,chapter-f-dev-category,43,0.11,GAP
ashfield,chapter-f-dev-category,44,0.51,covered
ashfield,chapter-f-dev-category,45,0.47,GAP
ashfield,chapter-f-dev-category,46,0.01,GAP
ashfield,chapter-f-dev-category,47,0.00,GAP
ashfield,chapter-f-dev-category,48,0.01,GAP
ashfield,chapter-f-dev-category,49,,figure/sparse
ashfield,chapter-f-dev-category,50,,figure/sparse
ashfield,chapter-f-dev-category,51,0.66,covered
ashfield,chapter-f-dev-category,52,0.70,covered
ashfield,chapter-f-dev-category,53,0.88,covered
ashfield,chapter-f-dev-category,54,0.72,covered
ashfield,chapter-f-dev-category,55,0.77,covered
ashfield,chapter-f-dev-category,56,,figure/sparse
ashfield,chapter-f-dev-category,57,0.64,covered
ashfield,chapter-f-dev-category,58,0.76,covered
ashfield,chapter-f-dev-category,59,0.64,covered
ashfield,chapter-f-dev-category,60,,figure/sparse
ashfield,chapter-f-dev-category,61,0.85,covered
ashfield,chapter-f-dev-category,62,0.76,covered
ashfield,chapter-f-dev-category,63,0.75,covered
ashfield,chapter-f-dev-category,64,0.90,covered
ashfield,chapter-f-dev-category,65,0.74,covered
ashfield,chapter-f-dev-category,66,0.89,covered
ashfield,chapter-f-dev-category,67,,figure/sparse
ashfield,chapter-f-dev-category,68,,figure/sparse
ashfield,chapter-f-dev-category,69,,figure/sparse
ashfield,chapter-f-dev-category,70,0.89,covered
ashfield,chapter-f-dev-category,71,0.77,covered
ashfield,chapter-f-dev-category,72,0.76,covered
ashfield,chapter-f-dev-category,73,0.56,covered
ashfield,chapter-f-dev-category,74,,figure/sparse
ashfield,chapter-f-dev-category,75,0.00,GAP
ashfield,chapter-f-dev-category,76,0.00,GAP
ashfield,chapter-f-dev-category,77,0.00,GAP
ashfield,chapter-f-dev-category,78,,figure/sparse
ashfield,chapter-f-dev-category,79,0.74,covered
ashfield,chapter-f-dev-category,80,0.20,GAP
ashfield,chapter-f-dev-category,81,0.01,GAP
ashfield,chapter-f-dev-category,82,,figure/sparse
ashfield,chapter-f-dev-category,83,0.81,covered
ashfield,chapter-f-dev-category,84,0.69,covered
ashfield,chapter-f-dev-category,85,0.84,covered
marrickville,da-guidelines,1,,figure/sparse
marrickville,da-guidelines,2,,figure/sparse
marrickville,da-guidelines,3,0.96,covered
marrickville,da-guidelines,4,,figure/sparse
marrickville,da-guidelines,5,0.96,covered
marrickville,da-guidelines,6,0.98,covered
marrickville,da-guidelines,7,0.98,covered
marrickville,da-guidelines,8,0.98,covered
marrickville,da-guidelines,9,0.94,covered
marrickville,part1-statutory-info,1,,figure/sparse
marrickville,part1-statutory-info,2,,figure/sparse
marrickville,part1-statutory-info,3,0.06,GAP
marrickville,part1-statutory-info,4,,figure/sparse
marrickville,part1-statutory-info,5,0.88,covered
marrickville,part1-statutory-info,6,0.43,GAP
marrickville,part1-statutory-info,7,0.60,covered
marrickville,part1-statutory-info,8,0.05,GAP
marrickville,part1-statutory-info,9,0.50,GAP
marrickville,part1-statutory-info,10,0.86,covered
marrickville,part10-definitions,1,,figure/sparse
marrickville,part10-definitions,2,0.93,covered
marrickville,part10-definitions,3,0.94,covered
marrickville,part10-definitions,4,0.97,covered
marrickville,part2-s01-urban-design,1,,figure/sparse
marrickville,part2-s01-urban-design,2,,figure/sparse
marrickville,part2-s01-urban-design,3,0.10,GAP
marrickville,part2-s01-urban-design,4,,figure/sparse
marrickville,part2-s01-urban-design,5,0.54,covered
marrickville,part2-s01-urban-design,6,0.94,covered
marrickville,part2-s01-urban-design,7,0.96,covered
marrickville,part2-s01-urban-design,8,0.62,covered
marrickville,part2-s01-urban-design,9,0.01,GAP
marrickville,part2-s01-urban-design,10,0.00,GAP
marrickville,part2-s01-urban-design,11,0.00,GAP
marrickville,part2-s01-urban-design,12,0.00,GAP
marrickville,part2-s01-urban-design,13,0.45,GAP
marrickville,part2-s01-urban-design,14,0.29,GAP
marrickville,part2-s01-urban-design,15,0.78,covered
marrickville,part2-s01-urban-design,16,0.59,covered
marrickville,part2-s01-urban-design,17,0.71,covered
marrickville,part2-s01-urban-design,18,0.00,GAP
marrickville,part2-s03-site-context-analysis,1,,figure/sparse
marrickville,part2-s03-site-context-analysis,2,,figure/sparse
marrickville,part2-s03-site-context-analysis,3,0.09,GAP
marrickville,part2-s03-site-context-analysis,4,,figure/sparse
marrickville,part2-s03-site-context-analysis,5,0.11,GAP
marrickville,part2-s03-site-context-analysis,6,0.73,covered
marrickville,part2-s03-site-context-analysis,7,0.85,covered
marrickville,part2-s03-site-context-analysis,8,0.91,covered
marrickville,part2-s03-site-context-analysis,9,,figure/sparse
marrickville,part2-s05-equity-access-mobility,1,,figure/sparse
marrickville,part2-s05-equity-access-mobility,2,,figure/sparse
marrickville,part2-s05-equity-access-mobility,3,0.00,GAP
marrickville,part2-s05-equity-access-mobility,4,,figure/sparse
marrickville,part2-s05-equity-access-mobility,5,0.22,GAP
marrickville,part2-s05-equity-access-mobility,6,0.40,GAP
marrickville,part2-s05-equity-access-mobility,7,0.53,covered
marrickville,part2-s05-equity-access-mobility,8,0.90,covered
marrickville,part2-s05-equity-access-mobility,9,0.73,covered
marrickville,part2-s05-equity-access-mobility,10,0.12,GAP
marrickville,part2-s05-equity-access-mobility,11,0.96,covered
marrickville,part2-s05-equity-access-mobility,12,0.93,covered
marrickville,part2-s05-equity-access-mobility,13,0.81,covered
marrickville,part2-s05-equity-access-mobility,14,0.66,covered
marrickville,part2-s05-equity-access-mobility,15,0.03,GAP
marrickville,part2-s05-equity-access-mobility,16,0.02,GAP
marrickville,part2-s05-equity-access-mobility,17,0.01,GAP
marrickville,part2-s05-equity-access-mobility,18,0.02,GAP
marrickville,part2-s06-privacy,1,,figure/sparse
marrickville,part2-s06-privacy,2,,figure/sparse
marrickville,part2-s06-privacy,3,0.00,GAP
marrickville,part2-s06-privacy,4,,figure/sparse
marrickville,part2-s06-privacy,5,0.24,GAP
marrickville,part2-s06-privacy,6,0.59,covered
marrickville,part2-s06-privacy,7,0.79,covered
marrickville,part2-s06-privacy,8,0.83,covered
marrickville,part2-s06-privacy,9,0.72,covered
marrickville,part2-s07-solar-access,1,,figure/sparse
marrickville,part2-s07-solar-access,2,,figure/sparse
marrickville,part2-s07-solar-access,3,0.12,GAP
marrickville,part2-s07-solar-access,4,,figure/sparse
marrickville,part2-s07-solar-access,5,0.35,GAP
marrickville,part2-s07-solar-access,6,0.72,covered
marrickville,part2-s07-solar-access,7,0.69,covered
marrickville,part2-s07-solar-access,8,0.41,GAP
marrickville,part2-s07-solar-access,9,0.16,GAP
marrickville,part2-s08-social-impact,1,,figure/sparse
marrickville,part2-s08-social-impact,2,,figure/sparse
marrickville,part2-s08-social-impact,3,0.00,GAP
marrickville,part2-s08-social-impact,4,,figure/sparse
marrickville,part2-s08-social-impact,5,0.42,GAP
marrickville,part2-s08-social-impact,6,0.73,covered
marrickville,part2-s08-social-impact,7,0.48,GAP
marrickville,part2-s08-social-impact,8,0.00,GAP
marrickville,part2-s09-community-safety,1,,figure/sparse
marrickville,part2-s09-community-safety,2,,figure/sparse
marrickville,part2-s09-community-safety,3,0.12,GAP
marrickville,part2-s09-community-safety,4,,figure/sparse
marrickville,part2-s09-community-safety,5,0.60,covered
marrickville,part2-s09-community-safety,6,0.87,covered
marrickville,part2-s09-community-safety,7,0.84,covered
marrickville,part2-s09-community-safety,8,0.63,covered
marrickville,part2-s09-community-safety,9,0.86,covered
marrickville,part2-s09-community-safety,10,0.74,covered
marrickville,part2-s09-community-safety,11,0.86,covered
marrickville,part2-s09-community-safety,12,0.78,covered
marrickville,part2-s09-community-safety,13,0.55,covered
marrickville,part2-s09-community-safety,14,0.59,covered
marrickville,part2-s10-parking,1,,figure/sparse
marrickville,part2-s10-parking,2,,figure/sparse
marrickville,part2-s10-parking,3,0.03,GAP
marrickville,part2-s10-parking,4,,figure/sparse
marrickville,part2-s10-parking,5,0.44,GAP
marrickville,part2-s10-parking,6,0.11,GAP
marrickville,part2-s10-parking,7,0.00,GAP
marrickville,part2-s10-parking,8,0.09,GAP
marrickville,part2-s10-parking,9,0.03,GAP
marrickville,part2-s10-parking,10,0.01,GAP
marrickville,part2-s10-parking,11,0.47,GAP
marrickville,part2-s10-parking,12,0.65,covered
marrickville,part2-s10-parking,13,0.85,covered
marrickville,part2-s10-parking,14,0.88,covered
marrickville,part2-s10-parking,15,0.76,covered
marrickville,part2-s10-parking,16,0.51,covered
marrickville,part2-s10-parking,17,0.35,GAP
marrickville,part2-s10-parking,18,0.74,covered
marrickville,part2-s10-parking,19,0.78,covered
marrickville,part2-s10-parking,20,0.50,covered
marrickville,part2-s10-parking,21,0.51,covered
marrickville,part2-s10-parking,22,0.86,covered
marrickville,part2-s10-parking,23,,figure/sparse
marrickville,part2-s11-fencing,1,,figure/sparse
marrickville,part2-s11-fencing,2,,figure/sparse
marrickville,part2-s11-fencing,3,0.00,GAP
marrickville,part2-s11-fencing,4,,figure/sparse
marrickville,part2-s11-fencing,5,0.46,GAP
marrickville,part2-s11-fencing,6,0.68,covered
marrickville,part2-s11-fencing,7,0.75,covered
marrickville,part2-s11-fencing,8,0.67,covered
marrickville,part2-s11-fencing,9,0.64,covered
marrickville,part2-s11-fencing,10,0.00,GAP
marrickville,part2-s11-fencing,11,0.00,GAP
marrickville,part2-s11-fencing,12,0.00,GAP
marrickville,part2-s11-fencing,13,0.00,GAP
marrickville,part2-s11-fencing,14,0.44,GAP
marrickville,part2-s11-fencing,15,0.86,covered
marrickville,part2-s11-fencing,16,0.87,covered
marrickville,part2-s12-signs,1,,figure/sparse
marrickville,part2-s12-signs,2,,figure/sparse
marrickville,part2-s12-signs,3,0.06,GAP
marrickville,part2-s12-signs,4,,figure/sparse
marrickville,part2-s12-signs,5,0.37,GAP
marrickville,part2-s12-signs,6,0.94,covered
marrickville,part2-s12-signs,7,0.93,covered
marrickville,part2-s12-signs,8,0.90,covered
marrickville,part2-s12-signs,9,0.76,covered
marrickville,part2-s12-signs,10,0.84,covered
marrickville,part2-s12-signs,11,0.73,covered
marrickville,part2-s12-signs,12,0.43,GAP
marrickville,part2-s12-signs,13,0.79,covered
marrickville,part2-s12-signs,14,0.77,covered
marrickville,part2-s12-signs,15,0.63,covered
marrickville,part2-s12-signs,16,0.86,covered
marrickville,part2-s12-signs,17,0.21,GAP
marrickville,part2-s13-biodiversity,1,,figure/sparse
marrickville,part2-s13-biodiversity,2,,figure/sparse
marrickville,part2-s13-biodiversity,3,0.04,GAP
marrickville,part2-s13-biodiversity,4,,figure/sparse
marrickville,part2-s13-biodiversity,5,0.00,GAP
marrickville,part2-s13-biodiversity,6,0.52,covered
marrickville,part2-s13-biodiversity,7,0.00,GAP
marrickville,part2-s13-biodiversity,8,0.45,GAP
marrickville,part2-s13-biodiversity,9,0.70,covered
marrickville,part2-s13-biodiversity,10,0.86,covered
marrickville,part2-s13-biodiversity,11,0.00,GAP
marrickville,part2-s13-biodiversity,12,0.00,GAP
marrickville,part2-s13-biodiversity,13,0.00,GAP
marrickville,part2-s13-biodiversity,14,0.00,GAP
marrickville,part2-s13-biodiversity,15,,figure/sparse
marrickville,part2-s14-unique-env-features,1,,figure/sparse
marrickville,part2-s14-unique-env-features,2,,figure/sparse
marrickville,part2-s14-unique-env-features,3,0.05,GAP
marrickville,part2-s14-unique-env-features,4,,figure/sparse
marrickville,part2-s14-unique-env-features,5,0.22,GAP
marrickville,part2-s14-unique-env-features,6,0.72,covered
marrickville,part2-s14-unique-env-features,7,0.12,GAP
marrickville,part2-s14-unique-env-features,8,0.00,GAP
marrickville,part2-s14-unique-env-features,9,0.00,GAP
marrickville,part2-s14-unique-env-features,10,0.45,GAP
marrickville,part2-s14-unique-env-features,11,0.55,covered
marrickville,part2-s14-unique-env-features,12,0.00,GAP
marrickville,part2-s14-unique-env-features,13,,figure/sparse
marrickville,part2-s16-energy-efficiency,1,,figure/sparse
marrickville,part2-s16-energy-efficiency,2,,figure/sparse
marrickville,part2-s16-energy-efficiency,3,0.00,GAP
marrickville,part2-s16-energy-efficiency,4,,figure/sparse
marrickville,part2-s16-energy-efficiency,5,0.84,covered
marrickville,part2-s16-energy-efficiency,6,0.87,covered
marrickville,part2-s16-energy-efficiency,7,0.83,covered
marrickville,part2-s16-energy-efficiency,8,0.61,covered
marrickville,part2-s16-energy-efficiency,9,0.75,covered
marrickville,part2-s16-energy-efficiency,10,0.77,covered
marrickville,part2-s16-energy-efficiency,11,0.76,covered
marrickville,part2-s16-energy-efficiency,12,0.80,covered
marrickville,part2-s16-energy-efficiency,13,0.00,GAP
marrickville,part2-s17-water-sensitive,1,,figure/sparse
marrickville,part2-s17-water-sensitive,2,,figure/sparse
marrickville,part2-s17-water-sensitive,3,0.00,GAP
marrickville,part2-s17-water-sensitive,4,,figure/sparse
marrickville,part2-s17-water-sensitive,5,0.23,GAP
marrickville,part2-s17-water-sensitive,6,0.23,GAP
marrickville,part2-s17-water-sensitive,7,0.62,covered
marrickville,part2-s17-water-sensitive,8,0.59,covered
marrickville,part2-s17-water-sensitive,9,0.81,covered
marrickville,part2-s18-landscaping,1,,figure/sparse
marrickville,part2-s18-landscaping,2,,figure/sparse
marrickville,part2-s18-landscaping,3,0.07,GAP
marrickville,part2-s18-landscaping,4,,figure/sparse
marrickville,part2-s18-landscaping,5,0.40,GAP
marrickville,part2-s18-landscaping,6,0.52,covered
marrickville,part2-s18-landscaping,7,0.82,covered
marrickville,part2-s18-landscaping,8,0.78,covered
marrickville,part2-s18-landscaping,9,0.80,covered
marrickville,part2-s18-landscaping,10,0.53,covered
marrickville,part2-s18-landscaping,11,0.55,covered
marrickville,part2-s18-landscaping,12,0.83,covered
marrickville,part2-s18-landscaping,13,0.67,covered
marrickville,part2-s18-landscaping,14,0.64,covered
marrickville,part2-s18-landscaping,15,0.60,covered
marrickville,part2-s18-landscaping,16,0.00,GAP
marrickville,part2-s18-landscaping,17,0.00,GAP
marrickville,part2-s18-landscaping,18,0.00,GAP
marrickville,part2-s20-tree-management,1,,figure/sparse
marrickville,part2-s20-tree-management,2,,figure/sparse
marrickville,part2-s20-tree-management,3,0.81,covered
marrickville,part2-s20-tree-management,4,0.73,covered
marrickville,part2-s20-tree-management,5,0.85,covered
marrickville,part2-s20-tree-management,6,0.92,covered
marrickville,part2-s20-tree-management,7,0.74,covered
marrickville,part2-s20-tree-management,8,0.60,covered
marrickville,part2-s20-tree-management,9,0.51,covered
marrickville,part2-s20-tree-management,10,0.84,covered
marrickville,part2-s20-tree-management,11,0.00,GAP
marrickville,part2-s20-tree-management,12,0.00,GAP
marrickville,part2-s21-site-facilities-waste,1,,figure/sparse
marrickville,part2-s21-site-facilities-waste,2,,figure/sparse
marrickville,part2-s21-site-facilities-waste,3,0.16,GAP
marrickville,part2-s21-site-facilities-waste,4,0.08,GAP
marrickville,part2-s21-site-facilities-waste,5,0.61,covered
marrickville,part2-s21-site-facilities-waste,6,0.97,covered
marrickville,part2-s21-site-facilities-waste,7,0.45,GAP
marrickville,part2-s21-site-facilities-waste,8,0.78,covered
marrickville,part2-s21-site-facilities-waste,9,0.88,covered
marrickville,part2-s21-site-facilities-waste,10,0.82,covered
marrickville,part2-s21-site-facilities-waste,11,0.73,covered
marrickville,part2-s21-site-facilities-waste,12,0.28,GAP
marrickville,part2-s21-site-facilities-waste,13,0.81,covered
marrickville,part2-s21-site-facilities-waste,14,0.44,GAP
marrickville,part2-s21-site-facilities-waste,15,0.71,covered
marrickville,part2-s21-site-facilities-waste,16,0.00,GAP
marrickville,part2-s21-site-facilities-waste,17,0.00,GAP
marrickville,part2-s21-site-facilities-waste,18,,figure/sparse
marrickville,part2-s21-site-facilities-waste,19,,figure/sparse
marrickville,part2-s21-site-facilities-waste,20,0.09,GAP
marrickville,part2-s21-site-facilities-waste,21,0.00,GAP
marrickville,part2-s21-site-facilities-waste,22,0.00,GAP
marrickville,part2-s21-site-facilities-waste,23,0.00,GAP
marrickville,part2-s21-site-facilities-waste,24,0.00,GAP
marrickville,part2-s21-site-facilities-waste,25,0.51,covered
marrickville,part2-s21-site-facilities-waste,26,0.76,covered
marrickville,part2-s21-site-facilities-waste,27,0.74,covered
marrickville,part2-s21-site-facilities-waste,28,0.61,covered
marrickville,part2-s21-site-facilities-waste,29,0.70,covered
marrickville,part2-s21-site-facilities-waste,30,0.00,GAP
marrickville,part2-s21-site-facilities-waste,31,0.64,covered
marrickville,part2-s21-site-facilities-waste,32,0.39,GAP
marrickville,part2-s21-site-facilities-waste,33,0.69,covered
marrickville,part2-s21-site-facilities-waste,34,0.40,GAP
marrickville,part2-s21-site-facilities-waste,35,0.61,covered
marrickville,part2-s22-flood-management,1,,figure/sparse
marrickville,part2-s22-flood-management,2,,figure/sparse
marrickville,part2-s22-flood-management,3,0.00,GAP
marrickville,part2-s22-flood-management,4,,figure/sparse
marrickville,part2-s22-flood-management,5,0.23,GAP
marrickville,part2-s22-flood-management,6,0.28,GAP
marrickville,part2-s22-flood-management,7,0.93,covered
marrickville,part2-s22-flood-management,8,0.70,covered
marrickville,part2-s22-flood-management,9,0.82,covered
marrickville,part2-s22-flood-management,10,0.59,covered
marrickville,part2-s22-flood-management,11,0.82,covered
marrickville,part2-s22-flood-management,12,0.00,GAP
marrickville,part2-s22-flood-management,13,0.44,GAP
marrickville,part2-s22-flood-management,14,,figure/sparse
marrickville,part2-s22-flood-management,15,,figure/sparse
marrickville,part2-s23-acid-sulfate,1,,figure/sparse
marrickville,part2-s23-acid-sulfate,2,,figure/sparse
marrickville,part2-s23-acid-sulfate,3,0.12,GAP
marrickville,part2-s23-acid-sulfate,4,,figure/sparse
marrickville,part2-s23-acid-sulfate,5,0.00,GAP
marrickville,part2-s23-acid-sulfate,6,0.35,GAP
marrickville,part2-s23-acid-sulfate,7,0.61,covered
marrickville,part2-s23-acid-sulfate,8,0.01,GAP
marrickville,part2-s24-contaminated-land,1,,figure/sparse
marrickville,part2-s24-contaminated-land,2,,figure/sparse
marrickville,part2-s24-contaminated-land,3,0.11,GAP
marrickville,part2-s24-contaminated-land,4,,figure/sparse
marrickville,part2-s24-contaminated-land,5,0.58,covered
marrickville,part2-s24-contaminated-land,6,0.92,covered
marrickville,part2-s24-contaminated-land,7,0.00,GAP
marrickville,part2-s24-contaminated-land,8,0.00,GAP
marrickville,part2-s24-contaminated-land,9,0.85,covered
marrickville,part2-s24-contaminated-land,10,0.54,covered
marrickville,part2-s24-contaminated-land,11,0.91,covered
marrickville,part2-s24-contaminated-land,12,0.82,covered
marrickville,part2-s24-contaminated-land,13,0.37,GAP
marrickville,part2-s24-contaminated-land,14,0.81,covered
marrickville,part2-s24-contaminated-land,15,0.76,covered
marrickville,part2-s24-contaminated-land,16,0.52,covered
marrickville,part2-s24-contaminated-land,17,0.75,covered
marrickville,part2-s24-contaminated-land,18,0.86,covered
marrickville,part2-s24-contaminated-land,19,0.87,covered
marrickville,part2-s24-contaminated-land,20,0.83,covered
marrickville,part2-s24-contaminated-land,21,0.66,covered
marrickville,part2-s25-stormwater,1,,figure/sparse
marrickville,part2-s25-stormwater,2,,figure/sparse
marrickville,part2-s25-stormwater,3,0.08,GAP
marrickville,part2-s25-stormwater,4,,figure/sparse
marrickville,part2-s25-stormwater,5,0.19,GAP
marrickville,part2-s25-stormwater,6,0.53,covered
marrickville,part2-s25-stormwater,7,0.82,covered
marrickville,part2-s25-stormwater,8,0.80,covered
marrickville,part2-s25-stormwater,9,0.80,covered
marrickville,part2-s25-stormwater,10,0.74,covered
marrickville,part2-s25-stormwater,11,0.68,covered
marrickville,part2-s26-entertainment-precincts,1,0.00,GAP
marrickville,part2-s26-entertainment-precincts,2,,figure/sparse
marrickville,part2-s26-entertainment-precincts,3,0.00,GAP
marrickville,part2-s26-entertainment-precincts,4,0.42,GAP
marrickville,part2-s26-entertainment-precincts,5,0.33,GAP
marrickville,part2-s26-entertainment-precincts,6,0.60,covered
marrickville,part2-s26-entertainment-precincts,7,0.89,covered
marrickville,part3-subdivision,1,,figure/sparse
marrickville,part3-subdivision,2,,figure/sparse
marrickville,part3-subdivision,3,0.12,GAP
marrickville,part3-subdivision,4,,figure/sparse
marrickville,part3-subdivision,5,0.00,GAP
marrickville,part3-subdivision,6,0.63,covered
marrickville,part3-subdivision,7,0.08,GAP
marrickville,part3-subdivision,8,0.65,covered
marrickville,part3-subdivision,9,0.38,GAP
marrickville,part3-subdivision,10,0.79,covered
marrickville,part3-subdivision,11,0.27,GAP
marrickville,part3-subdivision,12,0.00,GAP
marrickville,part3-subdivision,13,0.31,GAP
marrickville,part3-subdivision,14,0.44,GAP
marrickville,part3-subdivision,15,0.69,covered
marrickville,part3-subdivision,16,0.58,covered
marrickville,part4-s1-low-density,1,,figure/sparse
marrickville,part4-s1-low-density,2,,figure/sparse
marrickville,part4-s1-low-density,3,0.00,GAP
marrickville,part4-s1-low-density,4,0.00,GAP
marrickville,part4-s1-low-density,5,0.00,GAP
marrickville,part4-s1-low-density,6,,figure/sparse
marrickville,part4-s1-low-density,7,0.25,GAP
marrickville,part4-s1-low-density,8,0.00,GAP
marrickville,part4-s1-low-density,9,0.01,GAP
marrickville,part4-s1-low-density,10,0.01,GAP
marrickville,part4-s1-low-density,11,0.53,covered
marrickville,part4-s1-low-density,12,0.49,GAP
marrickville,part4-s1-low-density,13,0.83,covered
marrickville,part4-s1-low-density,14,0.96,covered
marrickville,part4-s1-low-density,15,0.35,GAP
marrickville,part4-s1-low-density,16,0.27,GAP
marrickville,part4-s1-low-density,17,0.70,covered
marrickville,part4-s1-low-density,18,0.55,covered
marrickville,part4-s1-low-density,19,0.84,covered
marrickville,part4-s1-low-density,20,0.83,covered
marrickville,part4-s1-low-density,21,0.33,GAP
marrickville,part4-s1-low-density,22,0.50,covered
marrickville,part4-s1-low-density,23,0.60,covered
marrickville,part4-s1-low-density,24,0.83,covered
marrickville,part4-s1-low-density,25,0.35,GAP
marrickville,part4-s1-low-density,26,0.72,covered
marrickville,part4-s1-low-density,27,0.44,GAP
marrickville,part4-s1-low-density,28,0.00,GAP
marrickville,part4-s1-low-density,29,0.41,GAP
marrickville,part4-s1-low-density,30,0.34,GAP
marrickville,part4-s1-low-density,31,0.76,covered
marrickville,part4-s1-low-density,32,0.78,covered
marrickville,part4-s1-low-density,33,0.59,covered
marrickville,part4-s1-low-density,34,0.16,GAP
marrickville,part4-s1-low-density,35,0.38,GAP
marrickville,part4-s1-low-density,36,0.00,GAP
marrickville,part4-s1-low-density,37,0.58,covered
marrickville,part4-s1-low-density,38,0.71,covered
marrickville,part4-s1-low-density,39,0.00,GAP
marrickville,part4-s1-low-density,40,0.60,covered
marrickville,part4-s1-low-density,41,0.00,GAP
marrickville,part4-s1-low-density,42,0.58,covered
marrickville,part4-s1-low-density,43,0.00,GAP
marrickville,part4-s1-low-density,44,0.63,covered
marrickville,part4-s1-low-density,45,0.00,GAP
marrickville,part4-s1-low-density,46,0.60,covered
marrickville,part4-s1-low-density,47,0.00,GAP
marrickville,part4-s1-low-density,48,0.58,covered
marrickville,part4-s1-low-density,49,0.00,GAP
marrickville,part4-s1-low-density,50,0.32,GAP
marrickville,part4-s1-low-density,51,0.00,GAP
marrickville,part4-s1-low-density,52,0.41,GAP
marrickville,part4-s1-low-density,53,0.00,GAP
marrickville,part4-s1-low-density,54,0.42,GAP
marrickville,part4-s1-low-density,55,0.00,GAP
marrickville,part4-s2-multi-dwelling,1,,figure/sparse
marrickville,part4-s2-multi-dwelling,2,,figure/sparse
marrickville,part4-s2-multi-dwelling,3,0.02,GAP
marrickville,part4-s2-multi-dwelling,4,,figure/sparse
marrickville,part4-s2-multi-dwelling,5,0.23,GAP
marrickville,part4-s2-multi-dwelling,6,0.64,covered
marrickville,part4-s2-multi-dwelling,7,0.72,covered
marrickville,part4-s2-multi-dwelling,8,0.51,covered
marrickville,part4-s2-multi-dwelling,9,0.50,GAP
marrickville,part4-s2-multi-dwelling,10,0.88,covered
marrickville,part4-s2-multi-dwelling,11,0.58,covered
marrickville,part4-s2-multi-dwelling,12,0.70,covered
marrickville,part4-s2-multi-dwelling,13,0.69,covered
marrickville,part4-s2-multi-dwelling,14,0.71,covered
marrickville,part4-s2-multi-dwelling,15,0.28,GAP
marrickville,part4-s2-multi-dwelling,16,0.28,GAP
marrickville,part4-s2-multi-dwelling,17,0.01,GAP
marrickville,part4-s2-multi-dwelling,18,0.04,GAP
marrickville,part4-s3-boarding-houses,1,,figure/sparse
marrickville,part4-s3-boarding-houses,2,,figure/sparse
marrickville,part4-s3-boarding-houses,3,0.00,GAP
marrickville,part4-s3-boarding-houses,4,,figure/sparse
marrickville,part4-s3-boarding-houses,5,0.18,GAP
marrickville,part4-s3-boarding-houses,6,0.13,GAP
marrickville,part4-s3-boarding-houses,7,0.67,covered
marrickville,part4-s3-boarding-houses,8,0.58,covered
marrickville,part4-s3-boarding-houses,9,0.71,covered
marrickville,part5-commercial-mixed-use,1,,figure/sparse
marrickville,part5-commercial-mixed-use,2,,figure/sparse
marrickville,part5-commercial-mixed-use,3,0.03,GAP
marrickville,part5-commercial-mixed-use,4,0.00,GAP
marrickville,part5-commercial-mixed-use,5,0.45,GAP
marrickville,part5-commercial-mixed-use,6,0.38,GAP
marrickville,part5-commercial-mixed-use,7,0.82,covered
marrickville,part5-commercial-mixed-use,8,0.63,covered
marrickville,part5-commercial-mixed-use,9,0.28,GAP
marrickville,part5-commercial-mixed-use,10,0.40,GAP
marrickville,part5-commercial-mixed-use,11,0.40,GAP
marrickville,part5-commercial-mixed-use,12,0.86,covered
marrickville,part5-commercial-mixed-use,13,0.82,covered
marrickville,part5-commercial-mixed-use,14,0.72,covered
marrickville,part5-commercial-mixed-use,15,0.00,GAP
marrickville,part5-commercial-mixed-use,16,0.53,covered
marrickville,part5-commercial-mixed-use,17,0.76,covered
marrickville,part5-commercial-mixed-use,18,0.57,covered
marrickville,part5-commercial-mixed-use,19,0.27,GAP
marrickville,part5-commercial-mixed-use,20,0.36,GAP
marrickville,part5-commercial-mixed-use,21,0.40,GAP
marrickville,part5-commercial-mixed-use,22,0.52,covered
marrickville,part5-commercial-mixed-use,23,0.69,covered
marrickville,part5-commercial-mixed-use,24,0.60,covered
marrickville,part5-commercial-mixed-use,25,0.40,GAP
marrickville,part5-commercial-mixed-use,26,0.69,covered
marrickville,part5-commercial-mixed-use,27,0.61,covered
marrickville,part5-commercial-mixed-use,28,,figure/sparse
marrickville,part5-commercial-mixed-use,29,0.01,GAP
marrickville,part5-commercial-mixed-use,30,0.63,covered
marrickville,part5-commercial-mixed-use,31,0.47,GAP
marrickville,part5-commercial-mixed-use,32,0.63,covered
marrickville,part5-commercial-mixed-use,33,0.28,GAP
marrickville,part5-commercial-mixed-use,34,0.74,covered
marrickville,part5-commercial-mixed-use,35,0.00,GAP
marrickville,part5-commercial-mixed-use,36,0.33,GAP
marrickville,part5-commercial-mixed-use,37,0.55,covered
marrickville,part5-commercial-mixed-use,38,0.67,covered
marrickville,part5-commercial-mixed-use,39,0.69,covered
marrickville,part5-commercial-mixed-use,40,0.55,covered
marrickville,part5-commercial-mixed-use,41,0.61,covered
marrickville,part5-commercial-mixed-use,42,0.69,covered
marrickville,part5-commercial-mixed-use,43,0.81,covered
marrickville,part5-commercial-mixed-use,44,,figure/sparse
marrickville,part5-commercial-mixed-use,45,0.67,covered
marrickville,part5-commercial-mixed-use,46,0.58,covered
marrickville,part6-industrial,1,,figure/sparse
marrickville,part6-industrial,2,,figure/sparse
marrickville,part6-industrial,3,0.02,GAP
marrickville,part6-industrial,4,,figure/sparse
marrickville,part6-industrial,5,0.36,GAP
marrickville,part6-industrial,6,0.60,covered
marrickville,part6-industrial,7,0.62,covered
marrickville,part6-industrial,8,0.51,covered
marrickville,part6-industrial,9,0.82,covered
marrickville,part6-industrial,10,0.76,covered
marrickville,part6-industrial,11,0.69,covered
marrickville,part6-industrial,12,0.69,covered
marrickville,part6-industrial,13,0.00,GAP
marrickville,part6-industrial,14,0.69,covered
marrickville,part6-industrial,15,0.66,covered
marrickville,part6-industrial,16,0.71,covered
marrickville,part6-industrial,17,0.40,GAP
marrickville,part6-industrial,18,0.18,GAP
marrickville,part6-industrial,19,0.55,covered
marrickville,part6-industrial,20,0.72,covered
marrickville,part6-industrial,21,0.75,covered
marrickville,part6-industrial,22,0.94,covered
marrickville,part6-industrial,23,0.10,GAP
marrickville,part6-industrial,24,0.01,GAP
marrickville,part6-industrial,25,0.00,GAP
marrickville,part6-industrial,26,0.44,GAP
marrickville,part6-industrial,27,0.00,GAP
marrickville,part6-industrial,28,0.01,GAP
marrickville,part6-industrial,29,0.49,GAP
marrickville,part6-industrial,30,0.79,covered
marrickville,part6-industrial,31,0.59,covered
marrickville,part6-industrial,32,0.35,GAP
marrickville,part6-industrial,33,0.40,GAP
marrickville,part6-industrial,34,0.31,GAP
marrickville,part7-s1-childcare,1,,figure/sparse
marrickville,part7-s1-childcare,2,,figure/sparse
marrickville,part7-s1-childcare,3,0.00,GAP
marrickville,part7-s1-childcare,4,,figure/sparse
marrickville,part7-s1-childcare,5,,figure/sparse
marrickville,part7-s1-childcare,6,,figure/sparse
marrickville,part7-s1-childcare,7,0.36,GAP
marrickville,part7-s1-childcare,8,0.00,GAP
marrickville,part7-s1-childcare,9,0.43,GAP
marrickville,part7-s1-childcare,10,0.66,covered
marrickville,part7-s1-childcare,11,0.62,covered
marrickville,part7-s3-sex-industry,1,,figure/sparse
marrickville,part7-s3-sex-industry,2,,figure/sparse
marrickville,part7-s3-sex-industry,3,0.00,GAP
marrickville,part7-s3-sex-industry,4,,figure/sparse
marrickville,part7-s3-sex-industry,5,0.01,GAP
marrickville,part7-s3-sex-industry,6,0.83,covered
marrickville,part7-s3-sex-industry,7,0.69,covered
marrickville,part7-s3-sex-industry,8,0.50,covered
marrickville,part7-s3-sex-industry,9,0.91,covered
marrickville,part7-s3-sex-industry,10,0.78,covered
marrickville,part7-s3-sex-industry,11,0.81,covered
marrickville,part7-s3-sex-industry,12,0.60,covered
marrickville,part7-s3-sex-industry,13,0.30,GAP
marrickville,part7-s3-sex-industry,14,0.92,covered
marrickville,part7-s3-sex-industry,15,0.79,covered
marrickville,part7-s3-sex-industry,16,0.90,covered
marrickville,part7-s3-sex-industry,17,0.83,covered
marrickville,part7-s3-sex-industry,18,0.91,covered
marrickville,part7-s3-sex-industry,19,0.67,covered
marrickville,part7-s3-sex-industry,20,0.01,GAP
marrickville,part7-s3-sex-industry,21,0.00,GAP
marrickville,part7-s3-sex-industry,22,0.02,GAP
marrickville,part7-s3-sex-industry,23,0.47,GAP
marrickville,part7-s3-sex-industry,24,0.88,covered
marrickville,part7-s3-sex-industry,25,0.54,covered
marrickville,part7-s3-sex-industry,26,0.84,covered
marrickville,part7-s3-sex-industry,27,0.89,covered
marrickville,part7-s3-sex-industry,28,0.46,GAP
marrickville,part8-heritage,1,,figure/sparse
marrickville,part8-heritage,2,,figure/sparse
marrickville,part8-heritage,3,0.06,GAP
marrickville,part8-heritage,4,0.07,GAP
marrickville,part8-heritage,5,0.21,GAP
marrickville,part8-heritage,6,0.21,GAP
marrickville,part8-heritage,7,0.18,GAP
marrickville,part8-heritage,8,0.16,GAP
marrickville,part8-heritage,9,0.20,GAP
marrickville,part8-heritage,10,0.18,GAP
marrickville,part8-heritage,11,0.19,GAP
marrickville,part8-heritage,12,0.19,GAP
marrickville,part8-heritage,13,0.01,GAP
marrickville,part8-heritage,14,,figure/sparse
marrickville,part8-heritage,15,0.18,GAP
marrickville,part8-heritage,16,0.00,GAP
marrickville,part8-heritage,17,0.00,GAP
marrickville,part8-heritage,18,0.01,GAP
marrickville,part8-heritage,19,0.02,GAP
marrickville,part8-heritage,20,0.40,GAP
marrickville,part8-heritage,21,0.60,covered
marrickville,part8-heritage,22,0.02,GAP
marrickville,part8-heritage,23,0.00,GAP
marrickville,part8-heritage,24,0.01,GAP
marrickville,part8-heritage,25,0.29,GAP
marrickville,part8-heritage,26,0.09,GAP
marrickville,part8-heritage,27,0.41,GAP
marrickville,part8-heritage,28,0.00,GAP
marrickville,part8-heritage,29,0.81,covered
marrickville,part8-heritage,30,0.49,GAP
marrickville,part8-heritage,31,0.16,GAP
marrickville,part8-heritage,32,0.11,GAP
marrickville,part8-heritage,33,0.47,GAP
marrickville,part8-heritage,34,0.84,covered
marrickville,part8-heritage,35,0.50,covered
marrickville,part8-heritage,36,0.52,covered
marrickville,part8-heritage,37,0.41,GAP
marrickville,part8-heritage,38,0.66,covered
marrickville,part8-heritage,39,0.75,covered
marrickville,part8-heritage,40,,figure/sparse
marrickville,part8-heritage,41,0.02,GAP
marrickville,part8-heritage,42,0.00,GAP
marrickville,part8-heritage,43,0.05,GAP
marrickville,part8-heritage,44,0.01,GAP
marrickville,part8-heritage,45,0.02,GAP
marrickville,part8-heritage,46,0.00,GAP
marrickville,part8-heritage,47,0.10,GAP
marrickville,part8-heritage,48,0.16,GAP
marrickville,part8-heritage,49,0.40,GAP
marrickville,part8-heritage,50,0.30,GAP
marrickville,part8-heritage,51,0.49,GAP
marrickville,part8-heritage,52,0.33,GAP
marrickville,part8-heritage,53,0.19,GAP
marrickville,part8-heritage,54,0.35,GAP
marrickville,part8-heritage,55,0.67,covered
marrickville,part8-heritage,56,0.34,GAP
marrickville,part8-heritage,57,0.09,GAP
marrickville,part8-heritage,58,0.13,GAP
marrickville,part8-heritage,59,0.81,covered
marrickville,part8-heritage,60,0.00,GAP
marrickville,part8-heritage,61,0.07,GAP
marrickville,part8-heritage,62,0.49,GAP
marrickville,part8-heritage,63,0.73,covered
marrickville,part8-heritage,64,0.38,GAP
marrickville,part8-heritage,65,0.09,GAP
marrickville,part8-heritage,66,0.21,GAP
marrickville,part8-heritage,67,0.05,GAP
marrickville,part8-heritage,68,,figure/sparse
marrickville,part8-heritage,69,0.22,GAP
marrickville,part8-heritage,70,0.33,GAP
marrickville,part8-heritage,71,0.75,covered
marrickville,part8-heritage,72,0.02,GAP
marrickville,part8-heritage,73,0.70,covered
marrickville,part8-heritage,74,0.81,covered
marrickville,part8-heritage,75,0.64,covered
marrickville,part8-heritage,76,0.90,covered
marrickville,part8-heritage,77,0.88,covered
marrickville,part8-heritage,78,0.82,covered
marrickville,part8-heritage,79,0.86,covered
marrickville,part8-heritage,80,0.93,covered
marrickville,part8-heritage,81,0.36,GAP
marrickville,part8-heritage,82,0.00,GAP
marrickville,part8-heritage,83,0.79,covered
marrickville,part8-heritage,84,0.87,covered
marrickville,part8-heritage,85,0.80,covered
marrickville,part8-heritage,86,0.80,covered
marrickville,part8-heritage,87,0.73,covered
marrickville,part8-heritage,88,0.83,covered
marrickville,part8-heritage,89,0.78,covered
marrickville,part8-heritage,90,0.78,covered
marrickville,part8-heritage,91,0.79,covered
marrickville,part8-heritage,92,0.74,covered
marrickville,part8-heritage,93,0.79,covered
marrickville,part8-heritage,94,0.84,covered
marrickville,part8-heritage,95,0.72,covered
marrickville,part8-heritage,96,0.83,covered
marrickville,part8-heritage,97,0.87,covered
marrickville,part8-heritage,98,0.82,covered
marrickville,part8-heritage,99,0.74,covered
marrickville,part8-heritage,100,0.96,covered
marrickville,part8-heritage,101,0.89,covered
marrickville,part8-heritage,102,0.90,covered
marrickville,part8-heritage,103,0.61,covered
marrickville,part8-heritage,104,0.92,covered
marrickville,part8-heritage,105,0.92,covered
marrickville,part8-heritage,106,0.73,covered
marrickville,part8-heritage,107,0.75,covered
marrickville,part8-heritage,108,0.96,covered
marrickville,part8-heritage,109,0.43,GAP
marrickville,part8-heritage,110,0.43,GAP
marrickville,part8-heritage,111,0.04,GAP
marrickville,part8-heritage,112,0.47,GAP
marrickville,part8-heritage,113,0.76,covered
marrickville,part8-heritage,114,0.02,GAP
marrickville,part8-heritage,115,0.32,GAP
marrickville,part8-heritage,116,0.72,covered
marrickville,part8-heritage,117,0.15,GAP
marrickville,part8-heritage,118,0.04,GAP
marrickville,part8-heritage,119,0.50,covered
marrickville,part8-heritage,120,0.70,covered
marrickville,part8-heritage,121,0.07,GAP
marrickville,part8-heritage,122,0.07,GAP
marrickville,part8-heritage,123,0.39,GAP
marrickville,part8-heritage,124,0.78,covered
marrickville,part8-heritage,125,0.15,GAP
marrickville,part8-heritage,126,0.50,covered
marrickville,part8-heritage,127,0.68,covered
marrickville,part8-heritage,128,0.16,GAP
marrickville,part8-heritage,129,0.75,covered
marrickville,part8-heritage,130,0.73,covered
marrickville,part8-heritage,131,0.05,GAP
marrickville,part8-heritage,132,0.38,GAP
marrickville,part8-heritage,133,0.82,covered
marrickville,part8-heritage,134,0.66,covered
marrickville,part8-heritage,135,0.86,covered
marrickville,part8-heritage,136,0.81,covered
marrickville,part8-heritage,137,0.69,covered
marrickville,part8-heritage,138,0.78,covered
marrickville,part8-heritage,139,0.81,covered
marrickville,part8-heritage,140,0.73,covered
marrickville,part8-heritage,141,0.77,covered
marrickville,part8-heritage,142,0.88,covered
marrickville,part8-heritage,143,0.78,covered
marrickville,part8-heritage,144,0.81,covered
marrickville,part8-heritage,145,0.49,GAP
marrickville,part8-heritage,146,0.02,GAP
marrickville,part8-heritage,147,0.19,GAP
marrickville,part8-heritage,148,0.40,GAP
marrickville,part8-heritage,149,0.67,covered
marrickville,part8-heritage,150,0.00,GAP
marrickville,part8-heritage,151,0.07,GAP
marrickville,part8-heritage,152,0.36,GAP
marrickville,part8-heritage,153,0.48,GAP
marrickville,part8-heritage,154,0.24,GAP
marrickville,part8-heritage,155,0.48,GAP
marrickville,part8-heritage,156,0.56,covered
marrickville,part8-heritage,157,0.76,covered
marrickville,part8-heritage,158,0.95,covered
marrickville,part8-heritage,159,0.93,covered
marrickville,part8-heritage,160,0.82,covered
marrickville,part8-heritage,161,0.81,covered
marrickville,part8-heritage,162,0.94,covered
marrickville,part8-heritage,163,0.94,covered
marrickville,part8-heritage,164,0.66,covered
marrickville,part8-heritage,165,0.93,covered
marrickville,part8-heritage,166,0.95,covered
marrickville,part8-heritage,167,0.58,covered
marrickville,part8-heritage,168,0.76,covered
marrickville,part8-heritage,169,0.54,covered
marrickville,part8-heritage,170,0.70,covered
marrickville,part8-heritage,171,0.09,GAP
marrickville,part8-heritage,172,0.16,GAP
marrickville,part8-heritage,173,0.45,GAP
marrickville,part8-heritage,174,0.56,covered
marrickville,part8-heritage,175,0.02,GAP
marrickville,part8-heritage,176,0.13,GAP
marrickville,part8-heritage,177,0.48,GAP
marrickville,part8-heritage,178,0.52,covered
marrickville,part8-heritage,179,0.03,GAP
marrickville,part8-heritage,180,0.13,GAP
marrickville,part8-heritage,181,0.52,covered
marrickville,part8-heritage,182,0.68,covered
marrickville,part8-heritage,183,0.01,GAP
marrickville,part8-heritage,184,0.29,GAP
marrickville,part8-heritage,185,0.83,covered
marrickville,part8-heritage,186,,figure/sparse
marrickville,part8-heritage,187,0.02,GAP
marrickville,part8-heritage,188,0.06,GAP
marrickville,part8-heritage,189,0.19,GAP
marrickville,part8-heritage,190,0.01,GAP
marrickville,part8-heritage,191,0.02,GAP
marrickville,part8-heritage,192,0.67,covered
marrickville,part8-heritage,193,0.75,covered
marrickville,part8-heritage,194,0.08,GAP
marrickville,part8-heritage,195,0.40,GAP
marrickville,part8-heritage,196,0.34,GAP
marrickville,part8-heritage,197,0.37,GAP
marrickville,part8-heritage,198,0.57,covered
marrickville,part8-heritage,199,0.01,GAP
marrickville,part8-heritage,200,0.41,GAP
marrickville,part8-heritage,201,0.32,GAP
marrickville,part8-heritage,202,0.23,GAP
marrickville,part8-heritage,203,0.15,GAP
marrickville,part8-heritage,204,0.29,GAP
marrickville,part8-heritage,205,0.28,GAP
marrickville,part8-heritage,206,0.16,GAP
marrickville,part8-heritage,207,0.38,GAP
marrickville,part8-heritage,208,0.02,GAP
marrickville,part8-heritage,209,0.18,GAP
marrickville,part8-heritage,210,0.38,GAP
marrickville,part8-heritage,211,0.16,GAP
marrickville,part8-heritage,212,0.15,GAP
marrickville,part8-heritage,213,0.62,covered
marrickville,part8-heritage,214,0.50,covered
marrickville,part8-heritage,215,0.00,GAP
marrickville,part8-heritage,216,,figure/sparse
marrickville,part8-heritage,217,,figure/sparse
marrickville,part8-heritage,218,,figure/sparse
marrickville,part8-heritage,219,,figure/sparse
marrickville,part8-heritage,220,,figure/sparse
marrickville,part8-heritage,221,,figure/sparse
marrickville,part8-heritage,222,,figure/sparse
marrickville,part8-heritage,223,0.00,GAP
marrickville,part8-heritage,224,,figure/sparse
marrickville,part8-heritage,225,,figure/sparse
marrickville,part8-heritage,226,,figure/sparse
marrickville,part8-heritage,227,,figure/sparse
marrickville,part8-heritage,228,,figure/sparse
marrickville,part8-heritage,229,0.00,GAP
marrickville,part8-heritage,230,,figure/sparse
marrickville,part8-heritage,231,0.00,GAP
marrickville,part8-heritage,232,,figure/sparse
marrickville,part8-heritage,233,0.00,GAP
marrickville,part8-heritage,234,,figure/sparse
marrickville,part8-heritage,235,,figure/sparse
marrickville,part8-heritage,236,,figure/sparse
marrickville,part8-heritage,237,0.28,GAP
marrickville,part8-heritage,238,0.74,covered
marrickville,part8-heritage,239,0.63,covered
marrickville,part8-heritage,240,0.71,covered
marrickville,part8-heritage,241,0.18,GAP
marrickville,part8-heritage,242,0.44,GAP
marrickville,part8-heritage,243,0.23,GAP
marrickville,part8-heritage,244,0.27,GAP
marrickville,part8-heritage,245,0.60,covered
marrickville,part8-heritage,246,0.19,GAP
marrickville,part8-heritage,247,0.26,GAP
marrickville,part8-heritage,248,,figure/sparse
marrickville,part9-intro,1,0.98,covered
marrickville,part9-intro,2,0.85,covered
marrickville,part9-p01-lewisham-north,1,,figure/sparse
marrickville,part9-p01-lewisham-north,2,,figure/sparse
marrickville,part9-p01-lewisham-north,3,0.00,GAP
marrickville,part9-p01-lewisham-north,4,,figure/sparse
marrickville,part9-p01-lewisham-north,5,0.00,GAP
marrickville,part9-p01-lewisham-north,6,0.05,GAP
marrickville,part9-p01-lewisham-north,7,0.68,covered
marrickville,part9-p01-lewisham-north,8,0.68,covered
marrickville,part9-p01-lewisham-north,9,0.79,covered
marrickville,part9-p01-lewisham-north,10,,figure/sparse
marrickville,part9-p01-lewisham-north,11,,figure/sparse
marrickville,part9-p02-petersham-north,1,,figure/sparse
marrickville,part9-p02-petersham-north,2,,figure/sparse
marrickville,part9-p02-petersham-north,3,0.12,GAP
marrickville,part9-p02-petersham-north,4,,figure/sparse
marrickville,part9-p02-petersham-north,5,0.00,GAP
marrickville,part9-p02-petersham-north,6,0.11,GAP
marrickville,part9-p02-petersham-north,7,0.30,GAP
marrickville,part9-p02-petersham-north,8,0.21,GAP
marrickville,part9-p02-petersham-north,9,0.79,covered
marrickville,part9-p02-petersham-north,10,,figure/sparse
marrickville,part9-p03-stanmore-north,1,,figure/sparse
marrickville,part9-p03-stanmore-north,2,,figure/sparse
marrickville,part9-p03-stanmore-north,3,0.15,GAP
marrickville,part9-p03-stanmore-north,4,,figure/sparse
marrickville,part9-p03-stanmore-north,5,0.00,GAP
marrickville,part9-p03-stanmore-north,6,0.13,GAP
marrickville,part9-p03-stanmore-north,7,0.16,GAP
marrickville,part9-p03-stanmore-north,8,0.03,GAP
marrickville,part9-p03-stanmore-north,9,0.83,covered
marrickville,part9-p04-newtown-north,1,,figure/sparse
marrickville,part9-p04-newtown-north,2,,figure/sparse
marrickville,part9-p04-newtown-north,3,0.13,GAP
marrickville,part9-p04-newtown-north,4,,figure/sparse
marrickville,part9-p04-newtown-north,5,0.00,GAP
marrickville,part9-p04-newtown-north,6,0.00,GAP
marrickville,part9-p04-newtown-north,7,0.34,GAP
marrickville,part9-p04-newtown-north,8,0.03,GAP
marrickville,part9-p04-newtown-north,9,0.57,covered
marrickville,part9-p05-lewisham-south,1,,figure/sparse
marrickville,part9-p05-lewisham-south,2,,figure/sparse
marrickville,part9-p05-lewisham-south,3,0.05,GAP
marrickville,part9-p05-lewisham-south,4,,figure/sparse
marrickville,part9-p05-lewisham-south,5,0.00,GAP
marrickville,part9-p05-lewisham-south,6,0.05,GAP
marrickville,part9-p05-lewisham-south,7,0.80,covered
marrickville,part9-p05-lewisham-south,8,0.79,covered
marrickville,part9-p05-lewisham-south,9,0.76,covered
marrickville,part9-p05-lewisham-south,10,0.68,covered
marrickville,part9-p05-lewisham-south,11,,figure/sparse
marrickville,part9-p05-lewisham-south,12,0.55,covered
marrickville,part9-p05-lewisham-south,13,0.75,covered
marrickville,part9-p05-lewisham-south,14,,figure/sparse
marrickville,part9-p05-lewisham-south,15,,figure/sparse
marrickville,part9-p06-petersham-south,1,,figure/sparse
marrickville,part9-p06-petersham-south,2,,figure/sparse
marrickville,part9-p06-petersham-south,3,0.09,GAP
marrickville,part9-p06-petersham-south,4,,figure/sparse
marrickville,part9-p06-petersham-south,5,0.91,covered
marrickville,part9-p06-petersham-south,6,0.86,covered
marrickville,part9-p06-petersham-south,7,0.77,covered
marrickville,part9-p06-petersham-south,8,0.73,covered
marrickville,part9-p06-petersham-south,9,0.78,covered
marrickville,part9-p06-petersham-south,10,0.63,covered
marrickville,part9-p06-petersham-south,11,0.82,covered
marrickville,part9-p06-petersham-south,12,,figure/sparse
marrickville,part9-p06-petersham-south,13,,figure/sparse
marrickville,part9-p06-petersham-south,14,,figure/sparse
marrickville,part9-p06-petersham-south,15,,figure/sparse
marrickville,part9-p06-petersham-south,16,,figure/sparse
marrickville,part9-p06-petersham-south,17,,figure/sparse
marrickville,part9-p06-petersham-south,18,,figure/sparse
marrickville,part9-p06-petersham-south,19,0.69,covered
marrickville,part9-p06-petersham-south,20,0.80,covered
marrickville,part9-p06-petersham-south,21,,figure/sparse
marrickville,part9-p06-petersham-south,22,,figure/sparse
marrickville,part9-p06-petersham-south,23,0.61,covered
marrickville,part9-p06-petersham-south,24,0.75,covered
marrickville,part9-p06-petersham-south,25,,figure/sparse
marrickville,part9-p06-petersham-south,26,,figure/sparse
marrickville,part9-p06-petersham-south,27,0.71,covered
marrickville,part9-p06-petersham-south,28,0.63,covered
marrickville,part9-p06-petersham-south,29,0.55,covered
marrickville,part9-p06-petersham-south,30,0.76,covered
marrickville,part9-p06-petersham-south,31,,figure/sparse
marrickville,part9-p06-petersham-south,32,0.52,covered
marrickville,part9-p06-petersham-south,33,0.81,covered
marrickville,part9-p06-petersham-south,34,0.94,covered
marrickville,part9-p06-petersham-south,35,0.86,covered
marrickville,part9-p06-petersham-south,36,0.90,covered
marrickville,part9-p06-petersham-south,37,0.45,GAP
marrickville,part9-p06-petersham-south,38,,figure/sparse
marrickville,part9-p07-stanmore-south,1,,figure/sparse
marrickville,part9-p07-stanmore-south,2,,figure/sparse
marrickville,part9-p07-stanmore-south,3,0.07,GAP
marrickville,part9-p07-stanmore-south,4,,figure/sparse
marrickville,part9-p07-stanmore-south,5,0.00,GAP
marrickville,part9-p07-stanmore-south,6,0.20,GAP
marrickville,part9-p07-stanmore-south,7,0.32,GAP
marrickville,part9-p08-enmore-north,1,,figure/sparse
marrickville,part9-p08-enmore-north,2,,figure/sparse
marrickville,part9-p08-enmore-north,3,0.00,GAP
marrickville,part9-p08-enmore-north,4,,figure/sparse
marrickville,part9-p08-enmore-north,5,0.00,GAP
marrickville,part9-p08-enmore-north,6,0.15,GAP
marrickville,part9-p08-enmore-north,7,0.71,covered
marrickville,part9-p08-enmore-north,8,0.75,covered
marrickville,part9-p08-enmore-north,9,,figure/sparse
marrickville,part9-p09-newington,1,,figure/sparse
marrickville,part9-p09-newington,2,,figure/sparse
marrickville,part9-p09-newington,3,0.14,GAP
marrickville,part9-p09-newington,4,,figure/sparse
marrickville,part9-p09-newington,5,0.00,GAP
marrickville,part9-p09-newington,6,0.30,GAP
marrickville,part9-p09-newington,7,0.36,GAP
marrickville,part9-p09-newington,8,0.32,GAP
marrickville,part9-p09-newington,9,0.86,covered
marrickville,part9-p10-dulwich-hill-north,1,,figure/sparse
marrickville,part9-p10-dulwich-hill-north,2,,figure/sparse
marrickville,part9-p10-dulwich-hill-north,3,0.00,GAP
marrickville,part9-p10-dulwich-hill-north,4,,figure/sparse
marrickville,part9-p10-dulwich-hill-north,5,0.00,GAP
marrickville,part9-p10-dulwich-hill-north,6,0.00,GAP
marrickville,part9-p10-dulwich-hill-north,7,0.71,covered
marrickville,part9-p10-dulwich-hill-north,8,0.78,covered
marrickville,part9-p11-hoskins-park,1,,figure/sparse
marrickville,part9-p11-hoskins-park,2,,figure/sparse
marrickville,part9-p11-hoskins-park,3,0.04,GAP
marrickville,part9-p11-hoskins-park,4,,figure/sparse
marrickville,part9-p11-hoskins-park,5,0.00,GAP
marrickville,part9-p11-hoskins-park,6,0.01,GAP
marrickville,part9-p11-hoskins-park,7,0.43,GAP
marrickville,part9-p11-hoskins-park,8,0.03,GAP
marrickville,part9-p11-hoskins-park,9,0.60,covered
marrickville,part9-p11-hoskins-park,10,0.73,covered
marrickville,part9-p11-hoskins-park,11,0.80,covered
marrickville,part9-p11-hoskins-park,12,,figure/sparse
marrickville,part9-p11-hoskins-park,13,,figure/sparse
marrickville,part9-p11-hoskins-park,14,,figure/sparse
marrickville,part9-p12-marrickville-park,1,,figure/sparse
marrickville,part9-p12-marrickville-park,2,,figure/sparse
marrickville,part9-p12-marrickville-park,3,0.09,GAP
marrickville,part9-p12-marrickville-park,4,,figure/sparse
marrickville,part9-p12-marrickville-park,5,0.00,GAP
marrickville,part9-p12-marrickville-park,6,0.09,GAP
marrickville,part9-p12-marrickville-park,7,0.28,GAP
marrickville,part9-p12-marrickville-park,8,0.25,GAP
marrickville,part9-p12-marrickville-park,9,0.83,covered
marrickville,part9-p13-henson-park,1,,figure/sparse
marrickville,part9-p13-henson-park,2,,figure/sparse
marrickville,part9-p13-henson-park,3,0.11,GAP
marrickville,part9-p13-henson-park,4,,figure/sparse
marrickville,part9-p13-henson-park,5,0.86,covered
marrickville,part9-p13-henson-park,6,0.87,covered
marrickville,part9-p13-henson-park,7,0.91,covered
marrickville,part9-p13-henson-park,8,0.83,covered
marrickville,part9-p14-camdenville,1,,figure/sparse
marrickville,part9-p14-camdenville,2,,figure/sparse
marrickville,part9-p14-camdenville,3,0.07,GAP
marrickville,part9-p14-camdenville,4,,figure/sparse
marrickville,part9-p14-camdenville,5,0.00,GAP
marrickville,part9-p14-camdenville,6,0.00,GAP
marrickville,part9-p14-camdenville,7,0.48,GAP
marrickville,part9-p14-camdenville,8,0.01,GAP
marrickville,part9-p14-camdenville,9,0.31,GAP
marrickville,part9-p14-camdenville,10,0.82,covered
marrickville,part9-p14-camdenville,11,0.76,covered
marrickville,part9-p14-camdenville,12,,figure/sparse
marrickville,part9-p15-enmore-park,1,,figure/sparse
marrickville,part9-p15-enmore-park,2,,figure/sparse
marrickville,part9-p15-enmore-park,3,0.06,GAP
marrickville,part9-p15-enmore-park,4,,figure/sparse
marrickville,part9-p15-enmore-park,5,0.00,GAP
marrickville,part9-p15-enmore-park,6,0.18,GAP
marrickville,part9-p15-enmore-park,7,0.10,GAP
marrickville,part9-p15-enmore-park,8,0.30,GAP
marrickville,part9-p15-enmore-park,9,0.67,covered
marrickville,part9-p16-abergeldie,1,,figure/sparse
marrickville,part9-p16-abergeldie,2,,figure/sparse
marrickville,part9-p16-abergeldie,3,0.07,GAP
marrickville,part9-p16-abergeldie,4,,figure/sparse
marrickville,part9-p16-abergeldie,5,0.00,GAP
marrickville,part9-p16-abergeldie,6,0.00,GAP
marrickville,part9-p16-abergeldie,7,0.33,GAP
marrickville,part9-p16-abergeldie,8,0.57,covered
marrickville,part9-p16-abergeldie,9,,figure/sparse
marrickville,part9-p17-new-canterbury-rd,1,,figure/sparse
marrickville,part9-p17-new-canterbury-rd,2,,figure/sparse
marrickville,part9-p17-new-canterbury-rd,3,0.00,GAP
marrickville,part9-p17-new-canterbury-rd,4,,figure/sparse
marrickville,part9-p17-new-canterbury-rd,5,0.00,GAP
marrickville,part9-p17-new-canterbury-rd,6,0.00,GAP
marrickville,part9-p17-new-canterbury-rd,7,0.66,covered
marrickville,part9-p17-new-canterbury-rd,8,0.81,covered
marrickville,part9-p18-dulwich-hill-stn-north,1,,figure/sparse
marrickville,part9-p18-dulwich-hill-stn-north,2,,figure/sparse
marrickville,part9-p18-dulwich-hill-stn-north,3,0.06,GAP
marrickville,part9-p18-dulwich-hill-stn-north,4,,figure/sparse
marrickville,part9-p18-dulwich-hill-stn-north,5,0.00,GAP
marrickville,part9-p18-dulwich-hill-stn-north,6,0.00,GAP
marrickville,part9-p18-dulwich-hill-stn-north,7,0.62,covered
marrickville,part9-p18-dulwich-hill-stn-north,8,0.85,covered
marrickville,part9-p18-dulwich-hill-stn-north,9,0.77,covered
marrickville,part9-p19-marrickville-rd-central,1,,figure/sparse
marrickville,part9-p19-marrickville-rd-central,2,,figure/sparse
marrickville,part9-p19-marrickville-rd-central,3,0.07,GAP
marrickville,part9-p19-marrickville-rd-central,4,,figure/sparse
marrickville,part9-p19-marrickville-rd-central,5,0.00,GAP
marrickville,part9-p19-marrickville-rd-central,6,0.23,GAP
marrickville,part9-p19-marrickville-rd-central,7,0.23,GAP
marrickville,part9-p20-marrickville-tc-north,1,,figure/sparse
marrickville,part9-p20-marrickville-tc-north,2,,figure/sparse
marrickville,part9-p20-marrickville-tc-north,3,0.00,GAP
marrickville,part9-p20-marrickville-tc-north,4,,figure/sparse
marrickville,part9-p20-marrickville-tc-north,5,0.00,GAP
marrickville,part9-p20-marrickville-tc-north,6,0.23,GAP
marrickville,part9-p20-marrickville-tc-north,7,0.00,GAP
marrickville,part9-p21-ness-park,1,,figure/sparse
marrickville,part9-p21-ness-park,2,,figure/sparse
marrickville,part9-p21-ness-park,3,0.14,GAP
marrickville,part9-p21-ness-park,4,,figure/sparse
marrickville,part9-p21-ness-park,5,0.00,GAP
marrickville,part9-p21-ness-park,6,0.22,GAP
marrickville,part9-p21-ness-park,7,0.09,GAP
marrickville,part9-p21-ness-park,8,0.01,GAP
marrickville,part9-p21-ness-park,9,0.85,covered
marrickville,part9-p22-dulwich-hill-stn-south,1,,figure/sparse
marrickville,part9-p22-dulwich-hill-stn-south,2,,figure/sparse
marrickville,part9-p22-dulwich-hill-stn-south,3,0.05,GAP
marrickville,part9-p22-dulwich-hill-stn-south,4,,figure/sparse
marrickville,part9-p22-dulwich-hill-stn-south,5,0.00,GAP
marrickville,part9-p22-dulwich-hill-stn-south,6,0.13,GAP
marrickville,part9-p22-dulwich-hill-stn-south,7,0.74,covered
marrickville,part9-p22-dulwich-hill-stn-south,8,0.83,covered
marrickville,part9-p22-dulwich-hill-stn-south,9,0.73,covered
marrickville,part9-p22-dulwich-hill-stn-south,10,0.82,covered
marrickville,part9-p22-dulwich-hill-stn-south,11,,figure/sparse
marrickville,part9-p22-dulwich-hill-stn-south,12,,figure/sparse
marrickville,part9-p23-marrickville-stn-west,1,,figure/sparse
marrickville,part9-p23-marrickville-stn-west,2,,figure/sparse
marrickville,part9-p23-marrickville-stn-west,3,0.00,GAP
marrickville,part9-p23-marrickville-stn-west,4,,figure/sparse
marrickville,part9-p23-marrickville-stn-west,5,0.00,GAP
marrickville,part9-p23-marrickville-stn-west,6,0.26,GAP
marrickville,part9-p23-marrickville-stn-west,7,0.59,covered
marrickville,part9-p23-marrickville-stn-west,8,0.46,GAP
marrickville,part9-p23-marrickville-stn-west,9,,figure/sparse
marrickville,part9-p24-marrickville-tc-south,1,,figure/sparse
marrickville,part9-p24-marrickville-tc-south,2,,figure/sparse
marrickville,part9-p24-marrickville-tc-south,3,0.00,GAP
marrickville,part9-p24-marrickville-tc-south,4,,figure/sparse
marrickville,part9-p24-marrickville-tc-south,5,0.00,GAP
marrickville,part9-p24-marrickville-tc-south,6,0.26,GAP
marrickville,part9-p25-st-peters-triangle,1,,figure/sparse
marrickville,part9-p25-st-peters-triangle,2,,figure/sparse
marrickville,part9-p25-st-peters-triangle,3,0.09,GAP
marrickville,part9-p25-st-peters-triangle,4,,figure/sparse
marrickville,part9-p25-st-peters-triangle,5,0.00,GAP
marrickville,part9-p25-st-peters-triangle,6,0.02,GAP
marrickville,part9-p25-st-peters-triangle,7,0.02,GAP
marrickville,part9-p25-st-peters-triangle,8,0.16,GAP
marrickville,part9-p25-st-peters-triangle,9,0.49,GAP
marrickville,part9-p25-st-peters-triangle,10,,figure/sparse
marrickville,part9-p25-st-peters-triangle,11,0.35,GAP
marrickville,part9-p25-st-peters-triangle,12,0.78,covered
marrickville,part9-p25-st-peters-triangle,13,0.80,covered
marrickville,part9-p25-st-peters-triangle,14,0.12,GAP
marrickville,part9-p25-st-peters-triangle,15,0.19,GAP
marrickville,part9-p25-st-peters-triangle,16,0.55,covered
marrickville,part9-p25-st-peters-triangle,17,0.00,GAP
marrickville,part9-p25-st-peters-triangle,18,0.10,GAP
marrickville,part9-p25-st-peters-triangle,19,0.77,covered
marrickville,part9-p25-st-peters-triangle,20,0.01,GAP
marrickville,part9-p25-st-peters-triangle,21,0.23,GAP
marrickville,part9-p25-st-peters-triangle,22,0.00,GAP
marrickville,part9-p25-st-peters-triangle,23,0.03,GAP
marrickville,part9-p25-st-peters-triangle,24,,figure/sparse
marrickville,part9-p25-st-peters-triangle,25,0.58,covered
marrickville,part9-p26-barwon-park,1,,figure/sparse
marrickville,part9-p26-barwon-park,2,,figure/sparse
marrickville,part9-p26-barwon-park,3,0.00,GAP
marrickville,part9-p26-barwon-park,4,,figure/sparse
marrickville,part9-p26-barwon-park,5,0.00,GAP
marrickville,part9-p26-barwon-park,6,0.49,GAP
marrickville,part9-p26-barwon-park,7,0.54,covered
marrickville,part9-p26-barwon-park,8,0.44,GAP
marrickville,part9-p26-barwon-park,9,0.78,covered
marrickville,part9-p26-barwon-park,10,0.57,covered
marrickville,part9-p26-barwon-park,11,0.72,covered
marrickville,part9-p26-barwon-park,12,0.52,covered
marrickville,part9-p27-barwon-park-south,1,,figure/sparse
marrickville,part9-p27-barwon-park-south,2,,figure/sparse
marrickville,part9-p27-barwon-park-south,3,0.00,GAP
marrickville,part9-p27-barwon-park-south,4,,figure/sparse
marrickville,part9-p27-barwon-park-south,5,0.00,GAP
marrickville,part9-p27-barwon-park-south,6,0.42,GAP
marrickville,part9-p28-cooks-river-west,1,,figure/sparse
marrickville,part9-p28-cooks-river-west,2,,figure/sparse
marrickville,part9-p28-cooks-river-west,3,0.00,GAP
marrickville,part9-p28-cooks-river-west,4,,figure/sparse
marrickville,part9-p28-cooks-river-west,5,0.00,GAP
marrickville,part9-p28-cooks-river-west,6,0.00,GAP
marrickville,part9-p28-cooks-river-west,7,0.51,covered
marrickville,part9-p28-cooks-river-west,8,0.80,covered
marrickville,part9-p29-sw-marrickville,1,,figure/sparse
marrickville,part9-p29-sw-marrickville,2,,figure/sparse
marrickville,part9-p29-sw-marrickville,3,0.00,GAP
marrickville,part9-p29-sw-marrickville,4,,figure/sparse
marrickville,part9-p29-sw-marrickville,5,0.01,GAP
marrickville,part9-p29-sw-marrickville,6,0.08,GAP
marrickville,part9-p29-sw-marrickville,7,0.58,covered
marrickville,part9-p30-the-warren,1,,figure/sparse
marrickville,part9-p30-the-warren,2,,figure/sparse
marrickville,part9-p30-the-warren,3,0.00,GAP
marrickville,part9-p30-the-warren,4,,figure/sparse
marrickville,part9-p30-the-warren,5,0.18,GAP
marrickville,part9-p30-the-warren,6,0.02,GAP
marrickville,part9-p30-the-warren,7,0.39,GAP
marrickville,part9-p30-the-warren,8,0.64,covered
marrickville,part9-p31-unwins-bridge,1,,figure/sparse
marrickville,part9-p31-unwins-bridge,2,,figure/sparse
marrickville,part9-p31-unwins-bridge,3,0.00,GAP
marrickville,part9-p31-unwins-bridge,4,,figure/sparse
marrickville,part9-p31-unwins-bridge,5,0.00,GAP
marrickville,part9-p31-unwins-bridge,6,0.23,GAP
marrickville,part9-p31-unwins-bridge,7,0.18,GAP
marrickville,part9-p32-cooks-river-east,1,,figure/sparse
marrickville,part9-p32-cooks-river-east,2,,figure/sparse
marrickville,part9-p32-cooks-river-east,3,0.00,GAP
marrickville,part9-p32-cooks-river-east,4,,figure/sparse
marrickville,part9-p32-cooks-river-east,5,0.00,GAP
marrickville,part9-p32-cooks-river-east,6,0.32,GAP
marrickville,part9-p32-cooks-river-east,7,0.14,GAP
marrickville,part9-p32-cooks-river-east,8,0.78,covered
marrickville,part9-p33-princes-highway,1,,figure/sparse
marrickville,part9-p33-princes-highway,2,,figure/sparse
marrickville,part9-p33-princes-highway,3,0.00,GAP
marrickville,part9-p33-princes-highway,4,,figure/sparse
marrickville,part9-p33-princes-highway,5,0.00,GAP
marrickville,part9-p33-princes-highway,6,0.22,GAP
marrickville,part9-p34-tempe-reserve,1,,figure/sparse
marrickville,part9-p34-tempe-reserve,2,,figure/sparse
marrickville,part9-p34-tempe-reserve,3,0.00,GAP
marrickville,part9-p34-tempe-reserve,4,,figure/sparse
marrickville,part9-p34-tempe-reserve,5,0.86,covered
marrickville,part9-p34-tempe-reserve,6,0.81,covered
marrickville,part9-p34-tempe-reserve,7,0.50,covered
marrickville,part9-p35-parramatta-rd,1,,figure/sparse
marrickville,part9-p35-parramatta-rd,2,,figure/sparse
marrickville,part9-p35-parramatta-rd,3,0.12,GAP
marrickville,part9-p35-parramatta-rd,4,,figure/sparse
marrickville,part9-p35-parramatta-rd,5,0.01,GAP
marrickville,part9-p35-parramatta-rd,6,0.01,GAP
marrickville,part9-p35-parramatta-rd,7,0.68,covered
marrickville,part9-p35-parramatta-rd,8,0.48,GAP
marrickville,part9-p35-parramatta-rd,9,0.75,covered
marrickville,part9-p36-petersham-commercial,1,,figure/sparse
marrickville,part9-p36-petersham-commercial,2,,figure/sparse
marrickville,part9-p36-petersham-commercial,3,0.03,GAP
marrickville,part9-p36-petersham-commercial,4,,figure/sparse
marrickville,part9-p36-petersham-commercial,5,0.89,covered
marrickville,part9-p36-petersham-commercial,6,0.77,covered
marrickville,part9-p36-petersham-commercial,7,0.20,GAP
marrickville,part9-p36-petersham-commercial,8,0.63,covered
marrickville,part9-p36-petersham-commercial,9,0.88,covered
marrickville,part9-p36-petersham-commercial,10,0.00,GAP
marrickville,part9-p36-petersham-commercial,11,0.00,GAP
marrickville,part9-p36-petersham-commercial,12,0.00,GAP
marrickville,part9-p36-petersham-commercial,13,0.24,GAP
marrickville,part9-p36-petersham-commercial,14,0.72,covered
marrickville,part9-p36-petersham-commercial,15,0.00,GAP
marrickville,part9-p36-petersham-commercial,16,0.00,GAP
marrickville,part9-p36-petersham-commercial,17,0.00,GAP
marrickville,part9-p37-king-st-enmore,1,,figure/sparse
marrickville,part9-p37-king-st-enmore,2,,figure/sparse
marrickville,part9-p37-king-st-enmore,3,0.05,GAP
marrickville,part9-p37-king-st-enmore,4,,figure/sparse
marrickville,part9-p37-king-st-enmore,5,0.00,GAP
marrickville,part9-p37-king-st-enmore,6,0.10,GAP
marrickville,part9-p37-king-st-enmore,7,0.59,covered
marrickville,part9-p37-king-st-enmore,8,0.74,covered
marrickville,part9-p38-dulwich-hill-commercial,1,,figure/sparse
marrickville,part9-p38-dulwich-hill-commercial,2,,figure/sparse
marrickville,part9-p38-dulwich-hill-commercial,3,0.09,GAP
marrickville,part9-p38-dulwich-hill-commercial,4,,figure/sparse
marrickville,part9-p38-dulwich-hill-commercial,5,0.00,GAP
marrickville,part9-p38-dulwich-hill-commercial,6,0.61,covered
marrickville,part9-p38-dulwich-hill-commercial,7,0.16,GAP
marrickville,part9-p38-dulwich-hill-commercial,8,0.76,covered
marrickville,part9-p38-dulwich-hill-commercial,9,0.84,covered
marrickville,part9-p38-dulwich-hill-commercial,10,0.00,GAP
marrickville,part9-p38-dulwich-hill-commercial,11,0.00,GAP
marrickville,part9-p38-dulwich-hill-commercial,12,0.00,GAP
marrickville,part9-p38-dulwich-hill-commercial,13,0.24,GAP
marrickville,part9-p38-dulwich-hill-commercial,14,0.69,covered
marrickville,part9-p38-dulwich-hill-commercial,15,0.71,covered
marrickville,part9-p38-dulwich-hill-commercial,16,,figure/sparse
marrickville,part9-p38-dulwich-hill-commercial,17,,figure/sparse
marrickville,part9-p39-marrickville-metro,1,,figure/sparse
marrickville,part9-p39-marrickville-metro,2,,figure/sparse
marrickville,part9-p39-marrickville-metro,3,0.00,GAP
marrickville,part9-p39-marrickville-metro,4,,figure/sparse
marrickville,part9-p39-marrickville-metro,5,0.00,GAP
marrickville,part9-p39-marrickville-metro,6,0.01,GAP
marrickville,part9-p39-marrickville-metro,7,0.59,covered
marrickville,part9-p40-marrickville-tc-commercial,1,,figure/sparse
marrickville,part9-p40-marrickville-tc-commercial,2,,figure/sparse
marrickville,part9-p40-marrickville-tc-commercial,3,0.00,GAP
marrickville,part9-p40-marrickville-tc-commercial,4,,figure/sparse
marrickville,part9-p40-marrickville-tc-commercial,5,0.00,GAP
marrickville,part9-p40-marrickville-tc-commercial,6,0.63,covered
marrickville,part9-p40-marrickville-tc-commercial,7,0.20,GAP
marrickville,part9-p40-marrickville-tc-commercial,8,0.52,covered
marrickville,part9-p40-marrickville-tc-commercial,9,0.91,covered
marrickville,part9-p40-marrickville-tc-commercial,10,0.00,GAP
marrickville,part9-p40-marrickville-tc-commercial,11,0.00,GAP
marrickville,part9-p40-marrickville-tc-commercial,12,0.06,GAP
marrickville,part9-p40-marrickville-tc-commercial,13,0.27,GAP
marrickville,part9-p40-marrickville-tc-commercial,14,0.70,covered
marrickville,part9-p40-marrickville-tc-commercial,15,0.68,covered
marrickville,part9-p40-marrickville-tc-commercial,16,,figure/sparse
marrickville,part9-p40-marrickville-tc-commercial,17,0.65,covered
marrickville,part9-p40-marrickville-tc-commercial,18,0.80,covered
marrickville,part9-p40-marrickville-tc-commercial,19,,figure/sparse
marrickville,part9-p40-marrickville-tc-commercial,20,0.61,covered
marrickville,part9-p40-marrickville-tc-commercial,21,0.79,covered
marrickville,part9-p40-marrickville-tc-commercial,22,,figure/sparse
marrickville,part9-p40-marrickville-tc-commercial,23,0.65,covered
marrickville,part9-p40-marrickville-tc-commercial,24,0.79,covered
marrickville,part9-p40-marrickville-tc-commercial,25,,figure/sparse
marrickville,part9-p40-marrickville-tc-commercial,26,,figure/sparse
marrickville,part9-p40-marrickville-tc-commercial,27,0.72,covered
marrickville,part9-p40-marrickville-tc-commercial,28,0.76,covered
marrickville,part9-p40-marrickville-tc-commercial,29,,figure/sparse
marrickville,part9-p40-marrickville-tc-commercial,30,0.57,covered
marrickville,part9-p40-marrickville-tc-commercial,31,0.76,covered
marrickville,part9-p40-marrickville-tc-commercial,32,,figure/sparse
marrickville,part9-p40-marrickville-tc-commercial,33,0.62,covered
marrickville,part9-p40-marrickville-tc-commercial,34,0.76,covered
marrickville,part9-p40-marrickville-tc-commercial,35,,figure/sparse
marrickville,part9-p40-marrickville-tc-commercial,36,0.00,GAP
marrickville,part9-p40-marrickville-tc-commercial,37,0.00,GAP
marrickville,part9-p40-marrickville-tc-commercial,38,0.66,covered
marrickville,part9-p40-marrickville-tc-commercial,39,0.72,covered
marrickville,part9-p40-marrickville-tc-commercial,40,0.72,covered
marrickville,part9-p40-marrickville-tc-commercial,41,0.67,covered
marrickville,part9-p40-marrickville-tc-commercial,42,0.49,GAP
marrickville,part9-p40-marrickville-tc-commercial,43,0.41,GAP
marrickville,part9-p41-bridge-road,1,,figure/sparse
marrickville,part9-p41-bridge-road,2,,figure/sparse
marrickville,part9-p41-bridge-road,3,0.00,GAP
marrickville,part9-p41-bridge-road,4,,figure/sparse
marrickville,part9-p41-bridge-road,5,0.00,GAP
marrickville,part9-p41-bridge-road,6,0.00,GAP
marrickville,part9-p41-bridge-road,7,0.57,covered
marrickville,part9-p42-camperdown-north,1,,figure/sparse
marrickville,part9-p42-camperdown-north,2,,figure/sparse
marrickville,part9-p42-camperdown-north,3,0.00,GAP
marrickville,part9-p42-camperdown-north,4,,figure/sparse
marrickville,part9-p42-camperdown-north,5,0.00,GAP
marrickville,part9-p42-camperdown-north,6,0.04,GAP
marrickville,part9-p42-camperdown-north,7,0.63,covered
marrickville,part9-p43-sydney-steel,1,,figure/sparse
marrickville,part9-p43-sydney-steel,2,,figure/sparse
marrickville,part9-p43-sydney-steel,3,0.00,GAP
marrickville,part9-p43-sydney-steel,4,,figure/sparse
marrickville,part9-p43-sydney-steel,5,0.00,GAP
marrickville,part9-p43-sydney-steel,6,0.00,GAP
marrickville,part9-p43-sydney-steel,7,0.47,GAP
marrickville,part9-p44-carrington-road,1,,figure/sparse
marrickville,part9-p44-carrington-road,2,,figure/sparse
marrickville,part9-p44-carrington-road,3,0.00,GAP
marrickville,part9-p44-carrington-road,4,,figure/sparse
marrickville,part9-p44-carrington-road,5,0.00,GAP
marrickville,part9-p44-carrington-road,6,0.16,GAP
marrickville,part9-p44-carrington-road,7,0.57,covered
marrickville,part9-p45-mcgill-st,1,,figure/sparse
marrickville,part9-p45-mcgill-st,2,,figure/sparse
marrickville,part9-p45-mcgill-st,3,0.00,GAP
marrickville,part9-p45-mcgill-st,4,,figure/sparse
marrickville,part9-p45-mcgill-st,5,0.54,covered
marrickville,part9-p45-mcgill-st,6,0.13,GAP
marrickville,part9-p45-mcgill-st,7,0.05,GAP
marrickville,part9-p45-mcgill-st,8,0.36,GAP
marrickville,part9-p45-mcgill-st,9,0.03,GAP
marrickville,part9-p45-mcgill-st,10,,figure/sparse
marrickville,part9-p45-mcgill-st,11,0.18,GAP
marrickville,part9-p45-mcgill-st,12,0.27,GAP
marrickville,part9-p45-mcgill-st,13,0.00,GAP
marrickville,part9-p45-mcgill-st,14,0.52,covered
marrickville,part9-p45-mcgill-st,15,0.32,GAP
marrickville,part9-p45-mcgill-st,16,0.59,covered
marrickville,part9-p45-mcgill-st,17,0.46,GAP
marrickville,part9-p45-mcgill-st,18,0.15,GAP
marrickville,part9-p45-mcgill-st,19,0.27,GAP
marrickville,part9-p45-mcgill-st,20,0.00,GAP
marrickville,part9-p45-mcgill-st,21,0.03,GAP
marrickville,part9-p45-mcgill-st,22,,figure/sparse
marrickville,part9-p45-mcgill-st,23,0.02,GAP
marrickville,part9-p45-mcgill-st,24,0.08,GAP
marrickville,part9-p45-mcgill-st,25,0.00,GAP
marrickville,part9-p45-mcgill-st,26,0.00,GAP
marrickville,part9-p46-tempe-lands,1,,figure/sparse
marrickville,part9-p46-tempe-lands,2,,figure/sparse
marrickville,part9-p46-tempe-lands,3,0.00,GAP
marrickville,part9-p46-tempe-lands,4,,figure/sparse
marrickville,part9-p46-tempe-lands,5,0.00,GAP
marrickville,part9-p46-tempe-lands,6,0.14,GAP
marrickville,part9-p46-tempe-lands,7,0.49,GAP
marrickville,part9-p47-victoria-road,1,,figure/sparse
marrickville,part9-p47-victoria-road,2,,figure/sparse
marrickville,part9-p47-victoria-road,3,0.02,GAP
marrickville,part9-p47-victoria-road,4,0.04,GAP
marrickville,part9-p47-victoria-road,5,0.52,covered
marrickville,part9-p47-victoria-road,6,0.01,GAP
marrickville,part9-p47-victoria-road,7,0.00,GAP
marrickville,part9-p47-victoria-road,8,0.13,GAP
marrickville,part9-p47-victoria-road,9,0.79,covered
marrickville,part9-p47-victoria-road,10,0.03,GAP
marrickville,part9-p47-victoria-road,11,0.02,GAP
marrickville,part9-p47-victoria-road,12,0.02,GAP
marrickville,part9-p47-victoria-road,13,,figure/sparse
marrickville,part9-p47-victoria-road,14,0.39,GAP
marrickville,part9-p47-victoria-road,15,0.76,covered
marrickville,part9-p47-victoria-road,16,0.81,covered
marrickville,part9-p47-victoria-road,17,0.36,GAP
marrickville,part9-p47-victoria-road,18,0.50,covered
marrickville,part9-p47-victoria-road,19,0.80,covered
marrickville,part9-p47-victoria-road,20,0.46,GAP
marrickville,part9-p47-victoria-road,21,,figure/sparse
marrickville,part9-p47-victoria-road,22,0.14,GAP
marrickville,part9-p47-victoria-road,23,,figure/sparse
marrickville,part9-p47-victoria-road,24,,figure/sparse
marrickville,part9-p47-victoria-road,25,0.60,covered
marrickville,part9-p47-victoria-road,26,0.17,GAP
marrickville,part9-p47-victoria-road,27,0.68,covered
marrickville,part9-p47-victoria-road,28,0.50,covered
marrickville,part9-p47-victoria-road,29,0.68,covered
marrickville,part9-p47-victoria-road,30,0.36,GAP
marrickville,part9-p47-victoria-road,31,0.76,covered
marrickville,part9-p47-victoria-road,32,0.76,covered
marrickville,part9-p47-victoria-road,33,0.79,covered
marrickville,part9-p47-victoria-road,34,0.75,covered
marrickville,part9-p47-victoria-road,35,0.47,GAP
marrickville,part9-p47-victoria-road,36,0.81,covered
marrickville,part9-p47-victoria-road,37,0.38,GAP
marrickville,part9-p47-victoria-road,38,0.59,covered
marrickville,part9-p47-victoria-road,39,0.84,covered
marrickville,part9-p47-victoria-road,40,0.36,GAP
marrickville,part9-p47-victoria-road,41,0.01,GAP
marrickville,part9-p47-victoria-road,42,0.01,GAP
marrickville,part9-p47-victoria-road,43,0.06,GAP
marrickville,part9-p47-victoria-road,44,0.01,GAP
marrickville,part9-p47-victoria-road,45,0.03,GAP
marrickville,part9-p47-victoria-road,46,0.03,GAP
marrickville,part9-p47-victoria-road,47,0.02,GAP
marrickville,part9-p47-victoria-road,48,0.01,GAP
marrickville,part9-p47-victoria-road,49,,figure/sparse
marrickville,part9-p48-mary-robert-edith,1,,figure/sparse
marrickville,part9-p48-mary-robert-edith,2,,figure/sparse
marrickville,part9-p48-mary-robert-edith,3,0.89,covered
marrickville,part9-p48-mary-robert-edith,4,0.64,covered
marrickville,part9-p48-mary-robert-edith,5,0.69,covered
marrickville,part9-p48-mary-robert-edith,6,0.69,covered
marrickville,part9-p48-mary-robert-edith,7,0.85,covered
marrickville,part9-p48-mary-robert-edith,8,0.88,covered
marrickville,part9-p48-mary-robert-edith,9,0.86,covered
marrickville,part9-p48-mary-robert-edith,10,0.90,covered
marrickville,part9-p48-mary-robert-edith,11,0.69,covered
marrickville,part9-p48-mary-robert-edith,12,0.66,covered
marrickville,part9-p48-mary-robert-edith,13,0.74,covered
marrickville,part9-p48-mary-robert-edith,14,0.70,covered
marrickville,part9-p48-mary-robert-edith,15,0.51,covered
marrickville,part9-p48-mary-robert-edith,16,0.39,GAP
marrickville,part9-p48-mary-robert-edith,17,0.82,covered
marrickville,part9-p48-mary-robert-edith,18,0.74,covered
marrickville,part9-p48-mary-robert-edith,19,0.53,covered
marrickville,part9-p48-mary-robert-edith,20,0.41,GAP
marrickville,part9-p48-mary-robert-edith,21,0.79,covered
marrickville,part9-p48-mary-robert-edith,22,0.76,covered
marrickville,part9-p48-mary-robert-edith,23,,figure/sparse
leichhardt,amendment-1-george-upward-streets,1,,figure/sparse
leichhardt,amendment-1-george-upward-streets,2,0.00,GAP
leichhardt,amendment-1-george-upward-streets,3,0.87,covered
leichhardt,amendment-1-george-upward-streets,4,,figure/sparse
leichhardt,amendment-1-george-upward-streets,5,0.97,covered
leichhardt,amendment-1-george-upward-streets,6,0.77,covered
leichhardt,amendment-1-george-upward-streets,7,,figure/sparse
leichhardt,amendment-1-george-upward-streets,8,,figure/sparse
leichhardt,amendment-1-george-upward-streets,9,,figure/sparse
leichhardt,amendment-1-george-upward-streets,10,,figure/sparse
leichhardt,amendment-1-george-upward-streets,11,0.73,covered
leichhardt,amendment-1-george-upward-streets,12,0.78,covered
leichhardt,amendment-1-george-upward-streets,13,0.77,covered
leichhardt,amendment-1-george-upward-streets,14,,figure/sparse
leichhardt,amendment-1-george-upward-streets,15,0.79,covered
leichhardt,amendment-1-george-upward-streets,16,0.93,covered
leichhardt,amendment-1-george-upward-streets,17,,figure/sparse
leichhardt,amendment-1-george-upward-streets,18,0.70,covered
leichhardt,amendment-7-licensed-premises,1,0.89,covered
leichhardt,amendment-7-licensed-premises,2,,figure/sparse
leichhardt,amendment-7-licensed-premises,3,0.95,covered
leichhardt,amendment-7-licensed-premises,4,0.98,covered
leichhardt,amendment-7-licensed-premises,5,0.77,covered
leichhardt,amendment-7-licensed-premises,6,0.36,GAP
leichhardt,amendment-7-licensed-premises,7,0.86,covered
leichhardt,amendment-7-licensed-premises,8,0.98,covered
leichhardt,amendment-7-licensed-premises,9,0.91,covered
leichhardt,amendment-7-licensed-premises,10,0.00,GAP
leichhardt,appendix-b-building-typologies,1,,figure/sparse
leichhardt,appendix-b-building-typologies,2,0.00,GAP
leichhardt,appendix-b-building-typologies,3,,figure/sparse
leichhardt,appendix-b-building-typologies,4,0.41,GAP
leichhardt,appendix-b-building-typologies,5,0.03,GAP
leichhardt,appendix-b-building-typologies,6,0.23,GAP
leichhardt,appendix-b-building-typologies,7,0.01,GAP
leichhardt,appendix-b-building-typologies,8,0.78,covered
leichhardt,appendix-b-building-typologies,9,0.02,GAP
leichhardt,appendix-b-building-typologies,10,0.30,GAP
leichhardt,appendix-b-building-typologies,11,0.27,GAP
leichhardt,appendix-b-building-typologies,12,0.46,GAP
leichhardt,appendix-b-building-typologies,13,0.67,covered
leichhardt,appendix-b-building-typologies,14,0.15,GAP
leichhardt,appendix-b-building-typologies,15,0.74,covered
leichhardt,appendix-b-building-typologies,16,0.86,covered
leichhardt,appendix-b-building-typologies,17,0.80,covered
leichhardt,appendix-b-building-typologies,18,0.79,covered
leichhardt,appendix-b-building-typologies,19,0.35,GAP
leichhardt,appendix-b-building-typologies,20,0.69,covered
leichhardt,appendix-b-building-typologies,21,0.33,GAP
leichhardt,appendix-b-building-typologies,22,0.74,covered
leichhardt,appendix-b-building-typologies,23,0.33,GAP
leichhardt,appendix-b-building-typologies,24,0.75,covered
leichhardt,appendix-b-building-typologies,25,0.27,GAP
leichhardt,appendix-b-building-typologies,26,0.22,GAP
leichhardt,appendix-b-building-typologies,27,0.51,covered
leichhardt,appendix-b-building-typologies,28,0.11,GAP
leichhardt,appendix-d-waste-template,1,,figure/sparse
leichhardt,appendix-d-waste-template,2,0.11,GAP
leichhardt,appendix-d-waste-template,3,,figure/sparse
leichhardt,appendix-d-waste-template,4,0.00,GAP
leichhardt,appendix-d-waste-template,5,,figure/sparse
leichhardt,appendix-d-waste-template,6,0.00,GAP
leichhardt,appendix-d-waste-template,7,0.00,GAP
leichhardt,appendix-d-waste-template,8,0.00,GAP
leichhardt,appendix-d-waste-template,9,0.00,GAP
leichhardt,appendix-d-waste-template,10,0.00,GAP
leichhardt,appendix-d-waste-template,11,0.00,GAP
leichhardt,appendix-d-waste-template,12,0.00,GAP
leichhardt,appendix-d-waste-template,13,0.01,GAP
leichhardt,appendix-d-waste-template,14,0.00,GAP
leichhardt,appendix-d-waste-template,15,0.34,GAP
leichhardt,appendix-d-waste-template,16,0.03,GAP
leichhardt,appendix-d-waste-template,17,0.38,GAP
leichhardt,appendix-d-waste-template,18,0.34,GAP
leichhardt,appendix-d-waste-template,19,0.16,GAP
leichhardt,appendix-d-waste-template,20,0.08,GAP
leichhardt,appendix-d-waste-template,21,0.19,GAP
leichhardt,appendix-d-waste-template,22,0.09,GAP
leichhardt,appendix-d-waste-template,23,0.02,GAP
leichhardt,appendix-d-waste-template,24,0.34,GAP
leichhardt,appendix-e-water-guidelines,1,,figure/sparse
leichhardt,appendix-e-water-guidelines,2,0.00,GAP
leichhardt,appendix-e-water-guidelines,3,0.78,covered
leichhardt,appendix-e-water-guidelines,4,0.79,covered
leichhardt,appendix-e-water-guidelines,5,0.76,covered
leichhardt,appendix-e-water-guidelines,6,0.70,covered
leichhardt,appendix-e-water-guidelines,7,,figure/sparse
leichhardt,appendix-e-water-guidelines,8,,figure/sparse
leichhardt,appendix-e-water-guidelines,9,,figure/sparse
leichhardt,appendix-e-water-guidelines,10,,figure/sparse
leichhardt,appendix-e-water-guidelines,11,,figure/sparse
leichhardt,part-a-introduction,1,,figure/sparse
leichhardt,part-a-introduction,2,0.09,GAP
leichhardt,part-a-introduction,3,0.95,covered
leichhardt,part-a-introduction,4,0.98,covered
leichhardt,part-a-introduction,5,0.96,covered
leichhardt,part-a-introduction,6,0.98,covered
leichhardt,part-a-introduction,7,0.86,covered
leichhardt,part-a-introduction,8,0.79,covered
leichhardt,part-a-introduction,9,0.00,GAP
leichhardt,part-a-introduction,10,,figure/sparse
leichhardt,part-b-connections,1,,figure/sparse
leichhardt,part-b-connections,2,0.14,GAP
leichhardt,part-b-connections,3,0.36,GAP
leichhardt,part-b-connections,4,0.69,covered
leichhardt,part-b-connections,5,0.31,GAP
leichhardt,part-b-connections,6,0.02,GAP
leichhardt,part-b-connections,7,0.22,GAP
leichhardt,part-b-connections,8,0.61,covered
leichhardt,part-b-connections,9,0.00,GAP
leichhardt,part-b-connections,10,0.00,GAP
leichhardt,part-b-connections,11,0.19,GAP
leichhardt,part-b-connections,12,0.48,GAP
leichhardt,part-b-connections,13,0.71,covered
leichhardt,part-b-connections,14,0.61,covered
leichhardt,part-b-connections,15,0.77,covered
leichhardt,part-b-connections,16,0.83,covered
leichhardt,part-b-connections,17,0.88,covered
leichhardt,part-b-connections,18,0.82,covered
leichhardt,part-b-connections,19,0.90,covered
leichhardt,part-b-connections,20,0.70,covered
leichhardt,part-b-connections,21,0.08,GAP
leichhardt,part-b-connections,22,0.94,covered
leichhardt,part-b-connections,23,0.83,covered
leichhardt,part-c-s1-general,1,0.10,GAP
leichhardt,part-c-s1-general,2,0.04,GAP
leichhardt,part-c-s1-general,3,0.06,GAP
leichhardt,part-c-s1-general,4,0.81,covered
leichhardt,part-c-s1-general,5,0.90,covered
leichhardt,part-c-s1-general,6,0.52,covered
leichhardt,part-c-s1-general,7,0.65,covered
leichhardt,part-c-s1-general,8,0.69,covered
leichhardt,part-c-s1-general,9,0.74,covered
leichhardt,part-c-s1-general,10,0.45,GAP
leichhardt,part-c-s1-general,11,0.67,covered
leichhardt,part-c-s1-general,12,0.60,covered
leichhardt,part-c-s1-general,13,0.79,covered
leichhardt,part-c-s1-general,14,0.95,covered
leichhardt,part-c-s1-general,15,0.86,covered
leichhardt,part-c-s1-general,16,0.87,covered
leichhardt,part-c-s1-general,17,0.75,covered
leichhardt,part-c-s1-general,18,0.95,covered
leichhardt,part-c-s1-general,19,0.78,covered
leichhardt,part-c-s1-general,20,0.80,covered
leichhardt,part-c-s1-general,21,0.72,covered
leichhardt,part-c-s1-general,22,0.60,covered
leichhardt,part-c-s1-general,23,0.07,GAP
leichhardt,part-c-s1-general,24,0.00,GAP
leichhardt,part-c-s1-general,25,0.83,covered
leichhardt,part-c-s1-general,26,0.86,covered
leichhardt,part-c-s1-general,27,0.02,GAP
leichhardt,part-c-s1-general,28,0.77,covered
leichhardt,part-c-s1-general,29,0.32,GAP
leichhardt,part-c-s1-general,30,0.81,covered
leichhardt,part-c-s1-general,31,0.64,covered
leichhardt,part-c-s1-general,32,0.75,covered
leichhardt,part-c-s1-general,33,0.81,covered
leichhardt,part-c-s1-general,34,0.97,covered
leichhardt,part-c-s1-general,35,0.87,covered
leichhardt,part-c-s1-general,36,0.86,covered
leichhardt,part-c-s1-general,37,0.97,covered
leichhardt,part-c-s1-general,38,0.90,covered
leichhardt,part-c-s1-general,39,0.77,covered
leichhardt,part-c-s1-general,40,0.71,covered
leichhardt,part-c-s1-general,41,0.83,covered
leichhardt,part-c-s1-general,42,0.86,covered
leichhardt,part-c-s1-general,43,0.70,covered
leichhardt,part-c-s1-general,44,0.15,GAP
leichhardt,part-c-s1-general,45,0.94,covered
leichhardt,part-c-s1-general,46,0.89,covered
leichhardt,part-c-s1-general,47,0.98,covered
leichhardt,part-c-s1-general,48,0.08,GAP
leichhardt,part-c-s1-general,49,0.70,covered
leichhardt,part-c-s1-general,50,,figure/sparse
leichhardt,part-c-s1-general,51,0.62,covered
leichhardt,part-c-s1-general,52,0.65,covered
leichhardt,part-c-s1-general,53,0.55,covered
leichhardt,part-c-s1-general,54,0.60,covered
leichhardt,part-c-s1-general,55,0.92,covered
leichhardt,part-c-s1-general,56,0.57,covered
leichhardt,part-c-s1-general,57,0.80,covered
leichhardt,part-c-s1-general,58,0.34,GAP
leichhardt,part-c-s1-general,59,0.66,covered
leichhardt,part-c-s1-general,60,0.65,covered
leichhardt,part-c-s1-general,61,0.74,covered
leichhardt,part-c-s1-general,62,0.67,covered
leichhardt,part-c-s1-general,63,0.91,covered
leichhardt,part-c-s1-general,64,0.16,GAP
leichhardt,part-c-s1-general,65,0.00,GAP
leichhardt,part-c-s1-general,66,0.22,GAP
leichhardt,part-c-s1-general,67,0.02,GAP
leichhardt,part-c-s1-general,68,0.03,GAP
leichhardt,part-c-s1-general,69,0.85,covered
leichhardt,part-c-s1-general,70,0.58,covered
leichhardt,part-c-s1-general,71,0.26,GAP
leichhardt,part-c-s1-general,72,,figure/sparse
leichhardt,part-c-s1-general,73,,figure/sparse
leichhardt,part-c-s1-general,74,,figure/sparse
leichhardt,part-c-s1-general,75,0.39,GAP
leichhardt,part-c-s1-general,76,0.77,covered
leichhardt,part-c-s1-general,77,0.80,covered
leichhardt,part-c-s1-general,78,0.53,covered
leichhardt,part-c-s1-general,79,0.54,covered
leichhardt,part-c-s1-general,80,0.77,covered
leichhardt,part-c-s1-general,81,0.83,covered
leichhardt,part-c-s1-general,82,0.99,covered
leichhardt,part-c-s1-general,83,0.00,GAP
leichhardt,part-c-s1-general,84,0.79,covered
leichhardt,part-c-s1-general,85,0.80,covered
leichhardt,part-c-s1-general,86,0.80,covered
leichhardt,part-c-s1-general,87,0.70,covered
leichhardt,part-c-s1-general,88,0.54,covered
leichhardt,part-c-s1-general,89,0.84,covered
leichhardt,part-c-s1-general,90,0.00,GAP
leichhardt,part-c-s1-general,91,0.00,GAP
leichhardt,part-c-s1-general,92,0.10,GAP
leichhardt,part-c-s1-general,93,0.80,covered
leichhardt,part-c-s1-general,94,0.70,covered
leichhardt,part-c-s1-general,95,0.78,covered
leichhardt,part-c-s1-general,96,0.70,covered
leichhardt,part-c-s1-general,97,0.29,GAP
leichhardt,part-c-s1-general,98,0.90,covered
leichhardt,part-c-s1-general,99,0.79,covered
leichhardt,part-c-s1-general,100,0.66,covered
leichhardt,part-c-s1-general,101,0.97,covered
leichhardt,part-c-s1-general,102,0.75,covered
leichhardt,part-c-s1-general,103,0.67,covered
leichhardt,part-c-s1-general,104,0.61,covered
leichhardt,part-c-s1-general,105,0.72,covered
leichhardt,part-c-s1-general,106,0.50,GAP
leichhardt,part-c-s1-general,107,0.64,covered
leichhardt,part-c-s1-general,108,0.63,covered
leichhardt,part-c-s1-general,109,0.00,GAP
leichhardt,part-c-s2-urban-character,1,0.07,GAP
leichhardt,part-c-s2-urban-character,2,0.03,GAP
leichhardt,part-c-s2-urban-character,3,0.02,GAP
leichhardt,part-c-s2-urban-character,4,0.03,GAP
leichhardt,part-c-s2-urban-character,5,0.00,GAP
leichhardt,part-c-s2-urban-character,6,0.92,covered
leichhardt,part-c-s2-urban-character,7,0.86,covered
leichhardt,part-c-s2-urban-character,8,0.09,GAP
leichhardt,part-c-s2-urban-character,9,0.91,covered
leichhardt,part-c-s2-urban-character,10,0.00,GAP
leichhardt,part-c-s2-urban-character,11,0.00,GAP
leichhardt,part-c-s2-urban-character,12,0.00,GAP
leichhardt,part-c-s2-urban-character,13,0.00,GAP
leichhardt,part-c-s2-urban-character,14,0.00,GAP
leichhardt,part-c-s2-urban-character,15,0.01,GAP
leichhardt,part-c-s2-urban-character,16,0.00,GAP
leichhardt,part-c-s2-urban-character,17,0.00,GAP
leichhardt,part-c-s2-urban-character,18,0.32,GAP
leichhardt,part-c-s2-urban-character,19,,figure/sparse
leichhardt,part-c-s2-urban-character,20,0.01,GAP
leichhardt,part-c-s2-urban-character,21,0.70,covered
leichhardt,part-c-s2-urban-character,22,0.01,GAP
leichhardt,part-c-s2-urban-character,23,0.56,covered
leichhardt,part-c-s2-urban-character,24,,figure/sparse
leichhardt,part-c-s2-urban-character,25,0.19,GAP
leichhardt,part-c-s2-urban-character,26,0.06,GAP
leichhardt,part-c-s2-urban-character,27,0.01,GAP
leichhardt,part-c-s2-urban-character,28,0.60,covered
leichhardt,part-c-s2-urban-character,29,0.29,GAP
leichhardt,part-c-s2-urban-character,30,,figure/sparse
leichhardt,part-c-s2-urban-character,31,0.42,GAP
leichhardt,part-c-s2-urban-character,32,,figure/sparse
leichhardt,part-c-s2-urban-character,33,0.01,GAP
leichhardt,part-c-s2-urban-character,34,0.30,GAP
leichhardt,part-c-s2-urban-character,35,0.69,covered
leichhardt,part-c-s2-urban-character,36,,figure/sparse
leichhardt,part-c-s2-urban-character,37,0.41,GAP
leichhardt,part-c-s2-urban-character,38,0.00,GAP
leichhardt,part-c-s2-urban-character,39,0.38,GAP
leichhardt,part-c-s2-urban-character,40,0.56,covered
leichhardt,part-c-s2-urban-character,41,0.00,GAP
leichhardt,part-c-s2-urban-character,42,0.13,GAP
leichhardt,part-c-s2-urban-character,43,0.67,covered
leichhardt,part-c-s2-urban-character,44,,figure/sparse
leichhardt,part-c-s2-urban-character,45,0.01,GAP
leichhardt,part-c-s2-urban-character,46,0.51,covered
leichhardt,part-c-s2-urban-character,47,0.64,covered
leichhardt,part-c-s2-urban-character,48,,figure/sparse
leichhardt,part-c-s2-urban-character,49,0.43,GAP
leichhardt,part-c-s2-urban-character,50,,figure/sparse
leichhardt,part-c-s2-urban-character,51,0.01,GAP
leichhardt,part-c-s2-urban-character,52,0.47,GAP
leichhardt,part-c-s2-urban-character,53,0.84,covered
leichhardt,part-c-s2-urban-character,54,,figure/sparse
leichhardt,part-c-s2-urban-character,55,0.43,GAP
leichhardt,part-c-s2-urban-character,56,0.13,GAP
leichhardt,part-c-s2-urban-character,57,0.77,covered
leichhardt,part-c-s2-urban-character,58,0.00,GAP
leichhardt,part-c-s2-urban-character,59,0.09,GAP
leichhardt,part-c-s2-urban-character,60,0.73,covered
leichhardt,part-c-s2-urban-character,61,0.00,GAP
leichhardt,part-c-s2-urban-character,62,0.00,GAP
leichhardt,part-c-s2-urban-character,63,0.66,covered
leichhardt,part-c-s2-urban-character,64,0.69,covered
leichhardt,part-c-s2-urban-character,65,0.34,GAP
leichhardt,part-c-s2-urban-character,66,0.05,GAP
leichhardt,part-c-s2-urban-character,67,0.00,GAP
leichhardt,part-c-s2-urban-character,68,0.00,GAP
leichhardt,part-c-s2-urban-character,69,0.80,covered
leichhardt,part-c-s2-urban-character,70,0.64,covered
leichhardt,part-c-s2-urban-character,71,0.23,GAP
leichhardt,part-c-s2-urban-character,72,0.00,GAP
leichhardt,part-c-s2-urban-character,73,0.16,GAP
leichhardt,part-c-s2-urban-character,74,0.00,GAP
leichhardt,part-c-s2-urban-character,75,0.05,GAP
leichhardt,part-c-s2-urban-character,76,0.25,GAP
leichhardt,part-c-s2-urban-character,77,0.00,GAP
leichhardt,part-c-s2-urban-character,78,0.00,GAP
leichhardt,part-c-s2-urban-character,79,0.04,GAP
leichhardt,part-c-s2-urban-character,80,0.86,covered
leichhardt,part-c-s2-urban-character,81,0.68,covered
leichhardt,part-c-s2-urban-character,82,0.24,GAP
leichhardt,part-c-s2-urban-character,83,0.35,GAP
leichhardt,part-c-s2-urban-character,84,0.41,GAP
leichhardt,part-c-s2-urban-character,85,0.15,GAP
leichhardt,part-c-s2-urban-character,86,0.02,GAP
leichhardt,part-c-s2-urban-character,87,0.00,GAP
leichhardt,part-c-s2-urban-character,88,0.25,GAP
leichhardt,part-c-s2-urban-character,89,0.73,covered
leichhardt,part-c-s2-urban-character,90,0.13,GAP
leichhardt,part-c-s2-urban-character,91,0.79,covered
leichhardt,part-c-s2-urban-character,92,,figure/sparse
leichhardt,part-c-s2-urban-character,93,0.00,GAP
leichhardt,part-c-s2-urban-character,94,0.04,GAP
leichhardt,part-c-s2-urban-character,95,0.00,GAP
leichhardt,part-c-s2-urban-character,96,0.66,covered
leichhardt,part-c-s2-urban-character,97,0.60,covered
leichhardt,part-c-s2-urban-character,98,0.08,GAP
leichhardt,part-c-s2-urban-character,99,0.33,GAP
leichhardt,part-c-s2-urban-character,100,0.19,GAP
leichhardt,part-c-s2-urban-character,101,0.00,GAP
leichhardt,part-c-s2-urban-character,102,0.00,GAP
leichhardt,part-c-s2-urban-character,103,0.00,GAP
leichhardt,part-c-s2-urban-character,104,0.49,GAP
leichhardt,part-c-s2-urban-character,105,0.71,covered
leichhardt,part-c-s2-urban-character,106,0.06,GAP
leichhardt,part-c-s2-urban-character,107,0.06,GAP
leichhardt,part-c-s2-urban-character,108,0.13,GAP
leichhardt,part-c-s2-urban-character,109,0.00,GAP
leichhardt,part-c-s2-urban-character,110,0.00,GAP
leichhardt,part-c-s2-urban-character,111,0.51,covered
leichhardt,part-c-s2-urban-character,112,0.75,covered
leichhardt,part-c-s2-urban-character,113,0.07,GAP
leichhardt,part-c-s2-urban-character,114,0.38,GAP
leichhardt,part-c-s2-urban-character,115,0.06,GAP
leichhardt,part-c-s2-urban-character,116,0.02,GAP
leichhardt,part-c-s2-urban-character,117,0.48,GAP
leichhardt,part-c-s2-urban-character,118,0.09,GAP
leichhardt,part-c-s2-urban-character,119,0.63,covered
leichhardt,part-c-s2-urban-character,120,0.59,covered
leichhardt,part-c-s2-urban-character,121,0.08,GAP
leichhardt,part-c-s2-urban-character,122,0.19,GAP
leichhardt,part-c-s2-urban-character,123,0.05,GAP
leichhardt,part-c-s2-urban-character,124,0.05,GAP
leichhardt,part-c-s2-urban-character,125,0.16,GAP
leichhardt,part-c-s2-urban-character,126,0.39,GAP
leichhardt,part-c-s2-urban-character,127,0.37,GAP
leichhardt,part-c-s2-urban-character,128,0.28,GAP
leichhardt,part-c-s2-urban-character,129,0.38,GAP
leichhardt,part-c-s2-urban-character,130,0.30,GAP
leichhardt,part-c-s2-urban-character,131,0.28,GAP
leichhardt,part-c-s2-urban-character,132,0.00,GAP
leichhardt,part-c-s2-urban-character,133,0.00,GAP
leichhardt,part-c-s2-urban-character,134,0.50,covered
leichhardt,part-c-s2-urban-character,135,0.33,GAP
leichhardt,part-c-s2-urban-character,136,0.51,covered
leichhardt,part-c-s2-urban-character,137,0.24,GAP
leichhardt,part-c-s2-urban-character,138,0.68,covered
leichhardt,part-c-s2-urban-character,139,0.00,GAP
leichhardt,part-c-s2-urban-character,140,0.25,GAP
leichhardt,part-c-s2-urban-character,141,0.53,covered
leichhardt,part-c-s2-urban-character,142,0.32,GAP
leichhardt,part-c-s2-urban-character,143,0.00,GAP
leichhardt,part-c-s2-urban-character,144,0.00,GAP
leichhardt,part-c-s2-urban-character,145,0.27,GAP
leichhardt,part-c-s2-urban-character,146,0.30,GAP
leichhardt,part-c-s2-urban-character,147,0.32,GAP
leichhardt,part-c-s2-urban-character,148,0.76,covered
leichhardt,part-c-s2-urban-character,149,0.97,covered
leichhardt,part-c-s2-urban-character,150,0.36,GAP
leichhardt,part-c-s2-urban-character,151,0.33,GAP
leichhardt,part-c-s2-urban-character,152,0.45,GAP
leichhardt,part-c-s2-urban-character,153,0.55,covered
leichhardt,part-c-s2-urban-character,154,0.23,GAP
leichhardt,part-c-s2-urban-character,155,0.32,GAP
leichhardt,part-c-s2-urban-character,156,0.67,covered
leichhardt,part-c-s2-urban-character,157,0.14,GAP
leichhardt,part-c-s2-urban-character,158,0.74,covered
leichhardt,part-c-s2-urban-character,159,0.29,GAP
leichhardt,part-c-s2-urban-character,160,0.03,GAP
leichhardt,part-c-s2-urban-character,161,0.01,GAP
leichhardt,part-c-s2-urban-character,162,0.26,GAP
leichhardt,part-c-s2-urban-character,163,0.18,GAP
leichhardt,part-c-s2-urban-character,164,0.63,covered
leichhardt,part-c-s2-urban-character,165,0.00,GAP
leichhardt,part-c-s2-urban-character,166,0.27,GAP
leichhardt,part-c-s2-urban-character,167,0.31,GAP
leichhardt,part-c-s2-urban-character,168,0.00,GAP
leichhardt,part-c-s2-urban-character,169,0.17,GAP
leichhardt,part-c-s2-urban-character,170,0.33,GAP
leichhardt,part-c-s2-urban-character,171,0.21,GAP
leichhardt,part-c-s2-urban-character,172,0.20,GAP
leichhardt,part-c-s2-urban-character,173,0.66,covered
leichhardt,part-c-s2-urban-character,174,0.02,GAP
leichhardt,part-c-s2-urban-character,175,0.04,GAP
leichhardt,part-c-s2-urban-character,176,0.65,covered
leichhardt,part-c-s2-urban-character,177,0.20,GAP
leichhardt,part-c-s2-urban-character,178,0.31,GAP
leichhardt,part-c-s2-urban-character,179,0.15,GAP
leichhardt,part-c-s2-urban-character,180,0.31,GAP
leichhardt,part-c-s2-urban-character,181,0.22,GAP
leichhardt,part-c-s2-urban-character,182,0.19,GAP
leichhardt,part-c-s2-urban-character,183,0.57,covered
leichhardt,part-c-s2-urban-character,184,0.21,GAP
leichhardt,part-c-s2-urban-character,185,0.05,GAP
leichhardt,part-c-s2-urban-character,186,0.03,GAP
leichhardt,part-c-s2-urban-character,187,0.22,GAP
leichhardt,part-c-s2-urban-character,188,0.24,GAP
leichhardt,part-c-s2-urban-character,189,0.66,covered
leichhardt,part-c-s2-urban-character,190,0.23,GAP
leichhardt,part-c-s2-urban-character,191,0.39,GAP
leichhardt,part-c-s2-urban-character,192,0.45,GAP
leichhardt,part-c-s2-urban-character,193,0.09,GAP
leichhardt,part-c-s2-urban-character,194,0.03,GAP
leichhardt,part-c-s2-urban-character,195,0.02,GAP
leichhardt,part-c-s2-urban-character,196,0.19,GAP
leichhardt,part-c-s2-urban-character,197,0.21,GAP
leichhardt,part-c-s2-urban-character,198,0.00,GAP
leichhardt,part-c-s2-urban-character,199,0.37,GAP
leichhardt,part-c-s2-urban-character,200,0.00,GAP
leichhardt,part-c-s2-urban-character,201,0.00,GAP
leichhardt,part-c-s2-urban-character,202,0.06,GAP
leichhardt,part-c-s2-urban-character,203,0.68,covered
leichhardt,part-c-s2-urban-character,204,0.13,GAP
leichhardt,part-c-s2-urban-character,205,0.14,GAP
leichhardt,part-c-s2-urban-character,206,0.23,GAP
leichhardt,part-c-s2-urban-character,207,0.00,GAP
leichhardt,part-c-s2-urban-character,208,0.00,GAP
leichhardt,part-c-s2-urban-character,209,0.26,GAP
leichhardt,part-c-s2-urban-character,210,0.76,covered
leichhardt,part-c-s2-urban-character,211,0.00,GAP
leichhardt,part-c-s2-urban-character,212,0.03,GAP
leichhardt,part-c-s2-urban-character,213,0.64,covered
leichhardt,part-c-s2-urban-character,214,0.00,GAP
leichhardt,part-c-s2-urban-character,215,0.38,GAP
leichhardt,part-c-s2-urban-character,216,0.00,GAP
leichhardt,part-c-s2-urban-character,217,0.03,GAP
leichhardt,part-c-s2-urban-character,218,0.07,GAP
leichhardt,part-c-s2-urban-character,219,0.62,covered
leichhardt,part-c-s2-urban-character,220,0.13,GAP
leichhardt,part-c-s2-urban-character,221,0.36,GAP
leichhardt,part-c-s2-urban-character,222,0.42,GAP
leichhardt,part-c-s2-urban-character,223,0.32,GAP
leichhardt,part-c-s2-urban-character,224,0.64,covered
leichhardt,part-c-s2-urban-character,225,0.03,GAP
leichhardt,part-c-s2-urban-character,226,0.17,GAP
leichhardt,part-c-s2-urban-character,227,0.68,covered
leichhardt,part-c-s2-urban-character,228,0.00,GAP
leichhardt,part-c-s3-residential,1,0.00,GAP
leichhardt,part-c-s3-residential,2,,figure/sparse
leichhardt,part-c-s3-residential,3,0.41,GAP
leichhardt,part-c-s3-residential,4,0.97,covered
leichhardt,part-c-s3-residential,5,0.83,covered
leichhardt,part-c-s3-residential,6,0.87,covered
leichhardt,part-c-s3-residential,7,0.94,covered
leichhardt,part-c-s3-residential,8,0.83,covered
leichhardt,part-c-s3-residential,9,0.77,covered
leichhardt,part-c-s3-residential,10,0.93,covered
leichhardt,part-c-s3-residential,11,0.72,covered
leichhardt,part-c-s3-residential,12,0.00,GAP
leichhardt,part-c-s3-residential,13,0.76,covered
leichhardt,part-c-s3-residential,14,0.37,GAP
leichhardt,part-c-s3-residential,15,0.61,covered
leichhardt,part-c-s3-residential,16,0.66,covered
leichhardt,part-c-s3-residential,17,0.57,covered
leichhardt,part-c-s3-residential,18,0.61,covered
leichhardt,part-c-s3-residential,19,,figure/sparse
leichhardt,part-c-s3-residential,20,0.68,covered
leichhardt,part-c-s3-residential,21,0.32,GAP
leichhardt,part-c-s3-residential,22,0.58,covered
leichhardt,part-c-s3-residential,23,0.11,GAP
leichhardt,part-c-s3-residential,24,0.35,GAP
leichhardt,part-c-s3-residential,25,0.53,covered
leichhardt,part-c-s3-residential,26,0.72,covered
leichhardt,part-c-s3-residential,27,0.43,GAP
leichhardt,part-c-s3-residential,28,0.12,GAP
leichhardt,part-c-s3-residential,29,0.93,covered
leichhardt,part-c-s3-residential,30,0.90,covered
leichhardt,part-c-s3-residential,31,0.79,covered
leichhardt,part-c-s3-residential,32,0.83,covered
leichhardt,part-c-s3-residential,33,0.77,covered
leichhardt,part-c-s3-residential,34,0.83,covered
leichhardt,part-c-s4-non-residential,1,0.03,GAP
leichhardt,part-c-s4-non-residential,2,0.09,GAP
leichhardt,part-c-s4-non-residential,3,0.44,GAP
leichhardt,part-c-s4-non-residential,4,0.49,GAP
leichhardt,part-c-s4-non-residential,5,0.62,covered
leichhardt,part-c-s4-non-residential,6,,figure/sparse
leichhardt,part-c-s4-non-residential,7,0.53,covered
leichhardt,part-c-s4-non-residential,8,0.65,covered
leichhardt,part-c-s4-non-residential,9,0.89,covered
leichhardt,part-c-s4-non-residential,10,0.65,covered
leichhardt,part-c-s4-non-residential,11,0.66,covered
leichhardt,part-c-s4-non-residential,12,0.62,covered
leichhardt,part-c-s4-non-residential,13,0.45,GAP
leichhardt,part-c-s4-non-residential,14,0.72,covered
leichhardt,part-c-s4-non-residential,15,0.58,covered
leichhardt,part-c-s4-non-residential,16,0.77,covered
leichhardt,part-c-s4-non-residential,17,0.50,covered
leichhardt,part-c-s4-non-residential,18,0.78,covered
leichhardt,part-c-s4-non-residential,19,,figure/sparse
leichhardt,part-c-s4-non-residential,20,0.65,covered
leichhardt,part-c-s4-non-residential,21,0.87,covered
leichhardt,part-c-s4-non-residential,22,0.62,covered
leichhardt,part-c-s4-non-residential,23,0.85,covered
leichhardt,part-c-s4-non-residential,24,0.85,covered
leichhardt,part-c-s4-non-residential,25,0.78,covered
leichhardt,part-c-s4-non-residential,26,0.95,covered
leichhardt,part-c-s4-non-residential,27,0.91,covered
leichhardt,part-c-s4-non-residential,28,0.41,GAP
leichhardt,part-c-s4-non-residential,29,0.23,GAP
leichhardt,part-c-s4-non-residential,30,0.72,covered
leichhardt,part-c-s4-non-residential,31,0.77,covered
leichhardt,part-c-s4-non-residential,32,,figure/sparse
leichhardt,part-c-s4-non-residential,33,0.57,covered
leichhardt,part-c-s4-non-residential,34,0.95,covered
leichhardt,part-c-s4-non-residential,35,0.95,covered
leichhardt,part-c-s4-non-residential,36,0.75,covered
leichhardt,part-c-s4-non-residential,37,0.87,covered
leichhardt,part-c-s4-non-residential,38,0.86,covered
leichhardt,part-c-s4-non-residential,39,0.55,covered
leichhardt,part-c-s4-non-residential,40,0.77,covered
leichhardt,part-c-s4-non-residential,41,0.83,covered
leichhardt,part-c-s4-non-residential,42,0.69,covered
leichhardt,part-c-s4-non-residential,43,0.76,covered
leichhardt,part-c-s4-non-residential,44,0.37,GAP
leichhardt,part-c-s4-non-residential,45,0.87,covered
leichhardt,part-c-s4-non-residential,46,0.78,covered
leichhardt,part-c-s4-non-residential,47,0.78,covered
leichhardt,part-c-s4-non-residential,48,0.71,covered
leichhardt,part-c-s4-non-residential,49,0.93,covered
leichhardt,part-c-s4-non-residential,50,0.79,covered
leichhardt,part-c-s4-non-residential,51,0.75,covered
leichhardt,part-c-s4-non-residential,52,0.74,covered
leichhardt,part-c-s4-non-residential,53,0.24,GAP
leichhardt,part-c-s4-non-residential,54,0.73,covered
leichhardt,part-c-s4-non-residential,55,0.67,covered
leichhardt,part-c-s4-non-residential,56,0.71,covered
leichhardt,part-c-s4-non-residential,57,0.32,GAP
leichhardt,part-c-s5-entertainment-precincts,1,0.00,GAP
leichhardt,part-c-s5-entertainment-precincts,2,0.00,GAP
leichhardt,part-c-s5-entertainment-precincts,3,0.40,GAP
leichhardt,part-c-s5-entertainment-precincts,4,0.31,GAP
leichhardt,part-c-s5-entertainment-precincts,5,0.58,covered
leichhardt,part-c-s5-entertainment-precincts,6,0.89,covered
leichhardt,part-d-energy,1,,figure/sparse
leichhardt,part-d-energy,2,0.00,GAP
leichhardt,part-d-energy,3,0.27,GAP
leichhardt,part-d-energy,4,0.91,covered
leichhardt,part-d-energy,5,0.88,covered
leichhardt,part-d-energy,6,0.09,GAP
leichhardt,part-d-energy,7,0.89,covered
leichhardt,part-d-energy,8,0.70,covered
leichhardt,part-d-energy,9,0.85,covered
leichhardt,part-d-energy,10,0.89,covered
leichhardt,part-d-energy,11,0.77,covered
leichhardt,part-d-energy,12,0.77,covered
leichhardt,part-d-energy,13,0.86,covered
leichhardt,part-d-energy,14,0.82,covered
leichhardt,part-d-energy,15,0.79,covered
leichhardt,part-e-water,1,,figure/sparse
leichhardt,part-e-water,2,0.00,GAP
leichhardt,part-e-water,3,0.24,GAP
leichhardt,part-e-water,4,0.71,covered
leichhardt,part-e-water,5,0.64,covered
leichhardt,part-e-water,6,0.65,covered
leichhardt,part-e-water,7,0.00,GAP
leichhardt,part-e-water,8,0.00,GAP
leichhardt,part-e-water,9,0.01,GAP
leichhardt,part-e-water,10,0.00,GAP
leichhardt,part-e-water,11,0.00,GAP
leichhardt,part-e-water,12,0.00,GAP
leichhardt,part-e-water,13,0.82,covered
leichhardt,part-e-water,14,0.62,covered
leichhardt,part-e-water,15,0.56,covered
leichhardt,part-e-water,16,0.74,covered
leichhardt,part-e-water,17,0.87,covered
leichhardt,part-e-water,18,,figure/sparse
leichhardt,part-e-water,19,0.66,covered
leichhardt,part-e-water,20,0.86,covered
leichhardt,part-f-food,1,,figure/sparse
leichhardt,part-f-food,2,,figure/sparse
leichhardt,part-f-food,3,0.00,GAP
leichhardt,part-f-food,4,0.00,GAP
leichhardt,part-f-food,5,0.25,GAP
leichhardt,part-f-food,6,0.81,covered
leichhardt,part-f-food,7,0.98,covered
leichhardt,part-g-s1-site-specific,1,,figure/sparse
leichhardt,part-g-s1-site-specific,2,0.00,GAP
leichhardt,part-g-s1-site-specific,3,0.04,GAP
leichhardt,part-g-s1-site-specific,4,0.00,GAP
leichhardt,part-g-s1-site-specific,5,0.02,GAP
leichhardt,part-g-s1-site-specific,6,0.08,GAP
leichhardt,part-g-s1-site-specific,7,0.00,GAP
leichhardt,part-g-s1-site-specific,8,0.00,GAP
leichhardt,part-g-s1-site-specific,9,0.02,GAP
leichhardt,part-g-s1-site-specific,10,,figure/sparse
leichhardt,part-g-s1-site-specific,11,0.08,GAP
leichhardt,part-g-s1-site-specific,12,0.09,GAP
leichhardt,part-g-s1-site-specific,13,0.30,GAP
leichhardt,part-g-s1-site-specific,14,0.78,covered
leichhardt,part-g-s1-site-specific,15,0.68,covered
leichhardt,part-g-s1-site-specific,16,0.25,GAP
leichhardt,part-g-s1-site-specific,17,0.70,covered
leichhardt,part-g-s1-site-specific,18,0.56,covered
leichhardt,part-g-s1-site-specific,19,0.00,GAP
leichhardt,part-g-s1-site-specific,20,0.00,GAP
leichhardt,part-g-s1-site-specific,21,,figure/sparse
leichhardt,part-g-s1-site-specific,22,0.84,covered
leichhardt,part-g-s1-site-specific,23,0.90,covered
leichhardt,part-g-s1-site-specific,24,0.67,covered
leichhardt,part-g-s1-site-specific,25,0.85,covered
leichhardt,part-g-s1-site-specific,26,,figure/sparse
leichhardt,part-g-s1-site-specific,27,0.89,covered
leichhardt,part-g-s1-site-specific,28,0.83,covered
leichhardt,part-g-s1-site-specific,29,0.72,covered
leichhardt,part-g-s1-site-specific,30,0.65,covered
leichhardt,part-g-s1-site-specific,31,0.42,GAP
leichhardt,part-g-s1-site-specific,32,0.97,covered
leichhardt,part-g-s1-site-specific,33,0.73,covered
leichhardt,part-g-s1-site-specific,34,0.74,covered
leichhardt,part-g-s1-site-specific,35,0.74,covered
leichhardt,part-g-s1-site-specific,36,0.68,covered
leichhardt,part-g-s1-site-specific,37,0.72,covered
leichhardt,part-g-s1-site-specific,38,0.77,covered
leichhardt,part-g-s1-site-specific,39,0.72,covered
leichhardt,part-g-s1-site-specific,40,0.68,covered
leichhardt,part-g-s1-site-specific,41,0.72,covered
leichhardt,part-g-s1-site-specific,42,0.78,covered
leichhardt,part-g-s1-site-specific,43,0.75,covered
leichhardt,part-g-s1-site-specific,44,0.75,covered
leichhardt,part-g-s1-site-specific,45,,figure/sparse
leichhardt,part-g-s1-site-specific,46,,figure/sparse
leichhardt,part-g-s1-site-specific,47,,figure/sparse
leichhardt,part-g-s1-site-specific,48,,figure/sparse
leichhardt,part-g-s1-site-specific,49,,figure/sparse
leichhardt,part-g-s1-site-specific,50,,figure/sparse
leichhardt,part-g-s1-site-specific,51,,figure/sparse
leichhardt,part-g-s1-site-specific,52,,figure/sparse
leichhardt,part-g-s1-site-specific,53,,figure/sparse
leichhardt,part-g-s1-site-specific,54,,figure/sparse
leichhardt,part-g-s1-site-specific,55,,figure/sparse
leichhardt,part-g-s1-site-specific,56,,figure/sparse
leichhardt,part-g-s1-site-specific,57,,figure/sparse
leichhardt,part-g-s1-site-specific,58,,figure/sparse
leichhardt,part-g-s1-site-specific,59,,figure/sparse
leichhardt,part-g-s1-site-specific,60,,figure/sparse
leichhardt,part-g-s1-site-specific,61,,figure/sparse
leichhardt,part-g-s1-site-specific,62,,figure/sparse
leichhardt,part-g-s1-site-specific,63,,figure/sparse
leichhardt,part-g-s1-site-specific,64,,figure/sparse
leichhardt,part-g-s1-site-specific,65,0.13,GAP
leichhardt,part-g-s1-site-specific,66,0.72,covered
leichhardt,part-g-s1-site-specific,67,0.71,covered
leichhardt,part-g-s1-site-specific,68,0.74,covered
leichhardt,part-g-s1-site-specific,69,0.66,covered
leichhardt,part-g-s1-site-specific,70,0.66,covered
leichhardt,part-g-s1-site-specific,71,0.71,covered
leichhardt,part-g-s1-site-specific,72,0.60,covered
leichhardt,part-g-s1-site-specific,73,0.78,covered
leichhardt,part-g-s1-site-specific,74,0.73,covered
leichhardt,part-g-s1-site-specific,75,,figure/sparse
leichhardt,part-g-s1-site-specific,76,,figure/sparse
leichhardt,part-g-s1-site-specific,77,,figure/sparse
leichhardt,part-g-s1-site-specific,78,,figure/sparse
leichhardt,part-g-s1-site-specific,79,,figure/sparse
leichhardt,part-g-s1-site-specific,80,,figure/sparse
leichhardt,part-g-s1-site-specific,81,,figure/sparse
leichhardt,part-g-s1-site-specific,82,,figure/sparse
leichhardt,part-g-s1-site-specific,83,,figure/sparse
leichhardt,part-g-s1-site-specific,84,,figure/sparse
leichhardt,part-g-s1-site-specific,85,,figure/sparse
leichhardt,part-g-s1-site-specific,86,,figure/sparse
leichhardt,part-g-s1-site-specific,87,,figure/sparse
leichhardt,part-g-s1-site-specific,88,,figure/sparse
leichhardt,part-g-s1-site-specific,89,,figure/sparse
leichhardt,part-g-s1-site-specific,90,,figure/sparse
leichhardt,part-g-s1-site-specific,91,0.27,GAP
leichhardt,part-g-s1-site-specific,92,0.27,GAP
leichhardt,part-g-s1-site-specific,93,0.64,covered
leichhardt,part-g-s1-site-specific,94,0.58,covered
leichhardt,part-g-s1-site-specific,95,0.33,GAP
leichhardt,part-g-s1-site-specific,96,0.72,covered
leichhardt,part-g-s1-site-specific,97,0.71,covered
leichhardt,part-g-s1-site-specific,98,0.67,covered
leichhardt,part-g-s1-site-specific,99,0.64,covered
leichhardt,part-g-s1-site-specific,100,0.68,covered
leichhardt,part-g-s1-site-specific,101,0.76,covered
leichhardt,part-g-s1-site-specific,102,0.62,covered
leichhardt,part-g-s1-site-specific,103,0.64,covered
leichhardt,part-g-s1-site-specific,104,0.61,covered
leichhardt,part-g-s1-site-specific,105,0.20,GAP
leichhardt,part-g-s1-site-specific,106,0.61,covered
leichhardt,part-g-s1-site-specific,107,0.63,covered
leichhardt,part-g-s1-site-specific,108,0.73,covered
leichhardt,part-g-s1-site-specific,109,,figure/sparse
leichhardt,part-g-s1-site-specific,110,0.19,GAP
leichhardt,part-g-s1-site-specific,111,0.70,covered
leichhardt,part-g-s1-site-specific,112,0.76,covered
leichhardt,part-g-s1-site-specific,113,0.64,covered
leichhardt,part-g-s1-site-specific,114,0.69,covered
leichhardt,part-g-s1-site-specific,115,0.67,covered
leichhardt,part-g-s1-site-specific,116,0.08,GAP
leichhardt,part-g-s1-site-specific,117,0.59,covered
leichhardt,part-g-s1-site-specific,118,0.64,covered
leichhardt,part-g-s1-site-specific,119,0.00,GAP
leichhardt,part-g-s1-site-specific,120,0.69,covered
leichhardt,part-g-s1-site-specific,121,0.67,covered
leichhardt,part-g-s1-site-specific,122,0.65,covered
leichhardt,part-g-s1-site-specific,123,0.63,covered
leichhardt,part-g-s1-site-specific,124,0.65,covered
leichhardt,part-g-s1-site-specific,125,0.44,GAP
leichhardt,part-g-s1-site-specific,126,0.69,covered
leichhardt,part-g-s1-site-specific,127,,figure/sparse
leichhardt,part-g-s1-site-specific,128,,figure/sparse
leichhardt,part-g-s1-site-specific,129,0.65,covered
leichhardt,part-g-s1-site-specific,130,0.67,covered
leichhardt,part-g-s1-site-specific,131,0.77,covered
leichhardt,part-g-s1-site-specific,132,0.84,covered
leichhardt,part-g-s1-site-specific,133,0.68,covered
leichhardt,part-g-s1-site-specific,134,0.74,covered
leichhardt,part-g-s1-site-specific,135,0.68,covered
leichhardt,part-g-s1-site-specific,136,0.61,covered
leichhardt,part-g-s1-site-specific,137,0.69,covered
leichhardt,part-g-s1-site-specific,138,0.75,covered
leichhardt,part-g-s1-site-specific,139,0.08,GAP
leichhardt,part-g-s1-site-specific,140,0.47,GAP
leichhardt,part-g-s1-site-specific,141,0.76,covered
leichhardt,part-g-s1-site-specific,142,0.84,covered
leichhardt,part-g-s1-site-specific,143,,figure/sparse
leichhardt,part-g-s1-site-specific,144,,figure/sparse
leichhardt,part-g-s1-site-specific,145,0.69,covered
leichhardt,part-g-s1-site-specific,146,0.76,covered
leichhardt,part-g-s1-site-specific,147,0.65,covered
leichhardt,part-g-s1-site-specific,148,0.79,covered
leichhardt,part-g-s1-site-specific,149,0.73,covered
leichhardt,tree-management-technical-manual,1,,figure/sparse
leichhardt,tree-management-technical-manual,2,0.04,GAP
leichhardt,tree-management-technical-manual,3,0.02,GAP
leichhardt,tree-management-technical-manual,4,0.91,covered
leichhardt,tree-management-technical-manual,5,0.83,covered
leichhardt,tree-management-technical-manual,6,0.85,covered
leichhardt,tree-management-technical-manual,7,0.83,covered
leichhardt,tree-management-technical-manual,8,0.86,covered
leichhardt,tree-management-technical-manual,9,0.93,covered
leichhardt,tree-management-technical-manual,10,0.92,covered
leichhardt,tree-management-technical-manual,11,0.91,covered
leichhardt,tree-management-technical-manual,12,0.85,covered
leichhardt,tree-management-technical-manual,13,0.90,covered
leichhardt,tree-management-technical-manual,14,0.89,covered
leichhardt,tree-management-technical-manual,15,0.75,covered
leichhardt,tree-management-technical-manual,16,0.86,covered
leichhardt,tree-management-technical-manual,17,0.88,covered
leichhardt,tree-management-technical-manual,18,0.85,covered
leichhardt,tree-management-technical-manual,19,0.85,covered
leichhardt,tree-management-technical-manual,20,0.89,covered
leichhardt,tree-management-technical-manual,21,0.91,covered
leichhardt,tree-management-technical-manual,22,0.87,covered
leichhardt,tree-management-technical-manual,23,,figure/sparse
leichhardt,tree-management-technical-manual,24,0.80,covered
leichhardt,tree-management-technical-manual,25,0.01,GAP
leichhardt,tree-management-technical-manual,26,0.00,GAP
leichhardt,tree-management-technical-manual,27,0.00,GAP
leichhardt,tree-management-technical-manual,28,0.00,GAP
leichhardt,tree-management-technical-manual,29,0.00,GAP
leichhardt,tree-management-technical-manual,30,0.04,GAP
leichhardt,tree-management-technical-manual,31,0.00,GAP
leichhardt,tree-management-technical-manual,32,0.08,GAP
leichhardt,tree-management-technical-manual,33,0.01,GAP
leichhardt,tree-management-technical-manual,34,0.07,GAP
leichhardt,tree-management-technical-manual,35,0.01,GAP
